老磊,家阿贸府樊(沛/老),ph,bod,cod,ss,tn,tp
20260911,59878,null,null,null,null,null,0
20260910,60640,null,null,null,null,null,0
20260909,62839,null,null,null,null,null,0
20260908,61814,6.8,4.6,4.8,3.2,8.140,0.692
20260907,61830,6.9,8.8,5.5,2.9,7.683,0.686
20260906,60770,6.9,6.3,5.1,3.0,7.911,0.756
20260905,60630,6.9,7.7,5.2,2.9,8.331,0.807
20260904,59722,6.9,4.3,5.2,3.1,8.502,0.846
20260903,62564,6.9,3.6,5,2.6,2.883,0.733
20260902,62233,6.8,8.9,4.4,2.3,3.762,0.5990
20260901,63502,6.8,5.1,4.3,2.5,1.720,0.564
20260831,62450,6.8,9.0,5.0,2.5,2.456,.463
20260830,60276,6.7,9.1,4.2,2.2,2.635,0.391
20260829,75580,6.5,8.8,3.4,2.2,0.883,0.453
20260828,68976,6.8,5.5,4.9,0.7,6.103,0.779
20260827,60882,6.9,2.6,4.9,0.7,6.103,0.779
20260826,61231,6.8,7.1,4.9,0.7,6.103,0.779
20260825,61131,6.8,3.0,4.9,0.7,6.103,0.779
20260824,60274,6.8,9.0,4.9,0.7,6.103,0.779
20260823,59589,6.8,4.5,4.9,0.7,6.103,0.779
20260822,59738,6.7,5.5,4.2,0.4,5.765,0.663
20260821,60231,6.7,6.6,3.6,0.3,5.437,0.503
20260820,60391,6.7,3.8,3.3,0.3,4.094,0.421
20260819,61549,6.8,7.7,3.5,0.4,4.274,0.4010
20260818,78117,6.6,4.7,3.2,0.0,3.547,0.378
20260817,77672,6.3,9.0,3.1,0.0,3.376,0.594
20260816,69418,6.9,8.0,7.7,3.5,8.902,0.855
20260815,56207,6.9,6.8,5.5,0.0,3.547,0.91
20260814,56116,6.9,5.3,5.4,2.1,7.905,0.835
20260813,57508,6.9,5.6,5.2,3.0,8.027,0
20260812,58153,6.9,8.7,5.0,3.1,9.980,00
20260811,58839,6.9,6.1,5.4,3.7,9.674,0.706
20260810,58606,6.9,9.1,5.8,5.0,10.893,0.707
20260809,57735,6.8,9.0,5.2,4.1,10.893,0.743
20260808,56435,6.9,5.2,5.7,5.1,10.893,0.9
20260807,56783,6.9,4.4,5.6,4.4,9.664,0.799
20260806,55808,6.9,4.9,8.4,5.0,10.971,0.715
20260805,56919,6.9,5.9,7.6,4.9,10.512,0.751
20260804,57949,6.9,8.2,7.4,4.7,11.163,0.7
20260803,59727,6.9,8.9,7.7,5.0,9.632,0.681
20260802,57624,6.9,5.2,8.5,4.6,7.368,0.648
20260801,58711,6.9,3.5,8.1,4.0,8.430,0.6520
20260731,56715,6.8,8.2,8.1,4.2,9.069,0.693
20260730,56305,6.9,8.9,7.5,4.0,10.360,0.758
20260729,54102,6.9,8.1,7.9,5.0,10.706,0.876
20260728,56974,6.8,7.8,7.4,3.7,9.408,0.783
20260727,55500,6.8,8.9,9.1,3.6,8.388,0.886
20260726,53950,6.9,5.9,8.8,4.1,9.869,1.106
20260725,53198,6.8,4.6,9.1,5.5,10.703,0.97
20260724,57212,6.9,8.1,8.2,4.2,10.436,0.747
20260723,56559,6.9,7.6,8.9,4.7,11.643,1.001
20260722,57709,6.8,8.8,7.7,4.0,7.501,0.7650
20260721,57166,6.8,7.7,7.6,4.7,7.447,0.667
20260720,57554,6.9,8.8,7.7,5.6,9.142,0.897
20260719,57995,6.9,5.9,7.2,6.0,8.200,0.849
20260718,60206,6.9,6.1,7.3,4.9,8.436,0.692
20260717,59134,6.9,6.0,6.8,4.8,8.436,0.659
20260716,61150,6.9,5.5,7,4.7,8.457,1.024
20260715,60827,6.9,5.3,6.7,4.7,7.882,0.747
20260714,61225,6.9,4.5,6.7,4.4,7.712,0.652
20260713,58928,6.9,8.8,6.9,4.9,7.995,1.114
20260712,59362,6.9,8.5,6.5,4.2,8.101,1.067
20260711,60601,6.8,5.1,6.3,4.0,7.628,0.891
20260710,59598,6.8,6.9,6.4,3.6,8.146,0.828
20260709,56754,6.7,6.4,6.3,4.0,8.898,0.606
20260708,57138,6.8,8.2,8.2,3.7,10.686,0.606
20260707,61844,6.8,3.8,13.7,3.7,10.018,0.693
20260706,62147,6.8,9.0,7.7,3.2,8.789,0.8210
20260705,60059,6.8,5.6,7.2,3.7,8.599,0.723
20260704,62909,6.8,5.1,7.3,3.7,8.599,0.638
20260703,63144,6.8,6.5,6.8,3.0,7.528,0.529
20260702,60432,6.7,5.7,5.9,2.9,6.334,0.470
20260701,70133,6.7,6.6,7.5,4.5,9.349,0.6880
20260630,61945,null,5.9,null,3.6,8.202,0
20260629,59564,null,9.0,null,3.6,13.323,0
20260628,60881,null,4.0,null,4.0,13.323,0
20260627,60323,null,7.8,null,3.4,13.323,0
20260626,62892,null,5.5,null,3.6,5.764,0
20260625,58985,null,6.8,null,2.9,2.256,0
20260624,60589,null,7.8,null,2.8,2.332,0
20260623,58247,null,6.3,null,2.7,1.580,0
20260622,68436,null,9.0,null,2.8,10.152,0
20260621,66828,null,9.0,null,2.6,8.015,0
20260620,68956,null,8.9,null,2.6,7.308,0
20260619,59616,null,9.2,null,3.3,8.694,0
20260618,59294,null,9.1,null,3.0,10.287,0
20260617,58176,null,9.1,null,3.0,9.441,0
20260616,58117,null,9.0,null,3.2,10.078,0
20260615,58171,null,9.1,null,3.6,10.617,0
20260614,58125,null,8.9,null,3.4,11.757,0
20260613,58581,null,8.8,null,2.9,10.683,0
20260612,59275,null,9.1,null,2.7,10.230,0
20260611,55575,null,9.1,null,2.3,7.417,0
20260610,56996,null,9.1,null,2.2,8.004,0
20260609,54060,null,9.1,null,2.3,7.305,0
20260608,55770,null,8.9,null,2.4,1.557,0
20260607,55643,null,9.1,null,2.4,0.999,0
20260606,58567,null,9.2,null,2.7,3.544,0
20260605,60958,null,9.2,null,2.4,2.746,0
20260604,59463,null,9.1,null,2.3,4.291,0
20260603,58925,null,7.7,null,2.3,3.347,0
20260602,70435,null,9.1,null,2.7,4.860,0
20260601,58950,null,9.1,null,2.7,4.860,0
20260531,59656,null,9.0,null,3.4,8.572,0
20260530,61312,null,9.1,null,3.7,8.572,0
20260529,62823,null,9.0,null,3.1,8.361,0
20260528,66118,null,9.0,null,2.6,6.705,0
20260527,72860,null,9.1,null,2.5,5.877,0
20260526,61377,null,9.1,null,3.1,7.280,0
20260525,56917,null,8.8,null,2.8,6.739,0
20260524,57244,null,9.0,null,2.6,7.517,0
20260523,59188,null,8.9,null,2.6,6.502,0
20260522,59934,null,9.1,null,2.6,6.247,0
20260521,64289,null,9.1,null,5.9,6.326,0
20260520,59370,null,9.0,null,4.1,8.348,0
20260519,58947,null,9.0,null,3.5,8.945,0
20260518,56800,null,8.5,null,2.9,8.945,0
20260517,55557,null,6.7,null,2.8,9.966,0
20260516,56513,null,9.2,null,3.0,10.151,0
20260515,56880,null,9.0,null,4.3,12.027,0
20260514,59300,null,8.8,null,3.5,5.300,0
20260513,58525,null,8.1,null,3.0,4.095,0
20260512,57909,null,8.9,null,2.8,4.224,0
20260511,58427,null,8.9,null,3.6,7.815,0
20260510,57945,null,5.0,null,3.6,7.345,0
20260509,58319,null,8.0,null,2.5,7.738,0
20260508,58415,null,8.9,null,2.6,8.525,0
20260507,58373,null,8.7,null,2.5,11.386,0
20260506,59574,null,8.6,null,2.4,9.514,0
20260505,59118,null,8.9,null,2.5,9.985,0
20260504,56530,null,9.1,null,2.6,8.721,0
20260503,63230,null,7.1,null,2.9,12.627,0
20260502,61299,null,9.0,null,3.2,11.236,0
20260501,64569,null,7.8,null,3.0,10.276,0
20260430,61593,null,9.1,null,3.3,11.218,0
20260429,64461,null,8.7,null,3.5,11.654,0
20260428,60524,null,9.0,null,2.4,7.469,0
20260427,60137,null,8.9,null,2.5,8.433,0
20260426,57314,null,6.1,null,2.3,9.036,0
20260425,58330,null,9.3,null,2.2,8.881,0
20260424,60992,null,8.8,null,2.4,9.891,0
20260423,64050,null,9.0,null,2.9,9.812,0
20260422,58919,null,8.8,null,2.9,9.369,0
20260421,60726,null,8.8,null,2.6,9.220,0
20260420,60511,null,7.3,null,2.7,10.008,0
20260419,62045,null,5.9,null,2.5,8.856,0
20260418,67344,null,8.9,null,2.2,9.523,0
20260417,60865,null,9.2,null,2.9,10.251,0
20260416,63619,null,9.1,null,2.6,6.417,0
20260415,62193,null,8.0,null,2.1,5.425,0
20260414,59574,null,9.0,null,2.0,5.120,0
20260413,62100,null,8.9,null,1.9,6.147,0
20260412,61551,null,7.4,null,1.7,5.447,0
20260411,68814,null,8.9,null,1.5,8.439,0
20260410,72078,null,8.8,null,1.7,6.062,0
20260409,69305,null,8.9,null,2.5,9.913,0
20260408,61451,null,9.0,null,2.3,11.360,0
20260407,58312,null,9.0,null,2.0,10.436,0
20260406,58192,null,8.9,null,2.0,6.582,0
20260405,50991,null,8.7,null,2.0,5.570,0
20260404,74183,null,9.0,null,2.8,8.329,0
20260403,56304,null,9.2,null,2.9,8.360,0
20260402,57049,null,9.0,null,3.1,10.944,0
20260401,58140,null,8.9,null,2.5,9.021,0
20260331,65621,null,9.1,null,2.6,6.335,0
20260330,59542,null,9.1,null,2.6,8.161,0
20260329,57695,null,8.4,null,2.8,9.025,0
20260328,57262,null,8.7,null,2.9,8.791,0
20260327,56872,null,9.1,null,2.6,8.412,0
20260326,57212,null,9.1,null,2.8,7.856,0
20260325,58623,null,8.7,null,3.0,8.792,0
20260324,58424,null,8.9,null,3.5,8.626,0
20260323,57277,null,8.9,null,3.7,10.155,0
20260322,49359,null,8.5,null,3.4,10.270,0
20260321,53575,null,7.4,null,3.8,9.350,0
20260320,55550,null,9.1,null,3.7,11.236,0
20260319,50337,null,8.9,null,3.4,11.222,0
20260318,52168,null,9.1,null,3.0,10.752,0
20260317,53114,null,9.0,null,4.3,10.439,0
20260316,53056,null,9.0,null,2.4,9.722,0
20260315,49787,null,8.9,null,2.5,10.721,0
20260314,51991,null,6.2,null,2.4,10.333,0
20260313,52696,null,8.9,null,2.6,10.533,0
20260312,53437,null,8.9,null,2.4,10.317,0
20260311,55917,null,9.1,null,2.1,9.043,0
20260310,54153,null,8.9,null,2.0,9.140,0
20260309,52461,null,7.5,null,2.2,8.112,0
20260308,51756,null,9.0,null,2.2,9.474,0
20260307,52652,null,9.0,null,2.0,9.191,0
20260306,55688,null,8.7,null,2.2,9.356,0
20260305,55696,null,8.7,null,1.3,8.245,0
20260304,56736,null,9.1,null,1.2,7.915,0
20260303,58611,null,7.1,null,1.8,6.536,0
20260302,56005,null,9.1,null,1.3,9.530,0
20260301,55929,null,9.5,null,1.5,9.103,0
20260228,57656,null,8.7,null,1.5,9.717,0
20260227,61364,null,8.7,null,1.5,9.717,0
20260226,56815,null,9.2,null,1.1,8.499,0
20260225,54640,null,8.7,null,1.2,6.386,0
20260224,61181,null,8.3,null,1.9,9.597,0
20260223,52833,null,8.1,null,2.1,9.013,0
20260222,54730,null,8.7,null,1.9,10.317,0
20260221,53185,null,5.8,null,2.0,9.446,0
20260220,51312,null,8.9,null,4.3,8.945,0
20260219,53636,null,9.2,null,2.8,9.303,0
20260218,52169,null,6.4,null,1.8,9.236,0
20260217,59826,null,9.0,null,2.0,9.068,0
20260216,58632,null,8.8,null,2.5,10.052,0
20260215,55066,null,8.9,null,2.0,9.113,0
20260214,56145,null,8.0,null,1.6,8.593,0
20260213,58947,null,8.6,null,1.6,8.497,0
20260212,57739,null,8.9,null,1.8,9.174,0
20260211,55764,null,8.4,null,2.1,9.676,0
20260210,53451,null,8.7,null,1.4,9.256,0
20260209,55175,null,8.9,null,3.4,8.801,0
20260208,51629,null,9.2,null,4.1,9.125,0
20260207,57555,null,3.5,null,2.4,8.147,0
20260206,57942,null,8.1,null,2.5,9.039,0
20260205,58652,null,9.0,null,2.8,8.379,0
20260204,56196,null,8.9,null,2.8,8.010,0
20260203,55355,null,7.2,null,1.9,8.221,0
20260202,58740,null,7.9,null,2.3,8.830,0
20260201,49846,null,9.1,null,1.9,9.152,0
20260131,53192,null,8.0,null,1.7,9.319,0
20260130,53410,6.5,8.8,8,3.0,9.957,0
20260129,55781,6.5,8.9,7.5,2.2,9.823,0.508
20260128,54813,6.6,8.9,7.6,1.9,9.975,0.497
20260127,51531,6.6,8.0,7.2,3.1,9.468,0.427
20260126,58432,6.6,8.5,7.2,2.7,8.523,0
20260125,62485,6.6,9.2,7.1,2.1,9.181,0.466
20260124,54658,6.6,8.3,7.6,3.3,9.290,0.529
20260123,55806,6.7,9.1,7.6,3.7,9.700,0.541
20260122,55412,6.6,8.9,8,3.7,10.829,0.692
20260121,51725,6.6,8.5,8.1,5.5,9.893,0.622
20260120,52992,6.6,9.0,7.7,4.2,10.123,0.626
20260119,59666,6.6,5.7,7.9,4.2,9.998,0
20260118,58495,6.6,8.8,7.6,4.3,10.283,0.585
20260117,54561,6.6,6.1,7.1,2.8,8.686,0.598
20260116,57932,6.6,9.0,6.8,4.1,8.960,0.574
20260115,53709,6.6,8.9,6.9,3.7,8.137,0.581
20260114,51204,6.6,9.1,7.7,3.1,9.757,0.649
20260113,53399,6.6,7.3,6.9,3.3,8.444,0
20260112,57235,6.6,9.0,6.8,3.2,8.911,0.575
20260111,51328,6.6,7.7,7.1,2.9,8.389,0.614
20260110,53330,6.6,7.3,6.9,2.9,8.150,0.573
20260109,54866,6.6,8.9,7.2,3.4,7.165,0.587
20260108,51966,6.7,9.1,6.8,2.8,8.206,0.672
20260107,51852,6.7,8.8,7.1,3.4,9.347,0.636
20260106,55516,6.7,7.4,8.5,3.9,10.513,0.715
20260105,54599,6.7,7.9,7.5,3.9,10.270,0.684
20260104,52836,6.7,8.6,7.5,3.3,11.039,0.754
20260103,50899,6.6,5.0,7.3,3.4,9.965,0.695
20260102,55934,6.6,6.0,6.6,2.8,8.662,0.592
20260101,51338,6.6,9.1,6.9,2.8,9.397,0.689
20251231,52169,6.6,9.1,6.7,2.8,8.908,0.684
20251230,52519,6.6,8.8,6.7,3.1,9.506,0.687
20251229,52222,6.6,8.7,6.7,2.9,10.267,0.62
20251228,51636,6.6,8.7,6.9,3.0,10.425,0.611
20251227,51644,6.6,8.8,7.3,4.0,9.965,0.648
20251226,52223,6.6,9.2,0.3,4.3,9.746,0.721
20251225,53645,6.6,8.9,8,4.0,9.514,0.653
20251224,61699,6.6,8.7,7.5,3.0,10.463,0.738
20251223,53740,6.6,7.1,7.3,2.9,10.133,0.663
20251222,54752,6.6,8.9,7,3.7,10.256,0.633
20251221,53909,6.6,8.9,7.3,3.4,11.583,0.699
20251220,53215,6.7,5.3,0.7,4.7,11.583,0.809
20251219,51760,6.6,8.2,6.3,5.8,11.623,0.654
20251218,55626,6.5,7.2,6.1,3.7,10.543,0.607
20251217,56664,6.6,6.5,6.3,4.0,10.927,0
20251216,55825,6.5,8.3,6.3,3.2,10.203,0.712
20251215,51093,6.5,8.9,5.8,2.6,10.362,0.617
20251214,49509,6.5,8.9,6.2,2.9,10.717,0.677
20251213,49795,6.5,4.0,6,3.1,9.506,0.657
20251212,53046,6.5,6.4,7.7,2.5,7.435,0.568
20251211,51872,6.5,5.9,7.6,3.1,7.658,0.573
20251210,53225,6.5,8.9,7.5,2.7,7.720,0.541
20251209,55012,6.5,5.3,7.1,3.3,6.898,0.523
20251208,64020,6.6,7.2,7.6,3.6,9.339,0.502
20251207,66993,6.6,8.5,7.5,3.2,9.212,0.485
20251206,73492,6.6,8.4,8.1,4.5,7.198,0.62
20251205,60465,6.6,5.6,7.6,3.9,6.367,0.657
20251204,59725,6.5,4.4,7.2,3.4,7.320,0.604
20251203,60930,6.4,7.9,7,3.8,5.776,0.560
20251202,65403,6.9,6.1,6.8,4.1,7.972,0.605
20251201,62677,6.5,7.5,7,3.1,8.224,0.615
20251130,56633,6.5,4.5,6.5,2.7,8.273,0.568
20251129,62389,6.5,7.8,6.3,2.6,7.196,0.556
20251128,63398,6.5,7.5,6.7,3.1,8.726,0.593
20251127,62873,6.8,5.6,6.5,1.9,8.461,0.569
20251126,84128,6.5,7.0,6.3,1.8,7.235,0.521
20251125,81116,6.5,5.7,6.4,1.8,7.870,0.525
20251124,80447,6.6,5.3,7,1.5,9.641,0.507
20251123,73919,6.6,5.8,6.5,1.4,9.379,0.53
20251122,83322,6.5,3.1,6.3,1.1,8.321,0.515
20251121,83130,6.5,4.0,6.4,1.5,8.440,0.513
20251120,77803,6.6,3.8,6.5,2.1,8.672,0.675
20251119,65267,6.5,5.6,6.1,1.5,6.832,0.846
20251118,64523,6.5,4.1,5.7,1.3,6.420,0.661
20251117,64611,6.5,4.7,5.6,1.0,6.875,0.63
20251116,64890,6.5,2.2,5.8,1.2,6.650,0.621
20251115,68881,6.4,2.6,5.6,0.9,6.199,0.628
20251114,67927,6.4,3.4,5.5,0.9,5.943,0.618
20251113,69196,6.5,6.1,5.7,0.9,5.227,0.312
20251112,70845,6.4,6.0,5.2,0.8,4.897,0.268
20251111,72933,6.4,5.1,5,0.6,4.645,0.228
20251110,70474,6.4,5.4,4.8,1.5,4.302,0
20251109,76657,6.3,5.3,4.2,1.8,0.452,0.395
20251108,68971,6.5,5.0,5.7,2.3,6.571,0.002
20251107,69366,6.6,6.2,5.8,2.5,6.563,0.476
20251106,72060,6.5,4.2,5.2,1.1,9.140,0.488
20251105,77387,6.4,5.2,5,1.0,8.185,0.471
20251104,73345,6.4,4.8,5,0.9,7.417,0.508
20251103,71683,6.4,5.7,4.8,0.9,7.293,0.348
20251102,62756,6.4,4.0,4.6,0.8,7.959,0.375
20251101,61545,6.4,3.9,4.7,0.7,7.873,0.612
20251031,59673,6.4,5.0,4.8,0.6,7.503,0
20251030,64255,6.4,3.2,5.5,0.6,7.869,0.696
20251029,68286,6.5,4.3,5.5,0.8,8.939,0.711
20251028,69639,6.3,3.9,5,1.0,7.594,0.613
20251027,69488,6.5,3.6,5.5,2.0,9.771,0.707
20251026,71705,6.5,2.8,5.1,1.7,9.196,0.618
20251025,76503,6.4,5.1,4.5,1.0,8.435,0.6
20251024,78001,6.5,3.7,4.8,1.3,9.651,0.614
20251023,75550,6.5,3.5,4.9,1.4,9.383,0.655
20251022,73768,6.5,2.9,4.9,1.5,9.702,0.66
20251021,77516,6.5,3.4,4.9,2.5,8.687,0.688
20251020,66270,6.5,3.1,4.8,1.7,8.522,0.634
20251019,69268,6.5,3.5,4.2,1.1,9.227,0.639
20251018,75846,6.4,3.9,3.8,1.1,6.168,0.722
20251017,67615,6.4,3.6,4,1.2,6.691,0.647
20251016,71072,6.5,3.2,4.3,1.0,9.115,0.736
20251015,65840,6.4,4.1,4.2,1.1,7.868,0.675
20251014,66845,6.5,3.3,4.3,1.6,8.580,0.771
20251013,63458,6.5,2.6,4.5,1.7,7.875,0.119
20251012,62239,6.5,1.5,4.5,1.2,8.628,0.69
20251011,64026,6.6,3.0,4.4,1.3,8.603,0.718
20251010,64279,6.6,2.0,4.8,1.1,9.406,0.724
20251009,61260,6.6,3.6,4.5,1.0,9.323,0.719
20251008,60483,6.6,4.6,4.5,0.8,10.065,0.733
20251007,61434,6.5,6.5,4.6,0.8,9.139,0.652
20251006,63428,6.5,4.2,4.5,0.6,7.965,0.633
20251005,63368,6.4,5.5,4.2,0.3,6.602,0.542
20251004,64269,6.2,5.7,3,0.4,4.142,0.471
20251003,73204,6.5,5.6,5.6,2.2,9.220,0.757
20251002,61194,6.6,6.1,6.7,1.8,9.593,0.918
20251001,60637,6.5,5.6,4.6,1.5,9.281,0.714
20250930,62310,6.5,5.7,4.7,1.5,8.737,0.6910
20250929,62323,6.5,4.2,5.1,1.3,10.105,0.731
20250928,59520,6.6,3.4,4.9,1.4,10.400,0.821
20250927,61008,6.6,6.4,4.8,1.3,10.172,0.858
20250926,61865,7,7.7,5.1,2.8,11.273,0.656
20250925,62449,7,7.6,4.6,2.8,11.273,0.656
20250924,60806,7,6.6,4.5,2.8,11.273,0.656
20250923,63099,7,6.4,5,2.8,11.273,0.656
20250922,62147,7.1,3.6,4.5,2.8,11.273,0.656
20250921,61564,7.1,3.6,4.5,3.0,11.103,0.647
20250920,57803,7.1,4.0,4.9,3.1,12.036,0.981
20250919,57746,7,6.9,4.9,1.6,11.887,0.773
20250918,66264,6.9,4.9,4.7,1.4,9.409,0.857
20250917,64642,6.9,4.9,4.7,1.2,9.988,0.873
20250916,64309,7,4.7,5.5,1.8,9.986,0.796
20250915,64993,7,4.5,4.4,2.9,8.737,0.637
20250914,66749,7,5.2,4.4,2.7,9.233,0.578
20250913,63811,7.1,3.8,5.9,4.5,11.225,0.955
20250912,61548,7.1,4.3,5.4,4.1,10.700,0.8
20250911,66093,7.2,4.1,6.1,3.4,10.397,0.788
20250910,66270,7.1,4.9,5.9,2.9,9.683,0.728
20250909,66789,7,3.3,5.8,3.2,9.984,0.67
20250908,66091,7,5.5,6,2.9,10.020,0.699
20250907,63958,7.1,4.7,4.7,3.5,10.158,0.861
20250906,63317,7,3.7,5.7,2.9,9.241,0.901
20250905,62906,6.9,4.7,5.4,2.2,9.524,0.808
20250904,64719,6.9,3.2,5.9,1.9,9.017,0.759
20250903,64116,6.9,4.5,5.3,2.2,8.662,0.735
20250902,66979,6.9,4.1,5.5,2.2,8.156,0.744
20250901,65233,6.9,4.1,5.5,2.3,10.159,0.7410
20250831,64171,6.9,5.0,5.4,2.5,9.819,0.760
20250830,64320,7,2.7,5.6,2.6,10.210,0.805
20250829,64496,7,3.9,5.5,2.8,9.606,0.816
20250828,64764,6.9,3.6,5.5,2.5,9.768,0.703
20250827,65264,6.9,3.5,5.4,2.1,9.803,0.714
20250826,65470,6.9,3.6,5.2,6.0,9.285,0.662
20250825,65942,6.9,4.6,5.5,3.1,8.429,0.64
20250824,60508,7,5.1,5.6,4.2,9.629,0.722
20250823,60398,6.9,3.5,5.6,4.4,8.571,0.749
20250822,62098,7,2.7,6,1.8,9.213,0.902
20250821,60415,6.9,3.1,5.5,2.0,9.050,0.849
20250820,59000,7,4.5,5.9,2.2,9.842,0.852
20250819,61156,6.9,3.2,5.5,1.7,8.979,0.76
20250818,62332,6.9,3.2,5.4,2.1,8.454,0.693
20250817,59431,7,3.9,5.4,1.9,8.298,0.684
20250816,60484,7,4.8,4.9,1.6,7.656,0.708
20250815,55537,7.71,5.9,6.1,2.0,8.994,0.616
20250814,59356,7,4.0,5,1.2,6.697,0.453
20250813,67932,7,5.4,3.8,1.0,4.234,0.318
20250812,91324,6.9,5.6,3.8,1.1,4.168,0.436
20250811,80696,6.8,3.0,4.3,1.5,6.534,0.35
20250810,96546,6.8,5.9,4.2,2.7,5.691,0.651
20250809,64806,6.39,3.2,5.9,3.2,10.681,0.765
20250808,60318,6.9,4.9,6.1,2.4,9.649,0.786
20250807,62400,7,4.7,5.7,2.5,9.649,0.812
20250806,62177,6.9,7.5,5.3,1.8,7.383,0.728
20250805,60741,6.9,5.6,6.2,3.8,8.685,0.719
20250804,57256,6.8,3.1,5,2.3,8.484,0.729
20250803,62992,7,4.5,5,4.1,10.940,0.934
20250802,62358,6.9,2.2,5,3.5,9.925,1.006
20250801,64477,6.9,4.2,5,3.1,10.035,0.5590
20250731,64566,6.8,3.6,5,2.8,9.436,0.702
20250730,63070,6.8,4.4,5,2.5,8.270,0.731
20250729,62567,7,5.5,5,3.5,11.082,0.864
20250728,60514,7,2.8,5,3.1,9.138,0.803
20250727,64236,7,2.4,5,3.7,10.926,0.755
20250726,68217,7,2.6,5,2.6,9.798,0.782
20250725,67840,6.8,1.7,5,1.8,9.206,0.661
20250724,70005,6.9,2.9,5,1.7,6.598,0.711
20250723,71071,6.8,3.7,5,1.4,5.522,0.56
20250722,70258,6.9,3.3,5,1.2,5.370,0.492
20250721,62274,6.8,1.2,4,1.3,5.204,0.506
20250720,61143,6.7,3.8,4,1.0,4.231,0.489
20250719,68586,6.8,4.0,5.3,1.6,7.751,0.644
20250718,75532,6.8,2.3,4.5,1.6,6.808,0.633
20250717,82133,7,2.8,3.4,1.2,7.514,0.471
20250716,77247,6.9,4.8,3.4,1.3,7.109,0.379
20250715,79053,6.7,5.6,3.4,1.8,6.596,0.281
20250714,119684,6.7,2.7,3.3,1.3,5.574,0.777
20250713,73176,7,5.8,6.2,3.5,10.506,0.696
20250712,59065,6.8,6.5,6,3.1,9.705,0.721
20250711,60007,6.8,3.6,6.3,3.5,10.733,0.778
20250710,59749,6.9,4.1,6.5,3.8,11.162,0.799
20250709,59257,6.8,5.1,6,2.6,9.540,0.75
20250708,60279,6.7,5.6,5.8,2.5,9.433,0.728
20250707,59686,6.8,5.9,5.8,2.9,8.808,0.675
20250706,57097,6.8,6.0,5.9,4.9,9.524,0.701
20250705,59005,6.8,4.8,5.7,2.7,8.495,0.672
20250704,59951,6.9,4.4,8.2,2.6,8.068,0.973
20250703,60982,7,6.0,7.7,2.5,7.738,0.85
20250702,59560,7,3.9,7.7,4.8,8.705,0.786
20250701,62297,7.1,2.5,4.4,2.6,8.289,0.9240
20250630,62993,7.2,1.3,4.4,2.5,8.015,0
20250629,68378,7.1,5.4,4.4,3.2,8.406,0
20250628,75110,7.1,5.5,4.4,3.2,8.229,0
20250627,83196,7.1,3.0,4.4,1.1,0.000,0
20250626,85903,7.1,4.1,4.4,1.0,6.116,0
20250625,64477,7.1,7.9,4.4,0.8,4.183,0
20250624,89081,7.1,2.7,4.4,1.5,6.584,0
20250623,87340,6.78,2.5,4.4,1.3,6.040,0
20250622,97716,6.81,3.0,4.4,1.5,7.023,0
20250621,67154,6.80,4.0,4.4,1.9,8.789,0
20250620,65115,6.88,3.5,4.4,3.0,8.423,0
20250619,67227,6.9,3.1,4.4,1.5,6.614,0
20250618,71447,7,6.5,4.4,1.4,5.439,0
20250617,72020,6.9,5.2,4.4,1.4,5.477,0
20250616,63223,7.1,5.3,4.4,1.7,4.053,0.331
20250615,65402,7.1,5.6,4.4,1.6,3.370,0
20250614,97392,6.9,4.6,4.4,2.1,5.361,0.610
20250613,57339,7,4.7,4.4,3.9,12.627,0.583
20250612,54955,6.9,5.7,4.4,2.9,10.466,0.346
20250611,54802,7,6.2,5.2,2.7,10.370,0.293
20250610,52710,6.9,6.1,4.9,2.9,11.398,0.302
20250609,54126,6.8,5.2,5.0,3.7,5.312,0.440
20250608,54333,7.2,5.6,6.6,4.4,5.312,0.928
20250607,52905,7.2,3.8,7.1,4.9,5.312,1.028
20250606,54263,7.1,5.6,7.1,4.3,5.312,0.981
20250605,53026,6.9,6.5,6.5,3.5,5.312,0.928
20250604,53467,6.9,4.3,6.8,4.2,5.312,0.866
20250603,53432,7.1,6.0,6.8,4.4,6.169,0.949
20250602,55584,7,5.7,6.1,4.4,9.371,0.821
20250601,57158,7,6.5,6.1,5.0,9.371,0.887
20250531,55135,7.2,4.8,6.2,6.2,9.371,0.884
20250530,60106,7.1,6.0,6.4,4.5,8.337,0.803
20250529,64296,7.1,5.6,6.8,3.5,8.172,0.643
20250528,65658,7.1,4.2,7,3.6,8.172,0.675
20250527,64429,7.1,5.1,6.5,3.2,7.615,0.650
20250526,66445,7,3.7,7.1,3.5,7.736,0.785
20250525,62964,7.1,5.1,7.3,2.6,8.049,0.785
20250524,64619,7,4.1,6.7,2.5,8.254,0.785
20250523,61561,7.1,4.7,6.8,2.4,7.126,0.894
20250522,61561,6.9,4.6,7.3,3.3,7.565,0.849
20250521,71352,6.9,8.6,6.7,2.1,6.687,0.716
20250520,75962,7,4.1,6,1.6,5.388,0.605
20250519,71756,7,5.3,5.7,1.5,5.746,0.5120
20250518,71502,7,3.1,5.7,1.4,5.332,0.503
20250517,71266,6.8,3.7,4.5,1.3,3.827,0.669
20250516,72898,7,3.1,7.3,1.8,7.043,0.865
20250515,70036,7,2.5,6.6,1.4,5.611,0.766
20250514,71279,7.1,6.1,6.2,1.4,5.319,0.658
20250513,76026,7,3.4,6,0.9,7.890,0.726
20250512,73820,7,5.2,5.6,1.0,7.264,0.562
20250511,68427,7,5.0,5.1,0.5,5.563,0.522
20250510,64653,6.9,5.6,4.4,0.7,2.335,0.505
20250509,68669,7,5.4,6.4,1.5,7.806,0.769
20250508,59450,7,5.1,5.9,1.0,7.219,0.637
20250507,57687,7,5.4,6.1,1.8,5.846,0.712
20250506,58749,7,3.8,6.4,1.9,8.682,0.955
20250505,53702,7,3.0,6.5,2.5,10.338,0.893
20250504,56459,7,8.9,6.3,2.2,9.694,0.841
20250503,59011,7,7.5,5.7,1.9,8.361,0.730
20250502,68427,7.1,4.3,7.7,1.6,6.301,0.601
20250501,60429,7.2,7.5,8.3,1.6,8.886,0.5070
20250430,56784,7.1,5.4,8.8,1.6,9.269,0
20250429,54884,7.1,2.9,8.8,1.6,12.170,0
20250428,55907,7.1,2.1,8.1,1.3,0.833,0
20250427,52796,7.2,7.2,8.5,1.4,3.369,0
20250426,54048,7.1,5.7,8.3,1.3,8.345,0
20250425,58480,7.1,7.2,7.8,1.4,8.345,0
20250424,63032,7,6.3,0,0.9,4.204,0
20250423,64384,6.9,8.1,5.1,0.8,0.885,0
20250422,59135,7,5.7,6.8,1.7,6.271,0
20250421,55832,7,5.1,7.4,2.1,7.078,0
20250420,53309,7.1,2.7,7,2.8,4.641,0
20250419,54614,6.9,5.0,7,2.1,5.460,0
20250418,55383,7,5.2,6.8,1.8,4.730,0
20250417,54851,7.1,5.8,6.4,1.8,13.255,0
20250416,55975,7.1,6.0,6,1.6,13.255,0
20250415,54565,7.1,8.0,5.5,1.1,13.255,0
20250414,55883,7,6.8,5.8,1.9,13.255,0
20250413,56422,6.9,6.7,5,1.7,13.255,0
20250412,52220,7.2,8.3,7.5,3.9,13.255,0
20250411,49368,7.2,7.1,7.9,5.7,13.255,0
20250410,47892,7.3,6.9,8.1,6.7,13.255,0
20250409,47453,7.1,5.9,7.7,5.8,13.255,0
20250408,46739,7.1,5.5,8.4,8.3,13.255,0
20250407,48401,7.1,4.1,7.6,5.7,13.054,0
20250406,52949,7,2.9,7,4.8,12.059,0
20250405,51010,7.1,4.8,6.8,4.4,11.346,0
20250404,51553,7.1,5.7,6.7,3.9,10.367,0
20250403,51810,7.1,4.8,8.7,5.2,8.232,0
20250402,54359,7.1,6.6,8.4,5.3,7.419,0
20250401,53453,7.2,6.4,9.3,5.3,6.822,0
20250331,59795,7.1,5.0,4.9,4.9,4.610,0.792
20250330,63102,7.2,9.8,5.7,5.7,6.346,0.862
20250329,66226,7.1,8.2,5.2,5.2,7.037,0.923
20250328,67722,7,8.8,4.6,4.6,8.435,0.824
20250327,69420,7,7.1,4.1,4.1,10.710,0.819
20250326,57495,7,8.2,3.9,3.9,7.703,0.9320
20250325,56092,7,8.0,4.2,4.2,9.632,0.907
20250324,55540,7.1,4.4,5.3,5.3,8.159,0.914
20250323,54704,7.1,4.2,5.5,5.5,7.587,0.932
20250322,56183,7,4.2,4.7,4.7,6.635,0.769
20250321,59069,7.,6.1,4.5,4.5,8.054,0.704
20250320,57987,7.2,6.0,4.9,4.9,8.126,0.828
20250319,55906,7,6.5,4.5,4.5,5.597,0.7930
20250318,56915,7,7.1,8.6,4.3,6.269,0.770
20250317,58122,7,5.3,7.6,3.9,3.760,0.579
20250316,56129,7.1,6.4,10.4,4.5,7.040,0.730
20250315,57414,7.1,5.8,9.5,4.6,6.495,0.816
20250314,54194,7,4.8,10.2,4.9,7.880,0.839
20250313,54660,7,5.4,9.8,4.8,7.128,0.961
20250312,55766,7,8.8,8.8,4.4,7.383,0.848
20250311,57703,6.9,4.9,8.5,4.0,7.374,0.856
20250310,55830,6.9,4.4,8.4,4.5,6.879,0.760
20250309,55679,6.9,4.0,8,4.5,4.378,0.752
20250308,56316,6.9,3.3,7.5,4.7,7.457,0.823
20250307,57765,7,6.0,8,4.5,7.067,0.856
20250306,55914,7,6.0,7.9,4.0,7.364,0.721
20250305,53890,6.8,8.0,6.6,4.3,6.898,0.569
20250304,59073,6.8,8.5,5.7,3.6,7.096,0.477
20250303,62638,6.9,4.4,7.3,4.0,5.899,0.633
20250302,54965,6.9,8.4,7.3,4.3,11.814,0.783
20250301,53396,6.8,6.5,7.9,4.9,8.312,0.8080
20250228,53917,7,3.7,7.9,4.7,7.741,0.843
20250227,54914,6.9,4.1,7.2,4.3,7.772,0.891
20250226,54067,6.9,5.5,6.8,4.1,6.953,0.858
20250225,52975,6.9,3.2,5.9,3.6,6.162,0.748
20250224,54080,6.8,2.8,6,3.9,6.950,0.747
20250223,54841,6.8,7.4,6,3.8,6.655,0.753
20250222,54792,6.8,6.3,6,3.4,6.423,0.771
20250221,55015,6.8,4.2,5.7,3.6,6.167,0.741
20250220,55047,6.9,7.2,5.7,3.5,6.445,0.806
20250219,55437,6.9,7.6,5.7,3.5,6.536,0.8090
20250218,53210,6.9,2.9,5.7,3.5,6.673,0.783
20250217,54487,6.9,2.0,5.6,3.3,8.145,0.680
20250216,54097,7,3.5,5.9,3.6,8.131,0.681
20250215,52254,7,2.6,7.5,6.1,9.525,0.909
20250214,49574,7,4.0,6.5,5.3,9.238,0.872
20250213,47676,6.9,3.4,4.2,3.3,7.011,0.694
20250212,53951,6.9,7.8,4.2,3.1,7.341,0.753
20250211,56202,6.9,5.4,4.1,2.7,6.647,0.653
20250210,54244,6.9,3.9,3.8,2.7,6.842,0.566
20250209,54563,6.9,2.0,4.2,3.0,8.274,0.624
20250208,55289,6.9,2.9,4.5,3.1,8.302,0.723
20250207,56027,6.9,2.6,4.8,3.1,8.543,0.808
20250206,56733,7,3.3,4,3.2,8.959,0.790
20250205,57069,7,4.5,3.5,2.9,8.627,0.782
20250204,57288,6.9,3.0,3.5,2.8,7.862,0.769
20250203,56397,6.9,3.2,3.5,2.5,7.232,0.6
20250202,55168,6.9,5.4,3.2,2.8,6.594,0.505
20250201,58085,6.9,4.1,3.73.7,2.8,9.395,0.7780
20250131,57626,6.9,3.4,3.6,2.9,7.071,0.670
20250130,54461,6.8,2.3,3.4,2.4,7.221,0.641
20250129,50947,6.9,7.9,3.9,2.5,6.549,0.683
20250128,53813,6.9,5.6,4.2,2.9,8.408,0.790
20250127,54916,6.9,4.0,4.2,2.5,8.607,0.790
20250126,52647,6.9,2.7,4.4,2.5,7.225,0.734
20250125,53900,6.65,4.0,4.8,2.5,6.758,0.652
20250124,56963,6.9,2.6,5.2,2.9,8.195,0.636
20250123,57030,7,2.7,5.3,2.6,8.609,0.663
20250122,56531,6.9,3.8,5.1,2.5,7.876,0.593
20250121,56760,6.9,5.6,5,2.5,8.252,0.574
20250120,57530,6.9,6.6,4.7,2.5,8.025,0.539
20250119,54414,6.9,3.5,4.4,2.3,7.466,0.4820
20250118,55651,7,4.3,4.5,2.3,7.555,0.480
20250117,54773,7,4.5,4.9,2.4,7.776,0.471
20250116,55784,7,3.8,4.9,2.5,8.833,0.595
20250115,58706,7,6.8,4.9,2.4,7.872,0.608
20250114,60058,7,5.2,4.5,2.3,6.970,0.540
20250113,58509,6.9,6.1,4.4,2.0,7.695,0.428
20250112,54835,6.9,3.0,4.1,2.3,8.386,0.436
20250111,55575,7,5.2,4.1,2.1,7.713,0.466
20250110,55251,7,4.8,4.3,4.3,8.020,0
20250109,56682,7,5.6,4.7,3.0,6.699,0.617
20250108,57422,7,7.6,4.6,3.1,6.738,0.625
20250107,57909,6.9,5.5,4.4,2.9,6.764,0.628
20250106,57333,6.9,5.0,4.3,2.2,7.760,0.491
20250105,53433,6.8,4.2,4.2,2.6,8.145,0
20250104,55259,6.9,4.2,4.4,2.6,8.438,0.505
20250103,56782,7,5.6,4.7,3.0,9.470,0.534
20250102,58248,6.9,7.1,4.5,2.8,8.480,0.499
20250101,56055,7,7.5,5.1,3.3,9.982,0.569
20241231,58008,6.9,7.3,4.7,3.5,9.690,0.535
20241230,57507,7,6.4,4.4,2.9,8.498,0
20241229,56394,7,4.7,4.6,3.2,9.031,0
20241228,55095,7,5.8,4.6,3.2,8.625,0.517
20241227,55420,7,3.5,5,4.3,9.400,0.592
20241226,56037,7.1,3.2,5.1,4.2,10.792,0.649
20241225,57444,7,5.0,5,3.6,8.816,0.599
20241224,55544,7,6.0,4.5,3.6,8.751,0
20241223,54553,7,3.7,4.2,3.6,8.655,0
20241222,57205,6.9,3.5,4.1,3.7,8.668,0.499
20241221,58019,6.9,7.8,3.9,3.0,8.111,0.485
20241220,56231,6.9,5.2,4,3.0,7.426,0.502
20241219,56639,7,6.1,9.2,3.9,8.972,0.540
20241218,57063,7,6.1,7.3,3.1,8.588,0
20241217,58871,7,4.9,7.2,3.9,7.421,0.464
20241216,56956,7,5.9,6.4,2.7,8.032,0
20241215,57289,7,3.6,6.9,2.9,9.668,0.514
20241214,58844,6.9,6.3,6.7,2.8,8.520,0.498
20241213,59452,7,3.4,6.5,2.6,8.046,0.507
20241212,60246,6.9,5.7,6.2,2.3,7.400,0.434
20241211,61770,6.9,6.2,5.8,2.6,9.800,0
20241210,60187,6.9,3.1,5.5,2.5,5.206,0.498
20241209,58200,6.8,1.9,5.2,2.6,5.224,0
20241208,60287,6.9,4.1,5.0,2.5,5.792,0.463
20241207,58125,6.9,2.2,5.2,3.0,6.342,0.484
20241206,59436,7,2.8,5.3,4.2,7.155,0.564
20241205,60453,6.9,2.8,4.7,3.4,6.005,0.514
20241204,59509,6.9,7.3,4.6,2.9,5.284,0
20241203,60431,6.8,1.8,4.7,2.6,6.544,0.524
20241202,60961,6.9,2.2,4.1,2.3,3.707,0.476
20241201,58523,6.9,2.9,4.2,2.4,3.041,0.508
20241130,58167,6.9,3.9,4.1,2.4,2.791,0.596
20241129,60041,6.9,2.3,4.1,2.9,3.283,0.570
20241128,62338,6.8,2.5,2.3,2.5,1.462,0.506
20241127,62349,6.7,5.0,2.3,2.3,1.608,0
20241126,63705,6.7,3.5,2.9,3.1,7.901,0.548
20241125,58608,6.8,7.2,2.8,2.6,4.040,0
20241124,58322,6.9,5.7,3.0,2.4,4.263,0.560
20241123,57811,6.8,6.1,3.3,2.1,2.968,0.637
20241122,58031,6.9,4.6,2.8,2.1,4.215,0.601
20241121,58577,6.8,4.4,2.8,2.8,4.247,0.605
20241120,60070,6.9,5.0,2.9,2.5,4.774,0
20241119,57577,7,4.3,3.47,4.2,4.617,0.5450
20241118,56828,6.9,7.7,3.4,4.1,2.731,0
20241117,56203,7,4.0,4.1,4.6,8.050,0.708
20241116,57899,6.9,5.4,3.7,4.5,8.443,0.656
20241115,61909,6.9,7.2,3.7,3.7,6.251,0.480
20241114,59126,6.9,6.8,4,4.1,7.366,0.591
20241113,58208,6.8,1.8,4,3.8,6.280,0
20241112,56810,6.9,2.8,4,3.7,8.779,0.612
20241111,59779,6.9,1.9,4,3.5,7.852,0
20241110,59208,6.8,1.8,3.9,3.5,7.406,0.573
20241109,62115,6.9,2.9,3.8,3.1,7.297,0.657
20241108,61874,6.8,1.5,3.3,2.6,5.725,0.596
20241107,64863,6.7,1.3,3.2,2.2,2.097,0.547
20241106,65191,6.7,3.7,3,2.3,1.759,0
20241105,67589,6.8,3.8,3,2.1,3.626,0.433
20241104,68461,6.8,1.5,2.8,2.1,4.338,0.322
20241103,66855,6.8,1.4,2.5,1.9,4.980,0.316
20241102,72239,6.7,3.9,1.7,1.6,7.700,0.335
20241101,72984,6.8,2.5,3.4,2.6,8.062,0.573
20241031,63033,6.7,1.6,3.3,2.3,7.349,0.619
20241030,63364,6.7,1.2,3.2,2.2,6.899,0.624
20241029,64218,6.8,0.8,3.1,2.2,6.589,0.501
20241028,61838,6.7,1.5,2.9,2.1,6.672,0
20241027,62211,6.8,1.8,2.9,2.0,6.433,0.476
20241026,58524,6.7,2.9,2.5,1.5,5.994,0.357
20241025,62856,6.7,3.4,2.2,1.4,4.763,0.221
20241024,68202,6.6,2.0,2.4,1.4,0.000,0.144
20241023,68592,6.5,2.2,2.6,1.6,4.310,0
20241022,79406,6.4,1.2,2.3,2.2,3.512,0.448
20241021,56478,6.6,2.3,3.7,3.3,6.079,0
20241020,56203,6.7,1.8,3.8,3.3,6.077,0.619
20241019,60979,6.0,1.9,4.0,0.6,9.426,0.672
20241018,61638,6.6,2.2,3.5,1.9,5.331,0.5700
20241017,59850,6.6,1.8,3.4,2.0,4.045,0.5300
20241016,60807,6.6,1.2,3.3,2.1,3.697,0
20241015,61712,6.6,2.2,3.0,2.2,2.930,0.658
20241014,57214,6.7,1.7,4.1,2.5,6.460,0.712
20241013,53644,6.7,1.9,5.0,2.4,6.120,0.692
20241012,53968,6.6,1.3,4.4,2.1,6.273,0.660
20241011,57014,6.5,1.3,4.7,2.1,6.044,0.599
20241010,56141,6.7,1.9,4.3,2.0,5.996,0.571
20241009,52799,6.7,1.8,4.8,2.2,5.961,0.562
20241008,54691,6.7,2.2,4.4,2.4,5.945,0.525
20241007,51277,6.8,1.5,4.6,2.3,7.455,0.497
20241006,53043,6.6,1.5,4.8,2.3,7.507,0.544
20241005,53604,6.7,1.7,4.7,2.2,6.782,0.541
20241004,55625,6.8,0.9,4.6,2.1,6.808,0.519
20241003,57648,6.7,1.3,5.1,2.0,7.002,0.613
20241002,55929,6.8,1.3,4.8,2.0,5.645,0
20241001,53433,6.7,1.2,4.6,1.9,7.114,0.581
20240930,52411,6.6,1.2,4.6,2.0,7.208,0.536
20240929,56055,6.7,0.6,4.3,1.7,6.183,0.497
20240928,56140,6.6,0.7,4.3,1.6,6.092,.446
20240927,57299,6.7,0.3,3.9,0.9,5.381,0.420
20240926,57902,6.7,2.7,3.8,0.9,5.088,0.345
20240925,58766,6.8,1.9,3.6,0.8,4.158,0.287
20240924,58380,6.7,4.7,4.2,0.3,3.559,00.288
20240923,53059,6.7,1.3,2.9,0.3,1.313,0.147
20240922,58902,6.5,2.6,2.5,1.2,0.486,0
20240921,90646,6.5,2.4,3.0,1.8,2.224,0.667
20240920,57306,6.6,1.9,4.3,2.1,4.347,0.730
20240919,52672,6.6,3.8,4.0,1.6,4.085,0.664
20240918,51709,6.6,4.9,4.0,1.9,4.509,0.690
20240917,51976,6.6,2.8,4.2,2.5,6.134,0.786
20240916,53305,6.7,2.9,4.6,2.7,5.565,0.768
20240915,54623,6.6,5.7,4.6,2.5,6.562,0.908
20240914,53301,6.6,2.0,4.6,2.8,7.214,0.916
20240913,51350,6.6,3.3,4.8,1.6,5.442,0.823
20240912,56033,6.6,1.5,4.8,1.6,5.442,0.823
20240911,61357,6.6,1.7,4.3,1.6,5.442,0.823
20240910,62464,6.6,1.4,4.0,1.6,5.442,0.823
20240909,59320,6.6,1.4,4.0,1.6,5.442,0.823
20240908,52307,6.6,1.3,4.1,1.6,5.442,0.823
20240907,54122,6.6,2.1,4.0,1.8,4.805,0.839
20240906,53889,6.6,1.6,4.1,1.8,5.902,0.807
20240905,55997,6.6,1.6,3.9,0.7,5.798,0.810
20240904,54093,6.5,2.4,4.0,0.8,5.241,0.820
20240903,56166,6.5,2.5,4.0,1.3,5.072,0.819
20240902,55777,6.5,2.0,3.8,0.9,5.205,0.644
20240901,56950,6.6,2.3,3.8,0.9,6.249,0.776
20240831,54497,6.5,3.1,3.7,0.9,4.793,0.744
20240830,56096,6.4,1.5,4.1,1.4,8.063,0.780
20240829,59449,6.5,3.5,4.0,1.6,5.672,0.6047
20240828,57784,6.5,1.8,6.7,1.6,5.672,0.604
20240827,58688,6.5,3.3,3.7,1.9,5.672,0.604
20240826,62752,6.6,3.8,3.6,1.9,5.672,0.604
20240825,59441,6.6,5.2,3.3,1.8,5.672,0.604
20240824,59581,6.6,4.2,3.2,1.6,5.672,0.604
20240823,61968,6.5,4.0,6.1,1.2,5.672,0.604
20240822,62069,6.6,4.0,5.2,1.5,7.648,0.549
20240821,61191,6.4,6.2,4.9,2.1,6.480,0.529
20240820,64967,6.4,5.3,4.6,2.2,5.348,0.760
20240819,59132,6.5,5.8,4.9,2.1,7.878,0.687
20240818,53570,6.5,5.7,4.7,2.4,7.741,0.788
20240817,54939,6.4,3.4,4.5,3.2,7.317,0.761
20240816,57037,6.5,5.2,4.3,2.3,5.766,0.771
20240815,54672,6.5,4.2,4.5,2.8,6.691,0.894
20240814,56613,6.5,4.2,4.3,2.4,7.296,0.871
20240813,57552,6.4,2.3,4.2,2.4,7.069,0.784
20240812,54487,6.6,4.4,4.1,1.7,7.715,0.724
20240811,53701,6.6,4.1,4,1.6,7.772,0.672
20240810,53028,6.5,5.7,3.9,2.4,8.241,0.6490
20240809,55044,6.5,5.1,4.0,2.9,7.126,0.609
20240808,53515,6.5,4.7,4.4,4.5,7.318,0.748
20240807,52116,6.6,4.3,4.3,5.1,7.183,0.758
20240806,53770,6.6,2.9,4.5,4.9,8.198,0.742
20240805,55720,6.5,3.0,4,4.1,6.946,0.661
20240804,55449,6.6,3.1,4.1,4.4,7.303,0.704
20240803,59844,6.5,2.6,4,4.3,6.915,0.747
20240802,55020,6.5,2.9,4,4.0,6.873,0.729
20240801,55362,6.5,1.1,4,3.4,7.715,0.776
20240731,58175,6.5,2.3,3.7,2.9,7.143,0.672
20240730,57728,6.6,1.8,3.5,2.3,6.502,0.574
20240729,56792,6.6,5.4,3.2,1.8,6.287,0.423
20240728,57374,6.6,2.9,3.3,1.9,6.399,0.347
20240727,59018,6.7,4.6,2.7,1.7,5.415,0.256
20240726,68608,6.7,4.3,2.5,1.9,5.238,0.224
20240725,70851,6.6,6.1,2.6,2.0,5.541,0.285
20240724,82763,6.4,6.8,2.7,2.6,6.005,0.642
20240723,56219,6.4,3.8,3.5,2.1,7.926,0.489
20240722,56427,6.5,4.6,3.8,2.8,3.331,0.988
20240721,54495,6.5,4.9,3.4,3.9,2.926,0.898
20240720,53300,6.6,3.8,4.2,5.3,5.456,0.871
20240719,53197,6.6,6.2,4.1,4.5,5.197,0.766
20240718,57518,6.6,4.7,3.9,4.4,4.872,0.622
20240717,68321,6.4,6.0,2.9,3.1,3.454,0.622
20240716,63273,6.5,4.9,3.4,2.7,4.220,0.622
20240715,57285,6.4,6.0,2.8,2.1,1.890,0.622
20240714,62046,6.4,3.4,3.4,2.7,4.091,0.622
20240713,56959,6.5,5.6,3.3,3.2,3.996,0.622
20240712,57075,6.6,3.4,3.5,4.4,3.795,0.622
20240711,54822,6.6,4.0,3.7,5.6,3.910,0.622
20240710,53513,6.6,2.3,4.4,6.0,6.195,0
20240709,56774,6.5,4.9,3.5,2.7,4.220,0
20240708,56642,6.6,3.1,3.8,4.6,5.735,0.622
20240707,57140,6.6,5.4,3.4,3.2,5.376,0.581
20240706,58416,6.5,3.4,3.2,2.5,4.720,0.522
20240705,57074,6.6,3.1,3,2.5,4.430,0.517
20240704,60669,6.5,3.8,2.7,2.3,3.483,0.570
20240703,57356,6.5,2.4,3,3.1,4.872,0.557
20240702,59901,6.6,3.2,3.1,3.3,6.910,0.607
20240701,54074,6.5,3.1,3,2.5,3.664,0.4990
20240630,61098,6.3,3.9,3.1,3.2,3.379,0.686
20240629,60006,6.5,2.4,4.4,3.4,6.168,0.855
20240628,54537,6.4,2.5,3.9,2.4,6.574,0.846
20240627,50215,6.5,4.2,4.1,2.9,5.525,0.803
20240626,54018,6.5,4.3,3.6,3.1,5.676,0.745
20240625,54564,6.5,4.0,3.4,2.9,5.962,0.620
20240624,52804,6.5,4.2,3.3,3.2,5.414,0.521
20240623,51146,6.4,4.4,4.2,3.7,6.148,0.551
20240622,54251,6.6,4.8,4.1,4.7,6.410,0.872
20240621,50155,6.5,4.3,4.1,3.4,6.565,0.811
20240620,49186,6.4,3.6,4.4,3.7,5.309,0.831
20240619,49595,6.5,3.9,4.1,4.2,6.041,0.850
20240618,51734,6.4,4.0,4.1,4.4,6.160,00.737
20240617,50385,6.5,4.1,4.1,4.3,5.432,0.815
20240616,49311,6.5,4.0,4.2,4.4,7.023,0.977
20240615,51325,6.6,4.3,4.1,5.3,6.753,0.877
20240614,52385,6.6,4.1,4,4.5,7.681,0.780
20240613,52911,6.5,4.1,3.9,3.5,7.219,0.695
20240612,50437,6.5,3.6,4.1,2.9,6.032,0.702
20240611,50658,6.4,4.0,3.8,3.1,7.105,0.591
20240610,48031,6.4,5.2,3.7,3.1,7.156,0.539
20240609,48606,6.2,4.4,3.5,3.7,5.072,0.688
20240608,51393,6.5,4.6,4.4,3.7,7.945,0.880
20240607,49675,6.5,4.5,4.5,3.8,5.999,0.826
20240606,47325,6.5,4.9,4.5,4.0,6.697,0.826
20240605,50350,6.4,5.8,4.3,3.7,6.732,0.778
20240604,52008,6.4,4.2,4,3.4,7.462,0.774
20240603,49088,6.5,6.5,0,4.1,6.995,0.752
20240602,49758,6.5,4.6,0,3.4,7.803,0.784
20240601,49206,6.5,4.3,4,3.3,7.576,.8090
20240531,47875,6.4,3.7,3.9,3.1,8.302,0.754
20240530,48322,6.4,3.9,3.9,3.2,7.951,0.769
20240529,50936,6.4,4.1,3.9,3.9,7.937,0.7
20240528,52865,6.3,4.5,3.9,4.8,8.073,0.608
20240527,47339,6.5,5.1,4.6,7.2,10.819,0.951
20240526,39319,6.6,5.1,4.9,7.2,11.496,0.797
20240525,46551,6.6,6.8,4.3,7.2,10.694,0.882
20240524,53717,6.4,3.9,4,5.2,9.866,0.762
20240523,56423,6.4,4.0,3.9,3.8,7.510,0.7570
20240522,47741,6.4,4.2,4.0,4.7,8.130,0.8
20240521,50011,6.5,4.4,4.1,5.4,8.399,0.791
20240520,52517,6.4,4.5,5.9,4.2,9.289,0.822
20240519,52213,6.5,5.0,7.3,4.7,9.162,0.787
20240518,52094,6.5,3.6,1.5,3.8,8.762,0.776
20240517,54506,6.4,4.4,6.6,3.7,8.582,0.725
20240516,52499,6.4,3.6,6.4,3.3,10.241,0.738
20240515,49762,6.5,3.7,5.9,3.4,10.241,0.712
20240514,49730,6.5,4.0,5.4,3.2,10.044,0.625
20240513,53079,6.5,4.2,5.4,3.3,11.255,0.592
20240512,57544,6.5,3.4,3.8,2.2,12.632,0.685
20240511,52311,6.5,3.9,17.4,2.4,10.175,0.606
20240510,52655,6.5,3.2,4.1,3.1,7.083,0.495
20240509,53268,6.5,4.5,3.9,3.2,5.065,0.472
20240508,53676,6.5,3.7,3.7,2.5,7.093,0.456
20240507,54026,6.5,3.9,3.6,1.5,7.471,0.4010
20240506,58771,6.4,4.0,2.7,1.5,7.570,.504
20240505,58435,6.5,3.0,4.6,3.1,11.362,.766
20240504,53977,6.5,4.0,4.2,2.6,9.030,.691
20240503,51757,6.4,4.3,3.9,2.4,7.009,.575
20240502,53875,6.4,5.0,3.7,2.5,5.899,.503
20240501,58178,6.5,4.3,3.6,3.0,7.197,.502
20240430,55824,6.4,4.0,3.3,2.7,8.672,0
20240429,59307,6.5,3.6,4.4,3.4,10.927,0
20240428,52062,6.5,3.4,4.3,3.4,10.496,0
20240427,52093,6.5,3.6,4.1,3.0,10.392,0
20240426,56298,6.5,3.4,4.2,2.6,10.464,0
20240425,52525,6.4,4.2,4.2,3.2,4.914,0
20240424,51906,6.6,4.3,5.2,4.7,11.143,0
20240423,55393,6.7,3.7,5.7,7.4,11.143,0
20240422,51685,6.6,5.2,5,4.7,11.143,0
20240421,55445,6.4,5.1,4.1,3.5,11.143,0
20240420,56274,6.5,4.5,4.3,2.9,11.143,0
20240419,52944,6.4,3.9,4,2.7,11.143,.678
20240418,55914,6.4,4.3,3.9,1.8,11.143,.6460
20240417,52962,6.4,3.9,3.8,2.0,11.143,.588
20240416,50848,6.4,3.5,3.4,2.0,11.143,.511
20240415,62288,6.4,3.7,4.9,3.9,11.151,.811
20240414,55273,6.5,3.4,4.6,3.6,10.383,.818
20240413,53918,6.5,3.4,4.1,2.7,9.740,.736
20240412,53740,6.5,3.6,3.9,2.8,9.125,.778
20240411,52883,6.4,4.0,3.5,3.9,7.737,.723
20240410,52794,6.5,3.7,3.8,3.5,7.271,.725
20240409,52813,6.4,4.2,3.8,3.0,8.974,.630
20240408,53716,6.5,5.3,4,4.0,8.974,.644
20240407,58593,6.5,5.0,3.6,3.7,8.974,.525
20240406,57859,6.5,4.0,3.4,3.5,8.974,.512
20240405,56360,6.5,3.9,4.1,3.6,8.974,.630
20240404,58514,6.4,4.3,3.3,2.7,8.974,.438
20240403,71685,6.4,3.9,2.9,3.0,8.974,.601
20240402,57410,6.4,3.1,3.9,2.7,8.974,.627
20240401,55430,6.4,3.7,3.6,2.5,9.106,.50
20240331,50775,6.5,3.6,3.3,2.8,8.770,.446
20240330,54618,6.5,4.1,3.6,3.5,9.148,.454
20240329,64171,6.4,4.2,3.2,3.4,8.619,.312
20240328,69993,6.4,4.3,4.7,2.9,9.030,.582
20240327,52907,6.5,4.2,0,2.6,7.766,.500
20240326,61552,6.4,4.3,0,2.3,9.753,.543
20240325,59709,6.4,4.4,2.1,2.3,10.012,.603
20240324,50215,6.3,4.4,5.5,2.2,9.866,.552
20240323,46942,6.4,4.2,4.9,2.5,7.817,.628
20240322,53406,6.3,4.1,4.8,3.3,10.106,.663
20240321,54218,6.3,4.6,4.4,3.2,10.135,.686
20240320,54121,6.3,4.3,4.7,4.7,10.106,.746
20240319,53865,6.3,4.2,4.1,3.2,10.018,.656
20240318,53400,6.3,4.4,0,3.5,10.186,.6750
20240317,53728,6.4,4.7,.0,3.1,10.768,.655
20240316,54360,6.3,4.2,6.3,2.8,9.096,.643
20240315,52634,6.4,4.3,5.6,2.8,9.500,.664
20240314,54332,6.3,4.3,9.2,2.4,9.294,.553
20240313,52289,6.2,4.7,7.7,2.3,9.174,.391
20240312,54828,6.3,4.2,8,2.3,8.576,.509
20240311,48867,6.3,4.3,7.9,2.1,8.287,.533
20240310,49188,6.4,4.3,7.2,2.2,8.675,.578
20240309,52114,6.4,4.2,8,1.9,8.389,.596
20240308,48794,6.4,4.2,8.2,2.0,7.919,.568
20240307,50571,6.3,4.1,8.5,2.0,8.890,.528
20240306,52280,6.3,4.2,7.9,2.1,9.443,.432
20240305,56521,6.3,3.9,8.1,2.1,4.676,.52
20240304,53022,6.3,4.3,8.1,1.7,4.676,.492
20240303,50863,6.3,4.2,8,1.6,5.452,.503
20240302,52987,6.3,4.3,7.5,1.7,4.952,.473
20240301,55313,6.3,4.4,7.1,1.9,3.653,.3750
20240229,55541,6.3,4.4,8.1,2.6,4.496,.608
20240228,51230,6.4,4.3,8.2,2.7,3.968,.525
20240227,53818,6.4,4.4,8.3,2.7,4.545,.568
20240226,52986,6.3,4.4,6.6,1.4,4.696,.354
20240225,51078,6.3,4.4,5.9,1.4,4.342,.389
20240224,50582,6.4,4.3,5.9,1.5,3.410,.392
20240223,50641,6.4,4.3,5.7,1.7,4.631,.454
20240222,51950,6.3,4.4,5.4,1.8,4.511,.413
20240221,52794,6.3,4.4,5.4,2.3,5.161,.34
20240220,49036,6.2,4.3,5.1,1.7,6.455,.264
20240219,67655,6.2,4.2,5,2.0,9.364,.600
20240218,48353,6.4,4.4,6.7,2.6,9.714,.5940
20240217,48337,6.4,4.4,6.5,2.6,9.018,.582
20240216,49395,6.4,4.5,6.8,2.9,8.953,.589
20240215,50650,6.3,4.5,6.7,2.7,11.645,.542
20240214,51346,6.4,4.5,6.8,2.8,9.741,.598
20240213,48544,6.3,4.5,6.6,3.1,8.926,.560
20240212,48760,6.4,4.5,6.6,3.1,8.892,.553
20240211,49019,6.4,4.6,6.3,2.8,9.411,.526
20240210,51399,6.4,4.4,6.2,2.7,8.862,.531
20240209,50720,6.4,4.4,6.3,2.8,8.831,.454
20240208,51906,6.4,4.5,6.6,3.1,9.961,.504
20240207,51601,6.4,4.5,6.1,2.5,10.110,.547
20240206,53037,6.3,4.5,5.7,2.4,9.152,.436
20240205,55937,6.3,4.6,5.7,2.7,8.195,.492
20240204,52209,6.3,4.5,6,3.0,7.494,.494
20240203,53226,6.3,4.4,6.3,3.3,9.450,.517
20240202,53847,6.4,4.6,6,2.9,8.879,.474
20240201,52374,6.4,4.6,6.6,2.9,9.348,.475
20240131,52064,6.4,4.5,6.3,2.7,9.191,.416
20240130,48110,6.4,4.6,6.2,2.7,7.360,.411
20240129,49682,6.3,4.6,5.9,2.4,8.523,.401
20240128,47943,6.4,4.5,6.2,2.6,7.945,.404
20240127,45545,6.4,4.6,6.2,3.0,6.417,.424
20240126,51673,6.4,4.5,6.3,2.6,7.817,.422
20240125,52421,6.4,4.5,6.2,2.6,8.384,.447
20240124,49832,6.4,4.4,5.9,2.7,8.355,.443
20240123,51355,6.3,4.4,6.1,2.6,7.950,.430
20240122,51817,6.3,4.6,5.8,2.5,7.369,.3860
20240121,52009,6.3,4.5,5.0,2.4,6.516,.310
20240120,55142,6.3,4.5,6.2,2.6,8.418,.454
20240119,54637,6.3,4.6,5.9,2.4,6.742,.415
20240118,55569,6.4,4.5,6.4,2.3,9.180,0
20240117,51446,6.3,4.6,6.2,2.5,9.757,.503
20240116,51207,6.3,4.5,6.1,2.9,9.757,.485
20240115,51704,6.3,4.3,6.0,2.6,10.308,.460
20240114,49299,6.3,4.1,5.8,2.8,9.990,.442
20240113,53521,6.3,4.2,0.8,2.8,10.756,.472
20240112,52523,6.4,4.3,5.9,2.5,9.897,.449
20240111,48707,6.3,4.3,9.9,2.8,10.427,.432
20240110,53683,6.3,4.3,9.3,2.9,10.769,.448
20240109,51288,6.2,4.4,9.2,2.4,12.191,.482
20240108,51246,6.3,4.4,1.3,2.9,10.570,.533
20240107,50668,6.4,4.2,11.6,3.1,10.906,.586
20240106,51956,6.3,4.3,9.9,2.9,10.485,.544
20240105,52512,6.3,4.2,9.5,2.9,10.468,0.496
20240104,51569,6.4,4.2,9.7,3.2,9.696,.507
20240103,50448,6.3,4.5,10.5,3.2,10.593,.531
20240102,50852,6.3,4.3,9.0,3.1,10.446,.467
20240101,50598,6.3,4.4,9.7,3.2,10.866,0.466
20231231,51923,6.3,4.4,8.0,3.2,10.751,0.433
20231230,47857,6.4,4.3,8.3,3.6,10.197,0.449
20231229,47479,6.4,4.2,1.5,4.0,9.736,0.465
20231228,50239,6.3,4.3,9.5,3.8,10.171,0.421
20231227,51501,6.3,4.2,7.1,3.4,9.867,0.395
20231226,48439,6.3,4.4,6.9,3.1,10.516,0.349
20231225,52178,6.3,4.2,6.2,3.1,10.516,0.369
20231224,52922,6.3,4.4,6.0,2.6,10.516,0.371
20231223,49663,6.4,4.2,5.7,2.5,10.516,0.368
20231222,50487,6.3,4.3,5.4,2.4,10.516,0.372
20231221,51725,6.4,3.9,5.7,2.2,10.516,0.359
20231220,52743,6.4,3.7,5.1,2.0,10.516,0.339
20231219,52507,6.4,4.0,5.0,1.9,10.516,0.304
20231218,49392,6.4,4.5,5.4,2.6,10.516,0.309
20231217,50500,6.4,4.6,5.0,2.3,10.516,0.309
20231216,61001,6.4,4.4,3.8,1.8,10.516,0.268
20231215,65478,6.3,4.4,4.1,2.0,10.516,0.281
20231214,58088,6.4,4.3,5.4,2.1,10.516,0.424
20231213,51859,6.4,4.5,5.1,2.3,10.516,0.371
20231212,53887,6.3,4.4,4.6,2.7,10.516,0.378
20231211,58417,6.4,4.5,6.3,3.7,10.706,0.593
20231210,50503,6.3,4.5,6.1,3.3,9.521,0.538
20231209,54943,6.3,4.4,5.7,3.1,9.550,0.564
20231208,52334,6.3,4.4,8.8,3.2,9.027,0.523
20231207,53668,6.4,4.5,8.8,3.1,9.027,0.517
20231206,54373,6.3,4.4,7.1,2.5,8.443,0.441
20231205,54617,6.3,4.4,6.7,2.3,8.075,0.442
20231204,54186,6.2,4.4,6.7,2.1,8.306,0.395
20231203,52619,6.3,4.3,6.3,2.0,7.563,0.403
20231202,51704,6.3,4.7,6.1,1.8,7.388,0.415
20231201,51465,6.2,4.4,6.3,2.2,7.719,0.456
20231130,53509,6.3,4.5,6.4,2.3,7.470,0.477
20231129,53464,6.3,4.2,6.6,2.3,7.726,0.505
20231128,53120,6.4,4.2,6.3,2.1,8.043,0.475
20231127,53729,6.2,4.3,6.3,1.9,7.483,0.414
20231126,51805,6.3,4.2,6.1,2.0,7.494,0.442
20231125,53409,6.2,4.1,6.0,2.1,7.718,0.517
20231124,51877,6.4,4.0,6.4,2.5,7.901,0.602
20231123,56551,6.3,4.0,6.5,2.8,7.059,0.536
20231122,53620,6.3,3.8,6.0,2.6,7.919,0.565
20231121,52128,6.3,3.9,5.8,1.7,7.592,0.468
20231120,53836,6.3,3.7,5.7,1.5,8.113,0.416
20231119,52455,6.3,4.0,5.1,1.4,8.284,0.399
20231118,53674,6.3,4.3,5.2,1.6,8.421,0.433
20231117,55603,6.2,4.4,4.5,1.0,6.728,0.374
20231116,53772,6.4,4.3,5.7,1.4,7.127,0.481
20231115,54915,6.3,4.3,5.5,1.5,6.729,0.448
20231114,55252,6.2,4.4,5.3,1.5,7.706,0.449
20231113,53906,6.3,4.3,5.7,1.2,7.421,0.419
20231112,52321,6.4,4.1,6.0,2.0,9.461,0.498
20231111,52722,6.4,4.2,5.5,2.0,9.306,0.559
20231110,54109,6.4,4.2,5.7,2.7,10.563,0.605
20231109,51774,6.6,4.1,8.1,1.0,8.784,0.526
20231108,52999,6.5,3.9,7.1,1.3,8.706,0.527
20231107,55156,6.4,3.8,6.9,1.5,9.784,0.58
20231106,58216,6.6,3.8,7.7,3.3,10.362,0.65
20231105,51480,6.5,3.8,6.9,3.7,8.911,0.648
20231104,52194,6.6,3.9,7.1,3.9,9.801,0.739
20231103,56161,6.5,3.8,6.9,3.7,9.160,0.694
20231102,53775,6.6,4.0,7.4,4.4,9.229,0.763
20231101,54818,6.5,3.9,6.7,3.7,8.443,.6770
20231031,52690,6.5,3.7,7.4,3.7,7.669,0.637
20231030,54595,6.4,3.8,6.4,3.8,7.397,0.601
20231029,56805,6.6,3.9,6.7,4.7,8.788,0.699
20231028,56705,6.4,4.1,5.9,3.3,7.672,0.674
20231027,56428,6.5,4.0,6.1,3.5,8.609,0.749
20231026,55288,6.5,4.1,7.2,3.3,8.681,0.768
20231025,55047,6.4,4.0,6.3,2.7,8.112,0.703
20231024,54639,6.3,3.9,6.3,2.6,7.275,0.634
20231023,48256,6.4,4.0,6.7,2.4,7.749,0.617
20231022,52775,6.4,3.9,6.0,3.1,8.641,0.633
20231021,51791,6.4,3.9,5.9,2.6,7.451,0.630
20231020,52293,6.5,4.0,5.8,3.6,9.151,0.694
20231019,54361,6.5,4.0,6.0,2.8,8.901,0.684
20231018,56721,6.4,4.0,5.6,2.6,7.942,0.652
20231017,53279,6.4,3.8,5.6,2.6,8.295,0.617
20231016,51609,6.4,4.1,6.1,2.4,9.149,0.632
20231015,52783,6.5,3.8,6.1,2.7,9.168,0.624
20231014,56444,6.3,3.5,5.5,2.9,9.279,0.744
20231013,48653,6.3,3.6,5.7,2.3,7.711,0.683
20231012,49544,6.3,3.6,5.7,2.3,7.711,0.683
20231011,48111,6.4,3.4,6.1,3.6,7.728,0.706
20231010,54436,6.5,3.2,6.0,4.4,8.925,0.788
20231009,60065,6.4,3.1,6.4,3.4,9.593,0.753
20231008,59668,6.4,3.4,5.6,3.0,8.479,0.748
20231007,55250,6.4,3.3,5.7,3.2,8.214,0.748
20231006,61518,6.3,3.2,5.3,3.4,7.625,0.697
20231005,61542,6.4,3.3,11.4,3.5,10.152,0.793
20231004,60432,6.3,3.5,7.2,2.9,7.910,0.637
20231003,59561,6.4,3.4,7.5,3.2,8.565,6.32
20231002,59633,6.4,3.4,6.7,2.7,8.058,0.628
20231001,61750,6.4,3.2,6.2,2.9,7.876,.6310
20230930,60352,6.3,3.3,6.0,2.8,7.470,0.596
20230929,61885,6.4,3.2,5.9,2.8,6.473,0.638
20230928,60403,6.4,3.3,5.6,3.0,7.460,0.691
20230927,64958,6.3,3.3,5.5,2.8,7.460,0.689
20230926,63053,6.3,3.1,5.2,2.6,7.036,0.674
20230925,64491,6.4,3.0,5.1,2.4,6.507,0.550
20230924,67672,6.4,2.8,4.9,2.2,6.083,0.535
20230923,67715,6.4,2.7,4.5,2.0,5.603,0.524
20230922,66408,6.9,3.0,4.4,2.0,5.229,0.502
20230921,68686,6.9,3.1,3.6,2.0,5.229,0.502
20230920,70082,6.9,3.2,4.0,2.0,5.229,0.502
20230919,71047,6.9,3.4,3.5,2.0,5.229,0.502
20230918,72808,6.9,3.1,3.4,2.0,5.229,0.502
20230917,86136,6.9,3.4,3.6,2.0,5.229,0.502
20230916,72979,6.9,3.3,5.1,2.3,7.294,0.762
20230915,56405,6.8,3.2,5,2.3,7.440,0.700
20230914,58117,6.8,3.0,5.3,2.3,7.589,0.806
20230913,57981,6.9,3.5,5.0,2.3,7.967,0.776
20230912,61666,6.9,3.4,4.9,2.3,7.972,0.740
20230911,63777,6.9,3.4,5.0,2.2,8.656,0.683
20230910,60896,7,3.2,4.8,2.3,8.079,0.702
20230909,59916,7,3.1,4.6,2.2,8.185,0.716
20230908,61332,7,3.0,4.4,2.0,7.693,0.655
20230907,63716,7,2.7,4.9,1.9,6.547,0.598
20230906,62688,7,3.4,4.2,2.0,6.428,0.508
20230905,61679,7.1,2.9,4.0,1.8,5.559,0.459
20230904,65695,7,3.2,3.7,1.8,5.537,0.370
20230903,72889,7.1,2.7,3.2,1.6,4.793,0.334
20230902,74516,7,3.0,2.7,1.6,4.570,0.373
20230901,74489,6.9,2.8,3.5,2.1,3.211,0.629
20230831,63510,6.8,3.6,4.4,2.4,6.240,0.692
20230830,63510,6.8,3.5,4.5,2.4,8.424,0.721
20230829,64892,6.8,3.4,5.1,2.4,9.443,0.712
20230828,60746,6.9,3.3,4.2,2.1,8.374,0.528
20230827,61458,6.9,3.5,4.0,2.0,7.542,0.509
20230826,63932,6.9,3.3,3.5,1.8,7.059,0.473
20230825,63828,6.8.,3.3,3.7,2.3,6.410,0.535
20230824,71258,6.7,3.6,4.4,2.5,6.190,0.716
20230823,67299,6.8,3.5,4.5,2.5,6.273,0.728
20230822,61855,6.9,3.5,4.4,2.3,6.209,0.670
20230821,61226,6.9,5.2,4.2,2.4,4.806,0.566
20230820,60898,6.9,4.8,4,2.6,4.542,0.593
20230819,64807,6.8,2.8,5.7,2.8,6.015,0.729
20230818,60977,6.8,3.0,5.7,3.3,6.565,0.761
20230817,61261,6.8,3.7,6,3.3,6.265,0.898
20230816,62612,6.9,3.5,5.6,3.2,6.387,0.823
20230815,63987,6.9,3.9,5.6,2.8,7.172,0.777
20230814,61363,6.9,3.8,5.3,2.8,5.474,0.646
20230813,60127,7,3.7,6.0,2.8,6.012,0.656
20230812,64647,7,3.7,5.3,2.7,4.850,0.543
20230811,77241,7,4.3,4.6,2.5,3.319,0.392
20230810,112276,6.9,4.1,3.8,2.7,6.013,0.887
20230809,74173,6.8,4.3,6,3.5,6.022,0.892
20230808,54925,6.8,4.5,6.7,3.9,6.362,0.915
20230807,56557,6.9,4.1,6.5,4.0,6.151,0.939
20230806,56414,6.9,3.3,6.3,4.0,6.378,0.851
20230805,57559,6.9,3.2,6.8,4.3,6.475,0.919
20230804,58469,6.9,3.0,6.5,4.3,6.096,0.874
20230803,60804,6.8,3.4,5.9,4.3,5.890,0.866
20230802,55430,6.8,3.1,7.6,4.5,6.200,0.860
20230801,58622,6.8,3.4,6.5,4.2,7.003,0.859
20230731,59597,6.9,3.5,6.7,4.3,2.359,0.719
20230730,58319,6.9,3.2,6.8,3.9,2.359,0.713
20230729,60859,6.8,3.1,8.0,3.4,2.359,0.706
20230728,57733,6.8,2.8,6.1,3.2,2.359,0.669
20230727,58930,6.9,2.8,6.1,3.2,2.359,0.626
20230726,57313,6.9,2.4,5.9,3.5,2.359,0.625
20230725,56431,6.8,2.4,5.8,3.4,2.359,0.609
20230724,58657,6.9,2.5,5.4,3.5,5.634,0.577
20230723,57169,7,2.7,7.2,3.3,6.016,0.573
20230722,52992,7,2.9,6.0,4.0,5.215,0.443
20230721,67043,7.1,2.2,4.5,2.8,4.826,0.493
20230720,62222,7.2,2.0,4.3,2.5,3.647,0.369
20230719,86843,7.1,2.2,3.2,2.5,4.790,0.330
20230718,83580,7.1,2.1,4.7,2.5,4.379,0.338
20230717,82163,7,1.6,3.1,2.5,5.029,0.324
20230716,85711,7.1,1.9,4.8,3.1,3.931,0.492
20230715,72074,7,2.3,5.0,2.8,5.609,0.459
20230714,81673,7,1.9,4.9,2.6,4.271,0.482
20230713,83473,7,2.2,4.5,2.8,4.338,0.321
20230712,90187,7,2.2,3.9,2.5,3.351,0.384
20230711,71422,7,2.0,5.0,2.7,5.050,0.423
20230710,70275,7,1.8,4.8,2.7,4.895,0.313
20230709,74468,7,2.8,3.9,2.6,5.650,0.327
20230708,76761,7,2.6,5.6,2.7,4.456,0.422
20230707,68956,6.9,2.4,4.4,3.1,4.780,0.543
20230706,63428,6.9,2.2,5.0,3.0,4.129,0.462
20230705,70948,6.9,2.2,5.5,3.3,3.990,0.605
20230704,62354,6.9,2.0,6.7,3.4,5.527,0.604
20230703,64275,6.9,2.5,5.8,3.1,5.301,0.514
20230702,62007,7,3.7,5.5,3.2,5.110,0.522
20230701,70300,7,3.6,5.3,3.1,5.199,0.476
20230630,76435,7.0,3.9,4.1,3.0,5.117,0.472
20230629,66741,6.9,3.7,4.8,2.9,5.141,0.403
20230628,86568,6.9,3.7,4.6,2.7,2.896,0.430
20230627,63584,6.8,4.0,5.4,3.2,5.171,0.49
20230626,68380,6.6,3.8,4.5,3.5,2.202,0.629
20230625,59916,6.9,4.6,6.5,4.0,6.810,0.838
20230624,56374,6.8,3.9,6.4,4.2,6.761,0.832
20230623,58393,6.8,4.6,5.9,3.8,6.794,0.731
20230622,59932,6.7,4.6,6,3.4,8.942,0.639
20230621,69220,6.7,4.4,6.1,3.5,8.209,0.876
20230620,56599,6.7,4.2,6.2,3.7,8.106,0.812
20230619,57155,6.7,4.8,6.2,4.0,8.400,0.778
20230618,54731,6.8,4.6,6.2,3.6,8.443,0.803
20230617,55271,6.7,4.6,6.7,3.9,8.308,0.872
20230616,56690,6.7,4.6,6.7,3.8,8.633,0.841
20230615,55655,6.8,4.4,6.6,4.3,8.633,0.953
20230614,56766,6.7,4.7,6.4,4.2,9.754,0.87
20230613,57745,6.7,4.6,6.4,4.9,10.272,0.826
20230612,57867,6.8,4.6,6.2,4.1,10.517,0.955
20230611,58313,6.7,4.9,6.9,5.1,10.252,0.848
20230610,57556,6.8,4.5,7,4.7,11.022,0.89
20230609,55676,6.8,4.4,5.9,4.2,9.073,0.759
20230608,55561,6.9,4.4,6,4.1,8.793,0.716
20230607,56742,6.8,3.9,7.1,4.1,8.444,0
20230606,56605,6.8,3.8,6.8,4.0,8.963,0.584
20230605,57893,6.8,4.0,6.9,3.5,8.628,0.502
20230604,58757,6.8,4.0,5.6,3.1,7.332,0.428
20230603,57828,6.8,4.3,5.4,2.9,6.652,0.365
20230602,60530,6.8,4.5,4.6,3.0,5.019,0.361
20230601,58618,6.8,4.5,5,3.1,6.572,0.3640
20230531,60573,6.7,4.6,4.4,2.9,5.798,0
20230530,67966,6.6,4.7,4.1,3.7,3.657,0
20230529,63641,6.7,4.5,6.2,4.7,9.485,0.9
20230528,58498,6.7,4.5,6.6,4.1,9.108,0.839
20230527,52770,6.8,4.5,6.6,4.0,7.718,0.841
20230526,53840,6.7,4.8,6.7,3.8,8.376,0.804
20230525,53831,6.7,4.7,6.4,3.5,8.044,0.766
20230524,53498,6.7,4.2,6.1,3.3,8.816,0.678
20230523,52796,6.7,4.5,5.8,3.3,9.317,0.624
20230522,55124,6.7,4.5,5.8,3.3,5.097,0.52
20230521,57699,6.7,4.4,5.5,3.1,5.692,0.463
20230520,57297,6.7,4.2,4.6,3.0,4.472,0.406
20230519,59595,6.8,3.7,4.6,3.0,2.025,0.461
20230518,58425,6.7,4.6,7.3,3.8,6.168,0.67
20230517,54171,6.7,4.8,6.5,3.5,6.486,0.59
20230516,51549,6.7,4.5,6.4,3.6,6.892,0.558
20230515,54137,6.6,4.5,6.9,3.4,5.982,0.517
20230514,57182,6.6,4.2,5.5,3.2,6.157,0.433
20230513,63150,6.6,4.2,5.1,3.3,6.421,0.56
20230512,55490,6.7,3.8,5.9,3.3,6.394,0.521
20230511,53364,6.7,4.0,6.2,3.1,6.526,0.476
20230510,53920,6.7,4.7,5.6,3.0,6.281,0.376
20230509,82571,6.8,4.9,5.3,2.9,5.843,0.289
20230508,86322,6.7,4.5,4.7,2.9,5.120,0.273
20230507,91196,6.6,4.2,4.1,2.8,5.642,0.31
20230506,90977,6.7,4.4,4.5,3.1,3.206,0.421
20230505,92015,6.6,4.1,5.1,3.7,5.402,0.866
20230504,81106,6.6,4.8,6.9,3.7,7.282,0.974
20230503,87665,6.6,4.7,7,3.7,7.516,0.8960
20230502,83304,6.6,4.5,6.8,3.5,7.749,0.738
20230501,80869,6.6,4.5,6.6,3.5,9.036,0.669
20230430,84960,6.5,4.5,5.9,3.2,7.631,0.622
20230429,90404,6.6,4.8,6.9,3.7,9.730,0.792
20230428,83501,6.6,4.7,7.1,3.5,8.883,0.704
20230427,87026,6.6,4.7,6.4,3.8,8.492,0.652
20230426,83094,6.5,4.7,5.6,3.2,7.449,0.601
20230425,83901,6.6,4.8,6.8,3.5,9.303,0.865
20230424,83420,6.6,4.5,7.3,3.7,8.921,0.778
20230423,76373,6.6,4.6,6.7,3.5,8.420,0.817
20230422,81004,6.6,4.7,7.0,3.8,8.492,0.652
20230421,87211,6.6,4.7,7.4,3.8,8.055,0.818
20230420,82747,6.6,4.8,7.1,4.0,8.223,0.817
20230419,85431,6.6,5.0,7.0,3.7,8.792,0.803
20230418,86844,6.5,4.8,6.5,3.7,9.251,0.5890
20230417,85680,6.5,4.8,6.4,3.6,7.753,0.611
20230416,82195,6.5,4.5,6.3,3.6,9.410,0.621
20230415,88105,6.4,3.8,6.4,3.6,6.928,0.607
20230414,86874,6.5,4.9,7.6,3.7,9.086,0.758
20230413,79500,6.6,5.0,7.1,3.9,8.602,0.777
20230412,80151,6.5,4.9,6.8,3.8,9.041,0.702
20230411,81083,6.5,4.8,6.7,3.4,9.197,0.613
20230410,85759,6.5,5.0,5.9,3.4,7.982,0.511
20230409,83750,6.6,5.2,5.3,3.2,7.686,0.457
20230408,80157,6.6,4.8,5.5,3.1,7.588,0.449
20230407,88484,6.5,4.9,4.8,2.8,6.758,0.442
20230406,82881,6.4,5.1,5.2,3.3,4.178,0.615
20230405,89554,6.6,5.2,7.4,3.6,8.918,0.911
20230404,76509,6.5,5.0,7.6,3.4,9.554,0.766
20230403,77656,6.5,5.1,7.7,3.4,9.761,0.768
20230402,74878,6.6,5.1,8.7,3.6,11.781,0.823
20230401,70405,6.5,4.9,7.8,3.4,10.182,0.777
20230331,77615,6.5,4.8,6.6,3.3,9.671,0.694
20230330,77709,6.5,3.6,6.9,3.2,9.143,0.676
20230329,75905,6.5,3.4,6.4,2.8,8.910,0.601
20230328,76331,6.5,2.6,6.7,2.8,8.480,0.497
20230327,78847,6.5,5.0,5.9,2.9,8.250,0.454
20230326,79368,6.6,5.2,6.0,2.8,8.563,0.432
20230325,86166,6.5,5.0,5.4,2.8,8.016,0.386
20230324,81899,6.5,4.9,5.2,2.8,7.357,0.425
20230323,88593,6.5,4.6,6.0,3.4,9.591,0.876
20230322,76414,6.5,4.9,7.5,3.5,9.531,0.917
20230321,74532,6.5,4.7,7.4,3.7,9.763,1.021
20230320,73240,6.5,4.6,7.6,3.7,7.382,0.984
20230319,78257,6.5,4.7,7.8,3.6,7.934,1.007
20230318,78754,6.5,4.9,8.4,3.9,7.987,0.938
20230317,77018,6.5,5.0,7.9,3.7,7.299,0.972
20230316,79256,6.5,4.9,8.2,3.5,7.302,0.846
20230315,75847,6.5,4.8,7.9,3.4,7.368,0.848
20230314,76863,6.5,4.7,7.4,3.4,7.630,0.781
20230313,73563,6.4,4.7,8.2,3.4,6.593,0.815
20230312,80084,6.5,5.0,8.0,3.5,8.333,0.976
20230311,77121,6.6,4.7,8.0,3.7,8.603,0.974
20230310,80433,6.5,5.0,7.8,3.7,8.058,0.883
20230309,85200,6.6,5.0,8.5,4.0,12.513,1.070
20230308,79603,6.5,4.9,7.5,3.4,9.086,0.941
20230307,72426,6.5,4.8,7.7,3.6,9.587,0.920
20230306,81532,6.4,4.9,7.8,3.6,8.735,0.838
20230305,77228,6.5,5.1,7.3,3.4,8.110,0.806
20230304,75798,6.4,5.0,7.2,3.5,9.123,0.873
20230303,76663,6.5,5.1,7.9,3.7,9.865,0.924
20230302,76792,6.4,5.1,8.5,4.2,10.187,0.955
20230301,78852,6.5,4.9,8.2,3.9,10.115,0.909
20230228,76981,6.5,4.8,7.7,3.6,8.906,0.886
20230227,79052,6.4,4.9,8.2,3.7,9.253,0.839
20230226,79241,6.4,4.9,8.0,3.6,9.418,0.748
20230225,76067,6.5,5.2,8.2,3.9,9.560,0.906
20230224,77512,6.5,4.8,7.6,3.7,8.888,0.887
20230223,78713,6.4,5.1,7.1,4.4,3.115,0.891
20230222,76846,6.5,4.8,7.0,4.1,3.115,0.799
20230221,82700,6.5,5.0,7.1,4.2,3.115,0.775
20230220,77715,6.5,5.1,8.8,4.2,2.861,0.769
20230219,78955,6.4,4.9,9.2,3.8,3.653,0.749
20230218,79065,6.4,5.3,8.2,3.9,7.589,0.854
20230217,79630,6.5,4.9,8.0,4.1,7.485,0.865
20230216,80617,6.4,5.3,8.2,4.0,7.967,0.823
20230215,77642,6.5,5.0,7.6,3.7,5.556,0.737
20230214,78625,6.4,5.3,7.5,3.8,7.634,0.721
20230213,79352,6.4,5.3,7.0,3.7,9.220,0.611
20230212,75004,6.5,5.6,6.8,3.5,9.220,0.611
20230211,77751,6.5,5.4,5.6,3.4,8.683,0.548
20230210,74924,6.5,4.9,7.0,3.9,9.977,0.774
20230209,77552,6.5,5.0,8.5,4.0,9.037,0.748
20230208,76741,6.5,4.8,7.7,3.9,9.308,0.716
20230207,77208,6.5,4.4,8.3,4.0,9.832,0.367
20230206,76975,6.4,4.5,7.4,3.5,9.980,0.317
20230205,75005,6.4,4.6,7.5,3.7,10.067,0.349
20230204,77526,6.4,4.3,7.4,3.6,9.265,0.356
20230203,76338,6.4,5.5,6.9,3.5,9.545,0.233
20230202,77042,6.4,5.2,7.2,3.6,10.379,0.387
20230201,80111,6.4,4.9,6.9,3.4,10.720,0.012
20230131,76921,6.4,5.1,6.2,3.7,10.646,0.547
20230130,76210,6.3,5.2,7.4,3.5,10.795,0.544
20230129,77788,6.3,5.1,7,3.5,10.960,0.542
20230128,80531,6.4,4.9,7.2,3.5,11.084,0.616
20230127,77548,6.4,4.4,6.4,3.7,12.590,0.588
20230126,76110,6.4,4.2,7.0,3.6,13.049,0.753
20230125,75884,6.3,4.5,6.8,3.9,12.530,0.618
20230124,81222,6.4,4.4,6.5,3.9,11.734,0.688
20230123,81850,6.3,4.5,6.7,3.8,11.820,0.653
20230122,76786,6.4,4.4,6.7,3.8,10.257,0.659
20230121,81283,6.4,4.4,6.1,3.6,10.214,0.662
20230120,84965,6.4,4.5,6.6,3.8,11.061,0.576
20230119,86662,6.4,4.9,7.3,4.0,11.948,0.639
20230118,64368,6.4,4.9,6.8,3.8,11.605,0.640
20230117,79026,6.4,4.6,6.4,4.0,12.816,0.530
20230116,85503,6.4,4.8,6.5,3.6,12.034,0.555
20230115,83568,6.46,4.4,6.0,3.6,12.745,0.592
20230114,85680,6.3,4.9,5.6,3.6,11.675,0.709
20230113,89437,6.4,4.7,7.8,4.4,12.563,0.976
20230112,81034,6.4,4.6,7.8,3.9,11.094,0.732
20230111,77053,6.4,4.5,7.4,3.7,10.810,0.978
20230110,74156,6.4,4.8,7.41,3.9,11.541,0.756
20230109,81716,6.4,4.6,8.5,4.0,12.780,0.765
20230108,69681,6.4,4.4,6.7,3.7,12.346,0.767
20230107,77585,6.4,4.7,7.4,3.9,11.653,0.785
20230106,77935,6.4,4.7,7.9,4.0,10.673,0.769
20230105,76645,6.4,4.8,7.5,4.0,11.040,0.684
20230104,76851,6.3,4.9,7.5,4.0,11.522,0.730
20230103,75422,6.4,4.8,7.2,4.4,11.107,0.750
20230102,74911,6.4,4.8,8,4.2,11.084,0.740
20230101,73765,6.4,4.6,8.1,4.0,11.617,0.750
20221231,74785,6.4,4.5,6.5,3.9,10.778,0.693
20221230,75348,6.4,4.5,6.6,3.8,10.491,0.636
20221229,75064,6.5,4.6,7.7,4.0,10.693,0.640
20221228,76231,6.4,4.4,7.5,4.3,10.412,0.660
20221227,74920,6.4,4.1,8.2,4.1,10.321,0.609
20221226,78746,6.7,4.4,7.9,4.1,10.605,0.554
20221225,71802,6.7,4.3,8.0,4.2,10.936,0.561
20221224,73876,6.7,3.9,6.9,4.0,10.904,0.572
20221223,78176,6.7,4.6,7.1,4.0,10.963,0.507
20221222,75591,6.6,4.5,6.1,3.8,11.148,0.456
20221221,83176,6.6,4.8,6.8,4.1,11.886,0.654
20221220,74983,6.6,4.7,7.1,4.0,10.828,0.664
20221219,72047,6.6,4.7,7.8,4.5,13.584,0.673
20221218,79031,6.5,4.6,7.2,4.5,12.620,0.648
20221217,72720,6.6,4.6,6.9,4.5,12.688,0.652
20221216,74953,6.6,4.9,7.4,4.6,11.510,0.764
20221215,74795,6.6,4.7,8.0,4.7,10.516,0.721
20221214,79296,6.6,4.6,7.2,4.5,10.869,0.742
20221213,78409,6.6,4.5,7.7,4.8,10.384,0.799
20221212,75009,6.6,4.6,9.5,4.6,9.976,0.739
20221211,81090,6.6,4.6,8.2,4.6,9.895,0.759
20221210,78113,6.6,4.9,8.0,4.8,10.474,0.807
20221209,81090,6.6,4.7,7.5,4.7,10.253,0.809
20221208,78055,6.6,5.0,7.3,4.1,10.235,0.780
20221207,78808,6.6,5.1,10.0,4.0,10.908,0.717
20221206,79470,6.6,5.1,7.7,4.3,10.862,0.634
20221205,80623,6.6,5.0,7.6,4.5,10.103,0.663
20221204,83134,6.6,4.9,7.1,4.4,9.603,0.664
20221203,81675,6.6,4.8,7.0,4.5,9.470,0.591
20221202,80099,6.5,5.0,6.9,4.4,10.038,0.538
20221201,78447,6.5,5.0,8.6,4.7,8.626,0.634
20221130,84793,null,4.9,8.9,4.6,10.730,0.866
20221129,91165,null,5.2,8.9,4.6,10.730,0.866
20221128,82987,null,5.2,10.0,4.7,8.331,0.676
20221127,81939,null,5.5,9.9,4.7,8.578,0.672
20221126,83078,null,4.6,10.0,4.9,8.137,0.836
20221125,71501,null,4.7,9.7,4.6,9.023,0.749
20221124,76313,null,5.0,9.6,3.8,8.246,0.655
20221123,82330,null,4.9,7.4,3.3,7.323,0.686
20221122,78927,null,4.2,9.3,3.4,7.323,0.850
20221121,80924,null,5.0,9.1,3.7,7.323,0.819
20221120,78219,null,4.9,10.5,3.8,7.323,0.833
20221119,83211,null,4.7,8.9,3.5,7.323,0.827
20221118,81066,null,4.6,8.5,3.8,7.323,1.009
20221117,74231,null,4.7,9.0,3.6,7.323,0.926
20221116,77843,null,4.6,8.2,3.4,7.323,0.854
20221115,76396,null,5.5,8.0,3.3,7.616,0.794
20221114,72443,null,6.7,8.0,3.7,6.928,0.747
20221113,80481,null,6.3,5.3,3.4,8.508,1.104
20221112,76753,null,5.5,8.2,3.4,5.682,0.988
20221111,75504,null,5.5,9.4,3.5,7.396,1.018
20221110,79927,null,5.2,9.3,3.3,8.253,1.088
20221109,71639,null,4.9,9.2,3.2,8.434,0.852
20221108,70779,null,4.7,8.8,3.1,7.807,1.016
20221107,77189,null,4.8,9.0,3.0,6.950,0.902
20221106,83493,null,5.0,9.4,3.2,8.578,0.965
20221105,70101,null,5.0,9.6,2.9,8.523,0.909
20221104,78645,null,4.8,8.2,2.9,8.105,0.898
20221103,75433,null,4.6,8.6,2.9,8.133,0.857
20221102,74140,null,4.7,8.8,3.0,9.778,1.019
20221101,80508,null,4.9,9.4,3.1,9.778,0.870
20221031,78276,null,4.8,8.8,2.9,9.778,0.787
20221030,78320,null,5.1,9.1,2.7,9.778,0.801
20221029,75295,null,4.6,9.4,2.7,9.778,0.815
20221028,70828,null,4.8,8.3,2.6,9.778,0.778
20221027,75036,null,4.7,8.7,2.6,9.778,0.665
20221026,79316,null,4.6,10.0,2.7,9.778,0.628
20221025,82798,null,4.7,10.2,2.7,9.778,0.616
20221024,81589,null,4.7,10.4,3.1,9.778,0.804
20221023,82024,null,5.0,9.4,3.1,9.778,0.797
20221022,81260,null,4.6,9.1,3.0,9.778,0.924
20221021,80226,null,4.4,8.6,2.7,9.778,0.866
20221020,86831,null,4.8,9.9,2.6,9.778,0.774
20221019,80029,null,4.9,9.5,2.5,9.778,0.683
20221018,83607,null,4.8,10.6,2.8,9.826,0.682
20221017,78125,null,5.1,9.4,3.3,11.419,0.794
20221016,83307,null,4.9,11.3,3.2,11.272,0.786
20221015,84244,null,4.8,9.6,2.6,11.358,0.915
20221014,81989,null,4.7,5.0,2.7,10.453,0.882
20221013,83298,null,4.9,9.6,2.7,9.121,0.878
20221012,82914,null,4.9,6.8,3.1,9.896,0.931
20221011,83990,null,4.7,2.6,0.0,2.155,0.815
20221010,80962,null,4.9,2.6,0.1,2.764,0.817
20221009,82455,null,4.9,2.6,0.2,3.155,0.826
20221008,83838,null,4.5,2.6,0.2,10.865,1.024
20221007,86564,null,4.4,2.6,2.9,7.596,0.315
20221006,68656,null,4.7,2.6,2.6,7.596,0.315
20221005,83346,null,4.9,2.6,2.9,7.596,0.315
20221004,81672,null,4.5,2.6,2.9,7.596,0.315
20221003,80444,null,4.7,2.6,2.9,7.596,0.315
20221002,80444,null,5.0,2.6,2.9,7.596,0.315
20221001,79526,null,4.6,2.5,3.0,7.075,0.319
20220930,84732,null,4.9,2.1,2.7,6.771,0.302
20220929,80963,null,4.9,2.6,2.8,7.004,0.276
20220928,80398,null,4.5,4.0,3.3,9.758,0.307
20220927,82437,null,4.8,2.7,3.0,7.868,0.287
20220926,79565,null,4.8,2.1,2.9,6.670,0.270
20220925,84708,null,4.9,2.0,2.6,6.961,0.279
20220924,84090,null,4.9,2.1,2.9,6.904,0.281
20220923,86378,null,4.4,6.9,3.0,7.064,0.298
20220922,83296,null,4.7,7.2,2.6,6.613,0.273
20220921,85431,null,4.6,5.5,2.7,6.574,0.230
20220920,86970,null,4.6,4.9,2.6,5.249,0.200
20220919,98037,null,4.6,2.5,2.5,3.124,0.242
20220918,89887,null,4.7,7.9,3.1,8.371,0.300
20220917,86029,null,4.8,7.0,2.8,6.354,0.282
20220916,85672,null,4.8,8.0,2.8,7.816,0.301
20220915,85333,null,4.6,8.6,3.0,6.809,0.299
20220914,90947,null,4.4,6.6,2.5,7.970,0.297
20220913,82548,null,4.4,6.0,2.4,7.652,0.287
20220912,78624,null,4.0,5.7,2.0,7.688,0.286
20220911,78069,null,4.5,5.7,2.2,8.805,0.240
20220910,80555,null,4.9,4.4,2.2,5.103,0.235
20220909,86379,null,4.8,2.9,2.1,5.672,0.199
20220908,90014,null,4.5,5.4,2.1,4.400,0.236
20220907,96767,null,4.7,3.1,2.2,6.441,0.190
20220906,104916,null,4.5,6.2,2.3,5.925,0.410
20220905,97354,null,4.1,4.9,2.1,6.099,0.296
20220904,86552,null,5.1,4.1,2.2,5.101,0.271
20220903,92028,null,4.3,3.6,2.4,3.940,0.302
20220902,102318,null,4.5,8.4,2.7,6.781,0.479
20220901,90786,null,4.4,22.6,2.8,6.781,0.463
20220831,91934,null,5.1,11.9,3.4,6.781,0.606
20220830,83242,null,4.4,10.0,3.5,6.781,0.615
20220829,85829,null,4.5,9.4,3.5,6.781,0.621
20220828,85750,null,4.8,8.4,3.2,6.781,0.606
20220827,85866,null,4.9,7.3,3.7,6.781,0.726
20220826,70616,null,4.5,6.0,2.5,6.781,0.549
20220825,82258,null,4.7,4.5,2.5,6.781,0.438
20220824,89933,null,3.9,7.5,2.9,6.781,0.581
20220823,88430,null,3.6,6.0,2.7,6.781,0.611
20220822,89826,null,3.8,4.9,2.5,6.781,0.468
20220821,86904,null,4.2,3.6,2.3,6.781,0.458
20220820,87430,null,4.7,6.0,2.8,6.781,0.600
20220819,83487,null,4.9,6.0,2.8,6.781,0.498
20220818,87044,null,4.4,3.5,2.7,6.781,0.390
20220817,93716,null,4.7,2.3,3.4,6.781,0.744
20220816,79373,null,4.6,10.4,4.2,6.781,0.793
20220815,79667,null,4.6,11.5,4.2,6.781,0.760
20220814,80664,null,4.8,12.7,3.8,6.781,0.733
20220813,85196,null,4.7,11.9,3.9,6.781,0.737
20220812,78941,null,4.5,10.3,3.3,6.781,0.866
20220811,81524,null,4.9,9.9,3.9,6.871,0.888
20220810,75739,null,5.1,8.8,3.8,6.781,0.913
20220809,76100,null,4.9,7.3,3.8,6.781,1.004
20220808,74480,null,4.7,8.0,3.9,5.137,0.893
20220807,80237,null,4.7,7.1,3.7,6.337,0.923
20220806,80650,null,5.3,6.8,3.3,5.319,0.889
20220805,82662,null,4.7,6.6,3.4,4.891,0.767
20220804,82775,null,4.9,3.9,3.6,6.571,0.806
20220803,79618,null,4.9,5.1,3.4,6.674,0.810
20220802,78113,null,4.6,7.5,4.3,6.568,0.826
20220801,79987,null,5.1,9.1,4.2,5.277,0.636
20220731,84706,null,5.0,8.8,4.4,5.410,0.644
20220730,82767,null,4.9,7.1,4.7,6.541,0.746
20220729,84201,null,4.6,7.4,4.8,7.399,0.683
20220728,81750,null,4.9,6.3,4.9,6.546,0.685
20220727,86682,null,4.9,5.2,4.1,6.126,0.552
20220726,80771,null,5.0,3.6,3.1,5.929,0.483
20220725,79752,null,5.2,2.4,3.0,4.897,0.423
20220724,91497,null,5.2,5.4,3.6,5.995,0.649
20220723,86267,null,5.1,5.2,3.5,6.594,0.619
20220722,87225,null,5.2,4.1,3.3,6.843,0.434
20220721,90153,null,4.9,4.4,3.3,7.132,0.505
20220720,89145,null,5.1,17.5,2.8,6.166,0.359
20220719,82782,null,5.0,17.5,3.0,2.080,0.327
20220718,93124,null,5.0,17.5,4.4,6.893,0.631
20220717,80802,null,5.2,17.5,4.7,6.278,0.559
20220716,87824,null,5.2,17.5,4.6,6.861,0.536
20220715,87350,null,5.4,17.5,4.3,6.808,0.628
20220714,87875,null,5.4,13.6,5.0,7.164,0.625
20220713,84804,null,5.1,11.9,5.3,6.572,0.421
20220712,88900,null,5.3,7.1,5.1,4.750,0.421
20220711,86269,null,5.2,11.5,5.8,8.187,0.421
20220710,78803,null,5.3,9.3,6.5,9.151,0.421
20220709,74871,null,5.1,8.0,6.2,9.314,0.421
20220708,75876,null,5.0,7.9,7.1,9.086,0.421
20220707,74783,null,5.4,9.8,5.2,7.925,0.421
20220706,78240,null,4.8,9.8,5.2,7.925,0.421
20220705,86706,null,4.6,8.1,4.8,7.067,0.421
20220704,85333,null,4.8,7.2,4.0,7.450,0.421
20220703,85155,null,4.8,8.7,4.7,7.243,0.418
20220702,92082,null,4.9,7.7,4.9,7.600,0.453
20220701,78813,null,5.0,5.6,3.6,7.268,0.367
20220630,88139,null,4.7,4.5,3.6,6.843,0.256
20220629,92732,null,5.0,3.8,2.9,6.144,0.045
20220628,88000,null,5.1,4.6,3.8,6.068,0.468
20220627,89753,null,5.0,8.4,4.5,6.779,0.502
20220626,81335,null,5.0,6.9,4.2,6.869,0.625
20220625,85117,null,4.9,5.2,4.5,6.363,0.536
20220624,91101,null,5.1,9.6,6.0,9.479,0.845
20220623,83711,null,5.1,8.5,5.7,6.797,1.168
20220622,75248,null,5.1,9.4,4.7,7.508,0.904
20220621,78190,null,5.2,11.6,5.1,7.781,0.801
20220620,76955,null,5.1,9.2,4.6,7.583,0.949
20220619,79644,null,4.9,10.5,5.2,6.948,0.879
20220618,75064,null,5.0,11.4,5.4,6.886,0.985
20220617,74864,null,5.2,11.5,5.2,7.203,0.955
20220616,75481,null,5.0,11.5,4.9,6.190,0.793
20220615,77322,null,5.1,11.1,4.7,6.246,0.679
20220614,78398,null,5.1,12.4,5.1,7.762,0.882
20220613,78136,null,5.1,10.3,3.9,7.373,0.778
20220612,74560,null,5.0,9.4,4.5,7.520,0.862
20220611,71899,null,4.9,8.4,4.3,7.604,0.829
20220610,75735,null,5.1,9.0,3.6,8.093,0.733
20220609,77198,null,4.9,7.9,3.7,7.351,0.709
20220608,73262,null,5.0,8.4,3.4,7.582,0.539
20220607,76031,null,5.1,6.2,4.1,6.936,0.450
20220606,87563,null,4.9,3.5,3.3,4.086,0.470
20220605,85137,null,5.1,10.9,5.1,8.927,0.871
20220604,77677,null,5.1,9.7,4.9,8.996,0.944
20220603,75201,null,5.2,10.6,5.6,10.938,0.948
20220602,77672,null,5.1,11.0,5.2,9.190,0.685
20220601,73166,null,5.0,11.1,4.7,8.802,0.888
20220531,78942,null,5.1,11.0,4.7,8.802,0.888
20220530,84711,null,5.5,10.8,4.1,8.285,0.830
20220529,79957,null,5.0,10.4,4.3,8.816,0.859
20220528,78622,null,5.0,10.1,3.8,8.068,0.859
20220527,76242,null,4.5,9.1,4.1,9.115,0.756
20220526,77015,null,4.4,8.5,4.3,7.736,1.133
20220525,80182,null,5.0,8.1,4.2,7.624,1.038
20220524,76967,null,5.0,8.4,4.0,8.369,0.953
20220523,76416,null,5.2,7.8,3.6,8.277,1.033
20220522,71879,null,5.1,8.5,3.6,8.342,0.970
20220521,73863,null,5.1,8.9,3.2,8.185,1.040
20220520,77574,null,5.3,8.6,3.4,8.058,1.099
20220519,78747,null,5.0,9.5,3.7,8.409,0.992
20220518,73931,null,4.8,9.9,3.7,7.717,0.897
20220517,77519,null,5.0,9.8,3.5,8.181,0.869
20220516,74987,null,5.2,9.3,3.4,8.181,0.856
20220515,76425,null,5.0,8.8,3.2,10.501,0.903
20220514,76644,null,5.1,8.6,3.6,9.072,1.020
20220513,78160,null,5.0,7.8,3.3,9.051,1.015
20220512,77457,null,5.1,7.6,3.3,9.587,0.940
20220511,75886,null,5.0,7.3,3.3,10.321,0.822
20220510,72449,null,4.9,7.4,3.9,9.717,0.999
20220509,76306,null,4.9,7.9,3.6,8.787,0.907
20220508,71767,null,4.9,7.7,3.9,10.899,0.981
20220507,79269,null,5.1,7.5,3.9,9.743,0.945
20220506,75393,null,5.2,7.1,3.5,8.294,0.949
20220505,76801,null,4.8,7.5,3.0,7.014,0.870
20220504,80881,null,5.2,7.1,2.7,6.906,0.812
20220503,74920,null,3.8,5.9,2.6,7.355,0.771
20220502,75461,null,4.7,6.5,2.5,7.769,0.680
20220501,77318,null,4.2,4.9,2.5,8.068,0.614
20220430,72084,null,5.1,4.2,2.5,6.626,0.565
20220429,80939,null,5.0,4.8,2.7,7.099,0.602
20220428,79296,null,4.7,0.0,3.1,6.417,0.965
20220427,88180,null,5.1,0.0,3.2,4.782,0.508
20220426,91011,null,5.0,0.0,4.2,8.354,1.199
20220425,75963,null,4.8,0.0,4.0,9.902,0.965
20220424,72798,null,4.9,0.0,4.7,9.708,0.996
20220423,74514,null,4.8,0.0,4.6,9.328,0.954
20220422,74516,null,4.9,0.0,3.9,11.507,0.847
20220421,78225,null,4.3,0.0,4.3,10.620,0.902
20220420,76701,null,5.1,0.0,3.9,11.728,0.853
20220419,71306,null,5.0,4.0,4.0,12.446,0.806
20220418,74361,null,4.9,5.7,3.8,9.021,0.773
20220417,69949,null,5.0,6.6,4.4,9.297,0.843
20220416,70703,null,4.7,6.7,4.0,9.716,0.868
20220415,76634,null,4.7,6.7,4.6,10.599,0.932
20220414,72323,null,4.9,7.8,5.3,10.825,0.966
20220413,71634,null,4.6,7.0,4.6,11.003,0.971
20220412,78176,null,4.8,6.4,3.5,10.209,0.881
20220411,70128,null,4.7,5.6,3.6,9.724,0.805
20220410,71866,null,4.6,6.5,3.6,10.235,0.834
20220409,68511,null,4.6,6.6,4.2,10.626,0.813
20220408,74400,null,4.7,6.4,3.5,8.491,0.701
20220407,73587,null,5.0,7.1,3.2,8.966,0.612
20220406,77416,null,4.9,7.2,2.9,8.074,0.281
20220405,73964,null,4.6,7.2,2.9,8.202,0.286
20220404,78060,null,4.5,6.9,3.0,8.125,0.239
20220403,74799,null,4.9,6.5,3.2,8.047,0.450
20220402,75318,null,4.9,6.6,3.0,8.216,0.871
20220401,78197,null,5.0,6.6,2.9,8.797,0.658
20220331,68907,null,5.0,5.2,2.2,8.557,0.851
20220330,78959,null,4.6,4.5,2.3,8.566,0.720
20220329,79728,null,4.9,3.9,2.3,7.106,0.589
20220328,75666,null,4.6,3.7,2.3,7.034,0.579
20220327,80463,null,4.9,2.6,2.0,6.897,0.527
20220326,82336,null,5.1,3.3,2.8,7.657,0.827
20220325,73609,null,4.1,8.4,3.9,9.010,0.955
20220324,74373,null,5.2,6.8,3.4,11.248,0.884
20220323,70351,null,5.1,7.9,2.6,9.849,0.735
20220322,67996,null,4.4,7.9,2.6,9.865,0.735
20220321,67064,null,5.1,8.0,2.4,10.265,0.673
20220320,65576,null,4.9,6.3,2.4,10.110,0.626
20220319,69057,null,4.8,4.1,2.4,9.886,0.611
20220318,76275,null,4.8,5.4,2.6,9.125,0.697
20220317,66715,null,5.1,8.0,3.1,10.717,0.815
20220316,65060,null,5.2,7.9,3.7,11.648,0.851
20220315,67731,null,5.1,8.0,3.2,9.818,0.772
20220314,65909,null,4.9,8.2,3.1,8.196,0.759
20220313,62393,null,4.6,7.7,3.0,7.932,0.773
20220312,66759,null,4.8,7.5,3.4,8.858,0.921
20220311,68242,null,4.7,7.1,3.4,9.595,0.970
20220310,68800,null,4.5,8.4,3.3,9.099,0.892
20220309,63336,null,4.6,9.0,3.6,9.099,0.963
20220308,68495,null,4.6,9.2,3.6,8.735,0.847
20220307,69348,null,4.4,8.9,3.4,9.297,0.805
20220306,67459,null,4.6,9.9,3.5,9.297,0.809
20220305,68002,null,4.8,9.4,3.7,9.235,0.859
20220304,65841,null,4.7,9.6,3.3,8.667,0.781
20220303,69217,null,4.8,10.7,3.3,10.006,0.815
20220302,68432,null,4.7,8.6,2.8,9.610,0.799
20220301,66391,null,4.8,8.5,3.3,10.435,0.840
20220228,67764,null,4.7,7.4,2.8,9.512,0.786
20220227,65935,null,4.8,8.1,3.0,9.512,0.770
20220226,65863,null,4.5,7.9,3.3,9.748,0.814
20220225,67307,null,5.0,8.6,3.7,9.364,0.806
20220224,69230,null,4.8,16.8,4.2,12.142,0.966
20220223,68813,null,4.6,9.4,4.8,12.600,0.881
20220222,70043,null,4.8,8.4,3.7,12.222,1.052
20220221,70805,null,4.8,9.8,3.7,10.980,0.842
20220220,68741,null,4.9,9.4,3.6,11.421,0.911
20220219,68943,null,4.5,9.4,4.4,10.821,0.895
20220218,72028,null,4.9,8.8,3.4,11.408,0.867
20220217,68679,null,4.5,9.2,3.8,11.910,0.986
20220216,69771,null,4.8,8.7,3.7,11.701,0.982
20220215,68635,null,4.3,8.2,3.3,12.213,0.995
20220214,70000,null,4.3,8.3,3.2,12.235,0.906
20220213,66036,null,4.8,8.4,3.1,12.121,0.852
20220212,67230,null,4.8,8.7,3.5,12.613,0.966
20220211,71285,null,4.1,0.1,3.2,12.056,0.923
20220210,68924,null,3.9,2.8,3.6,12.655,0.892
20220209,72137,null,4.5,4.3,2.8,13.074,0.804
20220208,72827,null,4.6,4.7,3.9,12.702,0.874
20220207,73619,null,4.6,7.5,2.4,11.929,0.704
20220206,69232,null,5.0,8.2,3.3,12.306,0.751
20220205,69041,null,4.9,7.3,3.4,12.478,0.796
20220204,69992,null,4.6,7.1,3.4,12.572,0.820
20220203,71366,null,4.9,7.1,2.9,11.929,0.775
20220202,70018,null,5.0,8.0,3.7,12.004,0.750
20220201,69336,null,5.4,7.3,3.8,11.513,0.806
20220131,71069,null,5.3,8.1,5.1,11.851,0.821
20220130,65017,null,4.5,7.2,5.0,13.275,0.930
20220129,69527,null,5.2,6.8,4.8,11.949,0.887
20220128,70457,null,5.2,6.6,4.7,12.295,0.895
20220127,69941,null,4.1,7.4,4.8,11.368,0.878
20220126,71926,null,4.3,7.1,3.6,11.012,0.733
20220125,71163,null,4.5,8.5,3.4,11.634,0.819
20220124,69639,null,4.4,15.6,3.2,10.490,0.679
20220123,71190,null,4.3,15.6,2.9,10.746,0.752
20220122,70039,null,4.3,10.8,2.9,10.551,0.706
20220121,67918,null,4.9,9.2,2.9,11.367,0.764
20220120,66045,null,3.8,8.9,3.6,11.626,0.807
20220119,68242,null,4.4,8.6,3.2,11.200,0.737
20220118,69753,null,4.2,7.3,3.3,11.291,0.730
20220117,68760,null,3.9,6.3,3.7,9.696,0.703
20220116,66759,null,4.1,7.3,5.5,11.720,0.905
20220115,67935,null,4.3,7.6,5.4,12.140,0.877
20220114,62004,null,4.3,7.3,3.7,12.867,0.891
20220113,66943,null,3.8,8.6,3.3,11.934,0.801
20220112,66591,null,3.9,8.2,3.3,12.083,0.831
20220111,68397,null,4.2,7.5,3.1,12.767,0.837
20220110,70938,null,4.2,9.9,2.5,11.299,0.625
20220109,67226,null,4.1,8.1,3.2,11.308,0.794
20220108,64843,null,4.5,8.5,3.6,10.796,0.799
20220107,66788,null,4.5,9.7,3.6,11.488,0.857
20220106,71025,null,4.5,7.9,3.2,10.961,0.723
20220105,69532,null,4.4,9.2,3.0,10.610,0.637
20220104,68109,null,4.4,8.6,2.7,10.548,0.701
20220103,69733,null,4.5,8.2,2.7,10.091,0.633
20220102,66653,null,4.4,6.9,2.1,9.763,0.754
20220101,65149,null,4.4,6.5,2.4,9.938,0.784
20211231,68155,null,3.9,6.3,2.4,10.205,0.768
20211230,68707,null,3.6,6.4,1.8,10.410,0.672
20211229,69626,null,4.0,6.6,2.5,10.987,0.810
20211228,69037,null,3.8,7.0,2.4,10.865,0.653
20211227,67529,null,4.5,6.9,2.4,12.049,0.695
20211226,64523,null,4.4,6.2,2.8,11.331,0.745
20211225,64928,null,4.1,6.5,3.1,10.207,0.746
20211224,68226,null,4.4,6.5,3.3,9.783,0.734
20211223,70935,null,4.2,7.9,3.3,9.935,0.834
20211222,61766,null,4.1,6.8,3.1,10.171,0.733
20211221,65610,null,4.2,6.4,2.9,10.596,0.706
20211220,67009,null,4.4,5.8,3.0,11.466,0.696
20211219,68906,null,4.3,5.9,3.1,11.732,0.814
20211218,70413,null,4.2,6.5,3.0,11.501,0.797
20211217,67140,null,4.2,6.3,2.5,10.618,0.770
20211216,69019,null,4.2,5.5,2.7,10.939,0.807
20211215,68098,null,4.3,5.8,2.9,10.861,0.742
20211214,70890,null,4.2,7.1,3.3,10.540,0.875
20211213,58887,null,4.3,5.4,2.4,10.369,0.797
20211212,56939,null,4.5,5.9,2.2,10.270,0.680
20211211,68538,null,4.6,6.5,2.0,9.694,0.760
20211210,70408,null,4.6,7.1,2.4,9.761,0.671
20211209,68454,null,4.1,7.4,3.0,9.632,0.656
20211208,71388,null,4.0,9.4,2.9,9.222,0.584
20211207,68413,null,4.5,6.6,2.0,9.808,0.653
20211206,67237,null,4.4,6.6,3.4,0.144,0.608
20211205,60741,null,4.2,6.3,2.6,8.156,0.619
20211204,66880,null,4.4,5.3,2.6,8.035,0.231
20211203,67587,null,4.2,5.0,2.5,8.197,0.564
20211202,69137,null,4.4,4.4,2.5,8.874,0.554
20211201,70663,null,3.7,3.0,2.3,7.368,0.642
20211130,68984,null,4.5,5.0,2.5,8.342,0.647
20211129,70702,null,4.4,4.6,2.5,9.237,0.691
20211128,69286,null,4.5,7.2,2.6,8.871,0.771
20211127,70215,null,4.3,6.0,2.8,8.275,0.853
20211126,70606,null,3.8,6.5,2.9,8.610,0.739
20211125,69586,null,3.7,5.1,3.2,9.171,0.751
20211124,69665,null,4.1,5.5,2.9,9.034,0.784
20211123,68531,null,3.7,5.1,2.2,8.115,0.704
20211122,72537,null,4.0,4.4,2.2,9.736,0.848
20211121,70685,null,4.5,3.3,2.2,9.313,0.859
20211120,70304,null,3.9,3.7,2.3,9.212,0.875
20211119,67763,null,4.1,3.3,2.3,9.492,1.102
20211118,69005,null,3.8,3.3,1.9,9.068,0.684
20211117,64175,null,3.9,3.4,1.8,9.018,0.763
20211116,69826,null,4.4,3.5,1.7,9.401,1.294
20211115,69200,null,4.8,3.2,2.5,8.912,0.787
20211114,67184,null,4.6,4.2,2.8,9.009,0.885
20211113,71451,null,4.5,3.4,2.4,8.872,0.860
20211112,68569,null,3.8,5.0,2.4,9.402,0.844
20211111,69680,null,3.8,5.2,2.8,9.027,0.643
20211110,73098,null,4.2,5.5,2.4,4.564,0.571
20211109,73389,null,4.3,3.1,1.7,3.318,0.500
20211108,78247,null,3.9,7.1,2.8,5.526,0.715
20211107,71281,null,4.0,7.3,3.0,10.121,0.746
20211106,74923,null,3.7,6.7,2.5,10.634,0.827
20211105,73125,null,3.9,6.4,2.3,10.297,0.737
20211104,74842,null,4.0,0.0,2.3,9.956,0.745
20211103,72790,null,4.1,0.0,2.2,10.117,0.731
20211102,68786,null,3.7,0.0,2.2,9.700,0.780
20211101,68222,null,3.6,0.0,2.4,6.068,0.754
20211031,72604,null,3.9,0.0,2.4,9.893,0.781
20211030,76676,null,4.0,0.0,2.5,10.058,0.829
20211029,68731,null,4.1,0.0,2.4,10.360,0.885
20211028,72533,null,4.1,0.0,2.4,9.869,0.855
20211027,72289,null,3.8,0.0,2.4,10.626,0.836
20211026,71252,null,3.6,0.0,2.5,5.059,0.789
20211025,69452,null,3.5,1.7,2.1,9.781,0.930
20211024,75648,null,3.6,0.0,1.9,9.904,0.855
20211023,73243,null,3.6,0.0,2.3,9.714,0.812
20211022,73701,null,3.4,0.8,1.6,8.889,0.774
20211021,70978,null,3.3,7.3,1.9,9.578,0.841
20211020,76961,null,4.4,6.8,1.5,9.666,0.782
20211019,75909,null,3.7,6.4,1.3,9.677,0.725
20211018,71704,null,4.1,5.0,1.6,8.958,0.692
20211017,76445,null,4.2,6.0,1.6,8.904,0.740
20211016,80767,null,3.9,8.4,2.7,10.497,0.892
20211015,78857,null,4.4,6.2,2.4,10.335,0.865
20211014,78460,null,4.0,6.4,1.9,10.096,0.737
20211013,72342,null,4.2,7.6,1.0,10.784,0.687
20211012,76741,null,4.3,7.5,1.2,11.276,0.733
20211011,74487,null,3.9,6.2,1.0,10.541,0.712
20211010,69584,null,4.1,7.9,1.4,10.562,0.803
20211009,78343,null,3.5,9.6,2.5,11.037,0.878
20211008,80542,null,3.6,5.4,4.3,7.204,0.603
20211007,80673,null,3.7,5.4,4.3,7.204,0.603
20211006,81016,null,4.3,5.4,4.3,7.204,0.603
20211005,73993,null,3.6,5.4,4.3,7.204,0.603
20211004,69366,null,3.6,5.4,4.3,7.204,0.603
20211003,71659,null,3.7,5.4,4.3,7.204,0.603
20211002,69276,null,4.1,4.8,8.4,7.288,0.604
20211001,85758,null,3.6,6.8,1.7,7.224,0.431
20210930,92321,null,4.4,6.8,1.7,7.224,0.431
20210929,80781,null,3.9,6.8,1.7,7.224,0.431
20210928,79261,null,4.5,6.8,1.7,7.224,0.431
20210927,73404,null,4.1,6.8,1.7,7.224,0.431
20210926,72824,null,3.8,6.8,1.7,7.224,0.431
20210925,78827,null,4.5,6.8,1.7,7.224,0.431
20210924,77743,null,4.5,6.8,1.7,7.224,0.431
20210923,79255,null,3.5,6.8,1.7,7.224,0.431
20210922,79375,null,4.3,7.5,1.6,7.404,0.398
20210921,80182,null,3.7,5.8,2.0,7.601,0.458
20210920,77191,null,3.7,4.8,1.7,7.484,0.447
20210919,75375,null,3.4,4.0,1.6,7.274,0.443
20210918,79097,null,3.9,6.5,1.6,7.084,0.392
20210917,92451,null,4.6,1.2,2.1,8.922,0.725
20210916,74513,null,4.3,1.2,1.8,8.255,0.690
20210915,76042,null,4.2,1.2,1.9,7.527,0.691
20210914,86167,null,3.9,9.6,2.6,8.122,0.749
20210913,80615,null,4.2,7.6,2.8,8.524,0.725
20210912,75001,null,4.5,8.1,2.4,8.044,0.721
20210911,71930,null,4.3,7.7,2.2,8.076,0.765
20210910,79484,null,4.4,9.5,2.2,8.225,0.688
20210909,78391,null,4.2,8.8,2.6,7.963,0.677
20210908,80437,null,4.0,6.6,2.0,8.286,0.675
20210907,81777,null,3.8,7.3,2.2,8.548,0.681
20210906,79678,null,2.9,6.8,2.1,8.332,0.591
20210905,77885,null,3.2,4.6,1.8,8.133,0.606
20210904,76845,null,3.9,4.3,1.9,7.891,0.581
20210903,78704,null,3.8,3.7,2.0,8.122,0.563
20210902,78695,null,4.0,4.4,2.1,6.720,0.528
20210901,80622,null,3.5,3.4,2.1,8.439,0.552
20210831,78731,null,3.7,3.3,2.2,7.837,0.430
20210830,83487,null,3.2,1.9,2.8,8.631,0.346
20210829,79994,null,3.1,2.3,1.8,6.780,0.332
20210828,87965,null,3.6,0.0,1.9,6.728,0.348
20210827,79895,null,3.4,0.0,1.9,7.577,0.354
20210826,93457,null,2.9,0.0,1.8,8.632,0.369
20210825,90191,null,3.4,0.4,2.3,8.286,0.408
20210824,100739,null,3.1,0.0,2.2,7.258,0.420
20210823,91821,null,3.5,0.7,2.3,6.836,0.401
20210822,90312,null,3.8,0.0,2.0,7.390,0.453
20210821,96940,null,4.0,7.6,3.0,8.118,0.748
20210820,84857,null,4.3,6.9,2.5,7.187,0.677
20210819,75807,null,4.0,5.0,2.7,6.638,0.713
20210818,86077,null,4.5,3.0,2.4,6.400,0.626
20210817,81456,null,4.5,7.5,3.7,8.324,0.833
20210816,77819,null,4.3,10.7,3.4,5.821,0.639
20210815,70675,null,4.4,8.4,3.3,6.771,0.810
20210814,82690,null,4.4,9.5,4.2,7.335,0.931
20210813,81619,null,4.3,8.1,3.8,8.181,0.992
20210812,79034,null,4.3,9.5,3.8,7.963,0.870
20210811,83935,null,4.0,9.9,3.2,7.867,0.813
20210810,85653,null,4.1,11.3,2.9,7.477,0.741
20210809,83615,null,4.5,9.0,2.8,7.407,0.658
20210808,81933,null,3.9,5.5,3.0,5.458,0.854
20210807,78326,null,4.2,8.9,3.4,8.535,0.934
20210806,82630,null,3.8,8.6,2.7,8.991,0.915
20210805,83165,null,3.9,7.0,3.7,9.178,1.089
20210804,79833,null,3.8,8.2,3.6,8.635,0.998
20210803,82552,null,3.7,8.6,3.1,9.016,0.952
20210802,74978,null,3.4,12.1,3.3,8.930,0.820
20210801,78560,null,3.8,11.0,3.1,8.402,0.832
20210731,77689,null,3.8,9.1,3.0,8.874,0.966
20210730,75434,null,3.8,10.6,3.3,9.200,1.036
20210729,82610,null,3.9,10.2,3.2,9.171,0.975
20210728,81609,null,4.2,10.4,3.1,9.192,0.959
20210727,83912,null,4.0,10.4,3.0,9.493,0.924
20210726,83911,null,3.7,8.8,2.9,9.213,0.831
20210725,72447,null,4.7,9.5,3.0,8.934,0.936
20210724,79930,null,3.8,8.4,3.0,10.169,1.041
20210723,81150,null,4.3,7.7,3.0,10.463,1.071
20210722,78854,null,3.9,6.4,2.9,9.874,1.061
20210721,83536,null,4.2,9.4,3.2,10.362,1.007
20210720,84837,null,4.4,9.9,3.3,10.044,0.864
20210719,84339,null,3.9,7.6,3.1,9.760,0.885
20210718,75822,null,4.5,10.6,3.3,9.097,0.830
20210717,74961,null,4.3,7.8,3.0,9.058,0.969
20210716,80109,null,4.2,8.8,2.7,9.164,0.825
20210715,81597,null,4.3,8.1,3.1,9.407,0.957
20210714,82228,null,2.8,6.7,2.8,8.725,0.765
20210713,81699,null,3.1,5.6,2.9,8.512,0.750
20210712,80691,null,3.1,9.2,3.0,7.828,0.644
20210711,78819,null,3.5,7.3,2.5,7.616,0.550
20210710,79761,null,3.9,4.4,2.0,6.710,0.469
20210709,76014,null,3.6,4.6,1.8,7.209,0.380
20210708,85160,null,3.4,0.0,1.4,8.736,0.312
20210707,84756,null,3.7,0.0,1.8,6.972,0.398
20210706,91339,null,3.7,1.8,2.0,5.464,0.569
20210705,84147,null,3.8,1.3,2.7,6.281,0.541
20210704,92343,null,3.9,2.6,3.4,5.828,0.717
20210703,83677,null,4.3,9.7,3.7,9.711,0.949
20210702,80970,null,4.0,9.9,3.8,9.719,0.931
20210701,80890,null,3.6,9.3,3.7,9.963,0.977
20210630,80610,null,4.1,9.3,4.0,9.595,0.920
20210629,78214,null,4.1,10.4,4.0,9.736,0.823
20210628,76164,null,4.5,8.2,3.6,9.311,0.775
20210627,76442,null,3.6,8.9,3.9,8.854,0.791
20210626,81653,null,3.4,8.9,3.9,9.585,0.858
20210625,81852,null,4.1,9.7,4.4,10.022,1.055
20210624,82388,null,3.6,10.1,4.2,10.464,0.943
20210623,79993,null,3.7,9.8,3.7,9.216,0.880
20210622,77056,null,3.8,8.5,3.2,9.042,0.819
20210621,72758,null,3.2,6.5,3.1,9.137,0.836
20210620,72862,null,3.2,8.3,2.7,9.140,0.716
20210619,82877,null,3.7,9.2,2.4,9.083,0.594
20210618,85151,null,3.3,6.1,2.1,8.958,0.508
20210617,87934,null,2.4,4.0,1.9,9.387,0.389
20210616,93935,null,3.9,2.3,1.9,7.382,0.473
20210615,81511,null,4.1,5.7,1.9,8.364,0.496
20210614,86045,null,3.7,0.0,1.7,7.842,0.415
20210613,76290,null,3.8,0.0,2.0,7.521,0.395
20210612,83277,null,4.2,0.0,2.1,4.992,0.590
20210611,91529,null,4.4,3.8,3.3,11.250,1.083
20210610,72680,null,3.6,2.7,3.1,10.161,1.106
20210609,70299,null,3.9,7.9,3.8,10.446,1.102
20210608,70601,null,4.1,6.3,3.6,10.481,1.072
20210607,73415,null,3.5,5.0,2.4,9.897,0.966
20210606,67033,null,3.3,5.6,2.3,10.637,0.940
20210605,75219,null,3.0,4.1,2.7,10.536,0.851
20210604,77721,null,4.7,0.0,2.1,7.853,0.762
20210603,82076,null,3.7,4.9,3.8,10.152,1.074
20210602,70557,null,3.9,6.8,3.8,10.154,1.109
20210601,73832,null,3.6,7.2,3.7,10.440,1.000
20210531,75755,null,3.4,7.2,3.9,9.525,0.906
20210530,75247,null,3.5,9.3,3.4,9.479,0.857
20210529,71602,null,3.6,8.3,4.2,9.278,1.076
20210528,73213,null,2.3,6.9,3.5,7.550,0.929
20210527,70562,null,3.9,7.1,3.3,7.729,0.882
20210526,72822,null,3.2,6.2,3.4,7.209,0.896
20210525,74378,null,3.7,6.6,3.2,8.568,0.787
20210524,75314,null,3.4,0.1,3.2,7.061,0.686
20210523,70578,null,3.3,0.1,3.1,6.983,0.663
20210522,71040,null,4.1,0.1,3.1,6.316,0.655
20210521,83377,null,4.6,6.3,3.2,7.206,0.595
20210520,80812,null,4.3,7.8,3.2,7.151,0.636
20210519,69120,null,4.0,7.8,3.0,7.471,0.697
20210518,77501,null,3.8,7.8,2.9,7.165,0.495
20210517,78268,null,4.6,7.8,2.8,6.858,0.407
20210516,90331,null,4.9,7.1,3.1,6.457,0.615
20210515,76904,null,4.7,10.8,3.4,7.210,0.881
20210514,70276,null,4.8,9.7,3.5,6.588,0.843
20210513,68310,null,4.9,10.4,3.7,6.798,0.899
20210512,68084,null,4.3,11.7,3.6,7.113,0.899
20210511,70759,null,4.7,10.8,3.5,6.660,0.794
20210510,73614,null,4.0,10.3,3.5,6.931,0.681
20210509,70864,null,4.5,9.3,3.4,7.305,0.724
20210508,71009,null,4.6,7.5,3.2,7.730,0.720
20210507,73479,null,4.6,7.5,3.1,7.992,0.592
20210506,76990,null,4.8,5.2,2.9,7.365,0.515
20210505,87496,null,4.3,2.6,3.0,6.924,0.563
20210504,73867,null,3.6,8.2,3.5,7.827,0.743
20210503,68808,null,4.5,7.1,6.0,8.235,0.711
20210502,69840,null,4.2,9.2,3.6,6.584,0.630
20210501,75891,null,3.9,7.2,4.2,6.894,0.768
20210430,75733,null,3.4,10.0,4.7,7.171,0.786
20210429,76267,null,3.9,9.9,3.9,7.611,0.847
20210428,74790,null,4.5,10.1,4.5,7.585,0.791
20210427,74536,null,4.4,8.9,4.0,7.419,0.797
20210426,69426,null,4.3,9.5,5.6,7.757,0.742
20210425,65394,null,4.2,8.6,3.4,7.926,0.796
20210424,75785,null,4.4,9.2,4.8,8.719,0.777
20210423,73152,null,4.5,7.9,6.0,8.265,0.873
20210422,75740,null,4.5,8.3,3.8,7.798,0.875
20210421,72354,null,4.7,8.6,3.8,8.298,0.767
20210420,77912,null,3.7,8.8,2.9,9.025,0.701
20210419,76455,null,4.5,6.7,3.1,8.301,0.674
20210418,64632,null,4.6,8.1,3.0,7.895,0.664
20210417,71574,null,4.5,7.5,2.9,8.098,0.605
20210416,74353,null,4.8,8.1,2.6,8.481,0.527
20210415,76842,null,4.9,7.2,2.6,8.798,0.466
20210414,82050,null,4.3,0.8,3.1,8.933,0.487
20210413,84165,null,4.8,2.9,2.7,7.166,0.575
20210412,75555,null,4.5,2.9,3.2,10.143,0.718
20210411,74221,null,4.4,2.8,3.1,10.367,0.734
20210410,77121,null,4.0,3.0,2.9,10.300,0.673
20210409,78305,null,4.6,11.6,2.4,10.071,0.612
20210408,79440,null,3.5,null,2.4,9.779,0.501
20210407,74968,null,4.7,5.6,2.4,10.091,0.439
20210406,80335,null,4.6,4.6,2.2,9.403,0.374
20210405,83435,null,4.5,2.8,2.2,9.640,0.362
20210404,90696,null,4.5,2.9,2.4,7.947,0.575
20210403,85857,null,4.2,8.6,3.0,10.716,0.734
20210402,80468,null,3.8,9.0,2.9,10.707,0.722
20210401,75041,null,4.1,7.5,2.6,9.718,0.634
20210331,74680,null,4.3,8.2,2.9,9.198,0.575
20210330,77789,null,4.2,8.7,2.7,9.708,0.549
20210329,81100,null,4.7,5.6,2.8,8.712,0.532
20210328,76214,null,4.5,8.0,3.3,8.470,0.654
20210327,78330,null,3.9,9.8,3.9,11.732,0.812
20210326,77811,null,3.9,9.5,3.8,11.281,0.846
20210325,73698,null,4.5,9.4,3.4,10.713,0.778
20210324,76389,null,3.9,8.5,4.3,10.862,0.805
20210323,73665,null,3.5,9.1,3.4,10.701,0.745
20210322,73897,null,4.0,10.0,3.3,11.121,0.711
20210321,76857,null,4.2,9.0,3.4,11.033,0.708
20210320,77839,null,3.9,11.1,3.6,12.113,0.850
20210319,74573,null,4.9,12.0,3.4,12.354,0.765
20210318,78296,null,4.4,8.3,3.0,11.369,0.708
20210317,76883,null,4.3,8.2,3.1,12.292,0.669
20210316,72398,null,5.1,9.1,2.9,12.356,0.659
20210315,76466,null,4.6,8.1,2.7,10.771,0.539
20210314,72248,null,4.7,7.9,2.7,11.484,0.537
20210313,80212,null,4.8,5.4,2.6,10.117,0.513
20210312,82372,null,4.4,8.8,3.0,12.110,0.821
20210311,71996,null,4.9,9.6,3.0,12.130,0.747
20210310,73184,null,4.8,9.7,3.3,11.481,0.818
20210309,72269,null,4.7,9.9,2.9,11.544,0.787
20210308,73287,null,4.5,9.6,2.7,11.227,0.697
20210307,74862,null,4.6,9.8,2.7,10.962,0.614
20210306,71899,null,3.8,10.3,2.7,10.046,0.530
20210305,75265,null,4.5,8.5,2.5,9.954,0.446
20210304,74285,null,4.8,11.0,2.6,10.597,0.437
20210303,77489,null,4.6,10.7,2.7,9.881,0.404
20210302,85617,null,4.3,0.1,2.9,6.824,0.556
20210301,76572,null,4.6,0.5,2.9,11.342,0.717
20210228,65512,null,4.6,0.5,2.9,11.078,0.722
20210227,69781,null,4.5,0.2,2.9,11.036,0.703
20210226,74916,null,4.4,0.0,3.1,11.790,0.800
20210225,75827,null,4.8,1.8,3.1,11.789,0.809
20210224,72749,null,4.7,2.6,3.8,12.087,0.826
20210223,71648,null,4.8,5.4,3.5,12.294,0.805
20210222,77682,null,4.7,5.7,3.2,12.463,0.784
20210221,72315,null,3.2,6.7,3.3,12.793,0.786
20210220,73807,null,4.6,6.9,3.0,12.835,0.776
20210219,73964,null,4.4,6.5,3.1,12.146,0.759
20210218,71247,null,3.9,7.7,3.0,13.161,0.771
20210217,73633,null,4.8,7.8,4.1,12.486,0.679
20210216,70147,null,4.6,7.9,3.2,11.685,0.607
20210215,77739,null,4.6,1.5,3.8,9.314,0.593
20210214,76007,null,4.7,7.5,4.2,12.477,0.717
20210213,70813,null,4.0,10.7,4.1,12.123,0.686
20210212,71863,null,4.3,7.7,4.3,11.437,0.705
20210211,71348,null,3.6,7.4,3.6,11.869,0.694
20210210,70588,null,4.6,8.7,4.6,12.181,0.689
20210209,73765,null,3.9,9.0,3.3,12.354,0.652
20210208,70980,null,4.3,9.2,3.2,11.971,0.588
20210207,72835,null,3.2,9.9,3.3,12.354,0.592
20210206,75668,null,4.4,10.8,3.3,12.360,0.585
20210205,74596,null,4.0,10.6,3.1,12.039,0.515
20210204,73625,null,4.6,11.0,3.0,11.788,0.506
20210203,74491,null,4.7,9.7,3.6,11.693,0.431
20210202,71352,null,3.8,9.1,2.9,10.622,0.392
20210201,78036,null,4.9,11.9,3.3,12.285,0.483
20210131,69823,null,4.1,11.9,3.5,12.406,0.505
20210130,70073,null,4.7,10.6,3.7,12.318,0.549
20210129,73090,null,3.9,6.6,3.9,12.276,0.608
20210128,72535,null,3.6,2.1,5.0,12.322,0.587
20210127,74810,null,4.3,2.1,7.1,11.030,0.553
20210126,78624,null,4.5,2.1,3.6,13.212,0.619
20210125,71381,null,4.4,1.0,3.6,12.304,0.547
20210124,72034,null,4.3,4.6,3.5,12.847,0.542
20210123,72212,null,3.8,5.9,3.4,12.819,0.571
20210122,73366,null,4.4,5.2,3.6,13.719,0.604
20210121,71568,null,4.2,5.2,3.5,13.024,0.624
20210120,71457,null,4.4,5.2,3.9,13.160,0.632
20210119,69092,null,4.1,5.2,3.4,13.260,0.617
20210118,70891,null,3.7,0.7,3.1,13.265,0.566
20210117,70965,null,4.5,0.8,3.1,13.064,0.616
20210116,69651,null,4.5,2.8,2.9,12.426,0.592
20210115,70806,null,3.8,5.9,3.1,14.015,0.572
20210114,71648,null,3.9,6.0,3.0,14.225,0.545
20210113,76704,null,3.5,0.4,3.0,14.341,0.585
20210112,73024,null,2.8,2.1,2.9,14.386,0.590
20210111,71345,null,3.6,1.6,2.8,14.325,0.589
20210110,73568,null,3.4,1.6,3.0,14.393,0.619
20210109,72107,null,2.6,1.1,2.9,14.371,0.615
20210108,72608,null,3.2,3.9,2.9,14.038,0.669
20210107,73834,null,2.9,5.1,3.1,13.534,0.655
20210106,77137,null,3.1,5.4,3.2,12.680,0.644
20210105,74239,null,3.1,5.7,3.1,12.487,0.670
20210104,75625,null,3.4,6.1,3.1,12.396,0.661
20210103,69756,null,3.7,6.5,3.1,11.711,0.650
20210102,72755,null,3.6,8.0,3.2,11.986,0.603
20210101,74710,null,2.9,7.2,3.0,13.812,0.554
20201231,71512,null,2.9,6.1,3.8,11.974,0.557
20201230,78785,null,3.5,3.0,3.4,9.974,0.563
20201229,76516,null,3.3,5.7,3.1,11.873,0.603
20201228,78761,null,3.4,5.2,3.0,11.983,0.540
20201227,73924,null,3.1,5.5,3.0,11.438,0.590
20201226,75128,null,2.9,5.2,3.0,10.106,0.582
20201225,74356,null,3.4,5.2,2.9,11.084,0.599
20201224,78168,null,3.4,5.0,2.7,11.262,0.571
20201223,72917,null,3.2,4.7,2.8,10.887,0.540
20201222,72590,null,3.1,7.1,2.4,11.902,0.518
20201221,76327,null,2.9,7.3,2.4,12.073,0.460
20201220,75261,null,3.2,2.0,2.5,11.998,0.476
20201219,76182,null,3.6,2.4,2.4,11.030,0.530
20201218,74676,null,3.5,2.3,2.5,11.191,0.554
20201217,75078,null,3.6,2.4,2.7,11.386,0.549
20201216,77517,null,2.8,4.3,3.1,11.618,0.571
20201215,78274,null,2.9,4.6,2.7,11.101,0.655
20201214,75457,null,3.0,4.6,3.3,10.335,0.641
20201213,79030,null,2.7,4.9,3.0,10.541,0.685
20201212,79222,null,2.9,4.5,2.9,10.285,0.705
20201211,72389,null,2.9,3.7,2.5,10.610,0.604
20201210,74803,null,3.2,3.7,2.5,10.362,0.594
20201209,74559,null,2.7,0.9,2.7,10.990,0.588
20201208,77095,null,3.1,1.4,2.4,10.642,0.571
20201207,73860,null,3.4,3.9,2.5,10.848,0.531
20201206,74358,null,2.7,5.0,2.4,10.489,0.580
20201205,74994,null,3.0,3.7,2.4,10.138,0.636
20201204,75465,null,2.7,3.7,2.6,9.898,0.619
20201203,77006,null,2.9,3.2,2.6,9.953,0.675
20201202,76320,null,2.6,1.9,3.0,9.714,0.661
20201201,76118,null,3.1,1.7,2.6,9.474,0.674
20201130,73929,null,2.9,4.9,2.6,10.260,0.653
20201129,72963,null,3.0,5.4,2.8,10.347,0.679
20201128,70890,null,2.7,5.5,2.6,10.371,0.751
20201127,78339,null,3.0,5.5,2.6,10.330,0.716
20201126,75202,null,2.8,4.8,2.4,10.080,0.702
20201125,74450,null,3.5,4.9,2.7,9.803,0.702
20201124,71904,null,3.7,0.0,2.4,9.936,0.676
20201123,74866,null,3.4,0.6,3.2,9.258,0.657
20201122,77450,null,3.5,0.0,2.7,9.082,0.627
20201121,79116,null,3.2,0.7,2.7,8.679,0.629
20201120,76125,null,3.0,2.2,3.8,8.243,0.631
20201119,78146,null,2.9,3.3,3.5,10.549,0.822
20201118,74591,null,3.5,5.4,3.1,9.678,0.779
20201117,75867,null,3.4,5.6,2.5,9.829,0.758
20201116,78053,null,3.6,5.9,3.8,9.479,0.675
20201115,76360,null,3.6,5.8,4.0,9.878,0.719
20201114,77889,null,3.0,5.6,3.2,9.958,0.710
20201113,75036,null,3.1,5.7,3.1,10.439,0.656
20201112,77684,null,3.0,6.9,2.6,9.710,0.801
20201111,77828,null,3.2,4.7,4.7,9.364,0.833
20201110,79221,null,3.5,3.0,3.1,9.586,0.745
20201109,77949,null,3.3,1.9,3.0,9.773,0.758
20201108,72195,null,3.1,1.8,3.3,9.203,0.787
20201107,76661,null,3.2,3.1,3.1,9.873,0.791
20201106,81430,null,3.3,1.7,2.9,9.424,0.711
20201105,82442,null,3.0,3.6,2.8,9.091,0.720
20201104,80852,null,3.5,3.3,3.9,9.455,0.757
20201103,81617,null,3.6,3.8,2.7,10.107,0.768
20201102,80569,null,2.9,4.6,3.6,10.059,0.771
20201101,78584,null,3.2,3.1,3.8,10.334,0.783
20201031,76475,null,3.0,4.4,4.1,10.269,0.808
20201030,80582,null,3.3,5.3,4.6,10.174,0.743
20201029,82783,null,3.4,4.6,3.7,11.097,0.795
20201028,82925,null,3.3,5.2,3.5,10.017,0.757
20201027,81204,null,3.2,4.4,2.6,8.930,0.702
20201026,80979,null,3.0,7.8,2.5,9.203,0.679
20201025,81069,null,3.9,4.2,2.5,9.298,0.676
20201024,81562,null,4.3,4.0,2.4,9.254,0.668
20201023,79099,null,3.5,0.0,2.7,9.881,0.612
20201022,79375,null,4.4,1.1,2.2,9.005,0.697
20201021,79341,null,4.0,1.7,2.6,9.021,0.757
20201020,80936,null,4.2,1.4,2.4,9.127,0.708
20201019,81727,null,3.1,2.0,2.8,8.315,0.704
20201018,81131,null,3.4,0.7,2.8,9.009,0.742
20201017,81982,null,3.8,3.5,3.0,9.382,0.732
20201016,87421,null,3.9,3.7,3.4,9.423,0.730
20201015,83700,null,3.9,3.6,2.9,9.637,0.728
20201014,85152,null,3.2,4.4,4.1,9.506,0.728
20201013,83026,null,3.0,2.6,2.9,9.662,0.646
20201012,80063,null,3.2,2.7,2.8,8.486,0.745
20201011,80898,null,2.8,2.1,3.1,8.184,0.803
20201010,82476,null,3.0,2.6,3.1,8.005,0.791
20201009,82382,null,2.6,2.7,3.1,8.337,0.831
20201008,83784,null,2.8,2.7,3.0,8.755,0.841
20201007,82136,null,3.0,3.3,2.8,7.898,0.814
20201006,79493,null,3.2,1.0,2.4,8.309,0.743
20201005,81682,null,2.9,0.5,2.7,6.307,0.732
20201004,79626,null,3.0,2.8,2.4,6.465,0.738
20201003,79186,null,2.6,4.0,2.2,6.243,0.733
20201002,81016,null,2.5,5.0,2.3,6.425,0.712
20201001,81752,null,2.2,3.7,2.5,5.876,0.702
20200930,82844,null,2.8,4.2,2.9,6.918,0.726
20200929,81442,null,2.6,3.5,2.5,6.894,0.784
20200928,80350,null,2.5,4.8,2.5,6.886,0.716
20200927,81427,null,3.4,5.6,2.5,6.910,0.754
20200926,81243,null,3.1,5.5,2.7,7.684,0.755
20200925,83136,null,2.8,4.4,2.4,7.583,0.644
20200924,81980,null,3.0,3.8,2.3,7.596,0.610
20200923,83527,null,2.4,6.5,3.1,7.119,0.421
20200922,86332,null,2.8,5.0,2.4,6.411,0.628
20200921,84396,null,3.1,5.6,2.4,6.156,0.547
20200920,84356,null,3.1,5.4,2.2,6.301,0.633
20200919,84836,null,2.4,3.5,2.2,6.339,0.619
20200918,84435,null,2.0,3.5,2.9,6.960,0.556
20200917,85754,null,1.8,6.6,2.6,7.025,0.695
20200916,85850,null,2.4,7.8,3.3,6.593,0.651
20200915,87886,null,1.7,8.7,2.3,7.304,0.564
20200914,85614,null,3.8,9.7,2.0,7.501,0.538
20200913,81381,null,2.1,7.7,1.9,7.373,0.540
20200912,85589,null,2.8,6.5,2.0,6.750,0.567
20200911,84082,null,3.2,6.7,2.0,6.692,0.499
20200910,84371,null,2.9,6.4,1.9,7.477,0.452
20200909,85544,null,3.6,5.0,2.0,5.460,0.343
20200908,87698,null,2.0,4.9,2.1,6.863,0.335
20200907,91975,null,1.8,0.2,2.2,8.031,0.422
20200906,87601,null,2.4,0.0,2.5,5.223,0.499
20200905,86150,null,3.5,6.1,3.3,6.322,0.727
20200904,67266,null,2.9,9.0,2.4,6.082,0.629
20200903,75090,null,2.8,7.2,2.0,4.967,0.619
20200902,88761,null,1.9,4.8,2.8,7.324,0.850
20200901,82348,null,3.9,5.2,2.3,6.421,0.698
20200831,82240,null,2.2,5.2,2.3,6.421,0.698
20200830,81301,null,3.0,4.3,2.4,6.499,0.503
20200829,85702,null,2.2,0.3,2.4,5.156,0.578
20200828,85520,null,3.4,1.2,4.5,6.882,0.682
20200827,83957,null,3.8,6.4,4.0,7.822,0.799
20200826,85370,null,2.2,6.8,3.1,7.670,0.803
20200825,85668,null,3.3,6.8,3.1,7.422,0.636
20200824,85432,null,2.9,6.6,3.0,7.206,0.530
20200823,82234,null,2.2,5.9,3.0,6.409,0.574
20200822,82996,null,1.8,7.5,4.0,7.118,0.597
20200821,85442,null,3.3,4.7,2.9,6.924,0.593
20200820,82740,null,3.7,7.1,4.2,8.294,0.577
20200819,85173,null,3.0,4.4,2.7,7.099,0.502
20200818,84881,null,2.3,4.2,2.5,7.881,0.417
20200817,85046,null,3.0,2.8,2.4,7.770,0.356
20200816,85380,null,2.6,2.2,2.3,7.282,0.312
20200815,86883,null,2.4,2.1,2.3,4.643,0.290
20200814,87987,null,2.6,3.3,2.6,5.383,0.288
20200813,86422,null,2.0,1.3,2.5,4.478,0.240
20200812,86077,null,1.8,2.3,2.5,4.603,0.217
20200811,85521,null,2.0,0.0,2.4,4.752,0.215
20200810,86272,null,1.4,0.0,2.6,5.343,0.204
20200809,85678,null,2.1,0.0,2.7,5.812,0.239
20200808,82766,null,1.7,1.6,3.1,5.096,0.448
20200807,82158,null,2.8,6.4,3.0,7.085,0.542
20200806,85889,null,3.2,5.9,3.0,6.989,0.411
20200805,74823,null,3.2,5.9,3.0,6.989,0.411
20200804,79711,null,3.5,5.4,2.9,6.707,0.341
20200803,85385,null,2.8,5.2,2.8,6.722,0.268
20200802,85378,null,2.4,4.9,2.9,7.712,0.258
20200801,86467,null,2.1,3.8,2.8,6.690,0.224
20200731,89745,null,2.4,4.9,2.7,7.244,0.214
20200730,92918,null,2.0,0.0,2.8,7.338,0.220
20200729,92815,null,1.5,0.8,2.8,7.291,0.261
20200728,94170,null,1.6,0.1,3.0,6.440,0.293
20200727,88399,null,1.5,1.3,1.5,7.300,0.262
20200726,82452,null,2.0,1.9,1.4,7.569,0.231
20200725,85726,null,1.8,1.9,1.6,8.238,0.211
20200724,90228,null,3.5,4.9,3.1,7.976,0.262
20200723,90074,null,3.3,0.2,3.5,6.448,0.326
20200722,86015,null,2.4,3.3,4.7,7.847,0.643
20200721,83550,null,2.9,5.7,4.1,8.782,0.612
20200720,84916,null,1.7,6.6,2.6,8.511,0.504
20200719,79640,null,3.3,6.0,2.5,8.565,0.496
20200718,80809,null,1.7,2.9,2.4,7.392,0.460
20200717,81502,null,1.7,4.1,2.4,7.138,0.392
20200716,84615,null,2.3,3.9,2.2,7.732,0.279
20200715,89378,null,1.9,3.4,2.2,8.658,0.234
20200714,92362,null,3.2,2.1,2.1,8.747,0.216
20200713,92322,null,3.0,0.0,2.2,5.499,0.270
20200712,84341,null,1.9,1.4,2.3,6.157,0.270
20200711,82533,null,2.4,0.4,2.7,6.446,0.340
20200710,87643,null,2.9,6.8,3.1,8.357,0.657
20200709,81301,null,2.0,6.9,2.9,8.815,0.673
20200708,78132,null,3.4,7.0,3.3,9.037,0.659
20200707,77685,null,3.2,6.8,2.8,8.025,0.591
20200706,76830,null,3.0,7.1,2.8,7.988,0.513
20200705,81237,null,1.3,5.1,2.8,7.981,0.523
20200704,77515,null,1.2,3.9,2.8,7.733,0.481
20200703,80351,null,2.9,4.1,2.9,6.718,0.438
20200702,83653,null,4.2,4.3,3.5,5.726,0.363
20200701,76794,null,3.3,2.0,2.9,6.187,0.352
20200630,84303,null,2.6,0.5,3.1,5.141,0.467
20200629,84505,null,2.4,9.7,3.4,6.943,0.535
20200628,81273,null,2.1,9.1,3.4,6.682,0.517
20200627,83466,null,3.4,8.3,3.3,6.511,0.483
20200626,84376,null,2.8,3.8,3.1,5.975,0.441
20200625,83750,null,3.8,3.7,4.5,6.136,0.693
20200624,86442,null,2.0,9.9,3.7,7.536,0.670
20200623,82658,null,2.7,8.6,3.6,7.641,0.656
20200622,79961,null,2.0,7.6,3.5,7.810,0.556
20200621,77614,null,2.8,6.7,3.5,7.383,0.544
20200620,80248,null,2.6,4.8,3.6,7.774,1.335
20200619,87290,null,2.0,2.8,3.5,6.239,0.534
20200618,81463,null,2.9,8.6,4.4,8.994,0.678
20200617,85393,null,3.6,9.6,3.9,8.979,0.607
20200616,82662,null,4.3,5.5,3.6,7.830,0.493
20200615,83569,null,3.5,0.0,3.6,7.068,0.390
20200614,84266,null,1.9,0.0,3.8,7.082,0.514
20200613,83453,null,2.9,0.0,4.3,7.479,0.750
20200612,76919,null,2.4,3.9,4.8,9.600,0.763
20200611,79892,null,3.3,4.0,4.7,10.565,0.933
20200610,78137,null,3.5,4.7,4.7,9.667,0.977
20200609,77856,null,4.0,5.3,4.2,8.969,0.918
20200608,77371,null,3.1,5.3,4.2,8.969,0.918
20200607,75976,null,4.3,7.0,4.3,10.125,0.841
20200606,77116,null,3.3,6.5,4.7,10.020,0.867
20200605,75938,null,3.7,6.3,4.3,10.072,0.890
20200604,77308,null,3.8,6.1,4.6,10.861,0.861
20200603,74192,null,2.7,9.0,5.0,11.497,0.930
20200602,86428,null,3.1,6.9,4.4,9.489,0.872
20200601,78225,null,2.8,5.5,4.8,9.750,0.847
20200531,77213,null,2.9,6.9,6.0,10.167,0.833
20200530,78034,null,3.3,7.0,5.7,9.939,0.863
20200529,79401,null,4.0,5.0,4.7,9.019,0.870
20200528,74155,null,3.9,5.2,4.0,8.532,0.815
20200527,77775,null,3.7,4.6,4.2,8.738,0.861
20200526,80571,null,3.5,6.5,4.7,8.277,0.827
20200525,77711,null,3.8,5.9,3.8,7.634,0.740
20200524,74631,null,3.7,5.0,3.6,7.690,0.773
20200523,73796,null,4.0,4.7,3.7,8.107,0.855
20200522,77069,null,3.9,6.6,3.8,8.231,0.815
20200521,77824,null,4.8,6.4,3.8,8.487,0.793
20200520,76409,null,4.0,5.1,3.8,8.537,0.763
20200519,78248,null,3.0,4.9,3.4,6.758,0.652
20200518,78090,null,4.0,5.7,3.5,6.652,0.646
20200517,77202,null,3.9,4.0,3.3,6.270,0.629
20200516,76991,null,3.3,4.0,3.3,6.180,0.612
20200515,78204,null,3.6,5.5,3.3,6.826,0.723
20200514,76476,null,3.7,6.3,3.3,6.570,0.688
20200513,77624,null,3.5,6.3,3.3,6.570,0.668
20200512,78347,null,4.0,6.6,3.2,6.500,0.520
20200511,79033,null,4.0,5.1,3.0,6.095,0.412
20200510,79318,null,3.1,1.5,3.0,5.442,0.429
20200509,78046,null,3.4,7.0,3.9,7.035,0.779
20200508,74208,null,4.0,7.4,3.4,6.856,0.715
20200507,74523,null,3.8,8.8,2.3,6.067,0.716
20200506,74427,null,3.0,8.8,2.4,3.485,0.668
20200505,75203,null,3.9,8.8,2.2,7.679,0.628
20200504,74635,null,2.8,8.8,1.6,6.500,0.523
20200503,72688,null,3.4,8.9,2.1,7.615,0.777
20200502,72144,null,2.7,10.8,2.5,8.554,0.790
20200501,73996,null,2.9,10.3,2.4,8.174,0.815
20200430,73319,null,3.8,11.3,2.5,8.366,0.812
20200429,73142,null,3.4,10.6,2.3,8.508,0.823
20200428,71525,null,3.0,9.5,2.4,8.005,0.690
20200427,76077,null,3.3,9.4,1.8,7.762,0.573
20200426,72297,null,4.1,9.5,1.9,8.040,0.543
20200425,75028,null,3.3,9.0,1.8,7.874,0.551
20200424,74868,null,4.0,9.1,1.9,8.517,0.553
20200423,76964,null,4.2,8.5,1.9,8.885,0.436
20200422,78215,null,3.9,8.5,1.6,7.505,0.438
20200421,79450,null,4.0,5.6,1.3,7.031,0.331
20200420,76419,null,3.4,5.1,1.6,5.823,0.332
20200419,77609,null,3.8,8.0,1.8,7.066,0.469
20200418,76672,null,3.0,7.6,2.2,6.191,0.465
20200417,79877,null,2.8,11.2,2.4,8.846,0.752
20200416,77651,null,2.5,9.3,2.4,8.929,0.668
20200415,72131,null,2.8,9.5,2.1,8.895,0.662
20200414,74297,null,2.8,9.6,1.9,8.387,0.505
20200413,75380,null,3.6,9.6,1.9,8.387,0.505
20200412,74524,null,2.4,8.3,2.5,8.581,0.640
20200411,73000,null,2.4,9.4,2.9,7.781,0.651
20200410,74629,null,3.6,10.3,2.7,7.586,0.649
20200409,75921,null,3.9,10.3,2.5,8.150,0.670
20200408,78790,null,2.9,11.2,3.1,9.180,0.722
20200407,75581,null,3.4,7.5,3.1,8.913,0.682
20200406,75378,null,3.4,5.6,3.3,8.531,0.687
20200405,74917,null,3.9,6.0,3.1,8.549,0.758
20200404,77238,null,4.3,7.1,3.5,9.107,0.760
20200403,78200,null,4.3,7.5,3.1,8.913,0.682
20200402,80997,null,4.1,7.7,2.7,8.516,0.617
20200401,83077,null,4.0,8.1,2.2,8.913,0.597
20200331,78443,null,4.0,6.0,2.0,8.111,0.492
20200330,73507,null,4.2,6.0,2.0,8.111,0.492
20200329,73394,null,3.4,5.5,1.7,7.899,0.505
20200328,75276,null,4.6,5.6,2.0,8.172,0.470
20200327,76813,null,3.8,5.3,1.9,7.313,0.527
20200326,79635,null,4.2,7.5,3.0,10.177,0.726
20200325,74032,null,3.2,5.3,2.1,8.870,0.587
20200324,75572,null,3.6,4.5,3.7,9.400,0.558
20200323,76704,null,3.5,4.2,3.7,9.338,0.546
20200322,73537,null,4.2,4.6,3.7,9.619,0.535
20200321,74147,null,4.5,4.7,3.8,9.858,0.598
20200320,73869,null,4.2,5.1,3.7,10.388,0.547
20200319,76026,null,6.2,3.7,3.7,10.287,0.557
20200318,76554,null,3.4,3.9,3.8,10.218,0.533
20200317,76574,null,4.3,4.5,3.8,9.956,0.467
20200316,78220,null,3.2,0.6,3.9,8.971,0.400
20200315,77299,null,3.1,3.2,3.8,9.756,0.419
20200314,76386,null,4.5,2.8,3.8,9.536,0.419
20200313,76955,null,4.1,4.0,3.7,9.879,0.369
20200312,77273,null,4.2,3.1,3.7,8.886,0.321
20200311,79971,null,3.9,3.2,3.6,10.329,0.292
20200310,83742,null,3.8,3.1,3.7,10.888,0.429
20200309,76413,null,3.7,4.3,3.7,13.463,0.380
20200308,76886,null,4.0,4.2,3.7,10.993,0.391
20200307,78125,null,3.7,5.4,3.9,12.137,0.557
20200306,77521,null,4.3,6.8,3.8,12.209,0.511
20200305,77405,null,3.6,5.5,3.7,11.435,0.542
20200304,76934,null,3.5,5.7,3.8,10.702,0.442
20200303,79713,null,4.2,5.6,3.8,10.118,0.398
20200302,77862,null,3.6,5.7,3.7,9.709,0.337
20200301,76775,null,3.7,5.8,3.7,10.014,0.294
20200229,79801,null,4.2,5.6,3.8,9.602,0.348
20200228,80438,null,3.9,4.9,3.6,10.735,0.326
20200227,78667,null,4.1,3.8,3.7,10.104,0.279
20200226,79237,null,4.2,4.3,3.6,10.114,0.271
20200225,77773,null,3.5,6.3,3.9,10.575,0.492
20200224,79006,null,3.6,6.4,3.7,10.254,0.409
20200223,76270,null,3.4,6.2,4.0,10.209,0.465
20200222,79319,null,3.8,5.7,3.9,9.089,0.512
20200221,84769,null,4.0,4.6,3.9,9.686,0.484
20200220,85021,null,3.8,4.4,3.9,9.842,0.442
20200219,81559,null,3.5,3.8,3.9,9.800,0.449
20200218,80549,null,3.2,3.8,4.0,9.951,0.449
20200217,79602,null,3.7,3.4,3.7,9.542,0.368
20200216,78998,null,4.2,3.7,3.8,10.406,0.445
20200215,80778,null,3.7,4.3,3.9,9.317,0.426
20200214,84099,null,3.5,4.7,3.9,9.368,0.348
20200213,90421,null,4.1,4.4,3.9,9.349,0.298
20200212,88704,null,3.9,5.7,4.1,10.424,0.505
20200211,81675,null,3.6,5.1,4.1,9.687,0.460
20200210,76869,null,3.5,6.8,3.9,8.910,0.558
20200209,76649,null,3.5,7.1,4.4,9.546,0.654
20200208,80367,null,2.9,6.1,4.4,9.492,0.699
20200207,79924,null,3.1,5.8,4.5,9.111,0.697
20200206,80091,null,3.2,5.9,4.2,9.202,0.624
20200205,80684,null,2.9,5.6,4.5,9.226,0.708
20200204,90085,null,3.2,6.7,4.1,9.518,0.590
20200203,83258,null,3.2,6.2,4.0,9.250,0.591
20200202,81294,null,3.1,6.1,4.0,8.811,0.529
20200201,84237,null,3.6,5.5,4.1,8.899,0.552
20200131,90169,null,3.2,4.8,3.8,8.820,0.491
20200130,84510,null,3.5,4.1,3.6,8.263,0.439
20200129,85366,null,3.1,3.3,3.6,9.736,0.403
20200128,87296,null,3.3,2.1,3.9,7.101,0.431
20200127,89199,null,3.9,4.8,4.0,10.392,0.686
20200126,81305,null,3.1,4.0,4.0,10.429,0.657
20200125,79067,null,3.0,3.2,4.0,8.670,0.666
20200124,81134,null,3.5,3.3,4.0,9.418,0.617
20200123,84392,null,5.0,3.3,4.0,8.918,0.663
20200122,80524,null,3.6,4.3,4.2,10.212,0.708
20200121,80153,null,3.9,4.5,4.2,9.785,0.688
20200120,82329,null,3.9,4.1,4.2,10.077,0.636
20200119,81390,null,4.0,3.9,4.2,10.370,0.679
20200118,81346,null,3.5,4.5,4.4,10.457,0.733
20200117,83450,null,2.9,5.1,4.4,8.971,0.647
20200116,85485,null,3.2,5.1,4.5,9.188,0.657
20200115,85187,null,4.5,4.8,4.2,9.699,0.698
20200114,82674,null,4.3,5.0,4.2,9.796,0.673
20200113,82191,null,4.4,5.0,4.2,9.030,0.610
20200112,82585,null,4.1,4.9,4.2,9.799,0.620
20200111,81377,null,3.8,4.7,4.3,10.618,0.679
20200110,82401,null,4.2,5.0,4.4,9.829,0.665
20200109,88109,null,4.8,5.5,4.3,10.060,0.558
20200108,88730,null,4.6,4.6,4.0,10.376,0.569
20200107,89987,null,4.1,3.2,4.3,9.091,0.601
20200106,87617,null,4.3,6.2,4.6,10.057,0.771
20200105,87273,null,3.8,6.2,4.5,9.733,0.739
20200104,87779,null,4.1,5.7,4.4,10.080,0.813
20200103,87022,null,4.3,5.0,4.1,10.671,0.798
20200102,82567,null,4.4,5.3,4.1,9.826,0.774
20200101,80937,null,4.4,6.3,4.1,10.371,0.747
20191231,85697,null,4.2,5.1,4.2,9.519,0.681
20191230,87703,null,4.8,3.5,4.0,8.949,0.682
20191229,79714,null,4.1,6.2,4.1,9.684,0.836
20191228,82183,null,4.4,4.9,4.3,9.845,0.814
20191227,86819,null,4.1,5.4,4.4,10.984,0.849
20191226,86580,null,4.4,5.2,4.4,11.857,0.804
20191225,83973,null,4.3,5.3,4.2,10.669,0.848
20191224,84588,null,4.2,6.9,4.2,10.723,0.753
20191223,85063,null,4.6,5.6,4.2,10.476,0.737
20191222,81437,null,4.4,5.8,4.3,11.110,0.794
20191221,83780,null,4.6,5.6,4.1,10.153,0.779
20191220,84978,null,4.4,9.4,4.2,9.879,0.790
20191219,87663,null,4.8,9.3,4.1,11.082,0.808
20191218,85284,null,4.4,9.2,4.4,10.373,0.782
20191217,85284,null,4.6,9.1,4.3,10.663,0.737
20191216,86924,null,4.4,9.4,4.0,10.238,0.720
20191215,84356,null,4.8,8.9,4.2,10.031,0.723
20191214,84090,null,5.1,8.9,4.4,11.034,0.780
20191213,86134,null,5.0,9.3,4.4,10.000,0.766
20191212,89310,null,4.6,9.1,4.9,10.489,0.857
20191211,89310,null,4.3,9.2,4.5,10.479,0.757
20191210,87520,null,4.1,8.7,4.4,10.610,0.710
20191209,87246,null,3.8,8.3,4.2,10.078,0.770
20191208,83593,null,4.0,8.1,4.2,9.997,0.696
20191207,86770,null,3.6,8.3,4.3,10.249,0.679
20191206,88325,null,3.2,8.0,4.1,9.121,0.726
20191205,85860,null,4.1,8.1,4.2,9.445,0.711
20191204,87600,null,3.6,8.2,4.0,9.249,0.634
20191203,87600,null,4.0,7.6,4.0,9.485,0.548
20191202,91372,null,3.9,7.6,4.1,6.769,0.448
20191201,92760,null,3.8,9.0,4.4,9.047,0.671
20191130,93645,null,3.9,8.6,4.7,8.377,0.756
20191129,87803,null,4.1,8.7,4.8,8.612,0.777
20191128,90885,null,4.0,8.8,4.7,9.256,0.724
20191127,89743,null,3.8,10.0,5.0,11.579,0.727
20191126,77620,null,4.9,9.0,4.8,11.547,0.655
20191125,94224,null,5.2,8.6,4.6,8.994,0.676
20191124,91676,null,4.8,8.5,4.8,8.994,0.683
20191123,91675,null,4.2,8.4,4.6,8.994,0.768
20191122,91076,null,4.4,8.2,4.6,10.725,0.782
20191121,88493,null,4.1,8.6,4.7,10.435,0.758
20191120,90863,null,3.9,6.9,5.3,10.315,0.740
20191119,91178,null,4.2,7.9,5.1,9.670,0.664
20191118,91817,null,4.5,8.2,4.7,10.079,0.713
20191117,93677,null,4.4,11.3,4.5,9.284,0.774
20191116,91030,null,4.2,7.6,4.5,9.886,0.793
20191115,88393,null,4.3,7.9,4.5,9.974,0.796
20191114,91598,null,3.8,7.5,4.9,9.639,0.839
20191113,89180,null,3.8,7.9,5.5,9.660,0.759
20191112,92490,null,4.2,9.3,5.1,9.510,0.718
20191111,92772,null,5.0,9.1,5.3,9.850,0.736
20191110,91988,null,4.8,11.4,5.8,9.800,0.768
20191109,94272,null,5.0,9.7,5.2,10.043,0.797
20191108,94536,null,4.1,9.6,6.6,9.190,0.881
20191107,94190,null,4.2,9.9,5.7,8.725,0.867
20191106,92959,null,4.1,7.0,5.2,9.154,0.922
20191105,95162,null,4.6,6.7,5.2,8.630,0.808
20191104,96303,null,4.8,6.3,4.7,7.906,0.711
20191103,95450,null,4.2,6.2,4.9,8.706,0.778
20191102,94174,null,5.1,6.3,4.8,8.660,0.759
20191101,96084,null,4.2,6.5,4.7,8.849,0.786
20191031,94165,null,4.4,6.8,5.3,8.849,0.758
20191030,97117,null,4.6,6.5,5.1,8.849,0.708
20191029,95264,null,4.2,6.1,4.3,8.849,0.671
20191028,90586,null,4.4,6.4,4.8,8.849,0.621
20191027,92631,null,4.3,8.1,5.4,8.307,0.652
20191026,94217,null,5.2,6.5,5.8,8.733,0.792
20191025,91746,null,4.3,6.8,5.3,8.698,0.779
20191024,91107,null,4.8,6.5,5.7,8.552,0.824
20191023,92988,null,4.2,6.1,5.6,8.819,0.200
20191022,93435,null,4.1,6.7,4.9,8.815,0.718
20191021,91587,null,4.6,5.5,4.1,8.269,0.610
20191020,91985,null,4.8,5.4,4.7,7.343,0.619
20191019,95564,null,4.3,6.0,4.8,6.815,0.568
20191018,97606,null,4.6,6.8,5.1,7.870,0.764
20191017,98020,null,4.6,6.2,4.4,7.013,0.764
20191016,97099,null,4.2,5.7,4.7,7.556,0.830
20191015,97785,null,4.6,6.0,4.6,7.160,0.820
20191014,96427,null,4.4,5.2,4.3,7.337,0.755
20191013,94085,null,4.7,5.0,4.3,8.129,0.800
20191012,93567,null,4.8,5.3,4.5,8.647,0.756
20191011,96858,null,4.2,4.8,4.4,8.392,0.677
20191010,99906,null,4.4,4.3,6.8,8.213,0.609
20191009,92064,null,3.7,4.2,4.3,8.463,0.638
20191008,101173,null,4.2,4.1,3.9,7.971,0.496
20191007,99515,null,4.0,3.7,4.4,7.159,0.349
20191006,94016,null,2.8,3.2,4.2,6.620,0.365
20191005,95074,null,3.6,3.2,4.0,7.554,0.315
20191004,102954,null,3.4,2.7,4.3,7.772,0.281
20191003,105936,null,3.2,2.9,5.6,7.631,0.451
20191002,103773,null,4.0,6.3,5.5,7.921,0.455
20191001,101804,null,4.4,4.2,4.8,10.239,0.316
20190930,101098,null,4.1,2.6,6.2,9.409,0.298
20190929,104706,null,3.0,4.6,5.7,8.778,0.345
20190928,104068,null,3.0,3.0,5.2,8.664,0.532
20190927,97800,null,3.2,3.9,4.7,10.221,0.593
20190926,102674,null,3.8,4.0,4.3,9.631,0.434
20190925,104593,null,3.7,4.6,4.8,6.619,0.762
20190924,104947,null,4.3,4.6,4.8,6.619,0.762
20190923,105377,null,4.7,4.6,4.8,6.619,0.762
20190922,102866,null,4.5,4.6,4.8,6.619,0.762
20190921,100129,null,4.4,4.6,4.8,6.619,0.762
20190920,97965,null,4.8,3.5,4.8,6.679,0.763
20190919,97002,null,5.2,6.6,4.9,5.547,0.759
20190918,104825,null,3.4,6.9,4.4,5.828,0.722
20190917,100890,null,3.4,6.1,5.0,6.742,0.779
20190916,97027,null,3.6,5.4,4.8,6.992,0.724
20190915,96691,null,4.1,4.5,4.1,7.287,0.734
20190914,94207,null,4.0,4.8,4.1,7.496,0.720
20190913,96507,null,3.6,3.5,3.8,6.727,0.702
20190912,97689,null,3.4,3.7,3.7,6.699,0.788
20190911,97768,null,4.2,3.3,4.1,7.149,0.874
20190910,99152,null,3.6,3.1,4.0,7.953,0.767
20190909,97961,null,3.7,3.4,3.8,6.377,0.689
20190908,93035,null,3.4,3.5,4.0,6.791,0.710
20190907,100203,null,3.6,4.0,4.0,7.373,0.800
20190906,99649,null,4.4,4.2,3.7,6.400,0.754
20190905,97346,null,4.6,4.2,3.5,6.514,0.669
20190904,98084,null,4.2,3.4,3.6,5.585,0.606
20190903,96611,null,4.1,5.9,3.6,5.303,0.586
20190902,98056,null,4.2,5.7,3.8,6.755,0.646
20190901,98076,null,4.6,5.6,4.0,6.857,0.641
20190831,96409,null,4.2,5.5,3.9,7.162,0.734
20190830,96290,null,4.1,5.5,3.6,7.802,0.712
20190829,97116,null,3.6,5.0,3.8,7.883,0.712
20190828,89437,null,3.8,7.7,3.7,7.405,0.797
20190827,98220,null,3.8,7.7,3.9,7.337,0.768
20190826,98898,null,3.2,7.7,4.0,6.952,0.646
20190825,101194,null,4.1,7.7,3.8,6.098,0.596
20190824,101959,null,3.8,7.7,4.1,5.815,0.680
20190823,100913,null,3.2,4.3,4.8,5.751,0.650
20190822,103326,null,4.0,16.3,5.1,3.968,0.820
20190821,100964,null,3.8,4.9,4.4,6.957,0.923
20190820,100016,null,3.4,8.0,5.6,6.103,1.008
20190819,101657,null,3.2,7.1,5.4,6.385,0.458
20190818,100247,null,3.8,7.4,5.3,6.718,0.821
20190817,98441,null,4.0,7.3,5.4,7.187,0.853
20190816,98941,null,3.8,7.3,5.7,7.341,0.774
20190815,105138,null,4.1,6.9,5.3,7.784,0.863
20190814,103516,null,4.4,5.0,5.1,7.325,0.899
20190813,100812,null,4.1,5.0,5.1,7.809,0.864
20190812,98888,null,3.8,6.3,4.8,8.657,0.764
20190811,97871,null,4.0,6.3,4.8,8.129,0.746
20190810,99520,null,4.3,5.7,4.7,7.356,0.700
20190809,101387,null,3.8,5.2,4.4,7.086,0.567
20190808,103731,null,3.6,6.5,4.5,6.001,0.513
20190807,106235,null,3.9,6.3,4.4,5.661,0.488
20190806,106240,null,4.4,6.9,4.8,7.122,0.700
20190805,100438,null,4.6,7.4,5.0,6.458,0.655
20190804,100438,null,4.0,7.5,5.0,6.804,0.644
20190803,102561,null,3.8,6.3,4.9,7.301,0.660
20190802,99239,null,4.0,6.6,4.8,7.591,0.653
20190801,98280,null,3.6,5.6,5.1,7.875,0.786
20190731,100493,null,3.8,6.7,5.2,8.007,0.739
20190730,100816,null,4.5,6.5,5.0,8.053,0.669
20190729,97719,null,3.8,6.0,4.4,7.940,0.600
20190728,97859,null,3.8,5.5,4.3,7.525,0.664
20190727,97654,null,3.3,6.2,4.5,8.124,0.722
20190726,97642,null,2.4,5.9,4.7,7.503,0.665
20190725,98407,null,3.2,6.3,4.2,6.849,0.550
20190724,99783,null,3.4,5.4,4.2,6.709,0.431
20190723,99564,null,3.5,4.8,4.2,7.195,0.398
20190722,104144,null,3.6,6.1,4.1,5.901,0.354
20190721,105437,null,3.7,4.2,4.2,5.669,0.440
20190720,107622,null,3.7,5.3,4.9,5.073,0.687
20190719,102322,null,4.2,8.3,5.0,6.358,0.695
20190718,96741,null,3.8,6.6,5.5,6.671,0.877
20190717,95338,null,4.1,7.8,5.4,8.056,0.899
20190716,98888,null,3.5,7.3,5.9,7.957,0.854
20190715,97697,null,3.4,7.5,5.6,7.620,0.726
20190714,95611,null,3.6,7.4,5.4,8.295,0.766
20190713,98652,null,3.8,7.7,5.0,7.852,0.806
20190712,98083,null,4.0,6.6,4.7,7.296,0.718
20190711,97713,null,3.4,6.0,4.7,6.005,0.790
20190710,97098,null,3.6,8.0,5.2,8.155,0.930
20190709,96747,null,3.3,7.3,5.1,7.926,0.846
20190708,93093,null,3.4,7.9,4.6,7.593,0.743
20190707,92095,null,3.4,7.9,4.6,7.575,0.742
20190706,93852,null,3.3,7.8,4.4,7.895,0.766
20190705,97611,null,2.5,7.9,4.3,8.363,0.704
20190704,98749,null,2.2,7.8,4.3,8.508,0.729
20190703,98239,null,2.6,6.8,4.2,8.318,0.496
20190702,100544,null,3.2,3.8,4.1,8.433,0.409
20190701,102319,null,3.4,3.5,4.0,9.208,0.341
20190630,101490,null,4.0,1.0,4.0,7.658,0.406
20190629,98714,null,4.3,5.5,4.2,7.624,0.462
20190628,98803,null,4.2,4.1,4.1,6.998,0.471
20190627,100548,null,4.0,3.8,4.2,5.507,0.571
20190626,99439,null,4.2,7.2,4.8,8.337,0.862
20190625,91333,null,4.0,7.0,4.9,8.230,0.919
20190624,93777,null,4.4,7.6,4.8,7.621,0.815
20190623,91841,null,4.3,8.5,4.9,8.182,0.847
20190622,95952,null,4.2,8.3,4.6,7.944,0.852
20190621,96936,null,4.0,8.2,4.7,8.062,0.806
20190620,98672,null,3.8,8.4,4.7,7.434,0.821
20190619,97310,null,3.2,8.2,4.7,8.130,0.823
20190618,95693,null,4.3,8.7,4.6,6.913,0.731
20190617,95607,null,3.8,8.7,4.5,6.994,0.648
20190616,95594,null,4.3,8.4,4.5,7.137,0.735
20190615,97431,null,4.1,7.7,4.6,7.434,0.750
20190614,95804,null,4.0,8.5,4.6,7.341,0.816
20190613,96729,null,3.8,7.9,4.6,7.610,0.797
20190612,94848,null,3.3,8.2,4.6,7.704,0.750
20190611,97555,null,3.6,8.1,4.4,7.864,0.624
20190610,96817,null,4.3,8.0,4.3,7.644,0.617
20190609,94450,null,4.1,7.9,4.3,7.183,0.568
20190608,96792,null,4.5,7.2,4.3,7.180,0.607
20190607,100986,null,4.2,7.9,4.8,5.647,0.692
20190606,93905,null,3.8,10.0,5.1,7.146,0.839
20190605,86746,null,4.0,10.1,4.9,7.839,0.934
20190604,100039,null,3.8,10.1,5.1,8.486,0.930
20190603,93466,null,3.6,9.9,5.0,8.215,0.823
20190602,93622,null,3.4,9.6,4.8,8.719,0.858
20190601,94843,null,3.4,9.4,4.7,8.696,0.957
20190531,94364,null,3.8,9.4,4.9,8.487,0.891
20190530,98065,null,3.9,10.3,5.1,8.647,0.870
20190529,97436,null,4.1,8.5,5.0,7.984,0.747
20190528,96367,null,4.3,9.3,5.4,5.889,0.644
20190527,98035,null,4.2,8.9,5.3,7.958,0.804
20190526,94372,null,4.0,8.9,5.2,7.281,0.770
20190525,91904,null,3.8,9.3,4.9,7.629,0.815
20190524,93476,null,4.8,6.6,5.5,8.666,0.891
20190523,96583,null,3.6,6.4,5.1,8.282,0.616
20190522,94430,null,4.6,6.8,5.2,8.764,0.680
20190521,93311,null,4.2,6.7,5.0,8.819,0.615
20190520,94855,null,4.1,6.4,4.8,8.016,0.552
20190519,93165,null,4.3,6.0,4.8,7.968,0.565
20190518,95930,null,4.2,5.4,5.3,8.340,0.828
20190517,92699,null,4.4,6.9,5.2,8.698,0.773
20190516,93707,null,4.2,7.2,4.8,8.510,0.819
20190515,92398,null,3.6,7.4,4.9,8.770,0.805
20190514,93374,null,3.8,6.8,5.1,8.913,0.759
20190513,92573,null,4.4,7.2,4.9,7.668,0.565
20190512,91781,null,4.0,6.9,5.0,8.987,0.664
20190511,91732,null,4.4,7.1,4.9,8.686,0.498
20190510,93469,null,4.7,8.0,5.1,8.501,0.683
20190509,93205,null,4.2,7.8,5.1,8.695,0.605
20190508,91602,null,3.8,8.0,5.4,8.445,0.714
20190507,91544,null,3.8,14.3,5.0,9.509,0.717
20190506,90202,null,4.2,12.1,5.2,9.538,0.733
20190505,92197,null,3.4,10.5,4.9,9.376,0.746
20190504,93141,null,3.3,10.6,5.0,9.581,0.787
20190503,80672,null,3.6,11.3,4.9,10.265,0.749
20190502,94475,null,3.8,8.8,5.0,10.233,0.802
20190501,93122,null,3.8,8.4,4.5,10.291,0.716
20190430,93591,null,4.1,7.4,4.9,9.282,0.736
20190429,90294,null,3.6,9.0,4.9,10.267,0.763
20190428,90202,null,3.2,8.8,5.1,10.657,0.728
20190427,90677,null,3.8,8.5,5.1,8.996,0.777
20190426,94360,null,3.6,9.5,5.1,10.588,0.875
20190425,92353,null,3.8,7.8,4.8,11.010,0.596
20190424,95329,null,4.1,6.6,4.6,10.114,0.874
20190423,91343,null,4.0,8.7,4.9,10.340,0.700
20190422,76815,null,3.3,8.5,4.7,9.463,0.471
20190421,56885,null,3.7,9.2,4.8,9.193,0.599
20190420,60301,null,3.8,8.8,5.1,10.326,0.648
20190419,86642,null,4.3,8.9,4.7,10.176,0.579
20190418,92035,null,4.1,8.5,4.8,9.719,0.580
20190417,92788,null,3.4,8.0,4.9,10.898,0.608
20190416,91653,null,4.0,7.9,4.9,10.157,0.526
20190415,91537,null,3.6,7.6,4.7,9.390,0.515
20190414,90214,null,3.7,7.6,4.9,9.879,0.522
20190413,90350,null,3.8,7.8,4.7,16.095,0.520
20190412,92361,null,3.2,8.0,4.9,10.420,0.563
20190411,91771,null,4.2,7.6,4.6,9.324,0.493
20190410,95518,null,4.1,8.0,5.3,8.879,0.879
20190409,91991,null,3.8,7.9,4.6,9.409,1.028
20190408,93625,null,4.0,7.8,4.5,8.743,1.033
20190407,90560,null,3.8,8.4,5.0,9.301,1.027
20190406,90738,null,4.0,8.3,5.0,9.336,1.071
20190405,90389,null,3.6,8.1,5.0,10.728,1.023
20190404,90304,null,4.3,8.0,5.0,10.359,0.943
20190403,89835,null,4.2,8.3,4.8,10.158,0.889
20190402,90490,null,3.8,8.6,5.0,10.041,0.853
20190401,90596,null,3.6,8.3,4.6,9.478,0.809
20190331,88756,null,3.8,8.4,4.8,9.568,0.879
20190330,90841,null,3.8,8.8,4.7,9.983,1.017
20190329,90409,null,3.8,9.0,4.7,9.856,0.896
20190328,90787,null,3.8,14.5,5.0,10.033,0.924
20190327,92738,null,4.1,12.2,5.0,9.474,0.817
20190326,94443,null,3.6,8.0,4.9,9.147,0.846
20190325,93494,null,3.8,6.2,4.8,9.286,0.731
20190324,90373,null,3.2,6.2,4.8,8.207,0.803
20190323,93593,null,4.0,6.2,5.0,9.757,0.799
20190322,98356,null,3.8,6.0,4.7,8.717,0.716
20190321,99240,null,4.0,4.8,5.0,7.612,0.813
20190320,94516,null,3.4,6.4,4.9,10.636,0.829
20190319,90988,null,4.3,6.4,5.1,15.518,0.781
20190318,92064,null,4.1,6.7,5.0,9.318,0.735
20190317,91955,null,4.3,5.4,4.9,9.270,0.772
20190316,89091,null,3.9,5.9,5.0,9.208,0.778
20190315,93877,null,4.1,6.4,5.1,8.743,0.811
20190314,93753,null,4.0,6.2,4.9,8.080,0.755
20190313,91873,null,4.6,6.2,4.5,12.076,0.820
20190312,89938,null,4.3,6.1,4.3,12.697,0.713
20190311,92978,null,4.0,5.5,4.3,10.871,0.701
20190310,101197,null,4.1,6.7,4.4,11.711,0.924
20190309,91154,null,4.3,6.4,4.7,11.965,0.988
20190308,89627,null,4.1,6.3,4.6,12.342,0.971
20190307,90373,null,4.0,6.4,4.6,10.731,0.981
20190306,92977,null,4.2,6.6,4.7,10.943,0.962
20190305,92469,null,4.2,6.1,4.8,10.681,0.968
20190304,92784,null,4.1,6.6,4.5,13.467,0.863
20190303,91916,null,4.0,6.2,4.6,13.786,0.936
20190302,92715,null,4.0,5.8,4.5,11.883,0.911
20190301,92623,null,4.1,6.7,4.7,10.849,0.915
20190228,93504,null,4.2,6.9,4.6,11.737,0.887
20190227,93079,null,3.8,7.0,4.7,10.797,0.833
20190226,93461,null,4.0,6.9,4.6,10.054,0.781
20190225,92031,null,4.4,6.9,4.8,13.445,0.718
20190224,90173,null,4.6,6.4,4.5,12.898,0.685
20190223,90911,null,4.8,7.0,4.6,13.461,0.736
20190222,92002,null,4.2,6.1,4.4,13.351,0.642
20190221,93519,null,4.6,6.4,5.7,11.672,0.823
20190220,96570,null,4.3,8.2,5.0,10.214,0.742
20190219,95967,null,4.1,8.2,6.5,13.124,0.886
20190218,92331,null,4.0,8.2,5.6,12.478,0.855
20190217,91211,null,3.6,8.2,5.0,10.246,0.824
20190216,91391,null,4.0,7.2,5.1,10.879,0.812
20190215,93145,null,4.1,8.4,5.4,10.846,0.984
20190214,91776,null,4.2,9.4,5.3,13.634,0.984
20190213,91568,null,3.1,9.2,5.2,11.246,0.954
20190212,90623,null,2.4,8.8,4.5,11.552,0.765
20190211,91564,null,3.4,8.8,4.5,12.318,0.699
20190210,89200,null,4.8,8.6,4.5,11.188,0.775
20190209,90311,null,4.8,9.4,4.6,11.239,0.786
20190208,90583,null,4.6,9.2,4.9,10.692,0.810
20190207,92353,null,4.2,8.0,4.5,11.802,0.744
20190206,91624,null,4.6,8.3,4.3,12.580,0.725
20190205,90203,null,4.3,7.6,4.4,11.064,0.679
20190204,93860,null,4.6,7.7,4.3,9.990,0.617
20190203,95952,null,4.1,8.0,4.4,12.872,0.773
20190202,92330,null,4.5,8.3,4.6,11.211,0.753
20190201,94051,null,4.2,9.6,4.6,12.144,0.742
20190131,94712,null,4.3,9.9,5.0,12.452,0.928
20190130,88636,null,4.0,10.2,4.7,10.243,0.721
20190129,84716,null,4.2,12.0,5.2,12.548,0.762
20190128,89199,null,4.8,9.3,4.7,10.514,0.847
20190127,87527,null,3.8,9.4,4.9,10.559,0.886
20190126,87246,null,4.2,9.1,4.9,12.249,0.609
20190125,89127,null,4.1,10.4,5.0,11.547,0.847
20190124,88908,null,4.2,9.4,4.7,12.614,0.789
20190123,87639,null,4.5,12.6,5.4,12.289,1.021
20190122,88654,null,4.2,12.5,4.8,12.120,0.881
20190121,88656,null,4.6,12.3,4.8,12.776,0.855
20190120,87808,null,4.0,12.8,4.7,12.697,0.852
20190119,87784,null,4.1,12.7,4.8,12.730,0.852
20190118,88699,null,4.7,12.5,4.5,12.158,0.768
20190117,89146,null,4.1,12.7,4.8,12.762,0.831
20190116,88328,null,4.1,12.4,4.8,12.661,0.863
20190115,88961,null,4.2,12.3,4.6,12.707,0.793
20190114,88214,null,3.8,12.4,4.5,12.954,0.725
20190113,85006,null,4.0,12.7,4.3,13.876,0.744
20190112,86318,null,4.3,13.0,4.4,14.706,0.739
20190111,86900,null,4.0,13.1,4.4,13.228,0.811
20190110,85817,null,4.7,12.6,4.4,14.415,0.732
20190109,87313,null,4.5,12.3,4.5,13.538,0.779
20190108,86311,null,4.4,12.6,4.7,13.469,0.791
20190107,85043,null,4.6,11.6,4.6,12.890,0.780
20190106,84141,null,4.7,12.1,4.7,13.251,0.810
20190105,85148,null,4.5,12.1,4.7,13.251,0.823
20190104,86849,null,4.1,12.0,4.8,13.312,0.801
20190103,87258,null,4.0,10.3,4.6,15.007,0.783
20190102,88138,null,3.6,10.2,4.3,13.999,0.813
20190101,85774,null,4.0,9.8,4.4,13.652,0.845
20181231,86317,null,3.5,9.4,4.4,11.752,0.777
20181230,84034,null,4.0,9.7,4.9,11.844,0.825
20181229,85514,null,4.0,10.2,4.8,11.479,0.821
20181228,86980,null,3.6,9.3,4.8,11.569,0.859
20181227,88893,null,3.2,9.4,5.0,12.060,0.838
20181226,83673,null,4.0,9.4,5.8,12.189,0.827
20181225,86937,null,3.6,8.9,5.1,11.905,0.829
20181224,87282,null,4.2,8.7,4.6,11.020,0.751
20181223,88118,null,4.3,8.9,4.7,11.472,0.795
20181222,89443,null,4.8,8.9,4.7,12.241,0.815
20181221,90699,null,4.1,9.1,4.7,12.479,0.794
20181220,90861,null,4.0,9.2,4.5,12.236,0.686
20181219,89681,null,4.2,10.4,4.5,11.864,0.624
20181218,91424,null,4.6,10.1,4.2,11.297,0.517
20181217,87863,null,4.4,10.3,4.1,12.100,0.492
20181216,86319,null,3.7,10.8,4.6,13.257,0.634
20181215,86554,null,4.6,10.2,4.4,11.817,0.653
20181214,85972,null,4.1,10.7,4.4,10.567,0.616
20181213,88869,null,3.9,10.8,4.1,11.140,0.552
20181212,88949,null,4.4,11.0,3.8,12.410,0.712
20181211,88640,null,4.2,10.8,3.8,12.164,0.712
20181210,89066,null,3.5,10.8,3.9,11.718,0.615
20181209,86460,null,4.0,10.5,3.8,10.338,0.652
20181208,85702,null,3.7,10.7,3.8,10.976,0.720
20181207,86639,null,4.0,8.4,4.0,10.536,0.748
20181206,88645,null,4.1,8.7,3.9,10.689,0.685
20181205,89039,null,3.8,6.7,3.5,9.851,0.666
20181204,90361,null,3.2,8.4,4.0,10.461,0.712
20181203,90850,null,3.6,8.3,3.8,11.097,0.742
20181202,89060,null,4.1,7.9,4.0,10.309,0.738
20181201,87868,null,3.9,8.0,4.0,10.832,0.744
20181130,90974,null,4.2,8.1,4.0,10.515,0.707
20181129,89598,null,4.9,7.8,4.4,10.410,0.731
20181128,89111,null,5.0,9.0,4.6,10.603,0.714
20181127,89230,null,5.0,8.2,4.1,9.861,0.779
20181126,89308,null,4.5,8.4,4.2,9.269,0.794
20181125,90545,null,4.2,8.3,4.0,9.610,0.695
20181124,88936,null,3.9,8.4,4.0,10.014,0.761
20181123,89219,null,4.3,8.7,3.9,9.931,0.751
20181122,90185,null,4.7,8.8,4.1,10.670,0.801
20181121,90731,null,5.0,8.0,4.0,10.361,0.824
20181120,89039,null,4.0,7.7,4.1,9.582,0.780
20181119,96807,null,4.6,8.0,4.7,10.125,0.809
20181118,88311,null,4.2,8.6,4.7,9.793,0.849
20181117,89338,null,4.1,8.7,5.0,10.341,0.901
20181116,90384,null,4.0,8.3,4.5,10.203,0.906
20181115,90673,null,4.1,8.2,5.1,8.930,0.891
20181114,93560,null,4.8,8.6,4.6,7.809,0.841
20181113,91897,null,5.1,10.0,4.3,6.840,0.715
20181112,91035,null,4.7,10.2,4.3,5.316,0.625
20181111,88091,null,5.2,11.0,3.9,4.246,0.594
20181110,92508,null,4.2,10.0,3.9,5.308,0.660
20181109,94519,null,4.8,9.1,4.0,4.177,0.634
20181108,93839,null,5.1,11.0,4.4,7.620,0.901
20181107,88061,null,4.5,11.0,4.4,7.428,0.839
20181106,90949,null,4.9,10.9,4.5,7.320,0.799
20181105,91860,null,4.0,10.8,4.3,8.279,0.786
20181104,84548,null,4.4,10.8,4.6,9.098,0.810
20181103,86925,null,4.8,11.1,4.6,8.733,0.786
20181102,91023,null,5.1,10.8,4.6,9.276,0.757
20181101,90321,null,5.0,11.4,4.4,9.070,0.752
20181031,90519,null,4.5,12.2,4.1,9.967,0.835
20181030,90151,null,4.4,12.1,4.2,9.123,0.768
20181029,91452,null,5.5,12.3,4.1,9.011,0.626
20181028,91040,null,4.8,12.1,4.0,9.552,0.727
20181027,87785,null,4.5,12.2,4.2,9.544,0.789
20181026,90370,null,4.2,9.9,3.9,9.787,0.839
20181025,93821,null,5.1,12.2,4.2,10.304,0.770
20181024,92252,null,4.3,12.5,4.5,11.291,0.866
20181023,89986,null,4.3,12.3,3.7,10.083,0.824
20181022,92964,null,4.7,12.0,4.0,7.450,0.803
20181021,89537,null,4.9,11.7,3.8,7.046,0.834
20181020,88032,null,4.2,11.4,4.2,7.798,0.902
20181019,88815,null,4.5,11.8,3.9,7.146,0.817
20181018,91480,null,5.1,11.1,3.7,7.575,0.825
20181017,91380,null,4.7,12.5,3.3,7.842,0.725
20181016,91621,null,4.3,11.7,3.3,6.214,0.730
20181015,95249,null,4.2,12.4,3.8,8.232,0.721
20181014,87987,null,4.4,12.1,3.4,8.244,0.740
20181013,88402,null,4.6,11.9,3.7,8.548,0.796
20181012,88995,null,3.7,11.7,3.2,8.551,0.728
20181011,89592,null,4.7,11.1,3.2,8.086,0.680
20181010,90512,null,4.0,10.5,3.1,8.033,0.593
20181009,89982,null,4.2,9.6,3.2,7.128,0.551
20181008,92453,null,4.1,8.5,2.8,7.459,0.443
20181007,97205,null,4.0,10.4,2.7,6.059,0.463
20181006,99341,null,4.1,11.6,2.8,7.048,0.622
20181005,96655,null,3.4,5.6,3.1,7.338,0.908
20181004,91228,null,3.8,5.9,3.4,7.697,0.898
20181003,87994,null,4.6,6.6,3.1,7.294,0.952
20181002,88761,null,4.8,6.9,3.1,6.989,0.822
20181001,94548,null,4.2,6.1,2.9,6.930,0.650
20180930,97089,null,4.2,6.0,4.0,4.522,0.665
20180929,98025,null,4.0,5.4,3.7,7.795,0.937
20180928,94776,null,3.8,5.3,3.5,7.309,0.879
20180927,91596,null,4.2,5.6,3.5,7.514,0.666
20180926,89243,null,4.9,5.5,3.3,7.764,0.679
20180925,90222,null,4.2,5.0,3.4,8.355,0.677
20180924,89748,null,5.6,3.9,3.3,6.149,0.652
20180923,91613,null,5.0,3.8,3.2,6.905,0.620
20180922,94452,null,4.2,4.9,3.7,7.113,0.636
20180921,97151,null,4.6,6.0,3.4,8.544,0.727
20180920,93082,null,4.2,8.8,3.6,8.736,0.771
20180919,94158,null,5.6,7.1,3.6,8.314,0.765
20180918,92442,null,5.7,6.0,3.0,7.429,0.743
20180917,89828,null,5.5,5.4,3.0,6.418,0.618
20180916,88996,null,4.5,5.5,2.9,6.786,0.629
20180915,91132,null,5.2,7.3,3.1,6.386,0.607
20180914,91623,null,4.6,6.9,3.4,7.322,0.869
20180913,90870,null,3.6,7.5,3.5,8.123,0.819
20180912,92364,null,3.8,7.9,3.2,7.883,0.706
20180911,90845,null,4.1,7.7,3.3,6.952,0.751
20180910,97081,null,4.0,7.6,3.2,6.554,0.694
20180909,91865,null,4.9,6.6,3.1,6.939,0.711
20180908,92524,null,4.2,6.3,3.2,7.336,0.719
20180907,93379,null,4.1,6.9,3.2,8.082,0.728
20180906,93346,null,4.6,5.8,3.2,7.811,0.645
20180905,94815,null,3.8,6.1,2.8,7.593,0.538
20180904,94473,null,4.3,8.5,2.9,6.455,0.439
20180903,101978,null,4.1,6.2,2.7,7.389,0.445
20180902,92444,null,4.5,2.8,2.8,9.022,0.461
20180901,98029,null,4.6,3.5,3.3,5.241,0.698
20180831,91541,null,4.2,7.4,3.6,7.004,0.804
20180830,92331,null,4.2,7.1,2.9,7.074,0.749
20180829,90460,null,5.5,7.5,2.2,6.836,0.654
20180828,93243,null,4.4,6.0,1.9,6.302,0.502
20180827,91856,null,4.3,7.2,2.4,5.646,0.550
20180826,89774,null,4.7,8.2,3.0,7.622,0.744
20180825,85918,null,5.1,8.4,3.4,7.766,0.892
20180824,88044,null,4.5,9.3,3.4,7.829,0.750
20180823,91798,null,4.1,8.1,3.5,7.978,0.853
20180822,87977,null,2.5,8.1,4.2,8.448,0.963
20180821,89659,null,5.4,8.4,3.8,8.029,0.749
20180820,88817,null,4.6,7.8,3.5,7.480,0.648
20180819,87070,null,5.3,7.8,3.6,7.116,0.753
20180818,86205,null,5.1,8.0,3.6,7.909,0.786
20180817,91338,null,4.3,8.8,3.5,7.304,0.650
20180816,88903,null,4.6,6.9,4.1,5.716,0.674
20180815,85230,null,4.0,9.2,4.1,8.166,0.808
20180814,86489,null,4.2,8.8,4.6,7.689,0.746
20180813,88808,null,4.3,9.4,4.1,7.139,0.609
20180812,82905,null,5.5,9.3,4.7,8.085,0.701
20180811,88459,null,4.8,9.3,4.8,8.105,0.755
20180810,89361,null,5.3,8.5,5.4,7.683,0.816
20180809,89110,null,5.6,8.3,4.9,9.482,0.939
20180808,85405,null,5.2,8.5,4.8,9.242,0.931
20180807,87112,null,4.3,9.5,5.3,8.555,0.916
20180806,90019,null,4.3,8.8,5.5,9.221,0.787
20180805,87149,null,5.5,8.0,4.4,9.008,0.815
20180804,85706,null,5.1,8.2,5.0,8.976,0.909
20180803,88257,null,4.6,6.5,6.1,8.948,0.860
20180802,89098,null,5.0,5.9,5.6,6.986,0.711
20180801,88526,null,4.6,6.3,5.2,6.926,0.654
20180731,84697,null,5.0,5.8,5.6,6.676,0.741
20180730,88993,null,5.1,6.5,5.1,7.249,0.612
20180729,87175,null,5.5,6.4,5.2,7.124,0.634
20180728,88323,null,4.2,5.9,5.4,7.774,0.586
20180727,91968,null,5.3,6.1,5.5,8.189,0.627
20180726,91223,null,5.2,6.0,5.3,7.138,0.649
20180725,91536,null,4.2,5.3,6.3,7.535,0.689
20180724,84469,null,4.2,4.8,6.5,7.050,0.646
20180723,75297,null,4.0,5.0,4.6,6.963,0.605
20180722,86292,null,4.1,5.3,5.0,7.860,0.619
20180721,87793,null,5.2,5.5,5.0,7.785,0.655
20180720,87885,null,5.0,6.3,5.0,8.379,0.689
20180719,85627,null,4.0,5.5,5.7,7.575,0.707
20180718,88410,null,4.1,3.8,5.3,7.585,0.680
20180717,87687,null,3.4,5.3,5.9,7.504,0.697
20180716,86906,null,4.2,5.7,5.4,7.120,0.547
20180715,90029,null,3.8,5.3,5.2,7.391,0.589
20180714,90967,null,4.3,5.4,5.7,6.804,0.600
20180713,91686,null,4.2,3.9,5.1,7.354,0.563
20180712,95020,null,4.8,4.4,4.9,8.123,0.521
20180711,89782,null,4.3,4.0,4.9,7.127,0.511
20180710,92517,null,4.3,4.3,5.0,7.015,0.429
20180709,94400,null,4.0,4.3,5.4,6.568,0.412
20180708,86748,null,4.3,4.8,5.0,7.569,0.331
20180707,84188,null,4.1,4.0,5.0,7.553,0.416
20180706,93957,null,4.0,3.4,4.4,6.470,0.284
20180705,103314,null,4.1,3.4,4.4,6.176,0.258
20180704,107168,null,4.1,3.4,4.3,8.344,0.304
20180703,114917,null,4.2,4.3,4.5,6.388,0.339
20180702,92379,null,4.1,3.0,4.3,5.209,0.177
20180701,92995,null,4.8,1.7,4.4,4.538,0.268
20180630,94744,null,5.3,3.9,4.6,4.916,0.325
20180629,96106,null,4.7,6.2,4.8,4.325,0.408
20180628,93998,null,4.5,8.1,6.6,6.713,0.603
20180627,85833,null,4.8,8.3,6.1,7.454,0.733
20180626,89139,null,5.1,8.0,6.1,6.785,0.780
20180625,89145,null,4.8,8.5,6.0,7.301,0.744
20180624,88276,null,4.8,8.7,5.8,8.321,0.824
20180623,88755,null,4.8,9.1,6.0,7.112,0.794
20180622,91990,null,4.8,9.2,5.8,6.858,0.734
20180621,89274,null,5.0,8.4,5.4,6.743,0.755
20180620,86422,null,5.2,6.7,5.6,5.812,0.827
20180619,92694,null,4.2,6.6,5.3,6.851,0.720
20180618,92957,null,5.0,6.9,5.9,6.441,0.642
20180617,90622,null,4.2,7.1,5.7,6.455,0.688
20180616,90598,null,4.5,7.0,5.9,6.530,0.707
20180615,91327,null,4.0,5.7,5.3,7.018,0.652
20180614,88285,null,4.0,6.0,5.7,7.151,0.663
20180613,93661,null,4.2,6.2,5.4,7.368,0.610
20180612,91217,null,4.8,5.8,4.8,6.982,0.564
20180611,93966,null,4.0,5.9,5.0,7.254,0.594
20180610,85580,null,4.0,5.3,6.0,7.775,0.702
20180609,86567,null,4.4,6.9,5.8,8.021,0.816
20180608,89108,null,4.8,4.8,3.7,5.659,0.899
20180607,84701,null,4.2,4.4,5.5,4.939,0.819
20180606,88692,null,5.2,4.3,5.4,5.462,0.827
20180605,91041,null,4.1,5.5,5.3,5.176,0.818
20180604,92878,null,4.5,7.1,5.5,5.119,0.712
20180603,87261,null,5.2,5.5,5.3,5.020,0.772
20180602,88571,null,4.8,7.9,5.5,5.036,0.791
20180601,91250,null,4.8,8.4,5.5,4.954,0.693
20180531,91383,null,4.2,8.5,5.8,6.014,0.757
20180530,85653,null,3.8,8.2,5.8,5.731,0.810
20180529,80706,null,3.4,8.9,6.2,6.625,0.832
20180528,96353,null,3.2,7.2,5.5,5.939,0.628
20180527,91866,null,4.5,9.0,5.8,5.758,0.652
20180526,87405,null,4.2,9.0,5.8,5.749,0.678
20180525,68552,null,4.8,9.3,6.3,9.884,0.712
20180524,101417,null,4.8,6.1,3.2,4.927,0.473
20180523,95324,null,4.1,5.6,3.1,3.466,0.590
20180522,88472,null,4.5,8.3,4.4,6.115,0.610
20180521,93052,null,4.2,7.0,5.2,5.852,0.540
20180520,90745,null,4.3,7.7,5.0,6.193,0.588
20180519,88892,null,4.5,7.6,5.8,5.373,0.609
20180518,91604,null,4.2,7.7,5.8,5.389,0.564
20180517,93955,null,4.2,7.1,5.5,5.591,0.609
20180516,92338,null,4.2,8.2,5.4,5.533,0.570
20180515,92526,null,5.0,6.8,5.2,5.128,0.520
20180514,90258,null,4.0,6.2,4.5,5.244,0.453
20180513,91947,null,4.2,5.2,4.5,4.713,0.516
20180512,85906,null,5.0,5.9,5.3,5.980,0.524
20180511,87573,null,4.2,6.0,4.4,6.287,0.485
20180510,84734,null,5.0,4.7,3.9,6.616,0.446
20180509,88231,null,4.4,4.1,4.6,5.060,0.438
20180508,84689,null,4.2,7.3,4.1,4.045,0.416
20180507,89051,null,3.8,6.1,5.4,3.941,0.451
20180506,88558,null,5.0,7.8,5.4,6.783,0.618
20180505,86544,null,4.6,7.4,5.9,6.717,0.650
20180504,80815,null,4.5,6.7,5.6,7.384,0.743
20180503,92064,null,4.1,6.5,5.5,6.550,0.589
20180502,89223,null,5.2,7.2,6.1,8.522,0.692
20180501,85882,null,4.2,6.8,5.9,8.148,0.662
20180430,88917,null,4.0,5.9,5.9,8.446,0.622
20180429,84886,null,3.5,5.4,5.4,7.979,0.590
20180428,84437,null,3.8,5.5,5.4,7.359,0.548
20180427,92246,null,4.0,4.8,4.4,8.014,0.466
20180426,87976,null,4.2,4.5,5.3,7.791,0.455
20180425,84728,null,5.0,3.7,4.1,7.935,0.412
20180424,92474,null,5.3,4.1,4.9,5.246,0.516
20180423,90665,null,4.2,6.5,5.8,7.981,0.633
20180422,82798,null,5.0,6.4,5.7,7.740,0.628
20180421,85283,null,4.8,6.7,5.8,7.928,0.598
20180420,88845,null,4.5,6.9,5.4,8.148,0.556
20180419,90522,null,4.2,8.1,5.9,8.634,0.633
20180418,91703,null,4.6,6.8,5.5,9.162,0.604
20180417,86868,null,4.2,6.5,5.3,8.101,0.558
20180416,87100,null,5.0,7.4,4.8,7.952,0.508
20180415,88441,null,5.2,6.1,4.9,7.600,0.506
20180414,89459,null,5.0,7.5,5.1,9.764,0.615
20180413,86785,null,4.8,7.3,5.4,8.288,0.613
20180412,88320,null,4.8,7.8,5.7,8.822,0.629
20180411,75891,null,4.6,8.6,5.4,9.593,0.650
20180410,99300,null,4.8,7.6,5.0,8.249,0.473
20180409,92756,null,5.0,6.8,5.4,8.188,0.462
20180408,83780,null,4.8,6.8,5.1,8.541,0.652
20180407,87964,null,5.5,7.5,5.3,8.694,0.501
20180406,93442,null,5.2,8.7,5.0,10.232,0.620
20180405,87010,null,5.1,7.1,5.3,9.187,0.622
20180404,82512,null,5.4,8.1,6.9,9.494,0.722
20180403,86845,null,4.8,7.1,5.1,9.300,0.624
20180402,88372,null,5.5,7.8,5.4,9.739,0.561
20180401,86266,null,3.4,6.8,4.9,10.516,0.551
20180331,85088,null,4.1,7.7,5.7,10.396,0.562
20180330,89340,null,3.2,7.1,5.5,10.412,0.551
20180329,88643,null,2.5,6.6,5.8,10.454,0.622
20180328,88482,null,5.0,7.5,5.4,9.168,0.433
20180327,89206,null,4.0,6.9,4.9,9.005,0.372
20180326,88982,null,3.2,6.6,4.3,8.206,0.292
20180325,88315,null,4.0,6.0,4.4,8.947,0.301
20180324,87822,null,4.2,5.6,4.2,9.663,0.277
20180323,89278,null,4.5,5.1,4.1,11.553,0.236
20180322,90172,null,4.0,4.6,4.3,12.341,0.222
20180321,96733,null,4.0,3.8,3.7,10.777,0.278
20180320,90676,null,3.4,5.3,4.2,9.037,0.274
20180319,100350,null,3.8,5.8,4.3,7.369,0.353
20180318,88073,null,4.5,5.6,4.3,8.273,0.387
20180317,88049,null,4.2,4.9,4.6,8.309,0.400
20180316,92332,null,4.3,4.7,4.9,7.160,0.471
20180315,93857,null,4.1,6.7,5.0,11.082,0.665
20180314,85591,null,5.0,15.6,5.2,9.586,0.578
20180313,88861,null,4.3,13.1,5.0,9.588,0.511
20180312,89096,null,4.7,11.2,4.9,9.685,0.451
20180311,87518,null,4.1,9.0,4.6,9.867,0.406
20180310,86100,null,4.0,8.3,4.7,9.682,0.375
20180309,88374,null,4.2,6.7,4.3,9.745,0.352
20180308,99088,null,4.2,7.4,4.4,10.197,0.330
20180307,88338,null,5.2,9.8,4.6,8.659,0.428
20180306,89615,null,4.5,6.3,4.6,12.202,0.449
20180305,90463,null,4.8,8.4,4.8,6.959,0.505
20180304,84957,null,5.7,10.5,5.2,9.596,0.570
20180303,86710,null,5.1,9.7,5.1,9.756,0.532
20180302,84802,null,5.1,10.9,6.3,8.696,0.549
20180301,85114,null,4.3,10.8,5.7,8.743,0.593
20180228,90637,null,4.3,11.3,6.0,12.069,0.772
20180227,85854,null,4.2,10.9,6.5,10.465,0.733
20180226,87165,null,4.6,11.3,5.3,10.522,0.621
20180225,85835,null,4.8,10.7,5.5,10.705,0.647
20180224,86174,null,5.1,9.6,5.3,10.400,0.650
20180223,88729,null,5.5,10.7,5.3,11.242,0.718
20180222,87709,null,4.2,10.0,5.2,10.711,0.717
20180221,86307,null,5.6,11.2,5.4,10.004,0.631
20180220,90914,null,5.4,11.6,5.6,10.044,0.695
20180219,86918,null,4.8,11.1,5.4,10.962,0.577
20180218,84559,null,5.1,9.7,5.2,11.009,0.569
20180217,87160,null,4.8,9.4,5.4,11.044,0.567
20180216,89178,null,5.7,9.1,5.1,10.511,0.607
20180215,90344,null,5.5,10.2,5.2,10.423,0.587
20180214,89005,null,4.8,9.7,4.9,11.378,0.532
20180213,88523,null,6.2,8.5,4.7,10.889,0.475
20180212,87685,null,4.6,9.8,4.4,10.886,0.464
20180211,78579,null,5.8,8.5,4.2,10.576,0.447
20180210,89132,null,5.1,9.2,4.4,11.723,0.459
20180209,90638,null,5.5,9.3,4.5,10.619,0.473
20180208,90566,null,5.5,9.0,5.2,9.394,0.487
20180207,92171,null,5.4,9.1,5.2,10.288,0.514
20180206,88685,null,4.8,8.8,5.3,9.197,0.536
20180205,90296,null,4.5,9.1,5.0,8.903,0.511
20180204,85518,null,5.1,8.6,4.6,8.585,0.549
20180203,85634,null,5.8,9.3,5.1,9.364,0.513
20180202,91133,null,4.9,8.8,5.2,8.802,0.505
20180201,88374,null,4.8,8.4,5.0,9.700,0.446
20180131,82759,null,5.5,8.6,4.7,8.389,0.388
20180130,86524,null,4.8,8.9,4.3,9.182,0.347
20180129,88945,null,4.9,8.1,4.0,9.587,0.310
20180128,88937,null,4.8,8.4,4.3,10.709,0.385
20180127,87547,null,5.0,8.3,4.4,8.614,0.396
20180126,88683,null,5.4,8.6,5.0,8.917,0.485
20180125,87784,null,5.1,9.1,5.5,10.277,0.785
20180124,89004,null,5.1,9.4,6.1,11.085,0.901
20180123,86037,null,5.5,9.8,4.4,10.999,0.968
20180122,85736,null,4.5,9.2,6.0,10.801,0.838
20180121,84697,null,4.8,8.8,6.3,11.635,0.769
20180120,84440,null,4.6,9.2,6.4,12.824,0.727
20180119,83835,null,4.1,7.7,6.0,9.907,0.588
20180118,83297,null,4.3,10.1,3.7,9.399,0.424
20180117,86544,null,5.8,9.2,3.7,9.488,0.423
20180116,90648,null,5.1,10.1,3.8,11.457,0.465
20180115,85697,null,5.6,10.0,3.9,10.298,0.446
20180114,85165,null,4.9,10.2,4.7,10.573,0.469
20180113,81853,null,5.3,11.1,5.1,10.653,0.490
20180112,85126,null,5.0,11.0,5.0,9.730,0.473
20180111,85157,null,4.2,10.2,5.2,10.615,0.488
20180110,85802,null,4.8,11.0,4.9,11.707,0.431
20180109,84645,null,5.0,11.3,5.2,10.541,0.440
20180108,85684,null,5.3,11.4,5.4,11.939,0.457
20180107,83029,null,4.8,11.6,5.0,9.590,0.458
20180106,84699,null,4.2,11.5,5.5,9.909,0.466
20180105,84114,null,4.6,11.7,5.4,10.956,0.465
20180104,87170,null,3.9,12.5,5.8,10.444,0.481
20180103,86821,null,4.2,12.6,5.5,11.192,0.483
20180102,86167,null,4.5,12.6,5.9,11.271,0.494
20180101,83714,null,4.5,12.3,5.4,11.709,0.478
20171231,84739,null,4.1,12.4,5.9,12.442,0.477
20171230,84117,null,4.2,11.6,5.3,10.502,0.489
20171229,86420,null,4.2,11.8,5.1,11.089,0.413
20171228,82740,null,4.8,12.2,5.3,10.917,0.434
20171227,82960,null,4.2,11.4,5.3,10.723,0.421
20171226,85918,null,4.2,12.0,5.1,10.684,0.361
20171225,82065,null,3.4,11.4,4.8,11.117,0.355
20171224,85026,null,4.0,11.9,5.1,13.675,0.444
20171223,86876,null,3.8,11.3,4.5,12.177,0.368
20171222,83974,null,4.5,11.4,4.3,11.857,0.377
20171221,86190,null,4.0,10.0,4.6,11.138,0.335
20171220,85431,null,3.5,9.9,4.7,10.855,0.404
20171219,86215,null,4.8,10.0,4.6,11.327,0.456
20171218,89142,null,3.6,10.2,4.6,11.953,0.514
20171217,83785,null,4.0,10.4,4.7,12.481,0.500
20171216,83426,null,4.5,10.6,4.6,12.269,0.512
20171215,85714,null,4.0,8.9,4.4,11.821,0.602
20171214,85164,null,4.1,10.1,4.4,10.615,0.552
20171213,83505,null,4.4,9.2,4.3,9.413,0.553
20171212,83618,null,4.0,9.4,4.8,10.735,0.527
20171211,86620,null,4.2,11.0,4.5,9.012,0.521
20171210,84074,null,3.9,11.2,4.5,8.866,0.604
20171209,84505,null,3.6,11.2,4.7,8.347,0.483
20171208,84988,null,3.8,11.2,4.0,7.278,0.240
20171207,89528,null,4.2,11.1,3.7,7.297,0.219
20171206,85039,null,4.0,10.9,4.0,7.365,0.470
20171205,83542,null,3.9,10.8,4.2,7.738,0.511
20171204,83920,null,3.3,10.6,3.5,8.267,0.648
20171203,81766,null,3.5,10.5,4.0,8.393,0.721
20171202,83590,null,3.5,10.3,3.9,9.097,0.810
20171201,84343,null,3.3,8.2,4.7,8.925,0.798
20171130,85840,null,3.8,8.6,4.8,8.485,0.760
20171129,86619,null,4.2,8.6,4.1,8.291,0.856
20171128,85383,null,4.5,8.6,4.0,7.987,0.739
20171127,87220,null,4.6,9.1,4.0,8.478,0.599
20171126,83323,null,4.2,8.9,4.1,8.144,0.627
20171125,84860,null,3.5,7.3,4.7,8.261,0.678
20171124,86491,null,4.0,9.1,5.1,8.883,0.595
20171123,86829,null,3.9,8.9,6.0,9.216,0.668
20171122,86794,null,4.1,8.5,5.0,8.988,0.554
20171121,82066,null,3.5,8.5,4.7,8.233,0.523
20171120,86608,null,4.0,8.4,4.7,8.057,0.514
20171119,88641,null,3.2,8.5,4.6,8.869,0.589
20171118,84203,null,3.5,9.0,4.9,9.545,0.656
20171117,86132,null,3.8,8.7,3.8,9.085,0.582
20171116,84926,null,4.2,8.4,4.5,9.141,0.622
20171115,85457,null,4.1,9.1,4.0,9.312,0.678
20171114,86938,null,3.8,8.5,5.0,8.400,0.616
20171113,85990,null,4.0,8.3,5.9,7.921,0.558
20171112,85042,null,3.8,8.6,6.4,7.925,0.662
20171111,81935,null,4.1,8.8,5.4,8.166,0.721
20171110,84022,null,3.4,8.6,6.4,8.576,0.678
20171109,88265,null,3.8,8.6,5.2,8.253,0.641
20171108,89782,null,3.0,8.8,4.5,8.582,0.565
20171107,88914,null,4.2,8.8,4.9,8.524,0.665
20171106,87141,null,3.9,8.8,5.4,7.663,0.445
20171105,86737,null,3.5,9.3,5.9,7.717,0.625
20171104,87515,null,3.2,8.6,5.8,8.434,0.610
20171103,89260,null,3.6,8.8,5.6,8.730,0.523
20171102,90466,null,3.2,8.4,5.6,8.888,0.596
20171101,88660,null,3.5,8.4,4.7,8.309,0.616
20171031,88721,null,3.2,7.9,5.5,7.840,0.637
20171030,83064,null,3.0,8.7,5.7,7.611,0.648
20171029,86749,null,3.8,8.8,5.8,8.425,0.651
20171028,88969,null,3.8,8.5,5.3,7.530,0.681
20171027,86073,null,3.8,8.2,5.0,7.599,0.659
20171026,89077,null,3.3,7.9,4.9,8.071,0.633
20171025,91919,null,3.2,8.1,4.4,7.395,0.646
20171024,82643,null,3.4,8.4,5.0,7.985,0.605
20171023,87011,null,4.1,8.6,5.1,8.099,0.531
20171022,84433,null,4.0,8.7,5.4,8.451,0.473
20171021,84883,null,3.3,8.8,4.6,8.246,0.558
20171020,87148,null,3.2,8.0,4.2,9.798,0.652
20171019,87581,null,3.8,7.4,4.2,9.733,0.636
20171018,81206,null,3.0,7.6,4.2,9.274,0.646
20171017,81326,null,3.3,7.4,3.7,8.657,0.596
20171016,84883,null,3.6,6.7,3.4,8.027,0.499
20171015,86212,null,3.4,7.5,4.2,8.436,0.555
20171014,84189,null,4.2,7.1,4.4,8.753,0.639
20171013,84583,null,4.1,6.5,3.9,7.744,0.599
20171012,88621,null,4.8,7.2,2.6,9.087,0.564
20171011,86311,null,4.3,7.4,3.3,9.329,0.612
20171010,83695,null,4.4,7.4,3.2,10.910,0.554
20171009,80231,null,4.1,7.5,2.5,9.192,0.473
20171008,85473,null,3.5,7.5,2.5,9.192,0.473
20171007,86862,null,4.5,6.4,1.7,10.142,0.436
20171006,81994,null,4.8,7.2,2.3,10.641,0.448
20171005,81677,null,4.2,6.5,2.6,9.899,0.420
20171004,82871,null,4.6,5.4,1.8,7.400,0.401
20171003,89631,null,3.8,3.5,2.0,6.742,0.360
20171002,91913,null,3.9,5.7,2.3,6.877,0.572
20171001,80170,null,4.0,8.0,3.8,9.039,0.659
20170930,82509,null,4.4,8.8,4.2,8.620,0.707
20170929,85120,null,4.5,9.1,4.6,8.698,0.612
20170928,85456,null,4.3,8.1,4.2,8.421,0.699
20170927,85860,null,5.1,9.8,4.4,7.806,0.741
20170926,86003,null,4.1,9.7,4.5,8.050,0.701
20170925,85546,null,4.5,8.7,4.4,8.229,0.652
20170924,81280,null,4.2,9.0,4.5,8.459,0.759
20170923,83037,null,4.7,8.2,4.6,8.115,0.712
20170922,87860,null,4.5,8.6,4.8,8.558,0.655
20170921,86725,null,4.1,8.0,5.0,7.985,0.708
20170920,75387,null,4.8,8.8,4.8,8.112,0.612
20170919,87497,null,2.6,7.1,4.4,7.620,0.662
20170918,85780,null,3.8,6.9,4.2,7.730,0.512
20170917,87549,null,4.7,7.0,3.2,6.956,0.630
20170916,83056,null,4.8,6.3,3.0,7.620,0.486
20170915,83707,null,4.5,6.3,2.8,7.119,0.413
20170914,87766,null,4.1,5.2,2.4,6.269,0.395
20170913,93746,null,4.2,3.9,2.4,6.624,0.393
20170912,90041,null,2.6,2.9,2.8,8.669,0.390
20170911,88086,null,4.1,7.4,4.5,7.480,0.617
20170910,85604,null,4.5,6.9,3.5,6.709,0.671
20170909,84875,null,4.1,7.2,3.3,6.638,0.668
20170908,85969,null,4.3,6.6,2.7,6.823,0.485
20170907,87709,null,4.1,3.6,3.2,4.757,0.636
20170906,88117,null,4.3,9.0,4.3,8.086,0.778
20170905,89304,null,4.7,7.5,4.2,8.340,0.810
20170904,82226,null,3.8,8.3,4.6,8.046,0.718
20170903,80583,null,4.3,8.6,4.4,7.620,0.745
20170902,85539,null,4.8,8.6,4.0,7.657,0.716
20170901,87503,null,3.8,9.1,3.8,7.428,0.829
20170831,85517,null,4.8,9.9,3.6,7.400,0.825
20170830,82470,null,4.1,9.6,3.2,7.693,0.832
20170829,83412,null,4.2,9.7,2.8,7.565,0.649
20170828,84158,null,3.2,10.6,2.6,7.458,0.565
20170827,79897,null,3.0,9.9,2.7,6.918,0.497
20170826,81464,null,3.6,9.3,3.6,7.210,0.614
20170825,84709,null,3.5,8.3,2.3,7.047,0.565
20170824,85549,null,3.2,7.2,2.2,7.377,0.485
20170823,86633,null,4.0,6.3,2.0,7.120,0.401
20170822,90573,null,4.2,8.8,3.0,8.493,0.619
20170821,88136,null,4.2,7.9,2.5,9.193,0.623
20170820,87355,null,3.2,8.3,2.6,9.717,0.677
20170819,87714,null,3.5,6.2,2.3,7.096,0.624
20170818,85782,null,2.9,7.7,2.7,8.012,0.530
20170817,88067,null,3.8,6.1,1.7,7.922,0.477
20170816,85910,null,3.3,6.9,1.7,7.231,0.397
20170815,87920,null,4.7,3.4,2.0,4.989,0.462
20170814,87985,null,3.9,9.3,2.4,8.343,0.552
20170813,85500,null,3.8,8.5,2.2,8.146,0.495
20170812,86771,null,4.3,9.0,2.6,8.492,0.541
20170811,86119,null,3.2,8.8,2.5,7.855,0.524
20170810,86715,null,4.8,7.4,2.8,7.734,0.511
20170809,90268,null,3.6,10.4,2.1,10.168,0.735
20170808,88137,null,4.2,10.1,4.7,14.233,0.911
20170807,85675,null,5.0,9.4,3.9,9.379,0.806
20170806,84061,null,3.8,9.6,4.7,10.243,1.058
20170805,86063,null,4.6,9.6,4.2,10.394,1.030
20170804,91100,null,3.2,9.6,3.0,10.430,0.813
20170803,84391,null,4.2,7.9,3.6,10.257,0.803
20170802,84252,null,3.2,8.5,3.3,9.760,0.809
20170801,86930,null,4.2,7.2,3.4,7.659,0.710
20170731,89966,null,4.4,8.5,3.7,9.323,0.879
20170730,82829,null,3.2,8.4,3.6,8.676,0.758
20170729,87331,null,3.5,8.8,3.9,8.901,0.785
20170728,84760,null,3.2,8.6,2.5,7.048,0.539
20170727,87488,null,3.2,9.3,3.0,6.468,0.471
20170726,86205,null,3.9,10.1,3.7,6.501,0.645
20170725,85953,null,3.8,9.0,4.2,6.549,0.656
20170724,89912,null,3.9,7.2,4.3,7.340,0.584
20170723,83467,null,4.3,8.3,4.9,7.979,0.761
20170722,82847,null,4.1,7.4,3.9,7.877,0.836
20170721,84559,null,3.2,7.7,3.7,7.588,0.815
20170720,86234,null,4.0,7.7,4.1,7.500,0.761
20170719,85059,null,3.7,7.3,3.7,7.088,0.785
20170718,86998,null,3.7,6.3,4.0,6.443,0.779
20170717,83552,null,4.2,8.0,2.9,7.184,0.697
20170716,83097,null,4.2,8.5,3.8,7.078,0.647
20170715,83290,null,3.8,8.3,4.5,8.047,0.905
20170714,83834,null,4.7,8.8,4.5,7.890,0.815
20170713,82920,null,4.2,9.0,4.3,8.698,0.617
20170712,88845,null,4.9,7.9,4.3,7.583,0.686
20170711,86428,null,4.6,6.9,4.2,6.433,0.778
20170710,84715,null,2.6,8.8,3.3,6.580,0.661
20170709,82488,null,3.9,5.2,1.9,6.371,0.486
20170708,88655,null,4.1,7.4,2.6,6.920,0.627
20170707,87492,null,4.0,5.2,1.9,6.371,0.486
20170706,100425,null,5.0,3.4,2.4,4.245,0.381
20170705,92467,null,4.4,2.3,3.5,4.153,0.400
20170704,86466,null,4.8,7.6,4.2,6.669,0.710
20170703,75734,null,4.2,9.3,4.3,8.005,0.556
20170702,57009,null,4.9,8.3,3.4,8.493,0.502
20170701,76459,null,4.0,7.5,3.9,7.014,0.392
20170630,79781,null,3.8,6.3,4.2,5.104,0.440
20170629,80310,null,4.0,10.4,4.3,8.150,0.625
20170628,75641,null,4.7,11.5,4.6,8.054,0.562
20170627,77364,null,4.6,11.7,4.4,7.371,0.507
20170626,80406,null,4.2,12.2,4.3,7.518,0.415
20170625,84607,null,4.1,10.9,4.3,8.102,0.495
20170624,82975,null,4.2,10.4,4.3,8.418,0.534
20170623,82380,null,5.0,9.6,3.7,7.052,0.499
20170622,81720,null,4.8,9.0,4.3,7.938,0.609
20170621,83360,null,4.2,6.2,4.0,6.962,0.608
20170620,81218,null,4.1,7.4,4.2,7.657,0.603
20170619,80785,null,4.9,7.4,3.1,7.650,0.566
20170618,78674,null,4.8,7.5,3.3,7.216,0.537
20170617,81321,null,3.9,7.2,3.5,7.199,0.576
20170616,81171,null,4.4,7.7,3.4,7.268,0.578
20170615,80913,null,4.2,6.6,3.2,7.480,0.573
20170614,79757,null,5.3,7.5,3.3,7.382,0.510
20170613,79266,null,4.0,8.4,3.7,6.316,0.478
20170612,77579,null,4.2,10.1,3.3,6.821,0.376
20170611,80080,null,4.7,9.3,3.2,6.882,0.402
20170610,80517,null,5.0,7.9,2.9,7.451,0.434
20170609,80358,null,4.5,8.5,3.5,7.158,0.524
20170608,78092,null,4.6,6.9,4.4,7.536,0.539
20170607,81429,null,4.5,8.3,4.3,10.414,0.583
20170606,77450,null,5.0,8.8,4.8,10.331,0.740
20170605,78767,null,4.3,7.2,3.9,8.952,0.658
20170604,78413,null,4.0,7.7,4.4,9.939,0.795
20170603,78942,null,4.3,8.8,4.6,10.520,0.887
20170602,81198,null,4.5,9.0,4.4,9.127,0.752
20170601,80666,null,4.1,9.6,4.2,8.695,0.692
20170531,81802,null,5.0,9.2,4.2,8.600,0.692
20170530,80541,null,4.3,9.0,3.8,9.663,0.671
20170529,81551,null,4.5,10.0,4.0,8.365,0.702
20170528,78237,null,5.1,11.2,4.4,6.718,0.608
20170527,82209,null,5.1,11.5,4.4,7.591,0.643
20170526,82261,null,5.0,12.8,4.1,8.160,0.659
20170525,84128,null,4.8,11.7,4.3,7.576,0.654
20170524,84093,null,4.0,9.3,4.3,7.269,0.738
20170523,80045,null,4.8,9.3,4.3,7.267,0.603
20170522,82745,null,4.5,8.9,4.6,6.576,0.541
20170521,78479,null,4.3,9.0,4.1,7.606,0.595
20170520,78881,null,4.2,8.5,4.0,7.461,0.604
20170519,75193,null,4.5,10.9,4.8,8.093,0.662
20170518,79362,null,4.3,10.6,3.7,8.342,0.600
20170517,76065,null,4.3,10.1,3.9,7.352,0.562
20170516,82791,null,4.9,9.6,3.7,7.289,0.433
20170515,79694,null,4.2,10.9,3.7,7.827,0.430
20170514,81535,null,4.0,10.9,4.4,8.091,0.487
20170513,84010,null,5.1,12.0,3.3,6.765,0.411
20170512,88202,null,4.6,11.2,4.3,7.312,0.650
20170511,82298,null,4.3,8.8,4.0,8.623,0.491
20170510,83577,null,4.3,5.8,4.5,6.814,0.425
20170509,88072,null,5.1,10.1,3.4,9.594,0.555
20170508,81017,null,5.3,8.7,4.4,9.734,0.575
20170507,79770,null,5.0,8.5,5.0,10.142,0.666
20170506,81915,null,5.6,8.7,6.7,10.094,0.739
20170505,83855,null,5.4,10.3,6.4,12.059,0.789
20170504,83250,null,5.3,11.7,3.3,11.506,0.643
20170503,79910,null,5.5,10.8,3.0,10.702,0.735
20170502,80967,null,4.9,11.7,4.7,11.162,0.637
20170501,83820,null,5.1,12.8,5.5,9.684,0.602
20170430,82590,null,4.8,13.1,4.1,10.762,0.606
20170429,85400,null,5.4,13.1,4.4,11.530,0.612
20170428,86322,null,4.9,10.6,4.4,9.566,0.719
20170427,72020,null,5.2,8.9,3.9,9.926,0.649
20170426,76749,null,5.3,9.9,4.5,9.306,0.637
20170425,78130,null,5.2,10.6,4.7,8.853,0.635
20170424,76877,null,5.1,9.9,4.2,6.965,0.446
20170423,80466,null,4.0,10.6,3.7,8.419,0.515
20170422,81981,null,4.2,10.4,3.6,8.101,0.507
20170421,80340,null,5.1,9.2,3.8,7.336,0.548
20170420,81501,null,5.6,8.5,3.7,7.900,0.417
20170419,84563,null,4.8,7.5,4.2,7.917,0.394
20170418,81480,null,5.2,5.0,3.5,5.833,0.492
20170417,82036,null,4.2,10.4,4.4,9.714,0.637
20170416,83615,null,5.2,10.6,4.2,11.171,0.680
20170415,85683,null,5.1,10.7,4.3,9.768,0.637
20170414,85800,null,5.2,10.4,3.9,10.170,0.637
20170413,82322,null,5.5,8.7,5.1,9.112,0.501
20170412,79553,null,5.6,8.7,3.8,8.441,0.423
20170411,92113,null,4.2,11.9,4.1,9.342,0.619
20170410,80798,null,5.2,11.7,7.1,7.408,0.588
20170409,77870,null,5.3,10.9,4.4,9.987,0.557
20170408,83974,null,5.6,9.3,3.1,9.118,0.427
20170407,90632,null,5.4,6.3,3.5,7.854,0.414
20170406,86890,null,4.5,5.8,4.1,8.307,0.520
20170405,79210,null,5.4,13.2,4.6,11.076,0.499
20170404,77855,null,4.3,13.5,4.6,11.063,0.581
20170403,80890,null,5.5,12.7,3.9,10.123,0.386
20170402,80370,null,6.9,12.0,3.9,10.394,0.445
20170401,81320,null,2.1,12.0,3.9,10.394,0.445
20170331,83320,null,5.5,13.6,4.3,9.653,0.447
20170330,85140,null,5.4,12.8,4.4,8.858,0.761
20170329,75260,null,4.8,9.5,6.5,18.836,1.760
20170328,56567,null,5.9,12.8,7.8,17.583,1.826
20170327,50043,null,5.6,4.9,5.4,2.482,0.189
20170326,57798,null,5.5,11.1,7.7,12.972,0.781
20170325,81396,null,5.4,10.7,4.2,10.978,0.729
20170324,84045,null,5.1,10.7,4.0,10.469,0.651
20170323,83168,null,4.8,9.6,3.9,10.155,0.630
20170322,83406,null,5.4,8.4,3.7,10.329,0.568
20170321,93816,null,5.4,9.6,4.0,9.336,0.636
20170320,91226,null,4.9,9.6,4.1,10.307,0.636
20170319,83011,null,5.2,10.1,4.3,9.707,0.635
20170318,82097,null,5.0,10.5,4.0,10.091,0.634
20170317,81966,null,5.3,10.3,3.9,9.995,0.592
20170316,83941,null,5.2,12.0,4.0,10.118,0.563
20170315,85358,null,5.2,11.8,4.1,8.129,0.613
20170314,85317,null,5.3,11.1,4.0,9.765,0.496
20170313,84209,null,5.2,11.6,4.1,10.071,0.527
20170312,82611,null,4.9,8.9,3.8,10.404,0.527
20170311,79482,null,4.8,9.3,3.7,10.076,0.548
20170310,79491,null,4.5,8.6,3.8,11.152,0.514
20170309,77938,null,4.6,8.9,4.1,11.248,0.499
20170308,76405,null,5.3,8.6,3.9,10.927,0.541
20170307,75105,null,4.2,8.6,4.0,10.768,0.514
20170306,74041,null,5.3,10.5,3.9,10.899,0.531
20170305,73325,null,5.3,10.0,3.8,9.841,0.484
20170304,76927,null,5.2,10.2,3.8,9.136,0.435
20170303,80053,null,5.2,11.1,3.6,9.059,0.407
20170302,83494,null,5.3,7.5,3.6,7.760,0.474
20170301,85750,null,5.0,11.8,3.9,10.467,0.547
20170228,86027,null,4.5,10.3,3.8,10.218,0.512
20170227,86888,null,5.4,10.0,3.6,10.604,0.466
20170226,84151,null,5.3,8.6,3.6,10.453,0.472
20170225,83111,null,4.9,8.4,3.4,10.251,0.438
20170224,86546,null,5.2,8.6,3.4,10.371,0.403
20170223,88187,null,5.0,5.1,3.5,7.197,0.418
20170222,90242,null,5.2,9.0,3.6,10.346,0.561
20170221,85078,null,5.3,9.1,3.8,10.341,0.484
20170220,85080,null,5.2,10.1,3.6,10.711,0.473
20170219,85004,null,4.5,9.0,3.8,10.980,0.502
20170218,83787,null,5.2,9.4,3.7,10.840,0.507
20170217,94055,null,5.1,9.3,4.7,11.794,0.668
20170216,86107,null,5.0,9.3,4.0,11.616,0.592
20170215,83792,null,5.0,11.2,3.7,10.151,0.632
20170214,84365,null,4.6,11.7,3.8,10.610,0.462
20170213,89759,null,5.3,10.8,3.5,11.246,0.458
20170212,85429,null,5.2,11.6,3.7,10.409,0.388
20170211,84954,null,5.4,9.4,3.7,10.598,0.366
20170210,84965,null,5.2,6.3,3.5,9.132,0.420
20170209,86492,null,5.2,6.4,3.6,10.387,0.452
20170208,84037,null,5.2,5.5,3.5,8.403,0.256
20170207,84386,null,5.0,7.2,3.4,10.465,0.349
20170206,86750,null,5.1,5.8,3.4,10.545,0.544
20170205,89606,null,4.8,6.7,3.4,10.822,0.173
20170204,83349,null,5.1,6.3,3.5,10.505,0.388
20170203,82932,null,4.5,7.3,3.7,9.452,0.510
20170202,86811,null,5.1,7.7,4.1,11.222,0.544
20170201,84009,null,5.0,10.5,4.4,10.706,0.513
20170131,80327,null,5.0,9.6,3.5,10.458,0.571
20170130,83613,null,4.5,9.5,3.6,12.040,0.304
20170129,81871,null,4.9,9.4,3.6,12.194,0.398
20170128,87482,null,4.8,8.3,3.7,10.417,0.327
20170127,87922,null,4.6,8.3,3.6,10.178,0.382
20170126,86742,null,5.0,9.4,3.6,10.930,0.414
20170125,86119,null,5.2,9.5,3.5,10.733,0.357
20170124,88823,null,5.1,9.1,3.6,11.328,0.412
20170123,86189,null,5.2,9.1,3.5,9.818,0.252
20170122,87130,null,5.0,8.3,3.5,10.174,0.343
20170121,84631,null,4.8,8.3,3.8,10.769,0.344
20170120,86729,null,4.5,8.3,3.7,10.255,0.428
20170119,85169,null,5.0,7.4,3.5,10.321,0.421
20170118,83400,null,5.1,7.8,3.4,10.581,0.379
20170117,82779,null,5.1,8.3,3.5,9.433,0.421
20170116,83414,null,4.9,8.3,3.5,9.433,0.421
20170115,81106,null,4.5,7.7,3.5,10.191,0.436
20170114,82207,null,5.0,8.5,3.6,9.707,0.472
20170113,86081,null,4.6,8.0,3.5,9.740,0.620
20170112,82257,null,4.9,7.4,3.6,10.108,0.613
20170111,83050,null,5.0,7.4,3.6,9.857,0.618
20170110,83398,null,5.0,7.9,3.5,10.527,0.586
20170109,90024,null,4.9,7.9,3.5,9.626,0.592
20170108,95131,null,4.6,7.2,3.5,9.967,0.536
20170107,85075,null,4.9,8.3,3.5,9.201,0.706
20170106,86952,null,4.8,8.9,3.6,8.561,0.459
20170105,82653,null,4.8,8.5,3.6,8.493,0.498
20170104,81842,null,4.3,8.5,3.5,8.836,0.478
20170103,85127,null,4.2,8.3,3.3,8.806,0.454
20170102,83058,null,4.1,7.7,3.3,8.404,0.421
20170101,82873,null,4.3,7.7,3.4,9.222,0.406
20161231,84573,null,4.8,7.2,3.3,8.671,0.481
20161230,84276,null,4.5,6.8,3.2,9.378,0.450
20161229,84051,null,4.5,6.5,3.3,9.154,0.441
20161228,83020,null,4.8,6.5,3.3,9.154,0.441
20161227,83849,null,4.5,6.0,3.2,7.455,0.336
20161226,88214,null,4.7,7.4,3.4,8.500,0.480
20161225,83201,null,4.5,6.6,3.4,8.076,0.315
20161224,83010,null,4.6,6.5,3.3,8.677,0.470
20161223,84382,null,4.7,4.3,3.2,6.210,0.109
20161222,98861,null,4.6,4.3,3.4,4.527,0.158
20161221,85249,null,4.6,7.7,3.3,7.688,0.131
20161220,81113,null,4.8,4.8,3.5,5.622,0.165
20161219,85274,null,4.6,9.4,4.1,8.026,0.293
20161218,81482,null,4.6,9.4,4.3,8.570,0.315
20161217,81474,null,4.6,9.6,4.2,7.820,0.387
20161216,82148,null,4.8,9.7,3.9,8.792,0.303
20161215,83085,null,4.8,9.7,4.1,8.162,0.294
20161214,84674,null,4.7,10.2,4.1,9.055,0.318
20161213,84965,null,4.6,10.2,4.0,8.594,0.261
20161212,82904,null,4.8,9.4,4.1,8.359,0.261
20161211,84276,null,4.6,9.7,4.3,8.353,0.292
20161210,82605,null,4.7,9.1,4.2,8.942,0.279
20161209,82410,null,4.8,8.3,4.2,8.599,0.339
20161208,80125,null,4.7,9.6,5.3,9.431,0.389
20161207,82147,null,4.8,9.4,4.0,9.415,0.314
20161206,84204,null,4.6,9.1,3.9,8.764,0.280
20161205,84214,null,4.6,9.6,3.7,8.276,0.229
20161204,83056,null,4.6,8.8,3.6,8.388,0.214
20161203,84843,null,4.4,9.1,3.6,8.891,0.276
20161202,83036,null,4.7,8.3,3.7,9.015,0.098
20161201,84383,null,4.7,7.7,3.7,9.711,0.335
20161130,85235,null,4.6,11.0,3.7,9.754,0.357
20161129,83422,null,4.3,9.6,3.7,9.517,0.391
20161128,83383,null,4.8,11.3,3.6,9.522,0.418
20161127,82049,null,4.5,9.9,3.7,8.739,0.415
20161126,82040,null,4.3,10.9,3.7,8.869,0.433
20161125,82742,null,4.4,9.1,3.5,8.422,0.400
20161124,85303,null,4.6,10.0,3.7,9.235,0.438
20161123,86880,null,4.5,9.8,3.7,8.637,0.395
20161122,84131,null,4.5,10.4,3.5,8.323,0.347
20161121,83896,null,4.3,10.4,3.5,8.323,0.374
20161120,84780,null,4.3,9.3,3.5,8.202,0.329
20161119,86842,null,4.3,6.3,3.7,1.501,0.326
20161118,87397,null,4.2,11.5,4.0,8.211,0.479
20161117,84277,null,4.3,10.6,4.2,8.119,0.433
20161116,89962,null,4.1,10.6,3.8,7.939,0.429
20161115,87932,null,4.2,9.8,3.8,7.769,0.403
20161114,90223,null,4.2,11.1,4.2,8.510,0.398
20161113,83873,null,4.3,11.3,4.2,8.144,0.451
20161112,84946,null,4.3,9.9,4.1,8.804,0.500
20161111,83156,null,4.2,8.6,3.4,8.617,0.457
20161110,84165,null,4.6,8.0,3.4,8.870,0.475
20161109,84464,null,4.3,8.8,3.4,9.353,0.687
20161108,85910,null,4.5,9.4,3.5,8.902,0.743
20161107,86541,null,4.1,9.6,3.3,10.174,0.597
20161106,85738,null,4.5,9.7,3.5,10.215,0.650
20161105,87243,null,4.6,9.8,3.6,11.330,0.734
20161104,84078,null,4.6,9.4,3.3,10.312,0.629
20161103,86741,null,4.7,9.0,3.3,9.526,0.687
20161102,84491,null,4.5,8.9,3.6,9.451,0.691
20161101,79743,null,4.7,8.8,3.6,9.208,0.686
20161031,84963,null,4.6,7.8,3.6,9.522,0.720
20161030,85547,null,4.7,7.8,3.4,9.246,0.643
20161029,86360,null,4.5,8.0,3.5,7.961,0.152
20161028,88724,null,4.5,8.4,3.4,7.827,0.274
20161027,87948,null,4.6,8.7,7.6,9.132,0.610
20161026,88998,null,4.6,8.0,3.3,9.332,0.608
20161025,87821,null,4.3,6.4,3.4,9.346,0.595
20161024,85085,null,4.4,8.3,3.9,9.125,0.654
20161023,87811,null,4.3,7.5,3.5,8.880,0.650
20161022,88394,null,4.6,8.3,3.4,8.873,0.759
20161021,91911,null,4.5,8.5,3.5,3.724,0.586
20161020,89735,null,4.3,7.4,3.3,7.845,0.578
20161019,91054,null,4.3,7.2,3.1,7.418,0.488
20161018,88265,null,4.4,5.5,3.1,6.864,0.381
20161017,86308,null,4.2,4.5,3.4,5.192,0.403
20161016,90928,null,4.5,8.7,3.8,8.035,0.655
20161015,87741,null,4.6,7.4,3.8,8.369,0.640
20161014,87073,null,4.4,9.3,3.7,8.770,0.557
20161013,89616,null,4.3,8.7,3.6,8.067,0.439
20161012,86348,null,4.1,8.5,3.7,8.505,0.392
20161011,82536,null,4.2,7.4,3.6,8.964,0.373
20161010,88317,null,4.1,7.5,3.6,7.865,0.336
20161009,94238,null,4.4,5.2,3.0,6.694,0.278
20161008,104352,null,4.5,4.9,3.0,5.734,0.369
20161007,100797,null,4.3,5.0,3.5,6.445,0.239
20161006,103010,null,4.3,1.6,3.2,8.439,0.391
20161005,105093,null,4.1,5.4,3.1,6.516,0.419
20161004,87991,null,4.0,4.2,3.2,8.136,0.405
20161003,89850,null,4.3,3.4,2.8,8.100,0.411
20161002,89925,null,4.4,3.1,3.0,7.555,0.344
20161001,91939,null,4.6,1.9,2.6,6.987,0.310
20160930,100266,null,4.7,8.0,3.2,6.639,0.357
20160929,101791,null,4.6,6.7,3.2,6.230,0.293
20160928,103461,null,4.2,6.9,3.5,6.669,0.652
20160927,86342,null,4.8,8.3,3.6,8.131,0.561
20160926,84793,null,4.7,7.9,3.7,7.860,0.478
20160925,81734,null,4.2,8.1,3.3,8.067,0.456
20160924,84960,null,3.1,6.4,3.3,7.961,0.411
20160923,84669,null,2.9,8.3,2.7,8.873,0.258
20160922,88180,null,3.5,9.1,2.1,7.476,0.526
20160921,91380,null,4.3,7.2,1.7,7.194,0.359
20160920,99057,null,4.8,8.3,1.7,6.654,0.355
20160919,82374,null,4.9,5.3,1.6,6.644,0.351
20160918,91613,null,4.9,4.1,1.5,5.800,0.435
20160917,84497,null,4.8,8.6,2.1,6.543,0.562
20160916,88211,null,4.2,9.1,2.2,7.853,0.547
20160915,85716,null,4.8,8.3,2.4,7.453,0.626
20160914,88739,null,4.7,10.2,4.1,9.055,0.318
20160913,87817,null,4.7,6.3,2.1,6.498,0.539
20160912,95928,null,4.5,7.0,2.4,7.869,0.618
20160911,85298,null,4.7,6.8,2.5,9.772,0.741
20160910,87265,null,3.8,8.7,2.4,7.626,0.578
20160909,90516,null,3.0,8.7,2.4,7.626,0.578
20160908,92227,null,3.2,7.8,2.0,7.010,0.477
20160907,91531,null,4.2,6.7,1.8,7.118,0.487
20160906,90705,null,4.0,7.3,1.7,6.870,0.392
20160905,94166,null,4.6,6.1,1.5,7.177,0.307
20160904,94221,null,4.7,4.5,1.5,3.509,0.395
20160903,114775,null,4.7,4.5,1.5,3.509,0.395
20160902,107345,null,4.6,8.6,2.3,8.765,0.557
20160901,91060,null,4.5,9.8,2.2,7.717,0.519
20160831,95811,null,4.8,9.3,1.8,7.609,0.447
20160830,95618,null,4.6,6.7,1.5,7.107,0.408
20160829,99842,null,5.8,5.4,1.1,5.136,0.389
20160828,114323,null,4.6,8.2,2.0,9.370,0.820
20160827,88976,null,4.7,8.8,2.1,9.863,0.792
20160826,89416,null,4.6,8.2,2.1,9.248,0.844
20160825,88816,null,4.6,8.3,2.3,9.428,0.761
20160824,90645,null,4.9,10.0,3.1,9.364,0.654
20160823,89476,null,4.6,10.4,3.4,7.757,0.634
20160822,90448,null,4.7,13.8,3.2,8.661,0.603
20160821,91866,null,4.5,13.6,2.7,8.457,0.688
20160820,91116,null,4.7,13.3,3.1,9.308,0.624
20160819,89902,null,4.8,11.9,2.5,10.238,0.610
20160818,89155,null,4.5,10.2,1.7,9.459,0.523
20160817,88786,null,4.8,9.0,1.2,8.267,0.495
20160816,99846,null,4.8,6.7,1.5,7.067,0.445
20160815,94613,null,4.8,11.0,2.1,10.368,0.850
20160814,86222,null,4.6,10.4,2.2,11.075,0.841
20160813,82123,null,4.8,9.9,2.0,10.652,0.858
20160812,85749,null,4.6,10.9,2.1,11.080,0.884
20160811,85610,null,4.7,10.3,2.0,9.817,0.984
20160810,84648,null,4.9,12.1,2.1,11.942,0.983
20160809,86147,null,4.9,11.3,1.7,11.037,0.997
20160808,86650,null,5.8,10.9,2.9,11.039,1.073
20160807,85702,null,5.2,12.8,3.0,9.926,0.993
20160806,85707,null,4.3,10.0,2.5,8.817,0.921
20160805,90415,null,4.0,10.5,3.1,9.411,0.879
20160804,90551,null,4.5,9.4,2.0,8.860,0.853
20160803,87358,null,4.8,7.4,2.1,7.306,0.854
20160802,82965,null,4.8,8.3,3.7,8.365,0.840
20160801,86512,null,4.8,8.4,3.2,9.038,0.841
20160731,87465,null,4.7,6.9,3.0,9.160,0.933
20160730,89232,null,4.5,6.8,3.2,9.572,0.872
20160729,85993,null,4.8,7.9,3.4,9.700,1.002
20160728,85640,null,4.7,7.4,3.5,9.078,0.954
20160727,87964,null,4.8,7.8,4.2,9.903,0.902
20160726,86336,null,4.8,8.3,4.6,10.225,0.913
20160725,86799,null,5.0,7.5,4.2,8.391,0.849
20160724,86255,null,5.0,8.6,4.3,9.404,0.873
20160723,88439,null,4.6,8.6,3.9,9.440,0.852
20160722,88601,null,4.5,9.3,3.9,9.413,0.852
20160721,89061,null,4.2,9.7,4.0,8.819,0.785
20160720,91433,null,4.8,10.0,4.2,8.941,0.902
20160719,88599,null,4.4,9.2,4.8,8.641,0.769
20160718,89388,null,4.2,7.5,3.7,8.366,0.623
20160717,86321,null,4.2,7.2,3.7,7.933,0.832
20160716,87606,null,3.8,9.8,4.8,8.396,0.753
20160715,91813,null,4.0,8.2,4.3,7.951,0.659
20160714,93569,null,3.9,7.3,4.2,8.167,0.608
20160713,88460,null,3.9,5.5,3.7,6.872,0.572
20160712,88574,null,3.2,7.3,4.2,7.460,0.623
20160711,100118,null,3.2,8.0,3.7,7.864,0.573
20160710,87831,null,4.0,6.6,4.1,7.926,0.571
20160709,89484,null,3.6,8.4,4.0,7.891,0.615
20160708,90654,null,3.9,6.4,2.8,6.948,0.399
20160707,90287,null,4.0,6.7,2.7,7.616,0.299
20160706,93481,null,4.2,4.7,2.6,7.904,0.102
20160705,98807,null,4.4,3.5,2.0,9.702,0.065
20160704,109223,null,4.6,3.5,2.5,4.947,0.070
20160703,102039,null,4.0,4.2,2.2,6.871,0.199
20160702,101343,null,4.2,5.8,3.2,6.789,0.216
20160701,88123,null,4.1,11.4,4.4,11.127,0.355
20160630,85813,null,4.8,11.4,4.4,11.127,0.355
20160629,84295,null,4.9,9.4,3.6,8.219,0.504
20160628,85514,null,4.9,9.1,3.9,7.717,0.525
20160627,77427,null,4.4,10.0,4.0,6.930,0.488
20160626,84347,null,3.9,10.6,3.5,6.926,0.476
20160625,91679,null,4.0,8.1,3.3,5.853,0.484
20160624,105520,null,4.8,8.9,3.2,8.248,0.549
20160623,87472,null,4.2,7.5,3.2,7.049,0.467
20160622,90275,null,4.4,10.0,3.4,8.050,0.569
20160621,91473,null,4.6,7.4,3.8,7.936,0.687
20160620,89320,null,4.9,9.8,4.6,9.021,0.562
20160619,87770,null,5.0,7.0,2.6,9.313,0.614
20160618,88390,null,4.6,9.1,3.9,9.591,0.741
20160617,87194,null,4.8,8.4,3.3,9.461,0.616
20160616,88695,null,4.8,8.6,3.2,10.224,0.602
20160615,86242,null,4.7,10.0,3.1,12.524,0.618
20160614,86293,null,5.0,9.5,3.0,10.064,0.612
20160613,85866,null,4.7,9.4,3.4,9.611,0.686
20160612,88858,null,4.7,12.2,3.6,10.834,0.720
20160611,85313,null,5.0,11.4,4.0,10.974,0.744
20160610,88405,null,4.4,12.6,4.4,10.022,0.768
20160609,89829,null,4.9,13.6,4.3,10.352,0.826
20160608,90614,null,4.7,12.3,3.2,10.078,0.641
20160607,90965,null,4.8,13.2,3.6,10.133,0.534
20160606,90371,null,4.8,10.6,3.2,10.649,0.579
20160605,93387,null,4.3,9.4,3.0,9.461,0.558
20160604,92637,null,4.7,10.5,4.0,9.963,0.637
20160603,91335,null,4.6,10.0,4.2,10.884,0.782
20160602,87769,null,4.6,9.7,4.5,10.836,0.754
20160601,84523,null,5.0,9.1,4.9,10.553,0.718
20160531,88919,null,4.9,9.5,6.5,11.382,0.651
20160530,82724,null,3.8,10.4,5.9,9.972,0.474
20160529,82421,null,4.3,10.0,5.5,9.180,0.613
20160528,84853,null,4.1,10.6,6.5,10.565,0.701
20160527,84005,null,4.8,11.7,6.6,10.309,0.682
20160526,86362,null,4.2,11.9,6.1,9.603,0.653
20160525,87371,null,4.8,9.0,5.5,8.174,0.537
20160524,97999,null,4.5,12.7,6.6,10.529,0.757
20160523,84480,null,4.3,12.4,5.3,10.850,0.579
20160522,85336,null,4.3,11.6,5.5,11.303,0.652
20160521,83699,null,4.5,9.4,5.4,10.554,0.678
20160520,80552,null,4.4,8.6,5.6,10.443,0.658
20160519,75594,null,4.1,8.2,4.8,9.204,0.855
20160518,83056,null,4.2,7.9,4.5,8.402,0.660
20160517,85961,null,4.3,7.5,4.6,7.339,0.672
20160516,89354,null,4.2,7.0,4.5,7.014,0.667
20160515,83606,null,3.7,8.5,5.9,9.001,0.554
20160514,85204,null,4.8,8.2,5.3,9.072,0.832
20160513,81374,null,4.0,8.8,5.3,8.848,0.749
20160512,88119,null,3.5,8.5,5.5,8.511,0.660
20160511,86497,null,4.1,7.2,4.2,7.220,0.517
20160510,86393,null,3.9,8.8,5.9,8.911,0.617
20160509,84402,null,4.0,8.5,5.7,7.656,0.576
20160508,81608,null,3.2,8.9,5.1,7.937,0.535
20160507,84469,null,4.0,8.9,4.3,8.179,0.516
20160506,86080,null,4.0,7.7,5.6,8.829,0.507
20160505,91025,null,4.5,8.6,5.7,8.466,0.698
20160504,72486,null,3.4,7.0,7.0,8.756,0.697
20160503,65982,null,3.0,11.9,8.1,12.305,0.773
20160502,71649,null,4.5,12.5,6.5,11.618,0.521
20160501,76313,null,3.4,10.4,7.2,11.385,0.723
20160430,84942,null,3.6,10.3,5.4,9.576,0.579
20160429,85395,null,3.8,9.4,5.5,8.709,0.621
20160428,86184,null,3.1,6.8,1.9,6.018,0.388
20160427,90905,null,3.1,14.3,5.5,10.400,0.556
20160426,80550,null,3.8,12.8,5.6,8.392,0.213
20160425,88992,null,3.2,12.9,5.5,8.229,0.543
20160424,91840,null,4.0,10.8,5.0,8.482,0.563
20160423,98561,null,3.7,10.4,6.4,8.348,0.664
20160422,101392,null,3.5,8.4,3.9,8.156,0.502
20160421,97533,null,3.8,9.4,5.2,9.942,0.603
20160420,88086,null,3.9,9.4,3.0,8.795,0.494
20160419,88086,null,3.2,9.8,7.4,9.247,0.554
20160418,90412,null,4.7,6.4,2.5,7.023,0.500
20160417,87438,null,4.0,5.4,3.1,7.787,0.427
20160416,86588,null,4.2,11.1,4.4,9.401,0.523
20160415,87748,null,3.6,10.5,3.9,10.938,0.530
20160414,81868,null,4.6,7.8,3.4,9.276,0.548
20160413,85070,null,4.0,11.2,4.2,9.770,0.550
20160412,90796,null,2.8,10.4,3.6,10.167,0.510
20160411,85446,null,4.8,10.0,2.9,8.711,0.475
20160410,85673,null,4.2,8.5,2.9,9.306,0.152
20160409,89430,null,4.0,7.7,2.7,10.179,0.158
20160408,91946,null,4.7,6.5,2.6,10.328,0.200
20160407,89687,null,4.4,7.3,2.9,8.603,0.277
20160406,82915,null,4.7,10.0,4.7,13.770,0.694
20160405,81885,null,4.5,8.5,3.6,12.568,0.419
20160404,80536,null,4.8,7.7,3.9,12.101,0.656
20160403,75773,null,4.7,9.2,3.5,12.154,0.582
20160402,78477,null,4.8,10.1,4.1,12.572,0.606
20160401,82580,null,4.9,9.5,5.2,12.570,0.666
20160331,84662,null,4.6,10.4,4.1,11.894,0.504
20160330,79705,null,4.7,10.4,5.1,12.025,0.644
20160329,83313,null,4.5,10.7,4.8,11.192,0.669
20160328,79022,null,4.7,10.6,4.1,12.080,0.441
20160327,80411,null,4.3,9.7,4.1,11.386,0.357
20160326,82457,null,4.8,11.7,4.7,12.270,0.703
20160325,84531,null,4.9,10.8,3.4,12.039,0.731
20160324,84888,null,4.3,10.8,3.4,12.039,0.731
20160323,84906,null,4.6,10.4,4.5,12.895,0.534
20160322,82934,null,4.7,9.0,3.4,12.162,0.606
20160321,84248,null,5.0,8.2,2.6,11.440,0.385
20160320,83937,null,4.6,8.0,2.7,11.631,0.342
20160319,86105,null,4.9,6.1,2.9,11.021,0.360
20160318,94065,null,4.8,9.6,3.6,12.736,0.562
20160317,84068,null,4.8,9.8,3.0,13.200,0.547
20160316,76840,null,4.6,9.7,5.0,13.069,0.548
20160315,79690,null,4.6,10.4,3.5,12.530,0.477
20160314,81730,null,4.3,11.0,3.2,12.271,0.391
20160313,87880,null,4.3,11.1,3.9,12.124,0.403
20160312,83663,null,4.4,10.1,3.8,13.189,0.278
20160311,85038,null,4.2,9.2,3.6,13.120,0.309
20160310,83269,null,4.5,9.4,3.2,11.613,0.180
20160309,88764,null,4.3,7.0,2.7,10.038,0.356
20160308,84492,null,4.7,8.4,3.1,10.190,0.356
20160307,83680,null,4.9,6.3,3.1,8.974,0.361
20160306,84371,null,4.6,6.4,2.7,7.315,0.384
20160305,81907,null,5.0,7.9,3.6,9.234,0.471
20160304,81569,null,4.8,10.4,5.3,12.105,0.464
20160303,76907,null,5.0,10.4,4.3,12.177,0.460
20160302,81407,null,4.8,10.1,4.0,12.010,0.479
20160301,82087,null,4.8,11.1,3.8,12.855,0.442
20160229,83308,null,4.6,10.4,3.3,11.836,0.421
20160228,83162,null,4.8,10.0,2.9,12.127,0.462
20160227,81079,null,4.8,10.4,3.2,12.116,0.475
20160226,82376,null,4.6,9.5,2.6,12.513,0.407
20160225,83140,null,4.9,8.7,2.5,11.711,0.411
20160224,82574,null,5.4,9.7,2.7,12.457,0.409
20160223,84415,null,5.3,9.9,3.2,12.735,0.421
20160222,81645,null,5.7,9.1,2.5,12.017,0.371
20160221,79041,null,5.3,8.4,3.0,12.092,0.356
20160220,80683,null,5.5,8.9,2.5,11.156,0.343
20160219,81060,null,5.7,8.6,4.1,9.535,0.310
20160218,82236,null,5.6,8.4,3.4,9.769,0.285
20160217,82114,null,5.4,8.3,3.7,9.178,0.205
20160216,79968,null,5.2,9.0,5.1,11.766,0.272
20160215,81689,null,4.5,7.9,3.6,8.185,0.247
20160214,79881,null,4.6,8.2,3.5,8.472,0.253
20160213,86212,null,5.0,8.0,4.0,7.106,0.282
20160212,84491,null,5.3,9.8,5.1,11.252,0.310
20160211,80100,null,5.4,9.5,5.1,11.766,0.293
20160210,80852,null,4.6,8.4,5.0,12.497,0.297
20160209,76971,null,4.6,8.2,4.1,13.055,0.274
20160208,77385,null,5.0,8.6,5.0,9.941,0.230
20160207,80817,null,5.6,8.6,4.6,10.856,0.268
20160206,79997,null,5.2,9.3,4.5,11.458,0.237
20160205,79337,null,4.5,8.4,4.5,14.624,0.250
20160204,79789,null,4.2,8.4,4.2,15.558,0.269
20160203,80231,null,3.0,8.4,4.8,14.185,0.346
20160202,81962,null,5.7,10.8,3.9,11.911,0.066
20160201,82714,null,5.4,9.0,3.4,13.824,0.183
20160131,82627,null,5.6,9.0,3.3,14.202,0.171
20160130,85506,null,5.6,8.0,3.5,13.192,0.275
20160129,113561,null,5.0,5.8,3.7,9.958,0.325
20160128,82251,null,4.6,9.5,3.9,15.544,0.271
20160127,83383,null,4.3,9.6,4.0,16.112,0.241
20160126,81707,null,3.4,9.9,4.0,14.385,0.257
20160125,76653,null,5.2,9.8,4.2,13.456,0.249
20160124,79415,null,5.4,9.0,4.4,13.057,0.231
20160123,83173,null,5.1,9.6,4.3,13.366,0.294
20160122,77528,null,5.4,8.5,3.8,13.236,0.271
20160121,79804,null,5.4,10.7,3.8,14.259,0.254
20160120,77891,null,5.6,10.5,4.3,14.712,0.203
20160119,80108,null,5.8,9.5,4.1,12.969,0.258
20160118,77662,null,5.5,11.2,3.9,11.291,0.280
20160117,81589,null,5.2,10.4,4.2,12.450,0.381
20160116,81739,null,4.9,10.8,4.4,12.368,0.347
20160115,80309,null,5.6,11.5,4.8,12.807,0.434
20160114,84239,null,4.8,9.9,5.7,12.748,0.413
20160113,79646,null,4.3,11.7,5.4,11.952,0.376
20160112,81152,null,5.4,9.4,4.7,12.273,0.298
20160111,79171,null,5.3,8.7,4.3,11.766,0.294
20160110,80445,null,5.3,9.0,4.4,12.928,0.342
20160109,81978,null,5.1,9.5,4.5,11.366,0.355
20160108,80210,null,5.2,9.3,4.4,11.214,0.348
20160107,81516,null,4.6,9.4,4.6,12.020,0.418
20160106,77656,null,4.6,8.9,4.4,11.872,0.328
20160105,77576,null,4.2,8.4,3.8,7.105,0.407
20160104,84815,null,4.6,8.7,3.6,8.529,0.458
20160103,79187,null,5.6,8.9,3.8,9.579,0.522
20160102,79877,null,5.4,8.0,3.7,9.213,0.518
20160101,81234,null,5.1,8.7,3.7,9.275,0.487
20151231,83628,null,5.2,9.4,4.0,8.372,0.456
20151230,83086,null,5.0,9.6,3.9,8.772,0.406
20151229,84336,null,5.8,10.2,4.2,8.386,0.490
20151228,83794,null,4.8,11.6,3.8,8.070,0.350
20151227,82508,null,4.7,9.2,4.7,10.044,0.519
20151226,82567,null,4.7,9.2,4.7,10.044,0.519
20151225,83122,null,4.2,10.2,5.2,9.194,0.611
20151224,83654,null,4.5,9.4,4.8,9.813,0.574
20151223,83594,null,5.0,8.7,3.7,9.392,0.478
20151222,81650,null,3.9,8.8,3.7,7.816,0.391
20151221,87104,null,4.9,8.9,4.0,8.745,0.403
20151220,80045,null,4.8,8.9,4.1,8.686,0.474
20151219,83366,null,4.6,9.2,4.5,8.069,0.411
20151218,81153,null,4.5,11.5,4.4,9.364,0.516
20151217,84317,null,4.2,11.1,4.0,8.912,0.471
20151216,83549,null,4.5,10.6,4.3,9.655,0.548
20151215,80740,null,4.7,10.2,4.4,7.791,0.510
20151214,76877,null,5.0,9.1,4.6,7.456,0.538
20151213,80758,null,4.6,7.9,4.1,7.732,0.567
20151212,79288,null,4.7,7.2,3.4,7.688,0.445
20151211,89180,null,4.3,3.8,2.9,7.505,0.326
20151210,85343,null,4.8,9.4,3.8,9.867,0.588
20151209,79754,null,4.5,10.4,3.9,10.042,0.591
20151208,82438,null,4.1,9.1,4.1,10.098,0.610
20151207,78679,null,4.3,8.4,3.9,10.902,0.554
20151206,77419,null,4.2,7.8,3.7,9.742,0.575
20151205,76008,null,4.3,8.7,3.9,10.102,0.579
20151204,80018,null,4.6,9.0,5.3,10.453,0.703
20151203,79044,null,4.3,9.0,3.3,9.675,0.552
20151202,80043,null,4.1,10.7,3.9,10.113,0.676
20151201,67205,null,4.1,10.7,4.8,9.005,0.764
20151130,85379,null,4.8,10.4,3.6,9.618,0.596
20151129,82900,null,4.7,3.5,5.6,9.345,0.587
20151128,83329,null,4.6,10.9,3.3,9.294,0.601
20151127,86035,null,4.2,9.5,3.2,9.636,0.639
20151126,82010,null,4.4,10.2,3.4,9.929,0.720
20151125,84464,null,4.4,9.0,3.1,9.947,0.633
20151124,80781,null,3.8,9.6,3.5,9.122,0.583
20151123,80393,null,3.4,9.7,3.7,9.500,0.674
20151122,81568,null,4.1,8.4,3.8,9.042,0.691
20151121,81290,null,4.0,9.4,3.7,9.436,0.745
20151120,79953,null,3.5,9.0,3.7,8.869,0.813
20151119,80629,null,4.2,9.7,4.2,9.398,0.834
20151118,80987,null,4.0,10.6,3.8,8.332,0.689
20151117,84954,null,4.1,8.7,3.5,7.445,0.622
20151116,83622,null,5.0,9.6,3.6,9.080,0.551
20151115,81970,null,3.6,9.2,3.6,9.226,0.679
20151114,85751,null,3.8,6.7,3.2,7.890,0.562
20151113,87362,null,3.6,10.8,3.4,8.611,0.695
20151112,83844,null,4.0,9.8,3.1,9.426,0.666
20151111,84164,null,5.1,10.3,3.1,9.191,0.639
20151110,86541,null,3.7,8.3,2.8,9.127,0.471
20151109,84109,null,4.4,5.7,2.6,7.590,0.346
20151108,90436,null,3.8,2.5,2.7,5.946,0.435
20151107,86501,null,4.0,8.2,3.4,9.753,0.707
20151106,85731,null,4.1,8.3,3.2,9.257,0.615
20151105,81320,null,4.8,8.2,3.3,9.673,0.719
20151104,80566,null,5.2,7.9,3.4,9.104,0.639
20151103,79324,null,4.0,8.4,3.3,8.800,0.556
20151102,80645,null,4.3,9.5,3.0,9.145,0.421
20151101,81980,null,3.9,8.0,3.0,8.952,0.502
20151031,77648,null,3.5,9.0,3.2,9.129,0.589
20151030,82235,null,3.8,9.3,3.3,9.942,0.610
20151029,82361,null,4.3,9.5,3.2,8.883,0.586
20151028,78530,null,5.3,8.9,2.7,8.523,0.563
20151027,86280,null,4.2,8.3,2.7,10.278,0.675
20151026,84080,null,4.6,8.3,3.5,9.588,0.702
20151025,86515,null,4.2,8.2,3.8,10.127,0.704
20151024,88386,null,4.1,8.4,3.5,9.002,0.711
20151023,87300,null,4.2,8.9,3.5,8.836,0.713
20151022,84647,null,4.6,8.5,3.3,8.981,0.745
20151021,85231,null,5.2,9.5,3.4,8.381,0.623
20151020,84296,null,4.0,9.6,3.7,9.522,0.621
20151019,87236,null,4.3,8.7,3.5,8.341,0.579
20151018,82918,null,4.1,8.4,3.6,9.207,0.614
20151017,82224,null,3.8,9.8,3.6,9.115,0.596
20151016,88093,null,4.0,9.3,3.5,9.250,0.692
20151015,83590,null,4.3,9.1,3.1,8.733,0.609
20151014,87645,null,4.5,10.1,3.0,9.285,0.631
20151013,87008,null,3.7,11.6,2.9,8.869,0.641
20151012,88550,null,4.8,11.6,2.8,9.084,0.518
20151011,81770,null,4.3,11.9,3.2,8.505,0.559
20151010,84716,null,4.5,13.1,2.9,8.427,0.518
20151009,88187,null,4.8,11.8,2.8,8.802,0.645
20151008,88524,null,4.8,10.5,2.9,8.989,0.571
20151007,86980,null,5.0,11.0,2.7,8.501,0.534
20151006,81331,null,4.8,11.3,4.0,8.875,0.691
20151005,82150,null,3.8,11.2,3.1,9.693,0.664
20151004,85337,null,3.6,10.4,2.7,7.205,0.426
20151003,92132,null,3.7,10.0,2.5,6.967,0.417
20151002,95046,null,3.7,6.9,2.6,6.548,0.634
20151001,99873,null,4.0,11.2,3.1,9.693,0.664
20150930,86600,null,4.2,11.9,2.8,8.857,0.534
20150929,89193,null,4.0,11.9,2.8,9.087,0.463
20150928,90209,null,3.6,12.5,2.7,9.160,0.541
20150927,92240,null,4.0,9.7,3.2,8.304,0.661
20150926,92763,null,4.3,9.2,2.8,7.517,0.478
20150925,90664,null,3.8,8.0,2.6,7.241,0.498
20150924,104084,null,4.0,7.0,3.3,6.899,0.681
20150923,92915,null,3.8,10.8,2.9,8.465,0.604
20150922,84408,null,3.9,11.6,2.6,8.461,0.475
20150921,90005,null,3.8,12.2,2.8,7.592,0.402
20150920,91513,null,4.1,10.7,2.6,7.323,0.448
20150919,92561,null,4.0,9.3,2.3,7.408,0.447
20150918,96018,null,3.5,9.7,2.2,7.849,0.347
20150917,109284,null,3.9,8.0,2.5,5.264,0.504
20150916,88332,null,5.3,16.4,3.2,9.519,0.727
20150915,88728,null,4.2,16.1,3.0,8.920,0.666
20150914,87221,null,4.5,15.0,3.0,8.804,0.562
20150913,90033,null,4.2,15.4,3.0,8.693,0.619
20150912,92152,null,4.0,15.2,3.6,10.067,0.666
20150911,93841,null,4.3,17.4,2.9,8.427,0.646
20150910,93995,null,4.2,16.4,2.8,8.717,0.636
20150909,84802,null,4.2,17.0,3.0,8.693,0.714
20150908,91078,null,4.5,12.4,2.8,8.849,0.647
20150907,84620,null,4.5,12.6,2.6,7.999,0.590
20150906,91163,null,4.0,10.0,2.5,6.394,0.609
20150905,90921,null,4.2,16.4,3.3,8.143,0.649
20150904,90431,null,3.9,15.1,2.8,8.892,0.632
20150903,87375,null,4.6,11.9,2.7,8.146,0.666
20150902,88816,null,3.7,13.8,3.1,8.018,0.337
20150901,91467,null,4.3,13.8,2.9,7.810,0.395
20150831,90865,null,3.8,12.2,2.3,8.305,0.341
20150830,89746,null,4.5,13.1,2.9,8.269,0.778
20150829,89549,null,4.0,12.5,2.7,8.416,0.400
20150828,88866,null,4.2,12.2,2.3,8.305,0.341
20150827,88827,null,3.8,10.5,2.3,8.660,0.270
20150826,92523,null,3.0,8.8,2.2,8.112,0.254
20150825,90914,null,4.4,9.9,3.1,8.558,0.423
20150824,85980,null,4.1,12.6,2.9,7.719,0.276
20150823,88069,null,4.3,11.2,2.7,8.219,0.256
20150822,92864,null,3.9,7.7,2.6,8.037,0.267
20150821,96548,null,3.6,12.4,3.7,8.886,0.554
20150820,79690,null,3.9,13.7,4.6,10.291,0.598
20150819,74718,null,4.5,14.6,3.4,9.922,0.477
20150818,90105,null,4.0,13.7,3.3,8.839,0.504
20150817,88211,null,4.8,13.9,3.1,8.926,0.436
20150816,89068,null,4.2,14.6,3.3,9.392,0.484
20150815,92158,null,3.9,12.8,2.9,9.674,0.488
20150814,88027,null,3.6,14.1,2.9,8.973,0.449
20150813,91514,null,4.3,11.9,2.9,8.565,0.453
20150812,90400,null,4.5,12.4,3.5,8.974,0.628
20150811,84646,null,4.0,12.7,3.7,10.113,0.630
20150810,84646,null,3.9,11.5,3.5,9.470,0.558
20150809,84108,null,3.6,12.0,3.9,9.915,0.593
20150808,84185,null,3.8,13.8,2.6,9.244,0.434
20150807,88646,null,4.2,13.8,2.6,9.244,0.434
20150806,89877,null,4.3,14.4,3.1,9.756,0.491
20150805,84206,null,4.5,12.0,3.1,9.472,0.492
20150804,86948,null,4.3,11.9,3.5,9.861,0.488
20150803,91658,null,3.8,13.4,5.1,9.035,0.370
20150802,86780,null,3.8,11.8,3.5,9.598,0.437
20150801,86304,null,4.2,13.1,3.6,9.679,0.498
20150731,73594,null,3.4,11.9,4.0,10.845,0.475
20150730,90308,null,3.8,11.8,5.0,9.596,0.466
20150729,85920,null,4.2,11.4,4.4,9.284,0.640
20150728,82572,null,3.5,11.0,4.4,9.105,0.633
20150727,87144,null,3.9,13.3,4.1,7.592,0.550
20150726,89926,null,4.2,10.1,3.7,8.125,0.538
20150725,88264,null,3.6,8.9,3.5,7.753,0.478
20150724,94835,null,4.0,8.5,2.9,6.837,0.348
20150723,96068,null,3.6,7.8,4.1,6.380,0.631
20150722,89325,null,3.4,12.7,3.3,8.217,0.517
20150721,85035,null,3.6,11.1,3.3,7.404,0.512
20150720,83907,null,3.2,14.5,4.4,8.131,0.503
20150719,82890,null,3.0,13.7,4.5,8.581,0.583
20150718,80606,null,2.8,11.9,4.1,8.240,0.646
20150717,83741,null,2.5,12.8,4.0,8.452,0.575
20150716,84295,null,3.2,10.8,4.0,8.452,0.673
20150715,85406,null,4.5,11.0,3.7,7.484,0.560
20150714,94460,null,4.6,11.0,3.7,7.484,0.560
20150713,106965,null,4.5,8.1,3.5,7.110,0.454
20150712,95040,null,5.0,11.1,3.8,7.553,0.527
20150711,80738,null,4.1,11.3,3.9,7.771,0.475
20150710,86117,null,4.2,9.5,3.2,6.693,0.429
20150709,95538,null,4.5,5.8,3.2,6.193,0.385
20150708,103527,null,4.5,5.8,3.2,6.193,0.385
20150707,88864,null,3.4,8.5,3.9,8.511,0.586
20150706,84104,null,4.2,12.5,3.3,8.523,0.531
20150705,82313,null,4.5,12.2,3.8,8.651,0.505
20150704,80649,null,4.6,12.8,4.2,9.108,0.587
20150703,83583,null,4.5,12.4,3.4,8.979,0.581
20150702,83252,null,4.9,10.3,3.5,9.239,0.569
20150701,84764,null,4.8,7.8,2.9,6.392,0.465
20150630,84764,null,4.5,11.4,4.4,9.403,0.641
20150629,83159,null,4.8,12.6,3.4,9.386,0.415
20150628,80396,null,4.3,11.1,3.2,8.674,0.468
20150627,83328,null,4.2,10.8,3.2,9.274,0.441
20150626,89100,null,4.3,8.9,3.7,5.408,0.460
20150625,82348,null,4.7,12.8,4.9,10.227,0.662
20150624,84482,null,5.3,12.9,4.6,10.273,0.636
20150623,83693,null,4.2,12.9,4.6,10.273,0.636
20150622,81056,null,4.6,13.5,4.7,9.787,0.002
20150621,79335,null,3.3,14.7,4.4,9.523,0.486
20150620,83651,null,4.2,12.6,4.2,9.825,0.512
20150619,82050,null,4.4,13.3,4.2,9.985,0.534
20150618,82534,null,5.0,14.5,4.5,9.677,0.502
20150617,81094,null,4.4,13.3,4.2,9.985,0.534
20150616,79744,null,3.7,11.7,4.0,10.601,0.515
20150615,82344,null,3.8,11.8,4.0,10.284,0.510
20150614,78930,null,4.0,11.2,4.2,10.246,0.463
20150613,79261,null,4.2,11.9,4.3,9.529,0.517
20150612,82383,null,4.0,12.6,3.9,10.036,0.468
20150611,85392,null,4.8,13.5,4.5,9.245,0.470
20150610,78167,null,3.8,12.9,3.7,9.561,0.462
20150609,84925,null,3.5,14.6,4.4,8.650,0.398
20150608,83448,null,4.0,13.0,3.6,9.520,0.405
20150607,82746,null,4.4,13.5,3.9,9.864,0.427
20150606,82740,null,4.8,14.1,4.7,6.385,0.422
20150605,84128,null,3.9,14.0,4.9,8.666,0.643
20150604,81623,null,3.6,12.9,4.9,7.705,0.591
20150603,81648,null,4.2,13.7,4.9,8.090,0.609
20150602,81957,null,4.0,12.9,4.9,7.705,0.591
20150601,81304,null,3.8,13.2,4.1,8.539,0.519
20150531,81122,null,4.0,12.4,4.0,7.857,0.513
20150530,79674,null,3.8,14.6,5.2,7.548,0.495
20150529,82568,null,4.5,12.3,4.0,7.590,0.521
20150528,83412,null,4.2,13.6,4.8,8.786,0.571
20150527,82838,null,3.9,12.7,4.9,8.494,0.481
20150526,85825,null,3.5,12.9,5.1,7.388,0.463
20150525,83902,null,3.8,14.6,5.2,7.548,0.495
20150524,91156,null,3.6,11.2,4.6,7.527,0.446
20150523,83271,null,4.2,11.4,4.9,7.831,0.486
20150522,86202,null,3.8,11.9,4.3,8.493,0.482
20150521,89998,null,2.9,13.7,4.7,7.380,0.401
20150520,93587,null,2.8,8.4,4.1,8.327,0.613
20150519,95899,null,3.4,8.4,3.7,8.796,0.495
20150518,93160,null,3.4,10.6,3.6,8.758,0.524
20150517,84596,null,3.8,7.2,3.6,8.823,0.543
20150516,92933,null,3.8,7.3,3.2,8.875,0.526
20150515,104332,null,4.1,7.0,2.9,7.835,0.305
20150514,124347,null,3.7,7.1,4.4,7.927,0.355
20150513,101060,null,4.4,7.5,3.1,7.396,0.393
20150512,110305,null,4.2,3.0,3.3,9.427,0.450
20150511,87624,null,3.8,8.9,3.7,9.712,0.604
20150510,84156,null,3.1,7.9,3.8,9.238,0.623
20150509,84460,null,2.7,9.2,3.8,9.278,0.668
20150508,89759,null,2.5,8.6,3.9,9.083,0.537
20150507,83571,null,2.8,8.0,3.5,9.006,0.517
20150506,89811,null,3.2,6.4,3.3,8.169,0.386
20150505,86188,null,3.6,6.3,3.6,6.945,0.389
20150504,96624,null,3.7,4.2,3.4,8.533,0.385
20150503,96797,null,4.0,7.4,4.2,9.383,0.572
20150502,87852,null,3.8,6.2,3.4,8.020,0.466
20150501,84523,null,3.0,6.8,3.4,7.962,0.418
20150430,100392,null,2.9,5.2,2.9,8.898,0.382
20150429,98271,null,3.4,7.9,3.4,9.124,0.524
20150428,117616,null,3.4,8.0,4.1,9.562,0.527
20150427,100686,null,3.2,7.7,4.0,8.463,0.504
20150426,82460,null,4.1,9.1,4.2,10.338,0.562
20150425,85188,null,3.5,7.5,3.4,8.701,0.456
20150424,86649,null,4.2,7.1,3.2,8.931,0.378
20150423,92083,null,4.2,7.5,3.5,9.843,0.377
20150422,105175,null,3.2,6.0,3.2,10.121,0.269
20150421,110674,null,2.6,4.6,3.6,9.389,0.388
20150420,144685,null,2.8,2.7,3.8,8.591,0.573
20150419,155081,null,2.5,8.5,4.7,8.584,0.357
20150418,85148,null,3.2,7.9,3.4,9.179,0.420
20150417,83882,null,4.0,9.2,3.5,9.180,0.469
20150416,87987,null,3.0,8.7,4.1,9.210,0.376
20150415,83827,null,2.6,7.3,3.3,9.817,0.313
20150414,89554,null,3.1,8.6,3.7,10.136,0.324
20150413,89945,null,4.2,6.2,4.1,8.820,0.491
20150412,85208,null,2.6,6.2,4.1,8.820,0.491
20150411,85685,null,2.9,8.7,3.9,9.372,0.394
20150410,90841,null,3.8,7.8,3.7,9.652,0.387
20150409,90704,null,2.8,7.6,3.6,10.729,0.346
20150408,87409,null,3.1,6.0,3.3,10.666,0.282
20150407,90486,null,3.6,6.2,3.1,10.880,0.251
20150406,95845,null,3.4,4.0,2.9,10.214,0.354
20150405,102658,null,3.6,3.3,3.6,9.044,0.439
20150404,96053,null,3.4,7.5,4.1,10.120,0.461
20150403,103044,null,3.5,5.8,3.2,7.980,0.442
20150402,87158,null,3.5,10.0,3.8,11.439,0.458
20150401,85212,null,3.4,8.7,3.6,9.773,0.434
20150331,84201,null,3.3,10.4,3.7,11.724,0.500
20150330,88075,null,3.3,10.2,3.8,11.726,0.444
20150329,84112,null,3.3,10.7,3.6,12.363,0.467
20150328,84690,null,3.3,10.5,3.5,13.604,0.514
20150327,86544,null,3.4,10.0,3.5,12.842,0.429
20150326,84989,null,3.2,10.0,3.5,12.824,0.429
20150325,84313,null,3.2,11.4,3.3,13.065,0.455
20150324,88005,null,3.4,10.0,3.2,12.531,0.395
20150323,85977,null,3.2,10.7,3.4,11.133,0.415
20150322,83876,null,3.5,10.1,3.3,11.413,0.340
20150321,92450,null,3.4,8.7,3.2,11.219,0.267
20150320,87220,null,3.4,8.7,3.2,11.219,0.267
20150319,95974,null,3.4,6.8,3.3,9.572,0.312
20150318,107134,null,3.1,11.5,4.3,12.021,0.407
20150317,83364,null,3.2,10.1,3.4,12.187,0.405
20150316,82370,null,3.2,9.9,3.5,12.163,0.329
20150315,85394,null,3.5,9.6,3.3,12.998,0.349
20150314,84418,null,3.3,8.7,3.4,12.465,0.343
20150313,90197,null,3.6,10.9,3.4,13.224,0.391
20150312,89125,null,3.0,10.8,3.5,13.801,0.433
20150311,82114,null,3.1,12.0,3.4,15.205,0.421
20150310,87724,null,3.1,11.0,4.0,14.361,0.467
20150309,87060,null,3.2,9.6,3.6,13.490,0.438
20150308,86190,null,3.2,9.9,3.5,13.492,0.411
20150307,88372,null,3.2,10.6,3.7,13.995,0.433
20150306,76246,null,3.1,10.8,3.9,15.231,0.528
20150305,83303,null,3.3,9.9,3.7,14.670,0.603
20150304,84287,null,3.5,9.9,4.1,14.978,0.598
20150303,78702,null,3.4,8.7,3.4,13.721,0.589
20150302,81399,null,3.5,9.0,3.6,13.520,0.591
20150301,80578,null,3.5,6.5,3.3,11.858,0.552
20150228,82625,null,3.5,10.9,3.8,14.106,0.551
20150227,82209,null,3.1,11.2,4.1,13.883,0.461
20150226,83947,null,3.0,10.8,3.8,14.440,0.453
20150225,83078,null,3.2,14.2,3.5,12.278,0.570
20150224,84481,null,3.1,13.6,3.8,12.282,0.511
20150223,81988,null,3.1,12.3,3.5,13.120,0.479
20150222,80994,null,2.9,9.0,3.1,10.251,0.498
20150221,82206,null,3.0,13.9,3.3,14.602,0.460
20150220,83428,null,3.4,13.9,3.3,14.626,0.468
20150219,84250,null,3.4,11.5,3.4,11.336,0.462
20150218,83978,null,3.4,12.8,3.8,12.040,0.472
20150217,82950,null,3.4,11.9,3.4,12.384,0.474
20150216,86747,null,3.6,11.2,3.5,13.304,0.556
20150215,81030,null,3.4,13.1,3.7,12.167,0.580
20150214,79094,null,3.5,13.3,3.5,13.103,0.568
20150213,86212,null,3.3,10.1,3.4,12.165,0.533
20150212,88828,null,2.8,13.7,3.4,13.099,0.495
20150211,89380,null,3.3,13.1,3.1,12.467,0.560
20150210,86401,null,3.5,12.6,3.2,12.535,0.504
20150209,86518,null,3.1,11.2,3.1,13.459,0.484
20150208,86737,null,3.3,10.1,3.2,12.131,0.531
20150207,88083,null,3.4,11.2,3.1,12.570,0.486
20150206,86645,null,3.2,11.5,3.2,13.336,0.461
20150205,89094,null,3.4,10.6,3.1,12.383,0.511
20150204,88511,null,3.6,10.8,3.0,12.638,0.470
20150203,86556,null,3.2,9.8,3.2,13.270,0.471
20150202,83351,null,3.5,10.4,3.1,13.044,0.451
20150201,89714,null,3.2,10.6,3.1,13.288,0.489
20150131,86203,null,3.4,10.2,3.5,15.788,0.437
20150130,85365,null,3.2,10.6,3.5,13.773,0.520
20150129,87922,null,3.5,10.9,3.8,16.145,0.395
20150128,86897,null,3.0,11.7,3.9,14.913,0.495
20150127,89185,null,3.1,10.6,3.2,13.685,0.409
20150126,89967,null,3.5,10.1,3.1,12.307,0.384
20150125,87867,null,4.0,11.2,3.1,12.130,0.394
20150124,88052,null,3.2,11.9,3.4,13.122,0.534
20150123,88043,null,3.0,12.5,3.5,15.205,0.373
20150122,90798,null,3.9,11.2,4.5,14.624,0.382
20150121,91610,null,3.7,12.0,4.7,16.095,0.425
20150120,89489,null,3.3,11.3,3.8,14.227,0.366
20150119,89180,null,2.8,11.3,3.8,14.227,0.366
20150118,91760,null,3.5,12.3,3.4,15.454,0.299
20150117,94733,null,2.8,11.7,4.3,16.062,0.316
20150116,91375,null,3.5,12.0,3.4,15.602,0.307
20150115,89453,null,2.9,9.3,3.4,13.694,0.499
20150114,87230,null,3.0,11.7,3.8,16.079,0.347
20150113,86888,null,3.2,13.1,3.9,15.914,0.346
20150112,86207,null,3.4,12.5,3.7,14.443,0.339
20150111,89030,null,3.0,12.3,4.0,14.956,0.303
20150110,88608,null,3.5,12.0,3.6,15.251,0.252
20150109,87738,null,3.7,11.2,3.4,14.308,0.256
20150108,87149,null,3.6,12.4,3.6,12.834,0.247
20150107,90036,null,3.6,11.7,3.7,17.226,0.338
20150106,89225,null,3.6,10.4,3.4,12.400,0.364
20150105,88042,null,3.2,12.3,3.8,12.049,0.480
20150104,85805,null,2.9,11.9,4.1,12.656,0.310
20150103,88722,null,3.1,11.6,4.9,12.671,0.342
20150102,85231,null,3.5,12.4,5.7,12.583,0.668
20150101,80407,null,2.9,14.3,5.3,12.204,0.448
20141231,85345,null,2.7,14.2,5.3,14.293,0.493
20141230,81136,null,3.4,12.3,4.7,15.815,0.442
20141229,82746,null,3.0,13.4,4.1,12.808,0.606
20141228,76890,null,2.7,13.4,4.5,11.043,0.355
20141227,82974,null,2.7,11.6,4.4,13.582,0.409
20141226,90937,null,3.2,13.7,5.2,13.980,0.827
20141225,87878,null,3.1,13.4,5.6,15.616,0.751
20141224,87292,null,2.9,10.1,4.4,13.826,0.371
20141223,84167,null,2.7,9.6,3.8,14.142,0.362
20141222,90862,null,2.6,9.5,3.1,13.329,0.390
20141221,87299,null,3.5,7.4,3.4,12.778,0.385
20141220,90714,null,3.0,6.8,3.4,13.073,0.381
20141219,85457,null,3.2,8.3,3.6,13.826,0.445
20141218,80082,null,2.7,8.5,3.6,12.413,0.468
20141217,81273,null,3.2,7.3,3.8,13.984,0.403
20141216,82503,null,2.7,8.5,4.4,12.342,0.648
20141215,86793,null,2.7,8.9,4.3,12.127,0.546
20141214,79476,null,2.7,9.6,4.4,12.607,0.711
20141213,77243,null,3.0,10.8,4.5,11.264,0.567
20141212,79587,null,3.1,9.5,4.4,11.127,0.613
20141211,73665,null,3.1,10.7,5.5,11.086,0.580
20141210,80296,null,3.7,9.9,3.7,12.419,0.555
20141209,70894,null,3.3,8.5,5.1,12.635,0.626
20141208,67152,null,2.7,8.0,4.6,11.076,0.535
20141207,72150,null,3.2,7.2,5.5,12.054,0.624
20141206,74140,null,2.9,7.4,4.6,11.393,0.621
20141205,74710,null,3.2,7.3,6.1,11.584,0.602
20141204,73992,null,2.7,7.0,4.8,11.988,0.685
20141203,77714,null,2.8,7.9,5.7,11.626,0.708
20141202,73828,null,2.5,8.5,5.9,11.273,0.617
20141201,72977,null,3.1,6.7,4.6,8.967,0.522
20141130,81325,null,2.8,10.1,5.3,9.553,0.582
20141129,77343,null,3.0,9.9,4.8,10.227,0.544
20141128,78628,null,3.8,9.3,4.5,10.736,0.538
20141127,81730,null,2.9,9.0,4.5,11.276,0.504
20141126,80444,null,3.6,8.0,3.4,11.184,0.416
20141125,86710,null,3.0,5.9,5.1,9.270,0.621
20141124,79992,null,3.8,9.6,5.1,10.526,0.778
20141123,74381,null,3.5,9.3,4.3,11.242,0.915
20141122,74245,null,3.0,8.6,4.4,11.080,0.804
20141121,73801,null,3.2,9.0,3.4,11.621,0.621
20141120,81475,null,3.7,9.9,4.0,12.612,0.490
20141119,71606,null,2.8,9.5,3.7,12.642,0.848
20141118,71958,null,3.0,8.8,3.4,12.106,0.750
20141117,72139,null,2.9,9.0,3.1,10.762,0.816
20141116,71580,null,2.7,9.5,3.4,11.506,0.848
20141115,71065,null,2.7,9.5,3.4,11.506,0.848
20141114,71672,null,3.2,8.4,4.0,11.576,0.716
20141113,67205,null,2.8,8.0,4.1,10.840,0.850
20141112,74991,null,3.7,10.6,3.3,11.177,0.737
20141111,76556,null,2.9,7.5,3.8,10.019,0.681
20141110,76602,null,3.1,8.6,3.8,10.269,0.755
20141109,73680,null,3.1,8.5,3.9,10.194,0.853
20141108,76869,null,3.9,7.7,4.8,9.706,0.855
20141107,83342,null,3.0,8.0,3.5,9.706,0.700
20141106,78614,null,3.8,7.8,3.1,9.504,0.767
20141105,76813,null,3.0,7.3,3.4,9.902,0.803
20141104,83339,null,3.6,7.4,3.1,9.825,0.717
20141103,87206,null,3.6,7.3,3.4,9.529,0.845
20141102,85522,null,3.5,6.7,2.7,8.615,0.723
20141101,89614,null,3.0,4.7,3.1,8.193,0.786
20141031,87132,null,2.8,8.8,3.2,10.130,0.842
20141030,86520,null,2.8,8.3,3.1,10.224,0.804
20141029,84000,null,3.8,8.9,3.3,9.800,0.833
20141028,81858,null,3.3,7.3,2.9,9.078,0.826
20141027,92648,null,3.0,10.6,3.2,8.457,0.701
20141026,96151,null,3.4,7.7,3.3,8.843,0.492
20141025,92105,null,2.8,10.2,2.7,8.698,0.656
20141024,93943,null,3.0,9.0,2.6,9.389,0.520
20141023,98380,null,3.3,7.8,3.5,9.165,0.574
20141022,106231,null,2.9,7.7,3.3,8.164,0.890
20141021,97260,null,2.8,12.0,3.0,8.780,0.629
20141020,114173,null,3.7,8.2,4.0,10.683,0.864
20141019,94460,null,3.2,9.0,3.4,9.817,0.914
20141018,99124,null,3.6,9.7,3.3,9.524,0.821
20141017,99861,null,3.1,9.3,3.2,10.148,0.781
20141016,100316,null,3.2,9.9,3.1,9.665,0.788
20141015,101289,null,3.8,11.1,3.3,9.475,0.602
20141014,114604,null,2.3,10.0,2.3,8.543,0.502
20141013,132210,null,3.6,10.4,3.5,9.581,0.673
20141012,92934,null,3.8,13.6,2.5,9.105,0.732
20141011,89526,null,3.5,12.2,4.3,9.448,0.900
20141010,99072,null,3.2,12.3,3.5,8.925,0.782
20141009,101744,null,3.2,12.6,3.6,10.452,0.829
20141008,96729,null,3.5,10.9,3.4,10.007,0.815
20141007,87780,null,3.0,9.9,3.4,8.940,0.732
20141006,88561,null,3.8,8.8,2.9,8.866,0.583
20141005,90800,null,3.0,9.5,3.5,9.753,0.746
20141004,87034,null,3.4,9.4,4.2,8.999,0.818
20141003,92984,null,3.8,9.0,3.9,9.316,0.809
20141002,93387,null,3.5,8.6,3.6,8.989,0.941
20141001,93604,null,3.8,11.2,3.5,8.828,0.762
20140930,91836,null,3.4,10.1,3.6,9.955,0.788
20140929,90451,null,3.8,8.3,3.6,8.811,0.691
20140928,91218,null,3.6,7.6,3.4,8.714,0.684
20140927,95238,null,3.2,8.5,3.0,9.085,0.691
20140926,98131,null,3.1,9.0,2.5,7.910,0.599
20140925,112859,null,3.4,6.1,3.2,6.072,0.628
20140924,137856,null,3.1,7.7,3.0,6.027,0.719
20140923,101325,null,3.8,9.4,3.7,9.365,0.724
20140922,92373,null,3.6,10.1,3.4,8.857,0.638
20140921,93926,null,3.6,9.1,3.4,8.707,0.728
20140920,96156,null,3.2,9.7,3.7,9.251,0.751
20140919,95131,null,3.6,10.6,3.6,9.118,0.706
20140918,96576,null,3.3,10.7,3.5,8.305,0.741
20140917,97842,null,3.8,10.7,3.5,8.553,0.754
20140916,97599,null,3.1,10.4,3.6,8.100,0.699
20140915,98669,null,3.6,10.9,3.8,8.418,0.671
20140914,96448,null,3.4,10.5,3.7,8.871,0.663
20140913,95925,null,3.7,11.0,3.6,9.394,0.681
20140912,102965,null,3.2,11.5,3.1,7.860,0.638
20140911,102672,null,3.1,10.4,2.8,8.429,0.659
20140910,98891,null,3.0,9.0,3.1,8.831,0.696
20140909,98100,null,2.8,10.6,3.0,8.956,0.714
20140908,100298,null,2.9,8.5,3.0,7.285,0.602
20140907,100367,null,3.2,8.8,2.7,7.564,0.657
20140906,95650,null,3.0,6.3,2.5,7.123,0.651
20140905,98909,null,3.6,7.7,2.6,7.136,0.574
20140904,116560,null,3.0,7.8,4.1,9.014,0.838
20140903,125083,null,3.9,8.4,3.4,9.915,0.617
20140902,97831,null,3.3,9.3,3.6,8.933,0.695
20140901,99932,null,3.1,8.3,3.1,8.946,0.714
20140831,102248,null,3.6,9.5,3.2,8.590,0.688
20140830,103062,null,3.2,7.4,2.4,10.542,0.528
20140829,100865,null,3.1,7.5,2.8,11.974,0.537
20140828,104926,null,3.3,9.1,4.6,9.161,0.535
20140827,134625,null,2.9,8.4,3.1,8.953,0.838
20140826,110565,null,3.0,3.6,2.1,7.305,0.545
20140825,98533,null,3.6,7.7,4.4,7.073,0.713
20140824,93853,null,2.7,7.4,3.0,7.125,0.674
20140823,99196,null,3.9,5.6,3.1,8.056,0.585
20140822,102605,null,2.9,5.3,3.1,8.705,0.605
20140821,126021,null,3.6,2.9,2.3,7.696,0.591
20140820,135456,null,3.0,6.0,2.9,6.674,0.780
20140819,136218,null,3.1,4.5,6.3,7.646,0.572
20140818,136952,null,2.6,5.0,2.7,5.309,0.642
20140817,100459,null,3.7,7.9,2.7,6.874,0.550
20140816,115699,null,3.3,7.2,2.9,9.266,0.684
20140815,145559,null,3.0,5.8,2.7,7.406,0.684
20140814,129212,null,3.1,11.9,3.2,8.718,0.638
20140813,97929,null,3.0,11.7,2.8,7.964,0.637
20140812,99300,null,2.7,11.7,3.6,7.750,0.692
20140811,102786,null,2.9,7.3,3.0,9.985,0.807
20140810,105604,null,3.4,8.0,3.0,8.442,0.671
20140809,97480,null,3.9,7.8,2.8,8.371,0.729
20140808,99620,null,2.0,8.3,2.9,8.650,0.659
20140807,99901,null,2.5,6.6,2.3,7.759,0.570
20140806,102792,null,3.7,6.6,2.2,7.080,0.437
20140805,107496,null,3.2,4.5,2.3,5.437,0.494
20140804,123082,null,3.8,5.6,3.0,5.588,0.762
20140803,133411,null,3.8,4.7,3.8,4.686,0.810
20140802,104667,null,3.6,10.7,5.1,10.002,0.680
20140801,91764,null,3.9,11.2,4.5,10.560,0.735
20140731,93094,null,3.6,10.5,4.5,11.739,0.876
20140730,92401,null,3.9,10.6,3.8,10.854,0.763
20140729,88567,null,3.8,10.2,4.6,9.534,0.848
20140728,86018,null,3.8,10.0,4.2,10.300,0.693
20140727,89401,null,3.4,10.2,4.0,8.586,0.670
20140726,88952,null,3.6,10.0,3.4,8.627,0.724
20140725,86354,null,3.5,9.4,4.7,8.823,0.724
20140724,89569,null,3.2,9.4,4.7,8.823,0.742
20140723,89407,null,3.9,10.0,3.5,9.406,0.795
20140722,90399,null,3.8,10.0,3.2,8.734,0.694
20140721,96231,null,3.8,9.6,2.9,8.845,0.596
20140720,97364,null,3.2,8.5,2.9,7.391,0.729
20140719,104744,null,3.9,11.6,3.3,9.679,0.873
20140718,115310,null,3.7,10.7,3.3,11.476,0.886
20140717,94298,null,3.2,10.4,3.1,9.285,0.802
20140716,101988,null,3.4,9.3,2.3,7.556,0.632
20140715,96463,null,3.9,10.7,2.9,8.323,0.705
20140714,92258,null,3.6,9.4,3.0,8.077,0.545
20140713,90420,null,3.7,11.5,4.2,10.410,0.781
20140712,80800,null,3.6,10.8,4.3,9.836,0.909
20140711,90423,null,3.4,10.1,3.3,9.411,0.782
20140710,84108,null,3.6,9.4,3.3,9.307,0.695
20140709,94967,null,3.7,9.1,4.2,9.154,0.689
20140708,98456,null,3.8,9.9,3.3,9.508,0.843
20140707,95015,null,3.3,9.6,2.1,8.907,0.658
20140706,103727,null,3.8,10.9,2.4,9.230,0.747
20140705,108274,null,3.7,9.9,2.3,8.592,0.742
20140704,85477,null,3.3,9.6,2.3,8.218,0.685
20140703,97906,null,3.9,6.8,2.6,7.652,0.756
20140702,87838,null,3.8,11.3,3.2,11.335,0.814
20140701,87615,null,3.8,10.9,3.3,10.098,0.769
20140630,91511,null,3.2,10.8,3.5,10.968,0.680
20140629,89188,null,3.5,12.0,4.9,10.361,0.731
20140628,92187,null,3.9,12.2,5.0,11.188,0.818
20140627,89429,null,3.8,10.2,4.0,11.074,0.833
20140626,86591,null,3.6,10.6,6.0,10.262,0.798
20140625,84110,null,3.8,10.9,3.7,10.511,0.756
20140624,87939,null,3.7,11.5,4.7,10.932,0.744
20140623,88127,null,3.3,10.5,4.3,10.102,0.651
20140622,89909,null,3.8,11.2,5.0,11.730,0.782
20140621,85754,null,3.6,10.0,4.5,11.766,0.808
20140620,87732,null,3.9,12.0,5.0,11.508,0.774
20140619,86265,null,3.5,10.1,4.7,11.015,0.729
20140618,86547,null,3.1,13.1,5.3,11.989,0.747
20140617,86614,null,3.3,12.8,5.6,10.245,0.688
20140616,88841,null,3.6,11.9,5.1,10.381,0.616
20140615,89149,null,3.5,12.2,5.2,9.152,0.609
20140614,91950,null,4.0,12.2,4.6,9.729,0.614
20140613,92138,null,3.5,8.6,3.9,8.815,0.629
20140612,89099,null,3.7,10.7,5.2,11.794,0.752
20140611,87772,null,3.9,11.2,4.6,10.750,0.750
20140610,83883,null,3.2,10.6,4.4,11.192,0.692
20140609,85838,null,3.8,9.9,5.7,10.712,0.673
20140608,87944,null,3.4,9.6,5.3,10.949,0.637
20140607,88860,null,3.8,9.6,5.5,10.541,0.649
20140606,88597,null,3.9,9.7,5.3,10.856,0.671
20140605,90588,null,3.4,9.0,4.4,9.037,0.649
20140604,88479,null,3.9,9.3,4.0,10.654,0.637
20140603,89833,null,3.8,8.5,5.5,9.427,0.739
20140602,90137,null,3.8,9.4,5.9,10.636,0.737
20140601,88678,null,3.6,9.9,6.2,11.435,0.762
20140531,89746,null,3.8,10.4,6.2,11.122,0.741
20140530,87783,null,3.4,10.0,5.3,10.594,0.780
20140529,89329,null,3.6,9.9,3.5,10.946,0.752
20140528,83864,null,3.8,8.8,3.5,10.468,0.665
20140527,88449,null,3.2,7.1,2.9,9.456,0.605
20140526,95224,null,3.7,4.7,3.3,6.227,0.630
20140525,92627,null,3.8,9.1,4.4,10.682,0.720
20140524,88409,null,3.2,11.0,5.4,10.523,0.774
20140523,87684,null,3.8,9.7,5.0,10.648,0.775
20140522,87764,null,3.4,10.2,4.0,10.284,0.714
20140521,87550,null,3.5,9.7,3.0,10.419,0.880
20140520,85465,null,1.9,10.0,4.4,11.212,0.799
20140519,88863,null,2.0,9.9,3.4,9.655,0.649
20140518,93190,null,3.7,10.7,3.4,10.304,0.609
20140517,95445,null,3.5,11.0,3.5,10.345,0.687
20140516,87332,null,3.2,10.8,3.3,10.096,0.538
20140515,93606,null,3.7,10.4,2.4,10.110,0.392
20140514,88857,null,3.0,8.5,2.5,9.540,0.398
20140513,99162,null,3.6,6.0,3.6,11.339,0.424
20140512,96660,null,3.4,6.8,4.8,7.030,0.598
20140511,85956,null,3.8,9.7,2.5,11.200,0.710
20140510,80274,null,3.7,10.1,3.5,11.000,0.740
20140509,68452,null,3.3,11.1,4.6,11.130,0.702
20140508,96079,null,3.2,10.6,4.3,11.776,0.849
20140507,83794,null,3.8,10.6,4.7,12.612,0.645
20140506,83703,null,3.9,9.9,4.5,11.793,0.694
20140505,83720,null,3.1,9.2,3.3,12.100,0.673
20140504,82488,null,3.2,9.3,4.3,10.734,0.693
20140503,86415,null,3.7,9.6,4.1,11.478,0.638
20140502,85936,null,3.3,9.6,4.4,10.110,0.558
20140501,93578,null,3.9,8.5,2.9,10.357,0.447
20140430,101290,null,3.7,8.0,3.4,10.823,0.417
20140429,134801,null,3.0,5.2,3.7,7.955,0.554
20140428,150182,null,3.9,9.0,6.2,9.744,0.633
20140427,86799,null,3.6,9.6,4.1,10.691,0.761
20140426,84663,null,3.1,9.7,5.0,11.487,0.793
20140425,86090,null,3.8,10.1,3.4,11.325,0.811
20140424,83974,null,3.6,10.3,4.2,11.290,0.861
20140423,85051,null,2.5,8.8,3.3,11.097,0.683
20140422,88971,null,3.9,8.5,3.5,11.126,0.642
20140421,88563,null,3.6,9.1,2.6,9.730,0.610
20140420,89438,null,3.9,9.1,3.0,9.665,0.552
20140419,97444,null,3.3,8.4,2.6,10.037,0.574
20140418,93442,null,3.7,6.0,3.4,8.027,0.524
20140417,93802,null,3.9,9.9,4.3,11.280,0.536
20140416,86142,null,3.7,9.1,3.5,10.588,0.636
20140415,84433,null,3.1,9.2,3.4,11.423,0.614
20140414,83118,null,3.5,8.7,3.5,10.155,0.481
20140413,90668,null,3.9,9.6,4.3,10.803,0.647
20140412,82752,null,3.5,10.1,4.6,11.027,0.673
20140411,84124,null,3.4,10.8,4.7,11.101,0.800
20140410,77887,null,3.9,10.8,4.8,9.487,0.733
20140409,82937,null,2.5,10.8,4.8,10.464,0.727
20140408,81236,null,2.4,10.3,4.4,11.359,0.675
20140407,77107,null,3.2,10.6,3.6,10.387,0.589
20140406,83706,null,3.9,10.3,4.7,10.600,0.660
20140405,82931,null,3.6,11.2,4.6,11.197,0.677
20140404,83783,null,3.7,10.1,4.3,9.780,0.631
20140403,88336,null,3.0,11.7,4.5,11.864,0.531
20140402,76557,null,3.1,11.9,3.4,10.635,0.491
20140401,86914,null,3.1,10.6,3.3,10.117,0.460
20140331,86246,null,3.9,9.6,2.7,9.660,0.369
20140330,97460,null,3.6,7.1,3.2,7.970,0.497
20140329,100736,null,3.5,11.2,4.2,11.227,0.551
20140328,91275,null,3.1,11.7,4.1,10.914,0.566
20140327,89748,null,3.9,10.1,3.5,10.792,0.475
20140326,102134,null,3.6,7.9,2.9,7.128,0.547
20140325,86980,null,3.6,12.5,4.1,11.749,0.599
20140324,85172,null,3.3,14.5,4.6,7.193,0.681
20140323,80051,null,3.2,9.9,4.5,7.141,0.552
20140322,85903,null,3.7,9.9,4.7,9.026,0.678
20140321,83329,null,3.2,9.2,5.1,9.811,0.800
20140320,86017,null,3.6,12.0,4.8,7.359,0.604
20140319,77645,null,3.2,11.9,4.5,9.040,0.494
20140318,81367,null,3.0,10.8,4.1,6.652,0.450
20140317,79913,null,3.2,11.4,3.3,6.728,0.353
20140316,85387,null,3.6,10.8,3.6,4.790,0.290
20140315,82338,null,3.3,10.2,3.5,6.453,0.289
20140314,82050,null,3.2,7.6,3.6,8.734,0.338
20140313,144312,null,3.0,6.5,5.0,8.876,0.697
20140312,114252,null,3.8,12.2,4.6,8.673,0.576
20140311,73216,null,3.6,8.9,5.3,8.226,0.600
20140310,70392,null,3.9,8.8,5.5,8.751,0.715
20140309,68721,null,3.7,7.4,5.5,6.775,0.637
20140308,69959,null,3.6,8.3,4.7,7.960,0.713
20140307,69996,null,3.3,8.5,5.1,8.026,0.637
20140306,71118,null,3.9,9.2,5.1,7.798,0.635
20140305,79196,null,3.8,10.6,5.2,7.290,0.636
20140304,74454,null,3.8,10.6,5.2,7.290,0.636
20140303,74956,null,3.4,10.4,4.0,7.340,0.477
20140302,77273,null,3.8,9.6,3.8,6.680,0.487
20140301,81047,null,3.9,10.4,4.8,7.455,0.451
20140228,83682,null,3.7,9.8,4.0,8.493,0.376
20140227,82013,null,3.7,6.5,4.6,7.705,0.495
20140226,87728,null,3.6,10.9,6.1,6.802,0.765
20140225,79994,null,3.4,8.5,5.2,5.812,0.616
20140224,78170,null,3.2,7.6,5.5,6.851,0.575
20140223,77091,null,3.6,7.7,5.5,6.299,0.547
20140222,79193,null,3.3,8.6,7.1,12.013,0.925
20140221,78309,null,3.9,9.1,5.1,8.154,0.580
20140220,79879,null,3.8,9.2,5.2,11.027,0.614
20140219,75517,null,3.5,9.1,4.3,12.262,0.530
20140218,77471,null,3.8,8.0,3.9,11.043,0.499
20140217,82246,null,3.6,9.6,4.1,8.666,0.536
20140216,81589,null,3.8,8.3,3.3,7.479,0.482
20140215,79225,null,3.2,9.6,4.7,9.538,0.585
20140214,85863,null,3.6,12.8,4.8,10.766,0.718
20140213,73852,null,3.9,9.3,5.4,9.524,0.675
20140212,73852,null,3.7,9.8,5.6,8.700,0.756
20140211,78022,null,3.6,9.6,5.0,11.252,0.762
20140210,83610,null,3.9,9.6,4.8,10.546,0.637
20140209,79992,null,3.5,9.0,4.4,11.653,0.653
20140208,88928,null,3.8,8.3,4.2,11.351,0.563
20140207,82577,null,3.3,10.1,4.8,12.614,0.518
20140206,82125,null,3.6,9.6,4.7,12.885,0.574
20140205,80094,null,3.5,10.6,4.6,12.488,0.716
20140204,79825,null,3.9,10.3,5.2,12.384,0.653
20140203,78947,null,3.5,13.9,5.0,12.081,0.609
20140202,83353,null,3.4,10.6,4.6,12.876,0.582
20140201,82607,null,3.9,13.0,5.2,12.917,0.730
20140131,81084,null,3.2,10.4,5.0,11.280,0.533
20140130,82222,null,3.5,13.3,5.1,12.705,0.510
20140129,86294,null,3.2,12.5,4.7,12.052,0.658
20140128,87084,null,3.8,11.9,5.3,11.049,0.807
20140127,81314,null,3.8,10.9,6.1,12.085,0.853
20140126,80416,null,3.8,10.6,5.6,12.565,0.699
20140125,91630,null,3.2,11.7,4.6,11.773,0.655
20140124,82915,null,3.4,10.7,4.9,11.569,0.512
20140123,85262,null,3.7,9.1,4.9,12.787,0.557
20140122,78331,null,3.9,9.8,4.9,12.197,0.739
20140121,84185,null,3.1,9.7,4.7,12.480,0.678
20140120,81381,null,3.8,8.7,5.2,12.648,0.712
20140119,84692,null,3.1,9.2,5.7,12.380,0.565
20140118,80948,null,3.7,9.8,5.4,12.200,0.562
20140117,83034,null,3.5,10.1,4.5,12.115,0.579
20140116,83313,null,3.9,10.6,5.1,11.975,0.746
20140115,82985,null,3.7,11.7,6.0,11.567,0.659
20140114,79065,null,3.4,12.7,5.4,12.120,0.643
20140113,82639,null,3.6,11.4,4.4,11.624,0.560
20140112,83531,null,3.9,11.7,4.5,11.851,0.532
20140111,81998,null,3.9,11.3,4.2,10.733,0.532
20140110,80262,null,3.8,12.5,4.6,12.479,0.534
20140109,88008,null,3.7,11.2,4.3,11.741,0.452
20140108,95529,null,3.6,11.2,5.4,12.353,0.501
20140107,78627,null,3.9,12.3,5.5,12.880,0.530
20140106,75037,null,3.6,10.2,4.8,11.689,0.649
20140105,75361,null,3.8,10.7,5.3,12.412,0.677
20140104,73305,null,3.6,11.4,4.9,12.670,0.751
20140103,75449,null,3.7,11.2,4.7,12.044,0.621
20140102,81800,null,3.8,13.0,5.7,12.455,0.416
20140101,87788,null,3.8,13.9,4.5,12.053,0.547
