날짜,저수위(m),저수량(백만㎥),저수율(%),강우량(mm),유입량(㎥/s),총방류량(㎥/s),발전방류량(㎥/s),여수로방류량(㎥/s)
2025-11-06,0.7355,296.1706,96.41,0.0128,99.656,112.672,0.0,86.672
2025-11-05,0.76,297.2952,96.78,0.009,140.767,156.74,0.0,130.74
2025-11-04,0.79,298.6752,97.23,0.0377,192.856,171.568,0.0,145.568
2025-11-03,0.75,296.8359,96.63,0.0165,123.653,129.447,0.0,103.447
2025-11-02,0.7609,297.3365,96.79,0.5908,193.615,214.442,0.0,188.442
2025-11-01,0.8,299.136,97.38,0.6617,77.348,56.043,0.0,29.713
2025-10-31,0.76,297.2952,96.78,0.0156,167.915,151.98,0.0,103.38
2025-10-30,0.73,295.9184,96.33,0.008,170.961,170.961,0.0,122.361
2025-10-29,0.73,295.9184,96.33,0.0,133.588,133.588,0.0,84.988
2025-10-28,0.73,295.9184,96.33,0.0225,214.909,225.528,0.0,176.928
2025-10-27,0.75,296.8359,96.63,0.0447,224.791,208.869,0.0,160.269
2025-10-26,0.72,295.4602,96.18,0.0062,277.659,282.962,0.0,234.362
2025-10-25,0.73,295.9184,96.33,0.0419,299.857,293.6,0.0,245.0
2025-10-24,0.7182,295.3778,96.15,0.6917,240.008,240.962,0.0,192.362
2025-10-23,0.72,295.4602,96.18,0.4251,232.454,232.454,0.0,183.854
2025-10-22,0.72,295.4602,96.18,0.1625,251.967,262.578,0.0,213.978
2025-10-21,0.74,296.377,96.48,0.0,357.178,365.147,0.0,315.76
2025-10-20,0.755,297.0655,96.7,0.0252,563.763,487.128,0.0,438.528
2025-10-19,0.61,290.4442,94.55,0.064,649.355,564.515,0.0,515.915
2025-10-18,0.4475,283.1141,92.16,5.3228,837.121,817.698,0.0,769.098
2025-10-17,0.41,281.4359,91.61,1.8552,1345.725,1376.831,0.0,1328.231
2025-10-16,0.47,284.1234,92.49,21.8709,1144.921,1146.792,0.0,1098.192
2025-10-15,0.4736,284.285,92.54,1.6649,1886.295,1841.589,0.0,1792.312
2025-10-14,0.3873,280.4224,91.28,29.2625,1225.05,1379.831,0.0,1328.749
2025-10-13,0.6836,293.7955,95.64,15.3364,255.932,291.121,0.0,239.696
2025-10-12,0.75,296.8359,96.63,3.7014,276.453,290.017,0.0,239.022
2025-10-11,0.7755,298.0078,97.01,0.1198,317.287,271.918,0.0,220.822
2025-10-10,0.69,294.0879,95.73,0.2232,422.778,436.012,0.0,385.701
2025-10-09,0.715,295.2313,96.1,0.362,428.871,383.983,0.0,334.064
2025-10-08,0.63,291.353,94.84,0.9183,1168.099,1103.522,0.0,1009.75
2025-10-07,0.5067,285.7735,93.03,13.8321,456.376,562.239,0.0,506.637
2025-10-06,0.7082,294.9201,96.0,12.271,332.925,371.059,0.0,320.441
2025-10-05,0.78,298.2148,97.08,3.4105,410.054,341.169,0.0,290.572
2025-10-04,0.65,292.2632,95.14,2.5435,295.059,340.284,0.0,289.156
2025-10-03,0.7355,296.1706,96.41,22.9181,263.868,245.053,0.0,193.619
2025-10-02,0.7,294.545,95.88,0.0604,234.158,250.054,0.0,198.308
2025-10-01,0.73,295.9184,96.33,0.0255,230.118,256.696,0.0,179.102
2025-09-30,0.78,298.2148,97.08,0.023,200.19,178.919,0.0,82.619
2025-09-29,0.74,296.377,96.48,0.059,186.161,186.161,0.0,92.815
2025-09-28,0.74,296.377,96.48,6.9433,213.025,186.531,0.0,94.585
2025-09-27,0.69,294.0879,95.73,0.0205,297.518,308.58,0.0,216.835
2025-09-26,0.7109,295.0436,96.04,0.0594,275.741,259.394,0.0,172.571
2025-09-25,0.68,293.6312,95.58,8.8643,265.412,262.031,0.0,178.746
2025-09-24,0.6736,293.339,95.49,2.2241,253.788,283.165,0.0,204.447
2025-09-23,0.7291,295.8772,96.31,0.2621,270.936,253.612,0.0,161.612
2025-09-22,0.6964,294.3804,95.83,0.0932,311.257,316.073,0.0,222.235
2025-09-21,0.7055,294.7965,95.96,0.0671,547.595,527.875,0.0,427.647
2025-09-20,0.6682,293.0927,95.41,18.6962,359.742,407.903,0.0,285.431
2025-09-19,0.7591,297.2538,96.76,1.7485,307.369,337.428,0.0,207.477
2025-09-18,0.8155,299.8509,97.61,0.328,214.607,179.712,0.0,86.438
2025-09-17,0.75,296.8359,96.63,10.3212,214.829,204.21,0.0,108.204
2025-09-16,0.73,295.9184,96.33,1.263,283.809,280.414,0.0,178.198
2025-09-15,0.7236,295.6251,96.23,0.0761,255.119,189.902,0.0,90.895
2025-09-14,0.6,289.9904,94.4,0.7358,481.841,507.197,0.0,389.362
2025-09-13,0.6482,292.1812,95.11,15.87,593.206,673.702,0.0,559.686
2025-09-12,0.8,299.136,97.38,7.6381,467.24,419.398,0.0,323.374
2025-09-11,0.71,295.0024,96.03,0.1084,466.205,517.462,0.0,422.941
2025-09-10,0.8064,299.431,97.47,6.2364,702.883,672.847,0.0,544.323
2025-09-09,0.75,296.8359,96.63,26.0243,328.103,333.419,0.0,236.793
2025-09-08,0.76,297.2952,96.78,1.2081,235.383,230.067,0.0,153.412
2025-09-07,0.75,296.8359,96.63,6.8649,205.156,223.033,0.0,142.624
2025-09-06,0.7836,298.3805,97.13,0.7866,236.611,234.693,0.0,150.401
2025-09-05,0.78,298.2148,97.08,1.6804,160.36,139.089,0.0,76.414
2025-09-04,0.74,296.377,96.48,5.5911,189.413,200.041,0.0,120.658
2025-09-03,0.76,297.2952,96.78,0.3643,248.232,248.232,0.0,152.091
2025-09-02,0.76,297.2952,96.78,4.1779,280.326,285.646,0.0,187.084
2025-09-01,0.77,297.7548,96.93,5.7007,252.113,188.553,0.0,98.687
2025-08-31,0.65,292.2632,95.14,7.2872,228.124,268.998,0.0,176.463
2025-08-30,0.7273,295.7947,96.29,0.0007,199.841,227.852,0.0,128.651
2025-08-29,0.78,298.2148,97.08,0.0007,201.553,206.881,0.0,112.753
2025-08-28,0.79,298.6752,97.23,0.0005,183.382,184.822,0.0,98.966
2025-08-27,0.7927,298.7996,97.27,0.046,180.591,150.163,0.0,62.03
2025-08-26,0.7355,296.1706,96.41,2.119,172.935,170.016,0.0,88.893
2025-08-25,0.73,295.9184,96.33,0.0388,198.05,216.91,0.0,128.474
2025-08-24,0.7655,297.5479,96.86,0.0063,250.561,231.701,0.0,134.069
2025-08-23,0.73,295.9184,96.33,0.4013,251.744,267.679,0.0,183.571
2025-08-22,0.76,297.2952,96.78,2.3059,224.127,222.691,0.0,122.026
2025-08-21,0.7573,297.1711,96.74,1.1475,253.343,260.098,0.0,165.635
2025-08-20,0.77,297.7548,96.93,0.5654,245.56,235.88,0.0,120.302
2025-08-19,0.7518,296.9185,96.65,0.2765,278.577,245.815,0.0,161.061
2025-08-18,0.69,294.0879,95.73,0.0086,327.492,343.375,0.0,259.001
2025-08-17,0.72,295.4602,96.18,0.0683,395.841,433.051,0.0,342.349
2025-08-16,0.79,298.6752,97.23,0.0863,404.487,356.684,0.0,270.516
2025-08-15,0.7,294.545,95.88,0.5032,474.693,534.609,0.0,414.749
2025-08-14,0.8127,299.7217,97.57,0.2911,613.699,572.068,0.0,453.991
2025-08-13,0.7345,296.1247,96.4,2.5605,849.963,904.744,0.0,789.988
2025-08-12,0.8373,300.8578,97.94,10.81,736.946,729.138,0.0,624.481
2025-08-11,0.8227,300.1832,97.72,6.45,744.258,710.832,0.0,619.035
2025-08-10,0.76,297.2952,96.78,13.3558,1166.932,1155.827,0.0,1044.452
2025-08-09,0.7391,296.3357,96.46,3.4084,849.298,826.614,0.0,707.359
2025-08-08,0.6963,294.3758,95.83,0.0,896.797,898.755,0.0,773.488
2025-08-07,0.7,294.545,95.88,0.5098,1119.277,1050.829,0.0,954.607
2025-08-06,0.57,288.6311,93.96,6.7105,1330.684,1294.119,0.0,1157.147
2025-08-05,0.5,285.4719,92.93,5.1194,2476.562,2428.917,0.0,2287.355
2025-08-04,0.4082,281.3554,91.59,50.5662,2205.006,2336.527,0.0,2201.611
2025-08-03,0.66,292.7188,95.29,28.7877,319.363,388.303,0.0,305.115
2025-08-02,0.79,298.6752,97.23,0.662,187.498,136.784,0.0,59.69
2025-08-01,0.6945,294.2935,95.8,0.0,147.692,177.118,0.0,87.491
2025-07-31,0.75,296.8359,96.63,0.0,174.233,171.311,0.0,63.976
2025-07-30,0.7445,296.5834,96.54,0.0103,224.125,253.669,0.0,187.845
2025-07-29,0.8,299.136,97.38,0.0,218.431,194.201,0.0,108.513
2025-07-28,0.7545,297.0425,96.69,0.0254,240.276,243.201,0.0,146.468
2025-07-27,0.76,297.2952,96.78,0.0875,359.573,389.153,0.0,284.333
2025-07-26,0.8155,299.8509,97.61,0.1156,378.157,353.897,0.0,253.044
2025-07-25,0.77,297.7548,96.93,0.0322,382.447,370.376,0.0,283.904
2025-07-24,0.7473,296.7119,96.59,0.0,659.556,597.531,0.0,480.232
2025-07-23,0.63,291.353,94.84,0.012,939.354,923.584,0.0,814.787
2025-07-22,0.6,289.9904,94.4,0.3515,1592.866,1606.742,0.0,1530.63
2025-07-21,0.6264,291.1893,94.79,3.4976,3547.422,3730.71,0.0,3645.305
2025-07-20,0.97,307.0254,99.94,0.0775,6880.92,6974.691,0.0,6751.249
2025-07-19,1.1422,315.1272,102.58,80.9458,5955.939,5717.72,0.0,5480.496
2025-07-18,0.7,294.545,95.88,29.1882,3970.772,4013.247,0.0,3845.582
2025-07-17,0.78,298.2148,97.08,91.6705,1401.084,1327.403,0.0,1217.279
2025-07-16,0.6409,291.8488,95.0,11.2742,526.668,542.015,0.0,435.969
2025-07-15,0.67,293.1748,95.43,1.7482,732.908,738.665,0.0,636.32
2025-07-14,0.6809,293.6722,95.6,21.6156,1224.501,1400.718,0.0,1285.551
2025-07-13,1.01,308.8974,100.55,40.1676,357.601,228.636,0.0,157.762
2025-07-12,0.77,297.7548,96.93,0.0,126.427,118.183,0.0,47.513
2025-07-11,0.7545,297.0425,96.69,0.0,138.275,149.926,0.0,73.697
2025-07-10,0.7764,298.0492,97.02,0.0,139.347,146.592,0.0,82.562
2025-07-09,0.79,298.6752,97.23,0.049,132.037,132.996,0.0,65.806
2025-07-08,0.7918,298.7581,97.25,0.0174,145.563,133.95,0.0,64.73
2025-07-07,0.77,297.7548,96.93,0.7737,144.118,133.482,0.0,53.965
2025-07-06,0.75,296.8359,96.63,0.0,188.714,215.336,0.0,118.431
2025-07-05,0.8,299.136,97.38,0.0595,177.901,151.28,0.0,53.632
2025-07-04,0.75,296.8359,96.63,0.0006,192.19,186.879,0.0,103.403
2025-07-03,0.74,296.377,96.48,0.0,251.494,256.806,0.0,167.975
2025-07-02,0.75,296.8359,96.63,0.1568,283.276,320.576,0.0,230.675
2025-07-01,0.82,300.0586,97.68,0.048,223.683,149.292,0.0,70.833
2025-06-30,0.68,293.6312,95.58,0.222,342.548,331.988,0.0,219.936
2025-06-29,0.66,292.7188,95.29,0.0133,442.658,421.589,0.0,305.257
2025-06-28,0.62,290.8984,94.69,4.0733,420.439,505.119,0.0,402.635
2025-06-27,0.78,298.2148,97.08,0.0,447.443,426.172,0.0,315.458
2025-06-26,0.74,296.377,96.48,0.0331,709.89,722.059,0.0,611.701
2025-06-25,0.7629,297.4284,96.82,1.3753,773.204,736.92,0.0,625.601
2025-06-24,0.6945,294.2935,95.8,15.5806,763.154,681.921,0.0,583.271
2025-06-23,0.54,287.275,93.51,0.0286,2269.377,2127.23,0.0,2037.088
2025-06-22,0.265,274.9935,89.52,5.0248,2641.297,2710.692,0.0,2573.302
2025-06-21,0.4,280.9892,91.47,64.1891,524.92,646.293,0.0,551.228
2025-06-20,0.6327,291.4758,94.88,5.7409,495.896,547.315,0.0,444.984
2025-06-19,0.73,295.9184,96.33,0.0,474.752,487.762,0.0,357.982
2025-06-18,0.7545,297.0425,96.69,0.6048,346.527,354.771,0.0,254.49
2025-06-17,0.77,297.7548,96.93,0.79,425.434,396.492,0.0,282.9
2025-06-16,0.7155,295.2542,96.11,6.2433,891.408,984.523,0.0,866.637
2025-06-15,0.89,303.2993,98.73,1.0863,2249.738,2265.878,0.0,2147.405
2025-06-14,0.92,304.6938,99.18,54.6761,1575.561,1452.807,0.0,1308.779
2025-06-13,0.69,294.0879,95.73,28.4969,230.337,201.051,0.0,99.353
2025-06-12,0.6345,291.5576,94.91,0.0,166.241,169.138,0.0,92.038
2025-06-11,0.64,291.8079,94.99,0.0,167.475,215.05,0.0,134.231
2025-06-10,0.73,295.9184,96.33,0.0,161.448,177.383,0.0,90.298
2025-06-09,0.76,297.2952,96.78,0.0051,160.632,165.473,0.0,87.898
2025-06-08,0.7691,297.7134,96.91,0.0,171.082,145.481,0.0,81.28
2025-06-07,0.7209,295.5015,96.19,0.0009,118.693,118.215,0.0,55.561
2025-06-06,0.72,295.4602,96.18,0.008,170.241,180.852,0.0,102.254
2025-06-05,0.74,296.377,96.48,0.0096,181.517,186.829,0.0,106.911
2025-06-04,0.75,296.8359,96.63,0.0551,183.705,167.783,0.0,89.845
2025-06-03,0.72,295.4602,96.18,0.3623,237.092,253.492,0.0,159.254
2025-06-02,0.7509,296.8772,96.64,0.5574,232.973,235.896,0.0,157.981
2025-06-01,0.7564,297.1298,96.72,0.004,232.763,213.439,0.0,127.438
2025-05-31,0.72,295.4602,96.18,0.0028,168.2,189.438,0.0,111.723
2025-05-30,0.76,297.2952,96.78,0.032,196.298,194.862,0.0,117.29
2025-05-29,0.7573,297.1711,96.74,3.5563,149.095,149.574,0.0,69.848
2025-05-28,0.7582,297.2125,96.75,4.4032,193.454,183.784,0.0,89.928
2025-05-27,0.74,296.377,96.48,0.1166,147.907,121.413,0.0,55.398
2025-05-26,0.69,294.0879,95.73,0.0,186.747,192.038,0.0,114.465
2025-05-25,0.7,294.545,95.88,0.4354,145.38,155.973,0.0,72.833
2025-05-24,0.72,295.4602,96.18,1.6217,133.406,140.142,0.0,54.108
2025-05-23,0.7327,296.0422,96.37,0.0,212.504,221.69,0.0,128.23
2025-05-22,0.75,296.8359,96.63,0.0993,183.336,157.774,0.0,66.234
2025-05-21,0.7018,294.6273,95.91,0.0008,269.084,284.028,0.0,188.153
2025-05-20,0.73,295.9184,96.33,0.0235,352.04,330.853,0.0,194.383
2025-05-19,0.69,294.0879,95.73,0.0126,249.449,260.034,0.0,135.416
2025-05-18,0.71,295.0024,96.03,0.0008,466.006,535.222,0.0,398.122
2025-05-17,0.84,300.9827,97.98,2.9251,630.067,614.03,0.0,534.682
2025-05-16,0.81,299.5971,97.53,27.7539,295.513,254.368,0.0,168.841
2025-05-15,0.7327,296.0422,96.37,1.1867,218.572,217.617,0.0,123.545
2025-05-14,0.7309,295.9597,96.34,0.0038,275.415,246.193,0.0,133.646
2025-05-13,0.6757,293.4349,95.52,0.0062,320.563,346.921,0.0,240.802
2025-05-12,0.7255,295.7122,96.26,0.0208,329.009,342.015,0.0,211.973
2025-05-11,0.75,296.8359,96.63,0.7945,373.902,377.304,0.0,251.227
2025-05-10,0.7564,297.1298,96.72,0.514,426.444,434.636,0.0,278.994
2025-05-09,0.7718,297.8376,96.95,19.1671,234.231,222.637,0.0,126.237
2025-05-08,0.75,296.8359,96.63,0.0787,188.714,183.403,0.0,100.909
2025-05-07,0.74,296.377,96.48,0.0274,256.04,266.668,0.0,182.099
2025-05-06,0.76,297.2952,96.78,2.6963,234.663,218.728,0.0,126.236
2025-05-05,0.73,295.9184,96.33,1.911,255.434,245.309,0.0,133.265
2025-05-04,0.7109,295.0436,96.04,0.0275,366.088,387.31,0.0,248.774
2025-05-03,0.7509,296.8772,96.64,12.672,229.08,228.602,0.0,140.273
2025-05-02,0.75,296.8359,96.63,0.1344,299.453,262.362,0.0,170.057
2025-05-01,0.68,293.6312,95.58,23.362,173.006,173.007,0.0,84.531
2025-04-30,0.68,293.6312,95.58,0.0,70.915,99.776,0.0,36.743
2025-04-29,0.7345,296.1247,96.4,0.0,110.003,116.799,0.0,55.423
2025-04-28,0.7473,296.7119,96.59,0.0203,160.583,115.315,0.0,51.81
2025-04-27,0.6618,292.8008,95.31,0.0004,165.937,203.931,0.0,122.762
2025-04-26,0.7336,296.0835,96.38,0.0004,157.016,165.725,0.0,84.372
2025-04-25,0.75,296.8359,96.63,0.0004,195.295,208.859,0.0,121.945
2025-04-24,0.7755,298.0078,97.01,0.0064,189.247,165.064,0.0,83.406
2025-04-23,0.73,295.9184,96.33,0.5719,155.262,176.516,0.0,108.891
2025-04-22,0.77,297.7548,96.93,17.0897,143.371,127.424,0.0,65.92
2025-04-21,0.74,296.377,96.48,0.0002,162.465,154.241,0.0,85.937
2025-04-20,0.7245,295.6664,96.25,0.4697,129.429,127.043,0.0,51.671
2025-04-19,0.72,295.4602,96.18,0.6247,100.034,115.956,0.0,28.764
2025-04-18,0.75,296.8359,96.63,0.0693,120.045,129.723,0.0,54.649
2025-04-17,0.7682,297.6721,96.9,0.0,133.22,160.842,0.0,95.247
2025-04-16,0.82,300.0586,97.68,0.0066,179.609,152.945,0.0,88.087
2025-04-15,0.77,297.7548,96.93,0.2238,208.269,224.255,0.0,142.19
2025-04-14,0.8,299.136,97.38,3.9844,189.985,159.485,0.0,81.149
2025-04-13,0.7427,296.5008,96.52,11.2699,213.26,195.917,0.0,122.425
2025-04-12,0.71,295.0024,96.03,10.2342,120.868,163.377,0.0,89.372
2025-04-11,0.79,298.6752,97.23,0.0,103.459,95.202,0.0,27.349
2025-04-10,0.7745,297.9618,96.99,0.0112,90.913,93.841,0.0,19.073
2025-04-09,0.78,298.2148,97.08,0.0417,86.867,86.867,0.0,15.873
2025-04-08,0.78,298.2148,97.08,0.0004,141.227,135.902,0.0,64.915
2025-04-07,0.77,297.7548,96.93,0.0,102.9,81.645,0.0,22.343
2025-04-06,0.73,295.9184,96.33,0.0089,68.134,62.83,0.0,11.082
2025-04-05,0.72,295.4602,96.18,3.1801,80.121,51.769,0.0,0.0
2025-04-04,0.6664,293.0106,95.38,0.1205,53.835,66.304,0.0,10.063
2025-04-03,0.69,294.0879,95.73,0.0232,83.558,93.19,0.0,17.112
2025-04-02,0.7082,294.9201,96.0,1.612,151.534,107.354,0.0,30.4
2025-04-01,0.6245,291.1029,94.76,0.0,177.679,244.033,0.0,189.591
2025-03-31,0.75,296.8359,96.63,0.0,143.848,129.357,0.0,100.871
2025-03-30,0.7227,295.5839,96.22,0.0004,110.456,132.603,0.0,105.323
2025-03-29,0.7644,297.4974,96.84,0.0774,159.856,149.278,0.0,121.141
2025-03-28,0.7445,296.5834,96.54,0.4579,220.569,170.566,0.0,142.661
2025-03-27,0.65,292.2632,95.14,2.3246,106.661,156.664,0.0,128.63
2025-03-26,0.7445,296.5834,96.54,0.0024,89.801,117.904,0.0,89.378
2025-03-25,0.7973,299.0115,97.33,0.0,103.086,77.905,0.0,48.77
2025-03-24,0.75,296.8359,96.63,0.0054,60.112,65.428,0.0,36.289
2025-03-23,0.76,297.2952,96.78,0.0,79.409,87.125,0.0,57.993
2025-03-22,0.7745,297.9618,96.99,0.0,111.99,107.679,0.0,78.568
2025-03-21,0.7664,297.5893,96.87,0.0129,100.956,102.871,0.0,73.556
2025-03-20,0.77,297.7548,96.93,0.0118,111.655,107.77,0.0,78.467
2025-03-19,0.7627,297.4192,96.82,1.267,102.066,115.164,0.0,84.697
2025-03-18,0.7873,298.5509,97.18,0.6444,104.718,99.391,0.0,70.774
2025-03-17,0.7773,298.0906,97.04,0.0265,83.85,77.995,0.0,49.519
2025-03-16,0.7663,297.5847,96.87,1.4407,120.555,80.083,0.0,51.249
2025-03-15,0.69,294.0879,95.73,1.3576,93.664,58.485,0.0,30.431
2025-03-14,0.6233,291.0484,94.74,0.0714,110.841,109.105,0.0,81.317
2025-03-13,0.62,290.8984,94.69,0.0,216.367,216.367,0.0,188.664
2025-03-12,0.62,290.8984,94.69,2.8584,148.911,204.096,0.0,175.339
2025-03-11,0.7245,295.6664,96.25,0.0775,146.429,168.206,0.0,138.999
2025-03-10,0.7655,297.5479,96.86,0.022,109.097,95.545,0.0,66.409
2025-03-09,0.74,296.377,96.48,0.0,112.435,144.368,0.0,115.143
2025-03-08,0.8,299.136,97.38,0.0604,105.306,72.417,0.0,43.302
2025-03-07,0.7382,296.2944,96.45,0.0873,131.049,133.438,0.0,104.301
2025-03-06,0.7427,296.5008,96.52,0.1319,122.354,142.191,0.0,113.061
2025-03-05,0.78,298.2148,97.08,0.2268,213.924,222.665,0.0,193.561
2025-03-04,0.7964,298.9701,97.32,5.2953,161.313,152.572,0.0,123.788
2025-03-03,0.78,298.2148,97.08,13.6089,154.306,154.306,0.0,125.729
2025-03-02,0.78,298.2148,97.08,6.6136,97.617,89.367,0.0,61.076
2025-03-01,0.7645,297.502,96.84,0.2634,83.243,102.155,0.0,73.393
2025-02-28,0.8,299.136,97.38,0.0316,87.74,82.407,0.0,53.92
2025-02-27,0.79,298.6752,97.23,0.0082,78.584,67.931,0.0,39.274
2025-02-26,0.77,297.7548,96.93,0.0004,58.979,66.701,0.0,37.673
2025-02-25,0.7845,298.422,97.14,0.1142,91.527,105.128,0.0,75.891
2025-02-24,0.81,299.5971,97.53,0.0,69.482,54.177,0.0,24.952
2025-02-23,0.7813,298.2747,97.09,0.0562,78.707,51.435,0.0,22.313
2025-02-22,0.73,295.9184,96.33,0.0004,55.614,71.549,0.0,42.416
2025-02-21,0.76,297.2952,96.78,0.0248,75.101,91.074,0.0,61.844
2025-02-20,0.79,298.6752,97.23,0.0,90.447,74.475,0.0,45.329
2025-02-19,0.76,297.2952,96.78,0.0004,47.986,37.359,0.0,8.216
2025-02-18,0.74,296.377,96.48,0.0004,29.302,50.573,0.0,21.442
2025-02-17,0.78,298.2148,97.08,0.0346,52.36,41.716,0.0,12.849
2025-02-16,0.76,297.2952,96.78,0.0143,39.685,50.809,0.0,21.881
2025-02-15,0.7809,298.2563,97.09,0.0146,88.453,98.635,0.0,69.603
2025-02-14,0.8,299.136,97.38,0.0254,86.581,64.319,0.0,35.492
2025-02-13,0.7582,297.2125,96.75,0.0646,98.936,112.935,0.0,84.138
2025-02-12,0.7845,298.422,97.14,5.4463,108.217,115.04,0.0,86.07
2025-02-11,0.7973,299.0115,97.33,0.0,73.08,79.857,0.0,50.495
2025-02-10,0.81,299.5971,97.53,0.0515,76.754,66.084,0.0,36.828
2025-02-09,0.79,298.6752,97.23,0.0054,65.296,65.776,0.0,36.549
2025-02-08,0.7909,298.7167,97.24,0.0561,79.28,89.47,0.0,60.203
2025-02-07,0.81,299.5971,97.53,0.4051,128.077,133.419,0.0,103.984
2025-02-06,0.82,300.0586,97.68,0.0179,80.229,73.927,0.0,44.451
2025-02-05,0.8082,299.5141,97.5,0.0636,28.959,40.606,0.0,11.172
2025-02-04,0.83,300.5204,97.83,0.101,110.878,76.474,0.0,21.772
2025-02-03,0.7655,297.5479,96.86,0.0422,101.69,102.169,0.0,51.491
2025-02-02,0.7664,297.5893,96.87,0.0146,112.934,131.316,0.0,79.954
2025-02-01,0.8009,299.1775,97.39,4.3114,137.651,121.185,0.0,82.533
2025-01-31,0.77,297.7548,96.93,0.0404,100.345,88.274,0.0,59.831
2025-01-30,0.7473,296.7119,96.59,0.0672,80.347,87.098,0.0,58.507
2025-01-29,0.76,297.2952,96.78,0.1339,62.427,62.427,0.0,34.444
2025-01-28,0.76,297.2952,96.78,0.6409,117.583,106.956,0.0,78.16
2025-01-27,0.74,296.377,96.48,3.2747,118.378,144.978,0.0,115.795
2025-01-26,0.79,298.6752,97.23,0.0338,105.604,84.316,0.0,55.183
2025-01-25,0.75,296.8359,96.63,0.0817,97.942,113.902,0.0,84.701
2025-01-24,0.78,298.2148,97.08,0.0103,105.629,84.358,0.0,55.235
2025-01-23,0.74,296.377,96.48,0.0,99.917,110.545,0.0,81.412
2025-01-22,0.76,297.2952,96.78,0.0061,103.317,103.317,0.0,74.242
2025-01-21,0.76,297.2952,96.78,0.0894,87.094,71.637,0.0,42.598
2025-01-20,0.7309,295.9597,96.34,0.0,50.214,60.355,0.0,31.303
2025-01-19,0.75,296.8359,96.63,0.0,104.371,93.752,0.0,64.837
2025-01-18,0.73,295.9184,96.33,0.0,115.258,120.566,0.0,91.649
2025-01-17,0.74,296.377,96.48,0.0,89.807,47.467,0.0,18.779
2025-01-16,0.66,292.7188,95.29,0.0519,91.966,91.966,0.0,63.549
2025-01-15,0.66,292.7188,95.29,0.0004,89.374,84.101,0.0,56.649
2025-01-14,0.65,292.2632,95.14,0.0587,94.369,87.677,0.0,59.729
2025-01-13,0.6373,291.685,94.95,0.0034,112.589,156.283,0.0,127.601
2025-01-12,0.72,295.4602,96.18,0.0101,90.697,102.741,0.0,73.73
2025-01-11,0.7427,296.5008,96.52,0.0,112.869,111.436,0.0,82.305
2025-01-10,0.74,296.377,96.48,0.0004,95.091,111.038,0.0,81.912
2025-01-09,0.77,297.7548,96.93,0.1481,97.233,81.764,0.0,52.615
2025-01-08,0.7409,296.4183,96.49,0.2027,125.381,140.85,0.0,111.722
2025-01-07,0.77,297.7548,96.93,0.1119,123.556,137.141,0.0,108.019
2025-01-06,0.7955,298.9286,97.31,0.7002,120.666,91.134,0.0,62.031
2025-01-05,0.74,296.377,96.48,0.2084,87.157,92.469,0.0,63.57
2025-01-04,0.75,296.8359,96.63,0.0341,126.117,136.753,0.0,107.977
2025-01-03,0.77,297.7548,96.93,0.0,80.776,59.999,0.0,31.424
2025-01-02,0.7309,295.9597,96.34,0.0,109.806,135.907,0.0,107.373
2025-01-01,0.78,298.2148,97.08,0.0095,116.849,98.498,0.0,70.016
2024-12-31,0.7455,296.6293,96.56,0.0019,144.65,141.729,0.0,113.223
2024-12-30,0.74,296.377,96.48,0.0324,74.759,70.406,0.0,41.621
2024-12-29,0.7318,296.0009,96.35,0.0299,96.635,101.944,0.0,72.805
2024-12-28,0.7418,296.4596,96.5,0.0004,136.795,151.786,0.0,122.642
2024-12-27,0.77,297.7548,96.93,0.0274,113.953,103.317,0.0,74.204
2024-12-26,0.75,296.8359,96.63,0.0116,104.016,107.896,0.0,78.772
2024-12-25,0.7573,297.1711,96.74,0.0254,117.656,119.092,0.0,89.984
2024-12-24,0.76,297.2952,96.78,0.0,131.32,88.913,0.0,59.775
2024-12-23,0.68,293.6312,95.58,0.0691,116.02,121.306,0.0,92.908
2024-12-22,0.69,294.0879,95.73,0.0136,118.77,153.977,0.0,124.79
2024-12-21,0.7564,297.1298,96.72,0.6843,130.722,151.542,0.0,122.335
2024-12-20,0.7955,298.9286,97.31,0.0116,119.874,97.088,0.0,68.293
2024-12-19,0.7527,296.9599,96.67,0.0,92.216,100.938,0.0,72.057
2024-12-18,0.7691,297.7134,96.91,0.0071,141.226,132.982,0.0,104.372
2024-12-17,0.7536,297.0012,96.68,0.0472,120.709,115.873,0.0,86.809
2024-12-16,0.7445,296.5834,96.54,0.0933,120.001,133.558,0.0,104.551
2024-12-15,0.77,297.7548,96.93,0.0729,89.861,84.062,0.0,55.012
2024-12-14,0.7591,297.2538,96.76,0.0605,93.854,100.611,0.0,71.542
2024-12-13,0.7718,297.8376,96.95,0.0,140.012,124.063,0.0,95.058
2024-12-12,0.7418,296.4596,96.5,0.0,83.969,93.641,0.0,64.516
2024-12-11,0.76,297.2952,96.78,0.0,126.12,120.804,0.0,91.719
2024-12-10,0.75,296.8359,96.63,0.0,121.792,121.792,0.0,93.075
2024-12-09,0.75,296.8359,96.63,0.0084,107.144,117.78,0.0,88.663
2024-12-08,0.77,297.7548,96.93,0.011,121.437,110.801,0.0,81.682
2024-12-07,0.75,296.8359,96.63,0.0,137.765,143.081,0.0,113.956
2024-12-06,0.76,297.2952,96.78,0.1075,140.247,150.891,0.0,121.776
2024-12-05,0.78,298.2148,97.08,0.1701,145.534,124.263,0.0,95.18
2024-12-04,0.74,296.377,96.48,0.0286,83.955,129.506,0.0,100.609
2024-12-03,0.8255,300.3126,97.76,0.0076,179.309,137.157,0.0,94.987
2024-12-02,0.7464,296.6706,96.57,0.0418,159.433,166.662,0.0,118.082
2024-12-01,0.76,297.2952,96.78,0.0301,174.046,195.352,0.0,150.831
2024-11-30,0.8,299.136,97.38,0.0472,211.215,199.116,0.0,156.28
2024-11-29,0.7773,298.0906,97.04,0.0444,213.95,185.892,0.0,142.114
2024-11-28,0.7245,295.6664,96.25,0.5245,210.36,245.184,0.0,216.439
2024-11-27,0.79,298.6752,97.23,1.1783,291.89,252.56,0.0,211.061
2024-11-26,0.716,295.2771,96.12,17.938,171.434,123.648,0.0,94.741
2024-11-25,0.6255,291.1484,94.78,0.3013,156.37,190.392,0.0,161.879
2024-11-24,0.69,294.0879,95.73,0.0468,140.758,177.88,0.0,148.725
2024-11-23,0.76,297.2952,96.78,0.0122,140.064,145.384,0.0,116.271
2024-11-22,0.77,297.7548,96.93,0.0071,88.886,74.372,0.0,45.246
2024-11-21,0.7427,296.5008,96.52,0.0095,102.809,96.546,0.0,67.456
2024-11-20,0.7309,295.9597,96.34,0.0007,166.806,192.907,0.0,163.858
2024-11-19,0.78,298.2148,97.08,0.0297,135.88,118.007,0.0,78.768
2024-11-18,0.7464,296.6706,96.57,0.0158,96.527,87.821,0.0,44.568
2024-11-17,0.73,295.9184,96.33,0.0228,181.41,173.722,0.0,136.907
2024-11-16,0.7155,295.2542,96.11,0.0436,159.614,161.999,0.0,117.82
2024-11-15,0.72,295.4602,96.18,0.6999,125.714,149.612,0.0,103.493
2024-11-14,0.765,297.525,96.85,0.009,115.68,120.736,0.0,89.254
2024-11-13,0.7745,297.9618,96.99,0.014,197.358,189.643,0.0,158.787
2024-11-12,0.76,297.2952,96.78,0.0166,214.505,203.878,0.0,173.554
2024-11-11,0.74,296.377,96.48,0.0396,193.709,202.9,0.0,173.294
2024-11-10,0.7573,297.1711,96.74,0.0161,151.782,144.024,0.0,114.323
2024-11-09,0.7427,296.5008,96.52,0.0167,162.303,183.1,0.0,153.103
2024-11-08,0.7818,298.2977,97.1,0.0141,178.266,172.941,0.0,142.839
2024-11-07,0.7718,297.8376,96.95,0.0,172.768,197.406,0.0,163.225
2024-11-06,0.818,299.9663,97.65,0.0,276.65,224.497,0.0,196.957
2024-11-05,0.72,295.4602,96.18,0.4589,289.74,296.476,0.0,269.381
2024-11-04,0.7327,296.0422,96.37,0.1681,354.423,327.468,0.0,299.436
2024-11-03,0.6818,293.7133,95.61,0.0929,492.625,504.156,0.0,476.114
2024-11-02,0.7036,294.7096,95.93,15.2651,577.639,602.249,0.0,574.0
2024-11-01,0.75,296.8359,96.63,16.1318,250.946,239.372,0.0,210.872
2024-10-31,0.7282,295.8359,96.3,0.0081,264.386,285.159,0.0,234.267
2024-10-30,0.7673,297.6307,96.89,0.0339,182.486,177.646,0.0,126.325
2024-10-29,0.7582,297.2125,96.75,0.0163,263.708,282.078,0.0,231.153
2024-10-28,0.7927,298.7996,97.27,0.3579,219.84,174.939,0.0,126.339
2024-10-27,0.7082,294.9201,96.0,1.8356,207.986,230.16,0.0,181.56
2024-10-26,0.75,296.8359,96.63,0.0674,243.968,212.163,0.0,163.563
2024-10-25,0.69,294.0879,95.73,0.0438,386.065,395.697,0.0,345.661
2024-10-24,0.7082,294.9201,96.0,0.0395,454.781,457.642,0.0,405.935
2024-10-23,0.7136,295.1672,96.08,0.7214,999.434,965.823,0.0,914.51
2024-10-22,0.65,292.2632,95.14,31.9676,1180.667,1183.62,0.0,1133.014
2024-10-21,0.6556,292.5183,95.22,2.6206,245.274,282.718,0.0,231.501
2024-10-20,0.7264,295.7534,96.27,0.0916,439.273,481.465,0.0,431.398
2024-10-19,0.8057,299.3988,97.46,10.6576,421.896,428.09,0.0,377.549
2024-10-18,0.8173,299.9339,97.64,17.3921,280.251,252.104,0.0,202.393
2024-10-17,0.7645,297.502,96.84,0.0368,179.072,153.056,0.0,103.611
2024-10-16,0.7155,295.2542,96.11,0.2349,162.023,212.288,0.0,140.702
2024-10-15,0.81,299.5971,97.53,6.4517,231.846,219.257,0.0,168.168
2024-10-14,0.7864,298.5094,97.17,13.3966,216.113,228.702,0.0,176.511
2024-10-13,0.81,299.5971,97.53,0.0312,159.289,143.29,0.0,89.258
2024-10-12,0.78,298.2148,97.08,0.0218,145.512,134.868,0.0,81.018
2024-10-11,0.76,297.2952,96.78,0.014,182.513,197.526,0.0,143.804
2024-10-10,0.7882,298.5923,97.2,0.1213,182.159,161.83,0.0,108.254
2024-10-09,0.75,296.8359,96.63,0.06,195.666,223.727,0.0,170.104
2024-10-08,0.8027,299.2604,97.42,0.7866,170.723,129.655,0.0,76.853
2024-10-07,0.7255,295.7122,96.26,2.8704,203.339,216.345,0.0,134.24
2024-10-06,0.75,296.8359,96.63,2.1602,281.187,279.752,0.0,172.973
2024-10-05,0.7473,296.7119,96.59,0.0285,248.765,228.502,0.0,122.757
2024-10-04,0.7091,294.9612,96.02,0.1516,231.401,208.824,0.0,117.652
2024-10-03,0.6664,293.0106,95.38,5.281,188.94,212.47,0.0,157.928
2024-10-02,0.7109,295.0436,96.04,0.0,292.093,285.37,0.0,234.405
2024-10-01,0.6982,294.4627,95.85,0.0323,216.369,238.526,0.0,187.162
2024-09-30,0.74,296.377,96.48,0.0169,304.042,276.807,0.0,225.344
2024-09-29,0.6886,294.0239,95.71,0.0239,333.102,378.679,0.0,327.019
2024-09-28,0.7745,297.9618,96.99,0.2452,315.447,307.732,0.0,255.839
2024-09-27,0.76,297.2952,96.78,0.0504,362.323,328.587,0.0,276.981
2024-09-26,0.6964,294.3804,95.83,0.3307,253.068,273.257,0.0,221.798
2024-09-25,0.7345,296.1247,96.4,0.1124,482.954,481.999,0.0,430.278
2024-09-24,0.7327,296.0422,96.37,0.0751,944.178,962.563,0.0,910.217
2024-09-23,0.7673,297.6307,96.89,0.1442,2425.42,2593.905,0.0,2510.587
2024-09-22,1.08,312.1878,101.62,0.2305,4312.612,4354.039,0.0,4255.299
2024-09-21,1.1557,315.7671,102.79,117.9512,2670.625,2503.417,0.0,2454.143
2024-09-20,0.8473,301.3203,98.09,35.5761,497.378,412.717,0.0,362.516
2024-09-19,0.6882,294.0056,95.71,0.0186,149.82,110.019,0.0,39.994
2024-09-18,0.6127,290.5668,94.59,13.2336,186.971,267.239,0.0,153.262
2024-09-17,0.7645,297.502,96.84,0.2123,176.1,176.1,0.0,74.508
2024-09-16,0.7645,297.502,96.84,0.0466,160.103,161.114,0.0,86.636
2024-09-15,0.7664,297.5893,96.87,0.0208,205.878,218.446,0.0,122.63
2024-09-14,0.79,298.6752,97.23,0.0101,182.732,160.008,0.0,69.05
2024-09-13,0.7473,296.7119,96.59,0.1865,242.228,243.663,0.0,129.366
2024-09-12,0.75,296.8359,96.63,4.0926,351.014,381.05,0.0,300.287
2024-09-11,0.8064,299.431,97.47,16.84,187.091,96.49,0.0,27.54
2024-09-10,0.6355,291.6031,94.92,0.0,119.358,124.098,0.0,46.255
2024-09-09,0.6445,292.0127,95.06,0.0278,195.417,259.482,0.0,167.155
2024-09-08,0.7655,297.5479,96.86,0.4628,234.509,233.977,0.0,90.629
2024-09-07,0.7645,297.502,96.84,2.9906,263.172,239.54,0.0,122.785
2024-09-06,0.72,295.4602,96.18,10.0115,133.904,104.548,0.0,41.353
2024-09-05,0.6645,292.9239,95.35,0.1096,132.75,167.408,0.0,56.288
2024-09-04,0.73,295.9184,96.33,0.009,122.78,128.566,0.0,46.867
2024-09-03,0.7409,296.4183,96.49,0.1224,146.683,114.9,0.0,46.855
2024-09-02,0.6809,293.6722,95.6,0.0911,171.354,205.048,0.0,118.883
2024-09-01,0.7445,296.5834,96.54,0.0108,264.903,283.784,0.0,154.492
2024-08-31,0.78,298.2148,97.08,0.0405,170.572,191.912,0.0,63.68
2024-08-30,0.82,300.0586,97.68,0.1946,203.462,182.122,0.0,67.438
2024-08-29,0.78,298.2148,97.08,1.9846,144.792,133.669,0.0,30.574
2024-08-28,0.7591,297.2538,96.76,0.1633,266.738,254.201,0.0,123.349
2024-08-27,0.7355,296.1706,96.41,3.3302,225.018,169.259,0.0,74.307
2024-08-26,0.63,291.353,94.84,4.955,270.545,294.007,0.0,180.306
2024-08-25,0.6745,293.3801,95.5,3.9427,325.501,388.227,0.0,266.786
2024-08-24,0.7927,298.7996,97.27,1.649,327.095,347.012,0.0,251.653
2024-08-23,0.83,300.5204,97.83,0.2684,253.189,253.189,0.0,131.952
2024-08-22,0.83,300.5204,97.83,3.0124,242.293,189.029,0.0,103.599
2024-08-21,0.73,295.9184,96.33,12.8339,252.736,240.228,0.0,134.339
2024-08-20,0.7064,294.8377,95.98,5.9234,227.563,254.092,0.0,154.328
2024-08-19,0.7564,297.1298,96.72,0.5459,274.466,236.879,0.0,136.215
2024-08-18,0.6855,293.8823,95.67,0.1017,476.972,521.793,0.0,424.202
2024-08-17,0.77,297.7548,96.93,2.0476,115.049,109.729,0.0,46.437
2024-08-16,0.76,297.2952,96.78,0.5911,78.129,82.492,0.0,19.802
2024-08-15,0.7682,297.6721,96.9,1.9842,131.354,126.992,0.0,44.063
2024-08-14,0.76,297.2952,96.78,0.6792,172.669,156.734,0.0,55.877
2024-08-13,0.73,295.9184,96.33,0.0149,158.576,95.217,0.0,25.23
2024-08-12,0.61,290.4442,94.55,0.463,339.485,415.376,0.0,280.413
2024-08-11,0.7536,297.0012,96.68,0.0134,206.861,220.907,0.0,88.3
2024-08-10,0.78,298.2148,97.08,0.0007,233.355,247.912,0.0,138.225
2024-08-09,0.8073,299.4726,97.48,0.1506,242.923,180.601,0.0,75.496
2024-08-08,0.69,294.0879,95.73,2.9543,288.352,261.963,0.0,172.226
2024-08-07,0.64,291.8079,94.99,0.5547,316.059,358.331,0.0,244.301
2024-08-06,0.72,295.4602,96.18,0.9024,594.608,562.878,0.0,451.642
2024-08-05,0.66,292.7188,95.29,14.2318,448.106,466.861,0.0,331.8
2024-08-04,0.6955,294.3392,95.81,3.5767,301.289,327.794,0.0,209.768
2024-08-03,0.7455,296.6293,96.56,0.4468,297.113,304.82,0.0,169.75
2024-08-02,0.76,297.2952,96.78,0.2655,192.311,179.773,0.0,65.613
2024-08-01,0.7364,296.2119,96.42,0.1112,226.907,250.089,0.0,105.045
2024-07-31,0.78,298.2148,97.08,0.0552,306.545,285.274,0.0,103.735
2024-07-30,0.74,296.377,96.48,0.0633,314.89,299.934,0.0,134.479
2024-07-29,0.7118,295.0848,96.06,0.1244,426.172,435.82,0.0,277.425
2024-07-28,0.73,295.9184,96.33,0.0897,422.161,416.857,0.0,268.838
2024-07-27,0.72,295.4602,96.18,5.3924,309.311,327.624,0.0,193.492
2024-07-26,0.7545,297.0425,96.69,1.4736,430.026,411.712,0.0,275.782
2024-07-25,0.72,295.4602,96.18,0.9452,469.039,506.249,0.0,380.479
2024-07-24,0.79,298.6752,97.23,8.5209,606.197,648.979,0.0,516.484
2024-07-23,0.87,302.3716,98.43,0.5054,594.039,482.317,0.0,360.039
2024-07-22,0.66,292.7188,95.29,0.0627,797.979,855.787,0.0,740.3
2024-07-21,0.7691,297.7134,96.91,5.1112,1326.204,1292.867,0.0,1190.695
2024-07-20,0.7063,294.8331,95.97,11.8561,1270.104,1193.085,0.0,1082.674
2024-07-19,0.56,288.1787,93.81,3.7391,1415.698,1410.466,0.0,1308.086
2024-07-18,0.55,287.7267,93.66,8.6579,1685.729,1642.622,0.0,1531.667
2024-07-17,0.4673,284.0022,92.45,0.7622,1501.536,1618.269,0.0,1464.99
2024-07-16,0.69,294.0879,95.73,22.6599,1245.695,1225.524,0.0,1075.74
2024-07-15,0.6518,292.3451,95.16,0.4629,1698.98,1661.233,0.0,1523.611
2024-07-14,0.58,289.0838,94.1,5.6798,1788.915,1815.178,0.0,1685.365
2024-07-13,0.63,291.353,94.84,0.2429,2166.045,2169.045,0.0,2053.498
2024-07-12,0.6357,291.6122,94.93,0.4404,3030.045,3259.083,0.0,3121.99
2024-07-11,1.0633,311.4011,101.37,1.9191,5046.899,5045.701,0.0,4862.937
2024-07-10,1.0611,311.2976,101.33,57.8241,3466.176,3416.73,0.0,3244.677
2024-07-09,0.97,307.0254,99.94,52.7041,2335.25,2263.546,0.0,2188.3
2024-07-08,0.8367,300.8301,97.93,46.6925,1643.684,1581.056,0.0,1491.776
2024-07-07,0.7191,295.419,96.17,12.8038,216.374,225.073,0.0,125.218
2024-07-06,0.7355,296.1706,96.41,0.0118,310.998,313.387,0.0,201.571
2024-07-05,0.74,296.377,96.48,2.7334,590.748,560.87,0.0,452.049
2024-07-04,0.6836,293.7955,95.64,0.0175,1039.642,948.515,0.0,850.977
2024-07-03,0.51,285.9222,93.07,10.1554,1635.997,1630.786,0.0,1534.529
2024-07-02,0.5,285.4719,92.93,31.6192,1131.392,1213.843,0.0,1107.243
2024-07-01,0.6573,292.5957,95.25,0.0245,961.515,899.932,0.0,800.765
2024-06-30,0.54,287.275,93.51,29.5475,1423.022,1466.379,0.0,1352.956
2024-06-29,0.6227,291.0211,94.73,34.3337,232.172,294.161,0.0,177.532
2024-06-28,0.74,296.377,96.48,0.026,154.735,134.484,0.0,46.421
2024-06-27,0.7018,294.6273,95.91,0.3061,125.853,106.666,0.0,21.623
2024-06-26,0.6655,292.9695,95.37,0.0,260.758,325.357,0.0,199.192
2024-06-25,0.7873,298.5509,97.18,0.0193,276.866,283.638,0.0,174.528
2024-06-24,0.8,299.136,97.38,1.6184,238.081,200.841,0.0,88.138
2024-06-23,0.73,295.9184,96.33,1.5367,424.759,412.409,0.0,314.0
2024-06-22,0.7067,294.8514,95.98,21.9422,295.674,298.852,0.0,206.026
2024-06-21,0.7127,295.126,96.07,0.0005,198.517,212.996,0.0,124.36
2024-06-20,0.74,296.377,96.48,0.318,208.211,206.3,0.0,91.94
2024-06-19,0.7364,296.2119,96.42,0.0,324.551,348.693,0.0,234.665
2024-06-18,0.7818,298.2977,97.1,0.0204,332.947,311.195,0.0,152.785
2024-06-17,0.7409,296.4183,96.49,0.0062,355.168,317.628,0.0,171.335
2024-06-16,0.67,293.1748,95.43,0.1031,559.743,570.787,0.0,430.125
2024-06-15,0.6909,294.129,95.75,10.3672,306.91,309.343,0.0,170.139
2024-06-14,0.6955,294.3392,95.81,0.0006,433.925,446.422,0.0,304.599
2024-06-13,0.7191,295.419,96.17,0.0029,312.659,303.971,0.0,218.142
2024-06-12,0.7027,294.6684,95.92,0.021,200.578,246.953,0.0,116.135
2024-06-11,0.79,298.6752,97.23,0.0349,268.952,302.941,0.0,180.45
2024-06-10,0.8536,301.6119,98.18,0.0008,312.424,243.611,0.0,127.141
2024-06-09,0.7245,295.6664,96.25,0.9284,443.216,461.589,0.0,348.542
2024-06-08,0.7591,297.2538,96.76,12.8201,329.274,289.247,0.0,194.762
2024-06-07,0.6836,293.7955,95.64,0.0,302.514,300.612,0.0,185.621
2024-06-06,0.68,293.6312,95.58,0.0,203.642,212.314,0.0,90.797
2024-06-05,0.6964,294.3804,95.83,0.0627,258.207,275.531,0.0,180.435
2024-06-04,0.7291,295.8772,96.31,0.0278,350.843,314.288,0.0,213.409
2024-06-03,0.66,292.7188,95.29,0.0724,288.784,276.819,0.0,177.215
2024-06-02,0.6373,291.685,94.95,0.4264,320.441,337.684,0.0,233.994
2024-06-01,0.67,293.1748,95.43,0.0,217.475,217.475,0.0,128.009
2024-05-31,0.67,293.1748,95.43,0.0596,182.651,166.831,0.0,85.701
2024-05-30,0.64,291.8079,94.99,0.0672,180.863,201.966,0.0,100.484
2024-05-29,0.68,293.6312,95.58,0.0,287.871,282.589,0.0,161.551
2024-05-28,0.67,293.1748,95.43,0.02,187.165,256.641,0.0,160.553
2024-05-27,0.8009,299.1775,97.39,0.4331,247.143,185.328,0.0,94.871
2024-05-26,0.6845,293.8366,95.65,11.4972,331.97,311.386,0.0,211.838
2024-05-25,0.6455,292.0582,95.07,0.0,342.559,344.931,0.0,246.127
2024-05-24,0.65,292.2632,95.14,0.0,390.768,382.602,0.0,271.032
2024-05-23,0.6345,291.5576,94.91,0.0,269.708,298.993,0.0,173.75
2024-05-22,0.69,294.0879,95.73,0.0004,246.613,257.198,0.0,131.08
2024-05-21,0.71,295.0024,96.03,0.0005,239.214,265.751,0.0,138.367
2024-05-20,0.76,297.2952,96.78,0.0146,344.486,339.17,0.0,213.417
2024-05-19,0.75,296.8359,96.63,0.01,263.927,285.215,0.0,153.872
2024-05-18,0.79,298.6752,97.23,0.0,346.808,293.714,0.0,156.542
2024-05-17,0.69,294.0879,95.73,0.0472,395.754,428.038,0.0,298.373
2024-05-16,0.7509,296.8772,96.64,4.9623,334.274,343.952,0.0,223.555
2024-05-15,0.7691,297.7134,96.91,12.5107,254.259,248.461,0.0,166.308
2024-05-14,0.7582,297.2125,96.75,0.0,222.145,228.422,0.0,140.146
2024-05-13,0.77,297.7548,96.93,0.039,386.617,360.059,0.0,277.581
2024-05-12,0.72,295.4602,96.18,5.4413,661.311,699.002,0.0,624.551
2024-05-11,0.7909,298.7167,97.24,5.2637,559.49,564.343,0.0,471.952
2024-05-10,0.8,299.136,97.38,0.0241,591.04,585.707,0.0,452.807
2024-05-09,0.79,298.6752,97.23,0.0322,731.248,721.074,0.0,646.53
2024-05-08,0.7709,297.7962,96.94,0.6228,1105.48,1023.909,0.0,945.632
2024-05-07,0.6167,290.7485,94.65,8.4639,1565.59,1649.024,0.0,1569.754
2024-05-06,0.7744,297.9572,96.99,11.4212,2328.656,2265.653,0.0,2130.382
2024-05-05,0.6555,292.5137,95.22,34.2305,382.415,464.399,0.0,366.382
2024-05-04,0.81,299.5971,97.53,0.0,367.483,337.438,0.0,257.845
2024-05-03,0.7536,297.0012,96.68,0.0105,273.746,255.91,0.0,182.918
2024-05-02,0.72,295.4602,96.18,0.0501,366.251,366.251,0.0,293.377
2024-05-01,0.72,295.4602,96.18,2.7528,450.44,487.65,0.0,412.793
2024-04-30,0.79,298.6752,97.23,1.2484,349.111,338.458,0.0,264.515
2024-04-29,0.77,297.7548,96.93,10.4009,342.908,328.394,0.0,258.952
2024-04-28,0.7427,296.5008,96.52,0.0,318.883,337.762,0.0,260.549
2024-04-27,0.7782,298.132,97.05,0.0,348.329,349.287,0.0,248.647
2024-04-26,0.78,298.2148,97.08,0.0,238.126,223.601,0.0,144.187
2024-04-25,0.7527,296.9599,96.67,0.1004,325.343,302.687,0.0,221.645
2024-04-24,0.71,295.0024,96.03,2.667,235.797,219.186,0.0,141.706
2024-04-23,0.6786,293.5672,95.56,2.8418,339.511,339.776,0.0,266.143
2024-04-22,0.6791,293.5901,95.57,0.024,375.047,373.62,0.0,307.65
2024-04-21,0.6764,293.4668,95.53,1.0033,458.603,449.945,0.0,388.888
2024-04-20,0.66,292.7188,95.29,7.6741,311.722,290.653,0.0,232.775
2024-04-19,0.62,290.8984,94.69,0.007,208.539,266.641,0.0,206.057
2024-04-18,0.73,295.9184,96.33,0.0,254.106,254.106,0.0,202.368
2024-04-17,0.73,295.9184,96.33,0.0,290.49,273.164,0.0,221.416
2024-04-16,0.6973,294.4215,95.84,0.3829,383.713,358.732,0.0,287.628
2024-04-15,0.65,292.2632,95.14,15.4846,352.209,406.09,0.0,341.243
2024-04-14,0.7518,296.9185,96.65,0.0005,306.046,299.778,0.0,251.178
2024-04-13,0.74,296.377,96.48,0.0,250.853,277.453,0.0,218.662
2024-04-12,0.79,298.6752,97.23,0.0034,273.839,252.551,0.0,171.518
2024-04-11,0.75,296.8359,96.63,0.0,306.868,345.61,0.0,271.977
2024-04-10,0.8227,300.1832,97.72,0.0,338.789,299.091,0.0,215.934
2024-04-09,0.7482,296.7533,96.6,0.0,414.738,413.781,0.0,336.241
2024-04-08,0.7464,296.6706,96.57,0.0,436.898,416.637,0.0,333.664
2024-04-07,0.7082,294.9201,96.0,0.0,379.771,382.632,0.0,311.447
2024-04-06,0.7136,295.1672,96.08,0.0,589.597,544.03,0.0,493.094
2024-04-05,0.6273,291.2302,94.8,0.0139,982.754,980.807,0.0,930.836
2024-04-04,0.6236,291.062,94.75,0.1712,1505.987,1497.891,0.0,1446.379
2024-04-03,0.6082,290.3625,94.52,27.5717,851.516,875.886,0.0,824.196
2024-04-02,0.6545,292.4681,95.2,2.5627,391.232,451.941,0.0,401.028
2024-04-01,0.7691,297.7134,96.91,0.0153,385.733,372.176,0.0,320.528
2024-03-31,0.7436,296.5421,96.53,0.0263,509.524,518.24,0.0,489.234
2024-03-30,0.76,297.2952,96.78,0.7348,1022.713,1076.105,0.0,1047.943
2024-03-29,0.86,301.9082,98.28,0.0811,1666.837,1612.488,0.0,1584.892
2024-03-28,0.7582,297.2125,96.75,30.1633,466.013,456.343,0.0,429.535
2024-03-27,0.74,296.377,96.48,0.0018,387.124,394.827,0.0,343.774
2024-03-26,0.7545,297.0425,96.69,15.6668,385.664,395.931,0.0,344.507
2024-03-25,0.7738,297.9296,96.98,10.8398,259.358,260.742,0.0,205.273
2024-03-24,0.7764,298.0492,97.02,0.6221,270.258,253.824,0.0,226.728
2024-03-23,0.7455,296.6293,96.56,0.5887,214.203,195.373,0.0,159.727
2024-03-22,0.71,295.0024,96.03,2.0086,158.646,190.502,0.0,161.493
2024-03-21,0.77,297.7548,96.93,0.0,131.939,115.992,0.0,86.891
2024-03-20,0.74,296.377,96.48,0.1155,122.8,133.428,0.0,104.125
2024-03-19,0.76,297.2952,96.78,0.1596,178.271,167.644,0.0,138.418
2024-03-18,0.74,296.377,96.48,0.0,145.485,161.432,0.0,132.188
2024-03-17,0.77,297.7548,96.93,0.0004,175.406,156.062,0.0,126.938
2024-03-16,0.7336,296.0835,96.38,0.0,144.561,149.391,0.0,120.368
2024-03-15,0.7427,296.5008,96.52,0.0175,215.071,248.985,0.0,220.25
2024-03-14,0.8064,299.431,97.47,0.0,234.61,200.695,0.0,165.25
2024-03-13,0.7427,296.5008,96.52,0.0308,226.311,219.57,0.0,161.756
2024-03-12,0.73,295.9184,96.33,0.5503,224.685,217.474,0.0,157.296
2024-03-11,0.7164,295.2954,96.13,0.1879,258.679,259.686,0.0,200.952
2024-03-10,0.7183,295.3824,96.15,0.0103,267.011,283.834,0.0,223.421
2024-03-09,0.75,296.8359,96.63,0.0,254.025,259.341,0.0,197.905
2024-03-08,0.76,297.2952,96.78,0.0644,276.246,254.054,0.0,222.479
2024-03-07,0.7182,295.3778,96.15,0.2235,338.745,362.372,0.0,333.236
2024-03-06,0.7627,297.4192,96.82,0.0604,337.953,298.92,0.0,269.763
2024-03-05,0.6891,294.0468,95.72,7.9257,364.838,381.675,0.0,352.525
2024-03-04,0.7209,295.5015,96.19,0.0388,366.201,402.934,0.0,373.808
2024-03-03,0.79,298.6752,97.23,0.0959,366.791,345.025,0.0,315.881
2024-03-02,0.7491,296.7946,96.61,0.0,381.934,396.455,0.0,367.311
2024-03-01,0.7764,298.0492,97.02,0.0746,465.484,478.063,0.0,448.913
2024-02-29,0.8,299.136,97.38,4.392,441.044,409.111,0.0,381.018
2024-02-28,0.74,296.377,96.48,0.0004,463.892,511.848,0.0,446.929
2024-02-27,0.83,300.5204,97.83,0.0102,505.243,426.932,0.0,377.015
2024-02-26,0.6827,293.7544,95.62,0.0559,337.965,347.115,0.0,306.125
2024-02-25,0.7,294.545,95.88,2.2007,387.656,367.469,0.0,320.921
2024-02-24,0.6618,292.8008,95.31,1.1601,686.07,700.966,0.0,645.786
2024-02-23,0.69,294.0879,95.73,0.2466,1019.832,962.859,0.0,913.679
2024-02-22,0.5818,289.1654,94.13,3.484,1017.632,1006.212,0.0,977.723
2024-02-21,0.56,288.1787,93.81,9.8701,839.017,864.503,0.0,835.808
2024-02-20,0.6086,290.3807,94.53,5.5256,1083.405,1140.765,0.0,1111.622
2024-02-19,0.7173,295.3366,96.14,23.1684,978.838,937.997,0.0,908.916
2024-02-18,0.64,291.8079,94.99,14.4677,228.319,244.14,0.0,215.347
2024-02-17,0.67,293.1748,95.43,0.0,208.172,227.419,0.0,198.329
2024-02-16,0.7064,294.8377,95.98,0.0118,136.296,159.423,0.0,130.602
2024-02-15,0.75,296.8359,96.63,0.3956,188.356,184.001,0.0,155.401
2024-02-14,0.7418,296.4596,96.5,1.1543,177.457,192.448,0.0,163.865
2024-02-13,0.77,297.7548,96.93,0.0073,202.402,176.322,0.0,132.369
2024-02-12,0.7209,295.5015,96.19,0.0,158.624,148.506,0.0,99.137
2024-02-11,0.7018,294.6273,95.91,0.0004,202.5,217.444,0.0,181.414
2024-02-10,0.73,295.9184,96.33,0.005,235.139,243.367,0.0,201.005
2024-02-09,0.7455,296.6293,96.56,0.0,257.878,260.269,0.0,219.478
2024-02-08,0.75,296.8359,96.63,0.0161,223.532,228.848,0.0,200.141
2024-02-07,0.76,297.2952,96.78,0.0442,198.569,187.942,0.0,158.788
2024-02-06,0.74,296.377,96.48,0.4777,199.837,178.157,0.0,149.016
2024-02-05,0.6991,294.5038,95.87,11.781,193.755,177.897,0.0,148.73
2024-02-04,0.6691,293.1337,95.42,2.0565,141.928,116.056,0.0,87.349
2024-02-03,0.62,290.8984,94.69,2.5626,98.991,126.764,0.0,97.784
2024-02-02,0.6727,293.298,95.47,0.004,70.142,115.449,0.0,86.281
2024-02-01,0.7582,297.2125,96.75,0.2356,163.629,164.586,0.0,135.456
2024-01-31,0.76,297.2952,96.78,0.1103,164.137,178.671,0.0,149.549
2024-01-30,0.7873,298.5509,97.18,0.0,162.57,143.199,0.0,114.272
2024-01-29,0.7509,296.8772,96.64,0.0,169.579,174.417,0.0,145.688
2024-01-28,0.76,297.2952,96.78,0.0,165.101,170.421,0.0,143.057
2024-01-27,0.77,297.7548,96.93,0.0114,142.791,143.27,0.0,114.943
2024-01-26,0.7709,297.7962,96.94,0.0076,170.33,169.851,0.0,141.164
2024-01-25,0.77,297.7548,96.93,0.0076,152.943,151.986,0.0,123.618
2024-01-24,0.7682,297.6721,96.9,0.0132,155.022,129.9,0.0,101.585
2024-01-23,0.7209,295.5015,96.19,0.5138,176.202,183.415,0.0,154.281
2024-01-22,0.7345,296.1247,96.4,0.7158,168.897,177.128,0.0,148.1
2024-01-21,0.75,296.8359,96.63,0.6514,228.392,223.559,0.0,194.43
2024-01-20,0.7409,296.4183,96.49,13.0348,132.859,119.863,0.0,90.719
2024-01-19,0.7164,295.2954,96.13,0.0718,106.379,99.229,0.0,70.057
2024-01-18,0.7029,294.6776,95.92,4.0398,132.133,140.237,0.0,111.064
2024-01-17,0.7182,295.3778,96.15,1.9672,94.562,122.074,0.0,92.921
2024-01-16,0.77,297.7548,96.93,0.006,123.596,130.358,0.0,101.418
2024-01-15,0.7827,298.3391,97.12,0.0296,120.917,124.807,0.0,96.189
2024-01-14,0.79,298.6752,97.23,0.7565,126.226,94.318,0.0,65.781
2024-01-13,0.73,295.9184,96.33,0.0183,139.314,121.988,0.0,75.395
2024-01-12,0.6973,294.4215,95.84,0.0,120.89,122.319,0.0,69.713
2024-01-11,0.7,294.545,95.88,0.019,106.928,122.824,0.0,58.062
2024-01-10,0.73,295.9184,96.33,0.4686,119.313,119.313,0.0,90.68
2024-01-09,0.73,295.9184,96.33,1.5545,116.998,132.933,0.0,103.833
2024-01-08,0.76,297.2952,96.78,0.0102,109.309,103.993,0.0,74.961
2024-01-07,0.75,296.8359,96.63,0.0345,107.158,107.158,0.0,78.024
2024-01-06,0.75,296.8359,96.63,0.0077,129.281,129.281,0.0,100.16
2024-01-05,0.75,296.8359,96.63,0.0,118.171,128.807,0.0,99.684
2024-01-04,0.77,297.7548,96.93,0.0008,131.342,110.087,0.0,80.946
2024-01-03,0.73,295.9184,96.33,1.19,150.425,184.731,0.0,155.596
2024-01-02,0.7945,298.8825,97.29,0.0186,204.279,182.027,0.0,152.906
2024-01-01,0.7527,296.9599,96.67,0.0359,181.244,204.99,0.0,176.114
2023-12-31,0.7973,299.0115,97.33,1.2438,199.383,184.837,0.0,145.91
2023-12-30,0.77,297.7548,96.93,0.2589,177.507,188.16,0.0,146.622
2023-12-29,0.79,298.6752,97.23,0.0,212.816,202.163,0.0,146.208
2023-12-28,0.77,297.7548,96.93,0.0419,205.594,189.647,0.0,141.558
2023-12-27,0.74,296.377,96.48,0.0067,197.974,216.849,0.0,177.55
2023-12-26,0.7755,298.0078,97.01,0.0452,213.673,205.425,0.0,166.16
2023-12-25,0.76,297.2952,96.78,0.021,236.866,242.186,0.0,213.062
2023-12-24,0.77,297.7548,96.93,0.0025,262.822,258.937,0.0,229.826
2023-12-23,0.7627,297.4192,96.82,0.0046,273.091,275.059,0.0,245.904
2023-12-22,0.7664,297.5893,96.87,0.0124,249.707,253.113,0.0,223.969
2023-12-21,0.7728,297.8836,96.97,0.0281,280.476,271.167,0.0,242.029
2023-12-20,0.7553,297.0793,96.71,0.0589,383.547,379.668,0.0,350.522
2023-12-19,0.748,296.7441,96.6,0.0083,297.047,236.913,0.0,207.92
2023-12-18,0.6343,291.5485,94.91,0.009,322.782,395.785,0.0,367.158
2023-12-17,0.7722,297.856,96.96,0.0335,801.379,755.863,0.0,728.792
2023-12-16,0.6864,293.9234,95.68,0.6034,1782.47,1835.282,0.0,1808.593
2023-12-15,0.7859,298.4864,97.16,31.0365,1050.992,978.964,0.0,940.201
2023-12-14,0.65,292.2632,95.14,22.2137,201.203,209.642,0.0,180.731
2023-12-13,0.666,292.9923,95.38,0.0155,231.017,220.1,0.0,173.6
2023-12-12,0.6453,292.0491,95.07,0.6255,324.241,372.155,0.0,337.919
2023-12-11,0.7359,296.1889,96.42,33.4525,165.807,177.441,0.0,143.551
2023-12-10,0.7578,297.1941,96.74,0.0332,97.766,103.085,0.0,73.951
2023-12-09,0.7678,297.6537,96.89,0.0,114.571,100.166,0.0,71.023
2023-12-08,0.7407,296.4091,96.49,0.0,100.884,113.958,0.0,86.039
2023-12-07,0.7653,297.5387,96.86,0.0371,61.272,70.642,0.0,42.836
2023-12-06,0.7829,298.3483,97.12,1.8147,77.121,54.039,0.0,24.901
2023-12-05,0.7395,296.354,96.47,0.006,115.282,61.085,0.0,32.068
2023-12-04,0.637,291.6714,94.95,0.0069,81.284,81.811,0.0,53.15
2023-12-03,0.638,291.7169,94.96,0.0,108.422,105.527,0.0,76.689
2023-12-02,0.6325,291.4667,94.88,0.0,95.576,132.104,0.0,94.499
2023-12-01,0.7017,294.6227,95.91,0.0,120.533,160.617,0.0,111.847
2023-11-30,0.7772,298.086,97.03,0.0102,110.826,102.417,0.0,51.673
2023-11-29,0.7614,297.3595,96.8,0.0987,101.945,86.327,0.0,41.709
2023-11-28,0.732,296.0101,96.36,0.0211,82.233,90.622,0.0,48.086
2023-11-27,0.7478,296.7349,96.59,0.9221,96.148,90.466,0.0,37.037
2023-11-26,0.7371,296.244,96.43,0.0883,100.464,116.088,0.0,62.107
2023-11-25,0.7665,297.5939,96.87,0.0,82.684,86.623,0.0,57.486
2023-11-24,0.7739,297.9342,96.98,0.0,90.357,91.209,0.0,62.076
2023-11-23,0.7755,298.0078,97.01,0.0,76.248,127.238,0.0,98.805
2023-11-22,0.8709,302.4133,98.44,0.0,109.344,103.498,0.0,73.669
2023-11-21,0.86,301.9082,98.28,0.0545,87.788,87.788,0.0,58.052
2023-11-20,0.86,301.9082,98.28,0.0,115.216,110.822,0.0,81.142
2023-11-19,0.8518,301.5286,98.15,0.0312,130.254,127.844,0.0,98.104
2023-11-18,0.8473,301.3203,98.09,0.3279,142.841,135.509,0.0,105.865
2023-11-17,0.8336,300.6868,97.88,0.3728,153.675,162.935,0.0,125.009
2023-11-16,0.8509,301.4869,98.14,7.2891,112.851,92.901,0.0,55.37
2023-11-15,0.8136,299.7632,97.58,0.0935,163.483,128.646,0.0,79.48
2023-11-14,0.7482,296.7533,96.6,0.0,162.17,144.29,0.0,95.792
2023-11-13,0.7145,295.2084,96.1,0.0001,117.778,135.711,0.0,86.65
2023-11-12,0.7483,296.7578,96.6,0.0,144.337,145.187,0.0,102.914
2023-11-11,0.7499,296.8313,96.63,0.0199,157.796,148.503,0.0,119.523
2023-11-10,0.7324,296.0284,96.36,7.3422,237.573,226.439,0.0,197.582
2023-11-09,0.7114,295.0665,96.05,2.2542,129.417,136.625,0.0,107.471
2023-11-08,0.725,295.6893,96.25,0.0316,202.617,198.005,0.0,169.05
2023-11-07,0.7163,295.2908,96.12,0.0389,285.649,279.399,0.0,250.252
2023-11-06,0.7045,294.7508,95.95,14.9843,350.031,334.167,0.0,305.03
2023-11-05,0.6745,293.3801,95.5,5.5764,175.613,204.408,0.0,175.232
2023-11-04,0.7289,295.868,96.31,1.5512,202.013,228.643,0.0,199.665
2023-11-03,0.779,298.1688,97.06,0.0121,109.895,139.252,0.0,109.884
2023-11-02,0.834,300.7053,97.89,0.0493,89.66,98.76,0.0,69.381
2023-11-01,0.851,301.4915,98.14,0.0237,72.946,59.034,0.0,22.153
2023-10-31,0.825,300.2895,97.75,0.1631,148.894,143.23,0.0,75.504
2023-10-30,0.8144,299.8001,97.59,0.0196,150.623,155.806,0.0,88.464
2023-10-29,0.8241,300.2479,97.74,0.0098,152.104,158.896,0.0,91.295
2023-10-28,0.8368,300.8347,97.93,0.054,147.052,131.393,0.0,80.444
2023-10-27,0.8075,299.4818,97.49,0.066,162.315,164.183,0.0,113.123
2023-10-26,0.811,299.6432,97.54,0.4719,154.569,155.103,0.0,104.659
2023-10-25,0.812,299.6894,97.56,0.0354,123.884,140.994,0.0,88.915
2023-10-24,0.844,301.1677,98.04,0.0431,158.946,167.678,0.0,115.331
2023-10-23,0.8603,301.9221,98.28,0.0389,137.143,148.463,0.0,96.036
2023-10-22,0.8814,302.9002,98.6,0.034,168.692,130.141,0.0,77.944
2023-10-21,0.8094,299.5694,97.52,0.0404,137.365,180.697,0.0,128.206
2023-10-20,0.8903,303.3133,98.74,3.1477,176.684,173.138,0.0,121.504
2023-10-19,0.8837,303.0069,98.64,1.7239,171.271,180.783,0.0,120.424
2023-10-18,0.9014,303.8288,98.9,0.0495,147.104,114.163,0.0,62.475
2023-10-17,0.84,300.9827,97.98,0.021,194.129,191.507,0.0,140.406
2023-10-16,0.8351,300.7561,97.9,0.019,230.549,226.11,0.0,175.419
2023-10-15,0.8268,300.3726,97.78,0.0895,256.158,260.062,0.0,209.093
2023-10-14,0.8341,300.7099,97.89,1.2699,172.881,179.357,0.0,128.062
2023-10-13,0.8462,301.2694,98.07,0.0048,213.272,225.492,0.0,173.575
2023-10-12,0.869,302.3252,98.41,0.1452,198.556,230.011,0.0,177.486
2023-10-11,0.9275,305.0429,99.3,0.1164,252.413,189.969,0.0,137.536
2023-10-10,0.8111,299.6478,97.54,0.0678,242.184,270.222,0.0,217.773
2023-10-09,0.8635,302.0703,98.33,0.0959,219.841,230.627,0.0,178.112
2023-10-08,0.8836,303.0023,98.63,0.0946,260.789,279.289,0.0,226.537
2023-10-07,0.918,304.6007,99.15,0.0833,321.545,274.319,0.0,211.055
2023-10-06,0.83,300.5204,97.83,0.0,374.139,379.275,0.0,322.281
2023-10-05,0.8396,300.9642,97.97,0.0094,415.86,382.282,0.0,327.826
2023-10-04,0.7767,298.063,97.03,0.338,353.883,379.812,0.0,325.938
2023-10-03,0.8253,300.3033,97.76,0.4719,376.394,364.697,0.0,312.482
2023-10-02,0.8034,299.2927,97.43,0.0873,401.303,418.776,0.0,367.805
2023-10-01,0.8361,300.8024,97.92,0.1035,499.393,491.212,0.0,440.529
2023-09-30,0.8208,300.0955,97.69,4.0904,467.239,465.368,0.0,414.697
2023-09-29,0.8173,299.9339,97.64,0.0235,593.846,604.753,0.0,555.261
2023-09-28,0.8377,300.8763,97.94,0.0776,977.851,852.96,0.0,803.732
2023-09-27,0.6021,290.0857,94.43,0.7565,1288.956,1185.378,0.0,1135.873
2023-09-26,0.4033,281.1365,91.52,21.7047,670.682,916.565,0.0,865.27
2023-09-25,0.8702,302.3808,98.43,1.7838,819.907,769.772,0.0,718.148
2023-09-24,0.7764,298.0492,97.02,0.0232,1359.912,1273.364,0.0,1223.28
2023-09-23,0.6128,290.5714,94.59,0.0795,2340.658,2380.247,0.0,2331.647
2023-09-22,0.6879,293.9919,95.7,0.0762,3708.489,3817.772,0.0,3769.172
2023-09-21,0.8929,303.434,98.77,9.8599,3136.528,3167.125,0.0,3116.536
2023-09-20,0.9497,306.0776,99.63,59.2148,920.451,862.767,0.0,754.228
2023-09-19,0.8424,301.0937,98.01,0.2616,1180.044,1193.976,0.0,1089.058
2023-09-18,0.8684,302.2974,98.4,3.1803,1614.809,1488.138,0.0,1427.881
2023-09-17,0.63,291.353,94.84,16.9085,2385.095,2536.056,0.0,2459.543
2023-09-16,0.9136,304.396,99.09,25.8249,1151.99,1090.523,0.0,985.343
2023-09-15,0.7989,299.0853,97.36,16.1842,588.071,618.386,0.0,511.28
2023-09-14,0.8556,301.7045,98.21,16.2787,621.725,618.35,0.0,506.867
2023-09-13,0.8493,301.4129,98.12,8.6495,318.692,346.117,0.0,231.777
2023-09-12,0.9004,303.7824,98.89,0.1405,288.643,265.879,0.0,146.722
2023-09-11,0.858,301.8156,98.25,0.0116,327.518,328.59,0.0,212.915
2023-09-10,0.86,301.9082,98.28,0.0458,315.339,314.803,0.0,190.049
2023-09-09,0.859,301.8619,98.26,0.0115,345.391,361.33,0.0,219.887
2023-09-08,0.8887,303.239,98.71,0.0314,390.106,363.884,0.0,220.545
2023-09-07,0.8398,300.9734,97.97,0.0093,419.826,434.399,0.0,287.398
2023-09-06,0.867,302.2325,98.38,0.1153,490.622,451.849,0.0,328.143
2023-09-05,0.7945,298.8825,97.29,0.1107,689.983,736.376,0.0,619.514
2023-09-04,0.8812,302.8909,98.6,0.1042,866.487,909.15,0.0,796.314
2023-09-03,0.9604,306.577,99.8,1.7822,1768.269,1788.51,0.0,1720.442
2023-09-02,0.9978,308.3258,100.37,5.7433,3023.241,3150.882,0.0,3065.443
2023-09-01,1.2311,319.3539,103.96,3.1089,5606.203,5664.324,0.0,5534.978
2023-08-31,1.3359,324.3755,105.59,21.5108,5298.12,4962.287,0.0,4833.416
2023-08-30,0.7178,295.3595,96.15,68.3766,2934.555,2712.144,0.0,2657.776
2023-08-29,0.291,276.1432,89.89,17.2007,1151.022,1402.913,0.0,1302.882
2023-08-28,0.7733,297.9066,96.98,0.1869,827.147,796.978,0.0,643.048
2023-08-27,0.7165,295.3,96.13,3.126,866.024,847.132,0.0,708.955
2023-08-26,0.6808,293.6677,95.6,0.0,2001.403,1877.491,0.0,1751.05
2023-08-25,0.4441,282.9617,92.11,4.9391,2869.524,2997.188,0.0,2859.993
2023-08-24,0.6879,293.9919,95.7,55.3892,1338.827,1464.631,0.0,1303.74
2023-08-23,0.9236,304.8614,99.24,7.4783,403.592,383.041,0.0,238.644
2023-08-22,0.8854,303.0858,98.66,0.0215,405.877,422.172,0.0,303.998
2023-08-21,0.9157,304.4937,99.12,0.4204,549.591,509.221,0.0,415.363
2023-08-20,0.8405,301.0058,97.98,5.4682,423.485,432.269,0.0,316.514
2023-08-19,0.8569,301.7647,98.23,4.9316,585.246,552.528,0.0,449.055
2023-08-18,0.7957,298.9378,97.31,6.3609,348.851,370.859,0.0,265.657
2023-08-17,0.8369,300.8393,97.93,2.1097,510.523,530.135,0.0,426.319
2023-08-16,0.8735,302.5338,98.48,3.2973,418.637,432.55,0.0,338.17
2023-08-15,0.8994,303.7359,98.87,0.0038,669.336,598.887,0.0,496.605
2023-08-14,0.7677,297.6491,96.89,0.0,810.721,780.935,0.0,671.931
2023-08-13,0.7116,295.0756,96.05,0.0813,1768.843,1769.161,0.0,1636.311
2023-08-12,0.7122,295.1031,96.06,0.0999,5007.34,5267.452,0.0,5134.859
2023-08-11,1.1938,317.5768,103.38,0.9293,8470.007,8466.76,0.0,8268.625
2023-08-10,1.1879,317.2962,103.29,116.6165,5059.128,4796.969,0.0,4644.932
2023-08-09,0.7022,294.6456,95.91,40.8524,1042.205,1117.907,0.0,978.787
2023-08-08,0.8444,301.1862,98.04,0.1968,472.708,509.16,0.0,380.263
2023-08-07,0.9123,304.3356,99.07,0.8992,287.493,230.247,0.0,151.795
2023-08-06,0.8055,299.3895,97.46,0.5306,241.933,256.413,0.0,163.305
2023-08-05,0.8326,300.6406,97.87,0.0326,249.969,199.772,0.0,102.127
2023-08-04,0.7384,296.3036,96.45,0.0011,189.872,193.537,0.0,73.506
2023-08-03,0.7453,296.6202,96.56,0.2784,203.14,237.168,0.0,127.817
2023-08-02,0.8092,299.5602,97.51,1.117,236.076,195.783,0.0,99.564
2023-08-01,0.7335,296.0789,96.38,0.0161,309.365,325.73,0.0,206.407
2023-07-31,0.7643,297.4928,96.84,0.2688,260.96,292.154,0.0,170.366
2023-07-30,0.8228,300.1879,97.72,0.0283,335.943,307.57,0.0,167.537
2023-07-29,0.7696,297.7364,96.92,0.0069,489.961,469.769,0.0,320.163
2023-07-28,0.7316,295.9918,96.35,0.468,765.903,710.319,0.0,555.919
2023-07-27,0.6264,291.1893,94.79,0.387,1259.475,1318.244,0.0,1176.007
2023-07-26,0.7376,296.2669,96.44,26.332,1562.228,1548.97,0.0,1443.374
2023-07-25,0.7126,295.1214,96.07,9.9203,1941.378,1981.124,0.0,1908.94
2023-07-24,0.7874,298.5555,97.19,16.0593,1831.592,1843.061,0.0,1725.737
2023-07-23,0.8089,299.5464,97.51,4.5597,1728.03,1755.474,0.0,1621.104
2023-07-22,0.8602,301.9175,98.28,0.2805,2198.826,2231.444,0.0,2145.404
2023-07-21,0.9209,304.7357,99.2,1.2158,2707.09,2811.752,0.0,2741.244
2023-07-20,1.1137,313.7785,102.14,0.179,5773.595,5919.117,0.0,5785.417
2023-07-19,1.3769,326.3516,106.23,0.2422,7162.18,7078.757,0.0,6941.439
2023-07-18,1.2267,319.1439,103.89,75.6606,5221.892,5147.167,0.0,5010.486
2023-07-17,1.0906,312.6877,101.79,22.3149,7155.161,7221.666,0.0,7086.703
2023-07-16,1.2118,318.4337,103.66,18.8112,6737.933,6478.613,0.0,6307.29
2023-07-15,0.7324,296.0284,96.36,46.7502,3599.884,3375.318,0.0,3237.825
2023-07-14,0.3019,276.6259,90.05,58.0389,2297.642,2341.996,0.0,2247.01
2023-07-13,0.3881,280.4581,91.3,8.8883,2359.12,2377.526,0.0,2298.622
2023-07-12,0.4237,282.0484,91.81,5.0042,2715.461,2780.607,0.0,2662.027
2023-07-11,0.5489,287.677,93.65,31.0948,1404.31,1474.069,0.0,1331.479
2023-07-10,0.6816,293.7042,95.61,5.1565,1256.228,1281.802,0.0,1154.207
2023-07-09,0.7299,295.9138,96.33,1.9752,2177.372,2261.025,0.0,2147.873
2023-07-08,0.8866,303.1415,98.68,1.1447,2668.927,2735.98,0.0,2624.93
2023-07-07,1.0108,308.9349,100.57,46.2541,1397.128,1422.023,0.0,1340.089
2023-07-06,1.0566,311.0858,101.27,0.0302,1935.261,1937.004,0.0,1874.396
2023-07-05,1.0598,311.2364,101.31,19.4878,1897.918,1801.65,0.0,1688.345
2023-07-04,0.8818,302.9188,98.61,20.6629,578.497,525.012,0.0,408.889
2023-07-03,0.7818,298.2977,97.1,0.002,756.532,753.976,0.0,618.409
2023-07-02,0.777,298.0768,97.03,0.0226,1597.89,1400.582,0.0,1285.416
2023-07-01,0.4009,281.0294,91.48,0.2205,2749.454,2654.079,0.0,2552.33
2023-06-30,0.215,272.789,88.8,33.0197,2094.392,2302.362,0.0,2173.619
2023-06-29,0.6169,290.7576,94.65,26.0666,1395.485,1389.704,0.0,1237.523
2023-06-28,0.6059,290.2581,94.49,17.1693,1669.923,1655.231,0.0,1532.873
2023-06-27,0.5779,288.9887,94.07,23.5061,1311.463,1376.988,0.0,1229.043
2023-06-26,0.7023,294.6501,95.92,48.506,676.258,707.723,0.0,587.553
2023-06-25,0.7616,297.3687,96.8,4.9267,300.873,297.735,0.0,213.431
2023-06-24,0.7557,297.0976,96.71,0.011,213.289,220.469,0.0,136.673
2023-06-23,0.7692,297.718,96.91,0.0358,180.289,190.408,0.0,109.438
2023-06-22,0.7882,298.5923,97.2,0.7896,236.271,235.311,0.0,153.539
2023-06-21,0.7864,298.5094,97.17,14.0676,201.086,197.676,0.0,114.918
2023-06-20,0.78,298.2148,97.08,0.6343,169.383,158.739,0.0,81.836
2023-06-19,0.76,297.2952,96.78,0.0019,146.395,147.352,0.0,77.648
2023-06-18,0.7618,297.3779,96.8,0.0,203.629,183.342,0.0,98.45
2023-06-17,0.7236,295.6251,96.23,0.0,175.493,194.822,0.0,111.579
2023-06-16,0.76,297.2952,96.78,0.0438,240.177,250.821,0.0,138.856
2023-06-15,0.78,298.2148,97.08,1.6801,293.127,280.091,0.0,192.969
2023-06-14,0.7555,297.0885,96.71,12.1567,193.088,198.885,0.0,108.41
2023-06-13,0.7664,297.5893,96.87,1.6499,382.631,354.597,0.0,262.041
2023-06-12,0.7136,295.1672,96.08,6.4032,185.665,189.056,0.0,110.686
2023-06-11,0.72,295.4602,96.18,5.1262,167.338,174.552,0.0,99.551
2023-06-10,0.7336,296.0835,96.38,2.6914,138.127,148.749,0.0,75.629
2023-06-09,0.7536,297.0012,96.68,0.0409,172.064,168.716,0.0,91.243
2023-06-08,0.7473,296.7119,96.59,0.9059,146.97,159.04,0.0,94.885
2023-06-07,0.77,297.7548,96.93,0.0,189.343,190.195,0.0,103.578
2023-06-06,0.7716,297.8284,96.95,0.0004,201.913,177.738,0.0,79.589
2023-06-05,0.7261,295.7397,96.27,0.0007,268.221,297.455,0.0,201.799
2023-06-04,0.7811,298.2655,97.09,0.0,336.35,320.229,0.0,218.171
2023-06-03,0.7508,296.8726,96.64,0.0,405.044,410.786,0.0,300.602
2023-06-02,0.7616,297.3687,96.8,1.2443,501.695,485.864,0.0,366.548
2023-06-01,0.7318,296.0009,96.35,6.3204,397.922,425.463,0.0,305.536
2023-05-31,0.7836,298.3805,97.13,0.0509,613.643,603.475,0.0,493.768
2023-05-30,0.7645,297.502,96.84,0.2676,1793.918,1744.416,0.0,1589.824
2023-05-29,0.6711,293.225,95.45,61.3898,1042.295,1060.961,0.0,932.093
2023-05-28,0.7064,294.8377,95.98,13.808,157.748,171.849,0.0,97.614
2023-05-27,0.733,296.056,96.37,0.1101,117.062,172.639,0.0,108.737
2023-05-26,0.8373,300.8578,97.94,0.0212,91.72,80.973,0.0,28.654
2023-05-25,0.8172,299.9293,97.63,0.0,70.825,77.131,0.0,18.163
2023-05-24,0.829,300.4742,97.81,0.0009,123.503,159.856,0.0,81.857
2023-05-23,0.8968,303.6151,98.83,0.3992,128.226,100.595,0.0,30.844
2023-05-22,0.8453,301.2278,98.06,0.1263,117.488,137.705,0.0,63.803
2023-05-21,0.883,302.9745,98.62,0.0004,177.6,160.758,0.0,84.288
2023-05-20,0.8516,301.5193,98.15,0.0141,164.331,142.831,0.0,66.046
2023-05-19,0.8114,299.6617,97.55,0.4721,174.324,186.509,0.0,121.883
2023-05-18,0.8342,300.7145,97.89,7.4448,92.414,98.461,0.0,39.004
2023-05-17,0.8455,301.237,98.06,0.0126,93.23,100.623,0.0,32.483
2023-05-16,0.8593,301.8758,98.27,0.0,95.84,104.422,0.0,35.235
2023-05-15,0.8753,302.6173,98.51,0.0007,122.711,109.628,0.0,29.591
2023-05-14,0.8509,301.4869,98.14,0.0087,166.758,157.926,0.0,67.521
2023-05-13,0.8344,300.7238,97.89,1.399,178.049,186.989,0.0,84.894
2023-05-12,0.8511,301.4962,98.14,0.0093,213.801,216.426,0.0,115.701
2023-05-11,0.856,301.723,98.22,0.0004,240.749,249.168,0.0,145.604
2023-05-10,0.8717,302.4504,98.45,0.01,285.278,321.81,0.0,235.527
2023-05-09,0.9396,305.6067,99.48,0.3494,457.965,400.916,0.0,292.284
2023-05-08,0.8334,300.6776,97.88,0.0747,821.374,832.295,0.0,731.275
2023-05-07,0.8538,301.6211,98.18,2.1619,2002.52,1976.798,0.0,1918.178
2023-05-06,0.8057,299.3988,97.46,30.6821,2800.559,2772.809,0.0,2680.274
2023-05-05,0.7536,297.0012,96.68,61.2367,289.878,344.582,0.0,270.574
2023-05-04,0.8561,301.7276,98.22,1.0172,53.895,75.096,0.0,24.387
2023-05-03,0.8956,303.5594,98.82,0.0159,55.326,70.611,0.0,0.0
2023-05-02,0.924,304.88,99.25,0.035,61.375,57.281,0.0,4.345
2023-05-01,0.9164,304.5263,99.13,0.0102,75.81,82.059,0.0,28.99
2023-04-30,0.928,305.0662,99.31,0.0112,76.571,70.429,0.0,17.564
2023-04-29,0.9166,304.5356,99.13,6.5118,96.811,83.416,0.0,31.858
2023-04-28,0.8917,303.3783,98.76,0.035,45.579,55.906,0.0,5.389
2023-04-27,0.9109,304.2705,99.05,0.0155,67.126,72.888,0.0,19.825
2023-04-26,0.9216,304.7683,99.21,0.0819,108.049,51.348,0.0,0.0
2023-04-25,0.8159,299.8693,97.61,5.8271,85.409,48.6,0.0,0.0
2023-04-24,0.7468,296.689,96.58,0.0,54.6,48.6,0.0,0.0
2023-04-23,0.7355,296.1706,96.41,0.0,59.423,67.495,0.0,0.0
2023-04-22,0.7507,296.868,96.64,0.0,55.809,73.101,0.0,0.0
2023-04-21,0.7832,298.3621,97.12,0.0,71.545,68.509,0.0,-0.189
2023-04-20,0.7775,298.0998,97.04,0.0,79.31,94.345,0.0,17.981
2023-04-19,0.8057,299.3988,97.46,0.4924,84.686,99.808,0.0,20.644
2023-04-18,0.834,300.7053,97.89,1.9799,61.631,70.892,0.0,19.224
2023-04-17,0.8513,301.5054,98.15,0.0,73.07,66.056,0.0,14.22
2023-04-16,0.8382,300.8994,97.95,0.1485,82.521,93.661,0.0,29.405
2023-04-15,0.859,301.8619,98.26,1.8178,90.185,108.112,0.0,36.168
2023-04-14,0.8924,303.4108,98.77,0.4839,101.807,70.494,0.0,13.927
2023-04-13,0.834,300.7053,97.89,0.0,88.189,77.071,0.0,17.758
2023-04-12,0.8132,299.7447,97.57,0.0233,90.223,116.121,0.0,50.57
2023-04-11,0.8616,301.9823,98.3,0.7443,89.505,110.554,0.0,46.361
2023-04-10,0.9008,303.801,98.89,0.0154,92.345,111.895,0.0,45.153
2023-04-09,0.9371,305.4901,99.44,0.0066,116.762,85.605,0.0,19.258
2023-04-08,0.8792,302.7982,98.57,0.0304,117.338,126.793,0.0,55.367
2023-04-07,0.8968,303.6151,98.83,2.3613,177.889,154.114,0.0,85.907
2023-04-06,0.8525,301.561,98.16,3.2873,167.447,153.907,0.0,94.192
2023-04-05,0.8272,300.3911,97.78,19.2604,109.046,129.662,0.0,78.044
2023-04-04,0.8657,302.1723,98.36,3.5067,60.675,65.826,0.0,13.081
2023-04-03,0.8753,302.6173,98.51,0.0,60.068,58.297,0.0,0.334
2023-04-02,0.872,302.4643,98.46,0.0,52.658,77.278,0.0,24.276
2023-04-01,0.9178,304.5914,99.15,0.0005,78.796,66.367,0.0,13.551
2023-03-31,0.8947,303.5176,98.8,0.0,40.619,44.115,0.0,13.86
2023-03-30,0.9012,303.8196,98.9,0.0,52.966,44.474,0.0,14.201
2023-03-29,0.8854,303.0858,98.66,0.0,44.454,40.588,0.0,10.431
2023-03-28,0.8782,302.7518,98.55,0.007,44.535,43.945,0.0,13.977
2023-03-27,0.8771,302.7008,98.54,0.0,60.117,50.837,0.0,20.849
2023-03-26,0.8598,301.899,98.27,0.0622,46.028,67.074,0.0,37.03
2023-03-25,0.899,303.7173,98.87,0.0645,80.998,63.222,0.0,5.737
2023-03-24,0.8659,302.1815,98.37,0.8612,106.092,94.625,0.0,46.057
2023-03-23,0.8445,301.1908,98.04,22.6496,96.475,96.208,0.0,67.635
2023-03-22,0.844,301.1677,98.04,2.0064,58.881,38.835,0.0,2.646
2023-03-21,0.8065,299.4357,97.47,0.0149,33.112,58.781,0.0,7.934
2023-03-20,0.8545,301.6535,98.19,0.0,51.616,47.384,0.0,2.224
2023-03-19,0.8466,301.2879,98.08,0.0137,28.183,38.525,0.0,0.0
2023-03-18,0.8659,302.1815,98.37,0.0,30.924,29.958,0.0,0.0
2023-03-17,0.8641,302.0981,98.34,0.0,46.687,55.809,0.0,10.87
2023-03-16,0.8811,302.8863,98.6,0.0,42.843,44.83,0.0,14.606
2023-03-15,0.8848,303.058,98.65,0.018,28.616,30.012,0.0,0.0
2023-03-14,0.8874,303.1786,98.69,0.0,41.498,30.011,0.0,0.0
2023-03-13,0.866,302.1862,98.37,0.0228,23.771,46.065,0.0,16.029
2023-03-12,0.9075,304.1124,99.0,7.8245,72.571,37.525,0.0,7.6
2023-03-11,0.8422,301.0844,98.01,0.0,30.403,27.888,0.0,0.0
2023-03-10,0.8375,300.8671,97.94,0.0146,37.648,38.183,0.0,0.0
2023-03-09,0.8385,300.9133,97.95,0.0363,59.525,49.792,0.0,0.0
2023-03-08,0.8203,300.0724,97.68,0.0,58.172,51.71,0.0,0.0
2023-03-07,0.8082,299.5141,97.5,0.0,39.362,59.303,0.0,0.0
2023-03-06,0.8455,301.237,98.06,0.0,49.714,60.378,0.0,4.765
2023-03-05,0.8654,302.1584,98.36,0.0,47.832,48.744,0.0,0.616
2023-03-04,0.8671,302.2372,98.38,0.0,33.681,35.612,0.0,0.0
2023-03-03,0.8707,302.404,98.44,0.0,33.856,38.525,0.0,8.49
2023-03-02,0.8794,302.8074,98.57,0.0062,27.968,48.24,0.0,18.071
2023-03-01,0.9171,304.5589,99.14,0.0095,72.474,61.551,0.0,31.234
2023-02-28,0.8968,303.6151,98.83,0.0137,59.697,61.579,0.0,31.4
2023-02-27,0.9003,303.7777,98.89,0.0137,57.055,38.366,0.0,8.324
2023-02-26,0.8655,302.163,98.36,0.0,19.329,30.009,0.0,0.0
2023-02-25,0.8854,303.0858,98.66,0.0137,26.545,30.038,0.0,0.0
2023-02-24,0.8919,303.3876,98.76,0.0,44.232,54.666,0.0,24.831
2023-02-23,0.9113,304.2891,99.05,0.0327,74.175,46.565,0.0,1.321
2023-02-22,0.8599,301.9036,98.28,0.0002,44.339,55.391,0.0,0.0
2023-02-21,0.8805,302.8585,98.59,0.0092,45.325,51.342,0.0,0.0
2023-02-20,0.8917,303.3783,98.76,0.0174,55.532,63.006,0.0,9.5
2023-02-19,0.9056,304.024,98.97,0.16,56.331,47.298,0.0,9.519
2023-02-18,0.8888,303.2436,98.71,0.4574,56.817,56.387,0.0,29.111
2023-02-17,0.888,303.2065,98.7,0.0104,42.38,43.508,0.0,13.332
2023-02-16,0.8901,303.304,98.73,0.0071,34.928,45.307,0.0,15.528
2023-02-15,0.9094,304.2007,99.02,0.0102,47.098,49.898,0.0,19.323
2023-02-14,0.9146,304.4426,99.1,0.0034,54.932,52.833,0.0,22.448
2023-02-13,0.9107,304.2612,99.04,0.2861,54.863,48.247,0.0,17.884
2023-02-12,0.8984,303.6895,98.86,0.1472,49.641,46.953,0.0,16.694
2023-02-11,0.8934,303.4572,98.78,0.0111,48.704,43.654,0.0,13.498
2023-02-10,0.884,303.0209,98.64,8.1198,52.321,42.822,0.0,12.66
2023-02-09,0.8663,302.2001,98.37,0.5693,61.298,29.409,0.0,0.262
2023-02-08,0.8067,299.4449,97.48,0.0,58.118,32.387,0.0,0.005
2023-02-07,0.7584,297.2217,96.75,0.0,36.446,47.302,0.0,0.06
2023-02-06,0.7788,298.1596,97.06,0.0,43.853,45.451,0.0,0.0
2023-02-05,0.7818,298.2977,97.1,0.0046,31.921,41.89,0.0,0.0
2023-02-04,0.8005,299.159,97.38,0.0,33.075,43.807,0.0,0.0
2023-02-03,0.8206,300.0863,97.68,0.0,25.587,29.65,0.0,0.0
2023-02-02,0.8282,300.4373,97.8,0.0,23.374,30.061,0.0,0.0
2023-02-01,0.8407,301.015,97.99,0.0,39.869,30.349,0.0,0.0
2023-01-31,0.8229,300.1925,97.72,0.0046,18.376,30.198,0.0,0.0
2023-01-30,0.845,301.2139,98.05,0.0213,31.547,30.529,0.0,0.0
2023-01-29,0.8431,301.126,98.02,0.0263,31.022,29.202,0.0,0.0
2023-01-28,0.8397,300.9688,97.97,0.0527,15.8,29.783,0.0,0.0
2023-01-27,0.8658,302.1769,98.37,0.0233,51.5,28.425,0.0,0.0
2023-01-26,0.8227,300.1832,97.72,0.0294,33.759,26.708,0.0,0.0
2023-01-25,0.8095,299.574,97.52,0.0134,27.045,31.157,0.0,0.173
2023-01-24,0.8172,299.9293,97.63,0.0589,41.432,79.47,0.0,50.053
2023-01-23,0.8882,303.2158,98.7,0.0,57.087,56.603,0.0,26.71
2023-01-22,0.8873,303.174,98.69,0.0,74.898,58.801,0.0,29.262
2023-01-21,0.8573,301.7832,98.24,0.0064,43.961,76.303,0.0,46.233
2023-01-20,0.9175,304.5775,99.15,0.0196,61.955,59.371,0.0,21.589
2023-01-19,0.9127,304.3542,99.07,0.0,51.57,42.317,0.0,11.518
2023-01-18,0.8955,303.5547,98.81,0.0,60.439,41.489,0.0,10.948
2023-01-17,0.8602,301.9175,98.28,0.0161,62.585,55.298,0.0,25.164
2023-01-16,0.8466,301.2879,98.08,0.0467,94.13,85.14,0.0,54.907
2023-01-15,0.8298,300.5112,97.82,1.8878,78.498,102.927,0.0,72.665
2023-01-14,0.8754,302.6219,98.51,2.1192,93.594,86.245,0.0,55.992
2023-01-13,0.8617,301.987,98.3,21.2511,130.569,112.045,0.0,81.779
2023-01-12,0.8271,300.3865,97.78,0.2398,39.548,65.26,0.0,34.634
2023-01-11,0.8751,302.608,98.51,0.0,34.719,54.284,0.0,23.442
2023-01-10,0.9115,304.2984,99.06,0.0,68.887,67.757,0.0,20.876
2023-01-09,0.9094,304.2007,99.02,0.013,84.258,60.137,0.0,7.327
2023-01-08,0.8645,302.1167,98.35,0.0148,61.902,51.828,0.0,1.055
2023-01-07,0.8457,301.2463,98.06,0.5362,63.843,55.228,0.0,0.0
2023-01-06,0.8296,300.502,97.82,0.0058,37.935,52.978,0.0,2.764
2023-01-05,0.8577,301.8017,98.24,0.0108,56.288,65.781,0.0,14.062
2023-01-04,0.8754,302.6219,98.51,0.0054,56.34,69.395,0.0,23.589
2023-01-03,0.8997,303.7499,98.88,0.0046,63.452,54.102,0.0,16.706
2023-01-02,0.8823,302.942,98.61,0.0161,76.675,87.155,0.0,35.463
2023-01-01,0.9018,303.8474,98.91,0.0,89.463,97.913,0.0,44.174
2022-12-31,0.9175,304.5775,99.15,0.0,95.646,85.369,0.0,32.312
2022-12-30,0.8984,303.6895,98.86,0.0064,77.241,90.913,0.0,35.648
2022-12-29,0.9238,304.8707,99.24,0.0102,97.478,88.647,0.0,32.504
2022-12-28,0.9074,304.1077,98.99,0.0244,89.132,70.111,0.0,21.637
2022-12-27,0.872,302.4643,98.46,0.0,71.384,33.396,0.0,0.0
2022-12-26,0.801,299.1821,97.39,0.0445,38.53,47.072,0.0,0.0
2022-12-25,0.817,299.9201,97.63,0.0057,64.087,52.824,0.0,0.0
2022-12-24,0.7959,298.947,97.31,0.0058,22.048,62.006,0.0,0.0
2022-12-23,0.8706,302.3994,98.44,0.5096,100.624,118.083,0.0,44.969
2022-12-22,0.9031,303.9078,98.93,0.1086,122.729,99.693,0.0,26.639
2022-12-21,0.8602,301.9175,98.28,2.9666,120.689,146.577,0.0,86.128
2022-12-20,0.9084,304.1542,99.01,0.0,92.343,71.174,0.0,18.76
2022-12-19,0.869,302.3252,98.41,0.0,79.286,78.428,0.0,26.887
2022-12-18,0.8674,302.2511,98.39,0.0062,70.822,82.149,0.0,28.879
2022-12-17,0.8885,303.2297,98.71,0.0431,81.595,83.906,0.0,30.109
2022-12-16,0.8928,303.4294,98.77,0.0,95.193,117.535,0.0,64.827
2022-12-15,0.9343,305.3597,99.4,0.0916,104.094,90.088,0.0,28.943
2022-12-14,0.9083,304.1496,99.01,0.0562,84.912,101.723,0.0,58.369
2022-12-13,0.9395,305.602,99.48,0.6204,131.303,125.102,0.0,92.441
2022-12-12,0.928,305.0662,99.31,0.4851,97.12,75.434,0.0,35.445
2022-12-11,0.8877,303.1926,98.7,0.0,56.187,48.938,0.0,0.0
2022-12-10,0.8742,302.5663,98.49,0.0,47.394,63.083,0.0,12.157
2022-12-09,0.9034,303.9218,98.93,0.0,75.179,79.0,0.0,24.063
2022-12-08,0.9105,304.2519,99.04,0.0867,115.852,94.786,0.0,32.135
2022-12-07,0.8713,302.4318,98.45,0.0361,145.737,125.54,0.0,55.727
2022-12-06,0.8336,300.6868,97.88,0.018,63.452,90.467,0.0,33.883
2022-12-05,0.884,303.0209,98.64,0.0,106.622,121.624,0.0,87.771
2022-12-04,0.9119,304.317,99.06,0.0,132.925,115.078,0.0,89.078
2022-12-03,0.8787,302.775,98.56,0.0429,125.782,133.517,0.0,107.517
2022-12-02,0.8931,303.4433,98.78,0.2718,115.6,102.23,0.0,76.23
2022-12-01,0.8682,302.2881,98.4,0.0584,112.389,146.646,0.0,120.646
2022-11-30,0.9319,305.2479,99.36,0.0398,224.108,211.504,0.0,185.504
2022-11-29,0.9085,304.1589,99.01,17.3068,170.661,175.237,0.0,125.581
2022-11-28,0.917,304.5542,99.14,9.7957,73.915,47.043,0.0,16.244
2022-11-27,0.867,302.2325,98.38,0.0036,77.247,48.88,0.0,9.119
2022-11-26,0.814,299.7816,97.59,0.0,58.858,48.185,0.0,0.0
2022-11-25,0.794,298.8595,97.29,0.015,57.819,48.494,0.0,0.0
2022-11-24,0.7765,298.0538,97.02,0.0,43.904,48.166,0.0,0.0
2022-11-23,0.7845,298.422,97.14,1.5352,54.896,44.248,0.0,0.0
2022-11-22,0.7645,297.502,96.84,1.0815,56.549,35.039,0.0,0.0
2022-11-21,0.724,295.6435,96.24,0.0262,27.008,26.0,0.0,0.0
2022-11-20,0.7221,295.5564,96.21,0.033,0.0,26.0,0.0,0.0
2022-11-19,0.7801,298.2194,97.08,0.0,0.651,26.0,0.0,0.0
2022-11-18,0.8276,300.4096,97.79,0.0161,15.482,32.292,0.0,6.292
2022-11-17,0.859,301.8619,98.26,0.017,131.965,174.336,0.0,146.225
2022-11-16,0.9378,305.5228,99.45,0.3336,216.443,185.391,0.0,154.395
2022-11-15,0.8801,302.8399,98.58,0.1896,102.465,112.567,0.0,81.582
2022-11-14,0.8989,303.7127,98.87,0.0055,91.422,73.968,0.0,43.633
2022-11-13,0.8664,302.2047,98.37,13.779,139.724,133.184,0.0,102.809
2022-11-12,0.8542,301.6397,98.19,1.1235,64.277,45.176,0.0,15.114
2022-11-11,0.8185,299.9893,97.65,0.0,54.077,64.665,0.0,26.093
2022-11-10,0.8383,300.9041,97.95,0.0,75.181,71.757,0.0,23.625
2022-11-09,0.8319,300.6082,97.85,0.0,110.828,154.507,0.0,102.248
2022-11-08,0.9133,304.3821,99.08,0.0275,64.702,83.949,0.0,44.258
2022-11-07,0.949,306.045,99.62,0.0,110.78,63.974,0.0,33.185
2022-11-06,0.862,302.0009,98.31,0.0,56.069,60.36,0.0,30.132
2022-11-05,0.87,302.3716,98.43,0.0079,60.702,81.657,0.0,50.836
2022-11-04,0.909,304.1821,99.02,0.0,83.396,59.758,0.0,28.927
2022-11-03,0.865,302.1398,98.35,0.0,67.106,68.983,0.0,38.03
2022-11-02,0.8685,302.302,98.41,0.0,80.14,55.884,0.0,25.366
2022-11-01,0.8232,300.2063,97.72,0.0111,68.973,51.785,0.0,21.616
2022-10-31,0.791,298.7213,97.24,0.0194,57.34,76.559,0.0,23.901
2022-10-30,0.827,300.3818,97.78,0.0341,78.637,94.321,0.0,41.12
2022-10-29,0.8563,301.7369,98.22,0.0,79.37,85.106,0.0,24.977
2022-10-28,0.867,302.2325,98.38,0.0013,57.928,81.569,0.0,28.848
2022-10-27,0.911,304.2751,99.05,0.0,78.466,64.379,0.0,13.632
2022-10-26,0.8848,303.058,98.65,0.0,103.234,108.554,0.0,24.835
2022-10-25,0.8947,303.5176,98.8,0.0089,90.055,87.905,0.0,16.01
2022-10-24,0.8907,303.3318,98.74,0.0,66.295,87.985,0.0,35.016
2022-10-23,0.931,305.2059,99.35,0.0562,108.954,81.516,0.0,27.952
2022-10-22,0.88,302.8353,98.58,0.049,116.616,77.856,0.0,24.693
2022-10-21,0.8076,299.4864,97.49,0.009,103.405,93.484,0.0,41.232
2022-10-20,0.789,298.6292,97.21,0.0,83.189,87.988,0.0,35.758
2022-10-19,0.798,299.0438,97.35,0.0197,91.943,72.768,0.0,20.64
2022-10-18,0.762,297.3871,96.81,0.0,93.677,90.486,0.0,38.518
2022-10-17,0.756,297.1114,96.72,0.1172,81.419,101.864,0.0,49.731
2022-10-16,0.7944,298.8779,97.29,0.0746,85.989,83.11,0.0,31.065
2022-10-15,0.789,298.6292,97.21,0.0133,90.977,86.075,0.0,33.851
2022-10-14,0.7798,298.2056,97.07,0.0827,86.854,81.796,0.0,30.231
2022-10-13,0.7703,297.7686,96.93,0.0417,99.755,115.954,0.0,64.202
2022-10-12,0.8007,299.1682,97.39,0.0082,106.314,103.807,0.0,52.553
2022-10-11,0.796,298.9516,97.32,0.0184,119.304,60.895,0.0,9.927
2022-10-10,0.686,293.9051,95.67,0.9152,46.439,100.582,0.0,49.884
2022-10-09,0.788,298.5831,97.2,2.5844,87.771,76.056,0.0,25.246
2022-10-08,0.766,297.5709,96.87,0.0637,107.936,90.667,0.0,39.716
2022-10-07,0.7335,296.0789,96.38,0.2513,84.829,110.776,0.0,59.423
2022-10-06,0.7823,298.3207,97.11,0.4274,169.382,203.029,0.0,151.244
2022-10-05,0.8453,301.2278,98.06,0.0834,208.875,238.227,0.0,185.296
2022-10-04,0.9,303.7638,98.88,21.6579,213.282,142.988,0.0,90.53
2022-10-03,0.7686,297.6904,96.9,5.0812,114.908,128.279,0.0,76.013
2022-10-02,0.7937,298.8457,97.28,0.8179,152.818,154.258,0.0,102.065
2022-10-01,0.7964,298.9701,97.32,0.011,142.341,157.772,0.0,106.099
2022-09-30,0.8253,300.3033,97.76,0.0278,125.695,100.351,0.0,49.578
2022-09-29,0.7778,298.1136,97.04,0.0216,187.246,202.281,0.0,151.702
2022-09-28,0.806,299.4126,97.47,0.0,134.024,127.622,0.0,76.777
2022-09-27,0.794,298.8595,97.29,0.0187,79.558,62.517,0.0,12.656
2022-09-26,0.762,297.3871,96.81,0.0001,124.863,158.242,0.0,107.712
2022-09-25,0.8246,300.271,97.74,0.0,125.336,116.468,0.0,65.346
2022-09-24,0.808,299.5048,97.5,0.0028,105.445,119.874,0.0,68.279
2022-09-23,0.835,300.7515,97.9,0.0066,137.837,122.553,0.0,70.699
2022-09-22,0.8064,299.431,97.47,0.011,102.203,133.823,0.0,81.838
2022-09-21,0.8655,302.163,98.36,0.0208,245.444,241.423,0.0,176.99
2022-09-20,0.858,301.8156,98.25,0.0498,247.692,177.846,0.0,125.312
2022-09-19,0.727,295.7809,96.28,3.6166,213.159,228.824,0.0,114.378
2022-09-18,0.7565,297.1344,96.72,1.6739,408.955,462.492,0.0,410.068
2022-09-17,0.8568,301.76,98.23,0.8227,373.383,368.668,0.0,315.896
2022-09-16,0.848,301.3527,98.1,0.0412,347.944,334.034,0.0,281.686
2022-09-15,0.822,300.1509,97.71,0.0203,314.515,296.369,0.0,245.187
2022-09-14,0.788,298.5831,97.2,0.008,654.014,719.087,0.0,667.59
2022-09-13,0.9095,304.2054,99.03,0.0182,342.553,314.894,0.0,263.436
2022-09-12,0.858,301.8156,98.25,0.0503,336.061,313.961,0.0,261.938
2022-09-11,0.8167,299.9062,97.63,0.0,407.642,404.865,0.0,354.097
2022-09-10,0.8115,299.6663,97.55,0.0012,514.401,524.982,0.0,473.751
2022-09-09,0.8313,300.5805,97.85,0.0,794.846,718.642,0.0,656.598
2022-09-08,0.688,293.9965,95.7,0.0175,1587.151,1338.791,0.0,1269.709
2022-09-07,0.2093,272.5382,88.72,0.0248,3693.603,3938.262,0.0,3829.119
2022-09-06,0.681,293.6768,95.6,64.9634,4104.374,4133.502,0.0,4036.184
2022-09-05,0.736,296.1935,96.42,32.36,1006.999,994.273,0.0,917.82
2022-09-04,0.712,295.094,96.06,1.03,639.045,645.671,0.0,547.968
2022-09-03,0.7245,295.6664,96.25,1.7108,533.204,549.025,0.0,451.708
2022-09-02,0.7543,297.0333,96.69,1.7237,629.939,722.642,0.0,633.876
2022-09-01,0.9275,305.0429,99.3,0.1029,763.31,792.747,0.0,704.33
2022-08-31,0.982,307.5863,100.13,16.9684,540.915,471.981,0.0,380.171
2022-08-30,0.854,301.6304,98.19,23.2819,350.069,353.82,0.0,250.793
2022-08-29,0.861,301.9545,98.29,1.5033,189.103,153.814,0.0,61.905
2022-08-28,0.795,298.9056,97.3,0.0088,250.646,271.101,0.0,171.513
2022-08-27,0.8333,300.6729,97.88,0.0,207.808,201.766,0.0,123.508
2022-08-26,0.822,300.1509,97.71,0.0148,313.583,308.561,0.0,212.422
2022-08-25,0.8126,299.717,97.56,0.1398,447.236,476.887,0.0,388.186
2022-08-24,0.868,302.2789,98.4,10.7301,462.711,434.342,0.0,343.252
2022-08-23,0.815,299.8278,97.6,6.4003,318.751,323.025,0.0,218.701
2022-08-22,0.823,300.1971,97.72,0.011,381.323,327.824,0.0,230.877
2022-08-21,0.7225,295.5748,96.22,0.0225,604.266,611.587,0.0,516.722
2022-08-20,0.7363,296.2073,96.42,19.6837,387.532,374.117,0.0,282.992
2022-08-19,0.711,295.0482,96.04,0.0054,281.797,285.347,0.0,187.721
2022-08-18,0.7177,295.3549,96.14,0.0235,628.672,695.95,0.0,600.775
2022-08-17,0.844,301.1677,98.04,11.3593,617.518,621.266,0.0,513.72
2022-08-16,0.851,301.4915,98.14,29.0114,605.74,630.802,0.0,570.057
2022-08-15,0.8977,303.6569,98.85,0.2853,357.881,323.719,0.0,270.051
2022-08-14,0.834,300.7053,97.89,5.0112,514.759,503.855,0.0,446.362
2022-08-13,0.8136,299.7632,97.58,15.3158,668.269,612.638,0.0,530.88
2022-08-12,0.709,294.9567,96.01,1.9237,1416.456,1454.7,0.0,1356.424
2022-08-11,0.781,298.2609,97.09,17.688,801.041,818.268,0.0,744.663
2022-08-10,0.8133,299.7493,97.57,19.0943,152.323,162.157,0.0,105.081
2022-08-09,0.8317,300.599,97.85,1.8019,122.695,123.925,0.0,45.849
2022-08-08,0.834,300.7053,97.89,0.0791,197.44,180.664,0.0,103.723
2022-08-07,0.8026,299.2558,97.41,1.3863,254.562,231.87,0.0,147.113
2022-08-06,0.76,297.2952,96.78,0.0323,385.215,397.457,0.0,316.785
2022-08-05,0.783,298.3529,97.12,0.7653,562.714,589.512,0.0,488.304
2022-08-04,0.8332,300.6683,97.87,0.6366,340.525,351.124,0.0,240.871
2022-08-03,0.853,301.5841,98.17,1.1207,424.408,430.411,0.0,339.444
2022-08-02,0.8642,302.1028,98.34,8.4678,311.104,233.48,0.0,168.636
2022-08-01,0.7186,295.3961,96.16,3.692,102.881,148.567,0.0,85.851
2022-07-31,0.8045,299.3434,97.44,14.0947,109.866,126.859,0.0,67.707
2022-07-30,0.8363,300.8116,97.92,0.0609,124.714,107.829,0.0,43.683
2022-07-29,0.8047,299.3527,97.45,0.0598,90.328,60.986,0.0,9.301
2022-07-28,0.7496,296.8175,96.62,0.2699,59.229,98.13,0.0,39.759
2022-07-27,0.8226,300.1786,97.71,0.0154,147.223,142.254,0.0,75.439
2022-07-26,0.8133,299.7493,97.57,0.1387,226.937,208.111,0.0,140.447
2022-07-25,0.778,298.1228,97.05,0.2234,185.329,205.596,0.0,143.016
2022-07-24,0.816,299.8739,97.62,9.435,180.824,176.552,0.0,124.503
2022-07-23,0.808,299.5048,97.5,2.2712,140.571,130.969,0.0,79.039
2022-07-22,0.79,298.6752,97.23,0.6732,148.968,176.746,0.0,124.578
2022-07-21,0.842,301.0752,98.01,10.5538,195.103,199.494,0.0,147.668
2022-07-20,0.8502,301.4545,98.13,0.0302,274.914,262.231,0.0,210.717
2022-07-19,0.8265,300.3587,97.77,0.5167,518.951,565.894,0.0,514.698
2022-07-18,0.914,304.4146,99.09,40.6832,459.705,430.695,0.0,379.719
2022-07-17,0.86,301.9082,98.28,0.0082,119.624,102.332,0.0,44.234
2022-07-16,0.8277,300.4142,97.79,1.4164,121.156,125.595,0.0,57.993
2022-07-15,0.836,300.7977,97.92,0.0,215.331,258.108,0.0,184.815
2022-07-14,0.9157,304.4937,99.12,0.1929,179.565,137.483,0.0,82.562
2022-07-13,0.8373,300.8578,97.94,16.7152,164.869,188.991,0.0,138.076
2022-07-12,0.8823,302.942,98.61,0.4603,221.877,221.017,0.0,169.702
2022-07-11,0.8807,302.8677,98.59,11.1614,203.096,174.858,0.0,123.173
2022-07-10,0.828,300.428,97.8,7.3866,117.527,118.596,0.0,66.73
2022-07-09,0.83,300.5204,97.83,0.0076,118.379,104.809,0.0,39.52
2022-07-08,0.8046,299.348,97.44,5.4166,191.515,178.292,0.0,105.115
2022-07-07,0.7798,298.2056,97.07,0.5375,102.622,120.862,0.0,51.033
2022-07-06,0.814,299.7816,97.59,2.1774,87.727,113.413,0.0,46.648
2022-07-05,0.862,302.0009,98.31,0.741,164.07,138.705,0.0,73.67
2022-07-04,0.8146,299.8093,97.59,0.7883,100.235,104.456,0.0,41.122
2022-07-03,0.8225,300.174,97.71,0.7781,184.871,226.958,0.0,155.001
2022-07-02,0.901,303.8103,98.9,0.0324,160.638,117.429,0.0,44.585
2022-07-01,0.8204,300.077,97.68,0.2976,211.043,220.722,0.0,154.027
2022-06-30,0.8385,300.9133,97.95,4.4235,234.859,223.631,0.0,149.787
2022-06-29,0.8175,299.9432,97.64,3.4875,273.088,238.559,0.0,137.875
2022-06-28,0.7527,296.9599,96.67,1.3048,443.433,493.901,0.0,346.026
2022-06-27,0.8473,301.3203,98.09,17.0706,434.579,418.479,0.0,319.628
2022-06-26,0.8172,299.9293,97.63,1.0341,170.113,193.017,0.0,124.787
2022-06-25,0.86,301.9082,98.28,1.0704,185.472,176.901,0.0,103.292
2022-06-24,0.844,301.1677,98.04,26.8824,256.987,260.36,0.0,188.141
2022-06-23,0.8503,301.4591,98.13,7.0453,87.663,63.443,0.0,11.348
2022-06-22,0.805,299.3665,97.45,0.0443,101.422,87.347,0.0,30.202
2022-06-21,0.7786,298.1504,97.05,0.0009,113.172,138.678,0.0,71.001
2022-06-20,0.8264,300.3541,97.77,0.3783,87.127,101.899,0.0,31.218
2022-06-19,0.854,301.6304,98.19,0.0009,154.006,147.794,0.0,83.618
2022-06-18,0.8424,301.0937,98.01,0.2305,92.274,102.881,0.0,39.151
2022-06-17,0.8622,302.0101,98.31,0.0027,156.026,127.883,0.0,58.906
2022-06-16,0.8096,299.5786,97.52,0.0661,78.641,116.871,0.0,46.392
2022-06-15,0.881,302.8817,98.59,5.4903,88.503,105.331,0.0,36.622
2022-06-14,0.9123,304.3356,99.07,7.1469,137.151,90.321,0.0,23.809
2022-06-13,0.825,300.2895,97.75,0.187,67.527,82.405,0.0,22.948
2022-06-12,0.8528,301.5749,98.17,0.0062,87.201,106.623,0.0,37.642
2022-06-11,0.889,303.2529,98.72,0.6093,121.108,114.02,0.0,39.806
2022-06-10,0.8758,302.6405,98.52,0.0501,140.037,106.415,0.0,41.575
2022-06-09,0.813,299.7355,97.57,0.0978,61.401,72.626,0.0,20.659
2022-06-08,0.834,300.7053,97.89,0.2511,169.196,227.381,0.0,168.742
2022-06-07,0.9423,305.7325,99.52,2.5727,177.094,133.904,0.0,61.126
2022-06-06,0.862,302.0009,98.31,5.3215,275.423,287.067,0.0,190.695
2022-06-05,0.8837,303.0069,98.64,26.3714,174.106,133.733,0.0,59.855
2022-06-04,0.8083,299.5187,97.5,0.0013,82.113,51.753,0.0,0.0
2022-06-03,0.7513,296.8956,96.65,0.0,37.723,50.862,0.0,0.0
2022-06-02,0.776,298.0308,97.02,0.0,96.971,51.336,0.0,-0.416
2022-06-01,0.69,294.0879,95.73,0.0031,39.37,68.838,0.0,-0.294
2022-05-31,0.7456,296.6339,96.56,0.0012,68.812,94.944,0.0,34.14
2022-05-30,0.7947,298.8917,97.3,0.075,87.207,100.605,0.0,40.478
2022-05-29,0.8198,300.0493,97.67,0.0028,70.408,87.85,0.0,27.221
2022-05-28,0.8524,301.5563,98.16,0.0031,84.236,60.812,0.0,7.875
2022-05-27,0.8086,299.5325,97.5,0.0138,82.319,70.264,0.0,16.29
2022-05-26,0.786,298.491,97.17,0.27,65.697,69.641,0.0,18.24
2022-05-25,0.7934,298.8318,97.28,0.437,53.317,69.546,0.0,17.59
2022-05-24,0.8238,300.234,97.73,0.6937,69.809,62.971,0.0,8.09
2022-05-23,0.811,299.6432,97.54,0.0953,78.36,74.09,0.0,13.287
2022-05-22,0.803,299.2743,97.42,0.0,78.215,71.815,0.0,11.568
2022-05-21,0.791,298.7213,97.24,0.0213,71.643,72.069,0.0,11.497
2022-05-20,0.7918,298.7581,97.25,0.0,71.808,56.577,0.0,4.117
2022-05-19,0.7632,297.4422,96.82,0.0,50.381,51.444,0.0,2.359
2022-05-18,0.7652,297.5341,96.85,0.0004,49.632,64.438,0.0,13.481
2022-05-17,0.793,298.8134,97.27,0.03,81.102,58.745,0.0,8.989
2022-05-16,0.751,296.8818,96.64,0.0,60.464,73.23,0.0,16.978
2022-05-15,0.775,297.9848,97.0,0.0,51.955,87.51,0.0,23.985
2022-05-14,0.8416,301.0567,98.0,0.028,99.954,85.57,0.0,19.565
2022-05-13,0.8147,299.8139,97.6,2.111,71.893,88.096,0.0,20.488
2022-05-12,0.845,301.2139,98.05,0.0,87.526,85.921,0.0,21.548
2022-05-11,0.842,301.0752,98.01,0.0323,79.135,73.463,0.0,21.363
2022-05-10,0.8314,300.5851,97.85,0.0,66.027,75.983,0.0,22.143
2022-05-09,0.85,301.4453,98.13,0.6091,79.196,77.589,0.0,21.733
2022-05-08,0.847,301.3064,98.08,0.1032,81.932,76.847,0.0,21.185
2022-05-07,0.8375,300.8671,97.94,0.0004,100.941,84.107,0.0,20.603
2022-05-06,0.806,299.4126,97.47,0.0,87.185,103.859,0.0,33.129
2022-05-05,0.8372,300.8532,97.93,0.0,118.956,102.389,0.0,32.065
2022-05-04,0.8062,299.4218,97.47,0.0,99.572,88.426,0.0,29.154
2022-05-03,0.7853,298.4588,97.15,0.0434,100.682,90.778,0.0,34.536
2022-05-02,0.7667,297.6031,96.88,1.2786,114.419,123.097,0.0,59.625
2022-05-01,0.783,298.3529,97.12,0.0,110.796,106.109,0.0,54.645
2022-04-30,0.7742,297.948,96.99,0.0102,117.296,134.781,0.0,70.008
2022-04-29,0.807,299.4587,97.48,11.4777,120.559,143.391,0.0,75.772
2022-04-28,0.8497,301.4314,98.12,0.0301,152.859,107.114,0.0,20.012
2022-04-27,0.764,297.479,96.84,0.0359,175.822,172.631,0.0,89.55
2022-04-26,0.758,297.2033,96.75,23.7462,269.73,304.915,0.0,217.58
2022-04-25,0.824,300.2433,97.74,2.9215,87.755,86.151,0.0,22.005
2022-04-24,0.821,300.1047,97.69,0.0,74.655,70.595,0.0,18.642
2022-04-23,0.8134,299.754,97.58,0.0027,64.403,74.237,0.0,22.041
2022-04-22,0.8318,300.6036,97.85,0.0,83.849,67.93,0.0,15.907
2022-04-21,0.802,299.2282,97.41,0.8031,90.499,63.024,0.0,11.781
2022-04-20,0.7504,296.8543,96.63,0.0005,79.63,93.62,0.0,27.943
2022-04-19,0.7767,298.063,97.03,0.0,84.899,93.584,0.0,39.791
2022-04-18,0.793,298.8134,97.27,0.0,77.518,63.35,0.0,12.635
2022-04-17,0.7664,297.5893,96.87,0.0,78.14,70.483,0.0,19.563
2022-04-16,0.752,296.9277,96.66,0.0,73.451,84.834,0.0,26.5
2022-04-15,0.7734,297.9112,96.98,0.0047,62.235,97.249,0.0,27.189
2022-04-14,0.839,300.9364,97.96,1.4547,76.282,91.659,0.0,28.994
2022-04-13,0.8677,302.265,98.39,5.9135,77.998,90.508,0.0,21.408
2022-04-12,0.891,303.3458,98.75,0.0,120.995,90.969,0.0,20.972
2022-04-11,0.835,300.7515,97.9,0.0045,97.279,102.417,0.0,29.955
2022-04-10,0.8446,301.1954,98.05,0.0,96.902,71.999,0.0,19.794
2022-04-09,0.798,299.0438,97.35,0.0,52.741,96.893,0.0,44.651
2022-04-08,0.8805,302.8585,98.59,0.0198,92.7,81.702,0.0,29.187
2022-04-07,0.86,301.9082,98.28,0.6223,92.675,89.459,0.0,36.489
2022-04-06,0.854,301.6304,98.19,0.0,124.375,113.133,0.0,60.917
2022-04-05,0.833,300.6591,97.87,0.0,87.703,103.126,0.0,50.807
2022-04-04,0.8618,301.9916,98.3,0.0,118.327,112.7,0.0,60.706
2022-04-03,0.8513,301.5054,98.15,0.0,136.563,94.644,0.0,43.098
2022-04-02,0.7728,297.8836,96.97,0.0061,140.291,169.74,0.0,118.994
2022-04-01,0.828,300.428,97.8,0.0755,211.703,169.968,0.0,119.804
2022-03-31,0.7497,296.8221,96.62,1.2412,88.727,145.075,0.0,119.074
2022-03-30,0.8553,301.6906,98.21,0.1462,151.489,151.542,0.0,125.541
2022-03-29,0.8554,301.6952,98.21,0.0136,123.506,83.226,0.0,57.223
2022-03-28,0.78,298.2148,97.08,0.0,226.925,242.922,0.0,215.668
2022-03-27,0.81,299.5971,97.53,0.0,346.574,288.101,0.0,258.911
2022-03-26,0.7,294.545,95.88,21.434,377.829,436.302,0.0,407.1
2022-03-25,0.81,299.5971,97.53,5.9731,51.806,83.923,0.0,53.833
2022-03-24,0.87,302.3716,98.43,0.0,67.641,51.57,0.0,21.787
2022-03-23,0.84,300.9827,97.98,0.0021,81.481,49.448,0.0,20.411
2022-03-22,0.78,298.2148,97.08,0.0,73.983,106.022,0.0,77.32
2022-03-21,0.84,300.9827,97.98,0.0141,160.812,160.816,0.0,132.278
2022-03-20,0.84,300.9827,97.98,0.0319,149.398,144.043,0.0,115.757
2022-03-19,0.83,300.5204,97.83,6.4354,52.524,47.183,0.0,18.726
2022-03-18,0.82,300.0586,97.68,7.2413,38.068,64.844,0.0,36.033
2022-03-17,0.87,302.3716,98.43,6.5778,67.069,56.345,0.0,27.558
2022-03-16,0.85,301.4453,98.13,0.0,122.062,138.147,0.0,108.747
2022-03-15,0.88,302.8353,98.58,0.0105,49.416,65.547,0.0,35.42
2022-03-14,0.91,304.2286,99.03,1.2933,71.949,50.46,0.0,20.783
2022-03-13,0.87,302.3716,98.43,14.3483,37.069,47.803,0.0,17.752
2022-03-12,0.89,303.2993,98.73,0.0285,39.823,50.583,0.0,20.546
2022-03-11,0.91,304.2286,99.03,0.0,67.375,45.886,0.0,15.831
2022-03-10,0.87,302.3716,98.43,0.0055,37.729,43.093,0.0,13.188
2022-03-09,0.88,302.8353,98.58,0.0,33.851,55.364,0.0,25.341
2022-03-08,0.92,304.6938,99.18,0.0004,67.927,46.413,0.0,16.277
2022-03-07,0.88,302.8353,98.58,0.004,29.946,40.695,0.0,11.72
2022-03-06,0.9,303.7638,98.88,0.0071,28.241,39.007,0.0,10.852
2022-03-05,0.92,304.6938,99.18,0.0,57.565,36.051,0.0,8.748
2022-03-04,0.88,302.8353,98.58,0.0,45.81,45.807,0.0,16.378
2022-03-03,0.88,302.8353,98.58,0.0004,39.774,50.523,0.0,21.258
2022-03-02,0.9,303.7638,98.88,0.0004,60.192,49.442,0.0,20.218
2022-03-01,0.88,302.8353,98.58,0.4567,63.724,42.286,0.0,13.133
2022-02-28,0.84,300.9827,97.98,0.0,54.11,48.755,0.0,19.233
2022-02-27,0.83,300.5204,97.83,0.0104,61.778,51.09,0.0,19.623
2022-02-26,0.81,299.5971,97.53,0.2754,50.857,40.185,0.0,8.71
2022-02-25,0.79,298.6752,97.23,0.0004,50.439,29.152,0.0,0.0
2022-02-24,0.75,296.8359,96.63,0.0004,42.862,26.937,0.0,0.0
2022-02-23,0.72,295.4602,96.18,0.0004,26.003,26.0,0.0,0.0
2022-02-22,0.72,295.4602,96.18,0.0054,36.595,26.002,0.0,0.0
2022-02-21,0.7,294.545,95.88,0.0054,15.41,26.001,0.0,0.0
2022-02-20,0.72,295.4602,96.18,0.0054,0.0,26.001,0.0,0.0
2022-02-19,0.77,297.7548,96.93,0.0,20.675,26.001,0.0,0.0
2022-02-18,0.78,298.2148,97.08,0.0,44.279,28.32,0.0,1.262
2022-02-17,0.75,296.8359,96.63,0.0183,36.676,52.638,0.0,15.193
2022-02-16,0.78,298.2148,97.08,0.0439,67.927,62.605,0.0,16.188
2022-02-15,0.77,297.7548,96.93,0.0577,39.489,66.158,0.0,22.014
2022-02-14,0.82,300.0586,97.68,0.0,42.017,26.003,0.0,0.0
2022-02-13,0.79,298.6752,97.23,0.0,36.652,26.001,0.0,0.0
2022-02-12,0.77,297.7548,96.93,0.0137,25.999,26.001,0.0,0.0
2022-02-11,0.77,297.7548,96.93,0.0,25.999,26.001,0.0,0.0
2022-02-10,0.77,297.7548,96.93,0.0,41.948,26.001,0.0,0.0
2022-02-09,0.74,296.377,96.48,0.0,17.335,38.608,0.0,12.607
2022-02-08,0.78,298.2148,97.08,0.0,33.653,38.979,0.0,12.978
2022-02-07,0.79,298.6752,97.23,0.0046,41.976,26.001,0.0,0.0
2022-02-06,0.76,297.2952,96.78,0.0145,22.926,33.572,0.0,6.181
2022-02-05,0.78,298.2148,97.08,0.0054,11.361,48.747,0.0,20.01
2022-02-04,0.85,301.4453,98.13,0.0418,60.326,71.052,0.0,21.984
2022-02-03,0.87,302.3716,98.43,0.0016,69.338,80.072,0.0,20.685
2022-02-02,0.89,303.2993,98.73,0.0272,79.261,79.257,0.0,20.172
2022-02-01,0.89,303.2993,98.73,0.0298,84.704,79.33,0.0,19.824
2022-01-31,0.88,302.8353,98.58,0.0,75.62,64.888,0.0,19.077
2022-01-30,0.86,301.9082,98.28,0.0,66.887,56.178,0.0,18.878
2022-01-29,0.84,300.9827,97.98,0.0046,71.373,82.083,0.0,21.736
2022-01-28,0.86,301.9082,98.28,0.0016,80.718,86.086,0.0,22.503
2022-01-27,0.87,302.3716,98.43,0.0,90.958,85.593,0.0,22.44
2022-01-26,0.86,301.9082,98.28,0.0,71.411,87.508,0.0,22.756
2022-01-25,0.89,303.2993,98.73,0.1698,84.388,89.766,0.0,22.994
2022-01-24,0.9,303.7638,98.88,0.0,84.216,89.6,0.0,22.644
2022-01-23,0.91,304.2286,99.03,0.0,84.833,52.615,0.0,20.763
2022-01-22,0.85,301.4453,98.13,0.0046,50.511,50.508,0.0,21.166
2022-01-21,0.85,301.4453,98.13,0.0,50.237,50.234,0.0,21.026
2022-01-20,0.85,301.4453,98.13,0.0,44.108,49.464,0.0,20.235
2022-01-19,0.86,301.9082,98.28,0.0122,49.454,54.822,0.0,20.988
2022-01-18,0.87,302.3716,98.43,0.0,51.645,51.65,0.0,22.18
2022-01-17,0.87,302.3716,98.43,0.0228,68.136,52.065,0.0,22.499
2022-01-16,0.84,300.9827,97.98,0.0114,56.452,51.097,0.0,21.68
2022-01-15,0.83,300.5204,97.83,0.0067,73.096,73.091,0.0,21.94
2022-01-14,0.83,300.5204,97.83,0.0142,54.288,81.077,0.0,22.5
2022-01-13,0.88,302.8353,98.58,0.0028,83.827,83.824,0.0,22.742
2022-01-12,0.88,302.8353,98.58,0.0046,74.609,85.358,0.0,23.963
2022-01-11,0.9,303.7638,98.88,0.014,101.33,85.221,0.0,24.001
2022-01-10,0.87,302.3716,98.43,0.0,77.165,82.529,0.0,23.501
2022-01-09,0.88,302.8353,98.58,0.0,85.7,80.338,0.0,23.393
2022-01-08,0.87,302.3716,98.43,0.0088,64.795,54.071,0.0,24.22
2022-01-07,0.85,301.4453,98.13,0.0134,77.25,82.606,0.0,24.233
2022-01-06,0.86,301.9082,98.28,0.0034,77.744,83.112,0.0,22.071
2022-01-05,0.87,302.3716,98.43,0.0033,81.794,81.799,0.0,21.436
2022-01-04,0.87,302.3716,98.43,0.0,76.628,49.862,0.0,19.999
2022-01-03,0.82,300.0586,97.68,0.0,74.988,58.974,0.0,20.162
2022-01-02,0.79,298.6752,97.23,0.013,57.038,78.39,0.0,20.024
2022-01-01,0.83,300.5204,97.83,0.1594,68.763,79.464,0.0,21.264
2021-12-31,0.85,301.4453,98.13,0.0008,65.957,87.412,0.0,22.203
2021-12-30,0.89,303.2993,98.73,0.0296,108.737,103.363,0.0,36.901
2021-12-29,0.88,302.8353,98.58,0.0135,88.159,66.721,0.0,22.507
2021-12-28,0.84,300.9827,97.98,0.0066,62.484,51.793,0.0,22.192
2021-12-27,0.82,300.0586,97.68,0.0004,66.155,76.854,0.0,22.686
2021-12-26,0.84,300.9827,97.98,0.0046,86.132,86.136,0.0,23.0
2021-12-25,0.84,300.9827,97.98,0.0107,63.772,101.345,0.0,34.524
2021-12-24,0.91,304.2286,99.03,0.008,109.733,93.603,0.0,27.758
2021-12-23,0.88,302.8353,98.58,0.0,87.506,82.144,0.0,22.225
2021-12-22,0.87,302.3716,98.43,0.0204,86.692,75.968,0.0,20.416
2021-12-21,0.85,301.4453,98.13,0.0,77.914,77.911,0.0,20.373
2021-12-20,0.85,301.4453,98.13,0.0198,84.604,79.254,0.0,21.01
2021-12-19,0.84,300.9827,97.98,0.0734,86.175,91.526,0.0,36.658
2021-12-18,0.85,301.4453,98.13,0.007,70.312,91.767,0.0,35.978
2021-12-17,0.89,303.2993,98.73,0.0456,105.588,78.778,0.0,23.642
2021-12-16,0.84,300.9827,97.98,1.0988,120.235,152.426,0.0,97.162
2021-12-15,0.9,303.7638,98.88,0.0104,69.86,59.11,0.0,22.732
2021-12-14,0.88,302.8353,98.58,0.0165,81.258,75.896,0.0,36.311
2021-12-13,0.87,302.3716,98.43,0.0137,91.086,91.091,0.0,39.227
2021-12-12,0.87,302.3716,98.43,0.0,99.589,94.224,0.0,30.281
2021-12-11,0.86,301.9082,98.28,0.0,91.566,96.934,0.0,33.788
2021-12-10,0.87,302.3716,98.43,0.0106,102.474,86.403,0.0,27.745
2021-12-09,0.84,300.9827,97.98,0.0046,149.836,139.145,0.0,77.785
2021-12-08,0.82,300.0586,97.68,0.0228,64.1,85.505,0.0,38.693
2021-12-07,0.86,301.9082,98.28,0.0127,97.054,97.051,0.0,30.238
2021-12-06,0.86,301.9082,98.28,0.0128,142.493,105.071,0.0,52.151
2021-12-05,0.79,298.6752,97.23,0.0,121.459,137.475,0.0,81.893
2021-12-04,0.82,300.0586,97.68,0.0221,82.92,115.054,0.0,59.731
2021-12-03,0.88,302.8353,98.58,0.2242,158.01,120.53,0.0,62.63
2021-12-02,0.81,299.5971,97.53,0.0066,164.609,175.291,0.0,113.564
2021-12-01,0.83,300.5204,97.83,0.0506,224.162,192.155,0.0,148.228
2021-11-30,0.77,297.7548,96.93,16.7161,287.874,330.584,0.0,300.992
2021-11-29,0.85,301.4453,98.13,0.0,91.747,75.702,0.0,46.102
2021-11-28,0.82,300.0586,97.68,0.0,59.206,75.253,0.0,45.632
2021-11-27,0.85,301.4453,98.13,0.0,95.497,74.105,0.0,44.589
2021-11-26,0.81,299.5971,97.53,0.0,68.785,74.131,0.0,44.468
2021-11-25,0.82,300.0586,97.68,0.0,156.78,156.785,0.0,127.197
2021-11-24,0.82,300.0586,97.68,0.0533,47.286,57.985,0.0,28.68
2021-11-23,0.84,300.9827,97.98,0.0791,73.941,52.568,0.0,23.101
2021-11-22,0.8,299.136,97.38,0.191,33.082,49.101,0.0,19.958
2021-11-21,0.83,300.5204,97.83,0.0,46.246,51.6,0.0,22.419
2021-11-20,0.84,300.9827,97.98,0.0038,62.501,41.128,0.0,12.06
2021-11-19,0.8,299.136,97.38,0.0,6.359,38.443,0.0,9.194
2021-11-18,0.86,301.9082,98.28,0.0,46.895,52.263,0.0,22.348
2021-11-17,0.87,302.3716,98.43,0.0,52.425,52.43,0.0,22.465
2021-11-16,0.87,302.3716,98.43,0.0,90.87,58.757,0.0,29.234
2021-11-15,0.81,299.5971,97.53,0.0128,58.298,74.339,0.0,44.751
2021-11-14,0.84,300.9827,97.98,0.009,86.246,75.555,0.0,45.759
2021-11-13,0.82,300.0586,97.68,0.0038,43.273,75.407,0.0,45.619
2021-11-12,0.88,302.8353,98.58,0.0558,74.708,74.705,0.0,44.824
2021-11-11,0.88,302.8353,98.58,0.2472,52.35,73.863,0.0,43.898
2021-11-10,0.92,304.6938,99.18,0.6071,176.833,139.231,0.0,109.426
2021-11-09,0.85,301.4453,98.13,0.4927,290.207,322.426,0.0,292.817
2021-11-08,0.91,304.2286,99.03,21.3237,129.651,140.419,0.0,111.099
2021-11-07,0.93,305.1594,99.34,0.0,151.96,82.245,0.0,53.282
2021-11-06,0.8,299.136,97.38,0.0295,203.258,203.258,0.0,175.093
2021-11-05,0.8,299.136,97.38,0.0218,146.83,136.171,0.0,108.036
2021-11-04,0.78,298.2148,97.08,0.0,40.617,72.656,0.0,44.406
2021-11-03,0.84,300.9827,97.98,0.0305,100.186,84.148,0.0,55.616
2021-11-02,0.81,299.5971,97.53,0.0205,34.69,45.372,0.0,18.054
2021-11-01,0.83,300.5204,97.83,0.0,70.112,54.088,0.0,26.868
2021-10-31,0.8,299.136,97.38,0.0403,123.739,118.404,0.0,67.3
2021-10-30,0.79,298.6752,97.23,0.0,86.33,81.003,0.0,30.81
2021-10-29,0.78,298.2148,97.08,0.02,89.449,110.793,0.0,58.62
2021-10-28,0.82,300.0586,97.68,0.0209,82.514,93.213,0.0,40.873
2021-10-27,0.84,300.9827,97.98,0.0,118.36,91.651,0.0,39.414
2021-10-26,0.79,298.6752,97.23,0.012,115.177,131.193,0.0,79.06
2021-10-25,0.82,300.0586,97.68,0.0,105.695,89.681,0.0,38.232
2021-10-24,0.79,298.6752,97.23,0.0198,129.042,123.715,0.0,72.385
2021-10-23,0.78,298.2148,97.08,0.0126,124.361,108.402,0.0,57.572
2021-10-22,0.75,296.8359,96.63,0.3295,140.93,162.216,0.0,111.21
2021-10-21,0.79,298.6752,97.23,0.0432,148.364,137.713,0.0,86.629
2021-10-20,0.77,297.7548,96.93,0.0266,241.549,236.227,0.0,186.316
2021-10-19,0.76,297.2952,96.78,0.382,234.95,272.274,0.0,221.809
2021-10-18,0.83,300.5204,97.83,0.0414,235.54,273.081,0.0,221.391
2021-10-17,0.9,303.7638,98.88,0.013,180.917,164.808,0.0,112.305
2021-10-16,0.87,302.3716,98.43,8.7432,321.722,289.609,0.0,238.059
2021-10-15,0.81,299.5971,97.53,6.029,188.69,231.536,0.0,179.871
2021-10-14,0.89,303.2993,98.73,0.0457,188.379,129.532,0.0,77.211
2021-10-13,0.78,298.2148,97.08,0.2271,277.095,314.481,0.0,262.498
2021-10-12,0.85,301.4453,98.13,7.2864,285.532,290.888,0.0,239.055
2021-10-11,0.86,301.9082,98.28,20.1936,193.187,177.12,0.0,125.484
2021-10-10,0.83,300.5204,97.83,0.8421,166.454,166.449,0.0,115.24
2021-10-09,0.83,300.5204,97.83,0.1523,143.939,122.58,0.0,71.892
2021-10-08,0.79,298.6752,97.23,0.6425,110.025,104.698,0.0,54.114
2021-10-07,0.78,298.2148,97.08,0.0438,114.089,135.433,0.0,84.831
2021-10-06,0.82,300.0586,97.68,0.0471,154.516,159.857,0.0,109.037
2021-10-05,0.83,300.5204,97.83,0.0477,133.934,117.91,0.0,67.152
2021-10-04,0.8,299.136,97.38,0.0288,139.394,160.772,0.0,109.834
2021-10-03,0.84,300.9827,97.98,0.0433,264.878,264.882,0.0,213.11
2021-10-02,0.84,300.9827,97.98,0.1596,272.208,320.545,0.0,268.912
2021-10-01,0.93,305.1594,99.34,0.0433,407.183,348.151,0.0,295.825
2021-09-30,0.82,300.0586,97.68,5.6184,442.408,437.066,0.0,384.826
2021-09-29,0.81,299.5971,97.53,20.1311,333.663,355.051,0.0,302.963
2021-09-28,0.85,301.4453,98.13,0.2854,119.842,130.568,0.0,78.38
2021-09-27,0.87,302.3716,98.43,0.1098,190.621,163.855,0.0,112.147
2021-09-26,0.82,300.0586,97.68,0.0055,217.16,217.165,0.0,165.42
2021-09-25,0.82,300.0586,97.68,1.6716,245.798,245.803,0.0,194.568
2021-09-24,0.82,300.0586,97.68,0.0236,205.314,199.972,0.0,150.121
2021-09-23,0.81,299.5971,97.53,0.05,274.969,328.579,0.0,277.739
2021-09-22,0.91,304.2286,99.03,2.3313,342.219,299.295,0.0,248.716
2021-09-21,0.83,300.5204,97.83,13.2755,288.768,299.469,0.0,248.869
2021-09-20,0.85,301.4453,98.13,0.0027,228.059,222.709,0.0,172.084
2021-09-19,0.84,300.9827,97.98,0.043,357.311,362.662,0.0,311.82
2021-09-18,0.85,301.4453,98.13,0.0556,662.598,646.553,0.0,594.831
2021-09-17,0.82,300.0586,97.68,21.0185,468.578,484.625,0.0,432.931
2021-09-16,0.85,301.4453,98.13,0.2394,301.814,301.811,0.0,249.301
2021-09-15,0.85,301.4453,98.13,0.0207,349.544,360.27,0.0,307.722
2021-09-14,0.87,302.3716,98.43,0.387,380.891,359.461,0.0,306.966
2021-09-13,0.83,300.5204,97.83,0.0,298.927,347.232,0.0,294.74
2021-09-12,0.92,304.6938,99.18,0.0469,421.424,319.852,0.0,268.671
2021-09-11,0.73,295.9184,96.33,0.0,321.185,353.09,0.0,302.269
2021-09-10,0.79,298.6752,97.23,0.1085,338.764,381.551,0.0,330.861
2021-09-09,0.87,302.3716,98.43,0.04,449.36,433.289,0.0,382.597
2021-09-08,0.84,300.9827,97.98,0.0688,635.345,597.988,0.0,547.191
2021-09-07,0.77,297.7548,96.93,7.5161,440.263,450.913,0.0,400.361
2021-09-06,0.79,298.6752,97.23,6.88,467.805,494.515,0.0,443.976
2021-09-05,0.84,300.9827,97.98,0.5549,558.545,563.896,0.0,512.203
2021-09-04,0.85,301.4453,98.13,0.0369,990.28,847.21,0.0,796.481
2021-09-03,0.58,289.0838,94.1,1.2425,2329.568,2277.359,0.0,2162.373
2021-09-02,0.48,284.5725,92.63,1.1271,2494.745,2636.683,0.0,2495.369
2021-09-01,0.75,296.8359,96.63,37.7717,961.265,1003.905,0.0,936.428
2021-08-31,0.83,300.5204,97.83,4.577,870.475,817.206,0.0,684.508
2021-08-30,0.73,295.9184,96.33,0.195,1023.868,1077.127,0.0,928.823
2021-08-29,0.83,300.5204,97.83,9.4275,1154.398,1154.393,0.0,1014.296
2021-08-28,0.83,300.5204,97.83,0.102,1283.001,1331.306,0.0,1192.607
2021-08-27,0.92,304.6938,99.18,13.5156,1646.019,1587.028,0.0,1463.639
2021-08-26,0.81,299.5971,97.53,0.0,3021.91,3238.934,0.0,3125.83
2021-08-25,1.21,318.3479,103.63,10.9954,4438.141,4394.183,0.0,4248.302
2021-08-24,1.13,314.5495,102.39,55.7464,3514.848,3427.759,0.0,3292.449
2021-08-23,0.97,307.0254,99.94,46.588,1091.392,1005.416,0.0,926.262
2021-08-22,0.81,299.5971,97.53,0.2655,1809.462,1852.308,0.0,1776.485
2021-08-21,0.89,303.2993,98.73,47.0175,1327.437,1279.25,0.0,1190.823
2021-08-20,0.8,299.136,97.38,0.1627,242.753,269.478,0.0,157.939
2021-08-19,0.85,301.4453,98.13,4.1383,245.051,218.323,0.0,138.365
2021-08-18,0.8,299.136,97.38,2.6445,271.911,282.594,0.0,166.424
2021-08-17,0.82,300.0586,97.68,3.4238,362.011,388.787,0.0,245.455
2021-08-16,0.87,302.3716,98.43,0.0243,230.567,203.801,0.0,64.57
2021-08-15,0.82,300.0586,97.68,0.7663,262.944,246.93,0.0,118.341
2021-08-14,0.79,298.6752,97.23,11.1028,363.986,358.659,0.0,241.911
2021-08-13,0.78,298.2148,97.08,0.8335,279.824,290.486,0.0,182.799
2021-08-12,0.8,299.136,97.38,1.8116,335.789,405.5,0.0,292.29
2021-08-11,0.93,305.1594,99.34,1.2019,420.678,415.292,0.0,303.411
2021-08-10,0.92,304.6938,99.18,15.2897,304.63,261.681,0.0,152.69
2021-08-09,0.84,300.9827,97.98,1.4033,445.749,504.885,0.0,390.043
2021-08-08,0.95,306.0916,99.64,5.803,513.186,459.406,0.0,345.709
2021-08-07,0.85,301.4453,98.13,13.8894,235.075,229.725,0.0,117.359
2021-08-06,0.84,300.9827,97.98,1.8264,172.198,161.507,0.0,35.581
2021-08-05,0.82,300.0586,97.68,0.2574,238.972,271.106,0.0,134.282
2021-08-04,0.88,302.8353,98.58,0.0308,422.571,444.084,0.0,289.552
2021-08-03,0.92,304.6938,99.18,0.242,585.753,521.427,0.0,368.015
2021-08-02,0.8,299.136,97.38,8.1928,388.896,447.843,0.0,271.781
2021-08-01,0.91,304.2286,99.03,22.7387,198.721,134.443,0.0,19.313
2021-07-31,0.79,298.6752,97.23,2.3595,111.242,116.575,0.0,18.749
2021-07-30,0.8,299.136,97.38,0.0,151.676,173.054,0.0,78.936
2021-07-29,0.84,300.9827,97.98,0.0,197.358,181.32,0.0,54.616
2021-07-28,0.81,299.5971,97.53,0.0116,134.301,150.342,0.0,28.86
2021-07-27,0.84,300.9827,97.98,0.349,166.946,177.656,0.0,59.333
2021-07-26,0.86,301.9082,98.28,0.0,228.732,255.593,0.0,131.368
2021-07-25,0.91,304.2286,99.03,0.0061,188.543,177.784,0.0,50.357
2021-07-24,0.89,303.2993,98.73,0.3376,224.252,229.63,0.0,104.811
2021-07-23,0.9,303.7638,98.88,0.2701,209.931,193.822,0.0,67.078
2021-07-22,0.87,302.3716,98.43,0.0,302.912,292.188,0.0,171.918
2021-07-21,0.85,301.4453,98.13,0.0,361.017,387.854,0.0,294.495
2021-07-20,0.9,303.7638,98.88,0.0212,489.476,489.478,0.0,407.451
2021-07-19,0.9,303.7638,98.88,0.8006,535.852,482.29,0.0,403.718
2021-07-18,0.8,299.136,97.38,3.2842,523.192,523.192,0.0,388.69
2021-07-17,0.8,299.136,97.38,1.7239,537.654,575.108,0.0,414.67
2021-07-16,0.87,302.3716,98.43,2.2719,519.382,455.313,0.0,329.796
2021-07-15,0.75,296.8359,96.63,4.275,547.783,606.488,0.0,485.085
2021-07-14,0.86,301.9082,98.28,0.0529,659.694,702.712,0.0,569.61
2021-07-13,0.94,305.6253,99.49,0.0,1033.726,990.702,0.0,863.34
2021-07-12,0.86,301.9082,98.28,0.7597,2401.518,2321.585,0.0,2202.952
2021-07-11,0.71,295.0024,96.03,7.6008,2282.041,2208.298,0.0,2094.394
2021-07-10,0.57,288.6311,93.96,15.3973,2626.561,2679.153,0.0,2582.469
2021-07-09,0.67,293.1748,95.43,17.2791,3691.467,3659.861,0.0,3527.481
2021-07-08,0.61,290.4442,94.55,35.807,3441.325,3347.41,0.0,3228.131
2021-07-07,0.43,282.3303,91.9,45.1585,3301.352,3229.231,0.0,3099.078
2021-07-06,0.29,276.099,89.88,43.2697,2370.08,2588.865,0.0,2454.498
2021-07-05,0.71,295.0024,96.03,23.1236,662.662,673.259,0.0,501.746
2021-07-04,0.73,295.9184,96.33,14.2235,818.169,866.092,0.0,692.117
2021-07-03,0.82,300.0586,97.68,33.6768,200.669,184.655,0.0,132.684
2021-07-02,0.79,298.6752,97.23,0.0,172.23,204.288,0.0,152.091
2021-07-01,0.85,301.4453,98.13,0.0,217.51,212.16,0.0,160.457
2021-06-30,0.84,300.9827,97.98,0.3983,277.648,250.939,0.0,199.284
2021-06-29,0.79,298.6752,97.23,0.9752,243.99,260.006,0.0,209.016
2021-06-28,0.82,300.0586,97.68,0.3616,238.381,243.722,0.0,193.614
2021-06-27,0.83,300.5204,97.83,0.022,177.871,156.512,0.0,105.792
2021-06-26,0.79,298.6752,97.23,1.5251,188.43,172.455,0.0,121.72
2021-06-25,0.76,297.2952,96.78,1.7992,207.328,223.298,0.0,171.909
2021-06-24,0.79,298.6752,97.23,0.4937,244.464,249.797,0.0,198.892
2021-06-23,0.8,299.136,97.38,2.8958,231.71,258.435,0.0,207.531
2021-06-22,0.85,301.4453,98.13,5.9587,256.246,283.083,0.0,171.219
2021-06-21,0.9,303.7638,98.88,0.0221,200.957,211.723,0.0,81.083
2021-06-20,0.92,304.6938,99.18,0.0,208.68,187.166,0.0,43.619
2021-06-19,0.88,302.8353,98.58,0.0102,189.98,195.347,0.0,38.117
2021-06-18,0.89,303.2993,98.73,2.2876,244.152,233.419,0.0,84.892
2021-06-17,0.87,302.3716,98.43,0.3739,265.536,292.416,0.0,137.387
2021-06-16,0.92,304.6938,99.18,2.1304,283.633,278.253,0.0,128.199
2021-06-15,0.91,304.2286,99.03,6.0224,191.629,148.705,0.0,42.81
2021-06-14,0.83,300.5204,97.83,0.024,165.616,154.928,0.0,77.87
2021-06-13,0.81,299.5971,97.53,0.151,307.063,259.18,0.0,144.733
2021-06-12,0.72,295.4602,96.18,1.0686,324.907,356.791,0.0,245.574
2021-06-11,0.78,298.2148,97.08,15.3533,251.745,246.423,0.0,136.641
2021-06-10,0.77,297.7548,96.93,0.538,115.6,126.25,0.0,31.806
2021-06-09,0.79,298.6752,97.23,0.0,70.306,113.093,0.0,26.518
2021-06-08,0.87,302.3716,98.43,0.184,168.173,146.743,0.0,39.098
2021-06-07,0.83,300.5204,97.83,0.008,190.231,200.932,0.0,70.453
2021-06-06,0.85,301.4453,98.13,0.4498,307.834,329.289,0.0,189.299
2021-06-05,0.89,303.2993,98.73,0.0235,324.982,314.249,0.0,166.541
2021-06-04,0.87,302.3716,98.43,1.704,371.714,350.284,0.0,193.655
2021-06-03,0.83,300.5204,97.83,19.6809,169.118,147.759,0.0,44.983
2021-06-02,0.79,298.6752,97.23,0.0,197.672,235.088,0.0,124.104
2021-06-01,0.86,301.9082,98.28,0.0194,239.034,228.325,0.0,118.139
2021-05-31,0.84,300.9827,97.98,3.2889,159.933,181.372,0.0,57.329
2021-05-30,0.88,302.8353,98.58,0.5265,197.927,187.195,0.0,78.115
2021-05-29,0.86,301.9082,98.28,0.0343,274.996,296.475,0.0,164.665
2021-05-28,0.9,303.7638,98.88,14.4054,213.495,218.879,0.0,115.926
2021-05-27,0.91,304.2286,99.03,0.4759,136.381,72.103,0.0,21.082
2021-05-26,0.79,298.6752,97.23,0.0639,34.302,82.448,0.0,31.4
2021-05-25,0.88,302.8353,98.58,0.8886,258.805,274.936,0.0,155.554
2021-05-24,0.91,304.2286,99.03,0.7607,404.98,372.762,0.0,243.188
2021-05-23,0.85,301.4453,98.13,0.0252,366.703,355.994,0.0,220.42
2021-05-22,0.83,300.5204,97.83,0.053,416.06,405.372,0.0,241.29
2021-05-21,0.81,299.5971,97.53,0.7736,481.94,492.622,0.0,322.974
2021-05-20,0.83,300.5204,97.83,12.7436,443.058,475.217,0.0,288.605
2021-05-19,0.89,303.2993,98.73,0.0508,314.231,218.197,0.0,94.044
2021-05-18,0.71,295.0024,96.03,0.7818,546.964,648.371,0.0,515.291
2021-05-17,0.9,303.7638,98.88,7.2757,707.725,718.491,0.0,543.893
2021-05-16,0.92,304.6938,99.18,29.2067,287.307,233.663,0.0,92.033
2021-05-15,0.82,300.0586,97.68,4.9602,179.267,168.589,0.0,62.637
2021-05-14,0.8,299.136,97.38,0.0334,73.586,62.927,0.0,14.327
2021-05-13,0.78,298.2148,97.08,0.0146,146.777,178.816,0.0,34.786
2021-05-12,0.84,300.9827,97.98,0.0329,129.927,129.931,0.0,36.455
2021-05-11,0.84,300.9827,97.98,2.1429,99.546,83.508,0.0,33.531
2021-05-10,0.81,299.5971,97.53,6.8923,95.443,100.789,0.0,33.394
2021-05-09,0.82,300.0586,97.68,0.0116,82.995,88.336,0.0,36.843
2021-05-08,0.83,300.5204,97.83,0.0,130.947,130.942,0.0,36.305
2021-05-07,0.83,300.5204,97.83,0.7551,131.998,126.657,0.0,37.41
2021-05-06,0.82,300.0586,97.68,0.0,158.385,158.39,0.0,38.504
2021-05-05,0.82,300.0586,97.68,1.4964,292.136,276.122,0.0,127.135
2021-05-04,0.79,298.6752,97.23,15.637,85.548,85.545,0.0,33.685
2021-05-03,0.79,298.6752,97.23,0.0423,94.414,73.127,0.0,23.691
2021-05-02,0.75,296.8359,96.63,1.2964,118.266,144.888,0.0,33.873
2021-05-01,0.8,299.136,97.38,5.5859,169.988,148.68,0.0,64.883
2021-04-30,0.76,297.2952,96.78,0.7488,74.754,80.076,0.0,20.118
2021-04-29,0.77,297.7548,96.93,0.1749,83.88,89.206,0.0,28.978
2021-04-28,0.78,298.2148,97.08,0.0,82.21,82.212,0.0,30.519
2021-04-27,0.78,298.2148,97.08,0.0,82.399,77.077,0.0,28.477
2021-04-26,0.77,297.7548,96.93,0.0,71.825,77.151,0.0,27.665
2021-04-25,0.78,298.2148,97.08,0.0,70.352,81.014,0.0,30.079
2021-04-24,0.8,299.136,97.38,0.0,73.922,95.3,0.0,43.195
2021-04-23,0.84,300.9827,97.98,0.0109,121.389,116.034,0.0,63.869
2021-04-22,0.83,300.5204,97.83,0.0055,140.654,140.649,0.0,88.468
2021-04-21,0.83,300.5204,97.83,0.0,199.132,209.833,0.0,157.52
2021-04-20,0.85,301.4453,98.13,0.0,211.717,217.073,0.0,164.58
2021-04-19,0.86,301.9082,98.28,0.0,235.13,256.609,0.0,204.241
2021-04-18,0.9,303.7638,98.88,0.0,241.159,230.409,0.0,177.838
2021-04-17,0.88,302.8353,98.58,0.0407,220.404,268.896,0.0,216.337
2021-04-16,0.97,307.0254,99.94,0.0282,316.436,284.071,0.0,231.761
2021-04-15,0.91,304.2286,99.03,0.0094,269.25,258.491,0.0,206.15
2021-04-14,0.89,303.2993,98.73,0.0108,362.348,383.872,0.0,331.846
2021-04-13,0.93,305.1594,99.34,1.2752,342.245,272.53,0.0,199.744
2021-04-12,0.8,299.136,97.38,13.7821,227.743,249.121,0.0,189.607
2021-04-11,0.84,300.9827,97.98,0.0,201.398,217.478,0.0,165.245
2021-04-10,0.87,302.3716,98.43,0.0088,244.067,244.072,0.0,191.57
2021-04-09,0.87,302.3716,98.43,0.0264,285.947,312.827,0.0,260.09
2021-04-08,0.92,304.6938,99.18,0.0,350.674,297.03,0.0,244.982
2021-04-07,0.82,300.0586,97.68,0.0189,399.402,420.807,0.0,368.724
2021-04-06,0.86,301.9082,98.28,0.0035,612.447,559.053,0.0,506.966
2021-04-05,0.76,297.2952,96.78,0.0161,1116.076,1153.4,0.0,1101.397
2021-04-04,0.83,300.5204,97.83,15.1794,860.533,871.234,0.0,818.91
2021-04-03,0.85,301.4453,98.13,20.2694,360.371,381.826,0.0,329.441
2021-04-02,0.89,303.2993,98.73,0.0,265.818,271.196,0.0,218.503
2021-04-01,0.9,303.7638,98.88,0.1123,254.044,243.294,0.0,191.423
2021-03-31,0.88,302.8353,98.58,0.0116,332.972,349.103,0.0,320.045
2021-03-30,0.91,304.2286,99.03,0.0114,253.091,215.526,0.0,188.051
2021-03-29,0.84,300.9827,97.98,0.0288,304.89,310.241,0.0,281.281
2021-03-28,0.85,301.4453,98.13,6.104,448.919,448.916,0.0,419.769
2021-03-27,0.85,301.4453,98.13,25.2993,107.935,129.39,0.0,100.571
2021-03-26,0.89,303.2993,98.73,0.0,98.247,98.243,0.0,68.375
2021-03-25,0.89,303.2993,98.73,0.0,90.531,101.291,0.0,71.265
2021-03-24,0.91,304.2286,99.03,0.0098,136.228,130.851,0.0,100.64
2021-03-23,0.9,303.7638,98.88,0.0203,102.977,86.868,0.0,56.983
2021-03-22,0.87,302.3716,98.43,0.0225,129.895,135.259,0.0,105.312
2021-03-21,0.88,302.8353,98.58,0.0224,140.431,167.326,0.0,137.148
2021-03-20,0.93,305.1594,99.34,4.5423,169.564,137.303,0.0,107.183
2021-03-19,0.87,302.3716,98.43,0.0084,96.125,90.76,0.0,61.03
2021-03-18,0.86,301.9082,98.28,0.0136,103.395,130.256,0.0,101.567
2021-03-17,0.91,304.2286,99.03,0.0129,201.433,196.056,0.0,165.943
2021-03-16,0.9,303.7638,98.88,0.2769,186.074,153.889,0.0,124.504
2021-03-15,0.84,300.9827,97.98,0.0122,128.108,160.299,0.0,131.168
2021-03-14,0.9,303.7638,98.88,0.0036,167.412,156.662,0.0,127.182
2021-03-13,0.88,302.8353,98.58,0.0786,231.265,242.014,0.0,213.126
2021-03-12,0.9,303.7638,98.88,18.5949,311.873,301.123,0.0,271.143
2021-03-11,0.88,302.8353,98.58,0.0196,229.934,213.843,0.0,184.083
2021-03-10,0.85,301.4453,98.13,0.0,227.067,243.152,0.0,214.238
2021-03-09,0.88,302.8353,98.58,0.0,289.65,321.939,0.0,292.811
2021-03-08,0.94,305.6253,99.49,0.0237,258.82,253.423,0.0,223.232
2021-03-07,0.93,305.1594,99.34,0.0,257.802,247.034,0.0,216.641
2021-03-06,0.91,304.2286,99.03,0.0,204.162,214.93,0.0,184.519
2021-03-05,0.93,305.1594,99.34,0.0938,271.857,228.867,0.0,198.619
2021-03-04,0.85,301.4453,98.13,1.6555,181.054,181.051,0.0,152.059
2021-03-03,0.85,301.4453,98.13,0.019,351.066,410.241,0.0,381.288
2021-03-02,0.96,306.5583,99.79,5.0609,369.304,380.122,0.0,333.125
2021-03-01,0.98,307.4928,100.1,41.3574,105.096,67.321,0.0,38.479
2021-02-28,0.91,304.2286,99.03,0.2907,73.295,51.806,0.0,22.665
2021-02-27,0.87,302.3716,98.43,0.0088,53.279,101.733,0.0,72.2
2021-02-26,0.96,306.5583,99.79,0.4876,93.187,93.183,0.0,63.251
2021-02-25,0.96,306.5583,99.79,1.6577,82.84,82.836,0.0,52.117
2021-02-24,0.96,306.5583,99.79,0.1626,77.486,66.684,0.0,35.997
2021-02-23,0.94,305.6253,99.49,0.0007,90.816,74.655,0.0,44.243
2021-02-22,0.91,304.2286,99.03,0.0004,64.579,53.82,0.0,23.779
2021-02-21,0.89,303.2993,98.73,0.0051,59.599,70.359,0.0,40.221
2021-02-20,0.91,304.2286,99.03,0.016,93.833,77.703,0.0,47.553
2021-02-19,0.88,302.8353,98.58,0.0,65.474,103.168,0.0,72.833
2021-02-18,0.95,306.0916,99.64,0.0356,84.514,62.956,0.0,33.025
2021-02-17,0.91,304.2286,99.03,0.1455,99.044,115.206,0.0,84.778
2021-02-16,0.94,305.6253,99.49,0.0905,122.862,69.132,0.0,40.248
2021-02-15,0.84,300.9827,97.98,0.7731,97.637,54.956,0.0,26.935
2021-02-14,0.76,297.2952,96.78,2.8769,31.319,26.004,0.0,0.0
2021-02-13,0.75,296.8359,96.63,0.0051,6.517,27.803,0.0,0.0
2021-02-12,0.79,298.6752,97.23,0.0102,28.147,28.144,0.0,0.0
2021-02-11,0.79,298.6752,97.23,0.0,33.65,28.323,0.0,0.0
2021-02-10,0.78,298.2148,97.08,0.0,27.656,27.658,0.0,0.0
2021-02-09,0.78,298.2148,97.08,0.0216,36.65,26.004,0.0,0.0
2021-02-08,0.76,297.2952,96.78,0.0088,47.838,31.898,0.0,4.566
2021-02-07,0.73,295.9184,96.33,0.0111,14.054,40.635,0.0,11.531
2021-02-06,0.78,298.2148,97.08,0.0,13.795,40.475,0.0,10.91
2021-02-05,0.83,300.5204,97.83,0.0,25.799,52.588,0.0,22.825
2021-02-04,0.88,302.8353,98.58,0.0482,64.106,58.744,0.0,28.674
2021-02-03,0.87,302.3716,98.43,0.3063,50.071,66.187,0.0,37.577
2021-02-02,0.9,303.7638,98.88,0.0251,68.527,95.474,0.0,67.43
2021-02-01,0.95,306.0916,99.64,10.7501,102.313,59.262,0.0,29.993
2021-01-31,0.87,302.3716,98.43,0.0726,36.582,52.698,0.0,23.442
2021-01-30,0.9,303.7638,98.88,0.0166,94.298,110.446,0.0,80.726
2021-01-29,0.93,305.1594,99.34,0.0555,44.032,49.421,0.0,20.005
2021-01-28,0.94,305.6253,99.49,0.1514,74.287,52.744,0.0,24.606
2021-01-27,0.9,303.7638,98.88,0.0204,96.472,80.363,0.0,54.358
2021-01-26,0.87,302.3716,98.43,7.3409,108.427,119.161,0.0,93.157
2021-01-25,0.89,303.2993,98.73,0.0134,99.153,93.779,0.0,67.776
2021-01-24,0.88,302.8353,98.58,0.0539,119.984,136.115,0.0,110.114
2021-01-23,0.91,304.2286,99.03,0.2572,93.983,77.853,0.0,51.852
2021-01-22,0.88,302.8353,98.58,0.8972,72.345,77.712,0.0,51.712
2021-01-21,0.89,303.2993,98.73,1.7528,68.477,84.619,0.0,55.77
2021-01-20,0.92,304.6938,99.18,0.0101,94.396,89.016,0.0,58.61
2021-01-19,0.91,304.2286,99.03,0.014,90.704,85.327,0.0,55.198
2021-01-18,0.9,303.7638,98.88,0.4274,84.796,63.317,0.0,33.407
2021-01-17,0.86,301.9082,98.28,0.0088,58.956,64.324,0.0,34.595
2021-01-16,0.87,302.3716,98.43,0.0,79.12,95.236,0.0,65.596
2021-01-15,0.9,303.7638,98.88,0.0456,109.664,104.284,0.0,74.507
2021-01-14,0.89,303.2993,98.73,0.0,71.122,81.882,0.0,52.424
2021-01-13,0.91,304.2286,99.03,0.0,79.146,79.15,0.0,49.38
2021-01-12,0.91,304.2286,99.03,0.0,90.575,101.343,0.0,70.978
2021-01-11,0.93,305.1594,99.34,0.0,85.171,42.181,0.0,12.163
2021-01-10,0.85,301.4453,98.13,0.0,40.985,51.711,0.0,21.889
2021-01-09,0.87,302.3716,98.43,0.024,57.575,62.939,0.0,33.029
2021-01-08,0.88,302.8353,98.58,0.0439,87.338,98.087,0.0,67.926
2021-01-07,0.9,303.7638,98.88,0.0806,113.072,123.838,0.0,93.234
2021-01-06,0.92,304.6938,99.18,0.0282,71.858,50.344,0.0,20.071
2021-01-05,0.88,302.8353,98.58,0.0273,51.518,51.515,0.0,21.691
2021-01-04,0.88,302.8353,98.58,0.003,48.411,59.16,0.0,29.063
2021-01-03,0.9,303.7638,98.88,0.0,76.973,76.975,0.0,47.053
2021-01-02,0.9,303.7638,98.88,0.0,140.04,140.042,0.0,109.942
2021-01-01,0.9,303.7638,98.88,0.0788,113.853,124.619,0.0,94.891
2020-12-31,0.92,304.6938,99.18,0.0122,101.496,96.116,0.0,66.289
2020-12-30,0.91,304.2286,99.03,0.2178,86.141,96.909,0.0,66.99
2020-12-29,0.93,305.159,99.34,1.1839,103.02,86.87,0.0,56.681
2020-12-28,0.9,303.764,98.88,0.0347,96.926,96.928,0.0,66.223
2020-12-27,0.9,303.764,98.88,1.2736,86.102,96.868,0.0,65.705
2020-12-26,0.92,304.694,99.18,0.0116,96.112,85.35,0.0,54.334
2020-12-25,0.9,303.764,98.88,0.0054,116.141,137.683,0.0,106.444
2020-12-24,0.94,305.625,99.49,0.0004,121.026,121.022,0.0,89.679
2020-12-23,0.94,305.625,99.49,0.0,110.199,77.904,0.0,47.485
2020-12-22,0.88,302.835,98.58,0.0,113.561,129.692,0.0,99.142
2020-12-21,0.91,304.229,99.03,0.0066,141.976,152.744,0.0,107.363
2020-12-20,0.93,305.159,99.34,0.0,155.851,182.861,0.0,123.912
2020-12-19,0.98,307.493,100.1,0.0,141.185,98.028,0.0,40.607
2020-12-18,0.9,303.764,98.88,0.0175,89.143,116.09,0.0,65.185
2020-12-17,0.95,306.092,99.64,0.0,126.145,99.205,0.0,49.803
2020-12-16,0.9,303.764,98.88,0.0004,79.497,106.444,0.0,46.624
2020-12-15,0.95,306.092,99.64,0.001,114.173,65.751,0.0,25.183
2020-12-14,0.86,301.908,98.28,0.0196,57.125,78.604,0.0,35.459
2020-12-13,0.9,303.764,98.88,0.8055,141.702,152.468,0.0,100.949
2020-12-12,0.92,304.694,99.18,0.0,98.454,82.31,0.0,27.554
2020-12-11,0.89,303.299,98.73,0.0088,155.82,161.198,0.0,103.843
2020-12-10,0.9,303.764,98.88,0.1054,118.969,108.219,0.0,53.366
2020-12-09,0.88,302.835,98.58,0.087,152.594,179.489,0.0,110.855
2020-12-08,0.93,305.159,99.34,0.0,173.753,173.749,0.0,94.76
2020-12-07,0.93,305.159,99.34,0.0118,147.345,136.577,0.0,75.376
2020-12-06,0.91,304.229,99.03,0.0874,136.214,152.376,0.0,96.875
2020-12-05,0.94,305.625,99.49,0.087,185.705,153.41,0.0,100.078
2020-12-04,0.88,302.835,98.58,0.0072,180.46,185.827,0.0,129.663
2020-12-03,0.89,303.299,98.73,0.0,135.864,141.242,0.0,91.111
2020-12-02,0.9,303.764,98.88,0.0151,76.957,93.105,0.0,53.781
2020-12-01,0.93,305.159,99.34,0.0058,132.222,78.526,0.0,48.284
2020-11-30,0.83,300.52,97.83,0.0,34.073,55.503,0.0,25.551
2020-11-29,0.87,302.372,98.43,0.086,56.877,56.882,0.0,26.72
2020-11-28,0.87,302.372,98.43,0.0004,67.08,83.196,0.0,52.794
2020-11-27,0.9,303.764,98.88,0.0404,106.642,85.163,0.0,54.575
2020-11-26,0.86,301.908,98.28,0.0109,80.936,123.954,0.0,93.487
2020-11-25,0.94,305.625,99.49,0.0652,125.121,125.117,0.0,94.164
2020-11-24,0.94,305.625,99.49,0.0116,115.905,105.126,0.0,74.046
2020-11-23,0.92,304.694,99.18,0.0,150.464,155.848,0.0,124.351
2020-11-22,0.93,305.159,99.34,0.0367,145.422,161.61,0.0,130.396
2020-11-21,0.96,306.558,99.79,0.0,45.791,56.609,0.0,25.289
2020-11-20,0.98,307.493,100.1,0.0655,49.152,32.939,0.0,1.96
2020-11-19,0.95,306.092,99.64,27.2501,136.12,28.995,0.0,0.0
2020-11-18,0.75,296.836,96.63,0.8473,12.41,28.372,0.0,0.0
2020-11-17,0.78,298.215,97.08,0.914,30.433,35.759,0.0,7.523
2020-11-16,0.79,298.675,97.23,0.0008,27.488,38.157,0.0,9.938
2020-11-15,0.81,299.597,97.53,0.0105,34.099,39.445,0.0,10.907
2020-11-14,0.82,300.059,97.68,0.0446,45.242,45.247,0.0,16.363
2020-11-13,0.82,300.059,97.68,0.0,93.586,125.72,0.0,95.947
2020-11-12,0.88,302.835,98.58,0.0096,65.073,70.44,0.0,42.004
2020-11-11,0.89,303.299,98.73,0.0153,84.112,78.738,0.0,50.715
2020-11-10,0.88,302.835,98.58,0.0,125.713,125.71,0.0,109.699
2020-11-09,0.88,302.835,98.58,0.0008,66.544,93.439,0.0,87.88
2020-11-08,0.93,305.159,99.34,0.0004,95.537,31.158,0.0,26.019
2020-11-07,0.81,299.597,97.53,0.006,97.703,113.744,0.0,109.122
2020-11-06,0.84,300.983,97.98,0.0,102.471,140.044,0.0,98.209
2020-11-05,0.91,304.229,99.03,0.032,86.954,65.465,0.0,12.628
2020-11-04,0.87,302.372,98.43,0.0245,90.079,79.355,0.0,23.194
2020-11-03,0.85,301.445,98.13,0.0883,121.196,137.281,0.0,85.583
2020-11-02,0.88,302.835,98.58,0.8197,111.166,95.075,0.0,37.762
2020-11-01,0.85,301.445,98.13,1.7959,98.267,71.539,0.0,20.052
2020-10-31,0.8,299.136,97.38,0.0058,112.905,134.283,0.0,77.9
2020-10-30,0.84,300.983,97.98,0.0,89.471,127.044,0.0,74.965
2020-10-29,0.91,304.229,99.03,0.0116,140.628,119.139,0.0,67.096
2020-10-28,0.87,302.372,98.43,0.0165,150.162,118.049,0.0,67.493
2020-10-27,0.81,299.597,97.53,0.0199,122.299,143.687,0.0,83.777
2020-10-26,0.85,301.445,98.13,0.0098,152.733,158.089,0.0,98.765
2020-10-25,0.86,301.908,98.28,0.0084,151.052,177.913,0.0,125.191
2020-10-24,0.91,304.229,99.03,0.0,154.453,159.839,0.0,106.537
2020-10-23,0.92,304.694,99.18,0.0,166.141,171.525,0.0,118.468
2020-10-22,0.93,305.159,99.34,1.0032,209.668,204.282,0.0,151.474
2020-10-21,0.92,304.694,99.18,8.0692,166.816,139.943,0.0,87.535
2020-10-20,0.87,302.372,98.43,0.0,148.323,137.599,0.0,81.009
2020-10-19,0.85,301.445,98.13,0.0188,135.329,162.166,0.0,108.312
2020-10-18,0.9,303.764,98.88,0.0094,165.882,165.884,0.0,114.246
2020-10-17,0.9,303.764,98.88,0.0,157.16,157.162,0.0,105.855
2020-10-16,0.9,303.764,98.88,0.0044,149.983,166.131,0.0,115.209
2020-10-15,0.93,305.159,99.34,0.0195,170.552,149.02,0.0,92.479
2020-10-14,0.89,303.299,98.73,0.0,181.729,197.871,0.0,146.407
2020-10-13,0.92,304.694,99.18,0.0071,180.822,164.678,0.0,99.163
2020-10-12,0.89,303.299,98.73,0.0051,183.5,183.496,0.0,127.983
2020-10-11,0.89,303.299,98.73,0.0,208.994,187.532,0.0,134.84
2020-10-10,0.85,301.445,98.13,0.0,143.738,149.094,0.0,96.814
2020-10-09,0.86,301.908,98.28,0.0242,130.787,146.884,0.0,94.064
2020-10-08,0.89,303.299,98.73,0.0359,145.534,118.724,0.0,66.358
2020-10-07,0.84,300.983,97.98,0.0395,250.711,256.062,0.0,203.867
2020-10-06,0.85,301.445,98.13,0.0073,192.004,208.089,0.0,156.232
2020-10-05,0.88,302.835,98.58,0.0372,217.867,212.505,0.0,160.859
2020-10-04,0.87,302.372,98.43,0.2503,175.698,164.974,0.0,113.075
2020-10-03,0.85,301.445,98.13,0.6724,181.146,191.872,0.0,136.997
2020-10-02,0.87,302.372,98.43,0.0128,233.378,254.876,0.0,203.263
2020-10-01,0.91,304.229,99.03,0.0,261.038,271.806,0.0,220.232
2020-09-30,0.93,305.159,99.34,0.0,247.258,236.49,0.0,184.93
2020-09-29,0.91,304.229,99.03,0.0,287.827,282.45,0.0,222.672
2020-09-28,0.9,303.764,98.88,0.0129,282.545,287.929,0.0,235.114
2020-09-27,0.91,304.229,99.03,0.0201,213.464,197.334,0.0,144.572
2020-09-26,0.88,302.835,98.58,0.0,220.536,215.174,0.0,162.753
2020-09-25,0.87,302.372,98.43,0.0214,356.897,356.902,0.0,303.883
2020-09-24,0.87,302.372,98.43,0.0163,357.731,389.993,0.0,338.174
2020-09-23,0.93,305.159,99.34,0.0301,372.575,394.168,0.0,343.248
2020-09-22,0.97,307.025,99.94,0.0,449.741,369.112,0.0,317.03
2020-09-21,0.82,300.059,97.68,0.0946,372.883,394.288,0.0,340.018
2020-09-20,0.86,301.908,98.28,0.0557,295.743,317.222,0.0,260.752
2020-09-19,0.9,303.764,98.88,0.1719,423.941,407.832,0.0,353.823
2020-09-18,0.87,302.372,98.43,1.058,442.781,405.332,0.0,348.897
2020-09-17,0.8,299.136,97.38,2.0808,474.705,480.041,0.0,426.6
2020-09-16,0.81,299.597,97.53,1.9853,550.509,550.508,0.0,494.75
2020-09-15,0.81,299.597,97.53,0.0198,513.549,481.592,0.0,423.736
2020-09-14,0.75,296.836,96.63,0.0524,572.827,620.826,0.0,562.88
2020-09-13,0.84,300.983,97.98,0.0396,710.407,694.369,0.0,638.625
2020-09-12,0.81,299.597,97.53,4.1022,870.413,870.412,0.0,817.691
2020-09-11,0.81,299.597,97.53,4.2506,935.975,925.303,0.0,872.638
2020-09-10,0.79,298.675,97.23,2.3366,1192.352,1192.349,0.0,1132.559
2020-09-09,0.79,298.675,97.23,4.5238,2303.15,2372.812,0.0,2286.967
2020-09-08,0.92,304.694,99.18,0.345,4339.886,4426.624,0.0,4285.893
2020-09-07,1.08,312.188,101.62,52.5979,4496.047,4387.797,0.0,4225.727
2020-09-06,0.88,302.835,98.58,10.9055,2676.406,2703.301,0.0,2578.506
2020-09-05,0.93,305.159,99.34,5.8477,3612.68,3721.368,0.0,3593.813
2020-09-04,1.13,314.549,102.39,0.0108,5587.821,5709.401,0.0,5551.633
2020-09-03,1.35,325.054,105.81,54.9717,5812.349,5790.088,0.0,5620.114
2020-09-02,1.31,323.131,105.19,42.5728,2376.597,2082.899,0.0,1956.417
2020-09-01,0.77,297.755,96.93,0.1013,1247.875,1258.525,0.0,1131.899
2020-08-31,0.79,298.6752,97.23,0.5804,1143.553,1127.578,0.0,980.886
2020-08-30,0.76,297.2952,96.78,11.4511,1014.906,1052.23,0.0,887.849
2020-08-29,0.83,300.5204,97.83,8.634,553.64,537.616,0.0,397.445
2020-08-28,0.8,299.136,97.38,4.5927,692.522,687.187,0.0,528.523
2020-08-27,0.79,298.675,97.23,20.1974,1012.585,1017.918,0.0,867.867
2020-08-26,0.8,299.136,97.38,4.1233,1203.407,1224.785,0.0,1054.066
2020-08-25,0.84,300.983,97.98,0.3347,851.771,883.962,0.0,750.926
2020-08-24,0.9,303.764,98.88,0.0495,875.244,912.989,0.0,783.165
2020-08-23,0.97,307.025,99.94,2.7458,697.654,703.066,0.0,574.034
2020-08-22,0.98,307.493,100.1,4.042,482.569,444.794,0.0,302.606
2020-08-21,0.91,304.229,99.03,0.0,292.825,303.593,0.0,187.519
2020-08-20,0.93,305.159,99.34,0.0,324.725,287.093,0.0,144.153
2020-08-19,0.86,301.908,98.28,0.0066,471.428,455.361,0.0,323.437
2020-08-18,0.83,300.52,97.83,0.0302,648.692,627.333,0.0,541.061
2020-08-17,0.79,298.675,97.23,0.0153,993.517,951.003,0.0,819.992
2020-08-16,0.71,295.002,96.03,0.0,1581.859,1534.354,0.0,1386.592
2020-08-15,0.62,290.898,94.69,0.6298,1819.101,1813.841,0.0,1644.496
2020-08-14,0.61,290.444,94.55,0.037,2641.889,2516.967,0.0,2388.477
2020-08-13,0.37,279.651,91.03,0.0355,3422.675,3642.857,0.0,3517.77
2020-08-12,0.79,298.675,97.23,4.365,5597.175,5764.487,0.0,5629.278
2020-08-11,1.1,313.131,101.93,15.9795,6607.698,6706.78,0.0,6541.69
2020-08-10,1.28,321.692,104.72,45.9607,8803.077,8994.192,0.0,8116.688
2020-08-09,1.62,338.204,110.09,4.1657,12849.676,12912.64,0.0,11196.332
2020-08-08,1.73,343.644,111.86,86.5467,6854.315,6403.506,0.0,6198.696
2020-08-07,0.92,304.694,99.18,57.2651,2264.637,2253.875,0.0,2110.318
2020-08-06,0.9,303.764,98.88,14.072,1447.575,1394.013,0.0,1237.195
2020-08-05,0.8,299.136,97.38,5.46,1525.588,1472.452,0.0,1319.609
2020-08-04,0.7,294.545,95.88,4.2694,1903.474,1856.009,0.0,1708.814
2020-08-03,0.61,290.444,94.55,0.867,2444.237,2496.989,0.0,2357.876
2020-08-02,0.71,295.002,96.03,6.7895,2202.956,1953.495,0.0,1853.955
2020-08-01,0.23,273.449,89.01,1.8335,3000.656,3176.369,0.0,3040.12
2020-07-31,0.57,288.631,93.96,1.1727,4281.22,4166.983,0.0,3989.069
2020-07-30,0.35,278.761,90.74,34.9724,3023.303,2977.145,0.0,2854.428
2020-07-29,0.26,274.773,89.44,20.7699,2543.279,2594.591,0.0,2488.718
2020-07-28,0.36,279.206,90.89,19.4996,2496.692,2626.762,0.0,2519.528
2020-07-27,0.61,290.444,94.55,18.2762,2680.561,2802.537,0.0,2684.286
2020-07-26,0.84,300.983,97.98,0.7058,3785.845,3997.863,0.0,3824.856
2020-07-25,1.23,319.301,103.94,8.4184,5596.654,5719.219,0.0,5460.128
2020-07-24,1.45,329.891,107.39,17.8986,5132.399,5015.36,1.699,4757.208
2020-07-23,1.24,319.779,104.09,61.3067,2978.963,2825.946,0.0,2678.795
2020-07-22,0.96,306.558,99.79,50.4181,2040.795,2003.072,0.0,1851.352
2020-07-21,0.89,303.299,98.73,1.6737,741.408,741.404,0.0,604.554
2020-07-20,0.89,303.299,98.73,1.5492,799.676,805.054,0.0,675.882
2020-07-19,0.9,303.764,98.88,0.9846,795.091,768.253,0.0,630.357
2020-07-18,0.85,301.445,98.13,0.0,934.113,864.839,0.0,730.147
2020-07-17,0.72,295.46,96.18,0.0,1135.652,1135.649,0.0,1001.468
2020-07-16,0.72,295.46,96.18,0.1149,2041.53,1817.442,0.0,1664.692
2020-07-15,0.29,276.099,89.88,4.7243,3371.373,3648.688,0.0,3520.961
2020-07-14,0.82,300.059,97.68,7.1214,5341.205,5325.191,0.0,5136.9
2020-07-13,0.79,298.675,97.23,77.8255,2644.126,2649.459,0.0,2488.815
2020-07-12,0.8,299.136,97.38,29.3941,866.359,898.443,0.0,750.943
2020-07-11,0.86,301.908,98.28,0.1662,882.44,947.079,0.0,786.475
2020-07-10,0.98,307.493,100.1,31.8771,1060.957,1050.138,0.0,892.83
2020-07-09,0.96,306.558,99.79,0.8305,361.313,345.117,0.0,198.949
2020-07-08,0.93,305.159,99.34,0.0361,407.656,407.652,0.0,258.425
2020-07-07,0.93,305.159,99.34,1.8632,405.715,336.0,0.0,213.732
2020-07-06,0.8,299.136,97.38,9.1413,342.403,374.487,0.0,239.126
2020-07-05,0.86,301.908,98.28,0.0,407.8,413.168,0.0,264.818
2020-07-04,0.87,302.372,98.43,0.5633,332.458,348.574,0.0,205.088
2020-07-03,0.9,303.764,98.88,5.6009,466.598,413.036,0.0,261.141
2020-07-02,0.8,299.136,97.38,0.0,533.157,485.31,0.0,344.192
2020-07-01,0.71,295.002,96.03,1.1578,1029.069,1002.641,0.0,836.383
2020-06-30,0.66,292.719,95.29,10.3332,1267.597,1363.248,0.0,1251.102
2020-06-29,0.84,300.983,97.98,45.322,225.74,204.367,0.0,82.304
2020-06-28,0.8,299.136,97.38,0.0051,411.877,433.255,0.0,323.015
2020-06-27,0.84,300.983,97.98,0.0,244.242,254.952,0.0,119.999
2020-06-26,0.86,301.908,98.28,0.0473,253.42,194.714,0.0,49.098
2020-06-25,0.75,296.836,96.63,2.7506,313.711,334.997,0.0,233.896
2020-06-24,0.79,298.675,97.23,10.1611,202.819,234.877,0.0,160.274
2020-06-23,0.85,301.445,98.13,0.0,262.654,230.591,0.0,178.643
2020-06-22,0.79,298.675,97.23,0.0,264.734,270.067,0.0,205.4
2020-06-21,0.8,299.136,97.38,0.0,325.233,341.252,0.0,234.739
2020-06-20,0.83,300.52,97.83,0.1898,302.549,275.866,0.0,224.946
2020-06-19,0.78,298.215,97.08,0.4635,278.305,321.05,0.0,187.891
2020-06-18,0.86,301.908,98.28,10.0948,326.682,321.321,0.0,179.299
2020-06-17,0.85,301.445,98.13,0.1011,263.865,237.137,0.0,73.345
2020-06-16,0.8,299.136,97.38,0.0,306.591,279.971,0.0,104.841
2020-06-15,0.75,296.836,96.63,0.1436,568.583,611.223,0.0,414.387
2020-06-14,0.83,300.52,97.83,24.6331,504.739,478.056,0.0,306.97
2020-06-13,0.78,298.215,97.08,14.3919,1000.731,1022.075,0.0,846.585
2020-06-12,0.82,300.059,97.68,15.2319,356.609,367.308,0.0,182.715
2020-06-11,0.84,300.983,97.98,21.7786,163.505,131.472,0.0,38.331
2020-06-10,0.78,298.215,97.08,5.779,57.008,78.352,0.0,20.559
2020-06-09,0.82,300.059,97.68,0.0005,164.915,138.253,0.0,31.178
2020-06-08,0.77,297.755,96.93,0.0,129.749,156.418,0.0,28.158
2020-06-07,0.82,300.059,97.68,0.0,160.871,176.918,0.0,48.138
2020-06-06,0.85,301.445,98.13,0.0043,128.919,128.916,0.0,30.388
2020-06-05,0.85,301.445,98.13,0.2638,121.741,111.032,0.0,29.268
2020-06-04,0.83,300.52,97.83,0.0,121.822,111.134,0.0,20.174
2020-06-03,0.81,299.597,97.53,0.0,116.624,143.371,0.0,46.399
2020-06-02,0.86,301.908,98.28,0.0229,113.53,97.463,0.0,30.577
2020-06-01,0.83,300.52,97.83,0.0661,95.278,95.273,0.0,25.543
2020-05-31,0.83,300.52,97.83,0.0726,63.333,79.393,0.0,16.783
2020-05-30,0.86,301.908,98.28,0.0,70.599,70.596,0.0,15.521
2020-05-29,0.86,301.908,98.28,0.014,53.818,75.297,0.0,16.723
2020-05-28,0.9,303.764,98.88,0.0223,109.456,120.222,0.0,50.084
2020-05-27,0.92,304.694,99.18,0.0073,104.706,83.192,0.0,48.107
2020-05-26,0.88,302.835,98.58,0.0279,88.273,115.168,0.0,22.665
2020-05-25,0.93,305.159,99.34,0.0155,130.621,125.235,0.0,29.741
2020-05-24,0.92,304.694,99.18,0.445,178.501,156.987,0.0,47.464
2020-05-23,0.88,302.835,98.58,0.0,131.705,142.454,0.0,51.486
2020-05-22,0.9,303.764,98.88,0.033,169.251,185.399,0.0,85.038
2020-05-21,0.93,305.159,99.34,0.0,248.279,199.941,0.0,88.277
2020-05-20,0.84,300.983,97.98,0.0502,156.271,183.08,0.0,90.793
2020-05-19,0.89,303.299,98.73,3.4423,239.231,244.609,0.0,131.628
2020-05-18,0.9,303.764,98.88,10.8928,191.511,159.326,0.0,44.118
2020-05-17,0.84,300.983,97.98,1.7448,210.071,183.362,0.0,59.018
2020-05-16,0.79,298.675,97.23,0.2722,201.166,233.224,0.0,125.138
2020-05-15,0.85,301.445,98.13,15.1958,132.319,148.404,0.0,49.723
2020-05-14,0.88,302.835,98.58,0.0294,158.345,142.254,0.0,51.023
2020-05-13,0.85,301.445,98.13,0.313,129.411,140.137,0.0,34.817
2020-05-12,0.87,302.372,98.43,0.2009,180.663,164.592,0.0,65.755
2020-05-11,0.84,300.983,97.98,0.0496,230.909,268.482,0.0,158.227
2020-05-10,0.91,304.229,99.03,0.0752,187.956,182.579,0.0,84.112
2020-05-09,0.9,303.764,98.88,21.8695,174.489,169.109,0.0,86.894
2020-05-08,0.89,303.299,98.73,1.9561,112.002,111.998,0.0,38.757
2020-05-07,0.89,303.299,98.73,0.0175,119.604,119.6,0.0,27.785
2020-05-06,0.89,303.299,98.73,0.0816,100.757,111.517,0.0,62.517
2020-05-05,0.91,304.229,99.03,1.7393,100.382,127.342,0.0,109.688
2020-05-04,0.96,306.558,99.79,0.0043,87.84,50.117,0.0,30.879
2020-05-03,0.89,303.299,98.73,7.8177,70.173,43.363,0.0,26.242
2020-05-02,0.84,300.983,97.98,0.1406,36.477,41.828,0.0,25.321
2020-05-01,0.85,301.445,98.13,0.0434,36.871,42.227,0.0,25.611
2020-04-30,0.86,301.9082,98.28,0.0064,25.921,52.782,0.0,42.27
2020-04-29,0.91,304.2286,99.03,0.0128,35.582,40.968,0.0,33.171
2020-04-28,0.92,304.694,99.18,0.0072,97.536,86.774,0.0,64.548
2020-04-27,0.9,303.764,98.88,0.0237,100.723,122.265,0.0,107.634
2020-04-26,0.94,305.625,99.49,0.0,137.5,121.339,0.0,91.311
2020-04-25,0.91,304.229,99.03,0.0,154.501,165.269,0.0,138.376
2020-04-24,0.93,305.159,99.34,0.0184,160.415,155.029,0.0,121.812
2020-04-23,0.92,304.694,99.18,0.0762,169.236,163.856,0.0,130.568
2020-04-22,0.91,304.229,99.03,0.0059,191.735,175.605,0.0,139.766
2020-04-21,0.88,302.835,98.58,0.0105,197.892,214.023,0.0,183.846
2020-04-20,0.91,304.229,99.03,0.1765,141.609,163.176,0.0,141.581
2020-04-19,0.95,306.092,99.64,19.0439,165.174,148.998,0.0,122.172
2020-04-18,0.92,304.694,99.18,0.7824,129.541,129.543,0.0,99.818
2020-04-17,0.92,304.694,99.18,13.407,118.704,124.088,0.0,96.378
2020-04-16,0.93,305.159,99.34,0.0,75.595,48.693,0.0,29.345
2020-04-15,0.88,302.835,98.58,0.0,43.146,43.143,0.0,26.521
2020-04-14,0.88,302.835,98.58,0.0488,37.726,59.239,0.0,40.544
2020-04-13,0.92,304.694,99.18,0.0292,44.282,76.68,0.0,60.382
2020-04-12,0.98,307.493,100.1,2.1018,119.052,92.04,0.0,72.319
2020-04-11,0.93,305.159,99.34,0.5616,43.805,33.037,0.0,18.351
2020-04-10,0.91,304.229,99.03,0.05,82.659,71.9,0.0,53.808
2020-04-09,0.89,303.299,98.73,0.0,32.981,27.607,0.0,15.11
2020-04-08,0.88,302.835,98.58,0.0,76.596,49.799,0.0,20.169
2020-04-07,0.83,300.52,97.83,0.0,49.582,65.642,0.0,32.115
2020-04-06,0.86,301.908,98.28,0.0,84.15,68.083,0.0,34.607
2020-04-05,0.83,300.52,97.83,0.0,46.991,41.65,0.0,16.509
2020-04-04,0.82,300.059,97.68,0.0,46.1,62.147,0.0,37.225
2020-04-03,0.85,301.445,98.13,0.0058,64.962,64.959,0.0,48.923
2020-04-02,0.85,301.445,98.13,0.0082,91.808,113.263,0.0,94.935
2020-04-01,0.89,303.299,98.73,0.0512,137.599,148.359,0.0,128.018
2020-03-31,0.91,304.229,99.03,0.0,123.417,128.803,0.0,99.63
2020-03-30,0.92,304.694,99.18,0.0116,84.211,68.067,0.0,47.799
2020-03-29,0.89,303.299,98.73,0.0273,67.901,78.661,0.0,57.181
2020-03-28,0.91,304.229,99.03,0.0008,141.682,152.45,0.0,130.656
2020-03-27,0.93,305.159,99.34,4.5939,177.197,123.501,0.0,100.767
2020-03-26,0.83,300.52,97.83,4.6963,62.182,105.105,0.0,85.167
2020-03-25,0.91,304.229,99.03,0.0,100.06,83.93,0.0,54.552
2020-03-24,0.88,302.835,98.58,0.0,90.971,101.72,0.0,61.401
2020-03-23,0.9,303.764,98.88,0.0,103.609,108.993,0.0,82.385
2020-03-22,0.91,304.229,99.03,0.0,129.876,124.499,0.0,104.327
2020-03-21,0.9,303.764,98.88,0.0069,119.552,130.318,0.0,104.411
2020-03-20,0.92,304.694,99.18,0.0,70.953,54.809,0.0,35.514
2020-03-19,0.89,303.299,98.73,0.009,92.301,92.297,0.0,73.443
2020-03-18,0.89,303.299,98.73,0.0286,167.356,161.982,0.0,143.179
2020-03-17,0.88,302.835,98.58,0.0,160.356,181.869,0.0,157.292
2020-03-16,0.92,304.694,99.18,0.0024,157.495,152.115,0.0,131.029
2020-03-15,0.91,304.229,99.03,0.0167,137.725,132.348,0.0,111.141
2020-03-14,0.9,303.764,98.88,0.0,136.224,141.608,0.0,118.577
2020-03-13,0.91,304.229,99.03,0.0,183.269,161.78,0.0,122.76
2020-03-12,0.87,302.372,98.43,0.003,137.143,180.204,0.0,148.347
2020-03-11,0.95,306.092,99.64,0.0166,185.082,142.031,0.0,119.769
2020-03-10,0.87,302.372,98.43,9.5142,140.234,145.598,0.0,131.867
2020-03-09,0.88,302.835,98.58,2.877,150.089,150.086,0.0,137.436
2020-03-08,0.88,302.835,98.58,0.0628,163.814,169.181,0.0,152.065
2020-03-07,0.89,303.299,98.73,1.6814,173.196,194.72,0.0,172.809
2020-03-06,0.93,305.159,99.34,0.0,159.984,154.598,0.0,123.848
2020-03-05,0.92,304.694,99.18,0.0082,183.695,151.452,0.0,120.458
2020-03-04,0.86,301.908,98.28,0.0,178.368,178.365,0.0,148.634
2020-03-03,0.86,301.908,98.28,0.0015,157.138,167.865,0.0,133.857
2020-03-02,0.88,302.835,98.58,0.012,134.383,129.021,0.0,94.25
2020-03-01,0.87,302.372,98.43,0.0358,213.772,213.777,0.0,178.921
2020-02-29,0.87,302.372,98.43,0.0263,146.849,152.213,0.0,114.103
2020-02-28,0.88,302.835,98.58,1.1468,211.381,227.512,0.0,197.196
2020-02-27,0.91,304.229,99.03,0.1817,335.757,324.998,0.0,292.26
2020-02-26,0.89,303.299,98.73,0.8109,199.574,199.57,0.0,171.029
2020-02-25,0.89,303.299,98.73,32.9034,169.509,174.887,0.0,149.147
2020-02-24,0.9,303.764,98.88,0.0209,135.818,151.966,0.0,125.42
2020-02-23,0.93,305.159,99.34,0.0072,155.315,149.929,0.0,106.28
2020-02-22,0.92,304.694,99.18,0.8614,184.206,173.444,0.0,140.249
2020-02-21,0.9,303.764,98.88,0.4646,179.791,201.333,0.0,176.498
2020-02-20,0.94,305.625,99.49,0.0,183.183,167.022,0.0,137.513
2020-02-19,0.91,304.229,99.03,0.0067,188.466,172.336,0.0,147.434
2020-02-18,0.88,302.835,98.58,0.0008,168.476,189.989,0.0,163.271
2020-02-17,0.92,304.694,99.18,0.1532,174.551,190.734,0.0,163.585
2020-02-16,0.95,306.092,99.64,3.9713,191.122,158.8,0.0,132.323
2020-02-15,0.89,303.299,98.73,0.4322,115.483,131.625,0.0,107.819
2020-02-14,0.92,304.694,99.18,0.0067,122.524,127.908,0.0,107.534
2020-02-13,0.93,305.159,99.34,0.0407,94.192,83.424,0.0,68.288
2020-02-12,0.91,304.229,99.03,12.3368,100.398,100.402,0.0,82.051
2020-02-11,0.91,304.229,99.03,0.4991,75.258,69.881,0.0,41.473
2020-02-10,0.9,303.764,98.88,0.0004,72.854,67.474,0.0,40.156
2020-02-09,0.89,303.299,98.73,0.0,48.124,64.266,0.0,30.998
2020-02-08,0.92,304.694,99.18,0.0,79.574,79.576,0.0,48.0
2020-02-07,0.92,304.694,99.18,0.0,84.111,67.967,0.0,41.044
2020-02-06,0.89,303.299,98.73,0.0,126.606,126.602,0.0,99.444
2020-02-05,0.89,303.299,98.73,0.0011,175.543,159.439,0.0,129.041
2020-02-04,0.86,301.908,98.28,0.0102,104.015,130.876,0.0,97.636
2020-02-03,0.91,304.229,99.03,0.0,181.853,165.723,0.0,135.461
2020-02-02,0.88,302.835,98.58,0.0,157.783,163.15,0.0,142.001
2020-02-01,0.89,303.299,98.73,0.0088,142.67,164.194,0.0,142.213
2020-01-31,0.93,305.159,99.34,0.0657,100.799,116.987,0.0,96.289
2020-01-30,0.96,306.558,99.79,0.0465,189.397,162.437,0.0,136.96
2020-01-29,0.91,304.229,99.03,0.0579,292.389,249.465,0.0,226.348
2020-01-28,0.83,300.52,97.83,0.5368,192.678,230.219,0.0,212.61
2020-01-27,0.9,303.764,98.88,15.319,107.643,123.791,0.0,104.557
2020-01-26,0.93,305.159,99.34,0.1095,120.842,99.31,0.0,79.169
2020-01-25,0.89,303.299,98.73,0.3719,149.736,149.732,0.0,123.553
2020-01-24,0.89,303.299,98.73,0.4198,147.973,153.351,0.0,126.245
2020-01-23,0.9,303.764,98.88,4.7696,150.0,139.25,0.0,117.435
2020-01-22,0.88,302.835,98.58,3.8456,171.061,192.574,0.0,180.014
2020-01-21,0.92,304.694,99.18,0.0,138.971,133.591,0.0,108.376
2020-01-20,0.91,304.229,99.03,0.4344,142.424,147.81,0.0,127.877
2020-01-19,0.92,304.694,99.18,0.0,164.211,137.338,0.0,113.683
2020-01-18,0.87,302.372,98.43,0.0679,193.708,193.713,0.0,165.81
2020-01-17,0.87,302.372,98.43,0.0507,178.206,172.841,0.0,155.954
2020-01-16,0.86,301.908,98.28,0.2656,169.251,190.73,0.0,171.559
2020-01-15,0.9,303.764,98.88,0.348,107.16,139.5,0.0,117.557
2020-01-14,0.96,306.558,99.79,1.1026,128.173,122.776,0.0,105.41
2020-01-13,0.95,306.092,99.64,0.0119,189.868,120.046,0.0,91.072
2020-01-12,0.82,300.059,97.68,0.0046,125.197,151.973,0.0,122.319
2020-01-11,0.87,302.372,98.43,0.0227,154.972,144.248,0.0,104.735
2020-01-10,0.85,301.445,98.13,0.0928,179.328,179.325,0.0,152.789
2020-01-09,0.85,301.445,98.13,1.2041,179.137,189.863,0.0,171.308
2020-01-08,0.87,302.372,98.43,1.0897,132.2,132.205,0.0,110.759
2020-01-07,0.87,302.372,98.43,32.9022,135.063,140.427,0.0,119.159
2020-01-06,0.88,302.835,98.58,9.7204,94.069,115.582,0.0,90.206
2020-01-05,0.92,304.694,99.18,0.0,91.492,86.112,0.0,65.195
2020-01-04,0.91,304.229,99.03,0.0,101.442,112.21,0.0,78.813
2020-01-03,0.93,305.159,99.34,0.0088,85.997,91.386,0.0,65.252
2020-01-02,0.94,305.625,99.49,0.0216,94.087,99.489,0.0,70.647
2020-01-01,0.95,306.092,99.64,0.0088,96.061,101.459,0.0,79.186
2019-12-31,0.96,306.558,99.79,0.0756,125.161,87.438,0.0,60.234
2019-12-30,0.89,303.299,98.73,0.9706,74.486,96.01,0.0,81.058
2019-12-29,0.93,305.159,99.34,4.6507,87.804,93.193,0.0,72.567
2019-12-28,0.94,305.625,99.49,0.0,79.233,57.69,0.0,27.594
2019-12-27,0.9,303.764,98.88,0.0215,75.124,80.508,0.0,42.706
2019-12-26,0.91,304.229,99.03,0.6516,81.113,70.354,0.0,33.26
2019-12-25,0.89,303.299,98.73,0.0101,78.881,78.877,0.0,47.2
2019-12-24,0.89,303.299,98.73,0.0101,87.99,114.907,0.0,80.561
2019-12-23,0.94,305.625,99.49,0.0096,108.275,108.271,0.0,80.656
2019-12-22,0.94,305.625,99.49,0.0,103.525,87.364,0.0,59.168
2019-12-21,0.91,304.229,99.03,0.0,99.942,110.71,0.0,82.759
2019-12-20,0.93,305.159,99.34,0.0118,92.131,81.363,0.0,59.383
2019-12-19,0.91,304.229,99.03,0.0,88.756,88.76,0.0,67.398
2019-12-18,0.91,304.229,99.03,0.0,56.471,78.038,0.0,56.43
2019-12-17,0.95,306.092,99.64,0.1616,86.422,86.426,0.0,65.988
2019-12-16,0.95,306.092,99.64,0.0,77.44,66.646,0.0,43.992
2019-12-15,0.93,305.159,99.34,0.0,116.309,110.923,0.0,79.577
2019-12-14,0.92,304.694,99.18,0.0619,118.524,123.908,0.0,86.235
2019-12-13,0.93,305.159,99.34,0.0,93.468,88.082,0.0,58.597
2019-12-12,0.92,304.694,99.18,0.0,70.66,92.236,0.0,67.309
2019-12-11,0.96,306.558,99.79,0.0511,110.267,56.444,0.0,25.042
2019-12-10,0.86,301.908,98.28,0.0,141.515,136.154,0.0,102.217
2019-12-09,0.85,301.445,98.13,0.0271,64.26,118.042,0.0,84.766
2019-12-08,0.95,306.092,99.64,0.0,123.939,129.337,0.0,109.518
2019-12-07,0.96,306.558,99.79,0.0,147.194,109.471,0.0,89.655
2019-12-06,0.89,303.299,98.73,0.0021,35.834,73.55,0.0,59.927
2019-12-05,0.96,306.558,99.79,0.0361,133.124,122.322,0.0,112.82
2019-12-04,0.94,305.625,99.49,0.0354,112.673,96.512,0.0,80.9
2019-12-03,0.91,304.229,99.03,0.0278,45.242,72.202,0.0,58.488
2019-12-02,0.96,306.558,99.79,0.1485,100.773,106.175,0.0,78.229
2019-12-01,0.97,307.025,99.94,14.8589,135.566,70.978,0.0,51.767
2019-11-30,0.85,301.445,98.13,0.0,110.045,131.5,0.0,91.223
2019-11-29,0.89,303.299,98.73,0.0114,99.361,104.739,0.0,66.013
2019-11-28,0.9,303.764,98.88,0.0493,53.882,53.884,0.0,24.045
2019-11-27,0.9,303.764,98.88,0.0167,89.422,100.188,0.0,63.857
2019-11-26,0.92,304.694,99.18,0.0055,78.842,68.08,0.0,38.834
2019-11-25,0.9,303.764,98.88,0.0306,75.359,96.901,0.0,79.014
2019-11-24,0.94,305.625,99.49,0.2005,87.524,98.319,0.0,81.31
2019-11-23,0.96,306.558,99.79,0.0111,142.01,131.208,0.0,114.57
2019-11-22,0.94,305.625,99.49,0.0111,88.194,45.17,0.0,36.142
2019-11-21,0.86,301.908,98.28,0.017,37.85,80.868,0.0,61.768
2019-11-20,0.94,305.625,99.49,0.0004,63.873,36.948,0.0,17.428
2019-11-19,0.89,303.299,98.73,0.0129,83.237,77.863,0.0,48.634
2019-11-18,0.88,302.835,98.58,8.8539,73.201,30.385,0.0,12.176
2019-11-17,0.8,299.136,97.38,8.2922,0.0,17.372,0.0,6.854
2019-11-16,0.86,301.908,98.28,0.3401,39.221,23.154,0.0,10.497
2019-11-15,0.83,300.52,97.83,0.5573,63.509,36.826,0.0,4.14
2019-11-14,0.78,298.215,97.08,0.0147,45.757,83.143,0.0,50.223
2019-11-13,0.85,301.445,98.13,0.5575,151.952,157.308,0.0,110.152
2019-11-12,0.86,301.908,98.28,0.0374,66.675,98.918,0.0,66.156
2019-11-11,0.92,304.694,99.18,0.5505,165.813,128.211,0.0,102.398
2019-11-10,0.85,301.445,98.13,6.7074,36.946,74.547,0.0,35.777
2019-11-09,0.92,304.694,99.18,0.0088,127.393,138.171,0.0,97.104
2019-11-08,0.94,305.625,99.49,0.0759,118.958,108.179,0.0,73.687
2019-11-07,0.92,304.694,99.18,0.0011,131.089,88.14,0.0,63.138
2019-11-06,0.84,300.983,97.98,0.0129,127.309,105.936,0.0,82.997
2019-11-05,0.8,299.136,97.38,0.0445,131.243,174.056,0.0,148.692
2019-11-04,0.88,302.835,98.58,0.0006,179.715,152.918,0.0,125.341
2019-11-03,0.83,300.52,97.83,0.3038,128.525,149.955,0.0,139.822
2019-11-02,0.87,302.372,98.43,0.0038,200.2,189.476,0.0,170.148
2019-11-01,0.85,301.445,98.13,0.0071,210.637,194.592,0.0,165.161
2019-10-31,0.82,300.059,97.68,0.0223,211.294,195.28,0.0,159.256
2019-10-30,0.79,298.675,97.23,0.0,153.266,190.682,0.0,155.493
2019-10-29,0.86,301.908,98.28,0.0171,203.036,192.327,0.0,158.69
2019-10-28,0.84,300.983,97.98,0.0072,180.22,174.865,0.0,141.982
2019-10-27,0.83,300.52,97.83,0.0128,104.914,158.601,0.0,127.935
2019-10-26,0.93,305.159,99.34,0.0118,157.327,157.323,0.0,127.234
2019-10-25,0.93,305.159,99.34,0.3111,143.297,78.918,0.0,60.074
2019-10-24,0.81,299.597,97.53,0.6782,123.015,117.678,0.0,102.333
2019-10-23,0.8,299.136,97.38,0.5825,141.696,173.78,0.0,149.826
2019-10-22,0.86,301.908,98.28,0.1372,199.215,193.854,0.0,165.222
2019-10-21,0.85,301.445,98.13,0.0737,145.883,113.82,0.0,96.524
2019-10-20,0.79,298.675,97.23,0.1017,105.263,148.05,0.0,128.565
2019-10-19,0.87,302.372,98.43,0.2515,176.081,170.716,0.0,151.121
2019-10-18,0.86,301.908,98.28,4.6548,138.79,128.081,0.0,110.746
2019-10-17,0.84,300.983,97.98,0.0301,142.796,126.758,0.0,109.191
2019-10-16,0.81,299.597,97.53,0.0296,193.263,155.993,0.0,139.363
2019-10-15,0.74,296.377,96.48,0.0752,46.671,110.687,0.0,94.335
2019-10-14,0.86,301.908,98.28,0.0059,157.826,141.759,0.0,128.926
2019-10-13,0.83,300.52,97.83,0.0038,86.993,97.694,0.0,85.413
2019-10-12,0.85,301.445,98.13,0.0137,156.32,118.933,0.0,103.539
2019-10-11,0.78,298.215,97.08,0.2541,79.098,143.324,0.0,123.053
2019-10-10,0.9,303.764,98.88,0.0211,269.099,199.553,0.0,172.735
2019-10-09,0.77,297.755,96.93,0.1521,343.642,295.913,0.0,276.833
2019-10-08,0.68,293.631,95.58,0.0173,284.83,412.872,0.0,392.992
2019-10-07,0.92,304.694,99.18,5.3028,481.493,417.167,0.0,401.686
2019-10-06,0.8,299.136,97.38,0.017,737.175,684.039,0.0,683.039
2019-10-05,0.7,294.545,95.88,0.3649,2696.32,2933.334,0.0,2932.333
2019-10-04,1.14,315.023,102.55,0.12,7624.355,7898.349,0.0,7897.348
2019-10-03,1.63,338.696,110.25,24.6612,9019.337,8911.809,0.0,8859.792
2019-10-02,1.44,329.406,107.23,130.3096,1109.732,834.492,0.0,817.622
2019-10-01,0.94,305.625,99.49,3.1031,172.934,140.639,0.0,125.522
2019-09-30,0.88,302.835,98.58,0.4165,138.72,127.988,0.0,112.971
2019-09-29,0.86,301.908,98.28,0.5298,143.792,143.789,0.0,126.32
2019-09-28,0.86,301.908,98.28,0.7401,250.273,191.567,0.0,179.128
2019-09-27,0.75,296.836,96.63,0.8494,143.115,148.429,0.0,133.029
2019-09-26,0.76,297.295,96.78,0.0,209.923,257.953,0.0,227.339
2019-09-25,0.85,301.445,98.13,0.0355,355.752,265.309,0.0,236.256
2019-09-24,0.68,293.631,95.58,0.0373,2559.566,2564.854,0.0,2546.599
2019-09-23,0.69,294.088,95.73,0.3079,3340.259,3393.351,0.0,3365.793
2019-09-22,0.79,298.675,97.23,72.1691,1730.592,1677.499,0.0,1654.169
2019-09-21,0.69,294.088,95.73,45.3214,147.477,275.615,0.0,250.648
2019-09-20,0.93,305.159,99.34,0.0022,168.657,131.025,0.0,106.887
2019-09-19,0.86,301.908,98.28,0.0,89.274,159.329,0.0,148.707
2019-09-18,0.99,307.961,100.25,0.006,234.803,196.995,0.0,195.891
2019-09-17,0.92,304.694,99.18,0.0178,141.228,76.902,0.0,71.933
2019-09-16,0.8,299.136,97.38,0.0,94.254,104.937,0.0,86.543
2019-09-15,0.82,300.059,97.68,0.0486,56.333,88.467,0.0,68.178
2019-09-14,0.88,302.835,98.58,0.0448,177.254,155.816,0.0,131.126
2019-09-13,0.84,300.983,97.98,0.0118,88.569,83.214,0.0,64.245
2019-09-12,0.83,300.52,97.83,6.1778,106.768,138.927,0.0,125.706
2019-09-11,0.89,303.299,98.73,1.2394,209.352,203.978,0.0,170.824
2019-09-10,0.88,302.835,98.58,0.6175,148.368,180.657,0.0,136.244
2019-09-09,0.94,305.625,99.49,5.9035,234.984,181.254,0.0,143.366
2019-09-08,0.84,300.983,97.98,0.0093,508.264,454.958,0.0,433.806
2019-09-07,0.74,296.377,96.48,13.2635,288.294,282.982,0.0,258.527
2019-09-06,0.73,295.918,96.33,0.3324,168.792,248.845,0.0,219.369
2019-09-05,0.88,302.835,98.58,10.1909,126.393,174.885,0.0,135.176
2019-09-04,0.97,307.025,99.94,3.2367,442.163,507.367,0.0,435.7
2019-09-03,1.09,312.659,101.78,22.5024,514.116,293.88,0.0,234.957
2019-09-02,0.68,293.631,95.58,10.9735,146.329,247.496,0.0,184.641
2019-09-01,0.87,302.372,98.43,1.1223,165.909,187.407,0.0,91.576
2019-08-31,0.91,304.229,99.03,0.0059,218.854,224.24,0.0,134.893
2019-08-30,0.92,304.694,99.18,0.0412,173.455,162.693,0.0,88.571
2019-08-29,0.9,303.764,98.88,1.6679,217.317,174.437,0.0,89.47
2019-08-28,0.82,300.059,97.68,1.3618,162.525,183.93,0.0,100.943
2019-08-27,0.86,301.908,98.28,15.3939,133.806,171.431,0.0,71.022
2019-08-26,0.93,305.159,99.34,0.0103,216.8,179.168,0.0,94.128
2019-08-25,0.86,301.908,98.28,0.0562,286.688,259.938,0.0,125.322
2019-08-24,0.81,299.597,97.53,0.0211,215.0,225.682,0.0,133.391
2019-08-23,0.83,300.52,97.83,0.0173,294.006,336.929,0.0,203.555
2019-08-22,0.91,304.229,99.03,43.2331,490.632,469.143,0.0,343.711
2019-08-21,0.87,302.372,98.43,10.2188,202.037,175.271,0.0,86.481
2019-08-20,0.82,300.059,97.68,0.0113,110.361,164.012,0.0,72.59
2019-08-19,0.92,304.694,99.18,0.7935,167.047,129.445,0.0,50.038
2019-08-18,0.85,301.445,98.13,0.0913,167.492,146.1,0.0,59.517
2019-08-17,0.81,299.597,97.53,0.5027,138.744,192.354,0.0,105.847
2019-08-16,0.91,304.229,99.03,0.4657,188.799,161.94,0.0,77.307
2019-08-15,0.86,301.908,98.28,6.688,89.483,105.58,0.0,30.198
2019-08-14,0.89,303.299,98.73,0.2415,111.683,111.679,0.0,45.797
2019-08-13,0.89,303.299,98.73,0.1903,200.549,163.045,0.0,82.499
2019-08-12,0.82,300.059,97.68,0.0207,94.169,158.595,0.0,68.154
2019-08-11,0.94,305.625,99.49,0.0583,267.671,203.246,0.0,100.366
2019-08-10,0.82,300.059,97.68,0.0,201.266,195.924,0.0,96.785
2019-08-09,0.81,299.597,97.53,0.1844,190.672,222.789,0.0,122.055
2019-08-08,0.87,302.372,98.43,6.0493,223.124,255.386,0.0,133.4
2019-08-07,0.93,305.159,99.34,8.7383,294.679,187.719,0.0,108.333
2019-08-06,0.73,295.918,96.33,16.1491,230.742,289.36,0.0,186.042
2019-08-05,0.84,300.983,97.98,0.047,174.717,158.679,0.0,61.339
2019-08-04,0.81,299.597,97.53,0.018,165.966,208.812,0.0,112.302
2019-08-03,0.89,303.299,98.73,0.3451,192.736,165.926,0.0,72.041
2019-08-02,0.84,300.983,97.98,0.009,161.401,150.71,0.0,85.281
2019-08-01,0.82,300.059,97.68,0.0114,185.439,228.326,0.0,136.903
2019-07-31,0.9,303.764,98.88,0.0,235.694,241.078,0.0,122.961
2019-07-30,0.91,304.229,99.03,0.0046,271.325,223.066,0.0,126.983
2019-07-29,0.82,300.059,97.68,0.0284,251.537,267.584,0.0,151.715
2019-07-28,0.85,301.445,98.13,2.7062,295.535,290.185,0.0,148.572
2019-07-27,0.84,300.983,97.98,1.9342,401.438,369.405,0.0,230.036
2019-07-26,0.78,298.215,97.08,1.2047,520.417,515.095,0.0,400.435
2019-07-25,0.77,297.755,96.93,13.7306,494.905,489.583,0.0,356.625
2019-07-24,0.76,297.295,96.78,0.0,621.412,632.058,0.0,507.332
2019-07-23,0.78,298.215,97.08,1.4359,965.938,949.979,0.0,850.89
2019-07-22,0.75,296.836,96.63,0.0128,2681.983,2783.709,0.0,2711.791
2019-07-21,0.94,305.625,99.49,26.2571,3242.209,3350.979,0.0,3257.236
2019-07-20,1.14,315.023,102.55,63.2374,2083.933,1964.385,0.0,1843.781
2019-07-19,0.92,304.694,99.18,7.5538,467.027,434.784,0.0,347.11
2019-07-18,0.86,301.908,98.28,4.9949,320.633,309.924,0.0,229.196
2019-07-17,0.84,300.983,97.98,0.2449,218.56,239.999,0.0,140.97
2019-07-16,0.88,302.835,98.58,2.7059,242.397,215.6,0.0,154.074
2019-07-15,0.83,300.52,97.83,10.9136,171.243,155.219,0.0,85.603
2019-07-14,0.8,299.136,97.38,2.8392,83.423,110.148,0.0,53.506
2019-07-13,0.85,301.445,98.13,0.1503,163.068,147.023,0.0,69.066
2019-07-12,0.82,300.059,97.68,0.113,195.055,195.06,0.0,109.484
2019-07-11,0.82,300.059,97.68,4.3183,157.558,162.899,0.0,84.638
2019-07-10,0.83,300.52,97.83,19.5282,166.021,176.722,0.0,85.264
2019-07-09,0.85,301.445,98.13,0.0007,125.705,109.66,0.0,61.984
2019-07-08,0.82,300.059,97.68,0.077,111.766,143.9,0.0,62.738
2019-07-07,0.88,302.835,98.58,0.0,173.882,168.52,0.0,73.472
2019-07-06,0.87,302.372,98.43,0.0,110.682,89.252,0.0,34.66
2019-07-05,0.83,300.52,97.83,0.0,133.4,122.712,0.0,57.216
2019-07-04,0.81,299.597,97.53,0.0004,252.994,263.676,0.0,174.402
2019-07-03,0.83,300.52,97.83,0.0168,239.04,244.394,0.0,153.078
2019-07-02,0.84,300.983,97.98,0.0169,486.238,470.2,0.0,385.088
2019-07-01,0.81,299.597,97.53,0.1662,700.404,620.796,0.0,546.052
2019-06-30,0.66,292.719,95.29,0.0985,810.707,847.735,0.0,750.677
2019-06-29,0.73,295.918,96.33,29.6308,522.595,549.176,0.0,446.512
2019-06-28,0.78,298.215,97.08,4.4673,716.533,684.648,0.0,562.721
2019-06-27,0.72,295.46,96.18,21.7405,1104.105,1194.831,0.0,1088.661
2019-06-26,0.89,303.299,98.73,46.0992,233.843,196.339,0.0,114.068
2019-06-25,0.82,300.059,97.68,0.006,70.704,97.48,0.0,25.515
2019-06-24,0.87,302.372,98.43,0.0019,110.316,94.245,0.0,36.416
2019-06-23,0.84,300.983,97.98,0.2144,113.689,129.769,0.0,47.708
2019-06-22,0.87,302.372,98.43,0.5897,121.572,148.452,0.0,63.353
2019-06-21,0.92,304.694,99.18,4.7139,154.237,121.994,0.0,44.161
2019-06-20,0.86,301.908,98.28,0.025,95.45,111.547,0.0,38.894
2019-06-19,0.89,303.299,98.73,0.7718,96.16,69.35,0.0,18.523
2019-06-18,0.84,300.983,97.98,0.5238,119.063,124.414,0.0,50.864
2019-06-17,0.85,301.445,98.13,0.0043,94.334,105.06,0.0,38.304
2019-06-16,0.87,302.372,98.43,0.1052,106.979,123.095,0.0,71.203
2019-06-15,0.9,303.764,98.88,3.5599,100.676,111.442,0.0,54.64
2019-06-14,0.92,304.694,99.18,2.1019,127.301,111.157,0.0,23.318
2019-06-13,0.89,303.299,98.73,0.0,79.311,90.071,0.0,41.637
2019-06-12,0.91,304.229,99.03,0.0,91.925,97.311,0.0,67.36
2019-06-11,0.92,304.694,99.18,0.0457,108.757,124.94,0.0,62.404
2019-06-10,0.95,306.092,99.64,0.4538,128.334,122.933,0.0,37.372
2019-06-09,0.94,305.625,99.49,0.0,184.062,141.038,0.0,73.548
2019-06-08,0.86,301.908,98.28,0.046,153.283,207.1,0.0,200.419
2019-06-07,0.96,306.558,99.79,18.2131,256.425,207.972,0.0,200.525
2019-06-06,0.87,302.372,98.43,12.2198,151.856,157.22,0.0,80.593
2019-06-05,0.88,302.835,98.58,0.0004,128.823,118.091,0.0,37.142
2019-06-04,0.86,301.908,98.28,0.0,114.418,98.351,0.0,23.158
2019-06-03,0.83,300.52,97.83,0.0,75.999,92.059,0.0,30.319
2019-06-02,0.86,301.908,98.28,0.009,152.954,152.951,0.0,76.382
2019-06-01,0.86,301.908,98.28,0.0128,90.239,106.336,0.0,62.299
2019-05-31,0.89,303.299,98.73,0.7944,168.493,152.389,0.0,67.011
2019-05-30,0.86,301.908,98.28,0.0296,105.486,84.083,0.0,18.343
2019-05-29,0.82,300.059,97.68,0.0297,278.385,273.043,0.0,140.27
2019-05-28,0.81,299.597,97.53,0.0066,171.159,181.841,0.0,50.444
2019-05-27,0.83,300.52,97.83,20.5974,217.518,233.578,0.0,120.106
2019-05-26,0.86,301.908,98.28,0.0124,98.734,93.373,0.0,28.847
2019-05-25,0.85,301.445,98.13,0.0,136.442,152.527,0.0,49.822
2019-05-24,0.88,302.835,98.58,0.0,111.169,121.918,0.0,39.784
2019-05-23,0.9,303.764,98.88,0.0,171.879,193.421,0.0,94.914
2019-05-22,0.94,305.625,99.49,0.0,133.15,106.225,0.0,39.803
2019-05-21,0.89,303.299,98.73,0.0964,180.111,164.007,0.0,68.705
2019-05-20,0.86,301.908,98.28,1.2155,160.087,154.726,0.0,67.318
2019-05-19,0.85,301.445,98.13,4.6134,152.436,147.086,0.0,61.84
2019-05-18,0.84,300.983,97.98,20.9591,92.303,33.684,0.0,9.125
2019-05-17,0.73,295.918,96.33,0.7946,0.0,3.826,0.0,0.0
2019-05-16,0.77,297.755,96.93,0.044,0.0,4.047,0.0,0.324
2019-05-15,0.78,298.215,97.08,0.0277,5.198,15.86,0.0,0.0
2019-05-14,0.8,299.136,97.38,0.4503,111.372,84.752,0.0,38.084
2019-05-13,0.75,296.836,96.63,0.0,83.743,142.448,0.0,61.919
2019-05-12,0.86,301.908,98.28,0.0,77.834,61.767,0.0,27.755
2019-05-11,0.83,300.52,97.83,0.0,32.113,53.543,0.0,14.036
2019-05-10,0.87,302.372,98.43,0.0,121.715,100.285,0.0,21.231
2019-05-09,0.83,300.52,97.83,0.015,160.08,213.767,0.0,133.164
2019-05-08,0.93,305.159,99.34,0.0,146.315,108.683,0.0,39.806
2019-05-07,0.86,301.908,98.28,0.0059,195.178,163.092,0.0,86.201
2019-05-06,0.8,299.136,97.38,0.4114,112.054,160.237,0.0,69.447
2019-05-05,0.89,303.299,98.73,0.0,118.699,118.695,0.0,20.063
2019-05-04,0.89,303.299,98.73,0.0,149.125,133.021,0.0,40.485
2019-05-03,0.86,301.908,98.28,0.0,197.567,197.564,0.0,103.019
2019-05-02,0.86,301.908,98.28,0.0247,425.274,345.341,0.0,278.665
2019-05-01,0.71,295.002,96.03,0.0414,607.357,649.864,0.0,617.049
2019-04-30,0.79,298.675,97.23,0.055,651.484,598.391,0.0,564.72
2019-04-29,0.69,294.088,95.73,26.5754,120.284,189.394,0.0,158.351
2019-04-28,0.82,300.059,97.68,0.0456,98.581,136.086,0.0,92.574
2019-04-27,0.89,303.299,98.73,0.0344,165.108,181.25,0.0,137.761
2019-04-26,0.92,304.694,99.18,7.8706,131.992,94.39,0.0,67.878
2019-04-25,0.85,301.445,98.13,2.5552,129.215,123.865,0.0,84.379
2019-04-24,0.84,300.983,97.98,8.1384,95.592,111.672,0.0,68.679
2019-04-23,0.87,302.372,98.43,5.6665,108.596,108.601,0.0,77.226
2019-04-22,0.87,302.372,98.43,0.0,71.951,82.685,0.0,40.705
2019-04-21,0.89,303.299,98.73,0.0,80.493,64.389,0.0,26.094
2019-04-20,0.86,301.908,98.28,0.0,52.885,68.982,0.0,29.902
2019-04-19,0.89,303.299,98.73,0.0,125.785,88.281,0.0,51.758
2019-04-18,0.82,300.059,97.68,0.0,77.411,98.816,0.0,59.233
2019-04-17,0.86,301.908,98.28,0.012,64.085,90.946,0.0,55.574
2019-04-16,0.91,304.229,99.03,0.0171,163.61,120.686,0.0,86.386
2019-04-15,0.83,300.52,97.83,0.0,164.303,164.298,0.0,133.694
2019-04-14,0.83,300.52,97.83,0.051,154.607,159.961,0.0,130.935
2019-04-13,0.84,300.983,97.98,0.0,179.409,211.6,0.0,179.593
2019-04-12,0.9,303.764,98.88,0.3987,218.199,186.014,0.0,155.759
2019-04-11,0.84,300.983,97.98,0.0359,158.355,153.0,0.0,120.968
2019-04-10,0.83,300.52,97.83,9.9348,96.354,139.277,0.0,105.525
2019-04-09,0.91,304.229,99.03,21.5385,71.717,55.587,0.0,40.707
2019-04-08,0.88,302.835,98.58,0.0183,54.486,43.754,0.0,20.601
2019-04-07,0.86,301.908,98.28,0.682,68.809,52.742,0.0,26.464
2019-04-06,0.83,300.52,97.83,0.0,16.207,26.908,0.0,1.543
2019-04-05,0.85,301.445,98.13,0.0094,60.962,55.612,0.0,23.404
2019-04-04,0.84,300.983,97.98,0.0012,33.342,54.781,0.0,14.419
2019-04-03,0.88,302.835,98.58,0.0088,64.279,91.174,0.0,56.046
2019-04-02,0.93,305.159,99.34,0.0008,69.495,47.963,0.0,32.031
2019-04-01,0.89,303.299,98.73,0.0116,23.875,34.635,0.0,27.721
2019-03-31,0.91,304.229,99.03,0.0846,18.549,23.935,0.0,11.426
2019-03-30,0.92,304.694,99.18,3.6989,57.051,51.671,0.0,18.33
2019-03-29,0.91,304.229,99.03,0.0029,73.83,84.598,0.0,49.371
2019-03-28,0.93,305.159,99.34,0.0012,95.323,68.421,0.0,36.011
2019-03-27,0.88,302.835,98.58,0.0046,76.365,49.568,0.0,23.334
2019-03-26,0.83,300.52,97.83,0.0012,94.516,121.305,0.0,100.922
2019-03-25,0.88,302.835,98.58,0.0,122.041,127.408,0.0,81.201
2019-03-24,0.89,303.299,98.73,0.0233,61.294,66.672,0.0,31.508
2019-03-23,0.9,303.764,98.88,1.3438,82.256,93.022,0.0,49.847
2019-03-22,0.92,304.694,99.18,0.1028,113.485,102.723,0.0,65.321
2019-03-21,0.9,303.764,98.88,1.7448,139.783,123.674,0.0,88.219
2019-03-20,0.87,302.372,98.43,8.8509,91.305,85.94,0.0,67.005
2019-03-19,0.86,301.908,98.28,0.0,52.037,78.898,0.0,43.217
2019-03-18,0.91,304.229,99.03,0.0012,72.775,72.779,0.0,44.086
2019-03-17,0.91,304.229,99.03,0.0004,101.526,85.396,0.0,58.115
2019-03-16,0.88,302.835,98.58,0.0309,85.619,101.75,0.0,73.377
2019-03-15,0.91,304.229,99.03,2.1622,103.59,82.101,0.0,54.785
2019-03-14,0.87,302.372,98.43,0.0012,80.498,80.503,0.0,61.315
2019-03-13,0.87,302.372,98.43,0.0376,51.851,89.507,0.0,57.69
2019-03-12,0.94,305.625,99.49,1.0703,92.349,60.054,0.0,32.958
2019-03-11,0.88,302.835,98.58,0.18,84.139,89.506,0.0,66.838
2019-03-10,0.89,303.299,98.73,10.2392,98.827,72.017,0.0,54.291
2019-03-09,0.84,300.983,97.98,0.0,70.681,1.46,0.0,0.0
2019-03-08,0.71,295.002,96.03,0.0027,0.0,12.98,0.0,0.0
2019-03-07,0.77,297.755,96.93,0.0627,14.935,14.937,0.0,0.0
2019-03-06,0.77,297.755,96.93,0.523,1.537,17.523,0.0,0.0
2019-03-05,0.8,299.136,97.38,0.0036,13.603,18.939,0.0,0.0
2019-03-04,0.81,299.597,97.53,0.0,0.0,11.494,0.0,0.0
2019-03-03,0.85,301.445,98.13,0.0,0.0,1.701,0.0,0.0
2019-03-02,0.86,301.908,98.28,0.0,0.0,1.637,0.0,0.0
2019-03-01,0.87,302.372,98.43,0.0,1.702,1.707,0.0,0.0
2019-02-28,0.87,302.372,98.43,0.1506,16.522,16.527,0.0,8.496
2019-02-27,0.87,302.372,98.43,0.2413,47.153,63.269,0.0,37.255
2019-02-26,0.9,303.764,98.88,0.0203,83.131,88.515,0.0,60.822
2019-02-25,0.91,304.229,99.03,0.0527,53.491,26.632,0.0,14.568
2019-02-24,0.86,301.908,98.28,0.0134,55.911,72.008,0.0,50.817
2019-02-23,0.89,303.299,98.73,0.2296,105.987,122.129,0.0,96.639
2019-02-22,0.92,304.694,99.18,0.0001,55.287,44.525,0.0,9.471
2019-02-21,0.9,303.764,98.88,0.2297,95.847,111.995,0.0,69.522
2019-02-20,0.93,305.159,99.34,0.0393,122.68,117.294,0.0,77.795
2019-02-19,0.92,304.694,99.18,16.0627,116.943,122.327,0.0,97.23
2019-02-18,0.93,305.159,99.34,0.0,61.559,45.409,0.0,18.858
2019-02-17,0.9,303.764,98.88,0.0532,77.226,93.374,0.0,65.237
2019-02-16,0.93,305.159,99.34,0.0143,174.636,180.025,0.0,147.793
2019-02-15,0.94,305.625,99.49,0.0419,96.627,102.029,0.0,79.088
2019-02-14,0.95,306.092,99.64,0.0012,154.858,138.682,0.0,108.645
2019-02-13,0.92,304.694,99.18,0.0156,56.354,45.592,0.0,31.162
2019-02-12,0.9,303.764,98.88,0.0,22.791,6.682,0.0,0.0
2019-02-11,0.87,302.372,98.43,0.0004,6.318,17.052,0.0,8.09
2019-02-10,0.89,303.299,98.73,0.088,18.722,29.482,0.0,22.602
2019-02-09,0.91,304.229,99.03,0.0061,1.425,17.587,0.0,10.648
2019-02-08,0.94,305.625,99.49,0.014,34.769,40.171,0.0,12.241
2019-02-07,0.95,306.092,99.64,0.0065,78.811,57.253,0.0,23.091
2019-02-06,0.91,304.229,99.03,0.0078,61.026,66.412,0.0,24.592
2019-02-05,0.92,304.694,99.18,0.0,99.141,104.525,0.0,61.555
2019-02-04,0.93,305.159,99.34,0.0348,117.052,84.791,0.0,48.386
2019-02-03,0.87,302.372,98.43,8.5694,108.142,129.64,0.0,81.173
2019-02-02,0.91,304.229,99.0,0.1165,46.025,56.789,0.0,16.502
2019-02-01,0.93,305.159,99.3,0.2636,92.503,92.503,0.0,55.348
2019-01-31,0.93,305.159,99.34,4.0307,139.095,128.327,0.0,88.488
2019-01-30,0.91,304.229,99.03,0.0,99.102,93.725,0.0,60.049
2019-01-29,0.9,303.764,98.88,0.064,82.855,109.802,0.0,68.061
2019-01-28,0.95,306.092,99.64,0.0421,149.719,133.543,0.0,93.443
2019-01-27,0.92,304.694,99.2,0.0,107.393,107.393,0.0,66.845
2019-01-26,0.92,304.694,99.2,0.0004,116.441,111.059,0.0,73.032
2019-01-25,0.91,304.229,99.0,0.0016,89.726,73.592,0.0,35.477
2019-01-24,0.88,302.835,98.6,0.0677,63.582,58.223,0.0,16.096
2019-01-23,0.87,302.372,98.4,0.0008,78.781,57.346,0.0,7.95
2019-01-22,0.83,300.52,97.8,0.0015,59.056,69.762,0.0,15.078
2019-01-21,0.85,301.445,98.1,0.0302,45.927,67.385,0.0,16.747
2019-01-20,0.89,303.299,98.7,0.2463,52.014,68.16,0.0,22.337
2019-01-19,0.92,304.694,99.2,0.0722,99.445,72.57,0.0,20.223
2019-01-18,0.87,302.372,98.4,0.0,69.829,75.188,0.0,26.708
2019-01-17,0.88,302.835,98.58,0.0096,60.676,55.314,0.0,28.338
2019-01-16,0.87,302.372,98.43,0.0244,59.797,97.453,0.0,62.717
2019-01-15,0.94,305.625,99.49,0.0596,168.67,141.745,0.0,101.003
2019-01-14,0.89,303.299,98.73,0.0,76.923,76.919,0.0,41.403
2019-01-13,0.89,303.299,98.7,0.0609,103.087,113.851,0.0,76.095
2019-01-12,0.91,304.229,99.0,2.7699,75.352,80.734,0.0,39.833
2019-01-11,0.92,304.694,99.2,0.005,87.96,66.444,0.0,27.349
2019-01-10,0.88,302.835,98.6,0.0194,71.246,71.246,0.0,25.555
2019-01-09,0.88,302.835,98.58,0.0,88.141,77.409,0.0,24.614
2019-01-08,0.86,301.908,98.28,0.0045,81.809,87.177,0.0,25.896
2019-01-07,0.87,302.372,98.43,0.0008,62.552,67.916,0.0,25.526
2019-01-06,0.88,302.835,98.58,0.0088,79.589,68.857,0.0,24.119
2019-01-05,0.86,301.908,98.3,0.0075,85.17,95.899,0.0,45.565
2019-01-04,0.88,302.835,98.6,0.0,91.216,123.508,0.0,68.248
2019-01-03,0.94,305.625,99.49,0.0088,73.598,79.0,0.0,46.845
2019-01-02,0.95,306.092,99.64,0.0,91.846,48.795,0.0,29.82
2019-01-01,0.87,302.372,98.43,0.01,75.089,69.724,0.0,47.226
2018-12-31,0.86,301.908,98.3,0.0004,73.335,105.58,0.0,82.417
2018-12-30,0.92,304.694,99.2,0.0004,87.809,93.191,0.0,71.201
2018-12-29,0.93,305.159,99.3,0.0068,89.982,73.836,0.0,51.508
2018-12-28,0.9,303.764,98.9,0.0012,82.299,103.838,0.0,87.634
2018-12-27,0.94,305.625,99.5,0.0399,110.767,62.387,0.0,41.496
2018-12-26,0.85,301.445,98.1,0.0004,77.294,82.653,0.0,64.414
2018-12-25,0.86,301.908,98.3,0.0,92.606,76.541,0.0,43.158
2018-12-24,0.83,300.52,97.8,0.0,105.389,110.748,0.0,75.53
2018-12-23,0.84,300.983,98.0,1.2293,106.884,117.59,0.0,87.927
2018-12-22,0.86,301.908,98.3,0.0,45.912,62.012,0.0,32.304
2018-12-21,0.89,303.299,98.7,0.0034,92.223,92.223,0.0,70.682
2018-12-20,0.89,303.299,98.7,0.0,80.009,90.773,0.0,78.751
2018-12-19,0.91,304.229,99.0,0.1038,117.213,127.977,0.0,113.172
2018-12-18,0.93,305.159,99.3,0.0,96.845,107.644,0.0,98.007
2018-12-17,0.95,306.092,99.6,0.0576,82.746,77.341,0.0,67.408
2018-12-16,0.94,305.625,99.5,0.7973,127.032,132.437,0.0,122.147
2018-12-15,0.95,306.092,99.6,0.0174,121.17,115.765,0.0,105.731
2018-12-14,0.94,305.625,99.5,0.0067,76.308,76.308,0.0,66.15
2018-12-13,0.94,305.625,99.5,0.0671,89.622,89.622,0.0,79.639
2018-12-12,0.94,305.625,99.5,0.1438,85.274,69.117,0.0,64.687
2018-12-11,0.91,304.229,99.0,2.7063,121.207,158.985,0.0,149.509
2018-12-10,0.98,307.493,100.1,0.5395,151.951,135.736,0.0,113.334
2018-12-09,0.95,306.092,99.6,0.7142,143.063,105.366,0.0,79.185
2018-12-08,0.88,302.835,98.6,0.448,102.628,97.269,0.0,76.086
2018-12-07,0.87,302.372,98.4,0.1107,164.412,84.412,0.0,63.283
2018-12-06,0.72,295.46,96.2,1.589,84.359,84.359,0.0,67.504
2018-12-05,0.72,295.46,96.2,0.028,91.351,182.08,0.0,169.997
2018-12-04,0.89,303.299,98.7,12.2955,210.027,183.221,0.0,175.218
2018-12-03,0.84,300.983,98.0,4.9418,116.512,132.588,0.0,124.121
2018-12-02,0.87,302.372,98.4,0.0247,126.548,137.277,0.0,127.756
2018-12-01,0.89,303.299,98.7,0.0,124.455,97.649,0.0,88.397
2018-11-30,0.84,300.983,98.0,0.0,91.684,123.871,0.0,114.839
2018-11-29,0.9,303.764,98.9,0.0046,127.948,90.402,0.0,85.474
2018-11-28,0.83,300.52,97.8,0.0197,93.955,126.119,0.0,121.27
2018-11-27,0.89,303.299,98.7,0.05,113.763,108.393,0.0,101.521
2018-11-26,0.88,302.835,98.6,0.0735,89.673,84.314,0.0,65.993
2018-11-25,0.87,302.372,98.4,0.139,102.638,97.268,0.0,75.889
2018-11-24,0.86,301.908,98.3,1.7746,76.658,71.299,0.0,52.935
2018-11-23,0.85,301.445,98.1,0.0102,57.697,73.785,0.0,56.111
2018-11-22,0.88,302.835,98.6,0.0008,107.898,118.65,0.0,102.881
2018-11-21,0.9,303.764,98.9,0.0342,68.846,63.464,0.0,41.543
2018-11-20,0.89,303.299,98.7,0.0,70.872,28.025,0.0,15.229
2018-11-19,0.81,299.597,97.5,0.0724,29.466,8.147,0.0,0.0
2018-11-18,0.77,297.755,96.9,0.0064,0.0,20.105,0.0,12.324
2018-11-17,0.83,300.52,97.8,0.0627,0.0,45.607,0.0,36.352
2018-11-16,0.92,304.694,99.2,0.1507,89.955,63.08,0.0,53.717
2018-11-15,0.87,302.372,98.4,0.0237,88.864,62.093,0.0,53.016
2018-11-14,0.82,300.059,97.7,0.0595,60.563,49.88,0.0,42.144
2018-11-13,0.8,299.136,97.4,0.0552,116.269,121.605,0.0,114.27
2018-11-12,0.81,299.597,97.5,0.5494,223.925,165.453,0.0,158.122
2018-11-11,0.7,294.545,95.9,0.8291,109.783,120.373,0.0,105.598
2018-11-10,0.72,295.46,96.2,0.095,216.682,206.092,0.0,181.48
2018-11-09,0.7,294.545,95.9,0.1185,199.006,209.596,0.0,193.692
2018-11-08,0.72,295.46,96.2,20.8176,141.136,146.437,0.0,140.945
2018-11-07,0.73,295.918,96.3,0.6995,77.496,93.433,0.0,68.303
2018-11-06,0.76,297.295,96.8,0.0026,66.326,87.634,0.0,61.058
2018-11-05,0.8,299.136,97.4,0.0204,132.25,105.63,0.0,97.445
2018-11-04,0.75,296.836,96.6,0.0068,118.505,107.88,0.0,99.586
2018-11-03,0.73,295.918,96.3,0.0125,135.899,125.297,0.0,117.104
2018-11-02,0.71,295.002,96.0,0.0111,111.791,111.791,0.0,104.134
2018-11-01,0.71,295.002,96.0,0.0239,109.439,125.353,0.0,117.457
2018-10-31,0.74,296.377,96.5,0.0222,160.066,176.015,0.0,168.23
2018-10-30,0.77,297.755,96.9,0.0058,125.398,120.074,0.0,113.654
2018-10-29,0.76,297.295,96.8,0.5204,81.397,97.369,0.0,90.77
2018-10-28,0.79,298.675,97.2,3.2505,162.072,87.859,0.0,82.745
2018-10-27,0.65,292.263,95.1,0.0854,166.537,177.093,0.0,158.05
2018-10-26,0.67,293.175,95.4,5.173,81.296,128.981,0.0,119.851
2018-10-25,0.76,297.295,96.8,0.0309,128.411,128.411,0.0,122.279
2018-10-24,0.76,297.295,96.8,0.0231,119.066,140.374,0.0,134.418
2018-10-23,0.8,299.136,97.4,0.0006,135.816,162.541,0.0,156.051
2018-10-22,0.85,301.445,98.1,0.0122,190.153,179.447,0.0,173.872
2018-10-21,0.83,300.52,97.8,0.0108,194.374,173.02,0.0,165.793
2018-10-20,0.79,298.675,97.2,0.0374,227.768,211.796,0.0,203.87
2018-10-19,0.76,297.295,96.8,0.054,197.518,176.28,0.0,168.777
2018-10-18,0.72,295.46,96.2,0.5927,156.826,194.037,0.0,185.019
2018-10-17,0.79,298.675,97.2,0.022,210.799,210.799,0.0,201.986
2018-10-16,0.79,298.675,97.2,0.0336,192.605,208.624,0.0,198.966
2018-10-15,0.82,300.059,97.7,0.0125,233.048,211.705,0.0,202.078
2018-10-14,0.78,298.215,97.1,0.0788,228.876,234.2,0.0,221.982
2018-10-13,0.79,298.675,97.2,0.1316,253.323,263.994,0.0,249.355
2018-10-12,0.81,299.597,97.5,0.0692,411.639,422.322,0.0,393.446
2018-10-11,0.83,300.52,97.8,0.0678,363.262,341.908,0.0,314.818
2018-10-10,0.79,298.675,97.2,0.041,608.686,630.04,0.0,605.097
2018-10-09,0.83,300.52,97.8,0.0001,1278.535,1036.996,0.0,1021.874
2018-10-08,0.37,279.651,91.0,0.0053,2407.281,2638.137,0.0,2635.241
2018-10-07,0.81,299.597,97.5,0.0457,7186.484,7272.456,0.0,7270.824
2018-10-06,0.97,307.025,99.9,93.5175,3609.26,3459.526,0.0,3457.612
2018-10-05,0.69,294.088,95.7,51.6562,230.318,310.121,0.0,295.821
2018-10-04,0.84,300.983,98.0,0.4914,144.047,117.334,0.0,101.284
2018-10-03,0.79,298.675,97.2,0.019,109.044,109.044,0.0,91.093
2018-10-02,0.79,298.675,97.2,0.02,112.227,144.287,0.0,127.759
2018-10-01,0.85,301.445,98.1,0.6094,156.35,92.38,0.0,82.285
2018-09-30,0.73,295.918,96.3,0.2296,66.832,98.742,0.0,87.312
2018-09-29,0.79,298.675,97.2,0.608,105.27,105.27,0.0,90.836
2018-09-28,0.79,298.675,97.2,0.0785,87.066,124.485,0.0,105.051
2018-09-27,0.86,301.908,98.3,0.0136,159.465,111.398,0.0,106.51
2018-09-26,0.77,297.755,96.9,0.0,99.299,147.366,0.0,142.581
2018-09-25,0.86,301.908,98.3,0.0173,155.261,107.194,0.0,102.148
2018-09-24,0.77,297.755,96.9,0.0238,156.031,209.468,0.0,202.402
2018-09-23,0.87,302.372,98.4,0.1254,390.117,336.679,0.0,329.703
2018-09-22,0.77,297.755,96.9,0.0315,245.422,320.353,0.0,301.917
2018-09-21,0.91,304.229,99.0,27.3527,201.875,164.306,0.0,144.11
2018-09-20,0.84,300.983,98.0,7.8201,185.197,174.503,0.0,155.212
2018-09-19,0.82,300.059,97.7,0.5604,156.46,156.46,0.0,138.755
2018-09-18,0.82,300.059,97.7,0.0,130.313,119.63,0.0,103.536
2018-09-17,0.8,299.136,97.4,0.0569,128.999,161.082,0.0,148.732
2018-09-16,0.86,301.908,98.3,0.1501,137.779,148.508,0.0,130.971
2018-09-15,0.88,302.835,98.6,3.265,79.478,90.23,0.0,73.293
2018-09-14,0.9,303.764,98.9,12.2164,388.781,308.596,0.0,295.363
2018-09-13,0.75,296.836,96.6,1.8366,223.618,202.391,0.0,187.375
2018-09-12,0.71,295.002,96.0,0.0067,121.851,153.714,0.0,137.046
2018-09-11,0.77,297.755,96.9,0.0,239.496,282.204,0.0,246.753
2018-09-10,0.85,301.445,98.1,0.0834,200.096,162.712,0.0,132.396
2018-09-09,0.78,298.215,97.1,0.0067,238.345,259.688,0.0,232.104
2018-09-08,0.82,300.059,97.7,0.0055,278.56,278.56,0.0,263.288
2018-09-07,0.82,300.059,97.7,3.3317,802.63,691.345,0.0,678.041
2018-09-06,0.61,290.444,94.6,0.0457,1413.666,1196.606,0.0,1187.442
2018-09-05,0.19,271.69,88.4,0.0198,2716.591,2834.566,0.0,2833.552
2018-09-04,0.42,281.883,91.8,41.2445,1664.701,1827.143,0.0,1810.002
2018-09-03,0.73,295.918,96.3,15.4316,930.071,935.383,0.0,859.679
2018-09-02,0.74,296.377,96.5,1.0008,1124.678,1226.322,0.0,1122.818
2018-09-01,0.93,305.159,99.3,5.5785,2528.337,2485.351,0.0,2411.336
2018-08-31,0.85,301.445,98.1,35.7,1365.626,1419.411,0.0,1308.974
2018-08-30,0.95,306.092,99.6,9.6861,986.601,948.904,0.0,844.742
2018-08-29,0.88,302.835,98.6,0.1783,2079.281,2073.922,0.0,2012.665
2018-08-28,0.87,302.372,98.4,10.5005,3447.115,3457.844,0.0,3339.438
2018-08-27,0.89,303.299,98.7,54.7166,2996.22,2879.044,0.0,2767.391
2018-08-26,0.67,293.175,95.4,87.2219,1194.926,1258.583,0.0,1147.068
2018-08-25,0.79,298.675,97.2,1.3756,157.794,168.465,0.0,78.821
2018-08-24,0.81,299.597,97.5,18.4047,149.802,187.279,0.0,113.994
2018-08-23,0.88,302.835,98.6,11.4202,180.925,143.448,0.0,75.59
2018-08-22,0.81,299.597,97.5,0.0072,168.171,168.171,0.0,71.807
2018-08-21,0.81,299.597,97.5,0.0007,156.061,124.105,0.0,47.271
2018-08-20,0.75,296.836,96.6,0.0,114.39,109.077,0.0,47.746
2018-08-19,0.74,296.377,96.5,0.0038,313.761,303.148,0.0,174.324
2018-08-18,0.72,295.46,96.2,0.0,140.1,177.311,0.0,70.73
2018-08-17,0.79,298.675,97.2,0.0051,194.351,189.027,0.0,85.411
2018-08-16,0.78,298.215,97.1,7.4806,163.678,174.338,0.0,78.08
2018-08-15,0.8,299.136,97.4,1.514,164.982,133.049,0.0,57.189
2018-08-14,0.74,296.377,96.5,0.4014,63.954,122.611,0.0,57.27
2018-08-13,0.85,301.445,98.1,0.014,167.875,114.53,0.0,30.158
2018-08-12,0.75,296.836,96.6,0.5451,116.874,143.494,0.0,64.101
2018-08-11,0.8,299.136,97.4,0.1248,135.285,129.949,0.0,69.047
2018-08-10,0.79,298.675,97.2,12.7854,198.353,193.029,0.0,154.605
2018-08-09,0.78,298.215,97.1,4.359,62.453,99.837,0.0,77.495
2018-08-08,0.85,301.445,98.1,0.3821,107.23,75.17,0.0,46.687
2018-08-07,0.79,298.675,97.2,1.9389,90.244,84.92,0.0,50.786
2018-08-06,0.78,298.215,97.1,3.8087,87.287,92.611,0.0,43.731
2018-08-05,0.79,298.675,97.2,0.0,107.536,91.564,0.0,21.03
2018-08-04,0.76,297.295,96.8,0.0,62.262,67.586,0.0,15.043
2018-08-03,0.77,297.755,96.9,0.0,68.101,46.839,0.0,18.65
2018-08-02,0.73,295.918,96.3,0.0,12.523,44.433,0.0,24.779
2018-08-01,0.79,298.675,97.2,0.0008,44.459,55.13,0.0,29.346
2018-07-31,0.81,299.597,97.5,0.0,101.318,101.318,0.0,42.802
2018-07-30,0.81,299.597,97.5,0.5638,93.653,109.695,0.0,56.214
2018-07-29,0.84,300.983,98.0,0.1083,127.25,132.597,0.0,64.261
2018-07-28,0.85,301.445,98.1,0.5579,109.924,104.577,0.0,54.857
2018-07-27,0.84,300.983,98.0,1.1497,62.377,51.683,0.0,29.662
2018-07-26,0.82,300.059,97.7,0.5538,68.919,52.9,0.0,30.266
2018-07-25,0.79,298.675,97.2,0.0068,82.016,87.352,0.0,36.256
2018-07-24,0.8,299.136,97.4,0.0,71.644,87.663,0.0,32.992
2018-07-23,0.83,300.52,97.8,0.0,132.233,121.55,0.0,44.155
2018-07-22,0.81,299.597,97.5,0.0,121.412,121.412,0.0,54.745
2018-07-21,0.81,299.597,97.5,0.0,126.22,115.549,0.0,63.286
2018-07-20,0.79,298.675,97.2,0.0,137.018,142.354,0.0,42.162
2018-07-19,0.8,299.136,97.4,0.0,117.395,128.078,0.0,38.359
2018-07-18,0.82,300.059,97.7,0.0,229.918,256.689,0.0,139.294
2018-07-17,0.87,302.372,98.4,0.0,184.627,173.898,0.0,87.938
2018-07-16,0.85,301.445,98.1,0.0,206.319,142.349,0.0,55.503
2018-07-15,0.73,295.918,96.3,0.0,222.302,318.494,0.0,202.138
2018-07-14,0.91,304.229,99.0,0.0,296.88,270.017,0.0,145.42
2018-07-13,0.86,301.908,98.3,0.0,254.758,254.758,0.0,165.583
2018-07-12,0.86,301.908,98.3,0.0,247.664,236.958,0.0,120.781
2018-07-11,0.84,300.983,98.0,0.4701,312.386,307.027,0.0,202.514
2018-07-10,0.83,300.52,97.8,1.0046,247.782,199.831,0.0,98.203
2018-07-09,0.74,296.377,96.5,9.0302,232.245,232.245,0.0,142.267
2018-07-08,0.74,296.377,96.5,0.003,294.828,337.444,0.0,223.435
2018-07-07,0.82,300.059,97.7,0.0,708.277,735.048,0.0,617.316
2018-07-06,0.87,302.372,98.4,2.1802,2129.659,2049.659,0.0,1949.594
2018-07-05,0.72,295.46,96.2,17.5007,1688.423,1730.969,0.0,1602.794
2018-07-04,0.8,299.136,97.4,14.1005,3030.525,3127.25,0.0,2982.239
2018-07-03,0.98,307.493,100.1,16.8318,3139.095,3112.081,0.0,2977.757
2018-07-02,0.93,305.159,99.3,56.2088,2115.685,2153.532,0.0,2032.817
2018-07-01,1.0,308.429,100.4,48.0487,1297.99,1217.157,0.0,1093.832
2018-06-30,0.85,301.445,98.1,8.8319,455.756,439.714,0.0,350.669
2018-06-29,0.82,300.059,97.7,2.9273,584.552,665.177,0.0,573.402
2018-06-28,0.97,307.025,99.9,22.9761,943.208,851.9,0.0,760.727
2018-06-27,0.8,299.136,97.4,48.822,629.849,576.712,0.0,464.481
2018-06-26,0.7,294.545,95.9,8.125,136.544,200.363,0.0,90.27
2018-06-25,0.82,300.059,97.7,0.0,140.974,124.955,0.0,34.698
2018-06-24,0.79,298.675,97.2,0.0001,110.611,99.963,0.0,36.673
2018-06-23,0.77,297.755,96.9,0.0033,101.811,107.135,0.0,39.012
2018-06-22,0.78,298.215,97.1,0.0,138.567,154.562,0.0,46.116
2018-06-21,0.81,299.597,97.5,0.0,114.199,103.528,0.0,41.825
2018-06-20,0.79,298.675,97.2,0.0574,128.835,155.548,0.0,69.227
2018-06-19,0.84,300.983,98.0,2.8725,133.179,111.802,0.0,44.333
2018-06-18,0.8,299.136,97.4,0.0,108.881,114.217,0.0,32.766
2018-06-17,0.81,299.597,97.5,0.0,129.254,107.935,0.0,28.707
2018-06-16,0.77,297.755,96.9,0.0018,82.352,114.354,0.0,23.862
2018-06-15,0.83,300.52,97.8,0.0501,138.209,132.873,0.0,43.92
2018-06-14,0.82,300.059,97.7,0.0076,151.161,161.855,0.0,61.11
2018-06-13,0.84,300.983,98.0,0.0106,161.032,144.99,0.0,46.449
2018-06-12,0.81,299.597,97.5,0.458,91.656,129.133,0.0,56.502
2018-06-11,0.88,302.835,98.6,13.0942,199.479,162.002,0.0,68.787
2018-06-10,0.81,299.597,97.5,0.4878,93.14,119.888,0.0,39.695
2018-06-09,0.86,301.908,98.3,0.0,146.281,114.198,0.0,46.255
2018-06-08,0.8,299.136,97.4,0.0,103.912,103.912,0.0,71.554
2018-06-07,0.8,299.136,97.4,0.0193,116.074,137.451,0.0,106.596
2018-06-06,0.84,300.983,98.0,0.0,142.067,104.706,0.0,71.691
2018-06-05,0.77,297.755,96.9,0.7307,85.423,117.425,0.0,83.428
2018-06-04,0.83,300.52,97.8,0.0274,84.851,95.557,0.0,68.711
2018-06-03,0.85,301.445,98.1,0.0,119.937,109.231,0.0,88.209
2018-06-02,0.83,300.52,97.8,0.0,98.941,115.006,0.0,93.808
2018-06-01,0.86,301.908,98.3,0.0068,96.9,96.9,0.0,66.387
2018-05-31,0.86,301.908,98.3,0.0137,150.511,129.111,0.0,98.931
2018-05-30,0.82,300.059,97.7,4.2772,105.128,121.17,0.0,88.887
2018-05-29,0.85,301.445,98.1,1.2635,122.141,90.081,0.0,40.737
2018-05-28,0.79,298.675,97.2,0.3454,79.551,111.611,0.0,68.873
2018-05-27,0.85,301.445,98.1,0.0,114.672,120.031,0.0,97.339
2018-05-26,0.86,301.908,98.3,0.0,126.893,121.534,0.0,92.399
2018-05-25,0.85,301.445,98.1,0.0164,136.37,131.023,0.0,101.992
2018-05-24,0.84,300.983,98.0,0.0,126.733,164.302,0.0,130.221
2018-05-23,0.91,304.229,99.0,17.9791,261.712,208.101,0.0,172.179
2018-05-22,0.81,299.597,97.5,4.7664,119.897,162.744,0.0,127.326
2018-05-21,0.89,303.299,98.7,0.0,155.99,118.49,0.0,86.249
2018-05-20,0.82,300.059,97.7,0.0,134.694,118.675,0.0,91.279
2018-05-19,0.79,298.675,97.2,0.0435,61.875,126.157,0.0,99.5
2018-05-18,0.91,304.229,99.0,2.3816,187.818,171.684,0.0,149.036
2018-05-17,0.88,302.835,98.6,0.6905,151.93,135.842,0.0,98.832
2018-05-16,0.85,301.445,98.1,,113.95,156.9396042,0.0,117.3705
2018-05-15,0.93,305.159,99.3,,203.44,160.4585972,0.0,113.7714375
2018-05-14,0.85,301.445,98.1,0.0846,135.863,162.703,0.0,138.806
2018-05-13,0.9,303.764,98.9,5.5967,267.275,176.465,0.0,145.318
2018-05-12,0.73,295.918,96.3,10.0008,126.487,190.457,0.0,160.202
2018-05-11,0.85,301.445,98.1,0.0,203.348,181.959,0.0,143.709
2018-05-10,0.81,299.597,97.5,,163.01,173.6976806,0.0,141.2412778
2018-05-09,0.83,300.52,97.8,0.0371,152.567,179.361,0.0,154.081
2018-05-08,0.88,302.835,98.6,0.0058,205.824,173.694,0.0,155.285
2018-05-07,0.82,300.059,97.7,14.3357,257.179,241.16,0.0,210.772
2018-05-06,0.79,298.675,97.2,16.2453,176.934,198.288,0.0,164.065
2018-05-05,0.83,300.52,97.8,0.0,118.632,161.56,0.0,129.471
2018-05-04,0.91,304.229,99.0,0.1128,111.544,143.905,0.0,106.337
2018-05-03,0.97,307.025,99.9,,230.86,166.2808819,0.0,118.8119306
2018-05-02,0.85,301.445,98.1,12.2273,155.774,139.732,0.0,105.655
2018-05-01,0.82,300.059,97.68,1.0366,131.936,147.983,0.0,114.009
2018-04-30,0.85,301.445,98.13,0.0,155.466,166.192,0.0,112.83
2018-04-29,0.87,302.372,98.4,0.0105,195.721,174.286,0.0,123.496
2018-04-28,0.83,300.52,97.8,0.0193,180.738,234.43,0.0,189.641
2018-04-27,0.93,305.159,99.3,,254.58,227.6783611,0.0,191.4277986
2018-04-26,0.88,302.835,98.6,0.0,152.29,98.81460417,0.0,87.741375
2018-04-25,0.79,298.675,97.2,,5.32,0.0,0.0,0.0
2018-04-24,0.77,297.7548,96.93,0.0,35.50268519,131.9980556,0.0,117.63225
2018-04-23,0.95,306.092,99.6,35.6802,209.125,176.799,0.0,141.596
2018-04-22,0.89,303.299,98.7,0.4769,166.581,166.581,0.0,129.81
2018-04-21,0.89,303.299,98.7,0.0,122.809,69.29,0.0,42.74
2018-04-20,0.79,298.675,97.2,0.0,84.507,159.553,0.0,123.61
2018-04-19,0.93,305.159,99.3,0.0059,173.345,194.942,0.0,141.887
2018-04-18,0.97,307.025,99.9,0.0094,240.149,170.218,0.0,115.763
2018-04-17,0.84,300.983,98.0,0.0,167.16,177.866,0.0,127.863
2018-04-16,0.86,301.908,98.3,0.0,229.444,197.361,0.0,161.337
2018-04-15,0.8,299.136,97.4,0.0215,233.736,249.755,0.0,217.389
2018-04-14,0.83,300.52,97.8,20.7964,167.922,194.716,0.0,165.128
2018-04-13,0.88,302.835,98.6,0.0,193.85,167.056,0.0,132.501
2018-04-12,0.83,300.52,97.8,0.0287,188.891,178.208,0.0,144.692
2018-04-11,0.81,299.597,97.5,3.2922,242.246,210.29,0.0,187.346
2018-04-10,0.75,296.836,96.6,0.0803,170.843,229.547,0.0,199.569
2018-04-09,0.86,301.908,98.3,0.2852,267.7,267.7,0.0,238.266
2018-04-08,0.86,301.908,98.3,0.0662,487.249,402.029,0.0,374.522
2018-04-07,0.7,294.545,95.9,0.0205,758.702,838.563,0.0,809.544
2018-04-06,0.85,301.445,98.1,17.363,401.779,396.432,0.0,367.58
2018-04-05,0.84,300.983,98.0,10.7695,160.545,187.351,0.0,156.371
2018-04-04,0.89,303.299,98.7,13.7279,151.267,135.167,0.0,97.839
2018-04-03,0.86,301.908,98.3,0.0201,140.235,124.17,0.0,73.6
2018-04-02,0.83,300.52,97.8,0.0,95.495,74.141,0.0,46.053
2018-04-01,0.79,298.675,97.2,0.0,90.962,80.314,0.0,55.649
2018-03-31,0.77,297.755,96.9,0.0,82.469,98.453,0.0,64.867
2018-03-30,0.8,299.136,97.4,0.0,83.368,67.384,0.0,38.274
2018-03-29,0.77,297.755,96.9,0.0,137.628,148.276,0.0,122.569
2018-03-28,0.79,298.675,97.2,0.0,126.913,158.973,0.0,139.947
2018-03-27,0.85,301.445,98.1,0.0004,158.395,137.006,0.0,115.373
2018-03-26,0.81,299.597,97.5,0.0,202.356,175.712,0.0,158.853
2018-03-25,0.76,297.295,96.8,0.0004,242.267,242.267,0.0,226.443
2018-03-24,0.76,297.295,96.8,0.0008,304.896,315.544,0.0,300.408
2018-03-23,0.78,298.215,97.1,0.0326,372.657,442.263,0.0,419.827
2018-03-22,0.91,304.229,99.0,0.3941,451.092,386.81,0.0,363.311
2018-03-21,0.79,298.675,97.2,10.8583,476.017,594.327,0.0,585.599
2018-03-20,1.01,308.897,100.6,0.2243,448.782,400.136,0.0,378.617
2018-03-19,0.92,304.694,99.2,27.5091,328.98,318.216,0.0,302.903
2018-03-18,0.9,303.764,98.9,2.6469,219.671,144.798,0.0,100.298
2018-03-17,0.76,297.295,96.8,0.0253,223.519,255.51,0.0,200.967
2018-03-16,0.82,300.059,97.7,1.7867,268.783,263.436,0.0,230.601
2018-03-15,0.81,299.597,97.5,13.6416,245.147,239.811,0.0,212.116
2018-03-14,0.8,299.136,97.4,0.235,182.341,177.005,0.0,147.027
2018-03-13,0.79,298.675,97.2,0.0077,211.739,217.075,0.0,182.01
2018-03-12,0.8,299.136,97.4,0.0197,248.238,205.692,0.0,178.617
2018-03-11,0.72,295.46,96.2,0.008,242.89,248.191,0.0,222.015
2018-03-10,0.73,295.918,96.3,0.0395,303.396,329.982,0.0,299.684
2018-03-09,0.78,298.215,97.1,,428.07,438.7304514,0.0,406.3703333
2018-03-08,0.8,299.136,97.4,23.6318,418.383,370.536,0.0,335.786
2018-03-07,0.71,295.002,96.0,5.3459,190.165,264.737,0.0,231.479
2018-03-06,0.85,301.445,98.1,0.1454,352.307,330.918,0.0,299.921
2018-03-05,0.81,299.597,97.5,12.9722,172.912,205.03,0.0,174.417
2018-03-04,0.87,302.372,98.4,15.0274,138.597,85.159,0.0,58.565
2018-03-03,0.77,297.755,96.9,0.0,70.069,75.393,0.0,30.106
2018-03-02,0.78,298.215,97.1,0.045,71.537,55.576,0.0,17.286
2018-03-01,0.75,296.836,96.6,2.0083,108.874,178.307,0.0,147.832
2018-02-28,0.88,302.835,98.6,23.2539,165.158,127.681,0.0,89.086
2018-02-27,0.81,299.597,97.53,0.1429,65.26,65.259,0.0,42.797
2018-02-26,0.81,299.597,97.53,0.0,82.782,88.128,0.0,58.641
2018-02-25,0.82,300.059,97.68,0.0142,36.307,57.712,0.0,39.554
2018-02-24,0.86,301.908,98.28,0.0,69.518,26.772,0.0,10.218
2018-02-23,0.78,298.215,97.08,0.1907,35.576,51.573,0.0,37.235
2018-02-22,0.81,299.597,97.53,0.0004,46.0,62.041,0.0,43.997
2018-02-21,0.84,300.983,97.98,0.0,70.317,64.962,0.0,43.702
2018-02-20,0.83,300.52,97.83,0.0,48.228,64.288,0.0,38.184
2018-02-19,0.86,301.908,98.28,0.0,51.551,51.548,0.0,26.697
2018-02-18,0.86,301.908,98.28,0.0008,47.548,36.839,0.0,22.702
2018-02-17,0.84,300.983,97.98,0.0306,73.525,52.152,0.0,33.442
2018-02-16,0.8,299.136,97.38,0.0012,37.18,10.56,0.0,3.153
2018-02-15,0.75,296.836,96.63,0.0032,28.223,33.537,0.0,17.174
2018-02-14,0.76,297.295,96.78,0.0058,54.244,27.703,0.0,17.138
2018-02-13,0.71,295.002,96.03,0.162,27.861,1.433,0.0,0.0
2018-02-12,0.66,292.719,95.29,0.2203,1.25,1.252,0.0,0.0
2018-02-11,0.66,292.719,95.29,0.0926,0.0,1.191,0.0,0.0
2018-02-10,0.67,293.175,95.43,0.0016,6.512,1.237,0.0,0.0
2018-02-09,0.66,292.719,95.29,0.0106,0.0,1.334,0.0,0.0
2018-02-08,0.67,293.175,95.43,0.0047,1.164,1.166,0.0,0.0
2018-02-07,0.67,293.175,95.43,0.0663,6.513,1.238,0.0,0.0
2018-02-06,0.66,292.719,95.29,0.0322,6.433,1.158,0.0,0.0
2018-02-05,0.65,292.263,95.14,0.0127,11.683,1.149,0.0,0.005
2018-02-04,0.63,291.353,94.84,0.0134,11.821,1.301,0.0,0.0
2018-02-03,0.61,290.444,94.55,0.0085,0.0,3.344,0.0,0.0
2018-02-02,0.62,290.898,94.69,0.0004,15.461,41.81,0.0,18.566
2018-02-01,0.67,293.175,95.43,0.0,51.94,41.387,0.0,17.31
2018-01-31,0.65,292.263,95.14,0.0088,41.896,47.172,0.0,16.706
2018-01-30,0.66,292.719,95.29,0.0092,51.86,51.862,0.0,18.614
2018-01-29,0.66,292.719,95.29,0.0124,40.348,66.774,0.0,28.837
2018-01-28,0.71,295.002,96.03,0.0096,67.346,56.762,0.0,30.758
2018-01-27,0.69,294.088,95.73,0.0092,53.349,53.35,0.0,29.302
2018-01-26,0.69,294.088,95.73,0.2053,45.88,51.171,0.0,28.868
2018-01-25,0.7,294.545,95.88,0.0657,57.505,57.505,0.0,31.238
2018-01-24,0.7,294.545,95.88,0.0135,60.538,60.538,0.0,38.484
2018-01-23,0.7,294.545,95.88,0.0488,83.605,94.196,0.0,67.082
2018-01-22,0.72,295.46,96.18,0.412,80.918,80.915,0.0,57.625
2018-01-21,0.72,295.46,96.18,0.0,63.895,58.591,0.0,38.566
2018-01-20,0.71,295.002,96.03,0.0,75.275,91.184,0.0,38.987
2018-01-19,0.74,296.377,96.48,0.0236,100.893,69.111,0.0,22.861
2018-01-18,0.68,293.631,95.58,0.2554,99.591,89.034,0.0,42.735
2018-01-17,0.66,292.719,95.29,7.6466,90.242,116.668,0.0,82.777
2018-01-16,0.71,295.002,96.03,8.0055,120.926,62.912,0.0,24.548
2018-01-15,0.6,289.99,94.4,0.0297,44.536,76.117,0.0,28.208
2018-01-14,0.66,292.719,95.29,0.0076,66.167,60.892,0.0,26.622
2018-01-13,0.65,292.263,95.14,0.0683,28.559,70.86,0.0,45.697
2018-01-12,0.73,295.918,96.33,0.0457,55.972,77.229,0.0,49.172
2018-01-11,0.77,297.755,96.93,0.0848,90.044,63.484,0.0,35.624
2018-01-10,0.72,295.46,96.18,0.7187,86.329,54.602,0.0,29.979
2018-01-09,0.66,292.719,95.29,0.3264,63.131,89.557,0.0,66.487
2018-01-08,0.71,295.002,96.03,1.3083,107.3,123.209,0.0,98.354
2018-01-07,0.74,296.377,96.48,0.0704,77.06,66.447,0.0,41.694
2018-01-06,0.72,295.46,96.18,0.0004,60.909,55.605,0.0,35.355
2018-01-05,0.71,295.002,96.03,0.0104,60.399,60.394,0.0,20.75
2018-01-04,0.71,295.002,96.03,0.0,64.733,64.728,0.0,21.311
2018-01-03,0.71,295.002,96.03,0.0,62.612,67.908,0.0,25.498
2018-01-02,0.72,295.46,96.18,0.0099,84.158,62.986,0.0,23.239
2018-01-01,0.68,293.631,95.58,0.01,79.771,58.67,0.0,19.922
2017-12-31,0.64,291.808,94.99,0.1435,61.433,61.434,0.0,28.658
2017-12-30,0.64,291.808,95.0,0.0,89.989,126.957,0.0,95.572
2017-12-29,0.71,295.002,96.0,0.0012,98.313,119.54,0.0,89.096
2017-12-28,0.75,296.836,96.6,0.2269,86.729,76.104,0.0,47.177
2017-12-27,0.73,295.918,96.3,0.2264,86.231,75.629,0.0,46.275
2017-12-26,0.71,295.002,96.0,0.0204,107.727,118.329,0.0,90.492
2017-12-25,0.73,295.918,96.3,0.0133,143.602,133.0,0.0,106.495
2017-12-24,0.71,295.002,96.0,11.8404,82.37,98.284,0.0,72.24
2017-12-23,0.74,296.377,96.5,0.4396,97.343,60.283,0.0,33.097
2017-12-22,0.67,293.175,95.4,0.7115,46.473,57.04,0.0,33.834
2017-12-21,0.69,294.088,95.7,0.223,24.366,45.547,0.0,23.306
2017-12-20,0.73,295.918,96.3,0.6676,55.185,34.004,0.0,12.928
2017-12-19,0.69,294.088,95.7,0.0387,85.979,17.588,0.0,4.509
2017-12-18,0.56,288.179,93.8,0.0132,58.561,6.431,0.0,0.0
2017-12-17,0.46,283.675,92.3,0.0028,0.0,23.642,0.0,0.11
2017-12-16,0.52,286.373,93.2,0.0032,0.0,46.431,0.0,6.278
2017-12-15,0.62,290.898,94.7,0.0095,8.42,55.92,0.0,19.918
2017-12-14,0.71,295.002,96.0,0.0036,70.342,65.053,0.0,38.441
2017-12-13,0.7,294.545,95.9,0.0162,58.879,58.879,0.0,33.899
2017-12-12,0.7,294.545,95.9,0.0012,75.431,80.72,0.0,56.15
2017-12-11,0.71,295.002,96.0,0.0135,101.032,122.259,0.0,89.766
2017-12-10,0.75,296.836,96.6,0.3558,76.905,66.28,0.0,37.822
2017-12-09,0.73,295.918,96.3,0.0,50.087,23.617,0.0,10.598
2017-12-08,0.68,293.631,95.6,0.0023,48.177,37.621,0.0,16.607
2017-12-07,0.66,292.719,95.3,0.5221,76.491,44.905,0.0,14.424
2017-12-06,0.6,289.99,94.4,0.4604,63.196,47.467,0.0,9.1
2017-12-05,0.57,288.631,94.0,0.0172,40.769,40.769,0.0,6.333
2017-12-04,0.57,288.631,94.0,0.0339,33.835,54.819,0.0,16.714
2017-12-03,0.61,290.444,94.6,0.0086,64.663,75.184,0.0,22.658
2017-12-02,0.63,291.353,94.8,0.0,53.434,63.966,0.0,26.156
2017-12-01,0.65,292.263,95.1,0.0315,77.42,103.832,0.0,52.051
2017-11-30,0.7,294.545,95.9,0.0004,107.44,128.644,0.0,86.929
2017-11-29,0.74,296.377,96.5,0.0,121.82,84.76,0.0,60.87
2017-11-28,0.67,293.175,95.4,0.0,82.77,103.916,0.0,79.766
2017-11-27,0.71,295.002,96.0,0.0076,125.622,99.198,0.0,78.266
2017-11-26,0.66,292.719,95.3,0.4839,23.366,81.653,0.0,66.6
2017-11-25,0.77,297.755,96.9,0.0612,58.047,52.723,0.0,37.617
2017-11-24,0.76,297.295,96.8,0.7222,81.638,33.953,0.0,20.968
2017-11-23,0.67,293.175,95.4,0.005,82.847,103.993,0.0,76.776
2017-11-22,0.71,295.002,96.0,0.0498,123.53,91.829,0.0,52.988
2017-11-21,0.65,292.263,95.1,0.0,61.4,61.4,0.0,20.875
2017-11-20,0.65,292.263,95.1,0.0012,116.3,84.749,0.0,13.849
2017-11-19,0.59,289.537,94.3,0.0222,54.243,85.794,0.0,17.479
2017-11-18,0.65,292.263,95.1,0.0185,102.506,76.198,0.0,30.102
2017-11-17,0.6,289.99,94.4,0.0667,39.484,65.792,0.0,25.134
2017-11-16,0.65,292.263,95.1,0.0,57.392,52.126,0.0,25.675
2017-11-15,0.64,291.808,95.0,0.0028,61.449,66.715,0.0,50.527
2017-11-14,0.65,292.263,95.1,0.0176,166.58,166.58,0.0,147.129
2017-11-13,0.65,292.263,95.1,0.0,191.783,170.73,0.0,144.557
2017-11-12,0.61,290.444,94.6,0.0,63.041,73.562,0.0,44.823
2017-11-11,0.63,291.353,94.8,0.0102,59.173,90.828,0.0,65.143
2017-11-10,0.69,294.088,95.7,0.2276,73.923,63.356,0.0,41.792
2017-11-09,0.67,293.175,95.4,0.0,36.498,57.644,0.0,40.169
2017-11-08,0.71,295.002,96.0,0.0027,83.3,41.066,0.0,20.574
2017-11-07,0.63,291.353,94.8,0.0,59.729,75.539,0.0,27.969
2017-11-06,0.66,292.719,95.3,0.0121,67.106,77.662,0.0,29.009
2017-11-05,0.68,293.631,95.6,0.0034,75.206,69.928,0.0,20.013
2017-11-04,0.67,293.175,95.4,0.0,57.014,62.292,0.0,24.601
2017-11-03,0.68,293.631,95.6,0.018,80.892,80.892,0.0,51.231
2017-11-02,0.68,293.631,95.6,0.0,126.538,115.982,0.0,90.228
2017-11-01,0.66,292.719,95.3,0.0,56.05,50.772,0.0,32.429
2017-10-31,0.65,292.263,95.1,0.0,49.017,64.85,0.0,44.659
2017-10-30,0.68,293.631,95.6,0.0004,83.876,83.876,0.0,60.19
2017-10-29,0.68,293.631,95.6,0.0059,96.309,85.753,0.0,59.321
2017-10-28,0.66,292.719,95.3,0.0072,102.639,113.195,0.0,85.688
2017-10-27,0.68,293.631,95.6,0.0,112.859,107.581,0.0,81.91
2017-10-26,0.67,293.175,95.4,0.0,83.97,89.248,0.0,66.723
2017-10-25,0.68,293.631,95.6,0.0098,90.58,95.869,0.0,78.188
2017-10-24,0.69,294.088,95.7,0.156,113.236,86.847,0.0,69.962
2017-10-23,0.64,291.808,95.0,0.0196,64.294,101.262,0.0,86.044
2017-10-22,0.71,295.002,96.0,0.0113,71.82,71.82,0.0,48.676
2017-10-21,0.71,295.002,96.0,0.0331,120.479,109.9,0.0,81.874
2017-10-20,0.69,294.088,95.7,0.0318,92.638,97.927,0.0,66.607
2017-10-19,0.7,294.545,95.9,0.1328,110.123,115.412,0.0,81.348
2017-10-18,0.71,295.002,96.0,0.0657,93.269,98.57,0.0,73.882
2017-10-17,0.72,295.46,96.2,0.0181,162.082,156.781,0.0,136.265
2017-10-16,0.71,295.002,96.0,0.0177,146.66,146.66,0.0,125.192
2017-10-15,0.71,295.002,96.0,0.7211,166.879,172.18,0.0,145.881
2017-10-14,0.72,295.46,96.2,0.0,222.343,195.896,0.0,171.461
2017-10-13,0.67,293.175,95.4,0.1228,173.629,184.196,0.0,156.579
2017-10-12,0.69,294.088,95.7,19.0973,132.349,158.842,0.0,135.273
2017-10-11,0.74,296.377,96.5,0.7124,131.37,104.877,0.0,83.817
2017-10-10,0.69,294.088,95.7,0.0072,111.108,116.397,0.0,98.833
2017-10-09,0.7,294.545,95.9,0.0491,158.527,121.583,0.0,104.561
2017-10-08,0.63,291.353,94.8,0.0198,137.738,153.548,0.0,134.567
2017-10-07,0.66,292.719,95.3,0.024,134.123,155.257,0.0,138.407
2017-10-06,0.7,294.545,95.9,7.4693,163.876,163.876,0.0,147.309
2017-10-05,0.7,294.545,95.9,0.3269,154.665,181.181,0.0,156.722
2017-10-04,0.75,296.836,96.6,0.033,175.383,175.383,0.0,151.253
2017-10-03,0.75,296.836,96.6,0.3078,167.106,199.062,0.0,177.009
2017-10-02,0.81,299.597,97.5,17.2295,214.953,151.191,0.0,130.601
2017-10-01,0.69,294.088,95.7,10.4826,104.614,109.903,0.0,95.095
2017-09-30,0.7,294.545,95.9,0.0,159.95,101.987,0.0,89.088
2017-09-29,0.59,289.537,94.3,0.0,148.233,200.907,0.0,172.337
2017-09-28,0.69,294.088,95.7,0.11,158.902,164.191,0.0,137.405
2017-09-27,0.7,294.545,95.9,32.0439,168.1,141.688,0.0,109.531
2017-09-26,0.65,292.263,95.1,0.0,82.192,129.808,0.0,107.22
2017-09-25,0.74,296.377,96.5,0.0791,131.831,84.215,0.0,67.32
2017-09-24,0.65,292.263,95.1,0.0056,96.182,127.883,0.0,109.203
2017-09-23,0.71,295.002,96.0,0.0,102.27,112.872,0.0,82.543
2017-09-22,0.73,295.918,96.3,0.0,94.993,94.993,0.0,62.965
2017-09-21,0.73,295.918,96.3,0.0446,116.797,111.496,0.0,89.948
2017-09-20,0.72,295.46,96.2,1.0309,119.169,119.169,0.0,100.692
2017-09-19,0.72,295.46,96.2,0.4146,106.347,127.585,0.0,110.422
2017-09-18,0.76,297.295,96.8,0.0082,151.849,120.02,0.0,99.11
2017-09-17,0.7,294.545,95.9,0.5525,126.091,131.38,0.0,113.633
2017-09-16,0.71,295.002,96.0,0.0223,171.319,171.319,0.0,152.725
2017-09-15,0.71,295.002,96.0,0.0,168.491,189.718,0.0,164.709
2017-09-14,0.75,296.836,96.6,0.0,251.334,198.406,0.0,176.192
2017-09-13,0.65,292.263,95.1,3.1575,259.391,317.632,0.0,301.626
2017-09-12,0.76,297.295,96.8,0.0131,537.529,585.561,0.0,566.779
2017-09-11,0.85,301.445,98.1,46.4818,607.843,527.982,0.0,505.622
2017-09-10,0.7,294.545,95.9,0.0,120.735,115.446,0.0,98.558
2017-09-09,0.69,294.088,95.7,0.0,149.11,127.987,0.0,110.138
2017-09-08,0.65,292.263,95.1,0.0655,109.769,183.982,0.0,167.226
2017-09-07,0.79,298.675,97.2,0.8306,175.783,181.119,0.0,159.102
2017-09-06,0.8,299.136,97.4,8.932,170.582,117.445,0.0,101.954
2017-09-05,0.7,294.545,95.9,0.8456,115.069,104.49,0.0,87.476
2017-09-04,0.68,293.631,95.6,0.0,83.419,120.514,0.0,94.507
2017-09-03,0.75,296.836,96.6,0.0,172.547,151.32,0.0,128.339
2017-09-02,0.71,295.002,96.0,0.0176,148.378,132.51,0.0,110.81
2017-09-01,0.68,293.631,95.6,0.2335,139.826,155.694,0.0,125.567
2017-08-31,0.71,295.002,96.0,0.0,173.74,179.041,0.0,51.317
2017-08-30,0.72,295.46,96.2,0.0264,238.408,264.97,0.0,126.173
2017-08-29,0.77,297.755,96.9,1.0778,194.562,152.12,0.0,41.23
2017-08-28,0.69,294.088,95.7,2.9487,216.309,232.189,0.0,98.759
2017-08-27,0.72,295.46,96.2,0.0,225.523,204.354,0.0,96.851
2017-08-26,0.68,293.631,95.6,0.0154,468.938,479.517,0.0,383.787
2017-08-25,0.7,294.545,95.9,1.326,425.245,430.534,0.0,318.553
2017-08-24,0.71,295.002,96.0,6.0717,494.957,521.496,0.0,415.979
2017-08-23,0.76,297.295,96.8,3.7958,668.819,684.791,0.0,581.502
2017-08-22,0.79,298.675,97.2,3.586,1003.607,961.095,0.0,862.314
2017-08-21,0.71,295.002,96.0,19.8837,668.33,657.751,0.0,570.911
2017-08-20,0.69,294.088,95.7,5.8765,603.913,619.793,0.0,527.415
2017-08-19,0.72,295.46,96.2,9.3027,572.75,493.711,0.0,388.077
2017-08-18,0.57,288.631,94.0,6.8915,802.734,807.977,0.0,698.518
2017-08-17,0.58,289.084,94.1,10.3245,962.75,978.491,0.0,849.71
2017-08-16,0.61,290.444,94.6,5.2309,1315.858,1336.911,0.0,1214.104
2017-08-15,0.65,292.263,95.1,15.419,757.028,820.593,0.0,727.682
2017-08-14,0.77,297.755,96.9,36.5907,545.629,445.27,0.0,348.108
2017-08-13,0.58,289.084,94.1,0.2408,266.093,339.889,0.0,242.382
2017-08-12,0.72,295.46,96.2,0.0456,329.767,335.068,0.0,239.535
2017-08-11,0.73,295.918,96.3,3.8283,349.478,413.448,0.0,321.385
2017-08-10,0.85,301.445,98.1,17.6088,338.911,306.851,0.0,211.724
2017-08-09,0.79,298.675,97.2,12.9795,160.516,118.004,0.0,49.519
2017-08-08,0.71,295.002,96.0,0.0,150.017,150.017,0.0,83.421
2017-08-07,0.71,295.002,96.0,0.906,126.453,94.752,0.0,30.549
2017-08-06,0.65,292.263,95.1,1.9283,106.053,153.669,0.0,71.994
2017-08-05,0.74,296.377,96.5,0.656,178.577,125.695,0.0,39.395
2017-08-04,0.64,291.808,95.0,0.0412,124.661,198.816,0.0,94.601
2017-08-03,0.78,298.215,97.1,0.009,297.146,270.56,0.0,142.613
2017-08-02,0.73,295.918,96.3,0.009,607.593,575.845,0.0,456.976
2017-08-01,0.67,293.175,95.4,3.2876,972.8,983.367,0.0,854.883
2017-07-31,0.69,294.088,95.7,20.1187,741.487,657.413,0.0,549.948
2017-07-30,0.53,286.824,93.4,0.1897,1013.177,1161.013,0.0,1033.158
2017-07-29,0.81,299.597,97.5,13.4099,1331.139,1256.81,0.0,1115.8
2017-07-28,0.67,293.175,95.4,19.549,202.927,181.839,0.0,86.142
2017-07-27,0.63,291.353,94.8,0.0737,195.649,253.797,0.0,153.443
2017-07-26,0.74,296.377,96.5,0.0254,495.3,618.541,0.0,520.656
2017-07-25,0.97,307.025,99.9,17.85,633.671,521.055,0.0,430.054
2017-07-24,0.76,297.295,96.8,13.3872,203.164,134.391,0.0,29.758
2017-07-23,0.63,291.353,94.8,0.8955,136.574,147.106,0.0,40.966
2017-07-22,0.65,292.263,95.1,2.2551,116.026,168.954,0.0,61.696
2017-07-21,0.75,296.836,96.6,0.0301,193.436,166.92,0.0,70.652
2017-07-20,0.7,294.545,95.9,0.0,167.287,161.998,0.0,63.837
2017-07-19,0.69,294.088,95.7,0.0082,306.793,296.226,0.0,169.627
2017-07-18,0.67,293.175,95.4,0.6975,364.772,343.684,0.0,240.875
2017-07-17,0.63,291.353,94.8,5.4754,1099.156,1067.651,0.0,957.304
2017-07-16,0.57,288.631,94.0,16.2314,808.571,798.108,0.0,682.454
2017-07-15,0.55,287.727,93.7,6.8047,178.2,251.823,0.0,146.615
2017-07-14,0.69,294.088,95.7,11.1071,190.503,190.503,0.0,92.81
2017-07-13,0.69,294.088,95.7,0.0,145.811,135.244,0.0,55.139
2017-07-12,0.67,293.175,95.4,0.0,219.647,288.64,0.0,197.054
2017-07-11,0.8,299.136,97.4,1.4029,285.351,264.043,0.0,197.156
2017-07-10,0.76,297.295,96.8,2.1351,364.072,348.134,0.0,268.11
2017-07-09,0.73,295.918,96.3,3.8957,330.246,346.183,0.0,252.972
2017-07-08,0.76,297.295,96.8,13.9571,312.926,296.988,0.0,196.514
2017-07-07,0.73,295.918,96.3,0.9114,206.043,190.152,0.0,91.85
2017-07-06,0.7,294.545,95.9,4.8836,258.914,243.058,0.0,171.856
2017-07-05,0.67,293.175,95.4,2.8049,621.039,537.092,0.0,436.648
2017-07-04,0.51,285.922,93.1,15.4156,1147.276,1225.945,0.0,1092.251
2017-07-03,0.66,292.719,95.3,24.592,277.113,277.113,0.0,160.976
2017-07-02,0.66,292.719,95.3,10.5351,144.626,144.626,0.0,61.141
2017-07-01,0.66,292.719,95.3,3.4795,104.215,130.639,0.0,48.22
2017-06-30,0.71,295.002,96.0,0.204,63.938,74.54,0.0,27.052
2017-06-29,0.73,295.918,96.3,0.9059,184.884,195.509,0.0,106.93
2017-06-28,0.75,296.836,96.6,0.592,176.156,133.783,0.0,57.428
2017-06-27,0.67,293.175,95.4,0.2807,322.7,413.07,0.0,329.465
2017-06-26,0.84,300.983,98.0,10.3497,445.518,418.805,0.0,321.823
2017-06-25,0.79,298.675,97.2,23.6831,122.059,63.679,0.0,21.048
2017-06-24,0.68,293.631,95.6,0.8943,33.878,49.746,0.0,17.928
2017-06-23,0.71,295.002,96.0,0.0139,58.641,53.352,0.0,20.321
2017-06-22,0.7,294.545,95.9,0.0107,59.073,74.964,0.0,29.321
2017-06-21,0.73,295.918,96.3,0.1971,67.18,61.879,0.0,20.988
2017-06-20,0.72,295.46,96.2,2.2015,79.572,74.271,0.0,21.887
2017-06-19,0.71,295.002,96.0,0.0012,62.45,62.45,0.0,17.919
2017-06-18,0.71,295.002,96.0,0.0024,82.04,87.341,0.0,28.286
2017-06-17,0.72,295.46,96.2,0.0036,52.986,47.685,0.0,15.689
2017-06-16,0.71,295.002,96.0,0.0,76.691,55.545,0.0,14.941
2017-06-15,0.67,293.175,95.4,0.0,32.124,85.133,0.0,58.968
2017-06-14,0.77,297.755,96.9,0.0143,62.312,35.749,0.0,20.729
2017-06-13,0.72,295.46,96.2,2.1204,80.311,69.721,0.0,47.24
2017-06-12,0.7,294.545,95.9,0.0,42.8,64.004,0.0,26.113
2017-06-11,0.74,296.377,96.5,0.1128,58.022,47.409,0.0,9.079
2017-06-10,0.72,295.46,96.2,0.049,59.837,65.138,0.0,13.291
2017-06-09,0.73,295.918,96.3,0.0113,88.808,99.433,0.0,33.332
2017-06-08,0.75,296.836,96.6,0.0328,150.485,161.122,0.0,85.779
2017-06-07,0.77,297.755,96.9,2.5588,120.321,72.59,0.0,34.139
2017-06-06,0.68,293.631,95.6,7.762,74.274,58.441,0.0,23.125
2017-06-05,0.65,292.263,95.1,0.0,13.496,18.774,0.0,5.755
2017-06-04,0.66,292.719,95.3,0.0,82.542,135.505,0.0,46.657
2017-06-03,0.76,297.295,96.8,0.0082,280.642,217.135,0.0,87.641
2017-06-02,0.64,291.808,95.0,0.0082,133.188,175.457,0.0,112.1
2017-06-01,0.72,295.46,96.2,1.6502,140.23,76.92,0.0,34.992
2017-05-31,0.6,289.99,94.4,0.0,45.093,24.132,0.0,6.129
2017-05-30,0.56,288.179,93.8,0.0,1.292,48.561,0.0,45.138
2017-05-29,0.65,292.263,95.1,0.0033,22.945,44.068,0.0,27.69
2017-05-28,0.69,294.088,95.7,0.0,32.332,21.765,0.0,0.0
2017-05-27,0.67,293.175,95.4,0.0004,19.222,13.944,0.0,2.261
2017-05-26,0.66,292.719,95.3,0.0153,11.372,43.097,0.0,4.649
2017-05-25,0.72,295.46,96.2,0.0794,65.365,49.485,0.0,10.52
2017-05-24,0.69,294.088,95.7,3.5422,20.367,36.247,0.0,2.62
2017-05-23,0.72,295.46,96.2,0.0,50.401,34.521,0.0,6.877
2017-05-22,0.69,294.088,95.7,0.0,21.153,31.732,0.0,11.665
2017-05-21,0.71,295.002,96.0,0.0,56.348,29.924,0.0,11.337
2017-05-20,0.66,292.719,95.3,0.0,50.834,29.758,0.0,11.584
2017-05-19,0.62,290.898,94.7,0.0063,41.833,26.081,0.0,8.922
2017-05-18,0.59,289.537,94.3,0.0226,33.746,28.503,0.0,9.933
2017-05-17,0.58,289.084,94.1,0.7819,2.043,81.14,0.0,43.119
2017-05-16,0.73,295.918,96.3,0.0502,26.44,58.35,0.0,31.141
2017-05-15,0.79,298.675,97.2,0.0144,75.464,59.492,0.0,19.042
2017-05-14,0.76,297.295,96.8,0.0238,76.39,65.765,0.0,2.764
2017-05-13,0.74,296.377,96.5,0.976,98.396,109.021,0.0,17.25
2017-05-12,0.76,297.295,96.8,2.4535,91.231,75.293,0.0,11.429
2017-05-11,0.73,295.918,96.3,0.231,93.919,104.544,0.0,17.469
2017-05-10,0.75,296.836,96.6,0.4876,155.779,145.154,0.0,29.933
2017-05-09,0.73,295.918,96.3,12.5476,124.448,97.978,0.0,22.032
2017-05-08,0.68,293.631,95.6,0.0,44.995,66.164,0.0,15.914
2017-05-07,0.72,295.46,96.2,0.0088,109.883,125.809,0.0,65.147
2017-05-06,0.75,296.836,96.6,0.0387,167.449,156.824,0.0,50.196
2017-05-05,0.73,295.918,96.3,3.2708,103.498,108.81,0.0,26.534
2017-05-04,0.74,296.377,96.5,0.0131,169.844,159.231,0.0,49.295
2017-05-03,0.72,295.46,96.2,0.0,124.108,155.995,0.0,60.772
2017-05-02,0.78,298.215,97.1,0.0,91.534,70.261,0.0,22.901
2017-05-01,0.74,296.377,96.5,0.0,132.442,132.442,0.0,86.028
2017-04-30,0.74,296.377,96.5,0.0,73.689,89.638,0.0,60.968
2017-04-29,0.77,297.755,96.9,0.0,87.146,81.822,0.0,41.869
2017-04-28,0.76,297.295,96.8,0.0414,95.178,63.349,0.0,16.071
2017-04-27,0.7,294.545,95.9,0.0032,135.623,151.514,0.0,102.184
2017-04-26,0.73,295.918,96.3,1.7459,129.27,129.27,0.0,70.072
2017-04-25,0.73,295.918,96.3,0.4193,181.255,170.653,0.0,105.001
2017-04-24,0.71,295.002,96.0,0.0135,161.652,140.506,0.0,90.701
2017-04-23,0.67,293.175,95.4,0.0,206.74,180.386,0.0,143.359
2017-04-22,0.62,290.898,94.7,0.2027,200.391,247.891,0.0,204.548
2017-04-21,0.71,295.002,96.0,0.0188,212.561,191.415,0.0,144.951
2017-04-20,0.67,293.175,95.4,0.4325,205.006,205.006,0.0,171.489
2017-04-19,0.67,293.175,95.4,0.0094,192.916,256.573,0.0,218.164
2017-04-18,0.79,298.675,97.2,2.124,247.847,189.467,0.0,156.067
2017-04-17,0.68,293.631,95.6,16.3623,299.649,326.119,0.0,301.538
2017-04-16,0.73,295.918,96.3,0.0,189.744,152.719,0.0,128.544
2017-04-15,0.66,292.719,95.3,0.0793,206.759,243.784,0.0,221.721
2017-04-14,0.73,295.918,96.3,0.2028,228.333,207.152,0.0,172.353
2017-04-13,0.69,294.088,95.7,0.026,219.248,224.537,0.0,199.308
2017-04-12,0.7,294.545,95.9,0.0578,211.809,206.52,0.0,183.121
2017-04-11,0.69,294.088,95.7,11.3529,170.766,165.477,0.0,146.331
2017-04-10,0.68,293.631,95.6,0.2602,252.812,252.812,0.0,231.883
2017-04-09,0.68,293.631,95.6,0.0,198.353,208.932,0.0,182.306
2017-04-08,0.7,294.545,95.9,0.0072,329.605,287.394,0.0,271.146
2017-04-07,0.62,290.898,94.7,0.0335,517.085,580.499,0.0,550.334
2017-04-06,0.74,296.377,96.5,12.7438,557.449,483.525,0.0,455.723
2017-04-05,0.6,289.99,94.4,10.9295,81.899,124.04,0.0,98.672
2017-04-04,0.68,293.631,95.6,0.0,66.354,71.643,0.0,59.227
2017-04-03,0.69,294.088,95.7,0.0012,37.498,48.077,0.0,36.645
2017-04-02,0.71,295.002,96.0,0.0325,70.304,65.015,0.0,53.231
2017-04-01,0.7,294.545,95.9,4.4416,55.071,39.215,0.0,34.77
2017-03-31,0.67,293.175,95.4,2.7296,50.624,45.346,0.0,16.173
2017-03-30,0.66,292.719,95.3,0.0225,51.568,51.568,0.0,16.901
2017-03-29,0.66,292.719,95.3,1.2324,64.525,69.803,0.0,16.528
2017-03-28,0.67,293.175,95.4,0.0329,45.978,56.545,0.0,15.815
2017-03-27,0.69,294.088,95.7,1.0341,53.602,69.482,0.0,21.704
2017-03-26,0.72,295.46,96.2,3.3051,61.972,61.972,0.0,26.893
2017-03-25,0.72,295.46,96.2,10.9332,75.825,75.825,0.0,43.517
2017-03-24,0.72,295.46,96.2,0.0,64.329,53.739,0.0,31.653
2017-03-23,0.7,294.545,95.9,0.0,84.442,52.764,0.0,27.762
2017-03-22,0.64,291.808,95.0,0.0264,86.489,102.311,0.0,67.4
2017-03-21,0.67,293.175,95.4,1.9087,141.342,167.789,0.0,117.243
2017-03-20,0.72,295.46,96.2,3.1775,111.912,85.465,0.0,56.865
2017-03-19,0.67,293.175,95.4,0.0,95.155,100.433,0.0,67.417
2017-03-18,0.68,293.631,95.6,0.0,164.735,217.791,0.0,182.213
2017-03-17,0.78,298.215,97.1,0.0,145.259,123.986,0.0,84.593
2017-03-16,0.74,296.377,96.5,0.0,108.391,97.778,0.0,46.605
2017-03-15,0.72,295.46,96.2,0.0161,115.591,120.892,0.0,71.368
2017-03-14,0.73,295.918,96.3,0.0008,193.166,177.275,0.0,131.07
2017-03-13,0.7,294.545,95.9,0.0,97.982,82.126,0.0,34.269
2017-03-12,0.67,293.175,95.4,0.0,61.503,61.503,0.0,19.949
2017-03-11,0.67,293.175,95.4,0.0004,113.339,129.195,0.0,83.696
2017-03-10,0.7,294.545,95.9,0.0008,199.239,215.13,0.0,181.72
2017-03-09,0.73,295.918,96.3,0.0047,219.794,230.419,0.0,196.346
2017-03-08,0.75,296.836,96.6,0.0022,204.712,220.673,0.0,189.521
2017-03-07,0.78,298.215,97.1,0.0429,212.952,170.475,0.0,148.398
2017-03-06,0.7,294.545,95.9,0.0225,95.545,63.867,0.0,44.069
2017-03-05,0.64,291.808,95.0,0.0082,12.432,17.698,0.0,3.103
2017-03-04,0.65,292.263,95.1,0.0,33.392,17.593,0.0,4.76
2017-03-03,0.62,290.898,94.7,0.0,41.997,10.527,0.0,3.047
2017-03-02,0.56,288.179,93.8,0.8793,13.282,18.513,0.0,10.42
2017-03-01,0.57,288.631,94.0,0.6595,31.065,46.794,0.0,5.135
2017-02-28,0.6,289.99,94.4,0.0,44.388,60.163,0.0,14.56
2017-02-27,0.63,291.353,94.8,0.0004,61.882,88.248,0.0,45.36
2017-02-26,0.68,293.631,95.6,0.0469,58.019,73.887,0.0,32.253
2017-02-25,0.71,295.002,96.0,0.0062,70.608,86.522,0.0,40.512
2017-02-24,0.74,296.377,96.5,0.0136,165.946,128.886,0.0,103.435
2017-02-23,0.67,293.175,95.4,0.2485,252.969,210.863,0.0,187.712
2017-02-22,0.59,289.537,94.3,15.3824,399.996,394.753,0.0,369.345
2017-02-21,0.58,289.084,94.1,0.0,365.913,455.635,0.0,417.873
2017-02-20,0.75,296.836,96.6,2.2129,226.243,236.88,0.0,199.634
2017-02-19,0.77,297.755,96.9,1.6492,293.414,277.465,0.0,240.678
2017-02-18,0.74,296.377,96.5,0.0134,154.255,164.88,0.0,126.965
2017-02-17,0.76,297.295,96.8,1.0665,245.113,250.437,0.0,212.0
2017-02-16,0.77,297.755,96.9,0.795,599.054,462.098,0.0,436.868
2017-02-15,0.51,285.922,93.1,0.0,173.999,215.839,0.0,167.828
2017-02-14,0.59,289.537,94.3,0.2245,137.858,164.142,0.0,113.98
2017-02-13,0.64,291.808,95.0,0.1746,82.72,51.191,0.0,9.763
2017-02-12,0.58,289.084,94.1,0.0012,41.871,68.135,0.0,26.993
2017-02-11,0.63,291.353,94.8,0.0008,74.94,133.088,0.0,83.082
2017-02-10,0.74,296.377,96.5,0.0024,118.918,113.61,0.0,67.642
2017-02-09,0.73,295.918,96.3,0.0113,58.285,63.593,0.0,36.47
2017-02-08,0.74,296.377,96.5,0.0,105.003,105.003,0.0,75.365
2017-02-07,0.74,296.377,96.5,0.0008,101.6,112.227,0.0,77.598
2017-02-06,0.76,297.295,96.8,0.0022,74.418,90.39,0.0,56.066
2017-02-05,0.79,298.675,97.2,1.0786,111.282,89.994,0.0,56.749
2017-02-04,0.75,296.836,96.6,0.0805,95.351,84.732,0.0,53.163
2017-02-03,0.73,295.918,96.3,0.0,80.965,80.965,0.0,49.7
2017-02-02,0.73,295.918,96.3,0.0004,83.657,94.276,0.0,73.807
2017-02-01,0.75,296.836,96.6,0.0039,66.765,72.081,0.0,67.407
2017-01-31,0.76,297.295,96.8,0.0004,102.302,65.18,0.0,52.306
2017-01-30,0.69,294.088,95.7,0.3849,81.232,113.038,0.0,95.548
2017-01-29,0.75,296.836,96.6,1.1872,96.588,112.547,0.0,97.886
2017-01-28,0.78,298.215,97.1,0.0,93.363,56.182,0.0,51.443
2017-01-27,0.71,295.002,96.0,0.1528,75.782,59.912,0.0,42.56
2017-01-26,0.68,293.631,95.6,0.0042,87.97,119.75,0.0,93.16
2017-01-25,0.74,296.377,96.5,0.0,107.309,112.62,0.0,101.602
2017-01-24,0.75,296.836,96.6,0.0012,88.764,56.958,0.0,50.551
2017-01-23,0.69,294.088,95.7,0.0004,63.527,68.818,0.0,63.083
2017-01-22,0.7,294.545,95.9,0.2251,119.354,98.217,0.0,92.945
2017-01-21,0.66,292.719,95.3,0.0564,82.768,125.108,0.0,120.266
2017-01-20,0.74,296.377,96.5,0.4668,118.33,134.277,0.0,128.76
2017-01-19,0.77,297.755,96.9,0.0,128.859,112.912,0.0,107.566
2017-01-18,0.74,296.377,96.5,0.0,145.865,172.465,0.0,167.323
2017-01-17,0.79,298.675,97.2,0.0,109.875,115.208,0.0,110.103
2017-01-16,0.8,299.136,97.4,0.0008,122.567,80.023,0.0,46.457
2017-01-15,0.72,295.46,96.2,0.0004,71.484,82.095,0.0,54.042
2017-01-14,0.74,296.377,96.5,0.0037,124.063,124.063,0.0,86.016
2017-01-13,0.74,296.377,96.5,0.0192,89.911,127.181,0.0,97.036
2017-01-12,0.81,299.597,97.5,0.0216,123.212,70.033,0.0,39.193
2017-01-11,0.71,295.002,96.0,0.0038,95.95,117.171,0.0,91.596
2017-01-10,0.75,296.836,96.6,0.0004,120.303,125.619,0.0,113.992
2017-01-09,0.76,297.295,96.8,0.0186,137.118,153.09,0.0,147.549
2017-01-08,0.79,298.675,97.2,0.5164,169.46,126.951,0.0,121.333
2017-01-07,0.71,295.002,96.0,0.0004,208.024,239.88,0.0,234.61
2017-01-06,0.77,297.755,96.9,0.0,287.157,276.522,0.0,271.02
2017-01-05,0.75,296.836,96.6,0.0351,252.809,274.097,0.0,268.671
2017-01-04,0.79,298.675,97.2,0.0008,282.666,287.999,0.0,282.339
2017-01-03,0.8,299.136,97.4,0.0107,289.587,273.601,0.0,268.403
2017-01-02,0.77,297.755,96.9,0.0,296.294,290.975,0.0,286.238
2017-01-01,0.76,297.295,96.8,0.0004,297.808,297.808,0.0,276.222
2016-12-31,0.76,297.295,96.8,0.0,275.417,302.059,0.0,268.432
2016-12-30,0.81,299.597,97.5,0.019,376.456,339.186,0.0,308.129
2016-12-29,0.74,296.377,96.5,0.0028,365.651,365.651,0.0,330.361
2016-12-28,0.74,296.377,96.5,0.0122,387.781,435.737,0.0,418.677
2016-12-27,0.83,300.52,97.8,0.6705,467.658,419.702,0.0,411.764
2016-12-26,0.74,296.377,96.5,11.394,468.252,484.199,0.0,476.774
2016-12-25,0.77,297.755,96.9,0.007,372.436,436.608,0.0,428.869
2016-12-24,0.89,303.299,98.7,0.017,345.954,335.217,0.0,326.778
2016-12-23,0.87,302.372,98.4,0.2501,642.967,562.974,0.0,556.364
2016-12-22,0.72,295.46,96.2,12.3507,833.772,707.757,0.0,693.548
2016-12-21,0.48,284.573,92.6,21.5472,119.656,182.363,0.0,162.641
2016-12-20,0.6,289.99,94.4,0.08,63.817,148.363,0.0,131.902
2016-12-19,0.76,297.295,96.8,2.5352,105.134,94.507,0.0,88.685
2016-12-18,0.74,296.377,96.5,0.0,94.546,99.857,0.0,94.206
2016-12-17,0.75,296.836,96.6,0.0,67.253,51.331,0.0,27.886
2016-12-16,0.72,295.46,96.2,0.0004,61.282,77.204,0.0,41.804
2016-12-15,0.75,296.836,96.6,0.0186,81.245,70.626,0.0,42.198
2016-12-14,0.73,295.918,96.3,0.4932,109.972,120.591,0.0,91.78
2016-12-13,0.75,296.836,96.6,0.0,100.311,84.389,0.0,51.439
2016-12-12,0.72,295.46,96.2,0.0,61.483,66.786,0.0,37.721
2016-12-11,0.73,295.918,96.3,0.0008,111.066,116.374,0.0,80.924
2016-12-10,0.74,296.377,96.5,0.0099,105.041,110.352,0.0,85.461
2016-12-09,0.75,296.836,96.6,0.6897,127.744,117.125,0.0,92.938
2016-12-08,0.73,295.918,96.3,0.0993,98.011,98.011,0.0,76.1
2016-12-07,0.73,295.918,96.3,0.0081,136.603,147.222,0.0,122.315
2016-12-06,0.75,296.836,96.6,0.0134,120.048,120.048,0.0,96.934
2016-12-05,0.75,296.836,96.6,0.0042,106.635,111.951,0.0,100.109
2016-12-04,0.76,297.295,96.8,0.0,123.446,81.039,0.0,76.126
2016-12-03,0.68,293.631,95.6,0.0,86.166,128.573,0.0,123.516
2016-12-02,0.76,297.295,96.8,0.0196,99.665,94.349,0.0,59.529
2016-12-01,0.75,296.836,96.6,0.105,105.518,73.712,0.0,39.065
2016-11-30,0.69,294.088,95.7,1.8273,97.776,118.962,0.0,92.348
2016-11-29,0.73,295.918,96.3,0.0037,83.529,88.837,0.0,54.593
2016-11-28,0.74,296.377,96.5,0.012,75.579,75.579,0.0,56.978
2016-11-27,0.74,296.377,96.5,0.3059,140.609,151.236,0.0,146.927
2016-11-26,0.76,297.295,96.8,1.2513,92.591,108.563,0.0,100.525
2016-11-25,0.79,298.675,97.2,0.0,128.627,96.72,0.0,88.063
2016-11-24,0.73,295.918,96.3,0.0086,56.429,77.684,0.0,72.766
2016-11-23,0.77,297.755,96.9,0.0,141.376,146.7,0.0,132.488
2016-11-22,0.78,298.215,97.1,0.0038,226.949,221.625,0.0,208.155
2016-11-21,0.77,297.755,96.9,0.0224,204.883,220.869,0.0,205.724
2016-11-20,0.8,299.136,97.4,0.0519,201.121,158.577,0.0,147.713
2016-11-19,0.72,295.46,96.2,1.4689,253.301,253.301,0.0,247.324
2016-11-18,0.72,295.46,96.2,10.4077,193.097,203.708,0.0,185.365
2016-11-17,0.74,296.377,96.5,0.0,137.669,132.361,0.0,106.9
2016-11-16,0.73,295.918,96.3,0.0033,172.394,193.649,0.0,166.022
2016-11-15,0.77,297.755,96.9,0.0008,132.047,89.606,0.0,63.138
2016-11-14,0.69,294.088,95.7,0.3101,211.984,227.867,0.0,203.848
2016-11-13,0.72,295.46,96.2,0.0019,204.118,225.356,0.0,209.636
2016-11-12,0.76,297.295,96.8,0.0,210.017,210.017,0.0,203.343
2016-11-11,0.76,297.295,96.8,0.0746,187.359,160.822,0.0,144.84
2016-11-10,0.71,295.002,96.0,0.3428,162.385,183.606,0.0,167.253
2016-11-09,0.75,296.836,96.6,0.0319,132.418,105.903,0.0,101.05
2016-11-08,0.7,294.545,95.9,0.6178,193.842,215.046,0.0,209.857
2016-11-07,0.74,296.377,96.5,0.1042,277.262,309.195,0.0,303.24
2016-11-06,0.8,299.136,97.4,0.0,249.843,233.857,0.0,228.291
2016-11-05,0.77,297.755,96.9,0.0004,239.115,260.438,0.0,253.787
2016-11-04,0.81,299.597,97.5,0.0124,172.218,129.64,0.0,124.021
2016-11-03,0.73,295.918,96.3,0.0094,190.823,148.517,0.0,120.788
2016-11-02,0.65,292.263,95.1,0.0132,297.839,361.399,0.0,335.414
2016-11-01,0.77,297.755,96.9,0.0072,282.184,266.237,0.0,240.107
2016-10-31,0.74,296.377,96.5,0.115,255.476,250.168,0.0,235.639
2016-10-30,0.73,295.918,96.3,0.0116,293.89,299.198,0.0,295.698
2016-10-29,0.74,296.377,96.5,0.0,283.796,278.488,0.0,275.024
2016-10-28,0.73,295.918,96.3,5.8425,324.774,340.709,0.0,337.338
2016-10-27,0.76,297.295,96.8,0.0046,341.109,405.231,0.0,401.024
2016-10-26,0.88,302.835,98.6,0.0449,349.583,322.79,0.0,317.486
2016-10-25,0.83,300.52,97.8,5.4064,356.416,319.087,0.0,314.11
2016-10-24,0.76,297.295,96.8,0.038,314.697,346.681,0.0,341.995
2016-10-23,0.82,300.059,97.7,0.0,360.136,376.186,0.0,370.813
2016-10-22,0.85,301.445,98.1,0.0,415.582,367.548,0.0,363.461
2016-10-21,0.76,297.295,96.8,0.0102,388.68,393.999,0.0,390.946
2016-10-20,0.77,297.755,96.9,0.0354,371.899,403.908,0.0,399.756
2016-10-19,0.83,300.52,97.8,0.0566,405.445,437.608,0.0,427.454
2016-10-18,0.89,303.299,98.7,0.0463,528.403,512.302,0.0,509.147
2016-10-17,0.86,301.908,98.3,0.298,826.724,715.092,0.0,711.652
2016-10-16,0.65,292.263,95.1,10.3858,275.899,307.603,0.0,303.716
2016-10-15,0.71,295.002,96.0,0.0072,422.384,438.294,0.0,435.537
2016-10-14,0.74,296.377,96.5,0.0095,332.423,327.115,0.0,322.981
2016-10-13,0.73,295.918,96.3,0.0,469.303,485.238,0.0,481.609
2016-10-12,0.76,297.295,96.8,0.0435,759.139,727.308,0.0,637.571
2016-10-11,0.7,294.545,95.9,0.0,736.943,758.147,0.0,627.657
2016-10-10,0.74,296.377,96.5,0.0109,971.699,971.699,0.0,854.109
2016-10-09,0.74,296.377,96.5,0.0479,1579.331,1589.958,0.0,1441.64
2016-10-08,0.76,297.295,96.8,23.4353,1410.639,1368.232,0.0,1235.318
2016-10-07,0.68,293.631,95.6,7.6667,1476.068,1491.938,0.0,1411.634
2016-10-06,0.71,295.002,96.0,0.0077,2858.593,2895.842,0.0,2813.113
2016-10-05,0.83,298.221,97.1,54.3452,2041.974,2012.19,0.0,1886.545
2016-10-04,0.77,295.647,96.2,0.1909,492.879,478.014,0.0,411.984
2016-10-03,0.74,294.363,95.8,3.3624,454.712,464.619,0.0,393.275
2016-10-02,0.76,295.219,96.1,0.6703,482.906,497.783,0.0,427.809
2016-10-01,0.79,296.505,96.5,0.7695,652.98,613.348,0.0,538.726
2016-09-30,0.71,293.08,95.4,9.031,531.977,566.647,0.0,467.44
2016-09-29,0.78,296.076,96.4,0.8484,323.93,353.725,0.0,309.066
2016-09-28,0.84,298.65,97.2,8.4902,228.562,188.851,0.0,120.577
2016-09-27,0.76,295.219,96.1,3.3522,219.954,210.047,0.0,134.368
2016-09-26,0.74,294.363,95.8,3.809,172.739,152.946,0.0,61.62
2016-09-25,0.7,292.653,95.3,0.0,340.336,355.177,0.0,254.995
2016-09-24,0.73,293.935,95.7,0.0653,400.899,425.673,0.0,326.603
2016-09-23,0.78,296.076,96.4,0.0009,408.483,408.483,0.0,316.357
2016-09-22,0.78,296.076,96.4,0.0091,395.582,326.338,0.0,246.202
2016-09-21,0.64,290.093,94.4,0.0164,814.549,888.755,0.0,824.298
2016-09-20,0.79,296.505,96.5,0.0072,1104.887,1248.323,0.0,1202.279
2016-09-19,1.01,308.897,100.6,0.2552,2782.501,2919.503,0.0,2840.152
2016-09-18,1.26,320.734,104.4,6.6104,3928.928,3830.009,0.0,3746.449
2016-09-17,1.08,312.188,101.6,101.3863,1726.416,1510.211,0.0,1450.692
2016-09-16,0.72,293.508,95.5,2.5598,218.371,228.271,0.0,164.627
2016-09-15,0.74,294.363,95.8,0.0144,199.802,194.851,0.0,128.588
2016-09-14,0.73,293.935,95.7,0.0766,257.126,281.9,0.0,193.696
2016-09-13,0.78,296.076,96.4,0.3818,293.358,263.635,0.0,189.757
2016-09-12,0.72,293.508,95.5,7.4606,361.113,366.062,0.0,278.183
2016-09-11,0.73,293.935,95.7,0.4464,409.477,394.636,0.0,299.43
2016-09-10,0.7,292.653,95.3,3.9436,403.817,413.709,0.0,327.212
2016-09-09,0.72,293.508,95.5,1.5002,307.914,362.463,0.0,277.874
2016-09-08,0.83,298.221,97.1,4.3507,442.916,393.316,0.0,318.556
2016-09-07,0.73,293.935,95.7,2.9852,314.597,270.127,0.0,208.502
2016-09-06,0.64,290.093,94.4,0.0825,482.2,561.369,0.0,497.568
2016-09-05,0.8,296.933,96.7,3.0298,826.259,861.054,0.0,767.619
2016-09-04,0.87,299.94,97.6,3.0356,2427.141,2514.562,0.0,2382.814
2016-09-03,0.98,307.493,100.1,39.8939,2905.476,2823.033,0.0,2559.745
2016-09-02,0.88,300.37,97.8,54.1679,425.602,346.181,0.0,264.293
2016-09-01,0.72,293.508,95.5,5.2326,192.0,206.853,0.0,150.45
2016-08-31,0.75,294.791,96.0,2.7673,179.469,194.339,0.0,130.379
2016-08-30,0.78,296.076,96.4,0.4829,244.806,215.083,0.0,155.631
2016-08-29,0.72,293.508,95.5,1.0348,160.244,185.009,0.0,114.474
2016-08-28,0.77,295.647,96.2,27.7691,200.607,185.742,0.0,103.603
2016-08-27,0.74,294.363,95.8,0.1492,157.987,172.852,0.0,104.858
2016-08-26,0.77,295.647,96.2,9.1244,92.518,77.653,0.0,39.472
2016-08-25,0.74,294.363,95.8,0.0,96.201,91.25,0.0,50.533
2016-08-24,0.73,293.935,95.7,0.0,69.288,94.062,0.0,44.988
2016-08-23,0.78,296.076,96.4,0.2236,124.288,94.565,0.0,41.284
2016-08-22,0.72,293.508,95.5,0.6507,89.474,99.374,0.0,63.852
2016-08-21,0.74,294.363,95.8,0.0,98.25,48.829,0.0,31.836
2016-08-20,0.64,290.093,94.4,0.0,35.188,35.188,0.0,15.972
2016-08-19,0.64,290.093,94.4,0.0,38.108,38.108,0.0,12.262
2016-08-18,0.64,290.093,94.4,0.0239,33.08,47.886,0.0,16.27
2016-08-17,0.67,291.372,94.9,1.4223,51.162,130.426,0.0,80.903
2016-08-16,0.83,298.221,97.1,1.6729,424.15,374.55,0.0,298.424
2016-08-15,0.73,293.935,95.7,1.4759,117.558,122.509,0.0,62.611
2016-08-14,0.74,294.363,95.8,0.1787,100.2,105.153,0.0,54.453
2016-08-13,0.75,294.791,96.0,0.0,146.121,160.991,0.0,83.648
2016-08-12,0.78,296.076,96.4,0.0,145.321,100.762,0.0,47.246
2016-08-11,0.69,292.226,95.1,0.0,113.602,103.722,0.0,34.657
2016-08-10,0.67,291.372,94.9,0.1627,333.406,363.07,0.0,251.038
2016-08-09,0.73,293.935,95.7,0.0237,201.383,206.334,0.0,97.702
2016-08-08,0.74,294.363,95.8,6.6026,149.723,164.588,0.0,76.558
2016-08-07,0.77,295.647,96.2,0.962,205.815,181.05,0.0,86.904
2016-08-06,0.72,293.508,95.5,0.374,166.857,196.58,0.0,102.258
2016-08-05,0.78,296.076,96.4,0.0268,205.133,220.022,0.0,121.956
2016-08-04,0.81,297.362,96.8,0.0419,226.836,192.124,0.0,95.219
2016-08-03,0.74,294.363,95.8,3.7441,236.189,256.012,0.0,165.838
2016-08-02,0.78,296.076,96.4,8.015,216.073,206.157,0.0,120.582
2016-08-01,0.76,295.219,96.1,3.0139,196.146,230.887,0.0,135.976
2016-07-31,0.83,298.221,97.1,3.7314,230.219,180.619,0.0,82.997
2016-07-30,0.73,293.935,95.7,10.1745,121.915,146.689,0.0,53.176
2016-07-29,0.78,296.076,96.4,1.2304,173.818,163.902,0.0,53.71
2016-07-28,0.76,295.219,96.1,0.2681,181.198,181.198,0.0,59.406
2016-07-27,0.76,295.219,96.1,0.0448,217.145,251.886,0.0,134.42
2016-07-26,0.83,298.221,97.1,0.1743,218.525,188.741,0.0,108.236
2016-07-25,0.77,295.647,96.2,8.7688,197.667,187.755,0.0,96.926
2016-07-24,0.75,294.791,96.0,1.5808,171.748,166.795,0.0,83.224
2016-07-23,0.74,294.363,95.8,0.0319,153.889,153.889,0.0,71.287
2016-07-22,0.74,294.363,95.8,0.0222,139.935,95.447,0.0,23.096
2016-07-21,0.65,290.519,94.6,0.0203,109.421,129.173,0.0,67.996
2016-07-20,0.69,292.226,95.1,0.0297,219.617,224.56,0.0,139.191
2016-07-19,0.7,292.653,95.3,0.5645,291.586,306.427,0.0,216.297
2016-07-18,0.73,293.935,95.7,0.0619,473.811,498.585,0.0,415.06
2016-07-17,0.78,296.076,96.4,0.1642,305.358,275.635,0.0,192.038
2016-07-16,0.72,293.508,95.5,12.0969,390.143,380.251,0.0,291.416
2016-07-15,0.7,292.653,95.3,0.039,165.332,190.077,0.0,94.099
2016-07-14,0.75,294.791,96.0,0.2409,316.846,301.993,0.0,270.331
2016-07-13,0.72,293.508,95.5,0.3756,577.559,552.844,0.0,484.554
2016-07-12,0.67,291.372,94.9,1.2147,618.775,648.439,0.0,562.508
2016-07-11,0.73,293.935,95.7,2.1173,486.563,451.961,0.0,360.155
2016-07-10,0.66,290.946,94.7,0.0932,920.83,920.83,0.0,847.018
2016-07-09,0.66,290.946,94.7,0.1506,1425.462,1534.536,0.0,1467.125
2016-07-08,0.88,300.37,97.8,0.3837,3135.35,3201.576,0.0,3134.734
2016-07-07,0.95,306.092,99.6,5.7502,3369.849,3268.814,0.0,3216.536
2016-07-06,0.81,297.362,96.8,49.4013,2928.232,2923.268,0.0,2892.095
2016-07-05,0.8,296.933,96.7,11.6379,3042.144,2899.026,0.0,2884.84
2016-07-04,0.51,284.568,92.6,43.6924,1543.672,1637.25,0.0,1560.248
2016-07-03,0.7,292.653,95.3,21.0182,1433.348,1443.24,0.0,1385.087
2016-07-02,0.72,293.508,95.5,30.7349,1222.447,1177.994,0.0,1105.735
2016-07-01,0.63,289.667,94.3,33.9776,220.496,235.296,0.0,197.123
2016-06-30,0.66,290.946,94.7,0.9253,44.187,59.004,0.0,27.384
2016-06-29,0.69,292.226,95.1,0.1443,453.636,453.636,0.0,320.448
2016-06-28,0.69,292.226,95.1,0.0057,197.756,202.699,0.0,72.042
2016-06-27,0.7,292.653,95.3,0.3334,164.748,184.541,0.0,103.035
2016-06-26,0.74,294.363,95.8,0.1133,255.39,245.49,0.0,154.509
2016-06-25,0.72,293.508,95.5,0.2065,495.662,510.515,0.0,427.45
2016-06-24,0.75,294.791,96.0,23.3223,443.64,418.895,0.0,331.399
2016-06-23,0.7,292.653,95.3,0.049,159.797,194.454,0.0,98.296
2016-06-22,0.77,295.647,96.2,1.7279,229.666,244.549,0.0,166.726
2016-06-21,0.8,296.933,96.7,0.9572,198.972,139.547,0.0,98.592
2016-06-20,0.68,291.799,95.0,0.5263,155.998,185.675,0.0,108.218
2016-06-19,0.74,294.363,95.8,3.0951,141.96,146.913,0.0,81.677
2016-06-18,0.75,294.791,96.0,0.149,133.971,153.803,0.0,74.01
2016-06-17,0.79,296.505,96.5,0.0102,140.814,150.741,0.0,62.545
2016-06-16,0.81,297.362,96.8,2.4333,147.449,102.837,0.0,26.831
2016-06-15,0.72,293.508,95.5,1.8663,166.091,161.144,0.0,63.757
2016-06-14,0.71,293.08,95.4,1.4349,190.972,245.499,0.0,145.925
2016-06-13,0.82,297.791,96.9,4.1614,200.53,126.235,0.0,55.083
2016-06-12,0.67,291.372,94.9,1.013,203.939,243.507,0.0,127.029
2016-06-11,0.75,294.791,96.0,1.7287,159.922,154.969,0.0,32.838
2016-06-10,0.74,294.363,95.8,0.0008,106.582,126.405,0.0,64.972
2016-06-09,0.78,296.076,96.4,0.0322,206.794,196.878,0.0,114.334
2016-06-08,0.76,295.219,96.1,3.0275,162.453,157.498,0.0,68.49
2016-06-07,0.75,294.791,96.0,0.0269,126.036,101.291,0.0,37.39
2016-06-06,0.7,292.653,95.3,0.6889,203.27,242.886,0.0,132.111
2016-06-05,0.78,296.076,96.4,0.0017,155.638,160.6,0.0,76.554
2016-06-04,0.79,296.505,96.5,2.7971,135.986,106.25,0.0,53.995
2016-06-03,0.73,293.935,95.7,0.0004,98.815,83.974,0.0,40.678
2016-06-02,0.7,292.653,95.3,0.0,85.671,110.416,0.0,43.538
2016-06-01,0.75,294.791,96.0,0.0,125.653,91.023,0.0,41.766
2016-05-31,0.68,291.799,95.0,0.0,107.316,146.9,0.0,60.4
2016-05-30,0.76,295.219,96.1,0.0,137.576,152.453,0.0,58.122
2016-05-29,0.79,296.505,96.5,0.2854,111.791,116.754,0.0,37.983
2016-05-28,0.8,296.933,96.7,0.0,160.265,110.724,0.0,28.173
2016-05-27,0.7,292.653,95.3,0.0,113.745,158.323,0.0,66.203
2016-05-26,0.79,296.505,96.5,0.0553,213.78,223.707,0.0,138.222
2016-05-25,0.81,297.362,96.8,0.1024,254.199,174.999,0.0,79.236
2016-05-24,0.65,290.519,94.6,14.7027,310.622,335.318,0.0,245.509
2016-05-23,0.7,292.653,95.3,0.0,168.671,168.671,0.0,54.392
2016-05-22,0.7,292.653,95.3,0.0,178.31,158.55,0.0,59.1
2016-05-21,0.66,290.946,94.7,0.0,150.567,160.443,0.0,49.0
2016-05-20,0.68,291.799,95.0,0.0,210.583,190.839,0.0,93.791
2016-05-19,0.64,290.093,94.4,0.0,208.876,223.682,0.0,116.743
2016-05-18,0.67,291.372,94.9,0.0982,178.535,213.151,0.0,126.622
2016-05-17,0.74,294.363,95.8,0.0116,357.606,308.185,0.0,184.85
2016-05-16,0.64,290.093,94.4,9.7637,307.48,282.843,0.0,157.543
2016-05-15,0.59,287.965,93.7,1.1978,357.54,392.045,0.0,263.54
2016-05-14,0.66,290.946,94.7,0.0102,324.737,364.29,0.0,228.1
2016-05-13,0.74,294.363,95.8,0.0,395.231,385.331,0.0,253.436
2016-05-12,0.72,293.508,95.5,0.0,431.15,470.798,0.0,361.897
2016-05-11,0.8,296.933,96.7,2.6279,528.342,444.241,0.0,354.673
2016-05-10,0.63,289.667,94.3,16.297,359.84,345.059,0.0,274.06
2016-05-09,0.6,288.39,93.9,0.0,379.681,409.262,0.0,316.455
2016-05-08,0.66,290.946,94.7,0.0,510.959,506.024,0.0,402.84
2016-05-07,0.65,290.519,94.6,0.0,578.445,613.033,0.0,524.459
2016-05-06,0.72,293.508,95.5,0.2462,479.874,445.286,0.0,351.806
2016-05-05,0.65,290.519,94.6,0.0,795.173,760.683,0.0,715.044
2016-05-04,0.58,287.539,93.6,0.0377,1034.47,1000.078,0.0,916.865
2016-05-03,0.51,284.568,92.6,21.5805,1010.791,1050.103,0.0,990.378
2016-05-02,0.59,287.965,93.7,0.5803,754.059,788.564,0.0,698.733
2016-05-01,0.66,290.946,94.7,0.0,825.354,825.354,0.0,711.47
2016-04-30,0.66,290.946,94.7,0.0,916.461,960.967,0.0,895.636
2016-04-29,0.75,294.791,96.0,0.3251,1030.172,1010.372,0.0,962.845
2016-04-28,0.71,293.08,95.4,2.7921,852.762,872.562,0.0,832.978
2016-04-27,0.75,294.791,96.0,28.3311,440.354,385.98,0.0,333.593
2016-04-26,0.64,290.093,94.4,0.0799,196.807,261.093,0.0,203.885
2016-04-25,0.77,295.647,96.2,0.0,398.194,299.432,0.0,259.421
2016-04-24,0.57,287.114,93.5,0.0,527.368,650.944,0.0,608.044
2016-04-23,0.82,297.791,96.9,0.0,789.055,798.994,0.0,755.741
2016-04-22,0.84,298.65,97.2,0.0457,825.038,765.519,0.0,718.584
2016-04-21,0.72,293.508,95.5,26.527,692.403,643.021,0.0,602.794
2016-04-20,0.62,289.241,94.2,0.0318,688.256,717.861,0.0,669.877
2016-04-19,0.68,291.799,95.0,0.0248,836.411,796.954,0.0,756.725
2016-04-18,0.6,288.39,93.9,0.3291,957.849,977.562,0.0,922.737
2016-04-17,0.64,290.093,94.4,7.1556,1111.187,1042.333,0.0,976.842
2016-04-16,0.5,284.144,92.5,17.9148,609.821,688.543,0.0,634.267
2016-04-15,0.66,290.946,94.7,0.0231,413.612,413.612,0.0,389.787
2016-04-14,0.66,290.946,94.7,0.0243,484.796,539.214,0.0,512.948
2016-04-13,0.77,295.647,96.2,10.1887,396.612,352.07,0.0,328.675
2016-04-12,0.68,291.799,95.0,0.1258,449.022,493.564,0.0,472.486
2016-04-11,0.77,295.647,96.2,0.3161,469.286,424.744,0.0,404.303
2016-04-10,0.68,291.799,95.0,0.8269,576.322,586.206,0.0,565.319
2016-04-09,0.7,292.653,95.3,0.0248,676.865,776.142,0.0,746.198
2016-04-08,0.9,301.231,98.1,0.0222,1089.728,1030.067,0.0,993.209
2016-04-07,0.78,296.076,96.4,25.3516,777.755,752.981,0.0,733.336
2016-04-06,0.73,293.935,95.7,13.1283,182.299,187.25,0.0,160.142
2016-04-05,0.74,294.363,95.8,0.0617,238.441,248.348,0.0,222.58
2016-04-04,0.76,295.219,96.1,2.2765,187.986,183.031,0.0,160.951
2016-04-03,0.75,294.791,96.0,15.6204,125.562,115.658,0.0,101.241
2016-04-02,0.73,293.935,95.7,0.0,81.344,96.203,0.0,80.534
2016-04-01,0.76,295.219,96.1,0.0,94.806,74.998,0.0,59.275
2016-03-31,0.72,293.508,95.5,0.0,76.867,81.816,0.0,67.153
2016-03-30,0.73,293.935,95.7,0.0,101.042,105.993,0.0,86.315
2016-03-29,0.74,294.363,95.8,0.0,97.448,107.355,0.0,86.558
2016-03-28,0.76,295.219,96.1,0.0,89.098,74.239,0.0,62.149
2016-03-27,0.73,293.935,95.7,0.0966,109.043,128.859,0.0,90.929
2016-03-26,0.77,295.647,96.2,0.8041,88.757,73.892,0.0,38.791
2016-03-25,0.74,294.363,95.8,0.6744,126.793,121.842,0.0,95.872
2016-03-24,0.73,293.935,95.7,0.4509,110.001,119.905,0.0,87.29
2016-03-23,0.75,294.791,96.0,0.0406,95.341,110.211,0.0,72.677
2016-03-22,0.78,296.076,96.4,0.0122,134.48,104.757,0.0,75.522
2016-03-21,0.72,293.508,95.5,0.0109,158.609,188.332,0.0,158.935
2016-03-20,0.78,296.076,96.4,0.0548,186.586,151.916,0.0,131.445
2016-03-19,0.71,293.08,95.4,0.065,121.2,155.87,0.0,135.34
2016-03-18,0.78,296.076,96.4,10.9607,198.634,188.718,0.0,164.959
2016-03-17,0.76,295.219,96.1,0.0,126.751,131.708,0.0,109.629
2016-03-16,0.77,295.647,96.2,0.0,120.591,90.879,0.0,69.591
2016-03-15,0.71,293.08,95.4,0.002,140.216,174.886,0.0,153.464
2016-03-14,0.78,296.076,96.4,0.0,188.753,168.93,0.0,147.476
2016-03-13,0.74,294.363,95.8,0.0244,326.058,316.158,0.0,297.881
2016-03-12,0.72,293.508,95.5,0.1586,267.527,262.58,0.0,225.539
2016-03-11,0.71,293.08,95.4,0.244,302.938,332.65,0.0,289.542
2016-03-10,0.77,295.647,96.2,0.0197,612.482,597.617,0.0,566.041
2016-03-09,0.74,294.363,95.8,1.1704,525.711,535.618,0.0,501.282
2016-03-08,0.76,295.219,96.1,0.4783,666.034,675.95,0.0,643.166
2016-03-07,0.78,296.076,96.4,0.1007,877.114,675.436,0.0,655.446
2016-03-06,0.37,278.651,90.7,4.7283,702.632,894.395,0.0,877.089
2016-03-05,0.76,295.219,96.1,27.7052,212.166,227.043,0.0,203.172
2016-03-04,0.79,296.505,96.5,13.2672,150.163,140.243,0.0,115.16
2016-03-03,0.77,295.647,96.2,0.0,73.42,58.555,0.0,34.845
2016-03-02,0.74,294.363,95.8,0.0416,17.914,51.85,0.0,31.233
2016-03-01,0.76,297.295,96.8,0.0004,64.481,64.481,0.0,48.742
2016-02-29,0.76,297.295,96.8,0.0281,148.74,134.627,0.0,113.375
2016-02-28,0.78,296.076,96.4,4.3484,103.675,83.852,0.0,61.872
2016-02-27,0.74,294.363,95.8,0.7718,91.102,101.009,0.0,90.547
2016-02-26,0.76,295.219,96.1,0.3612,83.091,107.12,0.0,77.759
2016-02-25,0.76,297.295,96.8,0.0,60.573,60.573,0.0,40.278
2016-02-24,0.76,297.295,96.8,0.0004,64.111,48.176,0.0,35.301
2016-02-23,0.73,295.918,96.3,0.0012,69.196,69.196,0.0,49.547
2016-02-22,0.73,295.918,96.3,0.0,58.524,58.524,0.0,36.253
2016-02-21,0.73,295.918,96.3,0.0967,51.725,62.344,0.0,49.388
2016-02-20,0.75,296.836,96.6,0.0031,90.635,74.713,0.0,50.33
2016-02-19,0.72,295.46,96.2,0.0,84.946,116.828,0.0,87.412
2016-02-18,0.78,298.215,97.1,0.0,136.588,125.944,0.0,95.247
2016-02-17,0.76,297.295,96.8,0.0,127.867,149.173,0.0,118.471
2016-02-16,0.8,299.136,97.4,0.0574,222.436,217.103,0.0,184.782
2016-02-15,0.79,298.675,97.2,0.1409,152.441,163.111,0.0,132.109
2016-02-14,0.81,299.597,97.5,0.2164,335.938,309.296,0.0,279.525
2016-02-13,0.76,297.295,96.8,7.7998,282.068,303.374,0.0,267.109
2016-02-12,0.8,299.136,97.4,17.3346,75.718,49.096,0.0,36.379
2016-02-11,0.75,296.836,96.6,0.0004,36.434,36.434,0.0,24.152
2016-02-10,0.75,296.836,96.6,0.0,17.272,27.907,0.0,13.127
2016-02-09,0.77,297.755,96.9,0.0352,48.382,32.435,0.0,20.062
2016-02-08,0.74,296.377,96.5,0.0004,6.943,38.876,0.0,29.444
2016-02-07,0.8,299.136,97.4,0.0008,43.215,37.882,0.0,21.449
2016-02-06,0.79,298.675,97.2,0.0,70.668,38.761,0.0,18.154
2016-02-05,0.73,295.918,96.3,0.0004,51.416,46.113,0.0,28.172
2016-02-04,0.72,295.46,96.2,0.0004,83.656,88.959,0.0,66.1
2016-02-03,0.73,295.918,96.3,0.0008,83.7,89.008,0.0,64.988
2016-02-02,0.74,296.377,96.5,0.0129,97.201,139.812,0.0,113.361
2016-02-01,0.82,300.059,97.7,0.0,227.601,174.379,0.0,147.366
2016-01-31,0.72,295.46,96.2,0.0393,194.752,221.31,0.0,195.106
2016-01-30,0.77,297.755,96.9,1.2005,235.441,219.494,0.0,193.573
2016-01-29,0.74,296.377,96.5,9.6966,147.631,206.292,0.0,177.515
2016-01-28,0.85,301.445,98.1,6.0481,215.14,161.79,0.0,140.984
2016-01-27,0.75,296.836,96.6,0.02,128.302,160.26,0.0,144.035
2016-01-26,0.81,299.597,97.5,0.0012,140.41,151.096,0.0,128.522
2016-01-25,0.83,300.52,97.8,0.0007,180.28,153.595,0.0,137.111
2016-01-24,0.78,298.215,97.1,0.0114,170.397,149.126,0.0,128.936
2016-01-23,0.74,296.377,96.5,0.0004,137.185,147.812,0.0,127.29
2016-01-22,0.76,297.295,96.8,0.0042,72.375,72.375,0.0,57.97
2016-01-21,0.76,297.295,96.8,0.0008,169.511,111.27,0.0,106.007
2016-01-20,0.65,292.263,95.1,0.0,92.249,145.174,0.0,132.304
2016-01-19,0.75,296.836,96.6,0.249,52.948,47.637,0.0,36.576
2016-01-18,0.74,296.377,96.5,0.2089,61.771,45.861,0.0,16.697
2016-01-17,0.71,295.002,96.0,1.7497,22.044,37.954,0.0,17.149
2016-01-16,0.74,296.377,96.5,0.0,68.28,68.28,0.0,52.339
2016-01-15,0.74,296.377,96.5,0.0103,88.846,62.352,0.0,46.525
2016-01-14,0.69,294.088,95.7,0.0004,42.774,11.12,0.0,0.0
2016-01-13,0.63,291.353,94.8,0.0027,41.176,41.176,0.0,7.53
2016-01-12,0.63,291.353,94.8,0.0103,46.418,35.899,0.0,1.5
2016-01-11,0.61,290.444,94.6,0.0008,13.611,39.937,0.0,7.197
2016-01-10,0.66,292.719,95.3,0.0004,10.263,31.4,0.0,0.0
2016-01-09,0.7,294.545,95.9,0.0004,82.677,87.971,0.0,54.512
2016-01-08,0.71,295.002,96.0,0.0004,87.268,103.178,0.0,65.521
2016-01-07,0.74,296.377,96.5,0.0,100.559,105.87,0.0,70.822
2016-01-06,0.75,296.836,96.6,0.0,155.196,131.528,0.0,101.681
2016-01-05,0.75,294.791,96.0,0.0134,127.473,117.569,0.0,90.896
2016-01-04,0.73,293.935,95.7,0.0,133.496,133.496,0.0,101.443
2016-01-03,0.73,293.935,95.7,0.0004,138.637,133.688,0.0,101.378
2016-01-02,0.72,293.508,95.5,0.0,143.64,133.748,0.0,101.213
2016-01-01,0.7,292.653,95.3,0.0,195.987,210.828,0.0,178.753
2015-12-31,0.73,293.935,95.7,0.0784,278.358,288.262,0.0,257.3
2015-12-30,0.75,294.791,96.0,0.038,249.782,269.614,0.0,240.903
2015-12-29,0.79,296.505,96.5,0.0004,335.899,325.979,0.0,284.52
2015-12-28,0.77,295.647,96.2,0.0006,311.791,326.674,0.0,297.203
2015-12-27,0.8,296.933,96.7,0.0087,240.77,215.975,0.0,191.97
2015-12-26,0.75,294.791,96.0,0.005,228.995,224.042,0.0,181.335
2015-12-25,0.74,294.363,95.8,0.0,224.391,239.256,0.0,200.67
2015-12-24,0.77,295.647,96.2,0.1513,237.397,227.485,0.0,203.035
2015-12-23,0.75,294.791,96.0,0.9131,223.15,233.062,0.0,210.626
2015-12-22,0.77,295.647,96.2,0.1172,220.181,205.316,0.0,179.659
2015-12-21,0.74,294.363,95.8,1.2864,184.094,184.094,0.0,153.766
2015-12-20,0.74,294.363,95.8,0.2551,165.12,165.12,0.0,135.643
2015-12-19,0.74,294.363,95.8,0.0057,205.459,205.459,0.0,177.816
2015-12-18,0.74,294.363,95.8,0.0121,184.17,184.17,0.0,152.908
2015-12-17,0.74,294.363,95.8,0.0263,276.496,281.449,0.0,258.894
2015-12-16,0.75,294.791,96.0,0.3925,255.248,260.203,0.0,236.518
2015-12-15,0.76,295.219,96.1,0.78,294.121,294.121,0.0,271.572
2015-12-14,0.76,295.219,96.1,2.9339,181.803,191.719,0.0,156.887
2015-12-13,0.78,296.076,96.4,0.0,303.68,278.906,0.0,235.711
2015-12-12,0.73,293.935,95.7,0.0121,291.918,296.869,0.0,258.739
2015-12-11,0.74,294.363,95.8,5.3893,234.313,239.266,0.0,212.381
2015-12-10,0.75,294.791,96.0,15.2803,209.835,199.931,0.0,178.528
2015-12-09,0.73,293.935,95.7,0.0175,79.878,99.694,0.0,72.026
2015-12-08,0.77,295.647,96.2,0.0713,114.577,114.577,0.0,88.559
2015-12-07,0.77,295.647,96.2,0.0266,115.077,105.165,0.0,79.567
2015-12-06,0.75,294.791,96.0,0.0,113.319,133.151,0.0,103.101
2015-12-05,0.79,296.505,96.5,0.024,109.561,94.684,0.0,72.015
2015-12-04,0.76,295.219,96.1,0.1118,113.545,93.737,0.0,73.219
2015-12-03,0.72,293.508,95.5,0.586,127.369,171.981,0.0,153.759
2015-12-02,0.81,297.362,96.8,1.6224,198.812,174.008,0.0,155.307
2015-12-01,0.76,295.219,96.1,0.0112,139.604,179.315,0.0,161.453
2015-11-30,0.84,298.65,97.2,0.1363,110.866,86.033,0.0,52.616
2015-11-29,0.79,296.505,96.5,0.0,119.893,85.208,0.0,53.136
2015-11-28,0.72,293.508,95.5,0.0004,124.056,173.636,0.0,150.04
2015-11-27,0.82,297.791,96.9,0.0038,246.298,226.442,0.0,190.202
2015-11-26,0.78,296.076,96.4,0.3154,185.403,170.533,0.0,138.318
2015-11-25,0.75,294.791,96.0,2.8468,205.101,219.971,0.0,191.783
2015-11-24,0.78,296.076,96.4,0.0585,166.238,146.415,0.0,134.76
2015-11-23,0.74,294.363,95.8,3.0075,82.871,92.778,0.0,70.865
2015-11-22,0.76,295.219,96.1,0.0154,112.054,102.147,0.0,78.986
2015-11-21,0.74,294.363,95.8,0.3176,127.749,137.656,0.0,108.945
2015-11-20,0.76,295.219,96.1,0.1226,177.495,172.54,0.0,140.242
2015-11-19,0.75,294.791,96.0,0.3849,170.226,130.658,0.0,101.66
2015-11-18,0.67,291.372,94.9,6.483,61.627,96.243,0.0,74.65
2015-11-17,0.74,294.363,95.8,0.3469,209.073,209.073,0.0,186.589
2015-11-16,0.74,296.377,96.48,10.4105,302.685,274.425,0.0,255.155
2015-11-15,0.73,295.9184,96.33,0.0502,353.476,325.574,0.0,301.539
2015-11-14,0.72,293.508,95.5,2.1508,257.253,311.802,0.0,284.795
2015-11-13,0.83,298.221,97.1,25.4991,136.237,96.541,0.0,75.917
2015-11-12,0.75,294.791,96.0,0.7222,136.961,146.873,0.0,120.197
2015-11-11,0.77,295.647,96.2,0.5183,160.493,175.376,0.0,153.125
2015-11-10,0.8,296.933,96.7,0.05,159.303,174.203,0.0,151.454
2015-11-09,0.83,298.221,97.1,2.4644,250.296,225.471,0.0,205.146
2015-11-08,0.78,296.076,96.4,15.1289,274.141,259.271,0.0,245.216
2015-11-07,0.75,294.791,96.0,22.117,112.289,117.244,0.0,103.004
2015-11-06,0.76,295.219,96.1,2.3914,87.408,77.501,0.0,57.025
2015-11-05,0.74,294.363,95.8,0.1872,47.926,47.926,0.0,36.865
2015-11-04,0.74,294.363,95.8,0.0086,82.807,82.807,0.0,59.32
2015-11-03,0.74,294.363,95.8,0.0,52.815,52.815,0.0,39.461
2015-11-02,0.74,294.363,95.8,0.1094,44.737,49.69,0.0,37.978
2015-11-01,0.75,294.791,96.0,0.0885,47.57,37.666,0.0,32.401
2015-10-31,0.73,293.935,95.7,0.0,55.314,25.65,0.0,21.053
2015-10-30,0.67,291.372,94.9,0.0369,3.382,52.862,0.0,22.842
2015-10-29,0.77,295.647,96.2,0.0373,52.237,32.421,0.0,26.887
2015-10-28,0.73,293.935,95.7,0.0109,85.593,135.193,0.0,115.964
2015-10-27,0.83,298.221,97.1,12.1996,69.08,44.255,0.0,40.414
2015-10-26,0.78,296.076,96.4,0.0,40.191,35.233,0.0,24.937
2015-10-25,0.77,295.647,96.2,0.0,58.639,48.727,0.0,44.585
2015-10-24,0.75,294.791,96.0,0.0038,45.797,25.997,0.0,21.603
2015-10-23,0.71,293.08,95.4,0.0335,51.958,42.069,0.0,24.261
2015-10-22,0.69,292.226,95.1,0.0086,18.692,28.581,0.0,18.978
2015-10-21,0.71,293.08,95.4,0.0207,58.578,103.173,0.0,90.644
2015-10-20,0.8,296.933,96.7,0.0071,96.784,106.716,0.0,100.733
2015-10-19,0.82,297.791,96.9,0.007,99.006,94.038,0.0,88.092
2015-10-18,0.81,297.362,96.8,0.0,99.793,94.829,0.0,89.449
2015-10-17,0.8,296.933,96.7,0.0072,68.787,34.088,0.0,31.788
2015-10-16,0.73,293.935,95.7,0.0,122.769,142.585,0.0,133.898
2015-10-15,0.77,295.647,96.2,0.0059,131.276,136.234,0.0,121.04
2015-10-14,0.78,296.076,96.4,0.0,109.91,99.994,0.0,98.263
2015-10-13,0.76,295.219,96.1,0.0,155.46,150.505,0.0,135.151
2015-10-12,0.75,294.791,96.0,0.1164,154.049,183.808,0.0,179.761
2015-10-11,0.81,297.362,96.8,1.3388,133.752,113.905,0.0,109.863
2015-10-10,0.77,295.647,96.2,2.4194,126.938,117.026,0.0,113.097
2015-10-09,0.75,294.791,96.0,0.0,127.775,157.534,0.0,152.571
2015-10-08,0.81,297.362,96.8,0.0,82.893,72.966,0.0,67.581
2015-10-07,0.79,296.505,96.5,0.0072,89.63,89.63,0.0,84.057
2015-10-06,0.79,296.505,96.5,0.0072,175.512,165.592,0.0,159.949
2015-10-05,0.77,295.647,96.2,0.042,180.523,200.37,0.0,194.711
2015-10-04,0.81,297.362,96.8,0.0,240.232,255.138,0.0,249.572
2015-10-03,0.84,298.65,97.2,0.0072,241.103,191.485,0.0,187.003
2015-10-02,0.74,294.363,95.8,0.0004,241.41,266.195,0.0,262.012
2015-10-01,0.79,296.505,96.5,33.5159,251.953,232.121,0.0,224.372
2015-09-30,0.75,294.791,96.0,0.0009,141.68,146.635,0.0,142.849
2015-09-29,0.76,295.219,96.1,0.0,139.278,154.155,0.0,150.374
2015-09-28,0.79,296.505,96.5,0.0,162.165,137.38,0.0,133.615
2015-09-27,0.74,294.363,95.8,0.0,71.459,76.412,0.0,72.417
2015-09-26,0.75,294.791,96.0,0.0,147.372,162.242,0.0,142.265
2015-09-25,0.78,296.076,96.4,0.0166,120.691,105.821,0.0,56.084
2015-09-24,0.75,294.791,96.0,0.5173,142.142,157.012,0.0,70.523
2015-09-23,0.78,296.076,96.4,6.021,82.638,67.768,0.0,28.406
2015-09-22,0.75,294.791,96.0,0.0,43.467,38.514,0.0,21.635
2015-09-21,0.74,294.363,95.8,0.0,100.067,105.02,0.0,48.513
2015-09-20,0.75,294.791,96.0,0.0,147.455,162.325,0.0,65.756
2015-09-19,0.78,296.076,96.4,0.0,119.854,124.816,0.0,57.081
2015-09-18,0.79,296.505,96.5,0.0143,101.085,61.453,0.0,27.481
2015-09-17,0.71,293.08,95.4,7.5997,219.364,194.658,0.0,109.778
2015-09-16,0.66,290.946,94.7,1.9696,67.831,92.537,0.0,19.11
2015-09-15,0.71,293.08,95.4,0.0,83.783,78.837,0.0,35.847
2015-09-14,0.7,292.653,95.3,0.0,85.964,95.856,0.0,25.5
2015-09-13,0.72,293.508,95.5,0.0366,102.353,112.253,0.0,34.219
2015-09-12,0.74,294.363,95.8,1.5485,118.11,118.11,0.0,35.513
2015-09-11,0.74,294.363,95.8,0.0038,103.688,78.952,0.0,20.748
2015-09-10,0.69,292.226,95.1,0.0156,90.285,100.174,0.0,26.677
2015-09-09,0.71,293.08,95.4,0.0042,170.38,175.327,0.0,98.961
2015-09-08,0.72,293.508,95.5,0.0,222.949,218.002,0.0,100.989
2015-09-07,0.71,293.08,95.4,0.0028,368.13,363.184,0.0,237.262
2015-09-06,0.7,292.653,95.3,7.4931,433.993,433.993,0.0,313.5
2015-09-05,0.7,292.653,95.3,7.2028,389.271,409.064,0.0,299.867
2015-09-04,0.74,294.363,95.8,0.0388,391.504,426.216,0.0,332.255
2015-09-03,0.81,297.362,96.8,1.6128,461.819,461.819,0.0,366.502
2015-09-02,0.81,297.362,96.8,16.3258,187.529,137.97,0.0,54.849
2015-09-01,0.71,293.08,95.4,10.273,237.158,207.517,0.0,134.938
2015-08-31,0.65,290.519,94.6,0.2572,83.778,133.219,0.0,54.521
2015-08-30,0.75,294.791,96.0,0.2434,285.852,280.899,0.0,206.7
2015-08-29,0.74,294.363,95.8,0.0277,229.748,209.955,0.0,126.987
2015-08-28,0.7,292.653,95.3,5.6013,204.207,214.099,0.0,148.528
2015-08-27,0.72,293.508,95.5,0.2478,369.171,369.171,0.0,312.445
2015-08-26,0.72,293.508,95.5,0.094,545.349,530.513,0.0,457.66
2015-08-25,0.69,292.226,95.1,34.7622,289.464,289.464,0.0,207.348
2015-08-24,0.69,292.226,95.1,2.4215,178.586,188.475,0.0,95.962
2015-08-23,0.71,293.08,95.4,0.0601,233.483,253.283,0.0,160.582
2015-08-22,0.75,294.791,96.0,0.0177,444.338,454.25,0.0,382.197
2015-08-21,0.77,295.647,96.2,27.8375,425.899,376.419,0.0,303.768
2015-08-20,0.67,291.372,94.9,3.0726,95.344,149.783,0.0,83.514
2015-08-19,0.78,298.2148,97.08,0.0292,161.721,117.141,0.0,63.172
2015-08-18,0.74,296.377,96.48,0.0724,208.315,194.914,0.0,132.707
2015-08-17,0.76,295.219,96.1,2.0393,140.455,150.371,0.0,86.087
2015-08-16,0.78,296.076,96.4,4.8578,111.455,116.417,0.0,51.479
2015-08-15,0.79,296.505,96.5,0.0677,161.805,141.973,0.0,80.654
2015-08-14,0.75,294.791,96.0,0.4126,159.308,134.563,0.0,71.024
2015-08-13,0.7,292.653,95.3,7.6162,181.61,221.226,0.0,160.972
2015-08-12,0.78,296.076,96.4,10.0729,176.229,121.79,0.0,53.304
2015-08-11,0.67,291.372,94.9,3.3356,134.939,164.603,0.0,108.405
2015-08-10,0.73,293.935,95.7,0.1889,101.738,101.738,0.0,35.478
2015-08-09,0.73,293.935,95.7,0.0774,105.214,90.373,0.0,36.969
2015-08-08,0.7,292.653,95.3,6.1481,92.107,67.411,0.0,30.881
2015-08-07,0.65,290.519,94.6,0.5534,48.794,83.382,0.0,16.093
2015-08-06,0.72,293.508,95.5,0.2384,81.437,91.337,0.0,24.02
2015-08-05,0.74,294.363,95.8,0.0,88.441,128.12,0.0,55.484
2015-08-04,0.82,297.791,96.9,0.0,155.704,111.073,0.0,43.266
2015-08-03,0.73,293.935,95.7,0.517,68.92,83.779,0.0,21.931
2015-08-02,0.76,295.219,96.1,1.7715,95.299,90.344,0.0,28.38
2015-08-01,0.75,294.791,96.0,0.2684,99.183,99.183,0.0,35.144
2015-07-31,0.75,294.791,96.0,0.0094,117.781,88.092,0.0,25.084
2015-07-30,0.69,292.226,95.1,0.1966,63.807,103.408,0.0,39.056
2015-07-29,0.77,295.647,96.2,4.684,119.587,89.875,0.0,37.762
2015-07-28,0.71,293.08,95.4,0.5951,148.841,183.511,0.0,107.631
2015-07-27,0.78,296.076,96.4,1.4247,213.655,178.985,0.0,77.637
2015-07-26,0.71,293.08,95.4,0.0,343.854,348.801,0.0,255.505
2015-07-25,0.72,293.508,95.5,0.0699,426.144,445.952,0.0,353.385
2015-07-24,0.76,295.219,96.1,1.7979,327.459,327.459,0.0,234.539
2015-07-23,0.76,295.219,96.1,8.2719,460.922,465.879,0.0,372.138
2015-07-22,0.77,295.647,96.2,0.3157,302.888,292.976,0.0,215.851
2015-07-21,0.75,294.791,96.0,2.1063,339.684,349.596,0.0,286.698
2015-07-20,0.77,295.647,96.2,1.1296,322.096,302.28,0.0,236.339
2015-07-19,0.73,293.935,95.7,0.0531,330.025,349.841,0.0,291.067
2015-07-18,0.77,295.647,96.2,0.0,359.292,319.691,0.0,258.194
2015-07-17,0.69,292.226,95.1,0.621,316.381,316.381,0.0,255.697
2015-07-16,0.69,292.226,95.1,0.0,544.272,588.831,0.0,537.251
2015-07-15,0.78,296.076,96.4,0.8937,700.943,695.985,0.0,658.648
2015-07-14,0.77,295.647,96.2,0.6805,1537.566,1350.605,0.0,1295.271
2015-07-13,0.39,279.494,91.0,1.0755,2013.604,1955.173,0.0,1909.464
2015-07-12,0.27,274.446,89.3,34.5471,709.065,904.976,0.0,881.271
2015-07-11,0.67,291.372,94.9,3.2366,620.891,620.891,0.0,581.907
2015-07-10,0.67,291.372,94.9,0.0748,1677.175,1525.059,0.0,1503.941
2015-07-09,0.36,278.23,90.6,44.4814,1617.672,1759.915,0.0,1721.696
2015-07-08,0.65,290.519,94.6,33.9368,484.571,558.807,0.0,524.26
2015-07-07,0.8,296.933,96.7,17.854,259.739,220.091,0.0,186.994
2015-07-06,0.72,293.508,95.5,0.4055,183.898,164.121,0.0,130.059
2015-07-05,0.68,291.799,95.0,0.9895,125.964,170.506,0.0,138.696
2015-07-04,0.77,295.647,96.2,0.0,197.787,158.186,0.0,124.271
2015-07-03,0.69,292.226,95.1,0.0,270.063,309.664,0.0,278.868
2015-07-02,0.77,295.647,96.2,0.021,261.187,266.145,0.0,239.259
2015-07-01,0.78,296.076,96.4,0.6025,362.32,347.45,0.0,318.919
2015-06-30,0.75,294.791,96.0,9.0989,354.725,339.872,0.0,305.452
2015-06-29,0.72,293.508,95.5,0.1405,302.11,331.833,0.0,295.615
2015-06-28,0.78,296.076,96.4,0.0,320.153,280.537,0.0,244.185
2015-06-27,0.7,292.653,95.3,0.3261,506.467,521.308,0.0,479.439
2015-06-26,0.73,293.935,95.7,26.2181,471.5,481.404,0.0,435.985
2015-06-25,0.75,294.791,96.0,12.8003,232.235,202.546,0.0,151.564
2015-06-24,0.69,292.226,95.1,0.0629,338.062,367.751,0.0,320.73
2015-06-23,0.75,294.791,96.0,0.3911,391.767,386.814,0.0,339.44
2015-06-22,0.74,294.363,95.8,1.1838,185.939,205.762,0.0,169.667
2015-06-21,0.78,296.076,96.4,0.4229,367.873,382.762,0.0,339.957
2015-06-20,0.81,297.362,96.8,10.6876,152.565,103.006,0.0,66.093
2015-06-19,0.71,293.08,95.4,2.8839,98.975,98.975,0.0,64.558
2015-06-18,0.71,293.08,95.4,0.1464,95.368,95.368,0.0,65.227
2015-06-17,0.71,293.08,95.4,0.0976,61.522,91.234,0.0,61.1
2015-06-16,0.77,295.647,96.2,4.0086,249.705,234.84,0.0,201.805
2015-06-15,0.74,294.363,95.8,0.0445,187.941,192.894,0.0,154.925
2015-06-14,0.75,294.791,96.0,0.0445,181.259,186.214,0.0,149.897
2015-06-13,0.76,295.219,96.1,0.4347,217.726,207.819,0.0,168.43
2015-06-12,0.74,294.363,95.8,0.0051,151.173,131.38,0.0,95.544
2015-06-11,0.7,292.653,95.3,0.0852,100.409,130.109,0.0,88.908
2015-06-10,0.76,295.219,96.1,0.0,148.629,143.674,0.0,95.85
2015-06-09,0.75,294.791,96.0,0.3438,256.644,271.514,0.0,222.874
2015-06-08,0.78,296.076,96.4,0.7449,160.113,135.339,0.0,89.405
2015-06-07,0.73,293.935,95.7,0.0,326.427,341.286,0.0,302.217
2015-06-06,0.76,295.219,96.1,0.016,184.556,174.649,0.0,140.265
2015-06-05,0.74,294.363,95.8,3.7053,101.562,96.611,0.0,65.018
2015-06-04,0.73,293.935,95.7,0.0047,82.819,102.635,0.0,68.663
2015-06-03,0.77,295.647,96.2,0.011,116.266,91.501,0.0,59.982
2015-06-02,0.72,293.508,95.5,0.0179,208.45,233.215,0.0,205.453
2015-06-01,0.77,295.647,96.2,0.0024,132.038,132.038,0.0,91.257
2015-05-31,0.77,295.647,96.2,0.0151,122.437,87.78,0.0,52.994
2015-05-30,0.7,292.653,95.3,1.7638,104.745,99.802,0.0,58.743
2015-05-29,0.69,292.226,95.1,0.0016,93.341,108.177,0.0,68.767
2015-05-28,0.72,293.508,95.5,0.0,113.451,123.351,0.0,76.642
2015-05-27,0.74,294.363,95.8,0.0,135.918,130.967,0.0,83.603
2015-05-26,0.73,293.935,95.7,0.0004,141.71,131.814,0.0,84.275
2015-05-25,0.71,293.08,95.4,0.0,246.818,281.488,0.0,236.989
2015-05-24,0.78,296.076,96.4,0.0,154.644,139.774,0.0,92.982
2015-05-23,0.75,294.791,96.0,0.0,137.131,132.178,0.0,86.313
2015-05-22,0.74,294.363,95.8,0.0,309.456,324.321,0.0,287.638
2015-05-21,0.77,295.647,96.2,0.1749,216.5,216.5,0.0,185.572
2015-05-20,0.77,295.647,96.2,0.0447,199.12,209.04,0.0,175.771
2015-05-19,0.79,296.505,96.5,0.4695,260.159,245.282,0.0,215.15
2015-05-18,0.76,295.219,96.1,3.6668,313.262,298.403,0.0,263.405
2015-05-17,0.73,293.935,95.7,0.0,324.744,319.795,0.0,287.989
2015-05-16,0.72,293.508,95.5,0.0238,339.005,358.813,0.0,326.061
2015-05-15,0.76,295.219,96.1,0.1589,362.961,333.261,0.0,302.536
2015-05-14,0.7,292.653,95.3,0.0,416.899,436.692,0.0,384.672
2015-05-13,0.74,294.363,95.8,0.0672,715.553,671.065,0.0,629.225
2015-05-12,0.65,290.519,94.6,10.0976,752.231,757.166,0.0,716.543
2015-05-11,0.66,290.946,94.7,16.1564,432.616,462.269,0.0,423.445
2015-05-10,0.72,293.508,95.5,0.0,286.71,321.395,0.0,272.98
2015-05-09,0.79,296.505,96.5,0.0177,282.783,292.71,0.0,246.328
2015-05-08,0.81,297.362,96.8,0.0,307.432,312.4,0.0,268.401
2015-05-07,0.82,297.791,96.9,0.0,414.055,379.328,0.0,349.711
2015-05-06,0.75,294.791,96.0,0.0,345.139,369.934,0.0,335.042
2015-05-05,0.8,296.933,96.7,0.0,316.59,321.554,0.0,291.557
2015-05-04,0.81,297.362,96.8,0.1604,331.852,331.852,0.0,292.024
2015-05-03,0.81,297.362,96.8,9.9751,458.871,409.312,0.0,381.306
2015-05-02,0.71,293.08,95.4,0.0302,379.726,379.726,0.0,336.014
2015-05-01,0.71,293.08,95.4,0.0,559.634,569.53,0.0,530.443
2015-04-30,0.73,293.935,95.7,0.0426,521.97,497.244,0.0,449.81
2015-04-29,0.68,291.799,95.0,14.1781,421.242,465.784,0.0,421.216
2015-04-28,0.77,295.647,96.2,0.7063,409.363,384.598,0.0,335.284
2015-04-27,0.72,293.508,95.5,0.0114,208.097,203.15,0.0,122.209
2015-04-26,0.71,293.08,95.4,0.0945,376.282,371.336,0.0,280.761
2015-04-25,0.7,292.653,95.3,0.0114,403.842,389.019,0.0,296.284
2015-04-24,0.67,291.372,94.9,0.0,539.317,613.612,0.0,518.647
2015-04-23,0.82,297.791,96.9,0.0114,449.519,365.351,0.0,295.782
2015-04-22,0.65,290.519,94.6,0.0,557.192,641.36,0.0,565.8
2015-04-21,0.82,297.791,96.9,0.0818,623.605,648.468,0.0,602.405
2015-04-20,0.87,299.94,97.6,14.8309,459.701,434.838,0.0,377.321
2015-04-19,0.82,297.791,96.9,9.8683,590.329,491.367,0.0,435.752
2015-04-18,0.62,289.241,94.2,1.3823,494.296,528.842,0.0,466.427
2015-04-17,0.69,292.226,95.1,0.0114,461.325,466.268,0.0,390.05
2015-04-16,0.7,292.653,95.3,2.0675,436.488,461.233,0.0,388.642
2015-04-15,0.75,294.791,96.0,0.416,506.238,486.438,0.0,377.019
2015-04-14,0.71,293.08,95.4,11.138,386.454,366.685,0.0,223.852
2015-04-13,0.67,291.372,94.9,9.6249,302.254,307.193,0.0,185.382
2015-04-12,0.68,291.799,95.0,0.0465,349.07,329.326,0.0,216.442
2015-04-11,0.64,290.093,94.4,0.0004,412.65,457.12,0.0,320.215
2015-04-10,0.73,293.935,95.7,0.0212,296.059,281.218,0.0,143.819
2015-04-09,0.7,292.653,95.3,0.0186,317.359,312.416,0.0,178.606
2015-04-08,0.69,292.226,95.1,0.1087,376.397,366.517,0.0,258.215
2015-04-07,0.67,291.372,94.9,0.0552,646.397,611.878,0.0,528.595
2015-04-06,0.6,288.39,93.9,3.7159,538.393,567.974,0.0,548.2
2015-04-05,0.66,290.946,94.7,3.2937,388.083,437.544,0.0,385.204
2015-04-04,0.76,295.219,96.1,15.7726,379.723,354.968,0.0,303.494
2015-04-03,0.71,293.08,95.4,4.404,338.433,289.071,0.0,270.013
2015-04-02,0.61,288.815,94.0,2.0706,232.93,287.239,0.0,274.179
2015-04-01,0.72,293.508,95.5,1.3534,234.12,219.284,0.0,202.137
2015-03-31,0.69,292.226,95.1,1.624,363.658,373.547,0.0,357.172
2015-03-30,0.71,293.08,95.4,0.0,281.713,326.308,0.0,305.406
2015-03-29,0.8,296.933,96.7,0.0,317.314,302.431,0.0,283.918
2015-03-28,0.77,295.647,96.2,0.0082,422.086,387.429,0.0,365.535
2015-03-27,0.7,292.653,95.3,0.0,359.172,359.172,0.0,342.934
2015-03-26,0.7,292.653,95.3,0.0,431.556,426.613,0.0,412.828
2015-03-25,0.69,292.226,95.1,0.0,306.554,375.938,0.0,362.271
2015-03-24,0.83,298.221,97.1,0.0348,272.343,227.695,0.0,213.434
2015-03-23,0.74,294.363,95.8,0.0012,295.47,241.117,0.0,233.512
2015-03-22,0.63,289.667,94.3,0.0024,397.46,436.966,0.0,425.59
2015-03-21,0.71,293.08,95.4,0.0,565.999,516.637,0.0,508.543
2015-03-20,0.61,288.815,94.0,0.0,681.583,755.7,0.0,745.55
2015-03-19,0.76,295.219,96.1,0.6674,373.708,388.585,0.0,378.026
2015-03-18,0.79,296.505,96.5,35.7598,222.326,227.289,0.0,210.826
2015-03-17,0.8,296.933,96.7,0.0102,197.692,177.852,0.0,158.614
2015-03-16,0.76,295.219,96.1,0.0,113.142,137.946,0.0,119.949
2015-03-15,0.81,297.362,96.8,0.0,295.977,281.088,0.0,263.099
2015-03-14,0.78,296.076,96.4,0.0,221.43,226.392,0.0,207.347
2015-03-13,0.79,296.505,96.5,0.9513,165.717,175.644,0.0,156.95
2015-03-12,0.81,297.362,96.8,0.0004,106.404,101.44,0.0,87.368
2015-03-11,0.8,296.933,96.7,0.0,223.926,233.858,0.0,212.961
2015-03-10,0.82,297.791,96.9,0.0048,103.745,103.745,0.0,74.171
2015-03-09,0.82,297.791,96.9,0.0016,114.341,79.614,0.0,61.346
2015-03-08,0.75,294.791,96.0,0.0,60.349,80.181,0.0,67.495
2015-03-07,0.79,296.505,96.5,0.0,79.823,59.991,0.0,48.341
2015-03-06,0.75,294.791,96.0,0.0,80.423,80.423,0.0,64.742
2015-03-05,0.75,294.791,96.0,0.0,86.861,106.693,0.0,91.365
2015-03-04,0.79,296.505,96.5,0.0334,103.909,93.989,0.0,81.048
2015-03-03,0.77,295.647,96.2,3.3247,107.789,112.747,0.0,96.21
2015-03-02,0.78,296.076,96.4,0.0136,123.181,128.143,0.0,109.024
2015-03-01,0.79,296.505,96.5,2.9505,116.39,121.353,0.0,102.994
2015-02-28,0.8,296.933,96.7,1.1488,131.939,122.014,0.0,102.261
2015-02-27,0.78,296.076,96.4,0.0008,120.977,111.061,0.0,92.596
2015-02-26,0.76,295.219,96.1,0.0227,122.081,117.126,0.0,97.876
2015-02-25,0.75,294.791,96.0,0.0,92.049,121.808,0.0,103.197
2015-02-24,0.81,297.362,96.8,0.0,120.819,110.892,0.0,91.985
2015-02-23,0.79,296.505,96.5,0.0,97.566,127.373,0.0,113.051
2015-02-22,0.85,299.08,97.4,0.527,138.68,98.953,0.0,84.504
2015-02-21,0.77,295.647,96.2,5.3181,119.732,124.69,0.0,110.673
2015-02-20,0.78,296.076,96.4,0.0,96.477,81.607,0.0,68.899
2015-02-19,0.75,294.791,96.0,0.0,75.233,95.065,0.0,82.855
2015-02-18,0.79,296.505,96.5,0.0358,103.834,108.797,0.0,89.118
2015-02-17,0.8,296.933,96.7,0.3566,109.605,104.642,0.0,90.357
2015-02-16,0.79,296.505,96.5,12.4963,107.18,82.395,0.0,65.814
2015-02-15,0.74,294.363,95.8,0.7242,84.96,80.009,0.0,66.182
2015-02-14,0.73,293.935,95.7,0.0,79.435,109.171,0.0,97.161
2015-02-13,0.79,296.505,96.5,0.0008,117.513,127.44,0.0,111.165
2015-02-12,0.81,297.362,96.8,0.0008,136.412,121.523,0.0,101.831
2015-02-11,0.78,296.076,96.4,0.0,108.708,83.934,0.0,68.404
2015-02-10,0.73,293.935,95.7,0.0008,104.644,99.695,0.0,88.252
2015-02-09,0.72,293.508,95.5,0.0066,107.671,137.394,0.0,121.196
2015-02-08,0.78,296.076,96.4,0.0067,137.491,112.717,0.0,95.447
2015-02-07,0.73,293.935,95.7,0.0,42.022,66.796,0.0,53.61
2015-02-06,0.78,296.076,96.4,0.0,88.639,68.816,0.0,57.908
2015-02-05,0.74,294.363,95.8,0.0038,104.376,84.583,0.0,70.906
2015-02-04,0.7,292.653,95.3,0.0047,33.918,53.711,0.0,42.51
2015-02-03,0.74,294.363,95.8,0.0,80.507,50.83,0.0,40.555
2015-02-02,0.68,291.799,95.0,0.0,76.538,81.479,0.0,71.379
2015-02-01,0.69,292.226,95.1,0.0,74.199,113.8,0.0,99.567
2015-01-31,0.77,295.647,96.2,0.0,100.204,90.292,0.0,75.601
2015-01-30,0.75,294.791,96.0,0.3846,169.834,184.704,0.0,171.68
2015-01-29,0.78,296.076,96.4,0.2063,163.652,148.782,0.0,135.837
2015-01-28,0.75,294.791,96.0,0.014,70.302,90.134,0.0,76.86
2015-01-27,0.79,296.505,96.5,0.0185,143.01,118.225,0.0,105.081
2015-01-26,0.74,294.363,95.8,2.4388,93.308,103.215,0.0,90.408
2015-01-25,0.76,295.219,96.1,3.1256,108.279,113.236,0.0,101.959
2015-01-24,0.77,295.647,96.2,0.2408,96.861,96.861,0.0,83.988
2015-01-23,0.77,295.647,96.2,0.4835,99.664,104.622,0.0,93.622
2015-01-22,0.78,296.076,96.4,0.7868,114.743,85.02,0.0,73.671
2015-01-21,0.72,293.508,95.5,3.7559,56.853,71.706,0.0,62.305
2015-01-20,0.75,294.791,96.0,0.0,76.908,91.778,0.0,84.92
2015-01-19,0.78,296.076,96.4,0.5345,91.415,66.641,0.0,54.178
2015-01-18,0.73,293.935,95.7,0.1073,85.747,100.606,0.0,81.805
2015-01-17,0.76,295.219,96.1,0.0016,127.12,67.791,0.0,47.862
2015-01-16,0.64,290.093,94.4,0.0713,22.127,86.413,0.0,69.558
2015-01-15,0.77,295.647,96.2,0.0029,112.248,107.291,0.0,91.733
2015-01-14,0.76,295.219,96.1,0.0611,81.749,91.665,0.0,77.615
2015-01-13,0.78,296.076,96.4,0.0,101.15,71.427,0.0,58.443
2015-01-12,0.72,293.508,95.5,0.0,83.836,108.601,0.0,92.387
2015-01-11,0.77,295.647,96.2,0.0344,104.923,90.058,0.0,72.641
2015-01-10,0.74,294.363,95.8,0.0008,140.915,160.738,0.0,142.909
2015-01-09,0.78,296.076,96.4,0.0008,85.062,70.192,0.0,54.485
2015-01-08,0.75,294.791,96.0,0.0004,79.39,64.537,0.0,50.136
2015-01-07,0.72,293.508,95.5,0.0076,70.51,70.51,0.0,57.752
2015-01-06,0.72,293.508,95.5,4.9734,83.694,73.802,0.0,60.859
2015-01-05,0.7,292.653,95.3,1.3448,64.463,64.463,0.0,52.311
2015-01-04,0.7,292.653,95.3,0.0,44.805,49.751,0.0,37.302
2015-01-03,0.71,293.08,95.4,0.0004,68.36,117.919,0.0,102.364
2015-01-02,0.81,297.362,96.8,0.0012,132.465,102.706,0.0,85.041
2015-01-01,0.75,294.791,96.0,0.0221,113.155,83.466,0.0,65.229
2014-12-31,0.69,292.226,95.1,0.9832,41.409,81.01,0.0,65.095
2014-12-30,0.77,295.647,96.2,0.001,74.874,79.832,0.0,62.607
2014-12-29,0.78,296.076,96.4,0.023,114.008,109.05,0.0,89.19
2014-12-28,0.77,295.647,96.2,0.0,99.306,99.306,0.0,78.753
2014-12-27,0.77,295.647,96.2,0.0172,75.553,95.4,0.0,79.456
2014-12-26,0.81,297.362,96.8,0.0,96.126,76.279,0.0,59.546
2014-12-25,0.77,295.647,96.2,0.3628,50.39,60.31,0.0,44.197
2014-12-24,0.79,296.505,96.5,0.2282,117.811,78.179,0.0,60.316
2014-12-23,0.71,293.08,95.4,0.089,54.878,74.678,0.0,56.783
2014-12-22,0.75,294.791,96.0,0.014,79.099,79.099,0.0,57.38
2014-12-21,0.75,294.791,96.0,0.053,124.439,104.639,0.0,83.391
2014-12-20,0.71,293.08,95.4,1.1737,77.112,91.959,0.0,67.751
2014-12-19,0.74,294.363,95.8,0.3704,79.152,84.105,0.0,38.363
2014-12-18,0.75,294.791,96.0,0.115,118.062,108.158,0.0,70.92
2014-12-17,0.73,293.935,95.7,0.0399,75.52,100.294,0.0,62.043
2014-12-16,0.78,296.076,96.4,2.8175,168.038,153.168,0.0,110.605
2014-12-15,0.75,294.791,96.0,0.0404,165.382,180.252,0.0,141.437
2014-12-14,0.78,296.076,96.4,0.0,115.284,100.414,0.0,56.033
2014-12-13,0.75,294.791,96.0,0.01,145.624,145.624,0.0,112.786
2014-12-12,0.75,294.791,96.0,0.0149,321.514,331.426,0.0,326.618
2014-12-11,0.77,295.647,96.2,0.0171,145.757,150.715,0.0,128.307
2014-12-10,0.78,296.076,96.4,0.051,175.86,185.785,0.0,174.762
2014-12-09,0.8,296.933,96.7,0.0019,247.005,251.969,0.0,247.914
2014-12-08,0.81,297.362,96.8,1.8073,289.451,289.451,0.0,282.46
2014-12-07,0.81,297.362,96.8,0.0,420.44,346.175,0.0,341.959
2014-12-06,0.66,290.946,94.7,0.0004,348.048,402.466,0.0,397.563
2014-12-05,0.77,295.647,96.2,0.0116,257.538,247.626,0.0,217.335
2014-12-04,0.75,294.791,96.0,0.0757,301.567,311.479,0.0,305.113
2014-12-03,0.77,295.647,96.2,0.303,332.595,312.779,0.0,278.082
2014-12-02,0.73,293.935,95.7,0.0215,406.096,386.311,0.0,372.571
2014-12-01,0.69,292.226,95.1,0.4058,516.473,506.593,0.0,497.076
2014-11-30,0.67,291.372,94.9,7.9471,393.086,412.855,0.0,406.242
2014-11-29,0.71,293.08,95.4,0.0231,420.915,406.085,0.0,399.927
2014-11-28,0.68,291.799,95.0,1.6837,511.794,496.983,0.0,491.884
2014-11-27,0.65,290.519,94.6,0.0104,556.183,585.824,0.0,579.171
2014-11-26,0.71,293.08,95.4,0.0127,528.882,563.552,0.0,559.14
2014-11-25,0.78,296.076,96.4,1.0696,361.725,356.767,0.0,351.852
2014-11-24,0.77,295.647,96.2,33.834,126.812,82.27,0.0,77.686
2014-11-23,0.68,291.799,95.0,0.0,39.527,64.253,0.0,59.597
2014-11-22,0.73,293.935,95.7,0.0,53.427,68.286,0.0,62.969
2014-11-21,0.76,295.219,96.1,0.0064,84.15,59.395,0.0,54.139
2014-11-20,0.71,293.08,95.4,0.0,84.244,74.355,0.0,69.2
2014-11-19,0.69,292.226,95.1,0.0436,100.753,81.001,0.0,74.546
2014-11-18,0.65,290.519,94.6,0.0,45.017,69.713,0.0,63.753
2014-11-17,0.7,292.653,95.3,0.0,129.381,124.438,0.0,118.213
2014-11-16,0.69,292.226,95.1,0.0109,97.781,112.617,0.0,106.233
2014-11-15,0.72,293.508,95.5,0.0,233.678,233.678,0.0,226.18
2014-11-14,0.72,293.508,95.5,0.0004,121.024,160.672,0.0,155.731
2014-11-13,0.8,296.933,96.7,0.002,117.765,33.664,0.0,29.8
2014-11-12,0.63,289.667,94.3,0.4607,201.122,255.475,0.0,249.767
2014-11-11,0.74,294.363,95.8,0.0,236.336,251.201,0.0,244.913
2014-11-10,0.77,295.647,96.2,0.0,224.762,190.105,0.0,186.691
2014-11-09,0.7,292.653,95.3,0.0228,346.528,346.528,0.0,343.391
2014-11-08,0.7,292.653,95.3,0.2888,283.358,288.304,0.0,285.251
2014-11-07,0.71,293.08,95.4,0.0214,269.636,289.436,0.0,284.672
2014-11-06,0.75,294.791,96.0,0.0,261.401,276.271,0.0,272.448
2014-11-05,0.78,296.076,96.4,0.0059,364.064,275.107,0.0,271.003
2014-11-04,0.6,288.39,93.9,0.0,330.532,340.384,0.0,336.731
2014-11-03,0.62,289.241,94.2,0.002,456.392,476.121,0.0,470.301
2014-11-02,0.66,290.946,94.7,0.6606,780.226,755.57,0.0,749.843
2014-11-01,0.61,288.815,94.0,2.6976,631.635,641.491,0.0,637.013
2014-10-31,0.63,289.667,94.3,21.8269,291.171,286.242,0.0,280.109
2014-10-30,0.62,289.241,94.2,0.0,301.733,370.923,0.0,367.252
2014-10-29,0.76,295.219,96.1,0.0,171.193,141.493,0.0,138.051
2014-10-28,0.7,292.653,95.3,0.0,214.514,224.406,0.0,220.922
2014-10-27,0.72,293.508,95.5,0.0,448.044,403.591,0.0,400.301
2014-10-26,0.63,289.667,94.3,0.01,302.617,302.617,0.0,299.187
2014-10-25,0.63,289.667,94.3,0.0202,566.015,590.691,0.0,587.437
2014-10-24,0.68,291.799,95.0,0.0,585.26,540.879,0.0,537.192
2014-10-23,0.59,287.965,93.7,0.0374,1507.777,1317.36,0.0,1313.798
2014-10-22,0.2,271.513,88.4,13.162,1479.393,1689.515,0.0,1684.752
2014-10-21,0.63,289.667,94.3,42.437,167.432,241.608,0.0,236.023
2014-10-20,0.78,296.076,96.4,10.7987,65.457,55.541,0.0,50.564
2014-10-19,0.76,295.219,96.1,0.0,108.304,88.496,0.0,84.606
2014-10-18,0.72,293.508,95.5,0.007,70.523,85.376,0.0,79.32
2014-10-17,0.75,294.791,96.0,0.007,46.887,56.799,0.0,51.966
2014-10-16,0.77,295.647,96.2,0.3851,44.136,83.863,0.0,76.95
2014-10-15,0.85,299.08,97.4,0.047,87.593,97.544,0.0,93.29
2014-10-14,0.87,299.94,97.6,0.009,115.009,95.114,0.0,89.739
2014-10-13,0.83,298.221,97.1,22.948,251.383,221.599,0.0,88.688
2014-10-12,0.77,295.647,96.2,1.0519,185.867,220.62,0.0,75.415
2014-10-11,0.84,298.65,97.2,0.0,161.432,116.766,0.0,41.308
2014-10-10,0.75,294.791,96.0,0.0,84.429,104.261,0.0,96.082
2014-10-09,0.79,296.505,96.5,0.0071,192.936,183.016,0.0,178.264
2014-10-08,0.77,295.647,96.2,0.0,166.213,191.028,0.0,173.899
2014-10-07,0.82,297.791,96.9,0.0,265.177,235.405,0.0,206.111
2014-10-06,0.76,295.219,96.1,0.0066,165.167,165.167,0.0,139.082
2014-10-05,0.76,295.219,96.1,0.0,106.032,101.077,0.0,76.202
2014-10-04,0.75,294.791,96.0,0.0,94.501,94.501,0.0,83.546
2014-10-03,0.75,294.791,96.0,0.0004,98.607,93.654,0.0,83.977
2014-10-02,0.74,294.363,95.8,0.0151,150.266,189.945,0.0,181.756
2014-10-01,0.82,297.791,96.9,0.0,221.686,201.83,0.0,195.32
2014-09-30,0.78,296.076,96.4,0.1639,349.686,334.816,0.0,328.218
2014-09-29,0.75,294.791,96.0,2.286,353.003,367.873,0.0,362.47
2014-09-28,0.78,296.076,96.4,0.0,509.46,474.79,0.0,470.297
2014-09-27,0.71,293.08,95.4,0.0,468.04,492.795,0.0,488.703
2014-09-26,0.76,295.219,96.1,0.0,1081.7,1022.371,0.0,1018.317
2014-09-25,0.64,290.093,94.4,0.025,2025.667,2094.911,0.0,2090.598
2014-09-24,0.78,296.076,96.4,71.4728,872.661,847.887,0.0,843.07
2014-09-23,0.73,293.935,95.7,6.4179,88.792,83.843,0.0,75.977
2014-09-22,0.72,293.508,95.5,0.0116,52.463,77.228,0.0,68.365
2014-09-21,0.77,295.647,96.2,0.0,73.402,83.322,0.0,74.086
2014-09-20,0.79,296.505,96.5,0.0,97.513,82.636,0.0,76.14
2014-09-19,0.76,295.219,96.1,0.0064,67.17,82.047,0.0,73.465
2014-09-18,0.79,296.505,96.5,0.0099,128.322,123.36,0.0,112.278
2014-09-17,0.78,296.076,96.4,1.786,150.789,150.789,0.0,142.832
2014-09-16,0.78,296.076,96.4,0.0116,110.834,100.918,0.0,80.445
2014-09-15,0.76,295.219,96.1,0.0,105.764,85.956,0.0,66.642
2014-09-14,0.72,293.508,95.5,0.0,53.738,73.546,0.0,66.521
2014-09-13,0.76,295.219,96.1,0.0116,131.793,141.709,0.0,132.473
2014-09-12,0.78,296.076,96.4,0.0034,114.973,70.414,0.0,65.584
2014-09-11,0.69,292.226,95.1,0.019,152.068,191.669,0.0,187.728
2014-09-10,0.77,295.647,96.2,0.051,332.679,327.722,0.0,323.521
2014-09-09,0.76,295.219,96.1,0.0116,289.875,294.832,0.0,290.144
2014-09-08,0.77,295.647,96.2,0.0232,234.795,210.03,0.0,202.905
2014-09-07,0.72,293.508,95.5,0.0251,250.334,285.019,0.0,279.934
2014-09-06,0.79,296.505,96.5,0.029,264.466,269.429,0.0,263.16
2014-09-05,0.8,296.933,96.7,0.0321,409.132,394.249,0.0,282.345
2014-09-04,0.77,295.647,96.2,0.1667,505.606,456.126,0.0,320.935
2014-09-03,0.67,291.372,94.9,15.0784,691.926,721.59,0.0,641.756
2014-09-02,0.73,293.935,95.7,5.207,375.319,395.135,0.0,325.794
2014-09-01,0.77,295.647,96.2,0.0116,372.759,372.759,0.0,264.34
2014-08-31,0.77,295.647,96.2,0.0211,632.836,632.836,0.0,483.415
2014-08-30,0.77,295.647,96.2,0.0116,854.554,859.512,0.0,741.327
2014-08-29,0.78,296.076,96.4,0.0529,877.725,922.445,0.0,826.222
2014-08-28,0.87,299.94,97.6,0.3648,1714.328,1798.349,0.0,1668.925
2014-08-27,1.03,307.199,100.0,2.0211,2920.357,2806.505,0.0,2677.018
2014-08-26,0.81,297.362,96.8,6.7369,3626.489,3616.562,0.0,3485.227
2014-08-25,0.79,296.505,96.5,65.4806,1987.743,1913.537,0.0,1811.608
2014-08-24,0.64,290.093,94.4,0.5595,1019.028,1058.549,0.0,961.903
2014-08-23,0.72,293.508,95.5,0.0116,1939.895,1738.712,0.0,1643.927
2014-08-22,0.31,276.126,89.9,0.7338,3681.572,3803.841,0.0,3688.133
2014-08-21,0.56,286.69,93.3,32.1275,4052.493,3959.452,0.0,3594.274
2014-08-20,0.37,278.651,90.7,22.5997,3400.026,3542.328,0.0,3377.285
2014-08-19,0.66,290.946,94.7,18.2875,4296.19,4296.19,0.0,4128.839
2014-08-18,0.66,290.946,94.7,83.44,2689.224,2689.224,0.0,2510.716
2014-08-17,0.66,290.946,94.7,15.001,919.181,919.181,0.0,821.321
2014-08-16,0.66,290.946,94.7,0.5571,1066.994,1156.165,0.0,1015.967
2014-08-15,0.84,298.65,97.2,1.7315,1414.0,1409.03,0.0,1158.425
2014-08-14,0.83,298.221,97.1,26.099,834.084,774.589,0.0,590.552
2014-08-13,0.71,293.08,95.4,1.416,636.524,656.324,0.0,512.319
2014-08-12,0.75,294.791,96.0,0.015,692.01,751.6,0.0,686.809
2014-08-11,0.87,299.94,97.6,0.3121,1051.267,996.632,0.0,923.214
2014-08-10,0.76,295.219,96.1,23.309,715.061,720.018,0.0,645.984
2014-08-09,0.77,295.647,96.2,0.5068,1289.459,1205.46,0.0,1084.965
2014-08-08,0.6,288.39,93.9,6.2124,1059.997,1109.338,0.0,970.193
2014-08-07,0.7,292.653,95.3,28.1998,669.499,654.676,0.0,537.249
2014-08-06,0.67,291.372,94.9,3.579,1036.804,967.865,0.0,824.799
2014-08-05,0.53,285.416,92.9,2.289,1699.782,1699.782,0.0,1335.564
2014-08-04,0.53,285.416,92.9,5.64,2706.907,2815.414,0.0,2257.31
2014-08-03,0.75,294.791,96.0,54.6194,2235.934,2270.661,0.0,1948.2
2014-08-02,0.82,297.791,96.9,28.168,482.555,457.74,0.0,341.829
2014-08-01,0.77,295.647,96.2,0.576,118.751,118.751,0.0,50.597
2014-07-31,0.77,295.647,96.2,8.706,61.655,56.698,0.0,22.914
2014-07-30,0.76,295.219,96.1,0.3874,48.909,48.909,0.0,18.441
2014-07-29,0.76,295.219,96.1,0.6027,36.504,51.381,0.0,32.99
2014-07-28,0.79,296.505,96.5,0.0741,39.804,39.804,0.0,37.062
2014-07-27,0.79,296.505,96.5,0.0,77.902,72.94,0.0,62.923
2014-07-26,0.78,296.076,96.4,1.0427,99.538,99.538,0.0,89.265
2014-07-25,0.78,296.076,96.4,1.1778,54.984,50.026,0.0,41.925
2014-07-24,0.77,295.647,96.2,2.4549,129.611,139.531,0.0,131.892
2014-07-23,0.79,296.505,96.5,0.7256,172.302,157.425,0.0,147.319
2014-07-22,0.76,295.219,96.1,0.0068,99.978,95.023,0.0,79.425
2014-07-21,0.75,294.791,96.0,0.0,233.134,238.089,0.0,222.637
2014-07-20,0.76,295.219,96.1,0.648,360.542,395.283,0.0,379.468
2014-07-19,0.83,298.221,97.1,2.2976,240.347,225.447,0.0,209.684
2014-07-18,0.8,296.933,96.7,17.4654,328.555,318.63,0.0,302.885
2014-07-17,0.78,296.076,96.4,5.5188,184.331,204.187,0.0,191.867
2014-07-16,0.82,297.791,96.9,4.6768,92.413,112.3,0.0,68.574
2014-07-15,0.86,299.51,97.5,1.8167,134.357,79.744,0.0,35.895
2014-07-14,0.75,294.791,96.0,0.0,191.768,231.464,0.0,184.564
2014-07-13,0.83,298.221,97.1,7.0098,151.203,116.462,0.0,43.097
2014-07-12,0.76,295.219,96.1,0.022,109.885,149.596,0.0,77.62
2014-07-11,0.84,298.65,97.2,0.0122,123.497,103.627,0.0,45.104
2014-07-10,0.8,296.933,96.7,0.0626,103.441,78.646,0.0,33.176
2014-07-09,0.75,294.791,96.0,3.062,240.656,235.703,0.0,154.685
2014-07-08,0.74,294.363,95.8,4.751,408.745,418.652,0.0,265.183
2014-07-07,0.76,295.219,96.1,0.3158,220.298,205.439,0.0,71.956
2014-07-06,0.73,293.935,95.7,5.6057,161.232,176.091,0.0,55.007
2014-07-05,0.76,295.219,96.1,0.0,219.812,209.905,0.0,83.991
2014-07-04,0.74,294.363,95.8,0.2633,288.504,348.07,0.0,208.641
2014-07-03,0.86,299.51,97.5,31.932,433.349,393.606,0.0,249.811
2014-07-02,0.78,296.076,96.4,3.886,169.421,209.164,0.0,101.213
2014-07-01,0.86,299.51,97.5,3.3776,206.888,187.001,0.0,61.279
2014-06-30,0.82,297.791,96.9,5.7873,119.311,74.68,0.0,31.054
2014-06-29,0.73,293.935,95.7,0.2359,139.659,159.475,0.0,106.222
2014-06-28,0.77,295.647,96.2,0.0323,271.551,281.471,0.0,182.137
2014-06-27,0.79,296.505,96.5,0.0056,128.337,128.337,0.0,50.821
2014-06-26,0.79,296.505,96.5,0.0172,123.76,133.687,0.0,52.007
2014-06-25,0.81,297.362,96.8,0.0499,319.664,294.86,0.0,233.636
2014-06-24,0.76,295.219,96.1,2.2044,219.153,224.11,0.0,136.76
2014-06-23,0.77,295.647,96.2,17.941,180.485,165.62,0.0,94.957
2014-06-22,0.74,294.363,95.8,8.3684,93.724,108.589,0.0,32.894
2014-06-21,0.77,295.647,96.2,0.2594,108.944,128.791,0.0,60.742
2014-06-20,0.81,297.362,96.8,0.0541,94.266,79.377,0.0,36.489
2014-06-19,0.78,296.076,96.4,0.1355,44.035,29.165,0.0,14.765
2014-06-18,0.75,294.791,96.0,0.0394,60.86,70.772,0.0,32.81
2014-06-17,0.77,295.647,96.2,0.0365,103.685,103.685,0.0,47.385
2014-06-16,0.77,295.647,96.2,0.0003,242.334,232.422,0.0,146.02
2014-06-15,0.75,294.791,96.0,0.0,314.486,339.281,0.0,274.278
2014-06-14,0.8,296.933,96.7,0.0118,152.856,177.7,0.0,108.37
2014-06-13,0.85,299.08,97.4,1.2998,206.65,196.707,0.0,129.098
2014-06-12,0.83,298.221,97.1,7.4596,117.728,107.792,0.0,47.715
2014-06-11,0.81,297.362,96.8,6.8052,105.1,100.136,0.0,69.097
2014-06-10,0.8,296.933,96.7,0.7019,113.756,103.831,0.0,42.012
2014-06-09,0.78,296.076,96.4,0.5951,99.666,94.708,0.0,25.068
2014-06-08,0.77,295.647,96.2,2.5214,133.614,128.657,0.0,0.0
2014-06-07,0.76,295.219,96.1,0.0909,79.789,104.593,0.0,46.716
2014-06-06,0.81,297.362,96.8,0.0168,141.488,116.684,0.0,45.289
2014-06-05,0.76,295.219,96.1,0.3325,152.885,128.13,0.0,47.923
2014-06-04,0.71,293.08,95.4,0.2585,208.921,263.448,0.0,126.116
2014-06-03,0.82,297.791,96.9,5.435,197.628,182.733,0.0,109.843
2014-06-02,0.79,296.505,96.5,3.899,113.164,73.532,0.0,60.908
2014-06-01,0.71,293.08,95.4,0.0034,30.702,30.702,0.0,11.428
2014-05-31,0.71,293.08,95.4,0.0,0.0,11.355,0.0,0.0
2014-05-30,0.75,294.791,96.0,0.0161,31.158,21.254,0.0,15.132
2014-05-29,0.73,293.935,95.7,0.0034,16.283,31.142,0.0,28.305
2014-05-28,0.76,295.219,96.1,2.5921,33.806,18.947,0.0,12.822
2014-05-27,0.73,293.935,95.7,0.0034,10.398,10.398,0.0,0.209
2014-05-26,0.73,293.935,95.7,2.8185,52.689,87.388,0.0,44.498
2014-05-25,0.8,296.933,96.7,3.1817,96.938,72.143,0.0,43.824
2014-05-24,0.75,294.791,96.0,0.0,72.6,37.97,0.0,23.059
2014-05-23,0.68,291.799,95.0,0.0962,51.689,41.813,0.0,36.536
2014-05-22,0.66,290.946,94.7,0.0462,68.84,103.442,0.0,98.059
2014-05-21,0.73,293.935,95.7,0.0005,56.532,91.231,0.0,72.686
2014-05-20,0.8,296.933,96.7,0.28,101.191,106.155,0.0,40.308
2014-05-19,0.81,297.362,96.8,0.0093,79.393,89.329,0.0,40.807
2014-05-18,0.83,298.221,97.1,0.0066,92.623,107.541,0.0,98.43
2014-05-17,0.86,299.51,97.5,0.0,79.767,44.986,0.0,34.104
2014-05-16,0.79,296.505,96.5,0.0059,101.073,91.153,0.0,77.973
2014-05-15,0.77,295.647,96.2,0.1234,181.278,216.031,0.0,154.001
2014-05-14,0.84,298.65,97.2,0.0477,202.422,182.552,0.0,140.318
2014-05-13,0.8,296.933,96.7,0.0,378.718,348.97,0.0,247.638
2014-05-12,0.74,294.363,95.8,20.5424,560.751,536.015,0.0,408.351
2014-05-11,0.69,292.226,95.1,3.4442,213.337,257.896,0.0,132.35
2014-05-10,0.78,296.076,96.4,0.0,179.394,159.571,0.0,79.163
2014-05-09,0.74,294.363,95.8,0.0059,250.165,260.072,0.0,164.642
2014-05-08,0.76,295.219,96.1,0.5613,198.345,213.222,0.0,187.739
2014-05-07,0.79,296.505,96.5,0.0059,239.572,254.467,0.0,224.299
2014-05-06,0.82,297.791,96.9,0.0,397.1,367.328,0.0,338.545
2014-05-05,0.76,295.219,96.1,0.1996,259.429,329.005,0.0,302.494
2014-05-04,0.9,301.231,98.1,0.2892,232.644,222.681,0.0,200.017
2014-05-03,0.88,300.37,97.8,0.0118,455.845,435.942,0.0,412.091
2014-05-02,0.84,298.65,97.2,0.0063,557.404,492.939,0.0,463.89
2014-05-01,0.71,293.08,95.4,0.1316,847.085,901.612,0.0,891.454
2014-04-30,0.82,297.791,96.9,2.6943,799.895,789.963,0.0,779.117
2014-04-29,0.8,296.933,96.7,23.288,444.649,434.724,0.0,403.216
2014-04-28,0.78,296.076,96.4,21.1647,282.191,287.153,0.0,273.592
2014-04-27,0.79,296.505,96.5,5.7218,120.066,100.234,0.0,81.51
2014-04-26,0.75,294.791,96.0,0.0,70.35,105.077,0.0,86.326
2014-04-25,0.82,297.791,96.9,0.0,119.475,99.619,0.0,90.652
2014-04-24,0.78,296.076,96.4,0.0,41.359,51.284,0.0,36.169
2014-04-23,0.8,296.933,96.7,0.0,69.398,44.603,0.0,30.194
2014-04-22,0.75,294.791,96.0,0.0066,101.891,126.686,0.0,113.82
2014-04-21,0.8,296.933,96.7,0.0093,92.338,87.375,0.0,70.828
2014-04-20,0.79,296.505,96.5,0.0178,82.926,97.821,0.0,82.252
2014-04-19,0.82,297.791,96.9,0.0249,105.425,130.288,0.0,115.384
2014-04-18,0.87,299.94,97.6,0.3823,134.414,134.414,0.0,121.497
2014-04-17,0.87,299.94,97.6,14.338,133.222,83.544,0.0,72.193
2014-04-16,0.77,295.647,96.2,0.0,24.275,14.363,0.0,1.985
2014-04-15,0.75,294.791,96.0,0.0246,38.146,23.293,0.0,6.537
2014-04-14,0.72,293.508,95.5,0.0034,53.329,63.229,0.0,47.249
2014-04-13,0.74,294.363,95.8,1.4504,118.716,133.581,0.0,118.751
2014-04-12,0.77,295.647,96.2,0.1985,99.659,89.747,0.0,73.533
2014-04-11,0.75,294.791,96.0,0.1264,39.481,79.177,0.0,59.996
2014-04-10,0.83,298.221,97.1,0.0004,119.51,74.862,0.0,47.78
2014-04-09,0.74,294.363,95.8,0.0,97.984,132.696,0.0,104.868
2014-04-08,0.81,297.362,96.8,0.0034,204.719,204.719,0.0,175.548
2014-04-07,0.81,297.362,96.8,0.0189,218.779,218.779,0.0,205.212
2014-04-06,0.81,297.362,96.8,0.0468,172.587,152.74,0.0,146.02
2014-04-05,0.77,295.647,96.2,0.0605,238.706,253.589,0.0,218.041
2014-04-04,0.8,296.933,96.7,0.7892,218.837,223.801,0.0,172.822
2014-04-03,0.81,297.362,96.8,2.3728,249.424,239.497,0.0,140.51
2014-04-02,0.79,296.505,96.5,0.0119,408.29,428.153,0.0,330.673
2014-04-01,0.83,298.221,97.1,0.0,410.807,425.725,0.0,326.531
2014-03-31,0.86,299.51,97.5,0.0034,211.599,176.818,0.0,97.514
2014-03-30,0.79,296.505,96.5,6.4554,223.042,232.969,0.0,166.438
2014-03-29,0.81,297.362,96.8,14.1332,178.952,124.447,0.0,64.263
2014-03-28,0.7,292.653,95.3,0.398,101.872,156.377,0.0,89.012
2014-03-27,0.81,297.362,96.8,0.035,147.406,142.442,0.0,75.384
2014-03-26,0.8,296.933,96.7,11.8094,180.764,151.016,0.0,85.169
2014-03-25,0.74,294.363,95.8,8.686,120.264,115.313,0.0,52.548
2014-03-24,0.73,293.935,95.7,0.0004,99.06,113.919,0.0,56.32
2014-03-23,0.76,295.219,96.1,0.0004,105.755,90.896,0.0,33.806
2014-03-22,0.73,293.935,95.7,0.0,63.595,73.499,0.0,24.485
2014-03-21,0.75,294.791,96.0,0.1518,83.686,108.481,0.0,51.124
2014-03-20,0.8,296.933,96.7,3.2383,156.35,176.22,0.0,128.33
2014-03-19,0.84,298.65,97.2,0.005,140.227,105.474,0.0,57.187
2014-03-18,0.77,295.647,96.2,0.129,163.921,173.847,0.0,134.801
2014-03-17,0.79,296.505,96.5,0.167,175.983,180.946,0.0,146.013
2014-03-16,0.8,296.933,96.7,0.0,355.559,340.676,0.0,312.359
2014-03-15,0.77,295.647,96.2,0.0122,236.516,246.436,0.0,207.36
2014-03-14,0.79,296.505,96.5,0.4931,398.901,369.165,0.0,338.896
2014-03-13,0.73,293.935,95.7,13.731,267.731,297.467,0.0,262.886
2014-03-12,0.79,296.505,96.5,27.2794,78.098,63.221,0.0,32.355
2014-03-11,0.76,295.219,96.1,0.0,106.04,135.812,0.0,110.329
2014-03-10,0.82,297.791,96.9,0.0,75.439,60.544,0.0,33.408
2014-03-09,0.79,296.505,96.5,0.4367,84.155,64.323,0.0,38.568
2014-03-08,0.75,294.791,96.0,0.0038,46.292,66.124,0.0,39.92
2014-03-07,0.79,296.505,96.5,0.0016,81.187,56.402,0.0,29.873
2014-03-06,0.74,294.363,95.8,0.0034,34.612,49.477,0.0,29.88
2014-03-05,0.77,295.647,96.2,0.004,84.792,20.506,0.0,14.656
2014-03-04,0.64,290.093,94.4,0.0741,0.0,5.767,0.0,0.0
2014-03-03,0.69,292.226,95.1,0.0066,39.332,9.715,0.0,0.0
2014-03-02,0.63,289.667,94.3,0.117,0.0,14.647,0.0,8.544
2014-03-01,0.67,291.372,94.9,0.89,0.0,32.958,0.0,20.821
2014-02-28,0.79,296.505,96.5,0.013,86.443,36.922,0.0,24.83
2014-02-27,0.69,292.226,95.1,0.11,66.741,121.225,0.0,106.647
2014-02-26,0.8,296.933,96.7,4.739,241.382,216.587,0.0,199.91
2014-02-25,0.75,294.791,96.0,0.027,110.525,165.138,0.0,152.935
2014-02-24,0.86,299.51,97.5,0.0,227.999,188.256,0.0,182.329
2014-02-23,0.78,296.076,96.4,0.0,65.627,40.853,0.0,35.588
2014-02-22,0.73,293.935,95.7,0.0366,36.079,36.079,0.0,31.27
2014-02-21,0.73,293.935,95.7,0.1934,38.981,38.981,0.0,33.891
2014-02-20,0.73,293.935,95.7,0.0004,49.94,84.639,0.0,79.528
2014-02-19,0.8,296.933,96.7,0.0102,113.868,98.985,0.0,93.5
2014-02-18,0.77,295.647,96.2,0.21,99.011,148.689,0.0,145.741
2014-02-17,0.87,299.94,97.6,1.0753,103.629,39.086,0.0,34.892
2014-02-16,0.74,294.363,95.8,0.0,52.807,33.014,0.0,28.91
2014-02-15,0.7,292.653,95.3,0.0,29.398,34.344,0.0,30.019
2014-02-14,0.71,293.08,95.4,0.049,16.435,36.235,0.0,31.932
2014-02-13,0.75,294.791,96.0,0.175,42.663,42.663,0.0,37.539
2014-02-12,0.75,294.791,96.0,0.0376,36.234,41.189,0.0,36.148
2014-02-11,0.76,295.219,96.1,0.166,15.816,45.588,0.0,40.377
2014-02-10,0.82,297.791,96.9,0.312,42.027,56.939,0.0,51.523
2014-02-09,0.85,299.08,97.4,1.059,106.307,86.427,0.0,80.942
2014-02-08,0.81,297.362,96.8,1.0861,48.67,48.67,0.0,43.317
2014-02-07,0.81,297.362,96.8,1.5522,107.659,67.996,0.0,62.665
2014-02-06,0.73,293.935,95.7,0.1893,41.496,66.27,0.0,61.204
2014-02-05,0.78,296.076,96.4,0.0221,81.853,86.815,0.0,81.678
2014-02-04,0.79,296.505,96.5,0.0832,67.339,87.202,0.0,81.551
2014-02-03,0.83,298.221,97.1,0.0123,80.954,56.129,0.0,50.693
2014-02-02,0.78,296.076,96.4,0.1029,42.205,52.13,0.0,46.967
2014-02-01,0.8,296.933,96.7,0.3518,33.975,38.939,0.0,33.793
2014-01-31,0.81,297.362,96.8,0.0451,60.789,45.9,0.0,40.56
2014-01-30,0.78,296.076,96.4,0.3487,52.371,42.455,0.0,36.491
2014-01-29,0.76,295.219,96.1,0.0068,42.905,47.862,0.0,42.304
2014-01-28,0.77,295.647,96.2,0.0164,30.918,50.765,0.0,45.894
2014-01-27,0.81,297.362,96.8,0.035,55.748,50.784,0.0,45.931
2014-01-26,0.8,296.933,96.7,0.1665,67.569,47.729,0.0,42.93
2014-01-25,0.76,295.219,96.1,0.8995,63.485,43.677,0.0,38.991
2014-01-24,0.72,293.508,95.5,0.1103,37.768,92.317,0.0,87.574
2014-01-23,0.83,298.221,97.1,0.147,62.771,77.689,0.0,72.653
2014-01-22,0.86,299.51,97.5,0.0319,73.016,53.129,0.0,48.21
2014-01-21,0.82,297.791,96.9,0.0649,70.071,55.176,0.0,50.246
2014-01-20,0.79,296.505,96.5,0.5959,123.251,29.332,0.0,25.785
2014-01-19,0.6,288.39,93.9,0.0,0.0,19.312,0.0,16.572
2014-01-18,0.66,290.946,94.7,0.0168,4.554,54.015,0.0,50.2
2014-01-17,0.76,295.219,96.1,0.0,61.742,76.619,0.0,71.774
2014-01-16,0.79,296.505,96.5,0.0,61.312,41.48,0.0,36.818
2014-01-15,0.75,294.791,96.0,0.0008,30.794,40.706,0.0,36.055
2014-01-14,0.77,295.647,96.2,0.0,66.631,41.866,0.0,37.198
2014-01-13,0.72,293.508,95.5,0.0,53.824,34.047,0.0,29.996
2014-01-12,0.68,291.799,95.0,0.0,42.086,32.21,0.0,28.5
2014-01-11,0.66,290.946,94.7,0.0034,18.704,33.521,0.0,29.815
2014-01-10,0.69,292.226,95.1,0.0,133.433,192.881,0.0,188.699
2014-01-09,0.81,297.362,96.8,0.0004,189.632,194.6,0.0,191.574
2014-01-08,0.82,297.791,96.9,0.6846,94.358,59.631,0.0,58.631
2014-01-07,0.75,294.791,96.0,0.0,75.569,130.182,0.0,129.182
2014-01-06,0.86,299.51,97.5,0.0,117.597,82.816,0.0,81.037
2014-01-05,0.79,296.505,96.5,0.0,45.56,35.64,0.0,33.128
2014-01-04,0.77,295.647,96.2,0.0129,79.292,39.691,0.0,37.431
2014-01-03,0.69,292.226,95.1,0.0206,5.653,50.212,0.0,46.726
2014-01-02,0.78,296.076,96.4,0.0,35.305,35.305,0.0,32.718
2014-01-01,0.78,296.076,96.4,0.0024,81.766,91.691,0.0,88.041
2026-09-10,0.71,295.0024,96.03,0.0006,121.3,110.24,,
2026-09-09,0.6891,294.0468,95.72,0.0267,173.729,158.359,,
2026-09-08,0.66,292.7188,95.29,0.0061,110.061,190.632,,
2026-09-07,0.8118,299.6801,97.55,0.0271,189.943,182.685,,
2026-09-06,0.7982,299.053,97.35,0.2684,225.625,168.158,,
2026-09-05,0.69,294.0879,95.73,0.0449,257.217,296.253,,
2026-09-04,0.7636,297.4606,96.83,0.053,346.671,328.821,,
2026-09-03,0.73,295.9184,96.33,0.5534,562.164,572.783,,
2026-09-02,0.75,296.8359,96.63,3.2551,765.697,696.976,,
2026-09-01,0.62,290.8984,94.69,7.2544,1038.917,1171.708,,
2026-08-31,0.87,302.3716,98.43,12.1605,1002.227,1098.513,,
2026-08-30,1.0482,310.6907,101.14,32.6369,1582.668,1445.946,,
2026-08-29,0.7944,298.8779,97.29,15.2334,975.63,970.353,,
2026-08-28,0.7845,298.422,97.14,40.5585,485.112,488.043,,
2026-08-27,0.79,298.6752,97.23,10.2977,236.198,180.195,,
2026-08-26,0.6845,293.8366,95.65,0.0105,126.887,124.509,,
2026-08-25,0.68,293.6312,95.58,0.0093,142.157,216.549,,
2026-08-24,0.82,300.0586,97.68,0.1526,176.099,170.758,,
2026-08-23,0.81,299.5971,97.53,0.0244,239.854,234.517,,
2026-08-22,0.8,299.136,97.38,7.1918,267.689,219.847,,
2026-08-21,0.71,295.0024,96.03,7.7012,250.819,254.21,,
2026-08-20,0.7164,295.2954,96.13,2.4823,239.913,231.228,,
2026-08-19,0.7,294.545,95.88,2.9658,502.86,554.077,,
2026-08-18,0.7964,298.9701,97.32,6.9928,1172.557,1209.995,,
2026-08-17,0.8664,302.2047,98.37,16.9017,1174.551,1139.033,,
2026-08-16,0.8,299.136,97.38,51.9714,336.822,278.395,,
2026-08-15,0.69,294.0879,95.73,1.1322,60.078,49.51,,
2026-08-14,0.67,293.1748,95.43,0.0769,53.296,63.864,,
2026-08-13,0.69,294.0879,95.73,0.0958,68.179,82.155,,
2026-08-12,0.7164,295.2954,96.13,0.2068,87.02,77.858,,
2026-08-11,0.6991,294.5038,95.87,0.0004,96.689,93.303,,
2026-08-10,0.6927,294.2113,95.77,0.389,119.079,154.773,,
2026-08-09,0.76,297.2952,96.78,1.6501,113.774,69.623,,
2026-08-08,0.6767,293.4805,95.53,5.3153,170.224,153.235,,
2026-08-07,0.6445,292.0127,95.06,0.0,59.607,69.204,,
2026-08-06,0.6627,292.8419,95.33,0.0109,96.158,52.662,,
2026-08-05,0.58,289.0838,94.1,0.0183,50.958,48.6,,
2026-08-04,0.5755,288.8801,94.04,0.6059,34.24,57.6,,
2026-08-03,0.62,290.8984,94.69,0.0071,33.077,48.873,,
2026-08-02,0.65,292.2632,95.14,0.0323,119.365,135.199,,
2026-08-01,0.68,293.6312,95.58,0.0952,108.308,121.796,,
2026-07-31,0.7055,294.7965,95.96,0.143,215.618,218.001,,
2026-07-30,0.71,295.0024,96.03,0.0408,186.135,138.635,,
2026-07-29,0.62,290.8984,94.69,0.0291,100.356,121.425,,
2026-07-28,0.66,292.7188,95.29,0.0399,133.581,154.718,,
2026-07-27,0.7,294.545,95.88,0.0402,216.769,216.769,,
2026-07-26,0.7,294.545,95.88,1.3683,252.911,274.115,,
2026-07-25,0.74,296.377,96.48,0.0047,233.418,219.893,,
2026-07-24,0.7145,295.2084,96.1,0.0827,222.906,204.651,,
2026-07-23,0.68,293.6312,95.58,0.6487,306.847,306.848,,
2026-07-22,0.68,293.6312,95.58,2.5389,398.873,393.591,,
2026-07-21,0.67,293.1748,95.43,0.7832,845.492,846.442,,
2026-07-20,0.6718,293.2569,95.46,4.799,2059.554,2138.277,,
2026-07-19,0.82,300.0586,97.68,25.2119,1135.093,1020.821,,
2026-07-18,0.6043,290.1855,94.46,15.8472,681.309,710.629,,
2026-07-17,0.66,292.7188,95.29,26.9339,280.556,306.987,,
2026-07-16,0.71,295.0024,96.03,0.0004,167.883,130.909,,
2026-07-15,0.64,291.8079,94.99,2.5234,119.724,138.449,,
2026-07-14,0.6755,293.4257,95.52,0.6275,263.432,271.096,,
2026-07-13,0.69,294.0879,95.73,0.1617,273.16,267.874,,
2026-07-12,0.68,293.6312,95.58,0.0758,207.188,191.355,,
2026-07-11,0.65,292.2632,95.14,0.0016,370.541,334.215,,
2026-07-10,0.5809,289.1246,94.12,0.5247,1486.115,1427.763,,
2026-07-09,0.4691,284.083,92.48,23.5182,660.37,714.74,,
2026-07-08,0.5733,288.7805,94.0,9.1834,315.993,346.662,,
2026-07-07,0.6317,291.4303,94.87,16.3965,327.356,303.554,,
2026-07-06,0.5864,289.3738,94.2,1.6517,168.101,224.091,,
2026-07-05,0.6927,294.2113,95.77,7.6538,224.115,228.453,,
2026-07-04,0.7009,294.5861,95.89,0.5571,191.821,159.666,,
2026-07-03,0.64,291.8079,94.99,0.9093,228.682,252.691,,
2026-07-02,0.6855,293.8823,95.67,1.8223,234.131,257.697,,
2026-07-01,0.73,295.9184,96.33,10.4315,280.981,256.41,,
2026-06-30,0.6836,293.7955,95.64,0.0,153.652,137.814,,
2026-06-29,0.6536,292.4271,95.19,0.0077,147.996,152.796,,
2026-06-28,0.6627,292.8419,95.33,0.0,169.207,173.06,,
2026-06-27,0.67,293.1748,95.43,0.0,162.661,139.681,,
2026-06-26,0.6264,291.1893,94.79,0.3554,165.289,189.22,,
2026-06-25,0.6718,293.2569,95.46,0.6403,154.822,141.897,,
2026-06-24,0.6473,292.1402,95.1,0.1557,150.09,177.923,,
2026-06-23,0.7,294.545,95.88,0.0496,224.103,314.689,,
2026-06-22,0.87,302.3716,98.43,0.246,353.35,299.915,,
2026-06-21,0.77,297.7548,96.93,0.0565,546.051,530.104,,
2026-06-20,0.74,296.377,96.48,37.0945,701.002,570.047,,
2026-06-19,0.4909,285.0625,92.79,8.3945,65.321,172.69,,
2026-06-18,0.6955,294.3392,95.81,1.6837,145.854,181.502,,
2026-06-17,0.7627,297.4192,96.82,3.8217,122.158,152.706,,
2026-06-16,0.82,300.0586,97.68,0.0008,94.984,94.984,,
2026-06-15,0.82,300.0586,97.68,0.0176,112.07,128.12,,
2026-06-14,0.85,301.4453,98.13,0.0245,121.165,77.972,,
2026-06-13,0.7691,297.7134,96.91,0.0,156.394,194.233,,
2026-06-12,0.84,300.9827,97.98,0.0,100.28,105.635,,
2026-06-11,0.85,301.4453,98.13,0.0148,113.899,97.85,,
2026-06-10,0.82,300.0586,97.68,0.0762,132.532,127.191,,
2026-06-09,0.81,299.5971,97.53,0.0622,158.554,131.912,,
2026-06-08,0.76,297.2952,96.78,2.0269,143.383,116.846,,
2026-06-07,0.71,295.0024,96.03,0.0095,164.096,195.952,,
2026-06-06,0.77,297.7548,96.93,0.0006,159.95,151.228,,
2026-06-05,0.7536,297.0012,96.68,0.0955,205.023,187.187,,
2026-06-04,0.72,295.4602,96.18,0.0574,213.221,212.267,,
2026-06-03,0.7182,295.3778,96.15,0.0605,224.748,222.787,,
2026-06-02,0.7145,295.2084,96.1,6.496,252.307,235.003,,
2026-06-01,0.6818,293.7133,95.61,0.1226,167.522,227.884,,
2026-05-31,0.7955,298.9286,97.31,0.0,217.219,192.998,,
2026-05-30,0.75,296.8359,96.63,0.0088,267.435,283.395,,
2026-05-29,0.78,298.2148,97.08,0.0063,348.133,348.133,,
2026-05-28,0.78,298.2148,97.08,0.3237,413.684,381.325,,
2026-05-27,0.7191,295.419,96.17,7.6743,521.777,464.198,,
2026-05-26,0.61,290.4442,94.55,8.9676,349.528,360.046,,
2026-05-25,0.63,291.353,94.84,0.0174,197.898,210.33,,
2026-05-24,0.6536,292.4271,95.19,0.0,435.099,419.772,,
2026-05-23,0.6245,291.1029,94.76,0.077,467.759,397.379,,
2026-05-22,0.49,285.0221,92.78,0.0868,849.289,1001.983,,
2026-05-21,0.78,298.2148,97.08,7.7605,1482.482,1541.33,,
2026-05-20,0.89,303.2993,98.73,67.8491,388.9,313.614,,
2026-05-19,0.7491,296.7946,96.61,0.0288,132.381,127.548,,
2026-05-18,0.74,296.377,96.48,0.0038,103.263,107.619,,
2026-05-17,0.7482,296.7533,96.6,0.0,131.44,137.712,,
2026-05-16,0.76,297.2952,96.78,0.0,92.996,87.68,,
2026-05-15,0.75,296.8359,96.63,0.0003,106.692,101.381,,
2026-05-14,0.74,296.377,96.48,0.0049,138.558,143.87,,
2026-05-13,0.75,296.8359,96.63,0.0424,154.094,138.172,,
2026-05-12,0.72,295.4602,96.18,2.9669,167.762,175.984,,
2026-05-11,0.7355,296.1706,96.41,0.0215,163.363,170.585,,
2026-05-10,0.7491,296.7946,96.61,0.008,138.537,128.396,,
2026-05-09,0.73,295.9184,96.33,0.0,114.334,103.732,,
2026-05-08,0.71,295.0024,96.03,0.2565,168.43,184.339,,
2026-05-07,0.74,296.377,96.48,0.0527,205.731,226.044,,
2026-05-06,0.7782,298.132,97.05,0.0007,167.816,171.705,,
2026-05-05,0.7855,298.468,97.16,0.0,174.629,161.055,,
2026-05-04,0.76,297.2952,96.78,0.3514,208.003,197.376,,
2026-05-03,0.74,296.377,96.48,12.1014,228.564,186.699,,
2026-05-02,0.6609,292.7598,95.3,0.0063,141.729,199.541,,
2026-05-01,0.77,297.7548,96.93,3.9284,129.57,136.812,,
2026-04-30,0.7836,298.3805,97.13,0.2535,139.904,116.715,,
2026-04-29,0.74,296.377,96.48,0.008,76.962,92.909,,
2026-04-28,0.77,297.7548,96.93,0.0166,159.326,148.69,,
2026-04-27,0.75,296.8359,96.63,0.0438,147.791,158.427,,
2026-04-26,0.77,297.7548,96.93,0.0089,116.865,127.518,,
2026-04-25,0.79,298.6752,97.23,0.0,166.962,172.295,,
2026-04-24,0.8,299.136,97.38,0.0,154.939,157.873,,
2026-04-23,0.8055,299.3895,97.46,0.0333,183.039,148.172,,
2026-04-22,0.74,296.377,96.48,0.0812,168.087,178.715,,
2026-04-21,0.76,297.2952,96.78,0.0108,209.663,228.568,,
2026-04-20,0.7955,298.9286,97.31,0.0459,296.297,295.283,,
2026-04-19,0.7936,298.841,97.28,0.0117,322.909,294.39,,
2026-04-18,0.74,296.377,96.48,3.4346,364.796,338.302,,
2026-04-17,0.69,294.0879,95.73,6.969,259.881,275.764,,
2026-04-16,0.72,295.4602,96.18,0.0237,247.185,274.701,,
2026-04-15,0.7718,297.8376,96.95,0.0058,320.592,301.776,,
2026-04-14,0.7364,296.2119,96.42,0.0132,284.741,307.923,,
2026-04-13,0.78,298.2148,97.08,0.0,331.462,257.308,,
2026-04-12,0.64,291.8079,94.99,0.0,250.089,272.618,,
2026-04-11,0.6827,293.7544,95.62,0.0009,329.391,320.782,,
2026-04-10,0.6664,293.0106,95.38,1.1961,416.124,349.27,,
2026-04-09,0.5391,287.2344,93.5,15.4512,383.673,447.15,,
2026-04-08,0.66,292.7188,95.29,0.0244,413.1,414.999,,
2026-04-07,0.6636,292.8829,95.34,0.0418,419.112,486.152,,
2026-04-06,0.79,298.6752,97.23,6.7332,672.141,624.813,,
2026-04-05,0.7009,294.5861,95.89,0.0105,772.993,840.34,,
2026-04-04,0.8275,300.4049,97.79,36.7989,679.982,631.928,,
2026-04-03,0.7373,296.2531,96.44,0.9328,196.112,197.546,,
2026-04-02,0.74,296.377,96.48,1.2523,163.043,152.432,,
2026-04-01,0.72,295.4602,96.18,1.2283,191.0,179.93,,
2026-03-31,0.6991,294.5038,95.87,15.1123,123.99,168.273,,
2026-03-30,0.7825,298.3299,97.11,12.5124,68.221,61.565,,
2026-03-29,0.77,297.7548,96.93,0.0,71.103,44.545,,
2026-03-28,0.72,295.4602,96.18,0.0,42.96,58.882,,
2026-03-27,0.75,296.8359,96.63,0.0038,64.934,64.934,,
2026-03-26,0.75,296.8359,96.63,0.0,46.208,43.817,,
2026-03-25,0.7455,296.6293,96.56,0.034,65.732,73.439,,
2026-03-24,0.76,297.2952,96.78,0.0,61.6,63.994,,
2026-03-23,0.7645,297.502,96.84,0.0,60.049,57.656,,
2026-03-22,0.76,297.2952,96.78,0.0,56.289,56.289,,
2026-03-21,0.76,297.2952,96.78,0.0,48.716,50.151,,
2026-03-20,0.7627,297.4192,96.82,0.0076,77.089,70.337,,
2026-03-19,0.75,296.8359,96.63,0.027,59.986,70.622,,
2026-03-18,0.77,297.7548,96.93,5.3689,68.262,52.315,,
2026-03-17,0.74,296.377,96.48,0.0,49.171,49.171,,
2026-03-16,0.74,296.377,96.48,0.0,67.655,62.825,,
2026-03-15,0.7309,295.9597,96.34,0.0,75.73,93.581,,
2026-03-14,0.7645,297.502,96.84,0.0,62.337,61.379,,
2026-03-13,0.7627,297.4192,96.82,0.0313,74.986,68.234,,
2026-03-12,0.75,296.8359,96.63,0.0827,76.469,81.785,,
2026-03-11,0.76,297.2952,96.78,0.0,74.373,74.373,,
2026-03-10,0.76,297.2952,96.78,0.0,84.598,89.918,,
2026-03-09,0.77,297.7548,96.93,0.001,84.163,78.843,,
2026-03-08,0.76,297.2952,96.78,0.0,91.304,87.902,,
2026-03-07,0.7536,297.0012,96.68,0.0268,109.038,112.441,,
2026-03-06,0.76,297.2952,96.78,1.2301,135.577,135.098,,
2026-03-05,0.7591,297.2538,96.76,0.8407,123.651,123.173,,
2026-03-04,0.7582,297.2125,96.75,0.0654,206.815,166.315,,
2026-03-03,0.6818,293.7133,95.61,0.7335,144.156,170.632,,
2026-03-02,0.7318,296.0009,96.35,17.7888,89.843,101.42,,
2026-03-01,0.7536,297.0012,96.68,0.0,83.186,86.589,,
2026-02-28,0.76,297.2952,96.78,0.031,95.504,90.188,,
2026-02-27,0.75,296.8359,96.63,1.4556,107.264,107.742,,
2026-02-26,0.7509,296.8772,96.64,0.0109,82.283,81.805,,
2026-02-25,0.75,296.8359,96.63,1.6513,131.348,158.45,,
2026-02-24,0.8009,299.1775,97.39,11.7414,94.377,61.964,,
2026-02-23,0.74,296.377,96.48,0.0,53.672,69.619,,
2026-02-22,0.77,297.7548,96.93,0.071,90.626,94.991,,
2026-02-21,0.7782,298.132,97.05,0.0,90.124,91.082,,
2026-02-20,0.78,298.2148,97.08,0.0,95.758,90.433,,
2026-02-19,0.77,297.7548,96.93,0.0004,91.562,85.285,,
2026-02-18,0.7582,297.2125,96.75,0.0139,63.314,69.591,,
2026-02-17,0.77,297.7548,96.93,0.0,75.07,69.75,,
2026-02-16,0.76,297.2952,96.78,0.0,66.118,66.118,,
2026-02-15,0.76,297.2952,96.78,0.0,67.808,46.57,,
2026-02-14,0.72,295.4602,96.18,0.0,74.957,85.568,,
2026-02-13,0.74,296.377,96.48,0.0,88.657,88.657,,
2026-02-12,0.74,296.377,96.48,0.0,79.05,84.362,,
2026-02-11,0.75,296.8359,96.63,0.031,91.886,113.174,,
2026-02-10,0.79,298.6752,97.23,0.0046,79.501,74.172,,
2026-02-09,0.78,298.2148,97.08,0.0055,81.792,76.467,,
2026-02-08,0.77,297.7548,96.93,0.0008,72.919,75.315,,
2026-02-07,0.7745,297.9618,96.99,0.0,87.215,83.383,,
2026-02-06,0.7673,297.6307,96.89,0.0,66.909,57.71,,
2026-02-05,0.75,296.8359,96.63,0.0,70.652,81.288,,
2026-02-04,0.77,297.7548,96.93,0.0,72.028,72.028,,
2026-02-03,0.77,297.7548,96.93,0.0,68.082,59.36,,
2026-02-02,0.7536,297.0012,96.68,0.3025,91.226,84.002,,
2026-02-01,0.74,296.377,96.48,0.0133,49.013,55.281,,
2026-01-31,0.7518,296.9185,96.65,0.0,107.314,116.993,,
2026-01-30,0.77,297.7548,96.93,0.009,91.895,95.302,,
2026-01-29,0.7764,298.0492,97.02,0.0,70.903,62.176,,
2026-01-28,0.76,297.2952,96.78,0.0066,70.77,76.09,,
2026-01-27,0.77,297.7548,96.93,0.0067,62.615,51.979,,
2026-01-26,0.75,296.8359,96.63,0.0206,64.122,53.503,,
2026-01-25,0.73,295.9184,96.33,0.0,58.04,79.294,,
2026-01-24,0.77,297.7548,96.93,0.0245,90.476,74.529,,
2026-01-23,0.74,296.377,96.48,0.0058,53.675,54.631,,
2026-01-22,0.7418,296.4596,96.5,0.0109,92.026,95.426,,
2026-01-21,0.7482,296.7533,96.6,0.034,100.134,121.419,,
2026-01-20,0.7882,298.5923,97.2,0.0,82.913,94.062,,
2026-01-19,0.8091,299.5556,97.51,0.0169,84.431,58.269,,
2026-01-18,0.76,297.2952,96.78,0.0,67.294,77.938,,
2026-01-17,0.78,298.2148,97.08,0.0,89.615,87.219,,
2026-01-16,0.7755,298.0078,97.01,0.0,102.157,104.553,,
2026-01-15,0.78,298.2148,97.08,0.0012,85.874,59.295,,
2026-01-14,0.73,295.9184,96.33,0.0094,60.732,76.667,,
2026-01-13,0.76,297.2952,96.78,0.1499,98.68,119.986,,
2026-01-12,0.8,299.136,97.38,0.0126,98.21,93.357,,
2026-01-11,0.7909,298.7167,97.24,0.1094,80.437,74.628,,
2026-01-10,0.78,298.2148,97.08,0.821,89.276,78.632,,
2026-01-09,0.76,297.2952,96.78,0.0726,92.117,92.117,,
2026-01-08,0.76,297.2952,96.78,0.007,73.673,78.993,,
2026-01-07,0.77,297.7548,96.93,0.0305,80.095,69.459,,
2026-01-06,0.75,296.8359,96.63,0.0,65.301,59.512,,
2026-01-05,0.7391,296.3357,96.46,0.0034,84.393,79.563,,
2026-01-04,0.73,295.9184,96.33,0.0514,97.718,122.859,,
2026-01-03,0.7773,298.0906,97.04,0.0208,86.127,71.605,,
2026-01-02,0.75,296.8359,96.63,0.0088,58.967,48.826,,
2026-01-01,0.7309,295.9597,96.34,0.0101,74.569,111.332,,
2025-12-31,0.8,299.136,97.38,0.0,107.278,96.616,,
2025-12-30,0.78,298.2148,97.08,0.0249,89.361,73.401,,
2025-12-29,0.75,296.8359,96.63,0.2314,87.756,82.445,,
2025-12-28,0.74,296.377,96.48,0.0417,99.357,120.628,,
2025-12-27,0.78,298.2148,97.08,0.0074,117.526,119.924,,
2025-12-26,0.7845,298.422,97.14,0.0181,75.266,83.05,,
2025-12-25,0.7991,299.0945,97.36,0.1284,97.554,75.772,,
2025-12-24,0.7582,297.2125,96.75,2.4153,114.021,120.298,,
2025-12-23,0.77,297.7548,96.93,0.8549,89.741,106.207,,
2025-12-22,0.8009,299.1775,97.39,0.0002,85.706,58.605,,
2025-12-21,0.75,296.8359,96.63,0.0191,55.648,53.735,,
2025-12-20,0.7464,296.6706,96.57,0.1818,116.602,125.266,,
2025-12-19,0.7627,297.4192,96.82,0.0315,70.042,63.29,,
2025-12-18,0.75,296.8359,96.63,0.0,91.243,112.531,,
2025-12-17,0.79,298.6752,97.23,0.1759,126.887,100.287,,
2025-12-16,0.74,296.377,96.48,0.0118,94.873,110.341,,
2025-12-15,0.7691,297.7134,96.91,0.0316,119.679,120.158,,
2025-12-14,0.77,297.7548,96.93,0.1924,122.754,122.754,,
2025-12-13,0.77,297.7548,96.93,5.768,95.612,95.612,,
2025-12-12,0.77,297.7548,96.93,0.0241,108.002,86.747,,
2025-12-11,0.73,295.9184,96.33,1.044,65.054,135.828,,
2025-12-10,0.8627,302.0333,98.32,0.0001,91.99,90.542,,
2025-12-09,0.86,301.9082,98.28,0.0,111.855,89.004,,
2025-12-08,0.8173,299.9339,97.64,0.0122,57.914,43.345,,
2025-12-07,0.79,298.6752,97.23,0.0,144.676,150.009,,
2025-12-06,0.8,299.136,97.38,0.0126,108.68,82.059,,
2025-12-05,0.75,296.8359,96.63,0.0004,105.919,112.67,,
2025-12-04,0.7627,297.4192,96.82,0.0682,101.651,100.215,,
2025-12-03,0.76,297.2952,96.78,0.0126,63.297,100.146,,
2025-12-02,0.8291,300.4789,97.81,0.0067,113.784,92.908,,
2025-12-01,0.79,298.6752,97.23,0.0,108.614,100.357,,
2025-11-30,0.7745,297.9618,96.99,0.0,113.419,121.676,,
2025-11-29,0.79,298.6752,97.23,0.0,114.399,125.069,,
2025-11-28,0.81,299.5971,97.53,0.0005,113.769,91.489,,
2025-11-27,0.7682,297.6721,96.9,1.2739,118.434,98.137,,
2025-11-26,0.73,295.9184,96.33,0.0094,91.474,139.393,,
2025-11-25,0.82,300.0586,97.68,2.6456,118.819,140.227,,
2025-11-24,0.86,301.9082,98.28,0.0034,109.515,77.429,,
2025-11-23,0.8,299.136,97.38,0.0,119.291,119.291,,
2025-11-22,0.8,299.136,97.38,0.0,155.758,161.095,,
2025-11-21,0.81,299.5971,97.53,0.0359,115.112,115.112,,
2025-11-20,0.81,299.5971,97.53,0.2292,137.845,127.175,,
2025-11-19,0.79,298.6752,97.23,0.0071,89.495,55.201,,
2025-11-18,0.7255,295.7122,96.26,0.0,112.883,175.329,,
2025-11-17,0.8427,301.1075,98.02,0.0055,146.924,129.442,,
2025-11-16,0.81,299.5971,97.53,0.0137,103.195,69.802,,
2025-11-15,0.7473,296.7119,96.59,0.0,106.552,112.823,,
2025-11-14,0.7591,297.2538,96.76,0.0,124.325,114.177,,
2025-11-13,0.74,296.377,96.48,0.0095,130.992,128.603,,
2025-11-12,0.7355,296.1706,96.41,0.0211,164.372,168.194,,
2025-11-11,0.7427,296.5008,96.52,0.0147,135.222,119.309,,
2025-11-10,0.7127,295.126,96.07,0.0094,221.483,234.051,,
2025-11-09,0.7364,296.2119,96.42,6.112,176.708,170.66,,
2025-11-08,0.725,295.6893,96.25,4.1173,186.849,187.591,,
2025-11-07,0.7264,295.7534,96.27,0.0206,133.607,138.435,,
