老磊,家阿贸府樊(沛/老),ph,bod,cod,ss,tn,tp
20260911,23505,null,null,null,null,null,0
20260910,23173,null,null,null,2.0,9.163,0
20260909,23260,null,1.1,null,1.8,8.772,0
20260908,23408,null,0.7,null,1.8,9.083,0
20260907,23596,null,2.7,null,1.9,9.845,0
20260906,24263,null,1.3,null,1.3,7.066,0
20260905,24230,null,2.1,null,1.4,8.654,0
20260904,24149,null,2.6,null,1.3,7.761,0
20260903,25475,null,1.7,null,1.2,7.226,0
20260902,26012,null,1.1,null,1.3,7.166,0
20260901,27329,null,0.9,null,5.2,6.970,0
20260831,30303,7,2.5,6.5,2.6,6.557,0.106
20260830,29137,7,1.5,6.6,1.5,7.486,0.097
20260829,33394,7.1,4.3,6,1.4,5.559,0.086
20260828,31059,6.9,5.7,7.5,1.6,8.785,0.095
20260827,24458,7,3.2,7.2,1.3,7.926,0.107
20260826,24502,7,1.4,7.1,1.2,7.279,0.106
20260825,24165,7,1.4,7.4,1.2,8.210,0.122
20260824,24162,6.9,3.3,7.4,1.2,7.934,0.166
20260823,24991,7,2.9,7,1.1,8.508,0.138
20260822,25049,7,6.1,6.9,1.1,8.066,0.126
20260821,25268,7,2.5,6.8,1.4,7.965,0.135
20260820,26258,7,5.3,6.7,1.7,7.268,0.146
20260819,27760,7,1.6,6.3,3.8,6.479,0.214
20260818,32697,6.9,2.1,6.1,3.4,6.954,0.217
20260817,36267,6.8,2.4,6.5,2.8,6.858,0.179
20260816,28780,6.8,1.3,8,2.0,9.599,0.171
20260815,23277,6.9,2.9,7.7,1.4,8.870,0.1620
20260814,23030,6.9,2.3,6.5,1.1,8.403,0.119
20260813,23798,7,2.1,6.5,1.1,8.403,0
20260812,23030,7,2.4,6.5,1.1,8.403,0.119
20260811,22753,6.9,1.2,6.5,1.1,8.403,0.119
20260810,23502,6.9,2.9,6.5,1.1,8.403,0.119
20260809,24210,7,1.6,6.5,1.1,8.403,0.119
20260808,23197,7,1.6,6.9,1.2,8.542,0.201
20260807,23400,7.1,2.3,6.9,1.3,10.290,0.25
20260806,23096,7.1,1.9,6.9,1.3,8.251,0
20260805,23141,7,2.3,6.7,1.4,8.563,0.186
20260804,23004,7,1.4,6.7,1.6,9.942,0.136
20260803,22893,6.9,6.7,6.8,1.4,9.586,0.165
20260802,23069,7,1.2,6.4,1.1,10.006,0.135
20260801,22905,7,1.2,6.3,1.0,10.166,0.1540
20260731,22542,6.9,2.0,6.3,1.2,9.692,0.191
20260730,23773,6.9,1.9,6.5,1.3,9.641,0.153
20260729,22424,7,2.1,6.5,1.3,10.578,0.150
20260728,23261,6.9,2.1,6.5,1.3,9.796,0.237
20260727,23143,6.8,3.4,6.3,1.3,9.671,0.139
20260726,23805,6.8,2.0,6.2,1.2,9.655,0.181
20260725,24043,7,1.8,6.2,1.3,8.775,0.172
20260724,23173,6.9,2.6,6.3,1.4,8.463,0.168
20260723,23832,6.9,2.8,6.2,1.4,8.484,0.304
20260722,23993,6.9,1.9,6.5,1.6,8.392,0.097
20260721,23797,6.9,3.8,6.4,2.7,10.704,0.092
20260720,23843,6.8,4.8,6.7,2.4,11.290,0.094
20260719,23286,6.9,5.4,6.5,1.6,12.051,0.106
20260718,23330,6.9,3.6,6.7,1.8,12.406,0.126
20260717,23929,6.9,5.5,6.7,1.8,11.123,0.1400
20260716,23453,6.9,4.5,7.1,1.9,11.483,0.702
20260715,23986,6.9,5.9,7.4,2.1,11.483,0.702
20260714,23497,6.9,2.7,7.6,2.3,11.483,0.702
20260713,24637,6.6,5.8,8.5,3.2,11.483,0.702
20260712,23527,6.8,4.0,8.4,2.6,11.483,0.702
20260711,24517,6.8,2.8,8.6,2.8,11.483,0.702
20260710,24339,6.9,1.2,9.1,3.4,11.483,0.702
20260709,24033,6.7,1.9,7.7,2.3,11.483,0.702
20260708,24107,6.8,1.9,8.3,2.9,9.780,0.91
20260707,24104,6.7,1.7,8.3,3.0,11.767,0.671
20260706,23896,6.4,2.2,7.2,2.3,11.320,0.377
20260705,23977,6.5,1.7,6.2,1.8,12.026,0.445
20260704,24498,6.9,1.5,7,1.7,9.660,0.572
20260703,24216,6.9,1.8,6.2,1.8,9.273,0.246
20260702,25026,7,2.3,5.6,1.6,6.660,0.119
20260701,28456,6.7,2.0,6.7,1.9,9.977,0.226
20260630,23174,6.7,1.7,7,1.8,11.219,0.376
20260629,22977,6.7,2.1,6.5,1.6,10.384,0.155
20260628,23482,6.8,1.3,6.3,1.4,10.309,0.145
20260627,23470,6.8,1.6,6.4,1.4,10.372,0.151
20260626,24341,6.8,2.6,6.5,1.7,11.189,0.583
20260625,25154,6.8,3.6,6.3,1.4,9.736,0.507
20260624,23440,6.8,2.2,6.2,1.4,10.773,0.561
20260623,22888,6.9,2.2,5.4,2.2,12.168,0.393
20260622,23471,6.8,2.4,5.7,1.1,11.552,0.502
20260621,24966,6.9,2.1,5.2,0.8,8.435,0.261
20260620,31278,68,2.7,6.6,1.5,9.460,0.430
20260619,23876,6.9,3.5,6.5,0.9,10.938,0.196
20260618,23418,6.8,3.2,6.7,1.2,10.499,0.1480
20260617,22519,6.8,3.0,6.8,1.3,10.862,0.172
20260616,21848,6.6,2.1,7.2,2.0,11.345,0.216
20260615,22325,6.6,3.1,7.4,1.8,11.930,0.236
20260614,23400,6.7,2.0,7,1.4,11.954,0.178
20260613,22196,6.7,2.1,7.2,1.4,11.093,0.214
20260612,23274,6.7,2.5,7.6,2.1,11.381,0.267
20260611,22642,6.7,2.1,7.7,1.8,11.391,0.216
20260610,23415,6.7,1.6,7.8,1.7,10.809,0.347
20260609,23104,6.5,1.2,7.6,1.4,11.589,0.382
20260608,22019,6.5,2.5,7.8,1.7,12.703,0.352
20260607,22790,6.7,1.3,7.2,1.1,11.846,0.2
20260606,22786,6.7,1.8,6.6,0.9,9.261,0.276
20260605,23457,6.8,2.1,6.2,1.0,9.288,0.266
20260604,22819,6.7,1.9,6.3,1.0,10.081,0.210
20260603,24313,6.8,1.8,6,0.9,9.669,0.204
20260602,24492,6.7,1.7,6.7,1.0,9.653,0.3830
20260601,23638,6.6,2.4,6.4,0.9,8.874,0.410
20260531,24070,6.7,2.1,6.1,0.9,9.950,0.485
20260530,25128,6.7,1.0,5.7,0.7,8.881,0.409
20260529,25964,6.8,1.9,5.6,0.8,6.979,0.282
20260528,27012,6.8,2.1,5.4,1.2,5.881,0.184
20260527,32620,6.8,1.7,6.6,1.5,8.409,0.627
20260526,24617,6.9,2.1,6.1,1.9,9.301,0.43
20260525,24708,7.3,2.5,6.2,1.5,8.919,0.392
20260524,23643,6.8,2.1,6.5,1.2,10.734,0.425
20260523,23605,6.8,1.7,6.4,1.1,8.336,0.281
20260522,25145,6.9,2.3,6.7,1.6,8.050,0.229
20260521,28689,6.7,2.7,7,1.7,7.057,0.223
20260520,26690,6.8,1.9,7.3,1.5,9.303,0.185
20260519,23395,6.7,1.6,7.4,1.8,10.321,0.2110
20260518,23461,6.6,2.3,7.6,2.0,10.717,0.16
20260517,24363,6.7,1.6,7.3,1.7,11.378,0.153
20260516,22604,6.7,1.5,7.1,1.7,9.426,0.185
20260515,23599,6.7,1.4,7.4,1.5,8.732,0.19
20260514,23653,6.8,2.1,6.9,1.4,10.118,0.132
20260513,23903,6.7,1.4,6.9,1.4,11.403,0.153
20260512,23488,6.7,1.4,5.6,0.9,12.912,0.222
20260511,23259,6.6,2.2,5.9,1.4,13.157,0.154
20260510,23634,6.7,1.4,5.6,1.2,13.041,0.121
20260509,23370,6.7,2.3,5.6,1.1,12.111,0.134
20260508,22922,6.7,1.3,5.4,1.0,10.953,0.16
20260507,23234,6.7,2.4,5.7,1.1,11.055,0.393
20260506,23774,6.6,1.6,5.4,1.1,9.132,0.198
20260505,23614,6.7,1.3,5.5,1.4,8.488,0.157
20260504,23351,6.6,1.6,5.6,1.6,9.534,0.17
20260503,25709,6.8,1.0,5.6,1.1,9.153,0.171
20260502,22613,6.7,1.3,5.7,1.2,9.087,0.209
20260501,23066,6.8,2.1,5.6,1.1,8.229,0.1970
20260430,23446,6.7,1.4,5.7,1.1,8.263,0.342
20260429,22395,6.7,1.8,5.6,1.1,7.983,0.372
20260428,23213,6.5,2.0,5.7,2.0,8.835,0.535
20260427,23487,6.3,2.2,5,1.1,8.916,0.579
20260426,23711,6.4,1.4,4.8,1.0,8.909,0.444
20260425,22861,6.4,1.9,4.7,1.0,8.738,0.97
20260424,23635,6.5,2.7,5.2,1.1,8.772,0.905
20260423,22742,6.7,2.8,5.5,1.1,8.357,0.209
20260422,22306,6.7,2.6,5.6,1.2,7.928,0.151
20260421,22995,6.7,2.1,5.6,1.2,8.033,0.176
20260420,23943,6.6,2.9,5.8,1.6,8.676,0.127
20260419,25167,6.7,3.5,5.6,1.3,7.546,0.1010
20260418,25801,6.7,3.1,5.7,1.4,7.887,0.083
20260417,24166,6.7,4.0,5.6,1.3,8.535,0.117
20260416,24022,6.7,4.4,5.8,1.8,8.294,0.103
20260415,24521,6.7,5.3,6,1.8,8.213,0.101
20260414,23932,6.7,2.7,6.2,1.7,9.469,0.119
20260413,24017,6.6,3.8,6.4,2.3,8.456,0.167
20260412,25309,6.7,3.2,6.1,2.3,7.874,0.084
20260411,26245,6.7,2.7,5.9,2.5,6.372,0.086
20260410,27458,6.7,4.8,5.2,3.2,8.702,0.11
20260409,26717,6.7,5.8,5,2.9,8.802,0.095
20260408,24704,6.8,5.0,5,3.0,7.029,0.093
20260407,24901,7.5,3.8,5.5,1.0,9.159,0.084
20260406,25103,7.4,5.9,5.1,1.5,7.519,0.074
20260405,27600,7.5,7.8,4.9,1.7,6.334,0.065
20260404,33508,7.3,3.0,7.5,4.2,9.026,0.087
20260403,24323,7.4,5.9,7.7,2.7,9.862,0.091
20260402,23538,7.3,5.5,6.1,2.6,9.072,0.101
20260401,23257,7.3,5.0,6.6,2.9,10.056,0.1150
20260331,26392,6.8,4.6,7.6,2.9,11.805,0.181
20260330,23977,7,4.4,7.2,3.2,12.802,0.113
20260329,23163,6.9,2.7,6.5,3.2,11.112,0.075
20260328,22913,7,3.9,6.9,3.5,10.201,0.055
20260327,23012,7,5.9,7,4.3,10.768,0.062
20260326,23270,6.8,6.3,6.6,4.6,11.239,0.052
20260325,22633,6.9,6.9,7.2,5.0,11.169,0.075
20260324,23312,6.4,4.6,6.4,4.4,13.423,0.078
20260323,23392,6.3,5.3,7.8,5.5,13.418,0.09
20260322,24128,7.1,2.5,7.2,3.8,12.893,0.128
20260321,23080,7.1,4.1,7.9,5.3,10.321,0.074
20260320,22312,7.2,6.3,7.8,4.7,10.133,0.173
20260319,23321,7.3,2.4,8.2,4.5,11.280,0.1450
20260318,22536,7.3,4.5,8.1,4.2,10.655,0.132
20260317,22408,7.2,3.4,8.4,4.2,11.617,0.145
20260316,22457,7.3,2.8,8.4,3.6,12.292,0.117
20260315,22706,7.3,3.2,8.4,3.7,11.173,0.102
20260314,22938,7,3.7,6.5,4.1,9.936,0.172
20260313,22290,7.1,4.2,6.8,3.4,9.483,0.106
20260312,22136,7.3,3.8,7.4,3.4,9.332,0.098
20260311,24097,7.4,4.4,6.4,1.4,10.649,0.086
20260310,22620,7.1,2.4,6.9,3.4,10.940,0.107
20260309,22675,7.1,2.9,7.3,3.1,7.161,0.115
20260308,22103,7.3,7.2,7,2.8,10.221,0.099
20260307,22631,7.3,2.6,6.9,2.8,9.557,0.089
20260306,22883,7.2,4.1,6.7,2.9,10.267,0.191
20260305,22768,7.2,3.8,6.6,2.9,8.928,0.169
20260304,22941,7.2,3.8,6,2.3,9.515,0.104
20260303,25779,7.1,2.4,7.4,3.2,10.797,0.161
20260302,24337,7.1,3.1,6.8,2.3,11.704,0.1
20260301,21726,7.2,2.2,6.8,2.5,11.545,0.960
20260228,22345,7.2,2.4,6.9,2.6,10.339,0
20260227,23026,7.1,2.3,7.3,3.1,9.839,0.104
20260226,22222,7.2,1.7,6.3,2.7,9.933,0.091
20260225,23672,7.2,3.7,6.6,2.7,9.379,0
20260224,23293,7.2,3.4,7.0,2.6,9.972,0
20260223,21482,7.1,2.3,7.4,2.7,9.431,0.145
20260222,22696,7.2,1.8,6.6,2.3,11.801,0.131
20260221,22160,7.1,2.5,6.7,2.6,10.205,0.105
20260220,21749,7.1,3.8,7.1,2.6,10.621,0.126
20260219,22258,7,2.9,7.7,2.9,11.786,0
20260218,21297,7,4.2,6.9,2.1,11.530,0.125
20260217,19374,7,2.5,7.4,2.6,10.447,0.136
20260216,21851,7.1,3.9,7.7,2.3,9.230,0.134
20260215,22585,7.1,4.5,7.7,2.7,7.750,0
20260214,23129,7.2,4.8,7.5,2.4,7.434,0.109
20260213,22648,7.1,4.4,7.1,2.7,7.951,0.118
20260212,22707,7.1,3.1,7.3,2.8,8.194,0.115
20260211,22242,7,4.1,7.6,2.9,7.872,0.113
20260210,22797,7,2.9,7.9,3.0,10.247,0.156
20260209,22755,6.9,3.8,8.2,3.5,10.126,0.161
20260208,22818,7,4.1,8.1,3.1,9.870,0.144
20260207,23256,7.1,3.3,7.3,2.4,9.357,0.16
20260206,23070,7.1,4.5,7.4,2.6,9.190,0.105
20260205,23390,7.1,3.5,7.8,2.8,9.383,0.144
20260204,22850,7.1,3.6,7.6,2.9,8.976,0.137
20260203,23513,7,3.0,7.7,2.8,9.361,0.176
20260202,22772,6.9,3.6,7.9,3.8,9.295,0.181
20260201,23257,6.9,4.1,7.7,3.3,9.526,0.181
20260131,22917,6.9,5.6,7.7,3.3,8.819,0.113
20260130,23272,6.9,5.7,7.3,3.1,8.645,0.092
20260129,22438,7,4.8,7.4,3.1,8.799,0.092
20260128,24112,7,5.3,7.5,3.4,8.431,0.087
20260127,22332,6.9,3.1,7.2,3.5,9.184,0.105
20260126,21787,6.9,5.5,7.6,4.3,9.878,0.114
20260125,23715,6.9,5.7,7.8,3.5,9.246,0.097
20260124,23754,6.9,4.0,7.5,3.7,8.636,0.097
20260123,22271,6.9,4.8,7.4,4.1,10.089,0.108
20260122,22891,7.1,3.6,7.4,3.8,9.235,0.105
20260121,23077,7.1,3.1,7.6,3.6,9.445,0.113
20260120,22667,7.1,2.1,7.5,3.4,10.271,0.136
20260119,21907,7,2.5,7.4,3.8,11.165,0.106
20260118,22522,7.1,2.0,6.9,2.7,10.831,0.089
20260117,22681,7.1,5.1,6.9,2.8,10.913,0.082
20260116,22535,7.1,5.1,6.9,2.9,9.458,0.083
20260115,21864,7.1,2.4,6.3,2.6,10.324,0.075
20260114,22608,7,2.2,6.5,2.3,9.637,0.088
20260113,21949,7,2.5,6.1,2.6,10.802,0.095
20260112,22212,7,3.5,6.5,2.7,11.073,0.1
20260111,22241,7,3.4,6.7,2.8,10.205,0.095
20260110,23034,7.1,3.8,6.4,2.7,10.174,0.089
20260109,22786,7,3.4,6.3,2.2,8.942,0.083
20260108,22573,7.1,4.1,6.3,2.7,9.056,0.079
20260107,22279,7,6.2,6.5,3.0,9.958,0.078
20260106,21872,6.9,4.0,6.3,2.8,10.165,0.076
20260105,22757,6.9,4.5,6.3,2.8,10.165,0.076
20260104,22796,6.9,4.1,6,2.3,9.761,0.069
20260103,22091,6.8,5.6,6.4,2.9,9.878,0.111
20260102,22110,6.9,5.7,7.1,3.6,8.646,0.121
20260101,22203,7,4.6,6.6,3.0,9.828,0.1080
20251231,22828,7,5.1,7.2,3.8,9.036,0.114
20251230,22532,7,3.1,6.5,3.6,9.393,0.148
20251229,22836,6.9,3.2,7.2,4.4,10.306,0.15
20251228,22795,7,3.4,6.9,3.3,10.350,0.129
20251227,22998,7,4.2,6.8,2.8,9.940,0.134
20251226,22927,6.9,4.2,6.4,2.8,10.600,0.140
20251225,23311,7,3.0,5.9,2.3,9.697,0.115
20251224,23750,6.9,3.4,6.1,2.7,9.743,0.172
20251223,22742,7,2.6,6.3,2.9,9.964,0.175
20251222,22336,6.9,2.4,6.5,3.0,10.978,0.182
20251221,22881,7.1,3.0,6.5,2.6,10.400,0.166
20251220,23041,7,3.2,5.9,2.4,9.325,0.175
20251219,23097,7,4.7,6.6,2.8,9.412,0.2450
20251218,23023,7,2.6,6,2.4,9.372,0.207
20251217,23077,6.9,2.4,5.6,2.0,8.813,0.314
20251216,22731,7,2.0,6.1,2.8,11.185,0.156
20251215,22923,6.9,1.7,5.8,2.8,10.423,0.149
20251214,23380,7,2.5,5.9,2.6,11.351,0.130
20251213,22765,7.1,1.5,5.8,2.3,9.317,0.137
20251212,22962,7,2.1,5.6,2.4,9.704,0.130
20251211,23317,7.1,2.1,5.4,2.3,9.055,0.133
20251210,22661,7,2.6,5.4,2.2,9.565,0.137
20251209,22703,7,2.1,5.8,2.5,10.531,0.118
20251208,23206,6.9,2.1,5.9,2.6,10.851,0.106
20251207,22580,6.9,3.1,5.7,2.4,10.777,0.104
20251206,23325,6.9,3.0,6.3,2.6,9.875,0.115
20251205,22893,6.8,1.9,5,2.1,9.081,0.107
20251204,23032,6.7,1.4,5.1,2.1,9.763,0.135
20251203,22888,6.8,1.7,5.4,2.2,13.144,0.157
20251202,23105,6.9,2.4,5.6,2.4,11.038,0.135
20251201,23248,6.8,1.6,5.6,2.4,11.916,0.1530
20251130,23334,6.9,1.1,5.2,2.0,10.486,0.135
20251129,23326,6.9,1.0,5.2,2.1,10.278,0.134
20251128,23103,6.9,1.4,5.1,2.0,10.525,0.135
20251127,23717,6.9,1.0,4.8,2.0,9.317,0.150
20251126,24377,6.9,2.7,4.9,2.1,9.801,0.146
20251125,23241,6.9,1.9,5.4,2.2,10.996,0.172
20251124,23578,6.9,1.9,5.1,1.8,11.768,0.033
20251123,23418,7,1.5,4.9,1.8,11.139,0.008
20251122,23278,7,1.9,4.9,1.8,9.642,0.027
20251121,23231,6.9,3.4,5.2,2.2,10.001,0.099
20251120,23426,6.9,2.4,5.3,2.3,9.461,0.137
20251119,23536,6.8,2.7,5.2,2.2,10.137,0.0760
20251118,23097,6.7,1.2,4.7,2.7,11.806,0.039
20251117,23298,6.7,1.7,5,2.9,11.869,0.027
20251116,23529,6.8,1.0,5.2,3.0,11.099,0.467
20251115,23761,6.6,1.3,5.4,3.3,9.563,0.021
20251114,24303,6.6,2.7,5.8,3.7,6.610,0.031
20251113,23816,6.6,2.1,4.9,2.9,10.700,0.03
20251112,23898,6.6,0.6,4.8,2.8,10.771,0.541
20251111,23729,6.7,1.3,5.3,2.9,10.902,0.323
20251110,23946,6.6,0.9,5.2,2.8,11.096,0.454
20251109,27258,6.7,0.7,6,3.3,12.033,0.506
20251108,23593,6.8,1.2,5.9,3.1,10.630,0.332
20251107,23829,6.6,2.1,4.9,2.5,10.838,0.141
20251106,23809,6.6,1.4,4.7,2.3,11.511,0.098
20251105,23679,6.7,1.4,5,2.3,10.228,0.143
20251104,23220,6.8,1.2,4.8,2.1,10.409,0.307
20251103,23656,6.8,1.0,4.8,2.1,11.473,0.318
20251102,23888,6.8,0.9,4.7,2.1,10.651,0.237
20251101,23905,6.9,1.5,4.5,2.1,9.408,0.309
20251031,23908,6.9,1.9,4.9,2.3,9.503,0.252
20251030,23760,6.9,1.3,4.9,2.3,8.868,0.210
20251029,24395,7,2.2,4.9,2.3,9.381,0.223
20251028,23573,7.5,1.3,5.2,3.1,10.520,0.179
20251027,24140,7.3,1.9,5,2.8,10.565,0.161
20251026,24285,7.3,1.2,5,2.9,9.695,0.125
20251025,25098,7,2.2,5,2.8,9.088,0.124
20251024,25752,7,6.1,4.8,2.5,10.416,0.106
20251023,24846,7,1.8,4.9,2.5,9.944,0.125
20251022,22749,6.8,1.9,5.1,2.3,10.019,0.157
20251021,24907,6.9,2.2,5.3,2.3,10.319,0.189
20251020,24948,6.8,1.2,5.6,2.4,10.834,0.153
20251019,25295,6.8,1.7,5.9,2.4,11.761,0.1280
20251018,25186,6.9,1.2,5.6,2.3,10.226,0.133
20251017,25414,6.9,1.6,5.5,2.3,8.641,0.133
20251016,27998,6.9,1.3,5.6,2.5,9.998,0.125
20251015,25906,6.8,1.8,5.3,2.3,9.863,0.11
20251014,26378,6.7,0.9,5.6,2.4,7.788,0.122
20251013,24021,6.7,1.0,5.6,2.3,7.322,0.117
20251012,24578,6.8,0.6,3.1,1.0,7.409,0.072
20251011,25038,6.7,0.7,5.3,2.2,6.690,0.125
20251010,24575,6.8,0.2,5.3,2.2,10.350,0.111
20251009,25157,6.8,1.3,5.2,2.1,8.802,0.115
20251008,25103,6.8,1.1,4.9,2.1,8.477,0.106
20251007,25947,7,1.0,5,2.0,7.719,0.101
20251006,24100,7.2,0.8,4.8,1.9,5.660,0.09
20251005,26166,7.3,1.0,4.5,1.8,5.040,0.092
20251004,30981,7.1,1.8,4.6,2.0,3.964,0.1
20251003,29993,7,1.1,5.2,2.0,6.781,0.123
20251002,24478,6.8,1.0,5.1,2.0,6.731,0.101
20251001,24481,6.7,2.0,4.8,2.0,7.372,0.0990
20250930,22322,6.8,2.1,4.9,1.9,7.354,0.102
20250929,23768,6.8,0.6,5.1,2.0,8.026,0.114
20250928,24268,6.8,1.6,4.9,1.9,8.089,0.099
20250927,24573,6.9,1.5,5,1.9,7.519,0.098
20250926,24332,6.9,2.9,5.3,1.9,7.116,0.106
20250925,24406,6.8,1.7,5.1,2.0,7.084,0.121
20250924,24130,6.8,2.3,5.1,2.0,7.143,0.134
20250923,24347,6.8,1.1,4.9,2.0,7.143,0.134
20250922,24359,6.6,1.7,5,2.5,8.120,0.14
20250921,24783,6.3,1.2,5.3,1.0,8.977,0.162
20250920,25629,6.3,0.9,5.1,1.0,8.904,0.108
20250919,24696,6.9,0.8,5.1,2.2,8.576,0.1260
20250918,25089,6.8,0.9,5.1,2.1,7.779,0.101
20250917,25548,6.8,1.0,5.3,2.2,8.385,0.107
20250916,25056,6.9,1.2,4.8,2.0,11.337,0.113
20250915,25542,6.7,1.0,5,1.9,10.103,0.103
20250914,26836,6.7,1.8,5,1.9,9.293,0.111
20250913,28105,6.7,1.2,5.4,2.0,10.428,0.102
20250912,24658,6.8,1.4,5.4,1.8,9.451,0.106
20250911,25338,6.7,0.8,5.4,1.9,9.794,0.093
20250910,24598,6.7,1.2,5.3,1.8,8.612,0.089
20250909,26949,6.6,0.7,5.6,2.3,10.832,0.094
20250908,24475,6.5,1.1,5.7,2.3,11.507,0.098
20250907,25588,6.6,1.1,5.4,2.2,11.280,0.091
20250906,25061,6.6,1.3,5.3,2.1,9.810,0.083
20250905,25655,6.7,0.6,5.3,2.2,9.837,0.088
20250904,25153,6.7,1.4,5.2,2.2,9.921,0.081
20250903,25485,6.7,1.0,5.2,2.1,9.437,0.081
20250902,26007,6.5,1.3,5.4,2.2,9.957,0.098
20250901,24629,6.5,1.3,5.5,2.2,11.125,0.097
20250831,25445,6.6,2.0,5.5,2.2,10.707,0.098
20250830,25330,6.6,1.1,5.4,2.1,9.826,0.088
20250829,25720,6.4,1.1,5.8,2.2,10.847,0.093
20250828,25259,6.4,0.9,5.4,2.3,10.395,0.099
20250827,25303,6.4,1.7,5.6,2.5,9.682,0.11
20250826,25249,6.4,1.7,5.9,3.0,10.611,0.126
20250825,24933,6.3,1.6,6,2.8,11.016,0.142
20250824,25756,6.3,1.0,6,2.8,10.770,0.109
20250823,25538,6.3,1.3,5.5,2.6,9.613,0.096
20250822,25451,6.3,0.9,5.4,2.6,9.995,0.1
20250821,26207,6.3,1.1,5.4,2.5,9.901,0.096
20250820,25506,6.2,2.5,5.5,2.6,9.918,0.11
20250819,25934,6.2,2.3,5.2,2.5,9.699,0.1440
20250818,25872,6.2,1.7,5.2,2.6,10.240,0.142
20250817,26205,6.2,2.1,5.1,2.7,9.960,0.162
20250816,26266,6.2,2.1,5.4,3.0,10.534,0.148
20250815,26696,6.4,2.5,5.5,3.2,9.316,0.176
20250814,28530,6.4,1.6,5.3,3.3,7.737,0.229
20250813,30429,6.4,2.0,4.8,3.1,6.533,0.181
20250812,32362,6.3,2.4,5.6,3.3,8.741,0.301
20250811,27655,6.3,1.8,5.4,3.1,9.421,0.396
20250810,30102,6.2,1.9,6,3.2,10.175,0.58
20250809,25780,6.3,4.8,5.7,2.9,9.672,0.478
20250808,25543,5.9,0.9,7.6,2.7,8.751,0.198
20250807,26667,5.9,0.9,7.4,2.7,8.751,0.198
20250806,26494,5.9,1.5,7.4,2.7,8.751,0.198
20250805,28002,6.3,1.7,7.5,2.7,8.751,0.198
20250804,30659,5.9,1.2,9.4,2.7,8.751,0.198
20250803,25650,5.9,1.5,6.3,2.7,8.751,0.198
20250802,25443,6.2,1.6,6.8,1.8,7.948,0.293
20250801,25188,6.3,1.1,7.8,2.4,8.166,0.7010
20250731,24166,6.3,0.7,8.1,2.4,7.980,0.635
20250730,24925,6.3,1.3,7.8,2.3,7.648,0.484
20250729,24917,6.3,1.4,7.6,2.6,8.808,0.376
20250728,24024,6.2,1.2,8.7,2.7,9.440,0.691
20250727,24239,6.2,1.6,7.5,2.2,8.789,0.489
20250726,25515,6.2,1.7,7.6,2.3,8.045,0.577
20250725,25414,6.2,1.9,7.4,2.5,9.038,0.515
20250724,26436,6.4,0.4,7.4,2.4,7.917,1.042
20250723,27499,6.4,1.6,7.3,2.2,7.937,1.125
20250722,26970,6.5,1.5,7.4,2.3,8.036,0.897
20250721,29319,6.6,0.9,7.9,2.6,7.237,0.793
20250720,31549,6.7,2.1,6.9,2.6,5.295,0
20250719,34365,6.6,7.6,7.7,2.7,4.182,0
20250718,27609,6.6,1.2,7.3,2.6,7.281,0.019
20250717,28023,6.6,1.7,7.4,2.5,7.262,0.016
20250716,27837,6.6,3.6,6.7,1.8,6.137,0.002
20250715,30528,6.5,2.6,6.7,2.0,5.569,0.021
20250714,35318,6.6,2.2,9.1,0.6,11.165,0.255
20250713,26420,6.2,2.6,8.4,2.1,10.193,0.324
20250712,24907,6.3,1.8,10.5,2.7,10.156,0.824
20250711,25024,6.4,1.4,11.4,3.1,9.063,1.109
20250710,24821,6.4,0.7,11.3,2.9,8.757,0.92
20250709,25994,6.5,1.3,11.1,2.8,8.138,0.886
20250708,24907,6.3,2.2,10,2.6,8.275,1.156
20250707,26529,6.3,1.0,9.3,2.4,8.243,0.763
20250706,25418,6.4,1.4,8.5,1.9,8.542,0.390
20250705,25431,6.5,1.3,8,1.7,7.209,0.340
20250704,25625,6.4,1.2,7.5,1.7,6.830,0.261
20250703,26854,6.5,1.8,7.6,1.7,6.673,0.304
20250702,26363,6.5,1.3,7.6,1.7,6.294,0.324
20250701,25853,6.5,2.1,7.8,2.0,7.657,0.3370
20250630,25966,6.5,0.6,8.2,2.1,7.578,0.221
20250629,27129,6.6,0.8,8.3,2.0,7.436,0.18
20250628,26243,6.7,0.7,7.6,1.7,6.864,0.08
20250627,27181,6.8,0.6,6.9,1.7,6.487,0.044
20250626,27795,6.7,0.9,6.3,1.5,5.378,0.023
20250625,30504,6.4,2.9,5.6,1.3,5.159,0.06
20250624,28261,6.6,1.2,5.8,2.7,6.746,0
20250623,26223,6.4,1.4,6,2.0,6.370,0.178
20250622,28607,7,1.2,6.5,1.5,8.783,0
20250621,25795,6.8,1.1,5.9,1.5,7.194,0
20250620,25159,6.6,2.1,6.1,1.6,5.414,0.15
20250619,26962,6.7,4.6,6.4,1.7,6.116,0.124
20250618,26402,6.7,4.7,6.6,1.8,5.628,0.075
20250617,24541,6.6,4.1,7,3.7,7.638,0.080
20250616,28025,6.7,4.2,6.5,2.6,12.797,0.076
20250615,30543,6.7,3.9,5.9,2.0,12.797,0
20250614,35068,6.7,2.6,8,3.1,12.797,0
20250613,26490,6.7,2.9,8.4,3.0,12.797,0.086
20250612,25385,6.7,3.6,8.7,2.9,12.797,0.069
20250611,24838,6.9,4.8,9.5,3.1,12.797,0.084
20250610,24898,6.9,5.2,10.1,4.2,12.797,0.157
20250609,24663,7,3.6,10.8,4.9,12.797,0.184
20250608,25499,7.1,5.6,11,4.9,12.797,0.193
20250607,23498,7.2,3.2,11.3,4.5,12.797,0.199
20250606,23589,7.2,5.4,11.4,4.7,12.797,0.18
20250605,24350,7.1,5.3,11.3,5.0,12.797,0.168
20250604,24320,7,4.7,11.8,4.6,12.797,0.140
20250603,24745,7,5.9,11.4,3.9,12.797,0.149
20250602,23606,7.1,3.0,10.3,3.9,13.122,0.165
20250601,24311,6.9,3.7,10.1,2.8,9.819,0.106
20250531,24115,6.6,1.9,10.2,3.2,7.278,0.105
20250530,23350,6.4,3.8,10.1,3.6,5.630,0.145
20250529,23686,6.4,3.4,10.5,3.6,6.956,0.355
20250528,25486,6.4,3.4,9.9,3.3,5.402,0.23
20250527,25393,6.5,2.8,9.2,2.4,6.432,0.771
20250526,26641,6.3,1.2,10.3,3.4,6.842,0.68
20250525,24382,6.5,2.6,9.8,2.8,8.512,0.858
20250524,24055,6.6,4.2,10.2,3.7,5.872,0.16
20250523,25986,6.5,3.9,11,4.6,6.044,0.265
20250522,25598,6.3,5.8,10.4,3.8,6.296,0.213
20250521,25671,6.5,3.7,9,2.6,5.975,0.091
20250520,25313,6.5,1.6,8.3,2.2,6.541,0.471
20250519,26881,6.6,0.5,9.7,3.7,6.238,0.2250
20250518,26770,6.8,1.2,8.7,2.9,5.690,0.058
20250517,29969,6.7,4.2,10.4,4.1,5.834,0.126
20250516,26542,6.6,5.4,9.7,3.6,5.242,0.081
20250515,24163,6.5,4.0,9.5,3.4,5.971,0.097
20250514,25485,7.1,1.9,7.8,1.8,6.504,0.394
20250513,25576,6.4,6.6,8.9,2.6,7.984,0.957
20250512,25574,6.4,4.3,9.2,3.8,7.463,0.118
20250511,27431,6.6,2.3,8.9,3.9,7.219,0.115
20250510,27326,6.6,2.4,8.3,3.9,6.464,0.108
20250509,28703,6.5,5.8,9.9,4.2,6.566,0.342
20250508,22571,6.5,6.0,10,3.8,6.334,0.299
20250507,25660,6.7,9.4,9.4,3.4,8.425,0.244
20250506,25196,6.7,6.2,6.5,3.3,9.306,0.207
20250505,24393,6.6,7.8,0.1,3.6,8.727,0.107
20250504,24015,6.6,7.5,9.7,3.8,8.867,0.082
20250503,25357,6.7,7.1,9.4,3.3,8.068,0.073
20250502,24746,6.8,7.3,10.2,4.9,8.252,0.1
20250501,27231,6.9,7.8,10.3,4.6,8.035,0.0790
20250430,25713,6.8,8.6,10.6,5.0,8.409,0.065
20250429,24109,6.7,6.4,10.6,4.4,9.022,0.049
20250428,26134,6.6,6.6,11,4.8,9.823,0.044
20250427,25294,6.7,8.0,10.7,3.6,8.800,0.038
20250426,24892,6.6,5.5,10.8,4.1,7.378,0.036
20250425,26697,6.6,8.3,10.8,3.4,6.947,0.018
20250424,25866,6.6,7.9,9.8,3.1,7.782,0.043
20250423,27116,6.93,7.8,10.1,3.7,8.858,0.067
20250422,28441,6.7,7.7,11.5,5.2,10.321,0.103
20250421,23829,6.7,3.8,11.6,5.2,10.276,0.101
20250420,23821,6.8,5.4,11.2,3.9,10.094,0.091
20250419,24194,6.7,5.5,10.8,3.5,8.191,0.0720
20250418,25112,6.5,7.1,10.7,5.4,8.667,0.106
20250417,26388,6.4,4.4,11,5.4,7.625,0.149
20250416,24923,6.5,4.3,10.8,4.9,6.655,0.154
20250415,25972,6.5,8.0,11.2,4.4,7.555,0.12
20250414,26697,7.16,7.2,11,5.9,8.455,0.171
20250413,28293,6.7,6.3,11.9,5.2,9.048,0.173
20250412,24114,6.72,4.1,10.5,3.1,7.655,0.056
20250411,24323,6.89,8.5,9.9,2.4,8.128,0.049
20250410,23364,6.85,2.4,10.2,2.8,8.881,0.064
20250409,22680,6.83,6.6,10,6.2,9.521,0.146
20250408,22946,6.28,7.1,10.7,4.2,12.156,0.228
20250407,23612,7.1,1.5,12,5.1,13.335,0.369
20250406,23163,7.2,1.8,11.8,6.0,11.312,0.382
20250405,22148,6.7,4.1,9.3,2.3,11.323,0.2
20250404,20885,6.33,3.8,11.5,4.9,8.808,0.602
20250403,22566,7.49,2.1,10.5,6.0,8.440,0.57
20250402,23072,7.24,3.7,9,1.8,8.411,0.372
20250401,23102,7.25,1.2,10.2,2.9,7.876,0.540
20250331,24198,7.2,3.7,10.5,3.4,8.618,0.589
20250330,22845,7.2,9.7,10.5,3.1,7.129,0.386
20250329,24284,7.41,7.7,10.2,3.2,5.534,0.282
20250328,23376,6.8,8.4,10.2,3.5,7.263,0.251
20250327,23604,7.1,6.1,10.5,3.4,6.539,0.238
20250326,22855,7.2,7.5,10.7,4.1,6.702,0.226
20250325,22791,7.2,8.2,11.2,5.1,8.766,0.258
20250324,23265,7.19,6.9,10.9,5.0,9.002,0.25
20250323,23672,7.32,7.8,10.7,4.1,8.475,0.211
20250322,23210,7.3,5.5,10.4,3.8,5.988,0.2
20250321,22602,7.1,5.1,10.3,4.0,6.289,0.186
20250320,22150,7.2,2.3,10.3,3.6,6.786,0.186
20250319,22178,7.2,3.4,10.2,5.3,7.022,0.207
20250318,22293,6.8,4.5,10.2,4.1,6.906,0.226
20250317,23123,6.9,5.2,9.9,4.4,8.505,0.189
20250316,24597,7.03,5.9,9.8,3.6,9.142,0.165
20250315,24104,6.92,4.5,9.4,4.1,5.206,0.169
20250314,22923,6.75,3.0,10.2,5.6,5.647,0.175
20250313,23227,6.74,4.4,9.1,4.8,6.678,0.176
20250312,23579,6.7,3.0,9,4.2,8.814,0.154
20250311,23314,7.09,2.8,8.7,3.5,10.840,0.08
20250310,22546,7.29,2.7,8.6,2.7,12.954,0.203
20250309,23411,7.3,2.6,8.2,2.4,12.199,0.131
20250308,21576,7.08,5.4,8.2,2.3,12.282,0.130
20250307,21330,7.05,2.7,8,2.6,8.703,0.151
20250306,23970,7.1,5.6,7.4,2.4,8.296,0.104
20250305,23652,7.3,6.3,7.2,4.0,10.496,0.16
20250304,26048,7.2,3.8,8.2,3.9,10.410,0.156
20250303,24081,7.09,1.3,8.6,2.9,10.143,0.174
20250302,21525,7.06,6.5,8.2,2.4,8.802,0.178
20250301,22360,7.14,8.0,8.2,2.2,6.550,0.196
20250228,22135,6.96,4.9,7.6,1.8,6.450,0.236
20250227,22975,6.9,7.9,7.2,1.4,6.079,0.407
20250226,22021,7.08,8.3,7.1,1.1,5.386,0.556
20250225,21843,7.2,7.8,7.1,1.3,6.537,0.853
20250224,21242,7.3,7.6,9.8,4.1,6.767,0.251
20250223,21912,6.83,8.0,9.5,4.1,5.375,0.194
20250222,21962,7.2,6.0,9.2,3.4,7.235,0.165
20250221,21575,7.3,7.7,9.3,2.8,9.937,0.118
20250220,21466,7.28,8.2,9.4,4.0,9.937,0.101
20250219,22996,6.98,8.0,9,4.1,9.937,0.1690
20250218,22581,6.97,8.5,9.1,3.4,9.937,0.257
20250217,21655,7.12,8.3,8.7,3.0,9.937,0.265
20250216,22168,7.4,5.4,8.7,3.2,9.937,0.225
20250215,22349,7.27,9.3,8.9,3.1,9.937,0
20250214,21898,7.17,5.5,9.4,2.6,9.937,0
20250213,22084,7.25,8.4,9.5,2.8,9.937,0
20250212,22967,7.23,6.6,9.2,4.0,9.937,0
20250211,22747,7.06,7.3,8.9,4.1,9.937,0.22
20250210,22185,7.02,7.9,8.3,3.4,9.937,0.227
20250209,22858,7.16,3.6,8.5,3.5,9.937,0.165
20250208,22308,7.26,7.1,8.9,3.2,9.937,0.143
20250207,22276,7.53,4.9,9.2,3.2,9.937,0.138
20250206,23026,7.04,5.8,8.9,3.7,9.937,0.148
20250205,22692,7.26,6.9,9.4,4.4,9.937,0.149
20250204,22564,7.2,4.3,9.2,3.7,9.937,0.143
20250203,23351,7.15,2.6,9.5,5.6,9.440,0.17
20250202,22121,7.07,3.2,8.2,2.4,9.955,0.12
20250201,23343,7.4,4.1,8.4,2.6,9.853,0.10
20250131,23019,7.04,5.4,8.8,2.4,9.579,0.176
20250130,20700,7.06,5.7,7.9,2.1,7.577,0.133
20250129,19119,7.28,6.4,7.5,2.0,7.650,0.099
20250128,21543,7.5,8.0,6.9,1.5,7.841,0.089
20250127,22419,7.17,5.2,7.4,1.6,6.958,0.359
20250126,21802,7.07,2.7,8.3,2.7,6.143,0.187
20250125,22489,7.18,4.4,8.1,2.5,7.965,0.126
20250124,22528,7.1,3.5,6.6,3.2,8.265,0.158
20250123,22121,7.3,5.1,8.5,2.5,9.484,0.118
20250122,21997,7.02,6.2,8.6,3.0,10.219,0.095
20250121,21727,7.06,6.3,8.6,2.5,10.045,0.093
20250120,21454,7.04,7.2,8.3,2.8,10.250,0.086
20250119,21696,7.4,5.7,8.1,2.5,9.972,0.087
20250118,22024,7.2,5.6,7.9,1.8,9.294,0.083
20250117,21815,7.26,4.6,8.1,2.8,8.630,0.097
20250116,21533,7.51,5.0,8.8,3.2,8.826,0.096
20250115,22468,7.6,5.0,8.8,2.2,9.254,0.101
20250114,21809,7.52,4.5,8.8,2.2,11.677,0.077
20250113,22075,7.51,7.2,8.8,2.3,11.332,0.080
20250112,22703,7.05,2.5,7.9,1.8,11.676,0.055
20250111,22167,7.7,3.0,8.5,1.9,10.801,0.066
20250110,21795,7.52,2.8,8,1.7,10.127,0.077
20250109,21319,7.46,4.0,8,1.9,9.827,0.076
20250108,21008,7.5,3.1,8,1.8,10.810,0.088
20250107,20980,6.7,1.5,8,1.8,14.454,0.056
20250106,21962,7.48,1.6,8.4,2.0,14.775,0.085
20250105,22081,7.55,5.0,8.2,1.9,11.967,0.099
20250104,21200,7.05,2.9,8.2,1.8,12.600,0.097
20250103,22021,7.38,1.3,9.1,2.3,12.555,0.158
20250102,22349,7.13,1.8,8.7,2.2,9.775,0.166
20250101,22959,7.11,5.1,7,1.8,9.330,0.660
20241231,22881,7.1,4.1,6.2,1.7,11.205,0.453
20241230,22580,7.67,5.4,6.9,2.8,10.485,0.462
20241229,22068,7.52,3.3,7.5,1.7,9.559,0.692
20241228,22725,7.47,3.7,7.7,1.7,8.597,0.297
20241227,21721,7.45,2.9,7.6,1.6,9.658,0.486
20241226,23176,7.61,1.7,8.4,1.8,10.511,0.257
20241225,22585,6.89,2.2,8.5,1.7,8.504,0.072
20241224,22861,6.71,5.3,8.4,2.0,8.996,0.096
20241223,23059,7.5,4.5,8.2,2.1,9.214,0.086
20241222,22637,7.18,1.7,8.4,1.7,7.940,0.064
20241221,23321,7.1,6.5,8.6,1.6,8.732,0.059
20241220,23350,7.41,3.2,8.2,1.5,8.307,0.59
20241219,22832,7.45,2.3,8.3,1.9,9.815,0.08
20241218,25140,7.66,2.5,8.3,1.8,7.908,0.06
20241217,22609,7.28,2.6,7.9,1.7,9.743,0.065
20241216,23032,7.44,2.2,7.7,1.7,10.943,0.072
20241215,22327,7.52,4.3,7.3,1.3,11.351,0.074
20241214,22250,7.41,4.4,8.5,1.8,13.643,0.145
20241213,23963,7.01,2.9,8.1,1.8,7.729,0.095
20241212,23690,6.87,4.1,7.7,2.0,6.535,0.08
20241211,23874,7.03,4.3,8,2.0,8.155,0.084
20241210,23515,6.86,2.6,7.5,2.5,4.302,0.093
20241209,23444,6.9,1.6,7.6,2.6,10.717,0.095
20241208,23976,6.83,6.6,7.3,2.3,11.029,0.093
20241207,23357,7.3,3.8,7.7,2.0,10.349,0.082
20241206,23070,7.6,1.3,8.1,2.2,9.801,0.087
20241205,23784,7.39,1.7,7.6,1.9,10.408,0.098
20241204,22856,7.31,3.6,7.5,1.8,9.721,0.077
20241203,24146,7.5,2.8,8.3,2.5,9.263,0.102
20241202,24082,7.3,1.3,8.1,2.1,10.720,0.083
20241201,23480,7.13,2.8,7.3,1.5,10.676,0.060
20241130,24064,7.03,3.6,8.3,1.6,8.803,0.08
20241129,23847,7.7,1.3,8.8,2.1,10.019,0.096
20241128,24544,7.02,2.5,7.5,1.6,9.741,0.058
20241127,24285,8.67,3.2,7.7,1.5,9.052,0.063
20241126,24601,6.59,5.7,8.1,2.4,10.449,0.083
20241125,25704,6.88,2.0,8.6,2.4,9.473,0.091
20241124,23458,6.89,2.1,8.3,1.8,9.468,0.077
20241123,23472,6.9,2.4,8.9,2.0,8.519,0.077
20241122,23916,6.76,1.7,9.3,2.2,9.724,0.78
20241121,23336,7,4.3,8.9,1.8,9.742,0.79
20241120,23857,7.06,2.8,9.9,1.9,5.726,0.98
20241119,23734,6.74,2.6,9.2,1.8,8.225,0.860
20241118,23981,6.73,2.5,7.8,1.6,9.998,0.086
20241117,23776,6.7,1.9,7.3,1.4,9.507,0.085
20241116,24036,6.97,0.9,7.3,1.3,9.168,0.077
20241115,24827,6.98,1.8,7.3,1.3,9.168,0.077
20241114,25266,6.99,2.7,7.9,1.5,3.853,0.101
20241113,24777,6.85,2.0,7.3,1.4,3.853,0.86
20241112,24228,6.67,1.5,7.3,1.4,3.853,0.136
20241111,25315,6.49,1.1,6.5,1.2,3.853,0.099
20241110,24719,6.41,1.3,6,1.1,3.500,0.091
20241109,25176,6.66,2.7,5.4,1.0,3.341,0.246
20241108,25674,6.71,1.0,6.1,1.3,3.719,1.194
20241107,25717,6.78,2.2,5.7,1.2,3.144,0.958
20241106,25598,6.95,1.4,6.8,1.3,3.350,0.481
20241105,26089,7.01,1.6,6.5,2.0,2.710,0.205
20241104,26749,6.57,1.8,6.5,2.0,7.545,0.172
20241103,27661,6.65,2.8,5.8,1.7,6.080,0.166
20241102,34332,6.32,1.6,6.6,1.8,6.232,0.134
20241101,29180,6.7,1.4,7.3,2.2,7.696,0.1880
20241031,24729,6.7,1.6,7.4,2.2,6.910,0.190
20241030,26121,6.86,1.6,8.4,2.0,7.705,0.192
20241029,25241,7.05,2.2,8,2.0,9.271,0.207
20241028,25305,6.6,1.7,8,2.0,9.580,0.2
20241027,25347,6.61,5.1,7.8,1.8,8.709,0.19
20241026,26124,6.77,4.3,7.2,1.6,7.512,0.16
20241025,27248,6.76,2.7,6.8,1.6,7.079,0.165
20241024,28670,7.2,5.1,6.9,1.9,6.438,0.166
20241023,30532,7.27,0.6,5.9,1.8,5.281,0.17
20241022,38322,6.62,3.2,6.4,3.2,7.425,0.195
20241021,26673,6.84,1.8,5.8,2.2,8.267,0.186
20241020,28019,6.7,3.6,5.8,1.8,7.748,0.165
20241019,28781,6.9,2.5,6.2,1.8,6.577,0.1810
20241018,28319,6.79,2.8,6.3,2.0,8.340,0.164
20241017,25395,7,2.5,6.3,1.8,8.555,0.162
20241016,26582,6.82,2.0,6.3,2.2,7.726,0.126
20241015,28717,6.65,6.4,8.2,2.7,8.376,0.171
20241014,24835,6.84,1.3,7.7,2.1,10.042,0.157
20241013,24335,7.02,2.6,7.7,2.0,8.705,0.149
20241012,24393,6.9,4.4,7.5,1.8,8.633,0.134
20241011,24518,6.7,2.6,6,1.6,8.264,0.17
20241010,25031,6.6,1.6,8.2,2.2,9.500,0.164
20241009,24992,7,2.3,7.9,2.1,7.351,0.15
20241008,25164,6.4,1.7,8.4,2.4,4.445,0.231
20241007,25168,6.7,2.3,8.9,2.7,5.358,0.237
20241006,24497,6.47,3.6,8.4,2.4,5.184,0.214
20241005,24279,6.91,3.3,8.3,2.3,5.165,0.210
20241004,25147,6.93,1.5,8.8,4.1,5.379,0.253
20241003,24467,6.9,2.1,8.8,3.4,4.735,0.261
20241002,24553,6.9,3.5,9.2,3.7,4.676,0.257
20241001,23903,6.96,2.8,9.1,2.8,5.465,0.2010
20240930,25473,7.12,1.4,8.9,3.1,4.398,0.213
20240929,24813,7.26,1.2,8.5,2.6,3.062,0.177
20240928,24929,7.02,1.3,8.3,2.2,3.375,0.17
20240927,23770,7,1.2,8.3,2.2,3.375,0.17
20240926,28732,6.8,2.4,8.2,2.8,4.737,0.185
20240925,25471,6.8,2.0,6.8,2.8,4.121,0.135
20240924,28675,7.2,3.0,7,3.1,14.253,0.21
20240923,28669,7.23,0.7,5.9,2.4,4.858,0.185
20240922,36276,6.9,3.7,4.3,2.2,1.868,0.172
20240921,40479,7,2.9,8.6,3.6,7.695,0.287
20240920,25597,6.77,2.2,8.6,3.0,6.808,0.301
20240919,24293,7,5.9,9.8,3.5,8.136,0.3470
20240918,23861,6.8,2.0,8.1,2.7,9.128,0.268
20240917,22802,6.8,4.2,8.1,2.5,8.210,0.257
20240916,25465,7.4,5.6,8.1,2.8,7.512,0.299
20240915,24243,6.75,3.9,8.3,2.6,7.630,0.293
20240914,26164,7.2,2.3,8.5,2.6,7.210,0.29
20240913,25478,6.99,1.7,8.8,3.2,7.446,0.265
20240912,26057,6.72,2.3,8.9,3.3,7.360,0.241
20240911,24833,7.1,2.2,8,2.4,6.825,0.199
20240910,24238,7,0.9,8.1,2.2,6.719,0.184
20240909,25674,7.1,4.3,8.2,2.2,7.878,0.181
20240908,25416,6.96,0.9,7.2,1.4,7.728,0.16
20240907,24669,7.3,1.9,7.8,1.6,7.592,0.339
20240906,24176,7.3,0.9,8.1,2.0,6.589,0.152
20240905,25098,7.04,1.2,5,2.6,7.273,0.311
20240904,25387,7.1,1.7,6.8,1.6,8.372,0.325
20240903,25013,6.95,3.6,6.7,2.1,10.046,0.146
20240902,24639,6.9,1.8,6.8,1.9,9.601,0.18
20240901,24625,7.6,1.4,6.3,1.5,10.546,0.1320
20240831,25776,6.9,4.8,6.3,1.4,9.637,0
20240830,25507,6.9,0.9,6.9,1.5,8.879,0
20240829,26711,7.2,5.8,7.1,1.6,8.983,0
20240828,24753,7.33,2.3,8.1,1.8,8.371,0
20240827,25715,7.26,4.5,6.9,1.8,9.160,0
20240826,24518,7.19,6.8,6.8,1.8,8.241,0
20240825,24908,7,7.5,6.2,1.7,7.787,0
20240824,25749,7.44,1.6,7.1,1.9,5.738,0
20240823,25423,7,2.4,7.1,1.7,9.205,0
20240822,26809,7,1.1,7.3,1.7,9.205,0
20240821,28482,7.4,3.4,7,1.7,9.205,0
20240820,30933,7.34,2.6,8.3,1.7,9.205,0
20240819,25860,7.44,3.7,7,1.7,9.205,0
20240818,24884,7.09,1.7,6.5,1.4,9.252,0.083
20240817,24951,6.8,2.5,6.4,1.2,9.144,0.079
20240816,25139,6.8,1.4,6.7,2.1,9.613,0.224
20240815,25317,8.6,1.4,6.5,1.5,8.079,0.131
20240814,24587,6.9,3.3,6.9,1.4,7.463,0.072
20240813,25127,7.4,2.7,6,1.7,8.251,0.083
20240812,25331,7.15,1.7,6.1,1.5,9.612,0.099
20240811,25319,7.23,1.7,6,1.3,8.930,0.074
20240810,25333,7.2,2.7,6.1,1.3,8.646,0.081
20240809,25335,7.3,1.8,6.5,2.5,8.944,0.422
20240808,25090,6.29,1.6,6.2,1.7,7.085,0.326
20240807,26593,6.8,3.8,6,1.5,7.118,0.716
20240806,25239,6.8,2.4,5.5,1.9,8.068,0.661
20240805,25398,7.65,1.5,5.1,1.6,9.456,0.202
20240804,27895,7.18,1.4,5.3,1.5,8.830,0.401
20240803,25693,6.92,0.6,5.6,1.4,9.405,0.111
20240802,25605,7.35,2.4,4.7,1.6,9.019,0.349
20240801,24664,6.9,0.8,5.9,1.3,7.536,0.270
20240731,25091,6.9,1.1,5.6,1.3,7.442,0.121
20240730,25855,6.9,1.2,5.4,1.2,8.405,0.320
20240729,25319,6.8,2.4,5.5,1.4,8.417,0.165
20240728,26511,7.6,2.2,5.5,1.4,8.180,0.294
20240727,25999,7.1,1.6,5.9,1.3,8.210,0.101
20240726,25814,7.1,2.1,5.4,1.2,7.982,0.117
20240725,27024,7.6,1.5,5.9,1.4,9.025,0.115
20240724,25989,7.4,1.3,6.8,2.4,7.581,0.204
20240723,27253,7.19,2.0,6.3,1.5,8.075,0.118
20240722,24991,6.8,3.6,5.9,6.4,10.088,0.105
20240721,27352,7,2.8,6.4,1.8,9.555,0.098
20240720,28554,7.2,2.4,6.4,1.8,9.858,0.084
20240719,28353,7,2.2,6.3,1.6,9.387,0.0960
20240718,28195,7.05,2.3,3.4,2.5,5.374,0.839
20240717,29670,7.2,3.0,5.9,1.5,7.032,0.127
20240716,30531,7,3.7,5.8,1.7,7.033,0.096
20240715,30433,6.9,6.1,5.5,2.3,7.337,0.145
20240714,31250,7,3.0,6.2,2.1,8.296,0.124
20240713,27526,7.1,3.5,5.7,1.9,6.968,0.109
20240712,29071,8.2,4.3,6.1,2.0,7.147,0.076
20240711,30633,7.24,3.6,5.3,2.3,5.306,0.130
20240710,37391,7.1,5.9,7,3.1,7.166,0.151
20240709,26696,7.43,5.5,7.4,2.9,7.747,0.155
20240708,26277,6.7,6.7,7.1,6.3,7.807,0.254
20240707,25421,6.86,3.8,6.8,4.1,7.736,0.204
20240706,26969,7,5.7,6.5,3.6,5.915,0.712
20240705,27034,7,5.2,6.3,3.1,5.101,0.144
20240704,29539,6.9,6.2,6.2,4.1,3.890,0.192
20240703,31204,7.11,5.5,5.7,3.8,1.858,0.153
20240702,36768,6.2,2.5,6.7,4.3,3.976,0.137
20240701,30012,7.1,5.7,5.8,2.9,2.876,0.4210
20240630,38093,6.8,5.9,8.1,2.8,3.760,0.413
20240629,28371,6.86,5.0,9.6,4.3,4.929,0.251
20240628,26753,5.69,6.5,10.4,5.1,7.894,0.228
20240627,25020,6.6,3.9,9.8,5.1,6.622,0.296
20240626,26726,6.6,5.0,10.1,4.4,6.779,0.240
20240625,25469,6.6,5.2,9,3.8,7.739,0.230
20240624,30542,6.6,5.4,9,4.5,6.707,0.316
20240623,26155,6.7,3.6,8.8,3.9,6.655,0.270
20240622,28845,6.6,5.0,8.3,3.3,5.573,0.276
20240621,26458,6.6,4.4,9.9,3.2,6.391,0.301
20240620,24997,6.6,4.0,8.2,3.5,6.445,0.263
20240619,25088,6.6,3.9,7.9,2.9,6.983,0.2250
20240618,25407,6.7,3.4,8.5,2.2,7.307,0.207
20240617,24867,6.7,3.6,8.6,2.3,7.520,0.108
20240616,25603,6.6,4.0,7.2,2.2,7.071,0.123
20240615,25598,6.7,3.9,7.4,2.1,6.101,0.124
20240614,25129,6.7,4.7,8.8,2.7,1.952,0.138
20240613,26669,6.6,4.8,8.1,3.1,3.580,0.2190
20240612,26274,6.5,4.8,8.2,2.7,5.232,0.2240
20240611,25350,6.5,4.7,7.5,2.5,6.007,0.176
20240610,25847,6.3,3.8,6.3,2.0,11.014,0.304
20240609,25675,6.6,4.5,6.2,1.7,10.401,0.21
20240608,25197,6.5,3.8,6.1,1.5,9.239,0.19
20240607,24328,6.5,4.5,6.8,2.5,10.338,0.2590
20240606,23980,6.5,4.7,6.8,1.9,8.730,0.1660
20240605,24563,6.5,5.0,7.3,1.9,8.458,0.3540
20240604,24347,6.5,4.0,6.9,1.8,9.305,0.484
20240603,24819,6.4,3.8,6.5,2.4,9.968,0.434
20240602,24817,6.5,3.8,6.8,2.0,9.939,0.102
20240601,25702,6.5,3.3,6.5,1.7,8.875,0.0060
20240531,24936,6.6,4.1,7.6,2.0,8.621,0.0890
20240530,25276,6.6,3.7,7.7,1.8,8.593,0.1840
20240529,25120,6.6,3.9,7.8,2.0,8.856,0.110
20240528,23660,6.7,4.7,7.9,2.4,8.721,0.5260
20240527,27623,6.6,4.7,7.3,4.1,8.538,0.2040
20240526,25528,6.5,3.9,7.4,3.4,9.053,0.073
20240525,24550,6.7,2.8,8.1,2.9,7.180,0.046
20240524,25826,6.7,4.6,8.7,2.6,7.344,0.044
20240523,26295,6.6,3.7,9.8,3.3,10.824,0.101
20240522,26685,6.6,3.8,8.2,2.5,8.620,0.0680
20240521,25015,6.7,4.0,7.5,2.0,7.514,0.039
20240520,25614,6.7,3.5,7.6,2.7,8.209,0.0750
20240519,25697,6.6,3.6,7.2,2.2,8.930,0.053
20240518,26498,6.7,4.1,7.7,2.1,7.621,0.039
20240517,25481,6.7,4.5,7.9,2.2,7.549,0.022
20240516,26608,7.3,4.7,6.8,1.4,4.980,0.334
20240515,26034,7,4.6,7.3,1.7,6.273,0.085
20240514,26186,6.8,4.8,7.6,2.4,5.759,0.0170
20240513,27966,6.8,3.7,6.3,2.4,4.113,0.047
20240512,28654,6.9,4.1,7.5,5.8,5.988,0.087
20240511,27098,6.8,4.5,7.7,3.3,4.332,0.015
20240510,27457,6.7,4.9,10.6,4.5,13.008,0.1880
20240509,28444,6.8,4.4,6.8,2.3,5.322,0.030
20240508,27075,6.7,4.1,6.8,2.1,5.487,0.0230
20240507,28865,6.7,4.3,6.9,3.2,4.924,0.078
20240506,36848,6.5,4.8,2.9,3.5,7.777,0.09
20240505,26206,6.5,4.3,3.9,2.8,7.481,0.093
20240504,24623,6.7,5.1,8.5,2.5,5.694,0.0580
20240503,25449,6.6,4.2,9,2.4,7.447,0.0360
20240502,25324,6.6,3.6,8.8,3.2,7.776,0.070
20240501,25009,6.7,4.7,8.2,2.8,7.082,0.0510
20240430,26335,6.6,5.0,7.9,3.1,6.275,0.0430
20240429,27464,7.1,4.9,8.5,2.4,6.335,0.428
20240428,25637,6.6,4.8,9.3,3.1,7.255,0.103
20240427,25174,6.7,4.0,9.7,3.1,6.756,0.085
20240426,25178,6.8,3.2,10,3.2,7.087,0.055
20240425,25662,6.7,5.0,9.8,2.8,6.191,0.0920
20240424,26327,6.7,4.3,10.5,2.9,7.207,0.0630
20240423,26036,6.7,3.4,8.7,2.7,6.896,0.040
20240422,25722,6.6,4.2,8.7,3.3,7.571,0.126
20240421,26409,6.6,5.0,8.9,2.8,6.946,0.077
20240420,26338,6.6,6.5,9.5,2.6,7.501,0.082
20240419,25951,6.9,5.0,10,2.6,5.889,0.0850
20240418,25372,6.7,3.3,9.6,3.3,5.541,0.0910
20240417,25609,6.7,4.2,9.4,2.9,6.504,0.093
20240416,26740,6.7,4.7,9.4,2.8,6.812,0.063
20240415,27344,6.6,4.7,9.7,4.1,8.579,0.138
20240414,25977,6.6,4.8,9.8,3.6,7.792,0.113
20240413,25893,6.7,5.1,10.7,3.9,8.376,0.067
20240412,25597,6.7,4.7,10.4,4.3,9.056,0.051
20240411,25302,7.2,5.6,9.9,2.7,7.804,0.26
20240410,25326,6.7,3.3,10.9,3.7,7.149,0.079
20240409,25522,6.7,4.1,10.7,4.2,8.284,0.052
20240408,26338,6.7,4.9,10.7,4.8,7.958,0.121
20240407,26380,6.6,5.6,10.1,4.2,7.425,0.081
20240406,27054,6.7,4.5,9.7,4.3,6.501,0.052
20240405,28112,6.7,5.2,9.9,4.8,6.822,0.0550
20240404,29811,6.7,4.5,8.8,5.1,5.590,0.088
20240403,34075,6.9,4.1,13.7,6.0,9.125,0.1120
20240402,25265,6.6,4.3,11.1,5.3,8.937,0.0970
20240401,26357,7,5.2,8.6,2.4,8.725,0.2160
20240331,26337,7,5.0,8.5,2.4,8.060,0.164
20240330,26677,6.9,5.5,8.4,2.8,5.632,0.053
20240329,31288,6.7,6.2,9.1,4.7,6.771,0.0520
20240328,27524,7,7.2,8.5,2.7,7.403,0.1070
20240327,24942,6.6,6.4,10.5,4.2,6.476,0.0580
20240326,27517,6.6,6.6,9.9,4.6,11.428,0.0590
20240325,24160,6.7,7.6,10.6,4.6,12.591,0.128
20240324,24088,6.5,7.7,10.4,3.8,9.443,0.086
20240323,24837,6.6,7.1,10.5,3.7,10.133,0.213
20240322,23491,6.7,3.9,10.7,3.8,9.132,0.0290
20240321,23700,6.6,4.6,10.4,3.9,8.828,0.0760
20240320,23365,6.7,4.7,11.5,4.1,9.369,0.0610
20240319,23337,6.6,7.3,11.8,4.3,8.976,0.0510
20240318,23972,7,6.8,9.5,2.0,9.214,0.089
20240317,25034,6.6,5.6,9.8,2.7,8.839,0.090
20240316,25056,6.6,6.5,9.9,2.5,7.609,0.0560
20240315,24587,6.5,7.0,10.3,2.9,7.408,0.0400
20240314,24906,6.8,4.9,10.6,3.4,11.403,0.1290
20240313,24353,6.7,2.7,10.7,3.9,9.734,0.1100
20240312,24390,6.5,7.0,10.5,4.2,11.561,0.0520
20240311,24169,6.4,5.9,10.6,4.7,13.368,0.140
20240310,25142,6.6,6.7,10.9,4.5,12.065,0.108
20240309,24326,6.6,6.2,10.1,4.2,11.931,0.073
20240308,25326,6.6,4.9,9.7,4.0,11.365,0.053
20240307,24314,6.6,4.5,12.5,4.4,10.394,0.1050
20240306,26022,6.6,6.6,11.7,4.2,11.331,0.0690
20240305,26609,6.6,7.1,12.3,4.9,11.017,0.1
20240304,24267,6.5,3.9,12,5.3,11.656,0.15
20240303,26079,6.4,5.6,11.2,4.4,11.850,0.089
20240302,25547,6.5,5.5,10.8,4.3,12.182,0.064
20240301,25048,6.6,4.1,11.6,4.1,11.706,0.0610
20240229,25200,6.6,5.5,12.4,4.3,11.856,0
20240228,22128,6.5,4.4,9,4.6,9.018,0.1260
20240227,24590,6.5,4.9,10.2,4.4,11.149,0.063
20240226,24209,6.5,5.8,9,5.3,11.027,0.126
20240225,23679,6.5,5.7,8,4.4,10.091,0.102
20240224,22883,6.6,6.6,9.7,4.3,7.922,0.0630
20240223,23551,6.6,5.5,8.4,4.4,8.376,0.0490
20240222,24885,6.5,5.0,7.9,4.8,8.158,0.1180
20240221,25395,6.6,6.8,7.6,4.1,8.547,0.0840
20240220,25990,6.5,7.1,7,4.4,6.037,0.048
20240219,31570,6.8,6.0,9.2,6.0,13.261,0.174
20240218,23103,6.6,6.4,9.1,4.0,12.030,0.109
20240217,21849,6.4,5.9,9.6,4.5,10.711,0.106
20240216,21289,6.5,3.0,10.5,4.7,10.930,0.1140
20240215,22032,6.4,6.1,9.5,4.8,10.776,0.1430
20240214,22055,6.4,6.0,10.1,5.3,9.956,0.1010
20240213,24643,6.4,4.9,9.9,4.9,10.437,0.18
20240212,24034,6.3,6.1,9.8,5.2,11.977,0.168
20240211,22297,6.3,5.6,9,4.1,9.447,0.112
20240210,21725,6.5,5.2,8.8,4.3,9.152,0.074
20240209,25517,6.5,6.2,9.5,4.7,9.167,0.1140
20240208,25277,6.6,3.8,10.5,4.5,9.051,0.1220
20240207,24198,6.6,5.6,9.9,4.6,8.685,0.1780
20240206,25391,6.6,7.8,8.9,4.3,9.496,0.094
20240205,28296,6.2,6.5,8.8,5.3,10.508,0.226
20240204,24482,6.4,4.8,9.4,4.0,10.337,0.199
20240203,22501,6.5,5.8,9.4,3.6,7.904,0.1330
20240202,23340,6.5,3.5,10,4.2,8.937,0.1390
20240201,23328,6.4,3.9,9.6,4.4,9.766,0.1880
20240131,22401,6.4,7.3,9.7,4.8,9.114,0.1630
20240130,22010,6.3,7.0,9.5,5.5,10.090,0.2020
20240129,22279,6.4,4.0,9.1,5.2,10.833,0.3100
20240128,23290,6.5,5.3,9.4,4.8,8.484,0.2430
20240127,22944,6.5,5.7,10.2,4.6,10.941,0.2180
20240126,22648,6.5,3.4,10.9,4.8,11.365,0.217
20240125,22665,6.5,5.1,10.7,5.5,8.696,0.3380
20240124,21793,6.5,6.4,10,5.6,8.264,0.4270
20240123,22209,6.6,4.1,9.2,5.0,7.758,0.1920
20240122,23328,6.5,3.3,9.2,5.3,7.275,0.269
20240121,25396,6.4,4.3,10.1,5.6,11.740,0.308
20240120,24433,6.3,4.7,10.69,5.3,7.931,0.2920
20240119,21236,6.3,4.8,10.6,5.3,7.931,0.2920
20240118,23055,6.3,4.0,10.8,4.8,8.877,0.31
20240117,21097,6.3,5.7,9.9,4.3,8.163,0.3820
20240116,21018,6.3,5.2,10.5,5.0,8.957,0.353
20240115,21126,6.3,4.1,10.4,4.9,9.612,0.323
20240114,21374,6.3,4.0,10.5,4.5,9.478,0.253
20240113,21901,6.4,6.0,10.8,5.0,9.022,0.2190
20240112,22132,6.4,4.7,12.1,4.9,9.275,0.1860
20240111,22038,6.2,3.5,10.3,4.8,9.289,0.2240
20240110,21991,6.2,7.3,9.9,4.6,8.226,0.165
20240109,20844,6.2,4.3,10.1,4.4,9.097,0.1460
20240108,21381,6.2,4.1,9.9,4.6,9.369,0.203
20240107,22260,6.2,5.7,10.1,4.1,10.180,0.173
20240106,21441,6.3,4.5,10.6,4.1,8.275,0.146
20240105,22970,6.3,4.6,12,5.0,9.696,0.2570
20240104,23081,6.3,4.7,11.2,4.9,8.756,0.1520
20240103,22761,6.2,6.5,10.1,4.7,8.986,0.1440
20240102,23967,5.9,5.8,9.6,6.0,8.546,0.280
20240101,22863,6.0,4.3,9.1,4.7,8.738,0.2540
20231231,23015,6.3,4.9,9.4,4.5,8.427,0.223
20231230,23664,6.3,4.4,11.4,4.6,8.226,0.212
20231229,23730,6.4,5.2,11.5,4.3,7.769,0.2050
20231228,24237,6.3,4.8,10.4,4.2,7.806,0.2090
20231227,23930,6.3,6.0,8.4,3.6,7.538,0.2270
20231226,23227,6.1,4.4,9.4,4.5,10.272,0.3060
20231225,22694,6.3,4.7,8.9,4.6,9.860,0.274
20231224,21884,6.3,4.9,8.9,3.3,8.947,0.276
20231223,23384,6.3,5.0,9.3,3.6,8.030,0.1320
20231222,22692,6.3,5.0,8.8,3.6,8.369,0.149
20231221,23175,6.4,4.7,8.8,3.3,7.968,0.1750
20231220,22910,6.4,4.9,9.4,3.3,8.479,0.1240
20231219,23661,6.4,4.1,8,3.1,7.640,0.0880
20231218,23788,6.3,4.5,8.5,3.1,8.039,0.181
20231217,25184,6.5,4.7,8,3.0,7.454,0.166
20231216,28937,6.5,3.1,7.9,3.0,7.571,0.13
20231215,33938,6.5,4.1,9.2,4.0,8.070,0.140
20231214,24737,6.4,4.7,9.9,3.6,10.805,0.2380
20231213,22421,6.4,4.5,9.4,3.4,10.959,0.1790
20231212,23845,6.4,5.2,9.1,3.7,7.941,0.1540
20231211,27467,6.3,4.6,9.9,6.2,10.962,0.254
20231210,22497,6.3,4.6,10.4,4.8,11.037,0.174
20231209,21717,6.5,4.9,9.6,3.2,11.409,0.111
20231208,21814,6.4,4.6,9.3,3.2,12.232,0.0690
20231207,22237,6.3,4.5,9.6,3.2,8.670,0.0810
20231206,22227,6.3,4.5,9.2,3.2,9.366,0.065
20231205,21012,6.3,4.5,8.8,3.2,9.599,0.069
20231204,22785,6.3,3.3,9.9,3.2,8.209,0.156
20231203,22623,6.4,4.4,10.1,3.7,7.825,0.1
20231202,22374,6.5,4.6,10.5,3.3,6.192,0.0560
20231201,21939,6.4,5.0,10.1,3.3,6.214,0.0440
20231130,21663,6.4,4.6,10,2.8,6.883,0.1700
20231129,22461,6.3,5.0,11.2,2.8,6.472,0.1360
20231128,22030,6.3,2.6,8.4,2.7,6.431,0.130
20231127,21746,6.3,5.4,7.9,2.6,7.899,0.119
20231126,21718,6.3,4.6,8.2,2.4,7.028,0.098
20231125,22459,6.4,4.7,8.3,2.4,5.886,0.0940
20231124,22136,6.5,4.3,8.2,2.4,6.078,0.0870
20231123,22848,6.6,4.2,7.3,1.8,8.887,0.066
20231122,22909,6.4,2.5,8.8,2.3,8.565,0.0690
20231121,22581,6.3,2.7,7.2,2.3,8.759,0.0750
20231120,22376,6.3,4.8,7.3,2.2,9.338,0.09
20231119,22745,6.3,5.0,6.9,1.9,9.942,0.085
20231118,22470,6.5,3.5,7.3,1.8,9.913,0.088
20231117,22582,6.5,4.6,9.4,1.9,9.784,0.080
20231116,23788,6.4,4.7,8,1.8,8.162,0.0840
20231115,22532,6.4,3.3,6.2,1.8,7.863,00.071
20231114,22611,6.4,3.9,6.9,1.8,9.042,0.0810
20231113,22757,6.3,5.3,8.5,1.9,9.660,0.088
20231112,22872,6.3,4.7,8.1,1.9,9.735,0.071
20231111,23555,6.3,4.6,8.5,2.0,8.782,0.071
20231110,23526,6.3,3.0,8.4,2.2,8.362,0.0750
20231109,22538,6.4,4.9,7.9,2.2,7.770,0.2400
20231108,24711,6.3,3.6,7.7,2.0,7.728,0.17410
20231107,23071,6.4,4.1,7.6,1.6,8.169,0.093
20231106,26205,6.2,4.8,7,1.6,9.896,0.104
20231105,22806,6.3,4.2,7.7,1.7,9.188,0.130
20231104,22843,6.4,3.5,8,1.8,7.837,0.1140
20231103,23233,6.4,4.2,9.4,1.8,9.128,0.1300
20231102,23060,6.4,5.0,8.3,1.8,9.507,0.127
20231101,23269,6.4,4.3,7.8,2.0,8.041,0.1220
20231031,23706,6.4,4.3,8,2.3,9.258,0.0340
20231030,23513,6.3,3.9,6.7,2.3,10.102,00.052
20231029,24179,6.3,3.4,6.7,2.4,9.750,0.001
20231028,22975,6.4,3.4,7.7,2.4,8.874,0.003
20231027,23257,6.4,4.6,8.1,2.4,9.239,0.026
20231026,23608,6.4,4.7,8.6,2.3,8.983,0.040
20231025,23842,6.4,4.2,8.8,2.6,9.891,0.0750
20231024,24922,6.3,4.8,8.5,2.4,9.068,0.1330
20231023,24577,5.7,3.1,9,2.7,10.219,0.2170
20231022,24990,5.8,4.0,8.9,2.5,10.371,0.360
20231021,24999,5.9,4.1,9,2.2,10.747,0.9430
20231020,24034,6,3.7,9.6,2.4,10.591,1.659
20231019,24605,5.9,4.9,10,2.8,10.147,1.1430
20231018,23737,5.8,5.0,10.9,3.6,9.394,0.7090
20231017,25194,6,4.8,11.1,4.0,9.977,1.478
20231016,26287,5.8,4.7,10.5,4.4,11.170,1.531
20231015,25719,5.7,4.3,11.6,4.2,10.782,1.557
20231014,25445,5.7,4.4,11.6,3.8,11.782,1.443
20231013,25895,5.6,4.7,14.10,4.5,11.449,1.1140
20231012,26737,5.9,2.8,14,6.2,10.506,1.2740
20231011,26362,5.8,5.0,13,5.6,11.018,1.486
20231010,26281,5.9,4.7,12.5,5.6,12.796,0
20231009,26626,5.8,4.6,13,4.3,13.467,0
20231008,25492,6.5,4.4,12.3,5.8,11.804,0
20231007,25728,6.4,3.2,11.9,4.0,10.384,0
20231006,25892,6.3,7.9,11.4,4.4,9.566,1.6840
20231005,25746,6.1,4.3,9.6,4.9,8.971,1.5760
20231004,25055,6.1,4.0,9.5,3.8,12.998,null
20231003,26184,5.9,3.7,9.6,4.8,13.489,null
20231002,24540,6,4.0,8.6,3.3,11.343,0.602
20231001,24054,6.3,4.0,9.4,3.6,13.146,0.5520
20230930,23778,6.4,3.9,8.6,3.0,12.574,0.371
20230929,22892,6.6,3.9,8.3,2.5,9.745,0.241
20230928,26058,6.7,4.1,7,2.2,7.704,0.293
20230927,28370,6.7,3.9,7,2.2,8.351,0.2100
20230926,27201,6.7,4.6,6,2.3,7.390,0.1780
20230925,26673,6.7,3.9,5.7,2.0,7.938,0.262
20230924,28571,6.8,3.2,5.8,2.0,7.544,0.213
20230923,29379,6.9,3.2,5.2,2.0,7.514,0.155
20230922,31407,6.9,4.5,4.6,2.0,6.556,0.1600
20230921,40563,6.6,3.6,4.7,2.2,5.568,0
20230920,30653,6.5,4.6,6.6,1.9,7.248,0.1540.0
20230919,29710,6.5,3.7,4.5,1.8,6.303,0.1450
20230918,32675,6.5,3.5,4.6,2.3,5.813,0.187
20230917,34189,6.5,4.5,5.5,2.7,5.817,0.136
20230916,26325,6.4,5.2,8.3,2.8,10.763,0.146
20230915,23974,6.78,2.9,8.2,3.0,8.185,0.1750
20230914,27755,6.7,4.1,8.7,4.4,8.303,0.356
20230913,25886,6.8,2.8,9.1,3.6,8.793,0.319
20230912,26094,6.8,4.3,9.3,3.8,8.698,0.156
20230911,26732,6.8,4.2,7.4,3.4,9.052,0.237
20230910,26483,6.9,3.3,7.5,3.6,9.688,0.177
20230909,24709,7.1,3.2,6.9,2.4,6.787,0.1560
20230908,26903,7.1,3.0,6.5,2.3,5.930,0.1390
20230907,26396,7.2,2.7,6.3,2.1,4.312,0.2270
20230906,29665,7.1,4.9,6,2.0,5.685,0.147
20230905,29217,7.1,1.6,5.4,1.8,5.139,0.1310
20230904,29021,7.2,2.5,6.3,1.3,5.305,0.209
20230903,32843,7.2,2.6,5.9,1.3,4.668,0.240
20230902,35333,7.2,4.6,6.2,1.3,4.413,0.149
20230901,34731,7,2.2,6.6,2.0,6.223,0.12907
20230831,28477,6.9,3.2,6.6,1.6,6.962,0.18
20230830,29003,6.9,2.0,6.7,1.8,6.888,0.147
20230829,28642,7,3.9,5.9,1.8,7.629,0.1270
20230828,27356,7,3.3,6.1,1.6,7.309,0.229
20230827,29476,7.1,4.3,6.6,1.5,6.560,0.183
20230826,29999,7.2,2.9,5,1.1,4.683,0.178
20230825,34622,7.2,3.6,5.1,1.6,3.165,0.1280
20230824,38167,6.9,3.4,6.6,2.3,6.911,0.166
20230823,28453,6.9,3.8,6.1,1.6,6.521,0.1480
20230822,27606,6.9,3.8,8,1.5,6.599,0.1230
20230821,28426,7,4.6,5.9,1.5,5.190,0.154
20230820,28076,7,4.1,6.4,1.2,5.581,0.134
20230819,30612,7,3.5,0.5,1.3,7.103,0.1250
20230818,26590,7,6.9,6.3,1.2,6.886,0.1270
20230817,27025,7,7.0,6,1.0,8.555,0.1340
20230816,26222,7,8.3,7.4,0.9,8.201,0.119
20230815,26523,7,8.9,8.3,0.9,7.840,0.121
20230814,26758,6.9,6.6,6,1.0,7.769,0.143
20230813,28133,7.1,8.0,5.6,1.0,6.780,0.148
20230812,30088,7.1,8.2,5.4,1.1,4.441,0.1400
20230811,34413,7.1,8.8,4.4,1.5,2.721,0.140
20230810,47956,6.9,7.2,6,2.3,6.388,0
20230809,29937,6.8,8.8,5.9,2.0,7.614,0.1690
20230808,25789,6.7,4.8,7.2,2.4,10.518,0.1660
20230807,25885,6.7,7.6,7.1,2.2,8.668,0.187
20230806,26271,6.7,7.2,7.7,3.0,8.275,0.201
20230805,27928,6.7,3.0,9.5,5.0,7.683,0.26
20230804,27586,6.7,4.4,9.2,5.7,7.713,0.2440
20230803,28760,6.9,6.4,11.5,5.2,7.587,0.270
20230802,27439,6.7,2.5,10.2,6.5,8.141,0.262
20230801,26559,6.7,4.4,9.1,5.2,6.760,0.231
20230731,25870,6.8,5.8,7.4,3.9,8.677,0.218
20230730,26156,6.8,4.1,9.1,3.3,8.109,0.1810
20230729,26952,6.8,1.6,8.6,2.9,7.022,0.159
20230728,26961,6.8,5.9,10.1,3.5,6.351,0.1530
20230727,26845,6.8,3.3,9,2.7,6.510,0.1450
20230726,27159,6.8,3.9,9.2,2.7,6.040,0.1270
20230725,29877,6.8,5.7,8.1,2.2,6.532,0.1180
20230724,30022,6.8,2.8,7.8,2.1,6.167,0.135
20230723,30852,6.9,2.5,7.3,2.2,7.319,0.120
20230722,28758,6.9,5.2,6.9,2.4,5.335,0.114
20230721,30455,7,4.7,6.7,2.4,5.320,0.1140
20230720,33344,7.1,6.3,6.5,2.5,6.334,0.167
20230719,39603,7.1,6.8,5.8,2.6,4.570,0.117
20230718,35581,7,7.4,6.5,2.6,6.725,0.1110
20230717,38378,7,3.3,6.9,1.9,5.130,0.152
20230716,39562,6.9,6.2,2.5,2.1,8.486,0.155
20230715,29546,6.9,2.9,5.5,1.8,8.431,0.116
20230714,28802,6.8,4.8,8.9,2.2,10.441,0.1180
20230713,29534,6.9,5.6,8.4,2.2,7.992,0.1800
20230712,32221,6.9,6.9,8.5,2.0,8.175,0.1210
20230711,30514,6.9,4.5,8.3,1.7,9.975,0.1100
20230710,27652,6.9,6.2,6.5,1.2,9.621,0.158
20230709,30725,6.9,4.7,6.4,1.2,9.437,0.15
20230708,30792,7,6.7,6.6,1.3,7.015,0.130
20230707,28543,6.8,4.4,8.5,1.8,7.071,0.1690
20230706,28775,6.8,5.5,8.1,1.6,5.255,0.1760
20230705,30296,6.7,6.2,8.8,2.5,7.998,0.1640
20230704,25694,6.9,6.2,7.1,2.2,6.710,0.1620
20230703,26373,6.9,5.3,10,2.5,6.389,0.243
20230702,27800,7,6.4,8.2,2.4,6.362,0.226
20230701,27386,7,3.5,9.6,2.3,5.467,0.2160
20230630,28519,7,3.9,9.1,2.2,5.249,0.1670
20230629,28274,7.1,4.7,8.3,1.8,5.212,0.0420
20230628,31650,7,4.4,9.4,2.0,5.698,0.045
20230627,27272,7,2.0,8.2,1.4,5.819,0.0380
20230626,30316,6.8,6.8,8.2,1.9,8.211,0.045
20230625,26788,6.9,3.1,8.8,1.5,8.199,0.048
20230624,25676,6.9,1.9,8.7,1.6,7.803,0.0540
20230623,25272,6.9,5.7,8.5,1.7,6.864,0.0560
20230622,25860,6.9,4.1,9,1.8,7.546,0.0580
20230621,27054,6.8,3.6,9.4,2.2,8.584,0.0640
20230620,24577,6.8,5.0,9.3,2.2,9.940,0.1690
20230619,25022,6.8,1.6,8.6,1.9,9.582,0.048
20230618,26148,6.8,2.6,7.9,1.8,9.815,0.05
20230617,27033,6.9,7.2,7.8,1.8,8.448,0.053
20230616,25263,6.9,4.1,8.5,1.9,8.004,0.057
20230615,23642,6.9,6.8,8.6,2.0,8.374,0.047
20230614,22721,6.9,5.3,8.1,1.9,8.538,0.053
20230613,23442,6.8,3.7,8.2,1.9,8.972,0.0520
20230612,12326,6.8,5.4,8.3,1.8,9.408,0.051
20230611,24558,6.8,3.8,8.6,1.8,9.257,0.053
20230610,25630,6.8,3.6,9,2.1,8.926,0.0510
20230609,25567,6.8,6.0,9.8,2.3,8.361,0.050
20230608,24804,6.8,4.7,9.9,2.3,8.560,0.057
20230607,25963,6.7,4.6,9.4,2.3,9.614,0.058
20230606,25249,6.7,3.6,8.5,2.4,9.455,0.061
20230605,24293,6.7,4.8,7.9,2.4,8.321,0.062
20230604,25711,6.8,6.9,8.3,2.2,7.920,0.06
20230603,26192,6.9,4.4,8,2.2,7.342,0.057
20230602,26961,6.8,3.6,8.4,2.1,7.185,0.1940
20230601,26425,6.8,4.5,8,1.7,5.161,0.1490
20230531,28071,6.8,2.9,9.8,2.1,4.200,0.1200
20230530,31638,6.7,8.4,6.8,1.7,3.289,0.1
20230529,33287,6.6,6.4,8.1,2.1,6.027,0.196
20230528,24116,6.7,3.2,8,1.8,5.623,0.162
20230527,23873,6.7,3.2,8.2,1.9,4.663,0.155
20230526,24426,6.7,4.7,8.6,1.7,5.345,0.1210
20230525,23988,6.7,6.0,8,1.7,5.504,0.1340
20230524,26225,6.7,5.5,7.9,1.8,5.530,0.1150
20230523,24282,6.7,6.5,7.7,1.4,7.379,0.1080
20230522,24593,6.7,4.0,7.8,1.3,7.974,0.154
20230521,26477,6.7,3.3,7.1,1.4,8.262,0.114
20230520,26708,6.7,4.0,7.7,1.5,8.035,0.097
20230519,29710,6.6,5.8,8.6,2.1,8.209,0.097
20230518,26446,6.7,4.9,8.1,1.5,8.369,0.1380
20230517,25454,6.7,7.1,8.8,1.6,7.814,0.1280
20230516,25274,6.7,4.5,9,1.7,9.314,0.1090
20230515,25045,6.6,5.0,8.4,1.7,9.556,0.189
20230514,26155,6.6,5.9,8.5,1.6,10.312,0.143
20230513,25946,6.7,6.0,9.1,1.8,9.785,0.1230
20230512,24830,6.7,6.7,8.6,2.0,10.093,0.1120
20230511,25339,6.7,8.6,8,2.0,9.273,0.1460
20230510,26122,6.7,8.3,8.1,2.1,9.004,0.1320
20230509,26577,6.8,8.1,8.4,2.4,9.763,0.119
20230508,28583,6.8,9.6,6.9,2.3,5.251,0.222
20230507,30878,6.8,8.1,6.6,2.5,4.163,0.189
20230506,37396,6.7,9.2,8.3,5.0,5.276,0.200
20230505,29352,6.6,9.3,12.5,6.7,8.022,0.2840
20230504,23646,6.6,9.4,13.7,6.4,7.779,0.3050
20230503,24489,6.6,9.3,13.6,6.3,8.041,0.5370
20230502,24121,6.6,9.4,12.3,5.1,8.579,0.538
20230501,24739,6.7,8.9,12.5,4.3,7.493,0.603
20230430,24801,6.6,9.5,14.0,4.2,7.961,0
20230429,24879,6.6,7.6,14.7,4.8,8.607,0
20230428,23177,6.7,7.8,14.7,4.6,8.013,0
20230427,23538,6.7,9.4,13.1,4.3,7.687,0.322
20230426,23971,6.6,9.2,14.4,6.0,9.832,0.470
20230425,23115,6.4,7.4,12.9,5.8,9.857,0.503
20230424,23011,6.5,7.8,12.6,4.1,8.686,0.407
20230423,24150,6.5,6.7,10.2,3.2,8.901,0.521
20230422,23673,6.6,7.7,11.3,3.7,8.547,0.380
20230421,23379,6.6,7.1,11.7,4.5,8.894,0.3690
20230420,24718,6.6,7.1,14.3,5.1,10.223,0.7710
20230419,23761,6.5,5.5,10.4,3.8,9.265,0.568
20230418,23136,6.5,7.2,12.2,3.8,8.647,0.478
20230417,24111,6.5,6.7,13.8,3.1,10.494,0.444
20230416,25064,6.6,5.8,15.5,3.2,10.687,0.472
20230415,24740,6.6,5.1,16.7,4.9,9.887,0.284
20230414,25369,6.6,5.7,17.2,8.1,10.347,0.364
20230413,23954,6.5,7.4,13.9,3.9,9.619,0.460
20230412,23991,6.5,7.1,14.1,3.9,9.772,0.447
20230411,24016,6.5,4.2,11.7,3.3,9.963,0.521
20230410,24069,6.5,6.1,10,2.2,9.313,0.246
20230409,24929,6.5,5.8,9.4,2.4,8.494,0.184
20230408,25224,6.5,4.4,10.8,4.0,8.639,0.441
20230407,26856,6.6,5.1,11.5,2.9,8.615,0.218
20230406,26365,6.4,7.4,11.5,3.7,8.879,0.523
20230405,25925,6.5,4.8,12.4,3.4,9.928,0.721
20230404,23233,6.5,6.3,11,3.4,10.219,0.269
20230403,23600,7.1,5.5,9.8,2.8,7.891,0.511
20230402,24488,7.1,7.8,8.8,3.2,7.633,0.342
20230401,23781,7.2,7.3,10.5,2.9,6.837,0.735
20230331,23670,null,4.7,null,2.9,6.414,0.435
20230330,23774,null,4.8,null,5.2,7.160,0.497
20230329,24151,null,6.9,null,3.1,7.227,0.397
20230328,23383,null,7.4,null,6.3,7.108,0.301
20230327,24331,null,7.4,null,3.1,6.917,0.326
20230326,25224,null,6.5,null,2.5,5.332,0.196
20230325,24860,null,5.8,null,2.9,4.577,0.183
20230324,25758,null,1.3,null,4.6,4.653,0.183
20230323,30776,null,2.2,null,5.0,8.179,0.296
20230322,23976,null,4.2,null,4.4,7.996,0.253
20230321,22763,null,3.9,null,3.9,7.353,0.193
20230320,23992,null,5.7,null,3.6,10.655,0.338
20230319,24064,null,2.9,null,2.9,10.823,0.261
20230318,24384,null,4.1,null,3.9,10.865,0.213
20230317,22927,null,3.8,null,4.0,10.002,0.199
20230316,23229,null,3.1,null,3.4,8.925,0.222
20230315,23136,null,4.2,null,3.5,10.484,0.192
20230314,22523,null,5.1,null,2.3,9.349,0.166
20230313,23070,null,5.5,null,2.1,9.063,0.164
20230312,24690,null,4.9,null,2.0,9.740,0.147
20230311,23412,null,4.2,null,2.1,10.115,0.124
20230310,23612,null,4.9,null,2.1,9.247,0.116
20230309,23015,null,4.6,null,2.4,9.553,0.141
20230308,23104,null,5.3,null,2.6,8.790,0.142
20230307,22394,null,2.8,null,2.3,8.851,0.130
20230306,22771,null,3.0,null,1.9,8.184,0.135
20230305,24225,null,3.8,null,2.0,7.911,0.121
20230304,22558,null,2.4,null,2.0,6.845,0.113
20230303,22425,null,4.0,null,2.5,7.422,0.110
20230302,22972,null,3.3,null,2.1,8.337,0.144
20230301,22802,null,3.3,null,2.3,7.470,0.136
20230228,21821,null,2.9,null,2.1,7.758,0.129
20230227,22435,null,2.2,null,1.9,7.131,0.115
20230226,23610,null,6.5,null,1.8,7.433,0.106
20230225,22987,null,6.5,null,1.8,7.304,0.099
20230224,22542,null,5.5,null,1.8,7.826,0.098
20230223,22677,null,5.2,null,1.7,8.024,0.103
20230222,22667,null,5.5,null,1.7,7.080,0.100
20230221,22125,null,3.9,null,1.8,6.964,0.091
20230220,22496,null,6.2,null,1.5,8.028,0.131
20230219,23369,null,5.1,null,1.6,8.195,0.113
20230218,23546,null,4.9,null,1.9,7.532,0.112
20230217,22536,null,4.1,null,2.2,7.108,0.117
20230216,22484,null,4.2,null,2.0,7.572,0.139
20230215,22244,null,5.0,null,1.9,7.243,0.130
20230214,23000,null,5.3,null,1.9,8.877,0.114
20230213,22454,null,4.8,null,1.6,8.480,0.138
20230212,23011,null,3.5,null,1.4,8.188,0.113
20230211,23994,null,4.5,null,1.3,7.207,0.095
20230210,26913,null,3.2,null,1.8,8.379,0.123
20230209,22940,null,4.8,null,1.2,6.898,0.111
20230208,22798,null,4.9,null,1.2,7.679,0.231
20230207,22734,null,4.1,null,1.4,7.444,0.094
20230206,22875,null,2.7,null,1.2,8.599,0.121
20230205,23522,null,5.7,null,1.1,8.965,0.104
20230204,23078,null,3.5,null,1.2,7.749,0.117
20230203,23287,null,2.5,null,1.3,8.002,0.104
20230202,22902,null,4.1,null,1.4,8.457,0.125
20230201,23536,null,4.0,null,1.4,9.119,0.110
20230131,23146,null,3.0,null,1.7,8.245,0.110
20230130,22896,null,4.9,null,1.9,9.799,0.160
20230129,24486,null,5.6,null,1.5,9.286,0.121
20230128,23328,null,3.0,null,1.7,8.817,0.113
20230127,24134,null,3.2,null,2.2,9.157,0.122
20230126,22811,null,3.0,null,2.8,9.109,0.128
20230125,24658,null,3.1,null,2.3,9.846,0.140
20230124,23050,null,3.4,null,1.7,10.510,0.151
20230123,21563,null,5.5,null,2.2,9.861,0.148
20230122,19447,null,3.9,null,2.2,7.266,0.134
20230121,23824,null,6.1,null,2.2,6.937,0.129
20230120,24311,null,3.3,null,2.5,5.573,0.126
20230119,24350,null,3.3,null,3.5,7.692,0.140
20230118,23728,null,4.7,null,3.2,9.301,0.170
20230117,24617,null,5.1,null,2.5,7.213,0.124
20230116,23806,null,4.2,null,2.3,5.985,0.179
20230115,23932,null,4.1,null,2.0,6.537,0.123
20230114,26703,null,4.0,null,2.1,5.265,0.115
20230113,29676,null,3.0,null,2.9,6.658,0.133
20230112,22450,null,4.2,null,2.7,7.066,0.155
20230111,22252,null,5.1,null,2.7,6.914,0.138
20230110,21912,null,4.9,null,2.6,6.820,0.246
20230109,22996,null,3.8,null,3.0,8.062,0.246
20230108,23547,null,5.2,null,2.4,7.360,0.246
20230107,22523,null,4.5,null,3.2,7.856,0.246
20230106,22655,null,3.9,null,3.2,8.101,0.214
20230105,22868,null,2.8,null,3.1,8.023,0.246
20230104,23108,null,4.4,null,2.2,7.388,0.154
20230103,22633,null,3.8,null,2.1,9.454,0.121
20230102,22892,null,3.4,null,2.4,12.174,0.282
20230101,22819,null,4.6,null,2.0,11.362,0.138
20221231,22773,null,4.6,null,2.1,10.947,0.148
20221230,21959,null,3.9,null,2.1,9.386,0.281
20221229,22475,null,3.0,null,2.0,9.688,0.231
20221228,23113,null,4.5,null,2.1,10.044,0.266
20221227,22598,null,3.4,null,2.3,9.999,0.167
20221226,22975,null,3.3,null,1.8,10.851,0.136
20221225,23390,null,3.1,null,1.8,10.647,0.124
20221224,23751,null,3.1,null,2.0,9.629,0.126
20221223,23114,null,3.1,null,2.0,9.824,0.133
20221222,22883,null,4.5,null,1.0,11.307,0.136
20221221,24172,null,3.6,null,1.3,9.117,0.131
20221220,15096,null,2.6,null,1.7,9.545,0.123
20221219,13560,null,3.0,null,1.4,10.638,0.139
20221218,20925,null,3.5,null,1.2,10.566,0.141
20221217,24339,null,2.9,null,1.2,9.279,0.126
20221216,23637,null,2.0,null,1.3,8.572,0.117
20221215,23863,null,3.3,null,1.1,9.131,0.158
20221214,23933,null,4.1,null,1.0,8.141,0.171
20221213,24879,null,2.7,null,1.1,9.747,0.158
20221212,24163,null,3.4,null,1.0,9.038,0.152
20221211,24807,null,3.2,null,0.8,8.098,0.146
20221210,24238,null,2.8,null,0.9,8.500,0.165
20221209,24041,null,2.8,null,1.1,7.634,0.167
20221208,24561,null,4.0,null,1.3,7.387,0.184
20221207,24223,null,4.0,null,1.1,7.584,0.224
20221206,24175,null,3.8,null,1.3,7.436,0.189
20221205,24138,null,4.4,11.6,1.2,9.355,0.283
20221204,24715,null,3.2,11.6,1.0,8.678,0.382
20221203,23405,null,4.2,11.6,1.1,7.816,0.350
20221202,24040,null,3.8,11.7,1.3,7.479,0.215
20221201,24362,null,3.8,8.3,1.3,7.479,0.215
20221130,24570,null,2.9,8.2,2.2,7.084,0.289
20221129,28734,null,2.6,9.7,2.0,8.914,0.278
20221128,23867,null,2.8,9.3,1.5,10.123,0.250
20221127,23572,null,4.4,9.5,1.4,9.080,0.208
20221126,23658,null,2.4,9.7,1.6,8.354,0.174
20221125,21834,null,3.6,11.6,1.7,9.406,0.202
20221124,22902,null,3.8,11.7,1.7,10.757,0.212
20221123,23090,null,4.4,12.0,2.2,10.276,0.331
20221122,24004,null,3.7,10.0,1.8,8.533,0.226
20221121,23963,null,3.7,9.1,1.8,9.152,0.222
20221120,23345,null,3.1,9.8,1.3,9.309,0.229
20221119,22950,null,4.3,9.9,1.6,8.604,0.232
20221118,23373,null,4.1,11.2,1.9,8.946,0.207
20221117,24045,null,2.8,10.7,2.1,9.237,0.226
20221116,24509,null,2.1,10.8,2.2,9.735,0.211
20221115,23570,null,3.0,9.8,1.7,9.461,0.207
20221114,23405,null,4.4,9.3,1.6,8.150,0.227
20221113,27523,null,4.2,9.3,1.6,8.871,0.230
20221112,23999,null,3.0,10.1,1.4,9.002,0.228
20221111,23070,null,4.3,10.9,1.3,8.855,0.232
20221110,23554,null,3.7,10.1,1.8,8.847,0.320
20221109,23566,null,3.4,11.1,1.5,8.301,0.225
20221108,23361,null,2.5,9.8,1.4,9.366,0.263
20221107,24129,null,2.4,8.1,0.8,9.453,0.256
20221106,23799,null,3.6,8.9,0.9,8.113,0.267
20221105,23493,null,3.0,10.1,1.1,8.435,0.271
20221104,23184,null,4.2,11.2,1.6,8.435,0.311
20221103,23724,null,3.3,10.2,1.4,8.754,0.292
20221102,23565,null,4.1,11.6,1.7,8.427,0.248
20221101,23567,null,2.6,9.3,1.8,9.007,0.230
20221031,23846,null,3.8,9.3,2.1,10.001,0.227
20221030,23172,null,3.7,8.6,1.8,9.521,0.218
20221029,23436,null,4.5,8.2,2.1,8.349,0.189
20221028,23541,null,4.2,9.3,2.2,8.276,0.168
20221027,23596,null,3.8,9.2,1.9,9.826,0.173
20221026,23491,null,3.5,9.8,2.2,9.024,0.198
20221025,23449,null,3.0,9.7,2.0,9.205,0.192
20221024,24348,null,2.6,9.5,1.8,10.299,0.214
20221023,24500,null,3.9,8.2,1.7,10.204,0.195
20221022,23890,null,3.3,8.5,1.7,9.450,0.193
20221021,23783,null,3.6,8.5,1.7,8.790,0.173
20221020,23940,null,2.9,7.7,0.9,8.885,0.192
20221019,24120,null,3.7,8.8,0.8,9.226,0.176
20221018,23716,null,2.9,9.2,1.0,9.016,0.177
20221017,24472,null,4.5,8.4,1.5,9.845,0.210
20221016,25137,null,4.3,9.4,1.2,9.871,0.169
20221015,24123,null,3.3,10.4,1.4,9.693,0.144
20221014,23853,null,2.7,11.4,1.5,9.336,0.136
20221013,24531,null,4.2,9.2,1.8,9.376,0.163
20221012,24263,null,3.2,9.6,1.5,8.682,0.145
20221011,24737,null,3.6,8.5,2.7,9.927,0.233
20221010,24832,null,4.5,9.3,1.9,12.163,0.191
20221009,23393,null,3.1,9.5,1.4,10.196,0.149
20221008,24316,null,2.6,9.1,1.5,9.873,0.131
20221007,24671,null,2.2,9.9,1.6,9.713,0.128
20221006,24567,null,2.8,9.5,1.8,9.774,0.146
20221005,25837,null,3.8,9.3,1.9,9.563,0.153
20221004,27017,null,4.1,7.1,1.5,10.387,0.183
20221003,25505,null,4.0,6.0,1.5,9.420,0.213
20221002,23849,null,3.2,7.5,1.3,9.010,0.134
20221001,25408,null,3.7,6.5,1.2,8.839,0.122
20220930,25887,null,2.4,7.9,1.3,8.332,0.113
20220929,26498,null,2.8,7.2,1.7,10.428,0.156
20220928,26579,null,2.8,7.2,1.7,9.200,0.100
20220927,26162,null,4.2,5.5,1.7,9.745,0.126
20220926,26398,null,3.6,7.2,1.7,10.428,0.156
20220925,26609,null,3.6,5.5,1.4,9.830,0.139
20220924,26335,null,3.9,8.0,1.6,9.514,0.142
20220923,26720,null,3.0,7.3,1.8,9.530,0.135
20220922,27195,null,3.8,6.5,1.8,7.419,0.204
20220921,27867,null,3.9,7.1,2.2,7.481,0.164
20220920,29446,null,4.5,5.6,1.9,6.280,0.139
20220919,32619,null,3.5,6.5,2.4,8.238,0.365
20220918,27187,null,2.9,7.2,2.0,8.846,0.263
20220917,27404,null,3.2,7.3,2.1,8.204,0.186
20220916,26645,null,3.4,8.3,2.1,8.677,0.148
20220915,26715,null,4.3,7.9,0.8,8.076,0.143
20220914,26753,null,3.2,7.8,1.3,7.168,0.146
20220913,26732,null,2.4,6.6,5.2,8.274,0.373
20220912,26924,null,3.6,6.9,1.6,7.730,0.258
20220911,25251,null,3.1,4.8,1.5,8.677,0.209
20220910,23703,null,3.2,4.7,1.0,6.995,0.182
20220909,26946,null,2.8,null,1.2,6.347,0.151
20220908,29560,null,2.2,4.0,1.2,5.606,0.134
20220907,31074,null,2.1,2.7,1.4,4.083,0.172
20220906,39175,null,3.9,8.3,4.0,8.963,0.308
20220905,38815,null,3.2,5.9,2.4,8.466,0.263
20220904,33842,null,3.2,6.9,2.7,8.468,0.176
20220903,33104,null,4.6,5.6,2.8,7.795,0.141
20220902,30062,null,2.8,10.4,4.0,7.731,0.321
20220901,26781,null,3.4,10.5,6.0,7.780,0.386
20220831,29263,null,2.6,10.8,6.0,8.110,0.450
20220830,25522,null,4.0,11.2,5.0,8.111,0.450
20220829,26922,null,3.5,10.4,4.0,7.148,0.386
20220828,25654,null,2.9,9.8,2.8,8.970,0.245
20220827,25943,null,3.6,11.5,3.1,7.888,0.171
20220826,25216,null,3.8,10.1,3.0,7.745,0.093
20220825,26782,null,2.7,10.1,3.2,7.358,0.199
20220824,27168,null,4.4,9.6,3.8,8.112,0.166
20220823,24931,null,4.1,9.0,2.6,8.277,0.124
20220822,25958,null,3.9,7.6,2.2,7.695,0.294
20220821,26240,null,3.1,7.6,2.2,7.695,0.294
20220820,26435,null,4.5,12.1,2.5,7.503,0.172
20220819,25961,null,3.6,8.6,2.5,7.678,0.086
20220818,26142,null,4.9,10.2,2.1,6.868,0.147
20220817,28353,null,2.6,12.3,2.7,6.541,0.106
20220816,27145,null,4.1,9.1,2.4,10.628,0.233
20220815,25580,null,4.5,11.5,2.1,11.405,0.210
20220814,25384,null,4.0,10.3,2.2,10.345,0.169
20220813,25594,null,5.8,12.1,2.3,10.302,0.144
20220812,25191,null,1.4,9.1,2.3,10.974,0.103
20220811,24845,null,2.7,10.0,2.1,10.330,0.172
20220810,24819,null,4.4,10.6,2.0,9.541,0.144
20220809,25055,null,5.2,10.8,1.8,9.987,0.106
20220808,25156,null,3.1,8.7,1.8,11.312,0.186
20220807,25665,null,3.3,7.4,2.0,9.914,0.190
20220806,26101,null,3.6,6.6,1.7,9.596,0.143
20220805,26110,null,2.1,10.2,1.7,9.689,0.110
20220804,25803,null,2.9,10.3,1.7,8.658,0.154
20220803,26788,null,5.6,7.0,1.6,9.657,0.135
20220802,25980,null,3.7,9.9,1.8,10.924,0.119
20220801,24741,null,3.4,8.7,1.7,12.498,0.175
20220731,25502,null,3.2,7.1,1.7,8.977,0.158
20220730,25751,null,2.9,7.6,1.9,8.962,0.122
20220729,26415,null,3.8,8.0,2.6,9.912,0.180
20220728,25744,null,2.7,11.2,2.4,11.018,0.157
20220727,25812,null,3.1,11.3,2.6,8.348,0.155
20220726,26416,null,3.7,11.6,2.0,8.174,0.119
20220725,26886,null,2.7,9.2,2.1,8.154,0.161
20220724,31251,null,3.2,10.6,3.0,10.576,0.157
20220723,25028,null,3.8,10.6,2.1,10.263,0.153
20220722,26344,null,2.6,10.0,2.2,10.022,0.142
20220721,27377,null,2.9,9.0,2.2,10.975,0.168
20220720,26970,null,3.0,8.0,2.3,8.885,0.168
20220719,30310,null,2.2,7.8,2.7,9.413,0.151
20220718,33400,null,4.1,9.5,2.2,10.522,0.206
20220717,26116,null,4.1,10.6,1.7,9.638,0.224
20220716,25790,null,3.9,11.4,1.7,10.186,0.206
20220715,25517,null,3.2,10.5,1.8,12.230,0.205
20220714,25733,null,3.5,8.9,1.6,11.601,0.207
20220713,25385,null,3.3,10.1,1.7,8.944,0.230
20220712,24975,null,3.5,10.3,2.1,9.206,0.191
20220711,26047,null,3.1,8.8,1.8,12.434,0.204
20220710,25810,null,3.6,9.9,1.6,11.551,0.209
20220709,26424,null,2.2,10.6,1.7,9.991,0.207
20220708,26811,null,2.1,10.4,1.8,8.676,0.185
20220707,26722,null,3.0,9.4,1.4,10.637,0.185
20220706,26102,null,3.0,10.2,0.8,10.010,0.165
20220705,26141,null,4.5,10.0,1.5,10.042,0.155
20220704,25448,null,2.8,7.9,1.5,7.999,0.173
20220703,27419,null,2.8,8.5,1.4,7.597,0.162
20220702,27336,null,2.3,10.7,1.3,6.953,0.139
20220701,26915,null,2.6,9.8,1.4,6.940,0.124
20220630,28388,null,2.2,8.7,1.3,5.850,0.134
20220629,31071,null,3.0,8.1,1.3,6.624,0.101
20220628,31586,null,2.7,8.5,1.3,6.436,0.104
20220627,32156,null,2.8,9.9,1.3,6.878,0.124
20220626,25787,null,3.2,10.3,1.1,8.090,0.117
20220625,26815,null,3.2,7.7,1.1,7.874,0.101
20220624,27928,null,2.9,9.3,1.3,8.015,0.079
20220623,25429,null,3.0,9.1,1.2,7.899,0.115
20220622,26556,null,2.2,9.5,1.2,7.600,0.101
20220621,25143,null,2.8,8.8,1.1,7.653,0.093
20220620,25747,null,3.4,14.9,1.0,10.165,0.119
20220619,25535,null,3.4,15.1,1.0,8.967,0.111
20220618,25869,null,4.2,14.7,1.0,9.172,0.099
20220617,25087,null,4.0,13.9,1.0,9.359,0.082
20220616,24829,null,4.8,16.3,1.1,8.684,0.100
20220615,25557,null,3.3,14.8,1.2,9.377,0.095
20220614,26004,null,2.3,15.1,1.2,9.644,0.085
20220613,23844,null,2.1,15.6,1.0,9.429,0.091
20220612,25038,null,3.1,14.8,0.9,9.977,0.089
20220611,24275,null,3.7,15.4,0.9,8.952,0.083
20220610,24409,null,3.1,14.6,1.0,8.996,0.075
20220609,25333,null,5.0,13.8,1.0,9.788,0.082
20220608,25493,null,4.1,15.4,1.0,8.746,0.085
20220607,25028,null,3.1,8.0,1.0,7.637,0.150
20220606,28101,null,3.5,9.6,1.0,8.006,0.155
20220605,26867,null,4.6,11.7,0.9,9.488,0.182
20220604,23949,null,2.9,11.1,0.9,9.052,0.158
20220603,24130,null,4.7,null,1.1,6.262,0.148
20220602,24294,null,3.7,12.2,1.3,7.692,0.182
20220601,23127,null,3.7,10.9,1.4,7.022,0.177
20220531,24242,null,4.9,12.8,1.5,7.268,0.162
20220530,25472,null,4.0,11.3,1.6,8.841,0.217
20220529,25089,null,4.6,9.9,1.7,8.852,0.233
20220528,25020,null,3.3,10.9,1.9,8.292,0.221
20220527,24977,null,4.7,12.8,2.3,9.273,0.214
20220526,23839,null,4.6,11.0,2.4,9.233,0.206
20220525,24387,null,6.8,13.5,2.5,8.618,0.238
20220524,25200,null,3.4,13.0,2.5,7.937,0.205
20220523,25375,null,7.0,10.9,2.5,8.186,0.358
20220522,25237,null,4.9,12.3,2.5,9.005,0.314
20220521,24521,null,7.0,12.0,2.7,8.477,0.265
20220520,24168,null,5.0,10.9,2.8,7.078,0.243
20220519,24562,null,6.3,12.5,2.9,9.945,0.245
20220518,24031,null,7.0,17.0,3.9,9.320,0.314
20220517,24897,null,6.8,15.3,3.6,10.306,0.269
20220516,24824,null,5.2,21.4,3.3,11.846,0.322
20220515,24730,null,6.9,17.4,2.9,8.242,0.275
20220514,24068,null,6.2,18.8,3.2,11.990,0.278
20220513,24048,null,5.3,20.8,4.1,11.870,0.305
20220512,24364,null,4.5,19.4,4.3,10.478,0.356
20220511,24666,null,5.5,18.2,3.9,11.854,0.285
20220510,23995,null,5.2,19.3,3.9,13.257,0.290
20220509,24627,null,4.9,17.4,3.2,13.944,0.409
20220508,24451,null,5.8,17.9,2.7,11.749,0.350
20220507,24114,null,2.5,16.5,2.5,12.155,0.273
20220506,23821,null,4.7,null,2.6,10.196,0.262
20220505,23628,null,4.5,null,2.4,9.433,0.239
20220504,23179,null,4.7,null,2.2,8.613,0.946
20220503,25616,null,2.7,null,2.5,10.512,0.770
20220502,25256,null,4.8,19.7,2.7,11.031,0.446
20220501,25069,null,4.2,18.0,2.8,10.685,0.335
20220430,24422,null,5.0,18.5,3.2,8.810,0.275
20220429,26350,null,5.3,20.0,3.9,10.401,0.327
20220428,24987,null,5.8,20.5,2.2,10.421,0.183
20220427,26344,null,6.3,16.6,2.1,8.389,0.175
20220426,32728,null,7.0,18.4,3.0,11.030,0.537
20220425,24242,null,6.7,17.6,2.6,10.324,0.342
20220424,24748,null,4.2,17.8,3.3,10.570,0.229
20220423,23738,null,5.4,17.7,3.1,8.667,0.163
20220422,23707,null,6.1,19.6,3.5,9.668,0.166
20220421,23909,null,6.3,17.4,3.7,9.057,0.221
20220420,24085,null,6.9,17.9,4.0,9.133,0.216
20220419,23700,null,7.0,18.5,3.9,9.641,0.188
20220418,23625,null,4.9,15.4,2.2,9.990,0.269
20220417,24408,null,7.0,16.7,2.4,10.854,0.225
20220416,23523,null,5.9,17.1,2.6,11.386,0.196
20220415,23887,null,6.0,16.1,2.5,10.807,0.172
20220414,23096,null,6.7,17.4,2.4,10.566,0.218
20220413,23510,null,6.8,17.1,2.2,8.750,0.189
20220412,24297,null,5.4,16.1,2.7,9.136,0.158
20220411,24121,null,7.0,17.0,2.5,10.024,0.268
20220410,24634,null,6.2,15.7,2.4,9.264,0.207
20220409,24464,null,6.9,17.9,2.2,9.107,0.191
20220408,24870,null,6.7,16.5,2.4,8.380,0.162
20220407,24433,null,6.9,19.0,3.6,8.662,0.238
20220406,24871,null,5.5,17.8,4.6,8.832,0.193
20220405,24283,null,6.7,17.5,4.3,9.458,0.211
20220404,25111,null,6.8,16.3,8.2,7.023,0.261
20220403,24334,null,7.0,14.4,3.4,7.563,0.262
20220402,24042,null,7.0,18.8,3.6,7.102,0.231
20220401,23925,null,6.5,20.2,4.6,6.891,0.243
20220331,24511,null,6.7,20.6,8.6,6.932,0.326
20220330,26063,null,6.9,21.0,10.5,7.675,0.352
20220329,25550,null,6.8,21.5,8.3,9.052,0.362
20220328,25498,null,6.9,19.5,6.2,8.166,0.310
20220327,22468,null,6.8,19.2,5.5,7.099,0.262
20220326,29596,null,6.5,23.4,7.2,9.941,0.338
20220325,23258,null,7.0,24.0,5.6,9.102,0.315
20220324,23027,null,6.7,22.7,5.0,9.036,0.273
20220323,23029,null,7.0,21.6,6.4,9.779,0.260
20220322,23520,null,6.9,19.2,4.3,10.090,0.185
20220321,24233,null,6.6,20.0,5.5,10.541,0.268
20220320,23195,null,6.3,19.9,5.4,9.316,0.199
20220319,23507,null,5.3,18.9,4.8,10.603,0.155
20220318,25876,null,4.8,21.7,4.6,10.017,0.199
20220317,21738,null,3.8,22.0,4.6,9.760,1.410
20220316,23573,null,7.0,19.3,3.9,8.582,0.295
20220315,23678,null,4.7,19.2,3.4,9.224,0.588
20220314,22572,null,3.3,18.7,3.1,9.906,0.704
20220313,24270,null,3.2,17.7,2.8,9.642,0.956
20220312,23056,null,5.8,15.9,2.5,8.982,1.593
20220311,22719,null,4.7,17.3,2.2,9.476,1.650
20220310,22212,null,6.0,16.5,0.9,9.774,1.123
20220309,21781,null,5.5,17.9,0.6,9.610,1.648
20220308,22857,null,5.8,14.2,0.7,9.750,0.981
20220307,22828,null,7.0,16.5,0.6,11.484,0.675
20220306,24017,null,6.3,16.1,0.5,10.964,0.792
20220305,23094,null,6.1,15.0,0.5,9.117,0.345
20220304,22890,null,7.0,15.1,0.5,10.080,0.692
20220303,22473,null,6.6,17.1,0.9,9.802,1.016
20220302,22278,null,6.2,16.6,0.9,9.851,0.255
20220301,21744,null,6.9,17.7,1.2,9.575,0.277
20220228,21780,null,7.0,17.0,1.5,9.127,0.243
20220227,23033,null,6.6,16.3,1.6,11.016,0.192
20220226,22942,null,6.6,21.5,2.4,11.782,0.189
20220225,22613,null,7.0,21.3,3.0,12.704,0.174
20220224,22976,null,7.0,16.8,3.3,11.656,0.169
20220223,22862,null,6.5,17.4,3.4,13.790,0.172
20220222,22616,null,6.8,17.4,2.9,13.378,0.165
20220221,22320,null,6.3,17.7,3.7,11.101,0.160
20220220,23309,null,6.5,19.2,3.6,10.960,0.177
20220219,23029,null,6.9,19.1,3.8,10.279,0.161
20220218,22860,null,6.8,18.9,4.4,11.259,0.159
20220217,23041,null,7.0,20.9,3.6,10.067,0.160
20220216,22702,null,7.0,20.1,3.2,8.584,0.165
20220215,23042,null,6.3,19.6,2.9,10.291,0.162
20220214,23608,null,6.6,19.5,2.6,13.515,0.142
20220213,23478,null,6.8,19.2,2.3,10.824,0.137
20220212,24482,null,6.8,17.8,2.1,11.044,0.108
20220211,23272,null,6.9,18.8,2.2,9.778,0.127
20220210,23119,null,6.8,18.1,1.9,9.397,0.180
20220209,22520,null,7.0,19.2,2.2,9.289,0.729
20220208,22432,null,6.8,19.1,2.2,10.611,1.963
20220207,22019,null,6.4,18.3,2.5,9.643,2.624
20220206,22794,null,5.7,null,5.4,11.041,3.446
20220205,21879,null,6.9,null,4.5,10.808,4.238
20220204,21905,null,6.9,18.2,4.8,9.663,3.304
20220203,22406,null,6.9,20.9,7.4,10.371,3.977
20220202,22032,null,5.3,19.4,4.7,10.250,3.918
20220201,19313,null,4.2,18.6,3.8,11.983,3.353
20220131,21550,null,5.1,19.9,4.4,12.056,3.909
20220130,22674,null,4.3,null,4.6,12.266,2.670
20220129,23861,null,5.2,18.7,8.1,14.817,4.679
20220128,25149,null,5.4,21.0,7.4,13.650,6.413
20220127,24563,null,5.4,23.2,15.6,14.415,7.237
20220126,23140,null,6.4,13.1,2.7,10.159,1.048
20220125,22454,null,6.8,11.0,1.0,10.844,0.405
20220124,22434,null,6.6,14.2,1.9,11.710,0.005
20220123,23219,null,6.8,13.1,1.6,9.792,0.005
20220122,22753,null,6.9,15.1,1.8,9.743,0.007
20220121,22379,null,6.9,16.1,2.1,10.361,0.006
20220120,21987,null,6.9,16.3,3.6,9.743,0.198
20220119,22243,null,5.4,15.0,3.4,10.340,0.163
20220118,22513,null,6.8,15.4,3.2,9.441,0.140
20220117,22780,null,6.9,15.8,3.2,13.542,0.163
20220116,24585,null,5.1,16.0,2.7,13.576,0.158
20220115,23678,null,5.0,16.1,3.4,12.390,0.128
20220114,22895,null,4.5,17.4,3.4,13.323,0.133
20220113,23115,null,4.5,16.8,3.7,8.513,0.168
20220112,22103,null,4.7,14.7,3.4,9.152,0.142
20220111,22818,null,5.8,null,3.1,8.251,0.127
20220110,23285,null,5.0,null,3.1,9.130,0.150
20220109,23738,null,4.9,null,3.2,10.564,0.198
20220108,23762,null,3.9,null,3.0,8.737,0.129
20220107,23167,null,5.9,null,3.3,8.295,0.123
20220106,23423,null,4.6,null,2.9,8.691,0.144
20220105,23303,null,5.8,null,3.1,9.089,0.139
20220104,22708,null,4.9,null,2.8,9.405,0.142
20220103,24313,null,6.8,null,2.7,10.091,0.158
20220102,23541,null,5.6,null,3.8,11.477,0.180
20220101,23086,null,6.6,null,3.0,9.837,0.134
20211231,23395,null,4.8,null,3.2,10.370,0.123
20211230,23931,null,3.2,null,3.1,9.795,0.130
20211229,22982,null,4.6,null,4.0,11.693,0.140
20211228,22646,null,3.7,null,3.3,11.117,0.123
20211227,22682,null,5.8,null,3.1,12.252,0.151
20211226,22874,null,4.9,null,2.8,11.660,0.183
20211225,23316,null,5.9,null,2.3,10.494,0.140
20211224,23011,null,5.2,null,3.2,11.049,0.121
20211223,23145,null,4.7,19.3,3.1,12.353,0.137
20211222,22576,null,4.8,18.5,3.3,10.010,0.124
20211221,22896,null,4.7,16.3,3.2,9.874,0.111
20211220,22770,null,3.7,10.6,3.3,9.938,0.153
20211219,23142,null,2.7,11.0,3.6,12.146,0.174
20211218,23821,null,5.1,16.0,3.3,12.342,0.153
20211217,23288,null,3.9,15.4,3.9,12.151,0.149
20211216,23075,null,4.3,17.3,3.4,11.336,0.159
20211215,23623,null,5.0,14.0,3.2,11.988,0.135
20211214,23083,null,3.5,12.1,3.1,12.987,0.152
20211213,23472,null,2.7,11.5,3.1,9.179,0.199
20211212,23494,null,2.9,10.9,3.0,9.906,0.174
20211211,22458,null,2.1,12.8,3.1,9.567,0.168
20211210,22486,null,3.6,12.5,3.0,9.610,0.172
20211209,23411,null,3.4,11.4,2.9,10.081,0.165
20211208,23561,null,3.0,11.3,2.8,9.641,0.152
20211207,23704,null,2.8,9.9,2.3,11.069,0.127
20211206,23315,null,2.3,8.6,2.4,10.026,0.174
20211205,24351,null,2.4,9.1,2.5,9.569,0.156
20211204,22950,null,4.9,8.3,2.5,9.832,0.148
20211203,22425,null,3.6,null,2.5,10.490,0.138
20211202,22911,null,2.5,10.4,2.6,10.133,0.167
20211201,24132,null,2.2,9.8,2.5,9.615,0.136
20211130,26027,null,3.4,9.4,2.7,11.009,0.149
20211129,23894,null,2.3,9.7,2.6,7.609,0.184
20211128,24141,null,2.7,10.1,2.3,7.081,0.187
20211127,23642,null,2.8,10.1,2.6,5.912,0.189
20211126,23415,null,2.9,9.0,2.6,6.426,0.169
20211125,23689,null,3.0,8.8,2.4,7.127,0.175
20211124,23770,null,2.5,9.5,2.4,7.647,0.171
20211123,23496,null,3.2,9.9,2.7,8.732,0.174
20211122,23375,null,2.2,9.8,2.6,7.316,0.177
20211121,24238,null,2.0,11.7,2.4,7.143,0.172
20211120,23554,null,2.6,14.4,2.5,8.198,0.168
20211119,23716,null,2.0,13.4,2.6,7.880,0.156
20211118,23494,null,2.5,12.7,2.3,8.029,0.178
20211117,23580,null,3.1,13.8,2.3,8.719,0.158
20211116,23718,null,3.1,11.5,2.2,9.434,0.160
20211115,24059,null,4.2,8.4,2.3,10.338,0.171
20211114,23786,null,2.3,10.1,2.2,10.999,0.180
20211113,23312,null,4.0,9.6,2.2,10.034,0.176
20211112,24055,null,3.5,11.9,2.3,9.917,0.152
20211111,23861,null,3.6,12.3,3.0,9.662,0.213
20211110,24013,null,2.3,10.9,2.7,9.363,0.175
20211109,23693,null,2.5,11.4,2.7,8.591,0.157
20211108,27371,null,2.9,10.0,2.6,9.208,0.211
20211107,23674,null,3.7,11.6,2.8,9.459,0.202
20211106,23954,null,3.4,13.1,2.9,9.457,0.192
20211105,23556,null,2.6,null,3.3,9.645,0.175
20211104,23646,null,3.2,null,3.0,10.201,0.232
20211103,23932,null,2.6,null,3.3,10.188,0.220
20211102,23390,null,2.3,15.9,3.3,10.171,0.182
20211101,23717,null,3.2,13.6,3.3,8.336,0.271
20211031,24597,null,3.0,13.3,3.3,8.762,0.234
20211030,24596,null,2.4,15.0,3.1,8.408,0.186
20211029,23682,null,2.5,13.1,3.1,8.852,0.166
20211028,24965,null,2.6,13.2,2.9,7.671,0.223
20211027,24787,null,3.0,13.4,2.9,8.061,0.217
20211026,24326,null,1.1,13.3,2.9,8.695,0.202
20211025,24398,null,1.9,12.2,2.9,9.994,0.219
20211024,24228,null,1.9,11.1,2.8,9.736,0.212
20211023,24629,null,1.7,13.1,2.9,8.917,0.199
20211022,24460,null,2.2,8.8,2.8,10.008,0.167
20211021,23824,null,3.1,13.1,2.5,10.190,0.205
20211020,24321,null,1.4,11.9,2.4,10.097,0.203
20211019,24059,null,1.8,10.5,2.4,8.604,0.162
20211018,24415,null,3.0,11.8,2.4,9.613,0.233
20211017,26030,null,1.2,13.5,2.4,10.598,0.230
20211016,23714,null,1.5,12.8,2.5,8.512,0.221
20211015,24075,null,2.4,11.7,2.3,9.943,0.163
20211014,24582,null,2.9,11.6,2.6,10.263,0.156
20211013,23917,null,2.5,11.0,3.4,9.437,0.177
20211012,24531,null,2.9,8.9,2.6,10.755,0.235
20211011,23925,null,3.0,8.1,2.9,11.803,0.148
20211010,22740,null,2.9,9.9,3.0,11.273,0.240
20211009,23535,null,2.2,9.7,2.7,10.261,0.183
20211008,23566,null,3.0,10.1,2.7,11.208,0.152
20211007,24099,null,3.2,10.7,2.7,8.793,0.179
20211006,24960,null,2.5,10.7,2.9,10.141,0.147
20211005,24727,null,2.8,10.4,2.8,10.209,0.216
20211004,25607,null,2.1,10.3,2.8,10.166,0.202
20211003,25043,null,3.7,10.9,2.9,10.556,0.190
20211002,25122,null,3.3,10.8,2.8,10.019,0.172
20211001,25851,null,2.7,10.9,2.9,9.375,0.149
20210930,26971,null,2.7,11.0,3.0,8.779,0.224
20210929,26156,null,2.9,12.8,2.8,10.130,0.173
20210928,24205,null,2.2,11.8,2.7,10.747,0.152
20210927,24419,null,2.5,9.6,2.5,9.010,0.238
20210926,25486,null,2.6,11.0,2.1,9.023,0.189
20210925,24952,null,2.8,10.2,2.2,6.511,0.187
20210924,23814,null,2.4,10.1,2.1,6.949,0.134
20210923,25917,null,2.6,10.9,4.1,9.186,0.175
20210922,24935,null,4.3,9.6,3.6,9.081,0.199
20210921,23293,null,3.7,9.4,2.9,8.628,0.219
20210920,25268,null,4.1,8.9,2.6,8.184,0.210
20210919,25968,null,3.8,10.6,2.5,7.362,0.196
20210918,28364,null,3.4,8.6,3.1,6.507,0.156
20210917,30341,null,2.8,10.5,4.4,7.497,0.143
20210916,25320,null,4.0,9.4,3.5,9.310,0.243
20210915,25787,null,2.7,11.5,3.6,8.080,0.226
20210914,26771,null,5.6,11.0,3.5,10.307,0.188
20210913,24363,null,4.6,11.2,3.7,10.998,0.285
20210912,25629,null,1.6,12.8,3.4,11.437,0.242
20210911,25159,null,3.3,11.2,3.6,9.197,0.248
20210910,25225,null,3.3,12.1,3.6,10.864,0.186
20210909,26197,null,3.1,10.1,4.1,11.080,0.207
20210908,25446,null,3.1,9.6,3.7,10.806,0.196
20210907,25886,null,2.5,8.2,3.3,10.664,0.148
20210906,26163,null,2.3,7.9,2.9,10.308,0.394
20210905,26595,null,3.4,8.2,3.2,9.693,0.317
20210904,27424,null,2.4,8.9,3.1,9.051,0.176
20210903,28139,null,3.4,7.4,2.6,9.411,0.104
20210902,31364,null,3.2,9.5,3.8,9.115,0.477
20210901,26872,null,4.2,8.7,3.2,10.337,0.709
20210831,26558,null,4.5,7.3,3.5,7.924,0.317
20210830,27520,null,3.9,8.7,3.8,9.241,0.359
20210829,27548,null,5.8,11.6,3.8,9.143,0.436
20210828,29701,null,3.1,10.1,4.1,8.527,0.342
20210827,28344,null,3.8,12.5,4.2,7.940,0.311
20210826,32348,null,4.0,10.7,4.8,7.327,0.332
20210825,34181,null,4.0,10.4,4.0,6.396,0.287
20210824,39263,null,2.0,11.0,5.2,6.452,0.334
20210823,30797,null,3.8,11.0,4.2,6.523,0.288
20210822,35925,null,2.5,null,5.8,5.423,0.296
20210821,34312,null,3.2,11.6,3.3,8.838,0.255
20210820,26466,null,3.2,11.0,2.9,8.461,0.154
20210819,26468,null,3.7,12.5,2.7,7.013,0.212
20210818,27116,null,2.6,9.8,2.7,6.431,0.160
20210817,29668,null,3.0,12.5,2.7,8.462,0.253
20210816,25960,null,3.0,10.5,2.7,8.174,0.261
20210815,26137,null,2.5,10.2,2.5,7.821,0.228
20210814,28085,null,4.9,10.5,2.6,8.925,0.210
20210813,24870,null,3.2,14.7,2.6,9.108,0.168
20210812,25112,null,3.0,11.8,2.6,8.697,0.217
20210811,24697,null,3.1,11.6,2.6,7.990,0.200
20210810,25997,null,2.7,12.6,2.6,8.249,0.174
20210809,25693,null,2.4,13.7,2.7,9.317,0.208
20210808,26693,null,2.7,13.4,2.6,9.173,0.192
20210807,25931,null,3.1,12.3,2.8,8.254,0.212
20210806,25043,null,3.2,12.4,2.9,8.293,0.170
20210805,25411,null,3.1,9.3,2.7,8.130,0.216
20210804,25416,null,4.0,10.8,2.8,9.453,0.200
20210803,24988,null,2.8,9.6,3.0,9.083,0.181
20210802,25585,null,4.1,10.0,3.0,9.029,0.210
20210801,26358,null,3.0,13.4,3.2,8.673,0.200
20210731,25660,null,3.7,11.0,3.2,9.535,0.172
20210730,25635,null,3.1,13.9,3.3,9.811,0.129
20210729,26067,null,3.0,12.3,3.5,8.253,0.210
20210728,25949,null,3.5,12.9,3.6,8.525,0.203
20210727,26232,null,4.9,12.0,3.5,8.407,0.114
20210726,25873,null,5.9,10.6,3.5,8.808,0.255
20210725,26609,null,3.2,11.9,3.3,8.784,0.201
20210724,27349,null,3.8,14.6,3.5,8.969,0.206
20210723,26766,null,3.2,null,3.7,8.500,0.205
20210722,25898,null,3.9,14.0,3.6,10.601,0.226
20210721,25844,null,2.7,14.6,3.6,10.386,0.195
20210720,25629,null,3.2,16.2,3.2,10.442,0.148
20210719,25893,null,1.8,12.5,3.0,8.569,0.140
20210718,24959,null,2.9,11.8,2.7,10.205,0.129
20210717,24674,null,3.6,14.8,3.0,9.191,0.155
20210716,25778,null,3.0,12.8,2.9,7.770,0.211
20210715,26876,null,3.0,12.4,2.8,7.752,0.197
20210714,27054,null,3.1,13.7,2.6,7.902,0.166
20210713,27953,null,2.8,12.4,2.3,7.412,0.125
20210712,29648,null,2.2,11.4,2.5,6.897,0.162
20210711,30899,null,3.8,9.7,2.4,7.032,0.143
20210710,32303,null,3.0,9.3,2.5,6.677,0.139
20210709,35612,null,2.3,10.3,2.4,5.191,0.117
20210708,37021,null,3.2,5.6,2.4,5.335,0.153
20210707,37240,null,1.6,8.1,2.5,4.797,0.170
20210706,42581,null,4.1,8.7,2.7,7.345,0.152
20210705,31269,null,3.2,6.2,2.5,6.708,0.248
20210704,42771,null,2.7,8.8,2.8,9.000,0.185
20210703,27900,null,2.9,9.6,2.9,9.853,0.243
20210702,24882,null,4.5,10.0,3.1,9.519,0.216
20210701,25012,null,5.1,8.3,3.1,8.871,0.282
20210630,25016,null,3.5,13.2,3.1,8.907,0.187
20210629,25184,null,3.9,10.6,3.0,8.915,0.135
20210628,24939,null,4.2,10.0,3.1,8.921,0.274
20210627,25204,null,3.3,9.1,3.3,9.402,0.195
20210626,24779,null,5.5,9.8,3.2,8.768,0.145
20210625,25569,null,4.5,11.6,3.4,8.630,0.116
20210624,25165,null,5.8,12.8,3.4,9.244,0.178
20210623,24651,null,3.2,10.4,3.5,9.742,0.150
20210622,26802,null,3.2,10.5,3.3,8.679,0.135
20210621,25848,null,4.3,11.8,3.4,9.175,0.242
20210620,25451,null,3.4,11.8,3.4,8.201,0.221
20210619,26766,null,2.6,13.2,3.2,7.836,0.166
20210618,27152,null,4.2,9.2,3.0,8.814,0.143
20210617,27154,null,2.7,8.9,3.0,7.865,0.188
20210616,32654,null,3.8,9.8,3.2,8.745,0.155
20210615,26845,null,6.2,9.4,2.9,9.362,0.126
20210614,26701,null,3.4,10.4,2.7,8.668,0.167
20210613,29470,null,3.8,8.8,2.6,7.726,0.135
20210612,33837,null,3.0,11.5,3.0,8.309,0.129
20210611,29375,null,4.5,10.9,3.1,9.547,0.121
20210610,24100,null,4.5,13.4,3.2,13.193,0.252
20210609,24300,null,3.2,11.4,2.9,10.256,0.160
20210608,24032,null,2.6,11.4,2.7,9.211,0.130
20210607,24673,null,3.3,10.8,2.7,9.759,0.167
20210606,25323,null,3.2,10.9,2.8,9.977,0.146
20210605,25611,null,3.3,12.0,2.9,9.634,0.117
20210604,25633,null,3.2,11.0,2.9,11.026,0.213
20210603,28775,null,3.2,9.4,2.8,10.286,0.215
20210602,24587,null,2.3,12.4,3.0,10.671,0.245
20210601,24932,null,2.7,7.6,2.8,11.098,0.510
20210531,26459,null,4.2,9.2,3.1,12.170,0.776
20210530,25315,null,2.5,8.4,3.3,12.541,0.199
20210529,23604,null,3.7,7.4,3.0,11.707,0.123
20210528,25827,null,3.4,12.5,2.9,11.880,0.269
20210527,24953,null,1.8,12.4,3.1,11.562,0.306
20210526,24658,null,4.9,10.9,3.2,11.111,0.278
20210525,24683,null,3.9,10.9,3.3,12.436,0.269
20210524,25170,null,3.3,9.3,3.3,10.715,0.360
20210523,26170,null,3.0,null,3.1,10.412,0.298
20210522,26157,null,4.7,null,3.2,10.249,0.271
20210521,25964,null,3.8,10.7,3.2,9.658,0.238
20210520,27148,null,2.6,11.3,3.1,9.548,0.308
20210519,26146,null,3.5,10.4,3.2,10.470,0.254
20210518,24717,null,4.9,8.9,3.1,10.047,0.244
20210517,27319,null,4.1,9.7,3.2,9.279,0.321
20210516,28707,null,4.2,10.8,3.3,9.658,0.262
20210515,26499,null,5.0,10.5,3.2,10.295,0.264
20210514,24688,null,5.0,11.0,3.2,10.025,0.222
20210513,24940,null,3.0,7.1,3.2,10.566,0.273
20210512,24356,null,3.8,9.2,3.2,10.238,0.246
20210511,24399,null,3.7,6.7,3.3,10.920,0.252
20210510,23911,null,5.2,9.4,3.3,10.299,0.331
20210509,25286,null,3.5,14.9,3.2,10.364,0.311
20210508,24776,null,3.2,14.4,3.2,9.680,0.268
20210507,24990,null,6.8,13.4,3.4,10.025,0.237
20210506,25449,null,6.6,14.7,3.3,9.257,0.297
20210505,28840,null,4.4,13.7,3.9,9.668,0.310
20210504,24443,null,4.6,7.7,3.6,10.538,0.253
20210503,24534,null,4.6,8.3,3.7,10.777,0.384
20210502,25047,null,4.4,8.4,3.7,11.204,0.364
20210501,24530,null,4.8,11.3,3.7,11.668,0.330
20210430,24979,null,4.6,12.7,3.8,11.672,0.363
20210429,24385,null,5.8,10.7,3.4,9.109,0.340
20210428,24786,null,4.1,10.3,3.4,9.356,0.293
20210427,24359,null,3.3,10.4,3.4,9.624,0.257
20210426,25194,null,3.5,16.0,3.3,10.134,0.365
20210425,24971,null,3.1,15.6,3.3,9.468,0.315
20210424,25602,null,4.6,14.9,3.3,9.914,0.259
20210423,24198,null,3.2,14.1,3.1,10.233,0.208
20210422,25425,null,5.0,12.1,3.1,9.779,0.243
20210421,24977,null,3.6,12.0,3.2,9.630,0.233
20210420,24708,null,3.4,11.3,3.1,9.477,0.199
20210419,25032,null,3.1,9.8,2.9,8.867,0.253
20210418,25962,null,3.3,12.0,3.1,8.970,0.245
20210417,24724,null,3.5,9.4,3.3,9.002,0.232
20210416,26159,null,3.0,9.6,3.0,8.689,0.212
20210415,26194,null,2.8,9.9,2.8,8.572,0.228
20210414,28469,null,4.2,8.0,3.2,7.427,0.214
20210413,33940,null,4.1,7.7,3.2,8.649,0.185
20210412,27295,null,3.6,10.5,3.2,9.258,0.278
20210411,25798,null,3.6,11.2,2.6,9.349,0.251
20210410,25391,null,5.1,12.1,3.6,9.387,0.206
20210409,24866,null,4.2,10.7,3.4,8.794,0.159
20210408,25674,null,3.2,9.1,3.7,8.087,0.222
20210407,26308,null,4.3,8.5,3.7,7.953,0.187
20210406,27063,null,4.5,8.0,3.6,7.594,0.144
20210405,29703,null,3.8,7.8,3.7,7.041,0.210
20210404,38011,null,4.1,9.9,4.1,8.940,0.229
20210403,27338,null,5.1,9.7,3.9,10.379,0.183
20210402,23945,null,3.8,9.8,3.9,9.772,0.152
20210401,24894,null,3.0,8.4,3.6,9.294,0.200
20210331,25383,null,4.8,9.6,3.6,9.190,0.161
20210330,25199,null,6.6,9.4,3.5,8.828,0.147
20210329,27412,null,6.6,13.9,3.6,8.957,0.212
20210328,33623,null,6.9,9.4,4.3,10.365,0.246
20210327,25340,null,6.7,7.6,4.1,9.967,0.270
20210326,23969,null,6.8,null,3.7,9.079,0.168
20210325,24094,null,6.8,12.4,3.7,9.858,0.296
20210324,25043,null,6.7,13.4,4.1,10.497,0.236
20210323,25487,null,6.8,13.1,3.9,10.229,0.206
20210322,25023,null,6.9,12.1,3.6,10.277,0.308
20210321,25084,null,3.5,15.5,3.8,10.948,0.298
20210320,24666,null,5.1,14.3,3.9,11.288,0.246
20210319,23303,null,4.8,12.5,3.8,8.928,0.192
20210318,24059,null,4.6,11.6,3.7,10.001,0.265
20210317,24298,null,4.7,11.1,3.6,8.923,0.224
20210316,25296,null,4.1,10.2,3.6,10.394,0.140
20210315,24398,null,3.7,9.9,3.5,8.706,0.193
20210314,25967,null,4.6,10.7,3.5,8.283,0.168
20210313,26674,null,6.3,10.4,3.5,7.246,0.167
20210312,28426,null,6.6,10.2,3.8,8.563,0.182
20210311,23534,null,5.0,10.7,3.6,7.449,0.218
20210310,23668,null,4.4,11.3,3.5,7.208,0.218
20210309,23441,null,4.9,11.1,3.6,8.146,0.188
20210308,23877,null,5.1,12.1,3.6,8.492,0.250
20210307,24350,null,6.0,10.5,3.6,8.540,0.237
20210306,24566,null,3.4,10.6,3.4,8.439,0.193
20210305,24722,null,2.4,11.2,3.5,8.269,0.170
20210304,24802,null,6.4,10.7,3.5,8.037,0.228
20210303,25985,null,5.7,9.5,3.3,7.070,0.151
20210302,32564,null,4.7,11.6,3.4,6.969,0.280
20210301,25958,null,4.2,12.2,3.2,8.287,0.271
20210228,22232,null,3.7,13.8,3.3,8.951,0.241
20210227,22723,null,4.8,13.2,3.3,7.547,0.230
20210226,23362,null,5.2,12.4,3.3,7.664,0.211
20210225,21254,null,3.8,12.9,3.2,7.410,0.250
20210224,22092,null,5.8,13.5,3.2,7.475,0.213
20210223,21483,null,5.4,13.2,3.2,7.536,0.184
20210222,22249,null,4.0,11.2,3.2,8.104,0.240
20210221,22303,null,4.9,13.4,3.3,8.679,0.207
20210220,22302,null,5.7,11.3,3.2,9.138,0.186
20210219,22869,null,4.0,11.8,3.3,8.475,0.165
20210218,22274,null,4.6,11.6,3.2,8.587,0.222
20210217,23530,null,5.6,10.8,3.1,8.073,0.179
20210216,22706,null,4.0,13.1,3.4,6.726,0.217
20210215,24467,null,5.4,14.3,3.3,8.530,0.349
20210214,23074,null,3.9,13.0,3.3,9.298,0.308
20210213,21615,null,6.4,11.3,3.1,8.488,0.239
20210212,20139,null,5.8,10.4,3.3,7.865,0.192
20210211,23099,null,5.4,12.0,3.3,7.358,0.163
20210210,22917,null,5.4,11.7,3.4,7.296,0.173
20210209,23147,null,5.2,13.4,3.4,6.895,0.139
20210208,23400,null,4.3,12.2,3.7,7.540,0.317
20210207,24133,null,4.6,11.6,3.6,7.624,0.241
20210206,23804,null,6.6,13.5,3.6,7.803,0.190
20210205,23089,null,5.4,12.3,3.7,7.018,0.149
20210204,23077,null,5.0,11.3,3.5,7.070,0.227
20210203,23722,null,5.2,11.5,3.4,6.811,0.176
20210202,23714,null,3.7,13.2,3.4,7.438,0.128
20210201,26739,null,5.0,13.1,3.8,8.180,0.311
20210131,24288,null,5.8,null,3.7,8.087,0.226
20210130,23323,null,6.7,null,3.7,8.024,0.172
20210129,22702,null,6.4,12.2,3.8,7.705,0.157
20210128,22715,null,5.4,12.5,3.6,9.414,0.241
20210127,22992,null,5.1,14.1,3.7,9.712,0.220
20210126,24052,null,5.8,15.0,3.8,9.765,0.189
20210125,23308,null,6.6,12.5,3.8,10.039,0.361
20210124,23929,null,5.8,13.0,3.8,9.950,0.313
20210123,24091,null,5.6,13.1,4.0,10.685,0.233
20210122,22754,null,5.2,12.8,3.9,9.472,0.193
20210121,22666,null,3.8,13.0,3.3,9.064,0.287
20210120,22611,null,4.3,13.1,3.6,10.951,0.304
20210119,22461,null,5.2,12.0,3.3,9.546,0.198
20210118,22585,null,4.9,11.6,3.5,10.748,0.348
20210117,24347,null,5.5,12.0,3.3,9.258,0.309
20210116,23774,null,6.3,12.0,3.3,9.137,0.294
20210115,23093,null,6.8,12.9,3.2,8.708,0.195
20210114,22791,null,6.4,11.8,2.9,8.430,0.234
20210113,22784,null,4.7,12.7,2.9,8.035,0.185
20210112,24589,null,6.7,11.6,3.0,9.954,0.164
20210111,22904,null,4.4,13.2,2.7,11.024,0.182
20210110,24204,null,5.5,12.7,2.5,10.462,0.147
20210109,23964,null,6.4,13.4,2.6,10.127,0.145
20210108,22242,null,6.4,12.0,2.4,10.411,0.177
20210107,22309,null,6.8,15.9,3.6,10.423,0.247
20210106,22501,null,6.6,10.6,2.4,9.354,0.132
20210105,22168,null,5.7,13.4,2.3,10.594,0.123
20210104,23039,null,5.4,14.5,2.3,10.776,0.172
20210103,23042,null,5.0,14.3,2.1,11.074,0.138
20210102,23091,null,3.8,13.8,2.2,13.234,0.130
20210101,22810,null,6.6,12.8,2.1,9.952,0.115
20201231,22966,null,4.6,11.1,1.9,8.057,0.149
20201230,23526,null,5.7,10.7,1.9,7.995,0.110
20201229,22497,null,4.0,10.2,1.8,9.576,0.110
20201228,23103,null,4.5,10.8,1.9,10.608,0.147
20201227,23710,null,4.2,10.6,1.9,11.086,0.139
20201226,22749,null,4.2,10.2,1.9,10.967,0.113
20201225,22948,null,5.2,10.0,1.8,9.555,0.115
20201224,22546,null,2.2,9.0,1.5,7.432,0.164
20201223,22947,null,5.0,10.0,1.8,8.041,0.104
20201222,23566,null,4.0,9.9,1.8,7.924,0.103
20201221,23464,null,3.6,10.0,1.9,9.615,0.157
20201220,23917,null,2.4,9.9,1.8,9.186,0.120
20201219,23505,null,2.7,11.4,1.9,8.832,0.138
20201218,22675,null,1.6,10.4,2.0,11.234,0.134
20201217,22219,null,4.0,11.8,1.9,10.879,0.159
20201216,22856,null,2.3,11.2,1.9,9.413,0.116
20201215,23331,null,1.5,10.4,1.8,9.255,0.117
20201214,24334,null,1.3,11.5,1.5,10.009,0.120
20201213,24369,null,1.1,11.9,1.3,10.866,0.117
20201212,23297,null,1.6,11.9,1.5,9.859,0.115
20201211,23184,null,2.4,11.1,1.5,9.663,0.115
20201210,23052,null,2.4,11.6,1.5,9.335,0.123
20201209,23094,null,1.5,10.4,1.4,9.179,0.113
20201208,23606,null,1.5,10.6,1.4,9.132,0.106
20201207,24708,null,2.1,10.2,1.5,9.447,0.121
20201206,25312,null,1.1,10.2,1.5,9.949,0.179
20201205,24672,null,1.6,10.1,1.5,9.650,0.110
20201204,23689,null,1.8,11.0,1.6,9.527,0.109
20201203,23768,null,1.8,11.8,1.6,9.287,0.115
20201202,23529,null,2.0,12.6,1.6,9.495,0.158
20201201,23124,null,1.9,11.3,1.5,9.543,0.150
20201130,24850,null,1.2,11.7,1.7,9.253,0.150
20201129,25249,null,1.2,10.1,1.6,9.535,0.117
20201128,25025,null,2.4,8.9,1.6,9.725,0.098
20201127,24334,null,2.6,12.5,1.7,9.622,0.178
20201126,23907,null,2.0,10.7,2.1,8.784,0.173
20201125,24544,null,2.6,10.9,1.7,9.127,0.185
20201124,23370,null,2.9,10.7,2.0,8.947,0.183
20201123,25103,null,3.6,10.8,1.7,8.453,0.007
20201122,24633,null,3.0,10.8,1.5,8.385,0.019
20201121,24726,null,1.8,10.2,1.7,7.288,0.012
20201120,27169,null,2.8,10.6,1.8,6.047,0.067
20201119,30578,null,3.0,12.4,2.3,7.432,0.031
20201118,25122,null,2.8,12.0,2.3,8.199,0.095
20201117,23676,null,3.1,10.4,2.0,7.623,0.011
20201116,25191,null,2.9,11.9,1.9,8.426,0.035
20201115,24304,null,2.4,10.7,1.8,7.730,0.051
20201114,24305,null,2.5,11.0,1.8,7.615,0.033
20201113,24198,null,3.2,11.9,1.7,7.854,0.029
20201112,24433,null,3.8,10.8,1.6,7.224,0.051
20201111,23900,null,1.7,12.8,1.7,7.928,0.050
20201110,23714,null,2.0,12.1,1.6,8.001,0.053
20201109,24606,null,2.2,12.2,1.7,7.717,0.090
20201108,23872,null,2.9,13.5,1.5,8.003,0.096
20201107,23529,null,1.5,12.4,1.6,7.903,0.065
20201106,23142,null,1.4,15.2,1.6,8.932,0.048
20201105,23303,null,1.0,15.7,1.6,8.729,0.089
20201104,24239,null,2.3,14.9,1.7,7.931,0.073
20201103,24187,null,2.1,15.2,1.7,9.018,0.022
20201102,24252,null,2.6,16.0,1.6,8.946,0.065
20201101,24932,null,2.6,14.5,1.6,8.778,0.045
20201031,24860,null,2.9,16.9,1.6,8.564,0.022
20201030,24278,null,2.8,15.1,1.7,7.925,0.222
20201029,24240,null,2.2,14.6,1.7,8.239,0.031
20201028,24404,null,2.6,15.2,1.8,8.546,0.006
20201027,25041,null,3.1,12.9,1.9,8.608,0.242
20201026,25427,null,2.0,13.6,1.8,9.196,0.043
20201025,25888,null,2.2,12.5,1.6,9.167,0.036
20201024,25260,null,1.8,12.4,1.6,9.486,0.017
20201023,26129,null,2.8,12.2,1.6,9.401,0.207
20201022,28717,null,1.6,12.6,1.8,9.181,0.029
20201021,23921,null,1.8,14.4,1.6,8.723,0.003
20201020,24291,null,2.2,12.7,1.6,8.059,0.200
20201019,25203,null,2.0,12.7,1.7,8.007,0.034
20201018,25371,null,2.0,11.8,1.5,8.284,0.033
20201017,25730,null,2.9,14.4,1.6,8.481,0.018
20201016,24124,null,3.4,11.9,1.7,9.124,0.027
20201015,24112,null,4.0,13.2,1.7,10.351,0.085
20201014,23338,null,2.8,12.2,1.6,10.826,0.072
20201013,24416,null,1.8,14.2,1.4,10.306,0.041
20201012,25434,null,1.7,10.1,1.5,12.133,0.068
20201011,24273,null,2.3,10.0,1.4,12.516,0.048
20201010,22973,null,1.9,9.5,1.5,12.803,0.052
20201009,21358,null,1.8,10.0,1.4,11.096,0.222
20201008,24088,null,2.6,10.7,1.4,9.215,0.114
20201007,24219,null,1.6,9.9,1.6,8.883,0.112
20201006,24297,null,2.8,10.0,2.0,9.042,0.093
20201005,24485,null,1.4,13.2,1.6,9.343,0.192
20201004,25390,null,1.4,14.1,1.5,10.030,0.107
20201003,25191,null,1.9,10.3,1.5,8.910,0.089
20201002,24176,null,1.6,11.6,1.4,9.423,0.090
20201001,22017,null,2.4,9.8,1.4,8.340,0.081
20200930,24815,null,2.0,9.4,1.6,8.076,0.075
20200929,26735,null,2.4,9.9,1.7,8.294,0.095
20200928,25896,null,1.7,12.7,1.7,8.424,0.099
20200927,25508,null,1.7,9.7,1.6,8.059,0.093
20200926,25504,null,1.5,12.0,1.7,8.019,0.086
20200925,26489,null,1.4,9.7,1.8,8.237,0.062
20200924,25852,null,2.0,9.4,1.7,8.715,0.089
20200923,25538,null,1.7,8.8,1.6,8.187,0.071
20200922,25905,null,1.6,9.9,1.6,7.397,0.059
20200921,27049,null,1.8,8.2,1.6,7.866,0.105
20200920,27135,null,2.5,8.6,1.5,7.699,0.083
20200919,27749,null,1.9,8.4,1.6,7.804,0.074
20200918,27501,null,2.4,8.7,1.7,8.206,0.124
20200917,27049,null,1.0,8.3,1.5,6.304,0.097
20200916,26379,null,2.4,8.0,2.2,5.775,0.075
20200915,28658,null,1.5,7.9,1.6,5.531,0.055
20200914,27845,null,2.0,9.4,1.6,7.447,0.126
20200913,27508,null,2.3,8.0,1.6,6.451,0.127
20200912,27761,null,3.5,7.0,1.7,6.503,0.118
20200911,27721,null,0.8,8.6,1.8,5.712,0.105
20200910,29652,null,0.6,8.8,1.8,7.237,0.378
20200909,30616,null,1.2,8.8,1.9,5.942,0.134
20200908,34639,null,1.3,7.7,1.8,4.565,0.049
20200907,38627,null,1.0,8.3,1.5,8.992,0.379
20200906,31420,null,1.5,7.7,1.4,7.187,0.141
20200905,28660,null,2.1,9.6,1.3,6.726,0.093
20200904,28799,null,1.8,8.1,1.4,6.618,0.061
20200903,34966,null,5.2,10.3,2.0,5.592,0.202
20200902,29742,null,1.4,8.4,1.5,8.231,0.103
20200901,25350,null,2.2,6.9,1.3,7.517,0.045
20200831,26218,null,3.0,8.1,1.2,7.822,0.080
20200830,27579,null,2.5,7.6,1.1,6.790,0.149
20200829,26745,null,3.6,6.7,1.2,6.829,0.167
20200828,26651,null,1.6,10.9,1.3,7.301,0.123
20200827,25962,null,1.4,11.3,1.3,6.796,0.136
20200826,25925,null,1.8,12.0,1.3,6.314,0.116
20200825,26180,null,1.4,9.1,1.3,7.274,0.097
20200824,25447,null,0.4,7.6,1.1,6.975,0.121
20200823,27431,null,2.3,7.9,1.1,6.107,0.088
20200822,27670,null,4.8,9.6,1.1,4.484,0.079
20200821,25103,null,4.4,8.5,1.2,4.543,0.053
20200820,27802,null,6.2,7.3,1.1,4.759,0.076
20200819,26948,null,2.1,9.4,1.1,4.449,0.093
20200818,27249,null,1.8,8.5,1.1,5.008,0.112
20200817,27955,null,1.8,9.7,1.1,5.231,0.144
20200816,28999,null,1.4,8.7,1.1,5.389,0.113
20200815,28824,null,1.9,7.1,1.1,4.806,0.074
20200814,29887,null,1.4,7.4,1.2,5.302,0.040
20200813,32240,null,3.6,6.6,1.2,4.577,0.071
20200812,35549,null,2.0,8.1,1.3,4.252,0.071
20200811,36458,null,2.7,6.4,1.3,4.805,0.013
20200810,34209,null,2.0,8.7,1.6,5.436,0.109
20200809,34968,null,6.6,9.0,1.1,5.685,0.018
20200808,39154,null,3.8,9.4,1.5,5.257,0.177
20200807,27595,null,2.4,9.5,1.3,6.247,0.130
20200806,28755,null,1.2,9.8,1.3,4.040,0.148
20200805,28486,null,1.6,9.5,1.3,3.723,0.117
20200804,28638,null,1.0,9.8,1.3,5.131,0.052
20200803,29399,null,1.1,9.1,1.4,5.322,0.069
20200802,29801,null,1.9,9.2,1.2,3.828,0.060
20200801,29147,null,1.5,7.5,1.3,3.002,0.025
20200731,31913,null,0.8,8.5,1.2,3.915,0.101
20200730,34834,null,3.0,5.4,1.3,3.978,0.011
20200729,33193,null,1.7,6.9,1.1,4.001,0.139
20200728,37243,null,1.3,8.3,1.4,4.736,0.150
20200727,30561,null,4.2,7.1,1.5,5.623,0.092
20200726,30419,null,3.0,6.8,1.2,5.153,0.104
20200725,32201,null,1.7,5.7,1.1,4.733,0.111
20200724,38941,null,4.0,5.8,1.2,4.926,0.136
20200723,32717,null,2.6,5.8,1.4,4.067,0.126
20200722,35964,null,1.0,8.5,1.7,3.230,0.018
20200721,27575,null,5.5,8.9,1.6,3.362,0.040
20200720,27394,null,1.6,8.2,1.7,6.157,0.313
20200719,26196,null,1.1,8.1,1.3,6.873,0.021
20200718,27294,null,4.2,7.9,1.1,6.907,0.126
20200717,27989,null,3.0,7.4,1.2,6.051,0.151
20200716,29393,null,2.2,6.5,1.3,6.605,0.116
20200715,28998,null,3.4,7.7,1.5,5.254,0.122
20200714,34751,null,2.8,5.3,1.5,4.705,0.102
20200713,40338,null,1.9,8.4,1.7,7.379,0.099
20200712,28953,null,2.6,7.3,1.5,6.488,0.170
20200711,31285,null,5.2,6.0,1.6,5.020,0.158
20200710,34581,null,3.4,9.2,2.2,6.850,0.016
20200709,26839,null,6.4,15.2,2.8,3.843,0.167
20200708,26770,null,5.2,15.0,2.7,3.556,0.142
20200707,27291,null,3.4,16.0,2.7,3.449,0.144
20200706,28050,null,2.6,15.0,2.7,4.615,0.036
20200705,29038,null,5.6,15.6,2.7,5.252,0.143
20200704,27950,null,3.4,15.2,3.2,4.102,0.175
20200703,28411,null,2.0,15.6,4.0,3.259,0.228
20200702,26306,null,3.2,12.2,3.8,2.597,0.210
20200701,26254,null,4.0,12.7,3.4,0.634,0.196
20200630,30906,null,1.4,13.6,6.6,2.579,0.172
20200629,28979,null,2.2,15.2,3.2,3.501,0.120
20200628,28825,null,2.8,14.3,2.9,2.981,0.012
20200627,29405,null,2.8,15.7,3.5,1.814,0.039
20200626,28927,null,3.8,14.2,3.3,2.533,0.185
20200625,30283,null,3.0,15.6,3.4,4.112,0.024
20200624,29279,null,6.6,15.2,4.0,3.664,0.014
20200623,27405,null,6.8,12.0,3.1,4.280,0.182
20200622,26253,null,6.2,14.4,3.2,5.691,0.081
20200621,26610,null,6.4,14.1,4.3,5.779,0.087
20200620,26888,null,6.8,14.6,4.0,5.823,0.044
20200619,28998,null,2.8,15.8,3.4,9.190,0.029
20200618,27835,null,4.4,17.7,4.9,9.613,0.279
20200617,24639,null,5.2,19.5,6.0,8.609,0.305
20200616,27185,null,6.6,18.2,5.6,8.451,0.215
20200615,28443,null,5.0,18.0,5.1,8.635,0.235
20200614,26786,null,6.8,16.1,5.2,6.915,0.193
20200613,30753,null,4.6,18.2,5.6,7.218,0.183
20200612,25948,null,6.8,17.3,5.0,5.899,0.133
20200611,26272,null,4.0,16.1,4.7,6.854,0.137
20200610,25923,null,6.2,17.3,4.0,5.866,0.056
20200609,27075,null,6.8,16.9,3.8,5.706,0.093
20200608,26863,null,6.6,17.4,3.6,8.843,0.613
20200607,24862,null,6.6,18.0,3.4,7.979,0.642
20200606,23898,null,5.7,20.4,4.5,7.138,0.374
20200605,25413,null,6.8,19.9,4.4,6.977,0.247
20200604,25478,null,6.4,17.5,4.0,4.941,0.234
20200603,24161,null,3.0,17.5,4.9,5.300,0.177
20200602,24664,null,6.6,16.9,4.9,3.948,0.169
20200601,24771,null,6.9,17.1,3.6,5.620,0.472
20200531,24177,null,6.9,19.8,3.5,5.609,0.313
20200530,23673,null,6.3,18.5,3.6,4.011,0.201
20200529,24390,null,3.6,17.6,4.2,4.012,0.443
20200528,23720,null,6.0,16.1,3.4,3.945,0.651
20200527,24324,null,5.4,19.7,3.5,5.128,0.531
20200526,23463,null,5.7,18.5,3.8,4.666,0.641
20200525,25239,null,6.6,17.5,3.6,6.944,0.259
20200524,24549,null,6.3,20.3,3.5,5.857,1.630
20200523,24364,null,6.0,19.2,3.6,5.553,1.381
20200522,22851,null,6.6,22.4,4.4,6.981,1.779
20200521,22127,null,6.2,18.1,4.0,7.377,0.611
20200520,24170,null,6.9,18.8,3.8,7.381,0.347
20200519,24283,null,6.0,18.9,4.0,10.366,0.398
20200518,24279,null,6.6,16.4,4.3,7.311,0.457
20200517,25034,null,6.9,18.8,4.1,6.936,0.388
20200516,24237,null,6.3,19.5,4.4,6.560,0.325
20200515,23087,null,6.2,18.2,4.2,6.345,0.241
20200514,23335,null,6.4,19.7,4.4,6.205,0.710
20200513,24018,null,6.6,20.0,3.7,6.422,0.530
20200512,24010,null,6.9,19.1,3.6,7.224,0.581
20200511,27281,null,6.6,17.3,3.8,7.279,0.474
20200510,27393,null,6.8,17.9,3.2,7.734,0.424
20200509,28294,null,6.3,17.9,4.2,5.574,0.752
20200508,23439,null,3.6,17.4,3.0,4.326,0.355
20200507,23594,null,6.0,17.0,2.8,5.633,0.337
20200506,24451,null,5.0,17.3,2.8,5.368,0.461
20200505,23860,null,6.6,17.6,2.9,5.716,0.357
20200504,25063,null,5.4,16.8,3.1,8.000,0.648
20200503,23865,null,6.6,16.5,2.2,5.814,0.595
20200502,23716,null,6.3,16.4,2.7,4.849,0.532
20200501,24061,null,6.8,17.0,3.2,4.576,0.966
20200430,23230,null,6.2,17.4,3.5,3.949,0.899
20200429,23021,null,6.9,18.4,3.1,4.863,1.797
20200428,24178,null,6.5,18.7,2.7,6.454,0.421
20200427,23304,null,6.3,17.2,3.0,6.379,0.313
20200426,24450,null,6.6,18.4,3.0,6.432,0.361
20200425,23438,null,6.9,16.7,2.6,4.821,0.261
20200424,23066,null,6.8,16.1,2.6,5.743,0.247
20200423,23555,null,7.4,17.0,2.2,6.010,0.293
20200422,25467,null,7.8,16.0,2.8,5.279,0.146
20200421,25262,null,7.2,16.0,3.2,4.620,0.092
20200420,29014,null,7.4,15.6,5.8,7.366,0.265
20200419,26762,null,7.8,16.4,4.2,5.749,0.177
20200418,25643,null,7.5,17.5,5.4,8.390,0.105
20200417,25769,null,5.6,16.8,5.4,7.332,0.093
20200416,22634,null,3.0,17.7,5.4,7.611,0.159
20200415,22896,null,7.8,17.7,6.0,6.465,0.215
20200414,21933,null,7.2,22.0,7.0,8.676,0.582
20200413,22960,null,7.4,18.9,4.0,6.254,1.626
20200412,21782,null,4.8,18.8,4.2,6.513,1.258
20200411,22083,null,6.6,16.9,2.1,5.625,0.464
20200410,22636,null,7.2,17.0,2.4,5.275,0.254
20200409,22955,null,7.4,20.8,2.6,8.305,0.190
20200408,22870,null,6.1,19.8,2.5,7.449,0.125
20200407,23924,null,6.3,19.9,2.0,8.255,0.111
20200406,23649,null,7.0,18.0,2.7,7.164,0.179
20200405,23507,null,7.8,17.4,2.2,7.922,0.142
20200404,23222,null,6.4,17.6,2.1,7.308,0.495
20200403,22336,null,6.6,15.0,1.8,5.831,0.138
20200402,23132,null,7.6,18.5,2.1,6.568,0.257
20200401,22442,null,7.5,19.0,2.9,6.966,0.180
20200331,22815,null,6.6,15.1,2.1,7.385,0.177
20200330,25042,null,7.2,14.6,2.1,9.247,0.190
20200329,24167,null,7.8,15.0,2.0,8.495,0.238
20200328,24210,null,7.5,15.0,2.0,8.331,0.229
20200327,24552,null,7.4,14.0,2.1,10.591,0.172
20200326,23155,null,7.4,15.0,2.0,8.849,0.196
20200325,22544,null,7.2,16.6,2.1,8.403,0.242
20200324,22817,null,7.5,14.9,1.9,10.253,0.196
20200323,24229,null,7.5,14.2,1.9,8.849,0.165
20200322,24847,null,7.2,12.9,1.9,8.364,0.146
20200321,24360,null,7.8,12.5,2.2,6.586,0.351
20200320,22275,null,7.8,15.5,2.1,8.261,0.259
20200319,22040,null,7.6,14.0,1.9,9.072,0.247
20200318,22253,null,7.6,13.4,1.9,9.288,0.299
20200317,22304,null,7.0,15.2,1.9,11.877,0.212
20200316,23281,null,7.8,13.0,1.8,11.241,0.187
20200315,23399,null,7.8,12.6,1.7,10.452,0.151
20200314,23390,null,7.2,15.2,1.9,10.232,0.146
20200313,21961,null,7.4,14.5,2.0,8.915,0.124
20200312,22656,null,7.8,13.7,1.8,9.630,0.164
20200311,23742,null,7.5,12.9,1.9,9.456,0.119
20200310,25524,null,7.8,15.2,2.1,12.664,0.119
20200309,23934,null,7.8,17.4,1.9,9.914,0.161
20200308,23836,null,8.4,18.6,1.6,10.275,0.147
20200307,23563,null,8.1,17.8,1.7,8.495,0.177
20200306,22606,null,7.6,17.1,1.9,9.728,0.264
20200305,22701,null,7.4,13.1,1.9,9.486,0.145
20200304,22886,null,7.8,16.0,1.9,9.113,0.174
20200303,21741,null,7.5,16.4,2.4,7.439,0.160
20200302,20058,null,7.8,16.4,1.9,8.051,0.164
20200301,20698,null,7.4,17.3,2.2,8.059,0.139
20200229,20660,null,7.7,16.5,1.7,8.896,0.133
20200228,20528,null,7.5,12.8,1.5,8.878,0.103
20200227,22581,null,7.8,15.8,1.7,8.218,0.102
20200226,24056,null,7.5,15.3,1.6,9.659,0.106
20200225,25499,null,7.3,15.8,1.6,11.330,0.095
20200224,23732,null,7.6,14.3,2.0,11.835,0.144
20200223,25214,null,7.9,14.9,2.0,10.924,0.119
20200222,24587,null,7.7,17.3,2.3,11.078,0.111
20200221,23743,null,7.6,17.3,1.9,10.474,0.108
20200220,23272,null,7.6,14.0,1.8,10.275,0.124
20200219,23312,null,9.0,14.1,1.6,11.675,0.106
20200218,22755,null,8.9,14.4,1.9,11.332,0.104
20200217,23155,null,8.8,15.5,2.0,13.752,0.174
20200216,24137,null,8.6,14.3,2.1,12.289,0.162
20200215,24302,null,8.4,16.2,2.1,9.624,0.136
20200214,23860,null,8.1,16.0,2.1,9.785,0.167
20200213,24691,null,7.6,15.5,1.9,9.254,0.167
20200212,25418,null,7.8,15.4,1.8,10.357,0.141
20200211,22369,null,6.7,15.5,1.7,11.819,0.132
20200210,24178,null,5.3,15.8,2.2,11.636,0.170
20200209,23774,null,5.7,16.9,1.9,11.291,0.173
20200208,24107,null,5.8,16.7,1.8,9.948,0.149
20200207,23307,null,2.8,15.7,2.1,9.644,0.127
20200206,23473,null,4.4,15.7,2.1,8.506,0.156
20200205,23073,null,6.0,16.7,2.1,9.047,0.145
20200204,23381,null,3.2,15.4,1.9,9.414,0.146
20200203,23606,null,5.2,14.8,1.9,9.986,0.194
20200202,23942,null,5.1,13.1,1.8,9.131,0.170
20200201,23889,null,5.7,12.6,1.9,7.918,0.148
20200131,24026,null,5.4,13.8,2.1,7.155,0.122
20200130,25387,null,5.0,13.4,2.3,7.514,0.148
20200129,25793,null,4.3,10.9,1.8,8.132,0.118
20200128,33980,null,5.0,13.8,2.4,7.055,0.151
20200127,31028,null,3.6,16.6,2.1,12.308,0.202
20200126,21161,null,4.7,13.9,1.9,9.401,0.188
20200125,18051,null,6.7,14.5,2.5,7.860,0.178
20200124,23466,null,1.2,14.3,2.0,9.200,0.167
20200123,27565,null,3.6,16.2,2.3,9.490,0.184
20200122,23054,null,3.5,16.0,1.6,9.213,0.258
20200121,22564,null,3.6,15.8,2.1,10.071,0.182
20200120,22189,null,4.3,14.9,2.0,10.816,0.201
20200119,23266,null,6.1,14.6,1.8,10.080,0.204
20200118,22108,null,5.1,13.5,2.1,9.157,0.169
20200117,21947,null,2.1,13.3,1.9,9.683,0.170
20200116,21089,null,3.3,15.0,1.9,7.231,0.191
20200115,22438,null,4.6,15.8,2.3,7.418,0.198
20200114,21800,null,2.9,15.2,2.3,7.636,0.205
20200113,22078,null,4.7,16.7,2.5,8.682,0.245
20200112,23104,null,7.7,16.8,1.9,8.194,0.240
20200111,22952,null,5.4,16.6,2.0,7.624,0.211
20200110,22302,null,1.1,13.1,2.1,9.215,0.205
20200109,23420,null,2.4,12.8,2.1,8.940,0.177
20200108,29230,null,5.5,15.6,2.6,9.226,0.166
20200107,30248,null,6.0,16.0,2.3,12.295,0.212
20200106,23197,null,3.4,15.6,2.6,12.512,0.225
20200105,23168,null,1.2,16.5,2.4,11.332,0.227
20200104,22458,null,4.4,14.5,2.3,11.004,0.239
20200103,21316,null,3.0,14.0,2.4,12.175,0.236
20200102,22484,null,1.7,16.1,2.5,13.918,0.235
20200101,22106,null,6.2,15.1,2.1,11.194,0.215
20191231,22400,null,4.9,15.3,2.4,11.142,0.208
20191230,22843,null,1.4,17.6,2.3,12.512,0.225
20191229,22260,null,4.6,16.0,2.3,10.615,0.242
20191228,22963,null,4.7,16.2,1.7,10.246,0.219
20191227,22283,null,4.4,16.3,1.7,10.177,0.197
20191226,21263,null,2.1,16.1,2.0,13.494,0.232
20191225,22120,null,3.5,15.4,2.1,11.400,0.225
20191224,21244,null,2.4,15.2,2.3,10.375,0.179
20191223,22575,null,3.7,14.3,1.9,12.602,0.214
20191222,21956,null,4.0,13.7,2.0,11.821,0.206
20191221,22141,null,4.2,11.5,1.8,9.587,0.168
20191220,21467,null,2.1,14.5,1.9,9.427,0.164
20191219,22433,null,2.5,13.0,1.7,8.996,0.153
20191218,22438,null,4.0,12.8,1.7,10.165,0.160
20191217,21927,null,6.0,14.0,1.9,11.084,0.162
20191216,22897,null,3.3,10.9,1.9,11.115,0.193
20191215,23046,null,1.8,12.5,1.5,10.586,0.193
20191214,22695,null,4.7,12.8,1.7,10.440,0.172
20191213,22383,null,1.8,12.0,1.6,10.476,0.157
20191212,22073,null,2.7,14.1,2.0,12.117,0.298
20191211,23014,null,1.9,11.7,1.5,9.554,0.157
20191210,22276,null,1.7,11.5,1.4,9.854,0.142
20191209,22654,null,2.7,13.0,1.7,12.488,0.176
20191208,23375,null,3.0,12.6,1.9,10.714,0.190
20191207,23396,null,3.8,11.7,1.4,9.578,0.163
20191206,22814,null,1.9,12.2,1.6,9.002,0.160
20191205,23596,null,0.9,10.8,1.7,8.507,0.164
20191204,23450,null,3.6,11.0,1.7,8.369,0.159
20191203,23638,null,3.5,10.4,1.8,8.057,0.162
20191202,29362,null,1.0,10.8,2.3,10.050,0.184
20191201,26448,null,1.8,11.9,2.1,10.538,0.328
20191130,23114,null,4.8,12.1,2.1,9.581,0.307
20191129,23651,null,4.8,14.8,2.4,9.999,0.305
20191128,22005,null,2.2,10.9,2.2,8.846,0.264
20191127,22337,null,3.4,11.6,1.8,8.960,0.185
20191126,22930,null,2.4,9.9,1.8,8.987,0.207
20191125,23208,null,1.6,11.9,2.5,9.363,0.294
20191124,23448,null,1.4,9.0,2.1,9.752,0.236
20191123,23638,null,5.4,11.4,2.3,9.023,0.217
20191122,22496,null,3.4,10.3,2.5,8.877,0.209
20191121,22510,null,6.6,11.3,1.9,8.380,0.228
20191120,23233,null,3.4,9.1,1.7,8.819,0.190
20191119,22718,null,4.0,10.6,1.7,8.865,0.200
20191118,26208,null,4.6,7.0,2.4,11.294,0.214
20191117,23232,null,3.0,9.5,1.7,10.118,0.198
20191116,22936,null,5.6,10.7,2.0,9.482,0.191
20191115,23098,null,3.8,10.4,2.0,10.049,0.174
20191114,23012,null,3.6,10.9,2.4,8.485,0.208
20191113,22776,null,3.8,12.2,2.7,8.919,0.192
20191112,23622,null,2.4,9.8,2.7,8.869,0.142
20191111,23445,null,5.0,14.0,3.4,9.117,0.181
20191110,24503,null,5.8,11.8,2.8,10.355,0.165
20191109,22443,null,6.6,12.0,2.6,8.712,0.133
20191108,23055,null,6.8,13.0,2.9,8.571,0.128
20191107,22711,null,7.2,12.7,2.9,8.765,0.199
20191106,23367,null,7.9,12.5,3.3,12.798,0.193
20191105,22110,null,5.4,12.5,3.2,12.052,0.178
20191104,23398,null,4.4,10.7,3.1,12.328,0.182
20191103,23105,null,3.4,10.5,3.1,11.862,0.154
20191102,22557,null,4.6,10.6,2.9,11.112,0.137
20191101,22563,null,4.2,12.6,2.9,11.392,0.148
20191031,23016,null,4.8,12.3,3.0,11.449,0.313
20191030,22951,null,3.4,11.4,3.0,10.314,0.434
20191029,23395,null,4.8,11.0,2.8,10.573,0.217
20191028,22975,null,5.8,9.9,2.8,12.410,0.219
20191027,24833,null,4.2,11.9,2.9,11.706,0.185
20191026,24001,null,6.4,13.0,3.1,10.120,0.155
20191025,23664,null,2.0,12.9,3.3,10.154,0.199
20191024,23451,null,1.8,14.6,4.7,9.199,0.334
20191023,23244,null,6.8,15.0,4.7,9.280,0.359
20191022,23207,null,6.0,13.9,4.2,9.279,0.269
20191021,23491,null,4.0,13.0,6.4,9.912,0.252
20191020,26190,null,3.0,12.3,5.8,8.876,0.192
20191019,26547,null,4.4,9.0,2.9,8.097,0.122
20191018,27226,null,1.6,10.0,4.0,8.542,0.140
20191017,21962,null,2.0,10.1,3.5,10.815,0.578
20191016,24216,null,5.2,8.9,3.1,8.022,0.219
20191015,21820,null,5.2,10.5,2.9,8.360,0.181
20191014,23292,null,4.6,8.7,2.6,9.569,0.197
20191013,22907,null,6.4,8.5,2.8,9.179,0.196
20191012,22423,null,6.2,9.1,2.8,8.809,0.152
20191011,22700,null,6.0,8.8,2.8,8.817,0.155
20191010,23896,null,2.2,8.5,2.8,8.940,0.175
20191009,25012,null,4.0,9.5,3.2,9.824,0.167
20191008,24159,null,3.4,9.8,3.2,9.210,0.157
20191007,24645,null,2.2,7.5,2.8,9.273,0.186
20191006,25478,null,4.2,7.6,2.7,8.848,0.161
20191005,26438,null,1.0,6.7,2.6,7.346,0.132
20191004,29943,null,6.0,8.6,2.7,6.298,0.255
20191003,38656,null,1.6,6.5,2.3,5.708,0.139
20191002,29831,null,3.8,8.2,3.0,8.824,0.155
20191001,23302,null,2.8,9.8,3.1,9.584,0.162
20190930,23094,null,2.6,9.9,2.6,9.205,0.176
20190929,25572,null,1.8,8.3,2.5,9.464,0.114
20190928,24225,null,4.4,9.1,2.6,8.530,0.147
20190927,24245,null,6.0,10.3,3.6,8.084,0.256
20190926,24183,null,6.6,7.9,2.4,8.164,0.205
20190925,26901,null,4.2,6.2,2.9,7.914,0.135
20190924,30676,null,1.8,5.7,2.7,7.740,0.573
20190923,35082,null,3.6,6.2,3.0,5.907,0.229
20190922,35904,null,2.2,8.8,3.4,8.674,0.198
20190921,25959,null,2.4,10.0,3.8,9.855,0.198
20190920,22482,null,5.6,16.5,3.9,9.182,0.157
20190919,23067,null,2.2,12.0,3.1,9.475,0.194
20190918,22396,null,2.6,10.1,3.3,8.445,0.189
20190917,22535,null,3.0,9.1,3.2,8.536,0.137
20190916,23469,null,2.8,12.1,4.1,8.330,0.303
20190915,23090,null,3.4,12.1,4.0,10.149,0.308
20190914,21031,null,4.6,11.0,3.8,11.605,0.268
20190913,20100,null,3.4,9.2,3.1,8.426,0.227
20190912,23692,null,3.2,11.1,2.9,7.366,0.182
20190911,25289,null,3.0,8.1,3.1,7.500,0.206
20190910,25183,null,3.0,10.8,3.2,7.527,0.170
20190909,25487,null,2.8,7.2,2.9,7.291,0.307
20190908,26448,null,2.4,9.1,3.2,8.603,0.245
20190907,26405,null,2.8,8.3,2.7,7.993,0.181
20190906,24142,null,1.4,7.0,2.8,7.584,0.142
20190905,25783,null,3.8,6.9,2.2,5.535,0.248
20190904,25742,null,2.6,6.5,2.4,6.030,0.178
20190903,26629,null,1.8,9.5,3.6,7.162,0.255
20190902,25714,null,2.4,7.7,2.5,7.593,0.296
20190901,24218,null,3.2,8.3,2.5,6.393,0.206
20190831,25362,null,3.4,8.7,2.5,6.921,0.144
20190830,24564,null,2.6,9.2,2.9,6.927,0.125
20190829,23732,null,1.6,9.2,2.2,5.608,0.201
20190828,26878,null,3.8,8.8,2.9,6.130,0.126
20190827,25740,null,2.2,8.2,2.7,6.564,0.102
20190826,25294,null,3.7,10.6,2.6,7.072,0.316
20190825,25741,null,3.0,8.5,2.6,7.149,0.236
20190824,27595,null,2.0,8.7,2.6,6.129,0.145
20190823,30134,null,2.9,8.2,3.9,4.802,0.111
20190822,33920,null,3.4,10.1,3.4,6.632,0.187
20190821,24903,null,4.0,11.4,3.3,7.222,0.159
20190820,25011,null,4.8,10.9,3.0,7.491,0.120
20190819,25418,null,4.2,9.2,2.9,7.531,0.165
20190818,26480,null,4.8,10.8,3.4,8.003,0.131
20190817,25842,null,5.2,11.5,3.3,6.689,0.101
20190816,26777,null,3.8,10.5,2.8,8.118,0.175
20190815,26893,null,4.6,11.2,3.3,8.072,0.179
20190814,25550,null,2.0,11.0,3.6,7.225,0.152
20190813,25868,null,4.2,10.5,4.0,7.215,0.144
20190812,26276,null,1.8,9.0,3.0,7.487,0.129
20190811,27079,null,3.1,9.4,3.0,7.202,0.112
20190810,26097,null,2.4,7.8,2.5,6.729,0.124
20190809,26734,null,3.8,10.8,2.2,6.726,0.147
20190808,31165,null,4.2,7.6,2.6,5.758,0.144
20190807,32828,null,6.2,5.6,2.3,5.609,0.126
20190806,29533,null,5.8,7.1,2.4,6.716,0.223
20190805,27479,null,3.0,5.4,2.2,6.573,1.109
20190804,25648,null,3.8,6.4,2.0,7.143,0.695
20190803,24506,null,3.2,5.9,2.3,7.091,0.547
20190802,24534,null,3.6,9.1,2.9,7.429,0.533
20190801,24284,null,4.6,11.8,3.6,4.648,0.261
20190731,26395,null,4.2,10.2,3.5,3.895,0.166
20190730,25322,null,3.0,11.3,2.7,4.396,0.119
20190729,25184,null,6.4,10.2,2.8,4.281,0.219
20190728,26315,null,3.9,11.0,3.7,5.142,0.218
20190727,27889,null,5.0,11.2,3.2,4.215,0.160
20190726,26968,null,3.3,9.5,3.6,4.036,0.133
20190725,28413,null,3.6,9.1,2.3,3.823,0.219
20190724,29746,null,4.4,10.7,2.9,2.756,0.185
20190723,33318,null,5.6,8.4,2.7,3.643,0.138
20190722,35369,null,2.4,6.3,2.6,3.272,0.162
20190721,36712,null,4.1,6.6,2.4,2.878,0.119
20190720,42187,null,4.2,9.8,3.2,4.152,0.117
20190719,31509,null,2.6,9.1,3.5,5.516,0.097
20190718,28914,null,2.2,12.3,4.4,4.092,0.216
20190717,25160,null,3.4,8.6,3.0,5.600,0.139
20190716,23843,null,5.4,11.0,3.1,7.386,0.130
20190715,24730,null,5.2,12.0,3.7,6.975,0.211
20190714,25259,null,3.8,12.1,3.8,7.725,0.200
20190713,23930,null,5.7,11.6,3.1,6.252,0.159
20190712,26546,null,3.0,10.7,3.3,5.123,0.119
20190711,30268,null,2.8,10.3,4.4,5.467,0.770
20190710,26847,null,4.4,11.6,3.1,7.632,0.116
20190709,21934,null,5.2,11.6,3.1,7.632,0.116
20190708,22164,null,5.4,11.5,3.4,6.606,0.171
20190707,23902,null,3.7,12.0,2.6,5.579,0.116
20190706,24467,null,5.8,11.4,2.6,6.058,0.102
20190705,23743,null,3.2,9.5,2.3,4.875,0.102
20190704,26018,null,3.8,7.2,2.6,7.355,0.191
20190703,26945,null,4.2,6.7,2.4,4.275,0.117
20190702,26148,null,1.4,6.5,1.7,3.902,0.115
20190701,29169,null,2.8,6.3,2.6,5.658,0.195
20190630,34012,null,2.6,6.8,1.5,4.791,0.110
20190629,31737,null,4.6,7.3,1.9,5.768,0.110
20190628,31804,null,4.2,7.3,3.3,4.812,0.106
20190627,39395,null,3.4,6.0,2.6,5.018,0.146
20190626,27698,null,3.6,7.5,3.1,6.606,0.193
20190625,22326,null,4.4,7.0,2.8,6.914,0.127
20190624,22983,null,4.3,8.2,2.6,7.939,0.171
20190623,22869,null,3.9,10.2,2.6,7.613,0.151
20190622,23207,null,3.7,8.7,2.8,6.092,0.125
20190621,23959,null,3.7,8.0,5.3,5.839,0.115
20190620,23384,null,3.3,9.8,3.7,7.125,0.183
20190619,23457,null,3.2,8.9,3.3,6.504,0.157
20190618,23179,null,4.4,9.4,3.3,7.531,0.270
20190617,24484,null,5.0,7.2,1.8,8.513,0.119
20190616,26270,null,4.4,8.8,2.0,6.745,0.130
20190615,24888,null,4.0,9.5,2.6,8.211,0.155
20190614,24283,null,3.4,7.2,3.0,8.784,0.134
20190613,22379,null,3.6,6.7,2.3,9.284,0.154
20190612,23262,null,4.2,8.6,2.3,9.028,0.117
20190611,22769,null,3.4,7.7,2.5,10.297,0.147
20190610,25731,null,5.0,9.7,3.3,10.951,0.141
20190609,23627,null,4.3,5.7,4.0,9.895,0.112
20190608,26924,null,4.8,7.0,3.7,8.257,0.108
20190607,31084,null,4.0,10.8,4.2,9.603,0.179
20190606,23602,null,2.8,8.0,3.0,8.837,0.155
20190605,21985,null,5.4,8.3,3.3,8.285,0.174
20190604,22864,null,4.8,10.9,4.0,9.697,0.184
20190603,22024,null,4.4,10.7,3.4,8.576,0.289
20190602,22143,null,2.5,8.2,3.3,4.559,0.246
20190601,23044,null,5.3,7.9,3.1,4.519,0.207
20190531,21628,null,3.6,10.4,3.6,3.212,0.168
20190530,22828,null,2.4,9.0,3.5,7.972,0.219
20190529,23708,null,3.6,9.5,3.2,7.084,0.149
20190528,27791,null,2.8,9.9,2.7,7.916,0.131
20190527,29240,null,4.6,11.4,4.1,9.071,0.225
20190526,23687,null,3.4,13.9,4.4,8.917,0.235
20190525,22582,null,1.6,13.6,5.0,8.780,0.273
20190524,22862,null,2.4,10.5,4.2,7.098,0.215
20190523,22575,null,2.6,10.1,2.9,6.219,0.224
20190522,22924,null,3.0,10.6,3.3,6.572,0.253
20190521,23090,null,4.0,8.5,3.4,6.499,0.205
20190520,25477,null,4.6,9.5,3.3,7.420,0.187
20190519,26019,null,2.9,9.5,3.0,7.334,0.170
20190518,23875,null,5.5,11.1,3.7,7.218,0.246
20190517,22428,null,4.0,9.5,4.0,6.612,0.290
20190516,23012,null,4.0,9.7,3.7,6.843,0.209
20190515,22325,null,4.4,11.2,4.6,6.570,0.274
20190514,23049,null,6.2,9.7,4.0,7.292,0.294
20190513,23364,null,3.8,10.1,5.1,9.480,0.251
20190512,22582,null,5.0,8.9,4.6,8.932,0.270
20190511,23072,null,4.4,11.1,5.2,8.732,0.323
20190510,24185,null,4.8,10.9,6.0,8.491,0.462
20190509,23790,null,6.2,11.7,6.7,8.669,0.336
20190508,23762,null,4.6,9.4,6.7,8.492,0.219
20190507,23776,null,5.0,10.4,6.0,9.521,0.287
20190506,23524,null,4.8,9.1,5.7,9.176,0.323
20190505,21495,null,2.8,8.1,4.7,8.096,0.257
20190504,22048,null,3.0,10.4,4.6,7.833,0.194
20190503,22722,null,2.6,8.6,4.3,6.951,0.296
20190502,22430,null,3.4,7.3,3.7,7.602,0.229
20190501,23631,null,3.8,6.2,3.5,7.286,0.137
20190430,23848,null,3.4,9.0,3.7,8.025,0.230
20190429,24238,null,4.8,9.3,3.9,9.649,0.205
20190428,22445,null,3.4,8.7,3.6,8.810,0.223
20190427,22731,null,4.6,8.8,3.3,8.673,0.180
20190426,21736,null,1.8,9.0,3.8,9.546,0.177
20190425,22715,null,3.2,14.5,4.5,9.307,0.632
20190424,22945,null,3.4,14.4,2.4,5.033,0.212
20190423,21813,null,1.9,12.0,2.4,7.097,0.155
20190422,22946,null,2.6,13.4,2.6,8.668,0.178
20190421,22907,null,1.0,12.4,2.1,7.181,0.137
20190420,22131,null,3.4,13.6,2.2,5.539,0.153
20190419,20829,null,2.7,10.7,1.9,4.101,0.139
20190418,21671,null,2.7,11.0,1.7,5.114,0.127
20190417,21584,null,2.3,13.4,1.7,5.558,0.154
20190416,21029,null,3.7,11.0,1.7,6.044,0.144
20190415,21629,null,2.8,11.8,1.7,8.527,0.182
20190414,22369,null,2.8,12.1,1.7,6.363,0.297
20190413,21715,null,1.9,10.7,1.3,5.751,0.225
20190412,21026,null,1.3,12.6,1.8,5.780,0.170
20190411,21666,null,2.4,10.8,2.4,5.652,0.146
20190410,22854,null,6.0,9.2,2.0,4.815,0.218
20190409,21177,null,3.4,11.8,2.1,6.148,0.173
20190408,21706,null,2.4,13.2,2.8,8.274,0.295
20190407,22160,null,3.0,9.2,2.0,6.821,0.260
20190406,22214,null,2.0,10.2,1.9,7.141,0.169
20190405,20421,null,4.0,10.8,2.3,7.381,0.190
20190404,21564,null,2.8,11.3,2.6,6.619,0.246
20190403,21395,null,2.4,11.5,2.3,6.824,0.190
20190402,20813,null,4.2,11.5,2.0,8.241,0.147
20190401,21038,null,2.7,12.8,2.6,8.903,0.155
20190331,21966,null,2.2,12.0,2.5,6.619,0.185
20190330,21571,null,2.7,11.7,2.3,6.598,0.139
20190329,22561,null,2.4,11.1,3.1,8.692,0.166
20190328,21843,null,2.8,13.1,2.6,6.597,0.142
20190327,21916,null,3.8,13.1,2.6,5.986,0.182
20190326,21677,null,3.4,10.8,2.1,7.003,0.134
20190325,21794,null,2.7,10.6,2.2,8.559,0.152
20190324,23091,null,2.7,10.9,1.8,8.250,0.119
20190323,22701,null,2.9,11.4,1.9,6.917,0.126
20190322,22117,null,2.9,12.9,1.8,6.164,0.123
20190321,25848,null,3.0,11.8,2.2,6.268,0.152
20190320,22996,null,3.7,9.9,2.1,7.361,0.141
20190319,22261,null,3.8,12.7,2.8,8.335,0.144
20190318,22283,null,3.0,11.7,2.7,9.612,0.142
20190317,22749,null,2.2,10.4,2.2,8.143,0.124
20190316,22767,null,4.0,9.9,1.9,8.219,0.092
20190315,21780,null,1.6,10.2,2.5,6.434,0.132
20190314,21753,null,2.6,11.7,2.1,7.333,0.117
20190313,22882,null,2.0,10.4,2.1,6.753,0.111
20190312,22731,null,4.8,11.4,3.2,9.631,0.127
20190311,24819,null,4.3,11.1,3.2,10.248,0.120
20190310,26899,null,4.5,9.8,3.4,10.135,0.113
20190309,21753,null,3.3,11.3,2.5,9.658,0.110
20190308,21922,null,2.3,11.3,2.6,10.295,0.105
20190307,21068,null,2.9,12.9,3.1,10.322,0.134
20190306,22193,null,3.6,12.0,4.8,11.808,0.139
20190305,23308,null,4.3,11.0,4.3,9.742,0.114
20190304,22151,null,3.5,12.5,4.2,15.394,0.161
20190303,22889,null,3.1,10.6,2.9,10.914,0.128
20190302,21632,null,4.4,10.3,3.0,10.590,0.112
20190301,21470,null,1.6,11.0,2.9,9.084,0.128
20190228,21194,null,3.9,13.4,3.4,9.341,0.124
20190227,21289,null,4.0,11.7,3.2,8.162,0.121
20190226,21099,null,3.6,13.0,2.7,9.579,0.110
20190225,22606,null,1.2,12.3,3.0,10.428,0.117
20190224,22345,null,4.5,12.1,3.0,9.594,0.107
20190223,22284,null,4.5,11.5,3.5,8.898,0.123
20190222,22034,null,2.3,11.2,3.3,8.082,0.104
20190221,22064,null,2.8,10.3,2.8,7.533,0.095
20190220,23259,null,3.3,11.9,3.0,2.746,0.097
20190219,24538,null,1.7,11.3,3.9,6.872,0.111
20190218,22106,null,4.3,9.5,3.2,6.783,0.182
20190217,23135,null,2.1,9.9,2.8,6.539,0.150
20190216,21977,null,4.6,9.2,2.7,6.635,0.167
20190215,21072,null,2.1,10.6,3.3,8.248,0.126
20190214,20968,null,1.6,11.9,3.0,7.614,0.109
20190213,21663,null,3.4,10.2,3.1,7.734,0.214
20190212,21489,null,0.8,9.4,2.5,7.018,0.095
20190211,21672,null,1.3,11.7,2.5,8.820,0.160
20190210,21453,null,1.0,11.3,2.4,9.361,0.107
20190209,22337,null,1.9,10.5,2.1,8.144,0.096
20190208,20895,null,3.5,10.5,2.3,7.903,0.088
20190207,23156,null,0.6,12.6,2.6,10.211,0.096
20190206,21886,null,3.3,11.1,1.8,10.760,0.087
20190205,18679,null,1.7,11.2,1.6,7.971,0.094
20190204,21616,null,0.6,11.0,1.9,8.319,0.104
20190203,23141,null,2.1,11.4,2.1,9.126,0.181
20190202,23743,null,3.6,10.5,1.9,8.102,0.090
20190201,23074,null,2.6,12.4,2.3,9.526,0.103
20190131,22849,null,2.7,14.9,2.7,8.126,0.085
20190130,22975,null,2.7,11.9,2.5,7.835,0.074
20190129,22870,null,3.2,11.8,2.4,9.316,0.089
20190128,22241,null,3.7,13.0,2.5,11.570,0.094
20190127,22004,null,1.8,11.8,2.3,8.653,0.081
20190126,20722,null,3.0,13.0,2.2,10.372,0.122
20190125,21306,null,1.4,13.7,2.3,10.029,0.094
20190124,22088,null,1.0,14.1,2.0,8.515,0.181
20190123,21772,null,2.6,13.9,2.3,10.143,0.140
20190122,21438,null,3.7,13.1,2.0,10.428,0.137
20190121,21149,null,3.1,13.0,2.2,11.527,0.175
20190120,21246,null,2.3,11.3,1.8,10.941,0.127
20190119,21638,null,1.1,13.4,1.8,10.081,0.136
20190118,21657,null,1.9,13.8,2.1,10.190,0.135
20190117,21281,null,1.8,12.9,2.0,9.699,0.137
20190116,21803,null,3.5,13.1,1.8,7.907,0.134
20190115,20821,null,3.1,12.0,1.8,9.263,0.160
20190114,22210,null,3.4,14.3,2.2,11.574,0.144
20190113,21383,null,0.9,12.9,1.9,10.653,0.129
20190112,21453,null,1.1,12.3,1.7,9.834,0.121
20190111,21219,null,0.7,12.1,1.9,9.739,0.131
20190110,21546,null,0.5,12.9,1.9,9.435,0.136
20190109,21885,null,1.7,12.8,1.7,8.953,0.152
20190108,22036,null,2.8,12.7,1.8,9.548,0.124
20190107,21669,null,2.7,12.0,2.0,11.678,0.135
20190106,22180,null,2.2,11.7,1.8,10.766,0.129
20190105,22305,null,1.1,11.3,1.6,10.328,0.113
20190104,21472,null,1.1,11.5,1.8,9.358,0.120
20190103,22132,null,1.6,7.1,1.8,9.596,0.124
20190102,21776,null,2.6,6.9,1.8,10.491,0.133
20190101,21371,null,3.8,7.2,1.7,9.043,0.130
20181231,22502,null,3.3,6.4,1.8,9.317,0.114
20181230,23314,null,3.5,6.5,1.9,9.564,0.150
20181229,22392,null,2.2,7.8,2.0,10.019,0.157
20181228,22238,null,1.6,9.0,2.6,9.985,0.187
20181227,22147,null,4.2,9.0,2.3,9.171,0.158
20181226,21393,null,2.2,8.5,2.6,9.769,0.232
20181225,21256,null,2.2,8.2,2.1,8.879,0.174
20181224,22194,null,1.7,6.6,2.9,8.659,0.167
20181223,21974,null,3.0,6.6,2.0,8.141,0.158
20181222,22482,null,2.7,7.1,1.9,7.976,0.142
20181221,21478,null,3.6,6.7,2.0,8.412,0.150
20181220,22221,null,2.7,7.9,1.9,7.724,0.156
20181219,22266,null,3.5,9.9,1.6,8.405,0.163
20181218,22338,null,2.2,11.9,1.7,11.329,0.163
20181217,23741,null,1.6,10.4,2.2,12.497,0.059
20181216,22866,null,1.9,11.2,1.9,13.872,0.143
20181215,22915,null,2.9,10.7,1.9,11.039,0.120
20181214,22140,null,1.5,12.7,1.8,11.354,0.169
20181213,22304,null,1.3,12.8,1.7,10.710,0.161
20181212,23164,null,2.4,13.8,1.5,8.942,0.135
20181211,21381,null,1.7,12.4,1.7,9.091,0.136
20181210,23087,null,2.0,11.0,1.6,10.092,0.165
20181209,22319,null,1.5,8.9,1.5,9.067,0.126
20181208,22618,null,3.5,10.0,1.4,8.154,0.138
20181207,23053,null,0.6,10.8,1.6,8.265,0.168
20181206,22540,null,0.3,10.2,1.5,8.142,0.039
20181205,22930,null,3.2,10.9,1.8,8.133,0.046
20181204,23557,null,1.9,10.5,1.6,8.651,0.057
20181203,23540,null,1.1,9.8,2.0,10.098,0.043
20181202,23384,null,2.5,9.9,1.5,9.714,0.041
20181201,21404,null,0.6,9.4,1.4,8.927,0.033
20181130,22267,null,2.3,9.3,1.5,8.721,0.033
20181129,22538,null,1.6,9.5,1.4,8.153,0.032
20181128,22956,null,4.3,12.7,1.6,8.460,0.036
20181127,21914,null,1.1,12.1,1.6,8.983,0.029
20181126,23924,null,1.7,9.6,2.2,8.715,0.021
20181125,21742,null,1.0,10.2,1.6,11.542,0.026
20181124,21962,null,1.7,12.2,1.4,7.706,0.027
20181123,21383,null,1.5,13.1,2.0,9.307,0.079
20181122,23286,null,0.6,11.3,1.4,8.786,0.039
20181121,23654,null,1.1,10.5,1.7,8.599,0.021
20181120,22564,null,2.4,10.2,1.2,8.517,0.025
20181119,22704,null,1.1,10.7,1.4,10.500,0.058
20181118,22209,null,1.3,10.6,1.4,9.481,0.028
20181117,23433,null,0.8,12.2,1.1,9.798,0.040
20181116,22292,null,1.7,13.1,1.6,9.006,0.037
20181115,23074,null,1.5,11.8,1.5,8.711,0.057
20181114,22781,null,3.0,12.6,1.3,8.404,0.034
20181113,23403,null,1.0,11.1,1.4,8.839,0.031
20181112,23252,null,1.4,9.6,1.4,8.662,0.022
20181111,23729,null,3.3,11.4,1.3,9.023,0.036
20181110,24393,null,2.3,11.7,1.3,7.713,0.045
20181109,28700,null,2.0,10.8,3.8,6.361,0.030
20181108,27992,null,1.6,11.4,1.7,8.624,0.028
20181107,22119,null,3.0,11.8,1.4,8.354,0.046
20181106,22670,null,2.0,9.8,1.4,8.953,0.062
20181105,23054,null,2.4,10.3,1.3,9.478,0.033
20181104,22935,null,3.3,11.7,1.2,9.862,0.041
20181103,22463,null,1.7,13.3,1.2,9.088,0.062
20181102,22813,null,1.9,12.0,1.5,9.215,0.061
20181101,23081,null,2.3,11.3,1.8,8.369,0.053
20181031,22594,null,2.7,10.4,2.0,8.680,0.053
20181030,23043,null,2.0,10.2,1.8,8.785,0.147
20181029,24653,null,1.1,10.7,2.0,8.685,0.033
20181028,24246,null,3.5,10.7,1.6,10.855,0.063
20181027,25546,null,1.3,10.5,1.5,8.242,0.065
20181026,22319,null,1.4,12.0,1.5,8.526,0.095
20181025,22018,null,1.9,10.7,1.5,7.732,0.101
20181024,23697,null,2.5,11.8,1.6,8.244,0.101
20181023,22241,null,2.3,10.0,1.7,7.406,0.079
20181022,22708,null,1.8,8.4,1.5,7.604,0.089
20181021,22064,null,2.5,10.1,2.7,8.250,0.106
20181020,22657,null,1.8,8.9,2.2,8.301,0.160
20181019,21244,null,1.4,8.6,2.4,7.662,0.089
20181018,22412,null,2.2,9.4,2.0,7.435,0.111
20181017,23285,null,2.8,11.4,1.9,8.100,0.146
20181016,21517,null,2.8,6.3,1.8,7.860,0.135
20181015,22158,null,1.6,8.4,2.0,7.523,0.143
20181014,22439,null,1.8,10.7,2.5,7.122,0.100
20181013,23249,null,1.8,10.3,3.0,6.757,0.093
20181012,24372,null,1.2,10.6,2.0,7.732,0.067
20181011,24565,null,1.5,9.5,1.8,7.985,0.141
20181010,24320,null,1.6,9.0,1.5,8.351,0.087
20181009,26074,null,1.6,8.8,2.5,7.421,0.093
20181008,28105,null,1.4,8.3,1.3,6.916,0.065
20181007,32631,null,2.2,6.6,0.9,5.362,0.021
20181006,31644,null,2.4,9.7,1.1,6.644,0.061
20181005,30727,null,1.9,11.1,1.2,8.194,0.069
20181004,24175,null,1.6,9.1,1.9,7.346,0.053
20181003,24369,null,1.6,9.2,1.1,7.699,0.051
20181002,23452,null,1.1,11.4,1.7,7.714,0.084
20181001,25487,null,0.8,8.3,1.0,7.380,0.165
20180930,27490,null,0.9,9.8,0.8,8.268,0.168
20180929,24971,null,3.1,10.1,1.1,7.841,0.203
20180928,20999,null,0.3,8.3,1.0,7.768,0.097
20180927,23129,null,0.6,8.9,1.2,9.750,0.047
20180926,22452,null,1.7,8.0,1.0,11.326,0.043
20180925,20759,null,2.1,8.9,0.9,10.779,0.019
20180924,20045,null,1.0,8.4,0.9,7.837,0.047
20180923,23873,null,1.0,8.9,0.9,6.457,0.070
20180922,29313,null,0.8,8.0,1.2,6.237,0.094
20180921,30004,null,1.7,9.1,1.1,9.357,0.037
20180920,25453,null,1.0,9.7,0.7,8.028,0.049
20180919,24427,null,1.0,9.5,1.4,7.624,0.048
20180918,24009,null,3.5,8.1,1.3,7.456,0.040
20180917,24244,null,2.6,9.5,0.9,7.947,0.040
20180916,26091,null,2.3,7.7,0.7,8.367,0.048
20180915,25166,null,1.7,8.3,1.0,7.353,0.070
20180914,29327,null,2.5,10.2,1.9,10.430,0.067
20180913,23999,null,2.2,8.8,1.5,7.688,0.086
20180912,23986,null,2.1,7.5,1.3,7.569,0.028
20180911,23768,null,2.8,7.3,1.0,7.469,0.007
20180910,23871,null,3.0,6.9,0.5,8.038,0.007
20180909,23768,null,2.7,6.9,0.5,8.038,0.007
20180908,25365,null,2.4,11.4,0.8,7.060,0.014
20180907,26153,null,2.4,7.4,1.2,8.617,0.007
20180906,24844,null,2.2,7.1,1.0,7.757,0.011
20180905,27145,null,2.2,6.0,1.0,7.108,0.031
20180904,31156,null,3.4,5.0,0.9,6.416,0.050
20180903,37941,null,3.5,6.8,3.3,4.078,0.020
20180902,27637,null,2.4,6.5,3.2,3.221,0.028
20180901,30349,null,1.6,6.0,2.8,3.528,0.024
20180831,27452,null,1.9,6.4,3.2,4.337,0.018
20180830,25465,null,2.3,8.6,1.5,8.074,0.019
20180829,25822,null,4.6,8.3,2.0,7.156,0.037
20180828,27976,null,2.6,6.2,1.9,5.680,0.037
20180827,33799,null,3.4,7.6,2.7,7.628,0.060
20180826,30127,null,3.0,7.2,2.3,9.491,0.030
20180825,24517,null,2.9,8.3,3.0,8.606,0.063
20180824,26498,null,2.7,9.7,4.3,8.589,0.087
20180823,24662,null,2.4,8.2,4.1,9.912,0.101
20180822,23114,null,2.0,9.9,3.7,8.236,0.124
20180821,23700,null,3.5,8.4,3.1,8.954,0.086
20180820,22884,null,3.6,7.7,2.6,9.248,0.097
20180819,23251,null,2.4,7.7,1.7,9.929,0.113
20180818,23123,null,2.0,8.1,1.4,9.705,0.254
20180817,23325,null,2.4,7.5,3.2,8.701,0.660
20180816,26169,null,2.8,8.2,3.0,9.611,0.372
20180815,25898,null,2.1,8.9,2.1,10.230,0.830
20180814,22616,null,2.2,10.8,3.1,9.903,0.474
20180813,24121,null,4.4,9.5,3.0,9.052,0.726
20180812,23961,null,4.4,7.2,2.4,9.643,0.626
20180811,23012,null,4.6,7.4,1.6,10.684,0.339
20180810,22705,null,3.6,10.4,2.0,8.830,0.206
20180809,23689,null,4.0,7.5,1.9,9.267,0.252
20180808,23112,null,4.8,7.1,1.6,9.300,0.169
20180807,23385,null,4.3,8.9,2.0,9.323,0.331
20180806,23286,null,4.1,8.1,2.2,10.219,0.405
20180805,23595,null,4.2,8.1,1.2,9.637,0.726
20180804,22691,null,3.8,8.6,1.0,9.684,0.753
20180803,22641,null,3.2,9.0,2.7,9.171,1.397
20180802,23103,null,3.5,7.4,2.0,9.217,1.310
20180801,24883,null,4.1,8.8,1.4,8.426,1.496
20180731,23726,null,3.2,9.0,4.2,8.644,0.683
20180730,23635,null,4.8,9.8,2.9,9.571,0.258
20180729,24243,null,4.0,8.4,2.4,8.328,0.290
20180728,25224,null,4.2,10.2,4.1,8.556,0.272
20180727,24948,null,3.4,10.3,3.5,8.033,0.257
20180726,24726,null,3.1,9.8,2.5,4.357,0.249
20180725,24777,null,4.2,9.9,4.5,7.018,0.252
20180724,25810,null,3.8,9.8,3.7,4.492,0.233
20180723,25008,null,4.4,8.8,4.5,5.240,0.235
20180722,23982,null,4.0,5.2,7.0,6.980,0.217
20180721,23791,null,4.6,6.8,3.7,8.981,0.219
20180720,24442,null,3.0,7.7,3.0,4.925,0.238
20180719,24291,null,2.8,8.2,2.7,8.553,0.109
20180718,24898,null,5.8,17.7,2.8,8.000,0.139
20180717,24219,null,4.0,12.7,3.4,7.710,0.381
20180716,24605,null,4.6,10.9,3.6,7.945,0.250
20180715,25030,null,3.8,11.1,3.7,7.589,0.200
20180714,24550,null,3.6,12.7,4.8,7.091,0.210
20180713,24863,null,2.2,11.5,5.5,7.081,0.200
20180712,25955,null,1.4,11.7,5.8,6.626,0.308
20180711,24977,null,4.2,8.7,4.9,7.144,0.216
20180710,24235,null,4.0,7.9,6.1,7.949,0.172
20180709,23648,null,1.6,8.7,4.9,7.999,0.330
20180708,24304,null,0.6,8.9,3.5,7.594,0.203
20180707,27215,null,1.1,6.1,3.2,6.376,0.159
20180706,28368,null,1.4,6.8,5.1,6.479,0.357
20180705,29868,null,1.4,6.2,2.4,5.422,0.304
20180704,34900,null,2.2,4.2,2.6,4.114,0.167
20180703,33580,null,1.5,8.0,2.6,6.249,0.185
20180702,27514,null,1.9,8.2,2.7,5.937,0.165
20180701,30264,null,1.2,6.7,2.6,5.831,0.150
20180630,26956,null,3.1,6.9,3.6,5.893,0.162
20180629,29867,null,1.1,7.8,3.9,5.475,0.228
20180628,30806,null,1.0,9.7,3.4,6.484,0.183
20180627,24457,null,1.1,7.3,5.0,6.718,0.204
20180626,23976,null,1.6,9.3,6.5,6.740,0.296
20180625,25540,null,3.6,11.8,6.4,7.268,0.467
20180624,24984,null,2.5,12.9,6.5,7.650,0.283
20180623,21499,null,1.8,10.1,3.8,7.053,0.222
20180622,22461,null,2.0,8.0,3.7,6.328,0.166
20180621,23617,null,1.8,10.0,4.4,6.808,0.177
20180620,21887,null,2.8,9.8,4.5,7.368,0.545
20180619,21264,null,3.0,8.4,4.0,6.602,0.630
20180618,23804,null,2.4,6.7,3.5,7.644,0.265
20180617,24428,null,2.5,9.3,4.2,7.817,0.153
20180616,21304,null,1.7,8.7,4.2,7.345,0.174
20180615,21386,null,2.0,9.1,5.3,7.233,0.183
20180614,21884,null,2.5,6.9,4.1,6.658,0.124
20180613,23106,null,2.3,9.3,4.4,6.814,0.139
20180612,23679,null,3.2,8.0,3.0,5.712,0.099
20180611,26905,null,1.6,7.9,4.3,7.205,0.125
20180610,22812,null,2.5,8.4,3.2,6.924,0.121
20180609,22455,null,3.1,7.1,3.1,5.561,0.111
20180608,22458,null,2.8,7.3,2.5,5.120,0.210
20180607,25230,null,3.3,7.6,2.7,6.215,0.206
20180606,24245,null,4.0,11.2,3.2,7.015,0.228
20180605,22706,null,4.0,7.8,3.4,5.626,0.135
20180604,23568,null,5.2,10.0,4.9,6.790,0.180
20180603,23388,null,4.9,8.7,3.4,5.623,0.164
20180602,23861,null,4.2,7.9,4.4,6.228,0.149
20180601,23165,null,2.1,9.7,4.8,6.257,0.179
20180531,23997,null,2.4,5.0,4.1,5.251,0.131
20180530,24019,null,5.4,6.3,4.0,5.964,0.181
20180529,23457,null,4.4,5.7,3.7,5.941,0.317
20180528,23706,null,5.6,6.5,3.4,6.231,0.441
20180527,23538,null,3.1,7.0,3.5,6.831,0.194
20180526,23791,null,5.2,9.3,5.2,6.060,0.199
20180525,24928,null,2.8,8.1,5.0,5.767,0.140
20180524,25111,null,2.6,6.9,1.8,4.808,0.145
20180523,28382,null,4.8,10.8,4.0,6.783,0.369
20180522,22921,null,4.4,7.0,3.0,6.156,1.215
20180521,21933,null,4.4,10.4,4.3,6.867,0.820
20180520,23269,null,2.6,7.0,3.4,6.099,0.510
20180519,22898,null,3.1,10.0,5.8,6.781,0.620
20180518,23046,null,1.4,9.7,5.8,5.642,0.200
20180517,23921,null,1.5,7.6,4.5,4.939,0.300
20180516,23316,null,5.6,8.3,4.4,4.395,0.280
20180515,23944,null,3.6,7.9,4.1,4.875,0.185
20180514,24173,null,3.4,9.1,4.7,4.677,0.171
20180513,25512,null,3.4,12.9,5.7,5.688,0.245
20180512,22967,null,2.7,8.2,4.1,5.007,0.187
20180511,22576,null,1.7,11.2,4.1,5.105,0.243
20180510,24481,null,1.2,5.9,4.5,5.380,0.137
20180509,24406,null,4.4,5.6,3.0,4.745,0.142
20180508,26312,null,2.7,5.9,5.8,5.043,0.143
20180507,29515,null,2.1,7.9,7.9,6.125,0.211
20180506,23323,null,2.8,6.4,3.6,6.158,0.158
20180505,22228,null,3.2,5.8,3.0,5.253,0.129
20180504,22496,null,3.8,6.9,4.6,5.380,0.112
20180503,22679,null,4.2,7.5,3.7,5.849,0.109
20180502,23923,null,4.3,8.5,3.7,5.751,0.140
20180501,23805,null,3.1,7.6,3.5,4.868,0.120
20180430,23589,null,5.8,9.3,4.0,5.140,0.169
20180429,23549,null,3.5,13.8,3.6,5.197,0.197
20180428,22523,null,4.5,8.6,3.1,5.329,0.228
20180427,23583,null,3.7,8.4,4.3,4.874,0.186
20180426,28334,null,5.2,8.2,4.9,4.209,0.130
20180425,28270,null,5.8,6.4,4.8,4.445,0.105
20180424,35935,null,5.4,8.7,5.6,4.185,0.250
20180423,26233,null,5.0,9.9,3.7,5.034,0.168
20180422,24682,null,5.2,8.0,3.5,4.451,0.132
20180421,24618,null,5.1,8.5,4.1,4.743,0.114
20180420,23870,null,4.8,9.3,4.2,4.857,0.105
20180419,24073,null,6.2,7.9,4.8,4.758,0.105
20180418,24483,null,6.0,8.7,4.4,4.404,0.098
20180417,23910,null,6.2,7.1,4.8,4.404,0.138
20180416,25562,null,4.0,7.9,4.7,4.269,0.157
20180415,28350,null,3.5,9.8,4.2,5.484,0.141
20180414,28414,null,3.1,10.3,3.6,4.872,0.101
20180413,23114,null,4.2,10.0,4.2,4.256,0.091
20180412,23339,null,3.0,8.3,4.2,4.256,0.091
20180411,23755,null,4.2,10.3,5.3,4.637,0.165
20180410,23943,null,4.4,9.6,4.0,4.388,0.188
20180409,23680,null,4.0,10.2,5.0,5.175,0.346
20180408,24461,null,4.5,8.9,4.1,5.139,0.218
20180407,24908,null,3.9,8.1,2.4,4.735,0.144
20180406,26578,null,4.1,8.9,4.0,5.022,0.184
20180405,23386,null,3.4,9.6,5.1,5.139,0.110
20180404,22603,null,4.0,10.9,3.7,4.503,0.145
20180403,23735,null,3.5,11.1,4.2,4.186,0.176
20180402,23944,null,3.0,11.1,6.9,5.318,0.265
20180401,23947,null,3.9,12.1,4.7,5.280,0.152
20180331,23512,null,3.8,14.1,6.5,5.149,0.133
20180330,22840,null,3.7,14.3,7.1,4.421,0.190
20180329,23517,null,3.6,13.4,7.8,4.979,0.220
20180328,24207,null,3.3,13.5,7.4,5.801,0.277
20180327,24291,null,3.9,12.0,7.3,5.599,0.210
20180326,24636,null,3.8,14.7,6.1,8.586,0.392
20180325,25331,null,3.6,14.6,6.0,8.326,0.186
20180324,24717,null,3.7,13.5,5.8,8.396,0.192
20180323,25065,null,3.5,14.0,5.6,6.896,0.261
20180322,28725,null,3.3,11.7,6.4,6.461,0.179
20180321,30645,null,3.4,14.4,6.2,7.204,0.291
20180320,26094,null,4.1,12.4,5.9,7.008,0.195
20180319,29930,null,3.9,24.4,6.5,9.634,0.590
20180318,24851,null,3.7,19.1,5.7,8.573,0.770
20180317,24060,null,4.4,18.3,6.0,7.982,1.383
20180316,23493,null,3.8,18.6,4.2,7.987,0.346
20180315,25117,null,3.6,19.8,7.4,9.072,1.158
20180314,23570,null,4.7,18.8,6.7,9.187,1.513
20180313,21761,null,4.6,16.3,6.1,10.949,0.306
20180312,22612,null,4.0,15.1,6.7,11.939,0.339
20180311,24310,null,4.3,14.8,7.5,10.026,0.601
20180310,25329,null,4.4,15.0,6.0,8.835,0.620
20180309,26177,null,3.8,13.5,6.5,8.113,1.258
20180308,31588,null,4.0,14.4,6.5,8.930,1.358
20180307,24059,null,4.4,13.1,6.0,7.460,1.452
20180306,25331,null,4.2,19.2,7.5,8.953,0.673
20180305,24644,null,4.0,15.3,6.6,12.111,1.069
20180304,24361,null,3.9,17.1,6.0,9.471,0.416
20180303,21397,null,3.6,15.7,6.2,8.234,1.133
20180302,22115,null,3.1,16.0,6.5,9.153,0.905
20180301,24210,null,2.9,17.8,4.3,9.350,0.643
20180228,24738,null,3.3,18.5,3.8,11.436,0.741
20180227,20817,null,4.1,16.7,5.7,11.902,0.682
20180226,21891,null,3.7,15.9,4.9,11.875,0.787
20180225,20920,null,4.1,17.8,5.8,11.030,0.651
20180224,21396,null,3.5,13.4,3.2,10.212,0.852
20180223,22092,null,3.6,12.3,6.4,7.231,1.117
20180222,21632,null,3.5,11.6,6.9,9.644,0.899
20180221,20320,null,3.4,12.2,7.4,10.134,0.419
20180220,20360,null,3.6,8.9,6.6,11.836,0.424
20180219,21725,null,4.0,9.2,6.8,5.912,0.191
20180218,21605,null,4.1,11.9,6.2,5.380,0.259
20180217,18732,null,3.9,13.5,4.7,4.915,0.233
20180216,16880,null,3.8,10.6,4.7,3.418,0.269
20180215,21654,null,4.0,11.3,4.8,3.283,0.190
20180214,23377,null,3.5,12.8,4.2,6.300,0.147
20180213,21196,null,3.4,16.0,4.1,6.700,0.190
20180212,21588,null,3.4,8.4,4.3,5.340,0.220
20180211,21876,null,3.3,9.0,3.5,5.497,0.211
20180210,21878,null,3.2,9.5,5.4,5.721,0.147
20180209,21352,null,3.1,9.4,3.8,6.564,0.155
20180208,21183,null,3.2,10.3,3.8,9.425,0.373
20180207,21907,null,3.1,8.1,4.0,6.470,0.137
20180206,21311,null,2.6,7.5,4.4,6.477,0.122
20180205,20462,null,3.0,8.3,4.7,8.005,0.141
20180204,21201,null,2.8,9.6,4.1,8.817,0.155
20180203,20283,null,2.7,9.7,4.1,8.891,0.157
20180202,19862,null,2.9,10.0,3.8,9.061,0.125
20180201,19737,null,3.5,10.8,3.3,9.860,0.109
20180131,19651,null,3.6,8.1,3.8,10.098,0.111
20180130,19933,null,3.5,10.5,3.6,9.700,0.112
20180129,20369,null,3.2,16.5,4.1,7.915,0.108
20180128,19977,null,2.5,14.8,4.0,7.989,0.137
20180127,19992,null,3.0,15.5,4.4,8.529,0.140
20180126,19233,null,2.8,16.6,4.7,8.518,0.141
20180125,19499,null,2.9,14.9,4.7,8.034,0.111
20180124,19205,null,3.6,17.2,5.4,8.001,0.111
20180123,19414,null,2.6,17.8,4.7,8.053,0.107
20180122,19759,null,3.7,18.8,5.1,8.420,0.112
20180121,20465,null,4.7,19.4,5.0,7.786,0.109
20180120,20543,null,4.6,18.3,4.7,7.925,0.124
20180119,19723,null,2.7,15.0,4.9,8.568,0.155
20180118,19628,null,3.0,16.2,4.8,8.065,0.141
20180117,22245,null,3.1,17.7,6.0,9.543,0.347
20180116,21552,null,3.1,12.8,5.1,9.200,0.285
20180115,20642,null,2.9,13.6,5.7,9.549,0.152
20180114,21219,null,2.7,15.7,5.4,9.120,0.151
20180113,20772,null,2.6,14.4,5.4,8.964,0.142
20180112,20162,null,2.7,13.2,4.9,9.579,0.181
20180111,20237,null,2.8,12.6,5.0,9.027,0.195
20180110,19833,null,2.5,14.6,4.6,9.373,0.172
20180109,20730,null,3.4,12.2,4.5,10.309,0.138
20180108,20785,null,3.0,12.9,5.2,11.282,0.167
20180107,20244,null,3.5,10.8,4.3,10.225,0.163
20180106,20316,null,3.0,16.0,4.3,9.933,0.140
20180105,21032,null,3.9,10.5,4.0,9.886,0.136
20180104,20109,null,4.0,10.7,3.9,9.234,0.135
20180103,20794,null,4.3,11.2,5.5,7.378,0.129
20180102,19209,null,4.1,14.8,6.7,10.267,0.189
20180101,20772,null,3.8,11.9,4.9,7.793,0.124
20171231,21018,null,3.4,11.9,3.7,7.273,0.122
20171230,20331,null,3.9,12.8,4.9,6.971,0.091
20171229,21349,null,2.9,12.6,5.2,7.304,0.132
20171228,21591,null,3.0,12.8,4.8,8.352,0.120
20171227,20811,null,3.0,13.6,4.4,7.127,0.123
20171226,21619,null,2.6,15.2,3.9,7.707,0.139
20171225,22737,null,3.0,13.8,3.1,7.098,0.131
20171224,22782,null,2.9,12.3,2.9,6.804,0.121
20171223,21785,null,2.5,12.1,3.0,6.655,0.116
20171222,20898,null,2.6,11.4,2.9,6.749,0.094
20171221,22320,null,2.7,13.0,2.7,6.443,0.097
20171220,22383,null,2.7,15.7,2.7,6.381,0.091
20171219,21336,null,2.8,12.5,1.8,7.166,0.114
20171218,21139,null,2.6,11.2,2.6,7.233,0.088
20171217,21630,null,2.7,12.2,2.1,7.729,0.085
20171216,21917,null,2.7,13.7,2.1,7.537,0.086
20171215,20608,null,2.4,10.8,2.4,8.655,0.092
20171214,21926,null,2.5,12.8,2.4,7.849,0.089
20171213,22092,null,2.8,14.2,2.2,8.350,0.144
20171212,22328,null,2.5,12.3,2.3,8.235,0.136
20171211,21605,null,1.8,14.3,3.2,8.470,0.167
20171210,21718,null,2.2,12.6,2.9,7.910,0.150
20171209,21718,null,2.2,12.8,4.3,7.780,0.146
20171208,22299,null,2.3,15.1,3.7,6.914,0.130
20171207,21399,null,2.1,13.4,3.5,6.425,0.133
20171206,21083,null,1.9,13.8,3.4,6.700,0.121
20171205,21641,null,1.2,12.4,3.0,9.648,0.105
20171204,24262,null,1.6,9.8,3.2,9.661,0.091
20171203,25734,null,2.2,12.3,3.2,8.620,0.094
20171202,25681,null,1.7,12.0,3.0,8.525,0.093
20171201,25430,null,1.8,11.4,3.1,6.020,0.074
20171130,24290,null,1.8,11.6,2.2,6.960,0.077
20171129,24671,null,2.0,11.8,2.8,6.864,0.075
20171128,23811,null,1.8,11.0,2.8,6.322,0.077
20171127,25045,null,2.2,9.1,2.6,7.187,0.072
20171126,23874,null,2.7,12.7,2.8,6.166,0.079
20171125,23800,null,2.6,11.8,2.7,8.323,0.109
20171124,24213,null,2.8,11.3,2.8,7.467,0.071
20171123,24533,null,2.6,11.2,2.7,7.445,0.096
20171122,24638,null,1.9,11.7,2.8,8.006,0.102
20171121,24670,null,1.8,9.7,2.8,7.208,0.070
20171120,24798,null,2.1,8.7,2.6,7.882,0.073
20171119,24743,null,2.3,10.4,2.6,7.340,0.098
20171118,23630,null,2.3,9.3,2.0,8.700,0.141
20171117,25030,null,2.5,9.1,2.0,9.324,0.136
20171116,25312,null,2.4,9.9,1.9,7.739,0.112
20171115,24441,null,2.0,11.6,1.8,8.182,0.081
20171114,23420,null,2.3,10.0,1.5,9.945,0.187
20171113,22370,null,2.9,7.6,1.7,9.656,0.185
20171112,23192,null,2.8,8.7,1.8,8.982,0.143
20171111,23885,null,2.6,9.2,2.1,9.052,0.156
20171110,23392,null,2.1,11.3,2.2,8.090,0.126
20171109,23991,null,2.0,10.3,2.6,7.237,0.130
20171108,23970,null,2.2,9.3,2.5,7.615,0.136
20171107,23706,null,2.6,9.3,2.6,7.684,0.157
20171106,23367,null,2.1,7.5,2.7,8.810,0.128
20171105,23594,null,2.8,8.3,2.4,8.588,0.146
20171104,23479,null,2.6,9.5,2.3,7.631,0.154
20171103,24502,null,2.3,10.2,2.8,8.768,0.133
20171102,23870,null,1.5,8.8,2.3,7.971,0.123
20171101,24260,null,2.1,9.1,2.5,8.740,0.155
20171031,24271,null,1.9,10.7,1.7,8.554,0.081
20171030,24479,null,2.5,8.9,1.8,8.997,0.180
20171029,24898,null,2.8,9.4,1.8,9.781,0.138
20171028,24229,null,2.9,9.6,1.6,8.833,0.116
20171027,24066,null,2.8,9.7,1.8,9.096,0.060
20171026,24563,null,2.5,9.8,2.0,7.979,0.062
20171025,24424,null,2.1,10.7,2.7,8.478,0.053
20171024,24561,null,2.0,12.9,2.6,7.910,0.073
20171023,24291,null,2.4,12.2,2.7,9.177,0.047
20171022,23524,null,2.9,11.2,0.9,9.819,0.226
20171021,23793,null,2.5,11.2,1.0,8.803,0.225
20171020,24421,null,3.0,11.2,1.2,9.171,0.215
20171019,23414,null,2.9,11.2,0.8,8.950,0.654
20171018,23648,null,2.6,9.1,1.1,8.925,0.800
20171017,24778,null,2.2,9.1,0.9,8.710,0.837
20171016,24077,null,2.2,9.0,1.1,9.429,1.197
20171015,24254,null,2.2,10.5,1.5,6.494,0.310
20171014,24689,null,2.1,9.4,1.4,6.349,0.313
20171013,24881,null,1.9,11.0,2.2,11.261,0.403
20171012,23012,null,1.6,9.1,2.0,10.985,0.403
20171011,21903,null,1.7,9.1,1.6,9.500,0.422
20171010,23286,null,1.6,9.7,1.3,8.514,0.487
20171009,23378,null,1.6,10.0,1.4,8.703,0.479
20171008,21529,null,1.7,10.6,1.1,8.538,0.525
20171007,21640,null,1.8,10.6,1.0,9.034,0.588
20171006,21656,null,1.6,9.8,1.1,8.472,0.425
20171005,19113,null,1.5,9.4,1.0,8.433,0.345
20171004,18605,null,1.7,9.0,1.0,8.408,0.310
20171003,22203,null,1.6,8.8,1.0,8.421,0.271
20171002,30622,null,1.6,8.9,1.1,8.388,0.257
20171001,21939,null,1.8,8.8,1.0,8.336,0.295
20170930,22931,null,1.7,9.0,1.0,8.327,0.227
20170929,23192,null,1.6,9.2,1.0,8.483,0.233
20170928,22325,null,1.7,8.8,1.0,8.503,0.255
20170927,24902,null,1.7,8.9,1.1,8.585,0.259
20170926,23518,null,1.4,9.1,1.2,8.602,0.267
20170925,22822,null,1.4,9.0,1.4,8.644,0.272
20170924,23455,null,1.7,8.9,1.7,9.874,0.281
20170923,22448,null,1.8,8.9,1.6,9.310,0.302
20170922,23408,null,1.9,9.2,2.0,9.667,0.328
20170921,22663,null,1.9,10.2,2.2,9.075,0.334
20170920,22338,null,1.9,12.1,2.3,8.340,0.203
20170919,23050,null,1.9,11.9,2.1,7.300,0.439
20170918,24547,null,1.8,9.3,2.7,8.630,0.562
20170917,24000,null,2.0,10.3,2.6,11.330,0.517
20170916,21588,null,2.3,11.5,1.6,11.080,0.521
20170915,23435,null,2.3,11.5,2.2,9.190,0.118
20170914,22509,null,2.2,10.7,2.1,6.700,0.651
20170913,23734,null,2.5,13.5,2.0,7.970,0.165
20170912,27732,null,2.6,12.6,2.1,6.790,0.254
20170911,36250,null,2.4,11.8,2.4,9.200,0.170
20170910,23376,null,2.1,13.1,2.2,9.290,0.174
20170909,23996,null,2.0,14.0,1.8,8.550,0.175
20170908,23403,null,1.5,13.0,2.3,9.030,0.177
20170907,25135,null,1.6,12.8,2.6,8.920,0.169
20170906,24123,null,1.9,13.4,2.5,10.120,0.165
20170905,22427,null,1.3,12.9,2.5,8.160,0.164
20170904,23278,null,1.5,10.5,2.3,10.010,0.167
20170903,23114,null,1.4,13.0,2.0,10.160,0.155
20170902,23027,null,2.0,14.5,2.1,9.880,0.154
20170901,22740,null,1.8,13.4,3.1,9.770,0.723
20170831,21572,null,1.5,12.0,3.4,10.080,0.632
20170830,23165,null,1.3,13.3,2.8,9.440,0.475
20170829,23452,null,1.8,13.2,3.0,9.660,0.271
20170828,23294,null,1.5,10.9,3.2,10.810,0.256
20170827,23284,null,2.1,10.2,3.5,10.450,0.288
20170826,23700,null,2.8,10.5,3.3,10.120,0.302
20170825,23828,null,2.9,12.9,3.0,9.140,0.207
20170824,24393,null,3.6,12.7,3.6,9.880,0.264
20170823,25117,null,1.8,12.8,3.7,9.730,0.326
20170822,26464,null,1.5,12.3,4.2,9.990,0.259
20170821,23714,null,3.1,10.7,4.1,11.140,0.306
20170820,24176,null,3.0,12.4,4.3,10.380,0.254
20170819,24022,null,1.7,13.5,4.2,9.550,0.254
20170818,24048,null,0.8,13.0,4.0,9.440,0.229
20170817,23391,null,1.0,13.1,3.5,9.070,0.237
20170816,24329,null,1.4,12.5,4.1,9.920,0.249
20170815,23438,null,1.7,12.1,4.1,9.440,0.259
20170814,25572,null,1.5,9.5,3.2,10.050,0.202
20170813,21697,null,1.7,10.7,3.8,10.510,0.221
20170812,23544,null,1.5,12.7,3.6,9.310,0.199
20170811,23133,null,1.0,11.9,3.9,8.640,0.194
20170810,23642,null,0.9,12.1,3.8,8.290,0.210
20170809,24357,null,2.2,12.3,4.2,8.110,0.189
20170808,24001,null,2.0,12.1,4.0,7.950,0.190
20170807,24253,null,1.9,10.0,4.1,9.180,0.170
20170806,23331,null,2.1,10.1,4.2,9.480,0.174
20170805,22962,null,2.5,11.9,4.0,8.860,0.177
20170804,23145,null,2.4,12.1,4.5,8.130,0.209
20170803,23597,null,1.6,11.6,4.4,8.860,0.312
20170802,22610,null,2.1,11.3,4.2,9.020,0.222
20170801,23188,null,1.9,10.7,4.3,8.880,0.212
20170731,23245,null,1.3,8.1,4.2,9.140,0.190
20170730,22525,null,1.8,8.7,4.0,9.710,0.209
20170729,22313,null,3.0,11.2,4.1,9.020,0.209
20170728,23021,null,1.1,10.2,4.1,9.840,0.231
20170727,23157,null,2.2,10.8,4.4,9.378,0.277
20170726,21610,null,2.8,11.2,4.6,9.798,0.310
20170725,23292,null,2.7,12.0,5.3,9.340,0.408
20170724,24214,null,2.5,11.7,5.0,10.915,0.382
20170723,22941,null,3.1,13.0,5.1,11.030,0.250
20170722,23374,null,3.2,15.9,4.7,9.270,0.194
20170721,23466,null,3.9,12.6,4.5,9.560,0.250
20170720,23217,null,3.5,13.9,4.9,9.270,0.253
20170719,24117,null,2.2,13.4,4.9,9.710,0.255
20170718,23526,null,2.8,12.6,5.0,9.870,0.217
20170717,23900,null,1.6,10.5,5.3,9.540,0.223
20170716,23324,null,2.6,11.3,5.2,9.760,0.201
20170715,23111,null,3.7,13.5,4.8,9.210,0.199
20170714,23442,null,0.7,13.1,5.3,9.730,0.185
20170713,23788,null,2.9,13.2,5.1,9.440,0.275
20170712,25175,null,3.0,13.0,4.7,7.960,0.181
20170711,23076,null,3.6,12.1,5.1,8.970,0.170
20170710,23091,null,4.6,9.9,4.3,8.890,0.126
20170709,23872,null,2.6,10.4,4.7,8.320,0.123
20170708,23453,null,4.6,13.0,5.4,10.090,0.145
20170707,23461,null,2.7,12.8,5.2,8.220,0.210
20170706,23832,null,1.4,10.6,4.9,7.890,0.128
20170705,26441,null,3.0,11.3,5.4,7.580,0.177
20170704,25008,null,4.6,11.0,5.7,8.940,0.208
20170703,24252,null,3.7,8.4,5.5,9.400,0.214
20170702,24910,null,2.4,9.8,6.1,9.090,0.154
20170701,24162,null,2.3,10.7,6.1,8.460,0.177
20170630,24407,null,2.2,10.6,7.8,9.160,0.235
20170629,21753,null,2.4,13.4,8.0,8.750,0.212
20170628,24548,null,2.2,13.8,8.1,8.270,0.215
20170627,23747,null,3.2,13.2,7.6,9.380,0.223
20170626,23729,null,3.5,10.6,6.5,9.380,0.200
20170625,24241,null,1.6,12.1,6.2,9.640,0.201
20170624,24106,null,1.6,14.1,6.8,8.960,0.214
20170623,24169,null,1.7,11.2,7.1,8.890,0.203
20170622,23065,null,1.9,12.8,7.4,9.150,0.254
20170621,24945,null,4.1,13.2,7.9,7.730,0.231
20170620,24600,null,4.4,12.4,7.8,7.780,0.203
20170619,24829,null,3.7,10.1,6.5,8.410,0.169
20170618,23651,null,3.3,11.7,7.0,9.760,0.201
20170617,23206,null,2.5,14.0,6.8,9.880,0.322
20170616,23790,null,2.6,13.8,9.3,9.120,0.318
20170615,23485,null,1.8,13.8,7.5,8.530,0.392
20170614,23825,null,2.9,13.5,7.7,8.360,0.349
20170613,22785,null,3.4,12.5,9.1,8.530,0.339
20170612,22001,null,3.1,9.7,7.7,9.660,0.262
20170611,21991,null,2.6,11.2,7.2,9.120,0.260
20170610,22617,null,2.9,13.8,7.2,8.850,0.244
20170609,21429,null,2.3,13.4,7.3,8.510,0.286
20170608,20970,null,1.9,11.9,8.5,9.020,0.395
20170607,23180,null,2.0,14.3,8.7,9.080,0.336
20170606,21721,null,3.1,14.0,7.3,9.160,0.274
20170605,22257,null,3.1,10.8,7.3,9.580,0.279
20170604,20945,null,2.4,11.6,6.0,9.660,0.253
20170603,22206,null,1.3,13.4,7.1,9.010,0.224
20170602,21999,null,0.8,13.7,7.9,8.810,0.289
20170601,22779,null,1.4,12.9,7.9,8.600,0.379
20170531,21822,null,2.6,14.4,9.2,8.480,0.450
20170530,23224,null,2.7,12.6,8.1,8.940,0.394
20170529,22735,null,2.2,10.1,6.4,9.040,0.287
20170528,22120,null,2.0,11.2,6.5,9.450,0.321
20170527,23406,null,1.3,13.6,6.4,9.190,0.298
20170526,22603,null,1.0,13.1,6.9,6.980,0.257
20170525,22237,null,2.0,12.5,6.6,9.010,0.314
20170524,22384,null,2.3,12.0,6.3,8.890,0.371
20170523,22972,null,2.7,11.3,6.8,7.980,0.295
20170522,23182,null,2.4,11.6,7.3,9.517,0.333
20170521,23199,null,2.3,10.7,5.7,9.030,0.356
20170520,23099,null,2.1,12.4,6.6,8.530,0.487
20170519,23255,null,1.8,11.3,6.6,8.300,0.428
20170518,23379,null,2.2,12.0,6.6,9.230,0.587
20170517,22489,null,3.8,12.2,8.7,9.961,0.568
20170516,22304,null,5.4,12.7,7.8,9.560,0.691
20170515,24251,null,3.2,11.2,6.6,9.936,0.386
20170514,23393,null,3.1,11.0,6.4,8.180,0.276
20170513,24376,null,3.2,14.0,6.3,7.940,0.366
20170512,23504,null,1.8,12.9,8.0,8.458,0.379
20170511,22642,null,1.1,14.3,7.6,8.967,0.618
20170510,23978,null,1.2,12.7,6.9,9.741,0.400
20170509,23598,null,3.4,14.3,7.1,8.610,0.272
20170508,23425,null,3.8,12.1,7.0,9.270,0.344
20170507,22335,null,1.9,11.9,7.0,9.220,0.319
20170506,22338,null,1.6,14.0,6.6,9.250,0.359
20170505,22219,null,1.3,14.2,7.2,8.440,0.344
20170504,22241,null,0.7,13.1,8.5,10.146,0.528
20170503,21866,null,4.5,13.9,7.7,9.840,0.332
20170502,22202,null,2.9,13.0,7.4,9.452,0.420
20170501,22544,null,3.4,12.6,5.8,8.930,0.176
20170430,22516,null,4.0,12.7,5.6,9.360,0.368
20170429,22254,null,2.6,14.0,6.7,9.330,0.418
20170428,22252,null,1.2,13.8,8.2,9.942,0.654
20170427,22742,null,0.5,13.5,7.7,10.322,0.707
20170426,20650,null,5.6,13.0,7.8,8.059,0.861
20170425,22039,null,2.7,15.1,8.6,9.936,1.181
20170424,23701,null,4.1,13.8,8.9,10.313,0.744
20170423,24260,null,2.0,13.1,6.3,10.810,0.651
20170422,24586,null,3.4,15.8,6.0,10.400,0.828
20170421,21936,null,2.7,14.5,8.6,10.350,0.656
20170420,23278,null,1.8,15.4,8.9,10.499,1.100
20170419,24620,null,3.6,15.1,7.3,9.744,0.834
20170418,24175,null,3.3,14.8,7.4,9.440,0.676
20170417,26076,null,2.8,13.7,8.6,9.836,0.617
20170416,23374,null,3.9,10.6,5.8,11.120,0.505
20170415,22516,null,3.5,13.0,6.2,11.340,0.509
20170414,22929,null,2.8,14.9,8.7,10.442,0.593
20170413,22811,null,4.2,14.4,8.0,9.872,0.506
20170412,23915,null,4.8,13.0,7.4,9.185,0.346
20170411,24370,null,5.0,13.3,8.7,11.210,0.934
20170410,23812,null,5.4,12.3,5.3,10.882,0.233
20170409,23515,null,4.4,12.8,4.0,10.490,0.182
20170408,24304,null,5.1,14.7,4.3,10.390,0.215
20170407,26364,null,2.2,12.8,7.5,9.558,0.404
20170406,31448,null,2.2,14.9,8.5,10.248,0.457
20170405,22527,null,5.7,14.4,8.0,10.428,0.382
20170404,22802,null,4.9,13.9,8.0,9.905,0.284
20170403,23598,null,4.6,13.8,7.9,10.284,0.418
20170402,22121,null,5.6,9.2,6.6,11.190,0.292
20170401,22037,null,4.0,12.7,6.4,11.270,0.294
20170331,21630,null,3.6,14.9,8.0,10.618,0.499
20170330,21372,null,2.2,14.4,8.2,10.379,0.461
20170329,22173,null,3.5,14.6,7.7,9.793,0.465
20170328,21914,null,3.3,14.7,8.6,9.177,0.527
20170327,23189,null,5.2,12.2,7.7,10.020,0.388
20170326,22632,null,5.2,13.1,5.1,10.370,0.230
20170325,21317,null,4.0,17.7,5.9,9.150,0.197
20170324,21232,null,2.0,13.5,6.1,9.019,0.383
20170323,22170,null,3.1,13.0,6.5,11.201,0.363
20170322,21952,null,5.0,13.2,6.4,9.726,0.431
20170321,21710,null,5.5,14.0,5.6,9.999,0.424
20170320,23479,null,6.6,13.0,3.8,9.425,0.329
20170319,23501,null,5.5,10.4,5.0,8.710,0.153
20170318,21859,null,5.8,13.0,5.1,9.190,0.181
20170317,21880,null,5.8,14.0,4.9,9.789,0.367
20170316,21922,null,6.7,14.0,6.5,14.824,0.380
20170315,22258,null,6.7,14.7,5.0,11.312,1.244
20170314,22439,null,4.2,13.1,7.5,10.441,0.624
20170313,21165,null,4.5,13.9,7.4,11.464,0.606
20170312,22640,null,4.9,9.5,3.2,10.850,0.764
20170311,22680,null,4.9,12.3,5.3,9.880,1.512
20170310,21627,null,2.7,17.2,7.9,11.419,0.879
20170309,19770,null,4.1,14.4,7.5,10.009,0.901
20170308,25422,null,4.9,14.1,7.6,9.459,0.546
20170307,25484,null,4.7,14.4,8.9,9.559,0.546
20170306,23459,null,3.7,13.9,9.2,9.450,0.510
20170305,20610,null,3.1,9.5,5.0,10.590,0.345
20170304,19945,null,2.4,12.6,5.9,10.660,0.429
20170303,21231,null,4.2,14.0,8.0,9.344,0.885
20170302,24924,null,2.6,12.9,7.8,10.226,0.806
20170301,23547,null,3.3,9.7,5.6,11.400,0.883
20170228,24133,null,4.1,13.2,7.2,10.701,0.549
20170227,24325,null,4.2,12.1,6.6,10.339,0.414
20170226,25194,null,4.0,7.0,5.7,11.920,0.455
20170225,24602,null,4.3,12.1,5.3,11.660,0.321
20170224,24622,null,2.7,14.0,7.2,9.875,0.389
20170223,27127,null,1.7,12.1,7.2,9.090,0.281
20170222,24322,null,3.7,13.7,7.6,10.252,0.245
20170221,23288,null,3.0,11.7,6.0,9.898,0.270
20170220,23743,null,4.2,11.6,4.9,9.982,0.295
20170219,23956,null,1.6,14.5,4.2,10.040,0.168
20170218,22435,null,2.9,17.9,4.5,10.110,0.173
20170217,22565,null,1.6,12.9,5.5,10.475,0.220
20170216,22264,null,2.7,12.8,6.8,10.686,0.272
20170215,21779,null,2.1,13.3,5.8,10.937,0.255
20170214,21490,null,2.3,12.4,5.3,10.621,0.240
20170213,21886,null,0.6,11.7,5.0,10.193,0.176
20170212,22287,null,2.5,16.2,3.2,10.900,0.129
20170211,23167,null,2.8,16.6,4.0,10.850,0.135
20170210,21824,null,2.2,10.5,4.0,12.435,0.212
20170209,19668,null,3.7,10.7,3.8,9.907,0.200
20170208,22156,null,2.9,9.5,3.3,10.420,0.200
20170207,22574,null,2.7,10.3,3.6,10.701,0.178
20170206,22822,null,3.3,9.1,4.5,11.156,0.214
20170205,21411,null,3.5,10.5,4.2,11.590,0.128
20170204,22939,null,3.0,10.1,4.1,10.500,0.117
20170203,22562,null,1.7,11.9,4.6,9.820,0.147
20170202,22683,null,2.0,11.6,4.6,11.165,0.118
20170201,22323,null,2.6,11.3,5.8,10.055,0.190
20170131,24080,null,3.2,12.1,6.2,10.096,0.220
20170130,23085,null,4.2,7.1,4.9,13.500,0.144
20170129,20369,null,3.0,9.0,5.0,11.140,0.126
20170128,19149,null,2.0,12.3,5.1,10.420,0.120
20170127,22281,null,1.8,14.6,5.0,10.470,0.128
20170126,24273,null,1.9,12.2,4.4,10.801,0.169
20170125,23773,null,3.9,13.8,4.6,10.096,0.175
20170124,22980,null,3.0,12.9,3.8,12.388,0.198
20170123,22978,null,4.8,11.6,4.8,10.912,0.154
20170122,23063,null,4.8,12.2,4.2,12.140,0.107
20170121,22784,null,3.8,16.2,4.1,11.800,0.113
20170120,21887,null,4.5,13.5,5.0,12.111,0.229
20170119,22543,null,3.6,12.3,4.5,11.902,0.203
20170118,22560,null,2.7,12.8,4.8,11.715,0.250
20170117,22101,null,1.9,12.4,4.8,12.650,0.092
20170116,22636,null,1.6,11.1,6.0,12.647,0.165
20170115,22775,null,3.3,6.7,4.2,13.160,0.117
20170114,23048,null,3.6,9.4,4.3,12.000,0.138
20170113,22614,null,6.4,10.8,5.3,12.020,0.168
20170112,21990,null,0.5,13.6,5.3,11.562,0.186
20170111,22004,null,3.4,13.7,6.3,12.602,0.221
20170110,22009,null,2.6,13.6,5.5,12.403,0.176
20170109,21767,null,3.3,12.5,6.0,11.429,0.228
20170108,22886,null,2.7,12.2,4.8,12.160,0.179
20170107,22175,null,1.0,13.5,4.6,11.690,0.188
20170106,22273,null,0.3,14.0,5.0,11.480,0.283
20170105,22492,null,0.6,10.0,5.3,11.920,0.199
20170104,22085,null,3.7,9.0,5.4,12.330,0.186
20170103,22217,null,2.1,7.7,5.8,13.090,0.197
20170102,21888,null,1.7,12.6,5.8,13.646,0.232
20170101,21350,null,0.9,7.7,5.3,14.020,0.162
20161231,23061,null,3.1,7.4,4.8,12.110,0.131
20161230,22487,null,0.2,8.0,5.2,12.640,0.140
20161229,22838,null,0.8,7.8,4.7,11.210,0.124
20161228,23687,null,4.4,8.2,4.9,11.330,0.115
20161227,24585,null,4.6,7.8,4.6,12.210,0.140
20161226,24574,null,2.4,6.1,4.8,11.970,0.138
20161225,23124,null,1.6,8.3,3.9,11.920,0.115
20161224,25179,null,1.0,7.8,4.0,9.830,0.102
20161223,27191,null,2.2,7.7,4.9,8.570,0.166
20161222,36903,null,0.7,10.3,7.0,10.950,0.210
20161221,23327,null,3.6,10.2,5.2,10.830,0.175
20161220,23290,null,3.5,8.9,6.1,11.900,0.197
20161219,21609,null,3.3,6.2,5.5,11.500,0.166
20161218,21476,null,1.5,9.7,4.0,12.380,0.162
20161217,22136,null,2.2,8.8,3.9,11.020,0.151
20161216,21069,null,0.4,9.4,4.0,11.400,0.148
20161215,21865,null,0.5,9.8,4.4,11.420,0.160
20161214,21657,null,0.9,10.2,4.2,12.280,0.155
20161213,20912,null,2.1,9.0,3.6,11.500,0.142
20161212,21127,null,1.5,6.7,3.7,10.300,0.120
20161211,20875,null,0.6,10.1,3.8,11.350,0.120
20161210,21988,null,1.1,9.9,3.2,10.330,0.126
20161209,22901,null,0.6,10.0,3.3,10.190,0.119
20161208,21525,null,0.6,9.1,4.0,9.970,0.126
20161207,21571,null,1.3,9.5,3.8,9.150,0.129
20161206,22938,null,2.3,8.2,2.9,9.670,0.115
20161205,22585,null,2.5,7.1,2.9,10.770,0.118
20161204,20962,null,2.7,8.8,2.9,9.400,0.120
20161203,21406,null,1.8,8.3,3.2,9.700,0.111
20161202,22840,null,0.8,7.6,3.6,9.200,0.118
20161201,22981,null,0.8,9.0,3.8,9.600,0.140
20161130,22085,null,3.0,10.0,3.5,9.800,0.146
20161129,20633,null,3.3,10.5,3.8,10.220,0.164
20161128,21405,null,1.8,7.5,3.4,10.340,0.162
20161127,20969,null,2.3,11.0,4.1,11.110,0.177
20161126,20776,null,2.1,9.9,3.6,9.420,0.164
20161125,21320,null,1.8,11.5,4.6,9.850,0.160
20161124,21511,null,2.0,10.5,4.2,9.970,0.159
20161123,21754,null,2.0,9.2,4.9,10.190,0.217
20161122,20596,null,2.2,10.2,4.5,10.040,0.204
20161121,21558,null,1.9,8.1,3.7,9.920,0.235
20161120,21104,null,3.2,11.0,3.1,9.670,0.208
20161119,24964,null,2.2,10.5,3.8,8.930,0.213
20161118,21912,null,2.6,10.1,4.4,9.150,0.228
20161117,21402,null,1.2,11.0,3.9,10.220,0.214
20161116,22012,null,2.9,11.9,4.1,10.040,0.227
20161115,22611,null,2.2,10.3,4.4,10.890,0.166
20161114,22668,null,3.2,9.0,3.9,10.320,0.199
20161113,22095,null,2.8,11.1,3.7,10.690,0.225
20161112,23112,null,3.0,11.0,3.8,9.700,0.199
20161111,23505,null,2.2,9.8,5.6,10.020,0.141
20161110,24543,null,2.4,9.6,4.8,11.290,0.309
20161109,22113,null,1.4,9.1,4.2,10.700,0.230
20161108,23762,null,3.1,8.5,5.0,10.090,0.241
20161107,22914,null,3.3,7.2,4.2,10.070,0.161
20161106,23215,null,2.1,10.7,4.1,9.900,0.217
20161105,23515,null,2.0,10.1,3.7,9.250,0.223
20161104,22446,null,2.1,10.3,4.0,9.350,0.168
20161103,23638,null,2.9,8.9,3.3,9.150,0.168
20161102,22825,null,1.9,9.0,3.1,9.900,0.194
20161101,22948,null,1.8,8.8,2.8,9.770,0.223
20161031,22805,null,3.0,7.3,2.9,9.850,0.230
20161030,24121,null,1.3,9.5,3.3,10.000,0.225
20161029,22622,null,0.7,10.0,2.8,9.770,0.293
20161028,22879,null,0.5,9.9,3.3,9.200,0.261
20161027,23848,null,0.6,10.1,2.9,9.250,0.201
20161026,23300,null,1.3,10.2,2.9,9.420,0.163
20161025,22776,null,1.6,10.3,2.5,9.920,0.146
20161024,22436,null,1.4,9.0,2.1,10.240,0.152
20161023,23022,null,1.8,11.3,2.3,9.850,0.148
20161022,23284,null,2.3,11.7,2.2,10.320,0.117
20161021,22245,null,1.2,10.9,2.4,9.020,0.119
20161020,23098,null,1.2,11.2,3.4,8.380,0.159
20161019,24966,null,4.0,9.9,3.5,8.130,0.177
20161018,26420,null,0.9,8.0,4.2,7.580,0.102
20161017,30306,null,2.3,6.6,3.4,7.380,0.124
20161016,25282,null,3.1,9.6,2.9,9.520,0.170
20161015,22718,null,3.2,10.0,3.3,9.550,0.152
20161014,23491,null,0.6,9.3,3.9,9.200,0.148
20161013,23391,null,0.7,10.4,3.2,7.660,0.119
20161012,24233,null,4.1,9.2,3.8,7.380,0.177
20161011,24130,null,2.8,8.9,5.5,7.080,0.146
20161010,26564,null,3.1,6.1,4.9,7.710,0.141
20161009,27488,null,2.7,7.7,5.4,6.510,0.269
20161008,34689,null,1.5,10.2,7.0,8.880,0.289
20161007,24394,null,1.5,8.8,5.8,7.530,0.285
20161006,32152,null,0.5,8.9,6.1,5.220,0.206
20161005,45944,null,2.7,12.5,7.2,9.200,0.258
20161004,25079,null,2.8,11.3,4.3,9.050,0.265
20161003,24723,null,2.0,10.5,3.3,8.630,0.245
20161002,25544,null,2.3,11.5,4.0,9.150,0.272
20161001,27719,null,3.0,10.4,4.8,7.280,0.256
20160930,29334,null,2.4,11.4,4.0,8.630,0.212
20160929,27089,null,1.5,9.4,4.1,8.420,0.223
20160928,27525,null,3.9,9.2,3.4,9.550,0.177
20160927,23731,null,1.9,8.9,3.7,10.370,0.173
20160926,22468,null,1.2,7.6,3.9,9.520,0.247
20160925,23075,null,2.9,10.0,3.1,9.320,0.184
20160924,23722,null,3.4,10.6,3.5,8.770,0.194
20160923,23138,null,1.7,9.3,4.0,9.170,0.206
20160922,21880,null,2.6,8.2,3.4,8.520,0.150
20160921,24359,null,1.9,8.2,3.1,7.270,0.186
20160920,26074,null,2.1,7.1,4.0,7.500,0.157
20160919,27924,null,2.4,5.5,3.8,6.370,0.148
20160918,34563,null,2.5,6.0,4.5,5.500,0.294
20160917,40706,null,4.0,7.8,4.4,11.860,0.260
20160916,19664,null,2.0,7.4,3.8,11.980,0.190
20160915,18000,null,2.3,9.3,3.1,9.290,0.150
20160914,22177,null,2.4,9.5,2.4,8.300,0.144
20160913,23871,null,3.1,8.3,2.6,8.770,0.144
20160912,24813,null,1.4,7.4,3.3,8.940,0.139
20160911,23050,null,1.2,10.3,2.9,9.470,0.128
20160910,22841,null,2.0,9.4,2.6,9.820,0.133
20160909,22837,null,1.1,8.9,2.8,8.200,0.137
20160908,26008,null,0.2,9.4,2.7,10.560,0.141
20160907,23459,null,1.6,9.4,2.5,10.130,0.109
20160906,23859,null,2.8,9.4,2.2,9.270,0.106
20160905,25175,null,2.6,7.7,2.9,6.450,0.095
20160904,28480,null,2.7,8.5,2.1,5.760,0.087
20160903,43883,null,1.9,8.6,2.6,4.990,0.098
20160902,32176,null,1.9,11.2,2.9,7.630,0.095
20160901,22576,null,0.6,10.8,2.8,5.840,0.093
20160831,23369,null,1.1,10.5,3.1,5.730,0.082
20160830,23560,null,2.6,8.5,3.1,6.480,0.091
20160829,24004,null,1.3,5.4,2.5,6.010,0.069
20160828,26708,null,1.5,6.6,3.6,8.060,0.095
20160827,22265,null,1.6,8.4,3.4,8.460,0.069
20160826,22187,null,2.0,10.4,3.2,8.313,0.098
20160825,23062,null,1.9,11.0,2.9,7.130,0.095
20160824,22256,null,2.0,11.2,3.2,6.980,0.102
20160823,21273,null,0.8,10.3,3.2,7.630,0.084
20160822,22659,null,1.4,8.0,3.1,7.450,0.087
20160821,21915,null,2.6,10.3,3.1,7.840,0.098
20160820,22748,null,1.8,11.5,3.9,7.860,0.115
20160819,23130,null,1.8,13.2,3.3,7.930,0.106
20160818,23218,null,2.6,10.4,3.2,8.131,0.158
20160817,22148,null,1.7,10.1,4.4,9.416,0.170
20160816,23258,null,1.1,11.1,5.6,8.506,0.205
20160815,22933,null,1.6,10.4,3.1,2.220,0.123
20160814,22416,null,3.0,13.1,3.4,3.180,0.135
20160813,22943,null,1.6,11.8,3.5,4.570,0.131
20160812,23757,null,1.8,11.5,2.9,8.210,0.110
20160811,23546,null,3.2,11.8,2.8,7.990,0.121
20160810,23074,null,0.3,10.4,3.2,7.110,0.125
20160809,21844,null,0.6,11.0,3.4,9.050,0.129
20160808,23464,null,1.2,8.0,3.6,11.340,0.131
20160807,23893,null,2.6,9.8,3.5,10.850,0.118
20160806,22803,null,2.4,10.9,3.2,10.370,0.112
20160805,23713,null,2.2,11.9,2.9,9.560,0.089
20160804,24421,null,2.1,11.0,3.1,9.230,0.098
20160803,24988,null,4.5,10.3,3.6,9.170,0.127
20160802,24564,null,1.0,9.6,4.0,8.370,0.133
20160801,24935,null,2.0,8.0,4.7,8.590,0.222
20160731,26015,null,2.4,9.5,6.7,7.600,0.315
20160730,23963,null,1.8,11.8,4.8,6.870,0.190
20160729,23768,null,1.6,12.0,5.9,7.070,0.199
20160728,22272,null,4.2,11.9,3.7,6.970,0.148
20160727,24874,null,2.2,12.2,4.6,6.670,0.218
20160726,24414,null,2.4,10.6,5.8,7.230,0.239
20160725,22871,null,1.6,8.3,4.8,5.040,0.089
20160724,24071,null,2.5,10.5,6.3,5.480,0.178
20160723,22636,null,1.6,11.1,6.5,5.350,0.293
20160722,21664,null,2.4,11.2,3.9,5.350,0.173
20160721,23322,null,2.6,15.1,3.2,9.640,0.103
20160720,22905,null,2.1,14.9,3.4,9.230,0.120
20160719,24388,null,1.9,13.3,4.4,10.670,0.220
20160718,24352,null,2.2,9.9,2.8,9.900,0.057
20160717,25233,null,2.7,12.7,2.5,10.020,0.034
20160716,25349,null,5.2,15.1,3.1,9.720,0.163
20160715,22478,null,1.7,14.3,3.7,8.220,0.105
20160714,24076,null,2.8,14.0,3.8,7.070,0.138
20160713,25161,null,3.0,13.6,3.9,7.830,0.132
20160712,23377,null,2.2,13.5,3.9,4.620,0.128
20160711,24131,null,1.9,12.4,5.4,4.420,0.328
20160710,25302,null,2.2,15.0,4.6,3.832,0.158
20160709,24493,null,2.4,14.9,5.3,3.716,0.212
20160708,24170,null,1.5,16.1,5.3,7.030,0.190
20160707,24727,null,2.6,15.3,4.6,6.640,0.214
20160706,28119,null,1.8,12.4,5.1,5.290,0.231
20160705,29505,null,2.5,10.0,5.2,5.290,0.213
20160704,36017,null,2.1,9.0,5.5,6.990,0.216
20160703,31350,null,2.3,10.7,4.6,5.755,0.159
20160702,33769,null,2.7,10.7,4.3,4.493,0.185
20160701,32682,null,2.2,13.1,4.4,5.840,0.177
20160630,23080,null,3.8,14.0,4.8,6.610,0.205
20160629,21600,null,4.9,13.0,4.2,6.150,0.207
20160628,21865,null,3.6,12.5,4.0,6.700,0.229
20160627,22395,null,5.1,10.9,3.3,6.953,0.265
20160626,22165,null,5.5,12.9,3.0,5.851,0.211
20160625,24770,null,4.2,12.4,3.6,4.130,0.212
20160624,26819,null,2.8,15.3,5.2,3.500,0.396
20160623,21805,null,4.2,16.3,4.3,9.610,0.353
20160622,21189,null,3.2,17.3,4.3,10.200,0.256
20160621,20724,null,4.9,17.1,4.0,11.830,0.260
20160620,21860,null,3.1,12.8,3.6,10.189,0.240
20160619,21937,null,4.1,15.9,3.0,12.120,0.185
20160618,21100,null,4.6,14.4,3.0,8.577,0.202
20160617,21636,null,3.5,14.5,3.6,6.020,0.227
20160616,22387,null,3.2,15.4,4.7,7.950,0.170
20160615,20683,null,4.4,15.2,3.9,6.500,0.239
20160614,21101,null,3.6,14.5,4.3,6.403,0.328
20160613,21891,null,4.1,12.8,5.7,6.130,0.483
20160612,21199,null,3.9,14.6,4.7,5.832,0.326
20160611,22242,null,2.0,15.3,4.9,5.348,0.289
20160610,22247,null,2.0,13.8,8.1,10.050,0.311
20160609,20529,null,2.7,14.5,6.7,9.460,0.242
20160608,21507,null,4.5,14.3,6.3,8.520,0.212
20160607,20300,null,4.4,14.2,5.9,8.930,0.237
20160606,19998,null,4.2,12.5,5.3,9.207,0.210
20160605,19750,null,4.3,14.2,4.9,8.490,0.210
20160604,20892,null,5.3,14.8,6.6,7.911,0.286
20160603,20195,null,5.1,15.2,4.7,7.960,0.205
20160602,20171,null,4.6,14.4,5.5,7.670,0.309
20160601,19977,null,4.9,16.9,5.7,7.240,0.221
20160531,20411,null,4.8,17.2,4.2,6.120,0.175
20160530,21452,null,4.8,16.2,4.4,7.450,0.223
20160529,21326,null,3.5,18.7,5.3,8.450,0.299
20160528,20326,null,7.4,18.8,4.7,7.632,0.228
20160527,21019,null,4.4,19.8,4.3,7.050,0.241
20160526,21735,null,5.2,18.5,4.1,7.000,0.218
20160525,22067,null,5.9,19.2,4.3,7.670,0.244
20160524,22673,null,5.1,18.5,5.8,7.800,0.269
20160523,21000,null,2.9,17.0,6.7,8.685,0.243
20160522,20524,null,2.6,18.1,4.1,8.454,0.211
20160521,21787,null,3.0,18.6,4.7,7.892,0.324
20160520,22979,null,2.6,17.8,8.6,8.390,0.357
20160519,22160,null,4.1,16.7,7.7,7.830,0.394
20160518,23102,null,3.2,16.9,8.3,7.620,0.307
20160517,23134,null,2.6,15.9,7.5,7.990,0.422
20160516,24725,null,4.5,15.0,6.9,9.250,0.350
20160515,21514,null,2.0,14.3,7.7,8.230,0.436
20160514,21662,null,2.8,16.6,6.3,8.150,0.286
20160513,21961,null,3.2,17.1,6.4,7.620,0.216
20160512,22200,null,3.0,16.3,5.7,8.390,0.208
20160511,22650,null,4.2,17.4,5.5,8.340,0.216
20160510,22749,null,3.6,18.4,5.2,8.740,0.166
20160509,21840,null,5.5,19.1,4.2,9.820,0.180
20160508,21743,null,8.1,19.9,5.9,9.684,0.215
20160507,21328,null,2.4,20.7,4.9,10.363,0.186
20160506,21397,null,4.1,18.1,4.1,9.104,0.176
20160505,23244,null,3.5,16.4,3.2,7.748,0.120
20160504,26491,null,3.1,14.4,4.0,6.450,0.129
20160503,35453,null,2.6,17.3,6.6,8.490,0.196
20160502,22061,null,3.0,15.4,5.3,7.680,0.168
20160501,22066,null,3.9,17.0,7.8,8.819,0.289
20160430,22244,null,3.7,16.5,6.2,8.793,0.214
20160429,21833,null,3.0,15.0,5.3,8.510,0.192
20160428,23093,null,3.7,15.1,6.7,7.210,0.216
20160427,24857,null,3.2,15.3,6.6,8.120,0.237
20160426,21221,null,4.2,15.5,6.3,6.710,0.278
20160425,22400,null,6.3,16.6,7.0,7.340,0.248
20160424,22441,null,5.7,17.3,4.9,7.020,0.189
20160423,23591,null,6.2,15.5,5.0,5.480,0.184
20160422,25382,null,5.5,16.0,6.8,6.240,0.222
20160421,26100,null,7.6,17.3,6.6,6.030,0.219
20160420,23299,null,8.3,15.5,6.0,5.770,0.207
20160419,22817,null,7.5,15.7,7.8,6.160,0.291
20160418,24774,null,8.0,21.8,5.6,7.600,0.254
20160417,31432,null,8.4,20.2,5.3,5.128,0.375
20160416,22397,null,8.7,20.0,5.7,6.798,0.259
20160415,21029,null,8.1,21.9,6.7,5.320,0.339
20160414,21425,null,4.9,24.7,6.9,7.620,0.460
20160413,21318,null,4.4,24.3,6.1,7.000,0.623
20160412,20886,null,8.4,25.8,8.4,8.150,0.802
20160411,22168,null,7.1,26.8,7.7,8.460,0.985
20160410,22541,null,7.5,26.5,7.6,8.090,1.080
20160409,23862,null,7.4,21.8,6.3,5.010,1.743
20160408,25604,null,4.0,14.6,4.7,7.700,0.323
20160407,35300,null,7.5,20.3,7.9,5.430,0.571
20160406,22192,null,7.6,19.0,6.3,6.870,0.453
20160405,20786,null,8.4,20.8,6.8,7.310,1.385
20160404,20620,null,7.8,20.7,6.5,8.370,1.429
20160403,21471,null,8.3,23.4,5.3,7.570,0.677
20160402,21437,null,8.8,21.8,5.1,7.900,0.920
20160401,20767,null,8.3,21.3,6.0,6.590,0.787
20160331,22448,null,8.4,24.8,6.7,7.300,1.405
20160330,22595,null,7.2,24.5,6.1,8.050,1.000
20160329,22110,null,8.7,22.4,6.2,9.370,0.980
20160328,22322,null,7.5,17.7,6.2,8.580,1.158
20160327,23095,null,5.2,21.8,6.7,9.228,1.033
20160326,22225,null,4.6,19.6,7.7,9.413,0.985
20160325,21130,null,3.9,19.8,7.8,11.490,0.980
20160324,20151,null,3.4,19.2,7.1,10.430,1.385
20160323,21140,null,5.1,20.0,8.3,9.580,1.026
20160322,21633,null,7.8,15.6,6.6,10.430,0.445
20160321,23448,null,4.6,13.4,6.2,10.030,0.245
20160320,23745,null,8.4,15.7,5.4,8.890,0.280
20160319,23387,null,5.2,16.0,5.9,9.900,0.518
20160318,24697,null,4.8,20.0,7.0,9.878,0.369
20160317,21197,null,4.7,18.7,7.1,10.240,0.350
20160316,20972,null,5.2,17.4,6.2,9.420,0.349
20160315,21401,null,8.0,17.4,6.8,10.430,0.874
20160314,22314,null,4.7,13.5,5.7,10.960,0.213
20160313,21560,null,8.1,15.9,5.2,10.240,0.183
20160312,22053,null,8.1,17.1,6.1,10.190,0.219
20160311,20778,null,7.7,14.6,5.3,7.490,0.237
20160310,22522,null,4.8,16.1,8.0,10.140,0.855
20160309,22369,null,5.0,13.8,5.7,8.870,0.906
20160308,21776,null,8.2,16.0,6.5,9.790,1.128
20160307,24300,null,8.3,15.6,6.1,9.980,1.208
20160306,24374,null,7.7,18.0,6.0,11.650,0.670
20160305,22569,null,4.4,14.3,5.2,10.350,0.323
20160304,22581,null,4.2,14.9,5.4,10.590,0.761
20160303,20585,null,4.8,17.0,5.3,12.790,1.019
20160302,21139,null,4.3,16.0,5.1,13.420,1.093
20160301,20559,null,4.7,15.4,5.2,13.470,0.842
20160229,19967,null,4.8,14.1,4.9,12.230,0.501
20160228,20820,null,3.2,16.5,4.5,12.114,0.799
20160227,20592,null,5.1,16.6,4.6,11.679,0.959
20160226,20330,null,6.5,11.6,3.9,11.620,0.660
20160225,20759,null,7.1,11.4,4.9,12.040,1.193
20160224,20936,null,7.5,11.8,5.2,11.940,1.221
20160223,20594,null,6.1,11.6,5.2,12.470,1.394
20160222,20540,null,7.7,9.3,5.6,12.120,0.482
20160221,21488,null,8.8,11.2,5.2,12.819,1.123
20160220,20661,null,8.5,12.4,6.6,12.545,1.027
20160219,20450,null,8.4,12.3,5.7,11.970,0.276
20160218,20188,null,7.8,11.2,5.2,11.300,0.161
20160217,20515,null,7.8,11.6,5.5,11.730,0.155
20160216,21338,null,7.6,11.3,6.1,12.730,0.141
20160215,22879,null,7.9,10.3,6.4,11.970,0.154
20160214,26232,null,7.0,11.3,7.2,11.301,0.287
20160213,28104,null,6.8,14.1,7.1,12.458,0.324
20160212,22041,null,7.2,13.4,7.7,12.550,0.244
20160211,20889,null,7.3,12.1,5.6,14.330,0.157
20160210,21219,null,7.1,13.6,6.0,15.490,0.157
20160209,18022,null,6.4,12.0,3.8,12.319,0.136
20160208,18244,null,6.4,10.9,4.8,11.214,0.141
20160207,20892,null,6.6,14.8,4.6,11.874,0.123
20160206,22681,null,6.3,13.1,4.9,12.179,0.117
20160205,22277,null,5.2,12.8,6.3,12.700,0.185
20160204,21078,null,5.8,12.4,5.2,11.790,0.119
20160203,21140,null,6.1,12.7,4.4,11.530,0.106
20160202,21173,null,2.9,11.0,4.0,11.890,0.088
20160201,22206,null,4.7,10.9,5.0,12.390,0.099
20160131,22437,null,6.5,12.2,4.5,11.610,0.132
20160130,24108,null,2.9,12.2,5.0,11.403,0.127
20160129,26727,null,4.6,13.1,5.5,11.160,0.084
20160128,21731,null,5.8,12.2,4.3,11.710,0.082
20160127,21301,null,6.3,9.6,5.1,11.500,0.080
20160126,20405,null,4.3,9.9,5.4,13.150,0.095
20160125,20320,null,4.9,9.4,4.3,13.810,0.086
20160124,20811,null,4.7,11.2,4.8,13.665,0.136
20160123,21260,null,5.0,12.7,5.4,12.910,0.148
20160122,20907,null,5.6,11.9,6.1,12.700,0.177
20160121,20417,null,4.6,10.9,5.7,13.730,0.162
20160120,20492,null,5.0,10.1,5.2,11.940,0.120
20160119,20596,null,3.7,11.0,5.1,12.910,0.239
20160118,20759,null,4.6,11.2,5.3,11.840,0.224
20160117,22255,null,4.8,12.3,5.9,11.470,0.303
20160116,21348,null,5.2,12.4,6.6,10.926,0.397
20160115,20322,null,4.6,15.3,6.7,13.790,0.545
20160114,20555,null,5.4,14.3,6.4,18.480,0.453
20160113,20793,null,4.3,12.8,6.5,13.060,0.405
20160112,20288,null,5.2,11.3,6.0,13.040,0.358
20160111,20697,null,5.8,11.4,5.0,12.730,0.380
20160110,20497,null,6.4,11.9,4.5,11.886,0.505
20160109,21187,null,5.8,11.8,5.2,13.850,0.677
20160108,20721,null,5.2,13.0,4.5,10.180,0.622
20160107,20098,null,4.6,13.2,5.7,6.993,0.652
20160106,20884,null,4.3,13.8,5.8,8.170,0.711
20160105,20618,null,4.2,9.7,7.0,9.410,0.299
20160104,20867,null,3.8,8.4,6.7,7.030,0.195
20160103,21084,null,3.9,8.0,6.2,9.345,0.249
20160102,19649,null,3.7,8.4,7.8,8.898,0.271
20160101,21015,null,3.2,9.2,7.0,6.904,0.278
20151231,20209,null,3.5,9.8,6.3,7.884,0.238
20151230,19321,null,2.4,9.1,6.1,10.981,0.204
20151229,20906,null,1.5,8.1,5.3,10.514,0.246
20151228,20173,null,2.2,7.9,4.2,12.115,0.162
20151227,20887,null,2.6,9.7,5.1,11.239,0.281
20151226,19768,null,2.4,9.6,5.1,19.443,0.339
20151225,20325,null,1.5,11.1,5.3,10.930,0.433
20151224,20517,null,2.5,11.1,5.5,9.454,0.209
20151223,20078,null,2.5,10.8,4.0,10.940,0.545
20151222,21515,null,2.8,10.7,4.7,11.750,0.778
20151221,21321,null,2.9,11.9,5.9,15.934,0.530
20151220,20662,null,2.4,11.3,5.2,13.966,0.530
20151219,20134,null,1.4,13.0,4.9,11.967,0.432
20151218,20134,null,2.4,13.5,5.0,10.920,0.434
20151217,20520,null,2.8,12.7,5.2,11.040,0.371
20151216,21155,null,4.2,14.9,5.9,10.360,0.152
20151215,20015,null,2.9,13.0,5.3,10.751,0.132
20151214,20626,null,2.3,11.4,4.9,9.624,0.075
20151213,21216,null,3.4,11.7,4.4,9.044,0.096
20151212,21839,null,1.8,11.5,4.6,8.526,0.084
20151211,25421,null,1.5,12.7,5.3,8.710,0.150
20151210,21841,null,1.6,12.5,5.7,10.100,0.200
20151209,19914,null,2.9,11.5,5.4,9.430,0.166
20151208,20548,null,3.2,11.8,5.7,10.420,0.442
20151207,20375,null,2.1,8.8,5.4,9.500,0.298
20151206,19495,null,4.2,9.6,4.7,14.203,0.421
20151205,19472,null,4.3,9.1,2.4,14.724,1.361
20151204,20201,null,4.4,10.0,5.8,8.876,0.208
20151203,20349,null,3.8,11.6,5.9,12.370,0.211
20151202,20409,null,4.5,11.9,5.9,11.870,0.197
20151201,19988,null,1.4,11.4,6.3,11.450,0.274
20151130,21412,null,5.1,9.6,6.6,12.140,0.229
20151129,21170,null,4.7,9.8,5.7,14.459,0.289
20151128,20627,null,3.8,9.6,6.3,14.002,0.159
20151127,19247,null,4.7,10.9,7.7,12.060,0.199
20151126,20846,null,5.0,11.2,4.7,11.680,0.125
20151125,20818,null,6.1,12.7,6.5,11.030,0.310
20151124,21566,null,4.1,12.2,7.2,11.140,0.399
20151123,20203,null,4.7,12.0,6.6,11.083,0.334
20151122,20216,null,8.2,13.1,5.5,11.344,0.169
20151121,19407,null,7.4,16.1,6.8,11.019,0.562
20151120,21211,null,7.6,12.8,7.4,8.850,0.446
20151119,19285,null,6.8,13.0,7.4,9.370,0.303
20151118,21393,null,6.3,12.9,7.6,12.850,0.804
20151117,22455,null,7.4,14.5,9.8,9.750,0.601
20151116,21350,null,5.1,13.8,9.8,9.400,0.384
20151115,21236,null,5.8,14.2,9.9,10.358,0.378
20151114,22053,null,5.3,13.6,9.8,11.074,0.653
20151113,24601,null,4.9,14.1,9.7,10.980,0.811
20151112,22788,null,4.8,13.3,9.7,11.140,1.348
20151111,20560,null,4.8,13.1,9.4,12.020,0.625
20151110,21020,null,4.2,13.4,9.7,13.660,0.857
20151109,21577,null,3.3,13.8,8.9,12.270,1.368
20151108,26568,null,2.4,13.1,9.1,13.333,1.337
20151107,20736,null,2.1,13.6,7.6,13.560,0.481
20151106,21431,null,1.4,13.2,8.4,13.720,0.446
20151105,19910,null,2.5,13.7,5.9,13.990,1.349
20151104,20042,null,2.7,13.0,6.9,13.780,1.042
20151103,20281,null,2.1,11.3,6.2,13.870,0.722
20151102,20180,null,1.6,13.1,5.0,13.880,0.803
20151101,19794,null,1.8,12.7,3.8,15.846,0.439
20151031,19619,null,2.0,13.3,5.2,16.812,0.886
20151030,19951,null,1.7,13.2,6.1,15.730,0.840
20151029,19949,null,2.3,13.3,3.2,15.130,0.510
20151028,20018,null,2.5,13.3,4.4,14.510,0.305
20151027,19426,null,1.2,13.3,3.9,14.080,0.239
20151026,19026,null,1.3,12.2,4.6,16.160,0.531
20151025,18789,null,1.8,12.4,4.5,15.730,0.170
20151024,19521,null,1.4,12.4,4.6,14.040,0.269
20151023,19675,null,2.8,11.7,4.0,13.250,0.471
20151022,19499,null,2.2,11.5,4.5,12.910,0.357
20151021,20189,null,2.1,12.1,3.5,12.440,0.488
20151020,19877,null,1.5,11.8,3.3,11.930,0.227
20151019,19862,null,1.3,12.2,2.9,11.550,0.360
20151018,19877,null,1.6,11.4,3.1,12.966,0.420
20151017,20036,null,2.1,11.5,3.4,11.508,0.240
20151016,19516,null,1.4,12.2,4.0,10.720,0.143
20151015,20622,null,2.4,10.9,3.3,9.430,0.237
20151014,20617,null,2.2,9.7,4.6,10.290,0.521
20151013,19074,null,1.8,11.9,4.2,13.490,0.804
20151012,19327,null,2.1,10.4,3.4,11.340,0.268
20151011,19323,null,2.9,13.5,3.2,10.709,0.394
20151010,19082,null,4.3,14.2,2.8,10.019,0.232
20151009,18899,null,4.4,14.8,3.3,9.960,0.315
20151008,20171,null,2.5,11.2,3.2,9.960,0.315
20151007,19172,null,3.0,10.5,3.4,12.510,0.454
20151006,20003,null,4.9,11.5,3.6,12.910,0.372
20151005,19709,null,3.1,11.5,3.8,13.530,0.240
20151004,19719,null,1.3,11.6,3.8,12.995,0.214
20151003,21993,null,1.9,11.2,4.0,10.022,0.399
20151002,24429,null,2.6,11.2,5.3,10.070,0.198
20151001,24318,null,2.1,10.8,6.2,12.120,0.177
20150930,19584,null,1.9,7.2,6.0,11.668,0.208
20150929,19522,null,2.0,6.6,4.8,12.287,0.094
20150928,18245,null,2.1,7.1,3.8,7.668,0.225
20150927,15036,null,1.8,6.1,7.8,13.833,0.888
20150926,20565,null,1.6,7.7,3.6,7.698,0.177
20150925,22700,null,2.0,8.3,4.3,6.450,0.185
20150924,26987,null,1.8,8.3,4.5,6.750,0.151
20150923,21734,null,1.3,11.5,5.0,8.632,0.224
20150922,21126,null,1.6,8.5,3.4,8.830,0.136
20150921,22731,null,1.6,7.3,2.9,7.610,0.155
20150920,24401,null,1.2,8.2,2.1,5.775,0.250
20150919,24667,null,1.3,8.3,2.1,6.717,1.317
20150918,25598,null,1.9,8.7,2.2,5.100,0.282
20150917,28972,null,1.6,12.0,2.5,8.150,0.337
20150916,23919,null,1.2,9.8,3.8,10.743,0.524
20150915,22825,null,1.4,10.9,1.5,11.270,0.274
20150914,23080,null,1.4,10.9,2.7,10.290,0.243
20150913,22815,null,1.6,13.8,2.6,11.195,0.260
20150912,23130,null,1.9,13.9,2.0,9.694,0.206
20150911,22907,null,2.5,10.7,2.5,10.350,0.438
20150910,23335,null,1.8,10.9,2.5,10.350,0.438
20150909,24035,null,2.0,9.8,2.6,8.720,0.201
20150908,24804,null,1.7,10.5,2.4,10.820,0.035
20150907,25982,null,1.7,10.5,2.4,10.820,0.035
20150906,31192,null,1.6,10.7,2.8,6.109,0.224
20150905,23981,null,1.5,13.4,2.6,7.220,0.222
20150904,23505,null,1.4,10.9,2.6,6.770,0.306
20150903,23432,null,1.8,13.7,2.5,6.250,0.281
20150902,23996,null,1.2,13.5,2.3,5.590,0.197
20150901,28188,null,1.3,13.4,2.8,6.710,0.131
20150831,23071,null,1.6,11.4,2.0,8.180,0.151
20150830,22282,null,1.6,14.2,1.8,7.180,0.131
20150829,22833,null,1.4,14.1,1.8,7.440,0.121
20150828,23098,null,1.6,11.4,2.0,8.180,0.151
20150827,23757,null,2.6,12.9,2.0,6.410,0.252
20150826,27654,null,2.2,9.3,2.9,5.310,0.170
20150825,33421,null,2.6,12.4,2.4,7.040,0.180
20150824,22345,null,1.2,9.6,2.0,7.320,0.175
20150823,23155,null,1.7,11.5,1.8,8.180,0.294
20150822,23524,null,1.3,10.4,2.5,7.670,0.431
20150821,27356,null,1.8,11.7,5.2,9.170,0.622
20150820,23045,null,2.4,10.9,2.6,8.930,0.559
20150819,22411,null,2.7,10.1,2.3,9.350,0.402
20150818,21763,null,2.6,10.5,2.4,9.720,0.502
20150817,22458,null,3.3,9.6,2.6,9.300,0.324
20150816,20839,null,3.1,13.0,2.7,10.533,0.475
20150815,20990,null,2.1,12.5,3.7,10.202,0.626
20150814,21783,null,2.9,12.1,4.3,9.784,0.359
20150813,21235,null,1.9,13.8,4.7,10.264,0.341
20150812,20213,null,1.8,13.2,5.4,10.530,0.374
20150811,22280,null,1.7,12.3,4.4,8.612,0.383
20150810,20690,null,1.9,11.3,5.8,9.609,0.337
20150809,20624,null,3.7,11.4,6.2,8.200,0.317
20150808,22810,null,3.0,10.8,5.9,6.790,0.405
20150807,21970,null,3.4,10.0,4.8,8.993,0.182
20150806,21808,null,2.5,10.3,6.2,8.739,0.247
20150805,20923,null,1.7,10.9,5.8,9.574,0.266
20150804,20576,null,3.1,14.5,7.2,10.098,1.250
20150803,20136,null,3.1,13.4,7.2,11.225,1.122
20150802,18593,null,3.1,12.4,6.3,10.386,0.941
20150801,19234,null,2.9,11.9,5.8,9.405,0.954
20150731,20854,null,2.6,11.4,5.2,8.984,0.843
20150730,21551,null,2.9,12.9,6.6,7.552,1.041
20150729,21493,null,3.3,12.9,6.4,5.492,0.631
20150728,21068,null,3.1,12.6,6.0,8.959,0.364
20150727,21723,null,1.5,11.4,7.6,8.525,0.315
20150726,22232,null,1.6,11.0,6.6,9.318,0.288
20150725,23696,null,2.1,12.2,6.0,7.198,0.836
20150724,22339,null,3.0,12.4,6.8,7.313,0.436
20150723,25313,null,2.1,12.3,7.2,7.177,0.362
20150722,21069,null,2.0,11.8,6.6,6.352,0.354
20150721,19470,null,1.7,12.2,5.6,8.908,0.269
20150720,19923,null,1.2,11.2,5.6,9.316,0.670
20150719,19275,null,1.5,14.9,3.2,12.750,0.796
20150718,20562,null,2.3,13.5,3.1,13.360,0.603
20150717,19744,null,3.3,14.6,3.4,14.000,0.298
20150716,20254,null,3.1,10.6,2.9,11.520,0.211
20150715,23893,null,2.7,14.3,2.8,10.250,0.281
20150714,25584,null,5.0,12.2,3.2,9.400,0.340
20150713,28187,null,3.5,11.7,4.3,5.960,0.312
20150712,29789,null,2.4,14.9,3.6,9.430,0.284
20150711,23137,null,1.8,15.0,4.5,8.390,0.316
20150710,24413,null,2.8,10.8,3.8,6.830,0.336
20150709,33127,null,3.8,13.6,6.0,7.450,0.322
20150708,30608,null,3.8,11.7,5.1,8.090,0.398
20150707,22030,null,3.8,12.8,4.1,12.190,0.263
20150706,20913,null,4.0,8.4,3.4,11.280,0.376
20150705,20056,null,3.8,13.0,3.8,11.570,0.274
20150704,19895,null,2.9,9.2,4.3,10.460,0.263
20150703,21175,null,4.9,11.1,5.3,9.690,0.289
20150702,20883,null,3.6,12.2,4.5,9.720,0.315
20150701,22248,null,3.8,14.1,5.1,9.690,0.326
20150630,22227,null,1.9,14.2,5.0,9.430,0.258
20150629,20674,null,1.7,10.5,4.1,10.420,0.294
20150628,19576,null,2.6,12.3,3.7,9.350,0.222
20150627,21712,null,2.9,12.3,4.2,8.630,0.259
20150626,23785,null,5.0,12.8,5.0,9.160,0.286
20150625,21055,null,3.7,11.1,3.5,10.970,0.265
20150624,20627,null,3.5,11.4,3.4,9.790,0.352
20150623,20890,null,3.3,14.3,3.9,9.810,0.386
20150622,20348,null,3.5,12.4,4.2,11.230,0.312
20150621,19711,null,3.7,15.2,5.2,10.890,0.359
20150620,20677,null,3.3,14.1,5.1,10.050,0.307
20150619,20705,null,3.7,10.7,6.5,9.882,0.482
20150618,19884,null,2.8,10.5,7.0,10.490,0.517
20150617,20068,null,3.1,12.4,6.5,11.020,0.569
20150616,20941,null,3.3,12.5,8.1,10.270,0.529
20150615,20473,null,3.5,12.5,5.0,9.840,0.346
20150614,21071,null,3.7,22.1,5.1,10.940,0.416
20150613,20951,null,3.0,20.4,4.6,9.740,0.407
20150612,20278,null,3.0,13.5,5.1,11.540,0.959
20150611,19686,null,3.0,13.6,7.4,10.680,0.713
20150610,19747,null,2.6,13.7,8.2,10.320,0.511
20150609,18826,null,2.2,13.1,6.1,9.070,1.058
20150608,20332,null,2.9,12.1,6.3,11.930,0.844
20150607,18370,null,4.6,8.4,6.0,11.980,0.884
20150606,19350,null,2.2,11.9,5.7,13.110,0.815
20150605,18412,null,2.0,15.5,7.2,11.762,0.680
20150604,19289,null,4.2,16.5,5.9,11.590,0.378
20150603,18913,null,4.0,17.1,8.0,12.170,0.556
20150602,18097,null,4.5,14.8,6.7,12.360,0.291
20150601,19628,null,4.3,14.8,7.2,12.800,0.697
20150531,19272,null,4.0,17.0,5.2,14.100,0.775
20150530,19004,null,4.1,18.3,5.6,13.040,1.021
20150529,18706,null,3.6,13.5,8.5,12.800,0.718
20150528,18869,null,4.2,14.8,8.1,12.430,0.338
20150527,18910,null,4.5,13.2,8.0,11.160,0.253
20150526,19160,null,3.7,11.7,6.8,12.480,0.260
20150525,18258,null,2.8,13.2,7.2,12.150,0.338
20150524,17552,null,3.3,13.5,7.7,11.372,0.243
20150523,19476,null,3.5,13.9,7.7,12.359,0.329
20150522,18530,null,3.4,13.7,7.0,12.234,0.369
20150521,18298,null,3.0,13.8,7.5,11.110,0.307
20150520,19718,null,3.2,14.6,5.8,10.462,0.364
20150519,21226,null,2.7,11.1,7.3,9.930,0.296
20150518,21748,null,2.4,12.4,5.9,10.078,0.308
20150517,19524,null,2.8,13.8,5.5,5.239,0.325
20150516,19238,null,4.4,12.2,4.9,5.189,0.242
20150515,20245,null,1.8,12.3,4.7,9.458,0.174
20150514,19793,null,2.6,14.0,3.9,9.035,0.169
20150513,21214,null,2.3,12.7,3.4,9.266,0.129
20150512,33265,null,2.0,13.6,4.6,7.374,0.218
20150511,20975,null,2.0,11.7,4.2,11.532,0.251
20150510,18534,null,2.0,11.6,3.0,10.882,0.190
20150509,18547,null,2.1,14.5,3.0,9.261,0.174
20150508,18818,null,2.6,14.4,3.2,9.470,0.192
20150507,18108,null,3.3,11.5,3.1,9.290,0.134
20150506,19428,null,3.0,14.2,3.2,9.730,0.134
20150505,17838,null,3.2,16.9,3.4,9.220,0.213
20150504,20929,null,2.6,14.3,3.8,8.900,0.168
20150503,22740,null,3.5,16.0,3.8,9.870,0.192
20150502,17753,null,3.1,15.0,4.2,9.665,0.250
20150501,19257,null,2.6,15.0,5.0,10.160,0.295
20150430,17462,null,2.8,13.6,5.0,9.690,0.345
20150429,19350,null,3.3,12.5,4.8,10.340,0.433
20150428,18665,null,3.2,13.8,5.3,9.510,0.281
20150427,19022,null,3.2,14.9,3.6,9.440,0.204
20150426,19226,null,3.6,14.9,4.1,9.600,0.288
20150425,18631,null,4.0,13.7,4.5,9.290,0.387
20150424,19500,null,2.9,14.3,5.8,9.620,0.335
20150423,20568,null,3.7,15.0,4.6,8.860,0.245
20150422,19420,null,3.9,13.7,5.1,6.970,0.230
20150421,23510,null,2.9,11.8,5.5,7.090,0.211
20150420,26978,null,3.1,10.4,7.2,6.440,0.206
20150419,24965,null,3.1,14.9,4.8,10.680,0.218
20150418,19467,null,3.3,11.9,5.7,10.000,0.225
20150417,18243,null,5.5,13.7,6.4,9.600,0.270
20150416,19064,null,4.3,14.9,5.1,8.390,0.225
20150415,19857,null,4.4,11.2,4.9,5.017,0.272
20150414,22294,null,3.3,9.8,4.3,6.575,0.230
20150413,20813,null,4.6,9.2,4.1,9.110,0.410
20150412,18160,null,3.9,11.7,6.8,9.377,0.455
20150411,18457,null,4.9,14.7,5.6,9.072,0.174
20150410,18387,null,5.8,9.2,4.1,9.110,0.410
20150409,19226,null,6.2,13.4,5.0,10.100,0.670
20150408,19001,null,6.6,12.2,4.8,9.800,0.316
20150407,19461,null,4.4,6.4,4.7,8.720,0.237
20150406,23226,null,4.8,6.6,4.8,8.000,0.344
20150405,25313,null,6.4,8.7,6.7,8.554,1.113
20150404,23520,null,4.3,8.2,5.0,8.120,0.213
20150403,24826,null,4.3,11.2,6.5,9.510,0.438
20150402,18788,null,5.3,9.0,4.8,11.550,0.389
20150401,17531,null,6.1,9.6,5.5,10.370,0.247
20150331,18149,null,4.9,9.4,5.8,10.300,0.401
20150330,18727,null,4.8,21.8,5.3,9.950,0.229
20150329,18154,null,5.6,20.8,5.5,10.370,0.401
20150328,18098,null,4.3,19.0,7.2,9.461,0.504
20150327,18990,null,3.7,13.9,7.1,9.160,0.441
20150326,18942,null,5.2,13.1,7.5,9.510,0.518
20150325,18867,null,4.8,12.0,7.5,9.630,0.593
20150324,18665,null,7.0,10.9,6.3,10.490,0.574
20150323,19718,null,3.7,19.8,6.4,10.020,0.495
20150322,20484,null,6.0,17.6,4.6,9.805,0.457
20150321,21093,null,5.8,15.3,5.0,11.541,0.953
20150320,20556,null,6.2,11.8,6.1,9.800,0.515
20150319,23722,null,5.2,17.6,6.9,11.470,0.469
20150318,23909,null,5.5,18.9,6.9,12.230,0.483
20150317,17206,null,5.8,18.9,7.7,13.600,0.752
20150316,19022,null,5.8,15.9,8.8,14.290,0.712
20150315,17047,null,6.9,19.8,8.1,15.410,0.544
20150314,18394,null,4.5,13.4,6.8,13.470,0.422
20150313,17886,null,6.9,17.2,8.3,12.130,0.317
20150312,19295,null,6.2,15.5,8.0,12.340,0.298
20150311,18373,null,6.7,15.7,8.2,13.690,0.289
20150310,16124,null,5.5,16.0,8.5,12.890,0.503
20150309,18598,null,3.7,16.2,7.3,12.130,0.366
20150308,18556,null,4.2,19.4,7.4,17.950,0.641
20150307,16549,null,4.5,16.5,5.5,14.780,0.290
20150306,18438,null,4.8,15.1,6.4,13.700,0.291
20150305,18177,null,5.1,14.1,6.5,9.560,0.288
20150304,17830,null,4.8,15.0,5.1,9.060,0.492
20150303,17744,null,4.3,15.1,5.0,9.200,0.498
20150302,18421,null,4.6,14.2,4.4,9.619,0.438
20150301,18339,null,5.1,17.9,5.2,10.167,0.952
20150228,17686,null,6.1,19.2,5.0,10.317,1.071
20150227,17979,null,6.9,17.3,5.3,9.080,0.534
20150226,17717,null,5.2,15.1,5.9,9.510,0.314
20150225,17182,null,5.0,13.2,4.9,9.970,0.415
20150224,17460,null,5.8,13.8,5.2,11.200,0.379
20150223,16700,null,6.2,12.3,7.3,11.730,0.269
20150222,21470,null,5.7,14.0,3.7,13.730,0.801
20150221,17872,null,6.7,13.9,3.4,12.110,0.672
20150220,14860,null,6.5,12.9,6.3,12.080,0.236
20150219,14408,null,6.8,13.5,6.0,10.040,0.187
20150218,17700,null,7.9,15.7,5.9,8.982,0.257
20150217,19965,null,5.7,13.0,6.3,10.620,0.886
20150216,19777,null,5.8,10.8,6.5,10.720,0.477
20150215,19471,null,6.1,11.4,5.9,10.948,0.457
20150214,18582,null,6.0,12.9,4.8,13.134,1.449
20150213,18273,null,6.0,12.6,6.1,10.480,0.267
20150212,17575,null,7.4,16.1,5.2,11.414,0.224
20150211,18351,null,7.6,15.4,5.7,11.440,0.253
20150210,17203,null,8.9,11.9,5.3,11.370,0.141
20150209,17358,null,5.0,10.2,5.3,12.860,0.136
20150208,18367,null,4.8,15.5,4.9,13.410,0.104
20150207,18155,null,5.3,14.3,4.3,11.565,0.068
20150206,19099,null,5.6,14.1,5.5,11.270,0.104
20150205,17671,null,5.8,12.6,5.8,10.980,0.438
20150204,16445,null,6.5,16.2,4.1,11.460,0.195
20150203,17753,null,4.7,14.9,4.3,11.250,0.361
20150202,17782,null,5.7,13.5,4.9,11.840,0.253
20150201,17295,null,5.0,15.1,4.5,12.060,0.330
20150131,17686,null,5.5,16.8,4.1,12.964,0.602
20150130,17239,null,5.2,12.6,3.6,11.430,0.505
20150129,17384,null,6.8,12.0,5.3,10.970,0.518
20150128,17145,null,7.2,12.1,6.3,11.210,0.760
20150127,16899,null,7.7,12.2,6.3,12.660,0.853
20150126,18442,null,4.7,12.4,5.0,12.500,0.549
20150125,17857,null,5.3,11.4,4.6,12.700,0.670
20150124,18625,null,5.7,12.7,5.2,13.640,0.718
20150123,18592,null,5.4,14.5,5.0,13.840,0.848
20150122,18070,null,5.1,15.4,5.4,13.360,1.190
20150121,20696,null,5.3,12.8,4.5,12.130,0.740
20150120,17070,null,6.5,12.0,3.6,12.370,0.628
20150119,16694,null,6.1,13.3,3.4,12.130,0.296
20150118,16931,null,5.6,13.3,3.4,12.130,0.296
20150117,17298,null,5.3,14.6,3.4,11.800,0.047
20150116,16914,null,4.9,13.2,3.7,11.210,0.298
20150115,18025,null,4.7,12.7,4.4,11.230,0.897
20150114,15975,null,5.5,12.7,4.7,11.540,1.220
20150113,16279,null,5.4,10.9,3.4,12.240,0.701
20150112,17238,null,4.8,11.6,4.2,13.310,0.502
20150111,16773,null,4.1,15.1,4.3,13.660,0.582
20150110,17354,null,4.5,14.5,4.6,13.327,0.720
20150109,17700,null,4.2,11.3,4.5,15.140,1.000
20150108,17039,null,4.5,11.0,4.4,15.280,1.090
20150107,18053,null,4.9,10.4,4.4,14.590,0.606
20150106,18983,null,4.7,12.0,5.1,14.470,0.971
20150105,17332,null,5.0,9.4,4.7,13.690,0.595
20150104,17140,null,4.4,10.2,4.6,14.800,0.769
20150103,16958,null,4.6,10.0,6.4,14.850,0.553
20150102,17264,null,4.2,10.5,6.0,15.450,0.630
20150101,15631,null,3.9,10.4,6.1,13.478,0.402
20141231,16151,null,3.8,10.4,5.8,13.760,0.326
20141230,17282,null,3.6,10.3,5.8,11.830,0.450
20141229,16490,null,3.1,9.5,5.3,9.660,0.117
20141228,16704,null,3.5,11.4,4.8,9.400,0.208
20141227,17492,null,3.3,11.6,4.6,11.950,0.600
20141226,16847,null,3.6,12.7,4.4,12.280,0.406
20141225,18168,null,3.4,12.3,5.0,11.160,0.540
20141224,16990,null,3.7,11.1,4.8,12.710,0.701
20141223,17446,null,4.8,10.5,4.6,13.540,0.681
20141222,18370,null,3.3,9.0,4.7,12.660,0.604
20141221,17591,null,3.3,10.7,4.5,11.880,0.906
20141220,17937,null,3.1,10.3,5.0,12.190,0.863
20141219,17493,null,3.4,10.2,5.3,12.330,0.817
20141218,16566,null,3.3,10.2,4.9,11.800,0.566
20141217,17048,null,2.9,11.8,4.7,11.484,0.391
20141216,17549,null,2.5,10.4,4.7,14.040,0.520
20141215,17258,null,2.6,9.9,4.3,13.610,0.450
20141214,18245,null,2.8,12.4,4.3,12.908,0.336
20141213,17058,null,3.2,12.7,3.7,12.972,0.593
20141212,17896,null,3.0,12.2,4.7,12.190,0.414
20141211,18335,null,2.8,12.2,4.0,11.140,0.371
20141210,17810,null,2.2,8.1,4.0,11.710,0.376
20141209,17218,null,2.5,6.8,4.8,12.470,0.490
20141208,18634,null,2.8,7.6,3.9,12.450,0.317
20141207,16999,null,3.2,8.5,3.3,12.130,0.390
20141206,18724,null,3.6,6.7,3.8,11.457,0.507
20141205,17355,null,3.3,7.0,3.8,11.710,0.526
20141204,17294,null,3.1,7.4,4.0,11.270,0.387
20141203,17655,null,3.6,7.6,4.5,11.180,0.399
20141202,18517,null,2.5,8.7,5.1,11.870,0.448
20141201,19750,null,2.7,8.4,3.3,13.953,0.733
20141130,17603,null,2.3,9.1,2.8,11.404,0.542
20141129,18971,null,2.7,9.2,2.9,10.790,0.595
20141128,18500,null,2.5,9.3,3.4,10.460,0.441
20141127,18083,null,2.7,8.6,3.3,10.110,0.276
20141126,19224,null,2.3,8.8,3.5,13.779,0.460
20141125,20162,null,2.1,8.4,2.6,13.840,0.237
20141124,20043,null,3.4,7.5,2.4,13.700,0.096
20141123,17213,null,2.7,8.3,3.1,11.822,0.102
20141122,19382,null,2.9,8.2,2.4,12.760,0.088
20141121,17202,null,2.6,7.3,3.0,11.720,0.109
20141120,17152,null,2.5,8.3,3.2,10.295,0.087
20141119,18962,null,2.8,8.6,3.4,9.780,0.086
20141118,17661,null,2.6,8.5,4.2,10.560,0.084
20141117,19407,null,2.6,8.1,4.0,12.590,0.097
20141116,18911,null,2.3,9.2,1.7,13.600,0.295
20141115,18796,null,2.7,9.3,4.3,14.602,0.851
20141114,18426,null,2.4,8.8,3.7,9.900,0.138
20141113,18006,null,2.3,8.9,3.8,11.060,0.357
20141112,19094,null,2.7,9.3,3.8,10.470,0.160
20141111,18406,null,1.6,15.3,3.8,10.320,0.126
20141110,19059,null,2.8,13.2,2.4,10.840,0.185
20141109,19470,null,2.4,14.9,3.0,11.317,0.276
20141108,18392,null,2.7,15.7,3.6,11.266,0.275
20141107,19340,null,2.8,13.8,4.1,11.480,0.266
20141106,18613,null,2.3,12.8,3.1,11.232,0.364
20141105,19534,null,2.4,12.4,3.9,6.019,0.338
20141104,19137,null,2.5,12.9,3.6,7.960,0.271
20141103,19452,null,2.2,11.6,2.9,8.472,0.407
20141102,18957,null,2.5,13.8,3.1,8.110,0.325
20141101,20135,null,2.1,14.0,3.0,8.830,0.560
20141031,19714,null,2.5,14.4,3.4,8.783,0.559
20141030,18394,null,2.2,14.7,3.6,8.371,0.253
20141029,19953,null,2.4,12.7,3.2,8.867,0.370
20141028,18991,null,2.0,16.5,3.2,8.880,0.123
20141027,19429,null,2.9,13.0,3.3,8.720,0.072
20141026,18521,null,2.5,14.8,2.3,8.242,0.086
20141025,18965,null,2.4,14.7,3.5,8.030,0.083
20141024,21262,null,2.1,13.2,2.3,7.530,0.089
20141023,21086,null,1.6,12.8,3.5,7.005,0.083
20141022,25718,null,1.3,12.9,3.2,6.770,0.083
20141021,21204,null,2.2,13.6,2.6,8.740,0.495
20141020,19811,null,2.0,12.8,3.1,9.430,0.335
20141019,17587,null,2.0,13.6,2.9,9.178,0.217
20141018,18306,null,2.2,12.2,2.1,9.880,0.407
20141017,17515,null,1.9,9.0,2.5,8.196,0.210
20141016,17839,null,2.4,11.5,2.6,7.850,0.284
20141015,18067,null,2.3,9.2,2.1,7.994,0.089
20141014,18471,null,1.8,8.4,2.4,7.940,0.069
20141013,23996,null,2.7,9.8,4.3,10.027,0.057
20141012,18102,null,1.7,9.8,2.3,9.040,0.061
20141011,19411,null,1.9,9.6,2.0,8.670,0.055
20141010,18814,null,1.5,9.5,2.6,8.795,0.070
20141009,19971,null,1.2,13.9,3.2,7.895,0.060
20141008,19921,null,1.3,13.3,3.9,8.653,0.087
20141007,21631,null,1.4,11.0,2.1,11.246,0.990
20141006,18691,null,1.1,10.0,2.7,11.618,0.444
20141005,19769,null,1.2,11.2,2.7,11.121,0.468
20141004,18545,null,1.1,11.3,2.3,10.270,0.471
20141003,20444,null,1.2,12.2,1.9,9.820,0.389
20141002,19500,null,1.3,11.1,2.4,9.700,0.384
20141001,19859,null,1.5,10.3,2.1,10.115,0.536
20140930,20017,null,1.3,11.4,2.2,9.788,0.555
20140929,19500,null,1.2,9.5,1.7,9.904,0.411
20140928,23415,null,1.5,11.5,1.9,9.540,0.364
20140927,22545,null,1.4,13.0,1.9,9.500,0.222
20140926,19509,null,1.6,12.5,1.8,8.530,0.093
20140925,21901,null,1.3,8.1,2.5,6.680,0.095
20140924,30412,null,1.2,9.5,2.3,11.381,0.546
20140923,16759,null,1.1,8.8,1.5,10.940,0.352
20140922,17165,null,1.1,8.6,1.9,11.880,0.346
20140921,17239,null,1.4,6.1,2.2,11.460,0.280
20140920,17490,null,1.2,7.2,2.3,10.798,0.265
20140919,17315,null,1.3,8.7,1.9,10.241,0.091
20140918,17199,null,1.4,9.4,1.4,11.240,0.090
20140917,18010,null,1.5,9.3,1.5,10.034,0.076
20140916,18060,null,1.1,8.6,2.0,11.580,0.921
20140915,16154,null,1.5,7.4,1.6,11.370,0.205
20140914,16794,null,1.9,3.5,1.2,10.882,0.297
20140913,16954,null,1.5,5.9,1.5,10.648,0.369
20140912,16941,null,1.7,8.2,1.2,10.465,0.269
20140911,17232,null,1.8,10.5,1.8,11.535,0.460
20140910,17515,null,1.6,9.5,1.3,12.562,0.802
20140909,16380,null,1.5,9.4,1.5,10.980,0.298
20140908,14947,null,1.7,9.4,1.2,9.500,0.296
20140907,17904,null,1.5,10.5,1.2,9.560,0.183
20140906,19672,null,1.8,11.2,1.1,8.600,0.328
20140905,19607,null,1.4,11.7,1.3,7.570,0.076
20140904,19703,null,1.3,11.5,1.3,7.670,0.123
20140903,23066,null,1.0,13.1,1.2,8.865,0.118
20140902,17352,null,1.4,10.9,1.3,8.920,0.232
20140901,18157,null,1.3,9.2,1.2,9.660,0.421
20140831,18127,null,1.3,9.0,1.2,8.670,0.281
20140830,18567,null,1.5,9.3,1.2,8.600,0.454
20140829,18821,null,1.5,8.5,1.2,7.769,0.414
20140828,20310,null,1.4,10.8,1.4,7.972,0.546
20140827,24161,null,1.0,9.1,1.4,8.397,0.315
20140826,28760,null,1.6,8.5,2.3,6.640,0.245
20140825,32146,null,1.3,5.8,1.6,11.030,0.457
20140824,19427,null,1.3,7.0,1.3,11.080,0.487
20140823,20207,null,1.5,6.6,1.6,8.759,0.742
20140822,22146,null,1.7,7.6,1.4,7.372,0.551
20140821,28422,null,1.9,7.2,1.7,8.104,0.173
20140820,28360,null,1.6,7.7,1.4,8.829,0.142
20140819,30710,null,1.5,6.7,1.7,6.511,0.115
20140818,44285,null,1.1,11.0,4.8,12.087,0.840
20140817,18805,null,1.6,11.6,1.3,12.150,0.232
20140816,20559,null,1.9,11.6,1.6,11.810,0.183
20140815,21829,null,2.1,10.6,1.5,10.522,0.141
20140814,25882,null,2.0,12.0,1.6,11.760,0.221
20140813,17789,null,2.2,12.5,1.5,10.161,0.327
20140812,17864,null,1.4,12.1,1.8,11.475,0.339
20140811,19231,null,1.8,10.9,2.5,14.523,0.333
20140810,19792,null,1.9,10.5,2.0,13.061,0.144
20140809,18086,null,2.0,9.9,2.1,14.200,0.717
20140808,17689,null,2.2,10.9,2.6,13.220,1.264
20140807,18124,null,2.1,11.4,2.3,10.875,0.319
20140806,20193,null,1.8,9.0,2.5,8.370,0.307
20140805,22776,null,1.6,12.2,1.9,7.780,0.160
20140804,25177,null,1.3,10.9,2.1,7.164,0.127
20140803,32446,null,2.1,13.7,2.7,10.323,0.911
20140802,16933,null,1.9,15.9,1.9,10.284,0.167
20140801,17282,null,2.2,17.2,1.8,10.260,0.145
20140731,18117,null,2.0,11.6,1.7,9.866,0.118
20140730,16448,null,1.6,9.8,1.7,11.090,0.122
20140729,16037,null,1.9,9.3,1.6,10.820,0.106
20140728,15671,null,2.4,8.7,1.5,10.876,0.104
20140727,15969,null,2.6,10.8,1.4,10.430,0.108
20140726,16853,null,2.4,13.4,1.5,9.597,0.107
20140725,17854,null,2.8,11.5,1.9,9.558,0.131
20140724,18076,null,3.2,16.8,2.7,11.105,0.102
20140723,15201,null,3.2,15.8,2.1,10.670,0.097
20140722,14471,null,3.9,15.7,2.3,10.350,0.090
20140721,14788,null,4.0,13.3,2.4,10.960,0.100
20140720,16006,null,3.8,14.7,2.2,10.770,0.086
20140719,15701,null,3.6,13.2,1.8,9.990,0.083
20140718,18016,null,3.8,10.7,1.4,10.274,0.106
20140717,16609,null,3.4,11.0,4.4,8.887,0.128
20140716,17629,null,3.6,10.1,3.6,12.339,0.112
20140715,21012,null,4.0,14.0,6.0,15.476,0.638
20140714,18342,null,3.6,14.6,1.8,10.930,0.500
20140713,17215,null,3.6,14.0,1.6,10.292,0.922
20140712,16753,null,3.4,12.4,2.2,9.605,1.008
20140711,17323,null,3.8,17.1,1.9,10.954,0.871
20140710,17823,null,3.9,12.4,1.7,9.010,0.159
20140709,20343,null,4.7,14.7,2.3,6.170,0.167
20140708,21031,null,4.0,12.9,3.7,9.220,0.270
20140707,18189,null,4.4,11.7,2.6,8.900,0.191
20140706,17006,null,4.5,12.9,2.6,8.105,0.257
20140705,17807,null,4.0,10.9,3.4,7.380,0.298
20140704,18599,null,4.6,12.2,4.1,6.548,0.214
20140703,22725,null,4.6,13.2,6.1,8.976,0.540
20140702,18381,null,4.4,14.1,6.2,8.402,1.164
20140701,16095,null,3.6,12.2,5.2,8.780,0.576
20140630,16263,null,4.0,11.7,5.6,9.420,0.359
20140629,16748,null,4.2,12.0,5.1,8.372,0.712
20140628,16055,null,4.1,12.3,4.8,8.859,1.033
20140627,15535,null,4.2,14.4,5.1,8.055,0.699
20140626,15892,null,4.0,12.7,3.6,8.340,0.633
20140625,16177,null,4.7,13.0,5.0,8.361,1.041
20140624,16539,null,4.1,11.2,4.8,9.960,0.905
20140623,17944,null,4.7,10.7,4.2,11.080,0.724
20140622,17100,null,4.5,10.7,3.3,9.677,0.750
20140621,16127,null,4.3,12.2,4.3,8.780,0.650
20140620,16398,null,4.6,13.8,4.1,8.850,0.324
20140619,16442,null,4.1,12.1,2.2,9.723,0.326
20140618,16968,null,3.9,12.2,2.2,9.962,0.460
20140617,16111,null,3.6,12.9,3.3,9.702,0.458
20140616,15799,null,3.1,12.1,2.7,10.136,0.527
20140615,14896,null,4.0,11.8,3.0,9.450,0.324
20140614,16154,null,4.2,9.9,3.3,9.350,0.224
20140613,16406,null,4.4,10.8,3.6,10.660,0.206
20140612,14567,null,4.3,9.0,3.3,11.420,0.202
20140611,15161,null,4.2,9.4,3.1,11.925,0.288
20140610,14720,null,4.8,9.8,3.8,14.330,0.731
20140609,14718,null,4.4,10.4,2.8,13.259,0.340
20140608,14827,null,4.6,11.6,3.4,12.586,0.847
20140607,15343,null,4.6,10.3,4.0,13.230,0.396
20140606,15209,null,4.9,9.5,4.6,13.650,0.464
20140605,15638,null,4.8,10.8,3.3,15.290,0.371
20140604,17516,null,5.1,12.6,3.3,13.750,0.248
20140603,15053,null,5.3,18.7,3.3,13.880,0.226
20140602,16405,null,4.9,17.0,2.9,13.680,0.212
20140601,15896,null,5.2,23.5,2.6,12.744,0.775
20140531,16392,null,5.6,20.4,2.5,15.742,1.120
20140530,15703,null,5.2,24.9,3.7,13.450,0.277
20140529,14680,null,5.3,17.1,3.8,16.090,0.243
20140528,16518,null,5.2,18.2,5.0,13.120,0.243
20140527,13596,null,5.1,17.4,5.3,11.310,0.354
20140526,16241,null,5.5,18.0,4.9,11.870,0.427
20140525,15250,null,5.2,15.5,6.6,15.710,0.490
20140524,16964,null,5.6,15.6,6.4,13.538,0.984
20140523,15328,null,5.3,15.0,3.0,15.220,0.532
20140522,14276,null,5.1,14.3,6.4,15.361,0.416
20140521,15446,null,5.4,12.9,5.5,15.460,0.320
20140520,15351,null,5.2,13.2,6.0,15.440,0.358
20140519,15466,null,5.0,14.5,6.6,15.716,0.291
20140518,14768,null,5.3,14.4,5.1,13.126,0.283
20140517,15295,null,5.0,14.4,5.4,14.619,0.318
20140516,15224,null,5.2,14.0,5.8,16.700,0.462
20140515,15524,null,4.6,16.2,5.9,15.840,0.368
20140514,15229,null,5.0,16.5,6.4,13.622,0.385
20140513,17669,null,4.7,15.1,3.8,12.420,0.261
20140512,23736,null,4.8,14.7,6.4,13.730,0.601
20140511,14941,null,4.8,14.2,3.8,13.388,0.450
20140510,14768,null,5.0,14.6,4.4,12.370,0.606
20140509,15034,null,4.8,14.9,4.7,11.502,0.476
20140508,14205,null,4.4,14.7,4.8,8.142,0.289
20140507,15179,null,4.7,15.3,5.6,12.650,0.508
20140506,14779,null,4.7,15.8,4.2,10.931,0.477
20140505,14319,null,4.5,14.0,4.6,10.580,0.374
20140504,13322,null,4.2,15.1,2.8,11.190,0.329
20140503,15805,null,4.8,16.0,5.7,10.028,0.295
20140502,14676,null,4.2,15.6,4.5,9.763,0.201
20140501,15658,null,4.5,16.8,4.2,12.481,0.938
20140430,16346,null,4.9,17.5,7.8,10.588,1.155
20140429,23804,null,4.6,17.0,2.8,12.327,1.191
20140428,23619,null,3.3,16.7,5.2,12.446,1.716
20140427,14752,null,3.8,16.9,4.7,16.020,0.914
20140426,15497,null,4.2,16.6,3.6,12.290,1.250
20140425,14478,null,4.6,15.6,4.7,10.925,0.264
20140424,14139,null,4.6,14.9,4.4,11.540,0.528
20140423,13892,null,4.3,12.4,3.5,8.845,0.320
20140422,12980,null,3.1,10.9,3.2,9.600,0.384
20140421,14333,null,5.2,12.6,3.8,10.760,0.380
20140420,13816,null,4.9,11.3,3.4,10.480,0.338
20140419,14059,null,5.0,13.6,3.6,10.604,0.411
20140418,14438,null,4.8,13.1,4.6,10.990,0.287
20140417,14607,null,4.6,14.5,2.9,10.210,0.201
20140416,14307,null,4.6,11.4,4.0,10.810,0.517
20140415,13932,null,4.2,14.7,4.4,9.391,0.186
20140414,14082,null,5.0,13.9,3.9,14.040,0.167
20140413,13219,null,4.1,16.1,4.7,13.120,0.182
20140412,13263,null,3.8,16.3,3.6,17.830,0.210
20140411,14232,null,4.4,12.2,3.7,15.360,0.332
20140410,15455,null,3.8,16.8,3.1,15.710,0.508
20140409,13877,null,3.5,13.3,3.8,15.910,1.383
20140408,14190,null,2.1,12.0,4.0,13.331,1.016
20140407,14381,null,4.4,10.4,3.7,13.559,0.616
20140406,14272,null,4.2,13.3,4.2,13.980,0.541
20140405,13035,null,4.3,14.4,3.4,14.455,0.727
20140404,15639,null,4.1,13.6,3.5,12.424,0.569
20140403,14472,null,3.4,13.6,2.9,12.081,0.906
20140402,15945,null,2.9,13.3,4.8,12.042,1.119
20140401,16357,null,3.2,12.5,4.3,13.091,1.066
20140331,14819,null,5.0,11.4,4.5,12.315,0.399
20140330,17666,null,4.7,12.6,3.9,14.430,0.677
20140329,16388,null,4.6,13.1,3.6,13.210,0.618
20140328,14117,null,4.8,14.7,3.9,13.694,0.745
20140327,14576,null,4.8,14.9,4.2,11.610,0.656
20140326,15674,null,4.2,14.7,5.2,12.910,1.042
20140325,14968,null,5.4,14.2,5.0,14.110,1.111
20140324,14024,null,5.2,13.4,6.4,13.180,0.430
20140323,12986,null,5.3,14.5,3.9,13.558,0.516
20140322,13658,null,5.1,16.1,5.8,12.060,0.410
20140321,12579,null,5.3,14.9,5.2,12.986,0.252
20140320,13682,null,5.2,18.9,5.5,13.728,0.301
20140319,14036,null,5.1,17.9,3.5,12.760,0.439
20140318,14898,null,5.5,16.3,3.9,13.298,0.364
20140317,14483,null,5.1,14.8,6.4,14.302,0.784
20140316,13623,null,5.3,15.8,6.0,15.180,0.316
20140315,15831,null,5.5,15.3,4.3,14.640,0.370
20140314,17049,null,5.4,15.6,4.9,11.858,0.552
20140313,22981,null,5.3,17.0,4.7,11.310,0.464
20140312,15553,null,5.5,17.0,5.9,10.570,0.395
20140311,14030,null,4.8,18.0,3.2,15.390,0.416
20140310,14059,null,5.1,16.0,6.0,13.698,0.834
20140309,13999,null,5.5,17.4,2.9,13.140,0.458
20140308,13894,null,5.3,16.4,5.1,14.128,0.353
20140307,13670,null,5.4,16.4,3.0,15.257,0.672
20140306,13890,null,5.4,15.2,4.4,13.730,0.449
20140305,13976,null,5.3,15.9,6.6,14.568,0.707
20140304,14034,null,5.5,16.2,5.0,10.232,0.631
20140303,13442,null,5.0,14.7,4.1,12.990,0.451
20140302,14296,null,5.3,16.5,3.7,14.650,0.726
20140301,13933,null,5.1,16.8,5.4,13.617,0.819
20140228,14356,null,5.3,16.6,6.0,13.734,0.388
20140227,14455,null,5.6,18.6,4.7,15.840,0.416
20140226,15380,null,5.4,17.4,5.6,14.720,0.986
20140225,12987,null,5.7,16.7,5.3,15.409,0.604
20140224,13609,null,5.7,13.5,5.7,13.980,0.689
20140223,13216,null,5.4,14.9,4.5,14.580,0.476
20140222,13104,null,5.5,16.0,4.5,14.690,0.362
20140221,13385,null,5.2,16.1,3.2,14.037,0.332
20140220,14355,null,5.4,17.0,5.1,12.940,0.330
20140219,13232,null,5.8,17.3,4.1,13.519,0.315
20140218,14010,null,5.5,17.2,3.0,9.732,0.402
20140217,15280,null,5.5,12.6,5.0,10.052,0.404
20140216,14826,null,5.1,14.8,3.7,13.440,0.506
20140215,15551,null,5.4,16.9,3.0,13.840,0.514
20140214,15061,null,5.6,16.5,4.1,14.220,0.802
20140213,15707,null,5.2,16.7,3.6,13.440,0.795
20140212,15182,null,5.3,15.8,7.0,13.406,1.056
20140211,13969,null,5.4,15.6,3.6,13.680,1.084
20140210,13884,null,5.6,14.4,3.0,11.485,0.656
20140209,14386,null,5.3,15.6,3.0,13.424,0.380
20140208,16101,null,5.6,16.0,4.1,13.300,0.432
20140207,14913,null,5.5,17.6,4.2,13.676,0.926
20140206,13707,null,5.3,17.6,4.9,14.400,0.624
20140205,14667,null,5.1,17.6,6.0,11.760,0.316
20140204,14212,null,5.2,17.0,5.5,14.049,0.289
20140203,13680,null,5.7,14.6,4.8,13.370,0.385
20140202,13341,null,5.2,15.6,4.7,14.264,0.341
20140201,11258,null,5.0,16.7,4.5,15.670,0.324
20140131,10298,null,5.4,15.9,4.2,15.670,0.368
20140130,13001,null,5.3,17.5,3.2,15.440,0.675
20140129,13722,null,5.6,17.6,3.5,15.180,0.656
20140128,13306,null,5.4,17.5,6.9,14.690,0.965
20140127,13084,null,5.5,15.0,5.0,11.137,0.565
20140126,12885,null,5.3,18.6,5.8,13.801,0.459
20140125,13468,null,5.2,17.3,5.9,12.736,0.667
20140124,12159,null,5.5,17.2,4.3,12.985,0.703
20140123,13373,null,5.4,15.8,3.4,12.570,0.636
20140122,12937,null,5.2,16.8,7.6,12.551,0.609
20140121,13311,null,5.1,16.9,5.7,12.730,0.322
20140120,13390,null,5.4,14.9,5.5,10.580,0.233
20140119,13669,null,5.3,16.8,2.8,12.235,0.224
20140118,13003,null,5.0,16.4,6.1,12.376,0.214
20140117,13537,null,5.2,15.4,7.8,12.730,0.203
20140116,12226,null,4.9,17.3,3.8,12.322,0.214
20140115,12928,null,5.0,16.4,4.0,12.390,0.253
20140114,13371,null,5.3,14.9,5.6,13.360,0.278
20140113,13064,null,5.3,11.1,5.6,12.810,0.142
20140112,12863,null,4.9,13.5,4.0,13.780,0.613
20140111,13770,null,5.1,14.0,5.4,13.536,0.426
20140110,13459,null,5.3,17.2,5.6,12.388,0.282
20140109,12561,null,5.2,16.8,3.2,9.675,0.202
20140108,12849,null,5.1,16.7,3.0,11.613,0.342
20140107,12953,null,5.2,16.9,3.8,12.150,0.188
20140106,12955,null,5.4,13.8,4.9,11.680,0.221
20140105,12708,null,5.1,14.9,2.9,14.985,0.298
20140104,15084,null,5.0,16.4,3.8,10.895,0.139
20140103,14004,null,5.2,14.7,3.3,13.245,0.191
20140102,13028,null,5.0,14.2,3.9,14.853,0.303
20140101,13349,null,4.9,14.6,6.5,13.413,0.182
