examinDe,beachKoreanNm,examinLcDetail,distance_from_estuary_km,ecoli_max,enterococcus_max,any_exceed,date,precip_daily,temp_daily,wind_max,suyeong_vol,nambu_vol,year,suyeong_cap,nambu_cap,precip_1d_lag,precip_2d_sum_lag,precip_3d_sum_lag,temp_1d_lag,wind_max_1d_lag,suyeong_vol_1d_lag,nambu_vol_1d_lag,CSO_Flag_East,CSO_Flag_West
2015-09-21,광안리,,0.0,20.0,0.5,False,2015-09-21,0.0,21.2625,4.4166702,367649.0,365373.0,2015,466021.20000000007,397987.8,0.0,0.0,2.0,20.445833333333333,2.1388906000000003,394172.0,369904.0,0,0
2015-09-21,광안리,,0.0,10.0,0.5,False,2015-09-21,0.0,21.2625,4.4166702,367649.0,365373.0,2015,466021.20000000007,397987.8,0.0,0.0,2.0,20.445833333333333,2.1388906000000003,394172.0,369904.0,0,0
2015-09-21,광안리,,0.0,0.5,0.5,False,2015-09-21,0.0,21.2625,4.4166702,367649.0,365373.0,2015,466021.20000000007,397987.8,0.0,0.0,2.0,20.445833333333333,2.1388906000000003,394172.0,369904.0,0,0
2015-09-21,광안리,,0.0,10.0,5.0,False,2015-09-21,0.0,21.2625,4.4166702,367649.0,365373.0,2015,466021.20000000007,397987.8,0.0,0.0,2.0,20.445833333333333,2.1388906000000003,394172.0,369904.0,0,0
2015-09-21,광안리,,0.0,10.0,5.0,False,2015-09-21,0.0,21.2625,4.4166702,367649.0,365373.0,2015,466021.20000000007,397987.8,0.0,0.0,2.0,20.445833333333333,2.1388906000000003,394172.0,369904.0,0,0
2015-08-04,광안리,,0.0,52.0,0.5,False,2015-08-04,0.0,26.741666666666664,5.166670800000001,336072.0,387324.0,2015,466021.20000000007,397987.8,0.0,0.0,0.0,26.6125,5.416671000000001,349735.0,398376.0,0,0
2015-08-04,광안리,,0.0,10.0,0.5,False,2015-08-04,0.0,26.741666666666664,5.166670800000001,336072.0,387324.0,2015,466021.20000000007,397987.8,0.0,0.0,0.0,26.6125,5.416671000000001,349735.0,398376.0,0,0
2015-08-04,광안리,,0.0,0.5,0.5,False,2015-08-04,0.0,26.741666666666664,5.166670800000001,336072.0,387324.0,2015,466021.20000000007,397987.8,0.0,0.0,0.0,26.6125,5.416671000000001,349735.0,398376.0,0,0
2015-08-04,광안리,,0.0,0.5,0.5,False,2015-08-04,0.0,26.741666666666664,5.166670800000001,336072.0,387324.0,2015,466021.20000000007,397987.8,0.0,0.0,0.0,26.6125,5.416671000000001,349735.0,398376.0,0,0
2015-08-04,광안리,,0.0,0.5,0.5,False,2015-08-04,0.0,26.741666666666664,5.166670800000001,336072.0,387324.0,2015,466021.20000000007,397987.8,0.0,0.0,0.0,26.6125,5.416671000000001,349735.0,398376.0,0,0
2015-07-28,광안리,,0.0,0.5,5.0,False,2015-07-28,0.8,27.287499999999998,3.972225400000001,379771.0,409667.0,2015,466021.20000000007,397987.8,0.2,0.2,0.2,26.712500000000002,5.305559800000001,399760.0,409693.0,0,0
2015-07-28,광안리,,0.0,0.5,0.5,False,2015-07-28,0.8,27.287499999999998,3.972225400000001,379771.0,409667.0,2015,466021.20000000007,397987.8,0.2,0.2,0.2,26.712500000000002,5.305559800000001,399760.0,409693.0,0,0
2015-07-28,광안리,,0.0,10.0,0.5,False,2015-07-28,0.8,27.287499999999998,3.972225400000001,379771.0,409667.0,2015,466021.20000000007,397987.8,0.2,0.2,0.2,26.712500000000002,5.305559800000001,399760.0,409693.0,0,0
2015-07-28,광안리,,0.0,10.0,0.5,False,2015-07-28,0.8,27.287499999999998,3.972225400000001,379771.0,409667.0,2015,466021.20000000007,397987.8,0.2,0.2,0.2,26.712500000000002,5.305559800000001,399760.0,409693.0,0,0
2015-07-28,광안리,,0.0,63.0,5.0,False,2015-07-28,0.8,27.287499999999998,3.972225400000001,379771.0,409667.0,2015,466021.20000000007,397987.8,0.2,0.2,0.2,26.712500000000002,5.305559800000001,399760.0,409693.0,0,0
2015-07-16,광안리,,0.0,63.0,0.5,False,2015-07-16,0.0,21.525000000000002,9.222229600000002,371709.0,381442.0,2015,466021.20000000007,397987.8,0.0,0.0,5.1,23.8125,6.611116400000001,409451.0,384558.0,0,0
2015-07-16,광안리,,0.0,96.0,5.0,False,2015-07-16,0.0,21.525000000000002,9.222229600000002,371709.0,381442.0,2015,466021.20000000007,397987.8,0.0,0.0,5.1,23.8125,6.611116400000001,409451.0,384558.0,0,0
2015-07-16,광안리,,0.0,62.0,5.0,False,2015-07-16,0.0,21.525000000000002,9.222229600000002,371709.0,381442.0,2015,466021.20000000007,397987.8,0.0,0.0,5.1,23.8125,6.611116400000001,409451.0,384558.0,0,0
2015-07-16,광안리,,0.0,130.0,0.5,False,2015-07-16,0.0,21.525000000000002,9.222229600000002,371709.0,381442.0,2015,466021.20000000007,397987.8,0.0,0.0,5.1,23.8125,6.611116400000001,409451.0,384558.0,0,0
2015-07-16,광안리,,0.0,75.0,5.0,False,2015-07-16,0.0,21.525000000000002,9.222229600000002,371709.0,381442.0,2015,466021.20000000007,397987.8,0.0,0.0,5.1,23.8125,6.611116400000001,409451.0,384558.0,0,0
2015-07-02,광안리,,0.0,90.0,0.5,False,2015-07-02,0.0,21.4875,4.5277814,332836.0,384507.0,2015,466021.20000000007,397987.8,2.4000000000000004,42.09999999999999,42.099999999999994,21.900000000000002,5.6666712,393809.0,381437.0,0,0
2015-07-02,광안리,,0.0,190.0,0.5,False,2015-07-02,0.0,21.4875,4.5277814,332836.0,384507.0,2015,466021.20000000007,397987.8,2.4000000000000004,42.09999999999999,42.099999999999994,21.900000000000002,5.6666712,393809.0,381437.0,0,0
2015-07-02,광안리,,0.0,62.0,10.0,False,2015-07-02,0.0,21.4875,4.5277814,332836.0,384507.0,2015,466021.20000000007,397987.8,2.4000000000000004,42.09999999999999,42.099999999999994,21.900000000000002,5.6666712,393809.0,381437.0,0,0
2015-07-02,광안리,,0.0,160.0,21.0,False,2015-07-02,0.0,21.4875,4.5277814,332836.0,384507.0,2015,466021.20000000007,397987.8,2.4000000000000004,42.09999999999999,42.099999999999994,21.900000000000002,5.6666712,393809.0,381437.0,0,0
2015-07-02,광안리,,0.0,70.0,5.0,False,2015-07-02,0.0,21.4875,4.5277814,332836.0,384507.0,2015,466021.20000000007,397987.8,2.4000000000000004,42.09999999999999,42.099999999999994,21.900000000000002,5.6666712,393809.0,381437.0,0,0
2016-10-04,광안리,,0.0,470.0,43.0,False,2016-10-04,0.3,22.4875,7.361117000000001,412428.0,381635.0,2016,459369.0,451831.5,0.0,0.5,8.5,24.075,5.1944486,424637.0,398658.0,0,0
2016-10-04,광안리,,0.0,290.0,49.0,False,2016-10-04,0.3,22.4875,7.361117000000001,412428.0,381635.0,2016,459369.0,451831.5,0.0,0.5,8.5,24.075,5.1944486,424637.0,398658.0,0,0
2016-10-04,광안리,,0.0,230.0,86.0,False,2016-10-04,0.3,22.4875,7.361117000000001,412428.0,381635.0,2016,459369.0,451831.5,0.0,0.5,8.5,24.075,5.1944486,424637.0,398658.0,0,0
2016-10-04,광안리,,0.0,330.0,92.0,False,2016-10-04,0.3,22.4875,7.361117000000001,412428.0,381635.0,2016,459369.0,451831.5,0.0,0.5,8.5,24.075,5.1944486,424637.0,398658.0,0,0
2016-10-04,광안리,,0.0,390.0,93.0,False,2016-10-04,0.3,22.4875,7.361117000000001,412428.0,381635.0,2016,459369.0,451831.5,0.0,0.5,8.5,24.075,5.1944486,424637.0,398658.0,0,0
2016-09-07,광안리,,0.0,260.0,16.0,False,2016-09-07,0.1,25.308333333333334,1.9166682000000004,406509.0,403428.0,2016,459369.0,451831.5,0.0,18.5,18.7,24.900000000000002,1.8888904,428678.0,419662.0,0,0
2016-09-07,광안리,,0.0,10.0,26.0,False,2016-09-07,0.1,25.308333333333334,1.9166682000000004,406509.0,403428.0,2016,459369.0,451831.5,0.0,18.5,18.7,24.900000000000002,1.8888904,428678.0,419662.0,0,0
2016-09-07,광안리,,0.0,30.0,26.0,False,2016-09-07,0.1,25.308333333333334,1.9166682000000004,406509.0,403428.0,2016,459369.0,451831.5,0.0,18.5,18.7,24.900000000000002,1.8888904,428678.0,419662.0,0,0
2016-09-07,광안리,,0.0,10.0,16.0,False,2016-09-07,0.1,25.308333333333334,1.9166682000000004,406509.0,403428.0,2016,459369.0,451831.5,0.0,18.5,18.7,24.900000000000002,1.8888904,428678.0,419662.0,0,0
2016-09-07,광안리,,0.0,20.0,21.0,False,2016-09-07,0.1,25.308333333333334,1.9166682000000004,406509.0,403428.0,2016,459369.0,451831.5,0.0,18.5,18.7,24.900000000000002,1.8888904,428678.0,419662.0,0,0
2016-08-22,광안리,,0.0,20.0,5.0,False,2016-08-22,0.0,27.495833333333334,4.5277814,341089.0,381972.0,2016,459369.0,451831.5,0.0,0.0,0.0,27.587500000000002,4.9722262,338597.0,379503.0,0,0
2016-08-22,광안리,,0.0,10.0,,False,2016-08-22,0.0,27.495833333333334,4.5277814,341089.0,381972.0,2016,459369.0,451831.5,0.0,0.0,0.0,27.587500000000002,4.9722262,338597.0,379503.0,0,0
2016-08-22,광안리,,0.0,63.0,5.0,False,2016-08-22,0.0,27.495833333333334,4.5277814,341089.0,381972.0,2016,459369.0,451831.5,0.0,0.0,0.0,27.587500000000002,4.9722262,338597.0,379503.0,0,0
2016-08-22,광안리,,0.0,41.0,10.0,False,2016-08-22,0.0,27.495833333333334,4.5277814,341089.0,381972.0,2016,459369.0,451831.5,0.0,0.0,0.0,27.587500000000002,4.9722262,338597.0,379503.0,0,0
2016-08-22,광안리,,0.0,31.0,5.0,False,2016-08-22,0.0,27.495833333333334,4.5277814,341089.0,381972.0,2016,459369.0,451831.5,0.0,0.0,0.0,27.587500000000002,4.9722262,338597.0,379503.0,0,0
2016-08-17,광안리,,0.0,240.0,26.0,False,2016-08-17,0.0,27.72083333333333,2.5277798,348125.0,367410.0,2016,459369.0,451831.5,32.5,36.3,36.300000000000004,27.145833333333332,4.7777816,359348.0,418858.0,0,0
2016-08-17,광안리,,0.0,52.0,5.0,False,2016-08-17,0.0,27.72083333333333,2.5277798,348125.0,367410.0,2016,459369.0,451831.5,32.5,36.3,36.300000000000004,27.145833333333332,4.7777816,359348.0,418858.0,0,0
2016-08-17,광안리,,0.0,31.0,,False,2016-08-17,0.0,27.72083333333333,2.5277798,348125.0,367410.0,2016,459369.0,451831.5,32.5,36.3,36.300000000000004,27.145833333333332,4.7777816,359348.0,418858.0,0,0
2016-08-17,광안리,,0.0,41.0,10.0,False,2016-08-17,0.0,27.72083333333333,2.5277798,348125.0,367410.0,2016,459369.0,451831.5,32.5,36.3,36.300000000000004,27.145833333333332,4.7777816,359348.0,418858.0,0,0
2016-08-17,광안리,,0.0,31.0,10.0,False,2016-08-17,0.0,27.72083333333333,2.5277798,348125.0,367410.0,2016,459369.0,451831.5,32.5,36.3,36.300000000000004,27.145833333333332,4.7777816,359348.0,418858.0,0,0
2016-08-09,광안리,,0.0,110.0,43.0,False,2016-08-09,0.1,27.808333333333334,4.750003800000001,358034.0,341319.0,2016,459369.0,451831.5,1.0,1.0,1.0000000000000036,29.03333333333333,1.9166682000000004,353842.0,371250.0,0,0
2016-08-09,광안리,,0.0,52.0,5.0,False,2016-08-09,0.1,27.808333333333334,4.750003800000001,358034.0,341319.0,2016,459369.0,451831.5,1.0,1.0,1.0000000000000036,29.03333333333333,1.9166682000000004,353842.0,371250.0,0,0
2016-08-09,광안리,,0.0,20.0,38.0,False,2016-08-09,0.1,27.808333333333334,4.750003800000001,358034.0,341319.0,2016,459369.0,451831.5,1.0,1.0,1.0000000000000036,29.03333333333333,1.9166682000000004,353842.0,371250.0,0,0
2016-08-09,광안리,,0.0,51.0,10.0,False,2016-08-09,0.1,27.808333333333334,4.750003800000001,358034.0,341319.0,2016,459369.0,451831.5,1.0,1.0,1.0000000000000036,29.03333333333333,1.9166682000000004,353842.0,371250.0,0,0
2016-08-09,광안리,,0.0,1300.0,110.0,True,2016-08-09,0.1,27.808333333333334,4.750003800000001,358034.0,341319.0,2016,459369.0,451831.5,1.0,1.0,1.0000000000000036,29.03333333333333,1.9166682000000004,353842.0,371250.0,0,0
2016-07-26,광안리,,0.0,30.0,0.5,False,2016-07-26,0.7,27.079166666666666,5.0833374000000005,358456.0,381234.0,2016,459369.0,451831.5,4.2,4.9,4.900000000000001,26.787499999999998,3.2222248,363280.0,411440.0,0,0
2016-07-26,광안리,,0.0,10.0,0.5,False,2016-07-26,0.7,27.079166666666666,5.0833374000000005,358456.0,381234.0,2016,459369.0,451831.5,4.2,4.9,4.900000000000001,26.787499999999998,3.2222248,363280.0,411440.0,0,0
2016-07-26,광안리,,0.0,0.5,5.0,False,2016-07-26,0.7,27.079166666666666,5.0833374000000005,358456.0,381234.0,2016,459369.0,451831.5,4.2,4.9,4.900000000000001,26.787499999999998,3.2222248,363280.0,411440.0,0,0
2016-07-26,광안리,,0.0,10.0,0.5,False,2016-07-26,0.7,27.079166666666666,5.0833374000000005,358456.0,381234.0,2016,459369.0,451831.5,4.2,4.9,4.900000000000001,26.787499999999998,3.2222248,363280.0,411440.0,0,0
2016-07-26,광안리,,0.0,61.0,5.0,False,2016-07-26,0.7,27.079166666666666,5.0833374000000005,358456.0,381234.0,2016,459369.0,451831.5,4.2,4.9,4.900000000000001,26.787499999999998,3.2222248,363280.0,411440.0,0,0
2016-07-19,광안리,,0.0,41.0,16.0,False,2016-07-19,0.0,24.175,4.5000036,382855.0,389258.0,2016,459369.0,451831.5,0.0,0.0,6.000000000000001,24.462500000000002,2.5555576,399359.0,411152.0,0,0
2016-07-19,광안리,,0.0,31.0,10.0,False,2016-07-19,0.0,24.175,4.5000036,382855.0,389258.0,2016,459369.0,451831.5,0.0,0.0,6.000000000000001,24.462500000000002,2.5555576,399359.0,411152.0,0,0
2016-07-19,광안리,,0.0,10.0,15.0,False,2016-07-19,0.0,24.175,4.5000036,382855.0,389258.0,2016,459369.0,451831.5,0.0,0.0,6.000000000000001,24.462500000000002,2.5555576,399359.0,411152.0,0,0
2016-07-19,광안리,,0.0,31.0,48.0,False,2016-07-19,0.0,24.175,4.5000036,382855.0,389258.0,2016,459369.0,451831.5,0.0,0.0,6.000000000000001,24.462500000000002,2.5555576,399359.0,411152.0,0,0
2016-07-19,광안리,,0.0,0.5,21.0,False,2016-07-19,0.0,24.175,4.5000036,382855.0,389258.0,2016,459369.0,451831.5,0.0,0.0,6.000000000000001,24.462500000000002,2.5555576,399359.0,411152.0,0,0
2016-07-11,광안리,,0.0,240.0,38.0,False,2016-07-11,4.5,24.6875,4.111114400000001,387115.0,443979.0,2016,459369.0,451831.5,0.0,0.0,2.7,24.983333333333334,2.9722246,391946.0,451227.0,0,0
2016-07-11,광안리,,0.0,320.0,87.0,False,2016-07-11,4.5,24.6875,4.111114400000001,387115.0,443979.0,2016,459369.0,451831.5,0.0,0.0,2.7,24.983333333333334,2.9722246,391946.0,451227.0,0,0
2016-07-11,광안리,,0.0,320.0,26.0,False,2016-07-11,4.5,24.6875,4.111114400000001,387115.0,443979.0,2016,459369.0,451831.5,0.0,0.0,2.7,24.983333333333334,2.9722246,391946.0,451227.0,0,0
2016-07-11,광안리,,0.0,300.0,38.0,False,2016-07-11,4.5,24.6875,4.111114400000001,387115.0,443979.0,2016,459369.0,451831.5,0.0,0.0,2.7,24.983333333333334,2.9722246,391946.0,451227.0,0,0
2016-07-11,광안리,,0.0,410.0,66.0,False,2016-07-11,4.5,24.6875,4.111114400000001,387115.0,443979.0,2016,459369.0,451831.5,0.0,0.0,2.7,24.983333333333334,2.9722246,391946.0,451227.0,0,0
2016-05-12,광안리,,0.0,10.0,0.5,False,2016-05-12,0.0,16.245833333333334,4.027781,381003.0,387457.0,2016,459369.0,451831.5,0.0,20.09999999999999,21.2,14.75,4.5000036,417060.0,400325.0,0,0
2016-05-12,광안리,,0.0,0.5,5.0,False,2016-05-12,0.0,16.245833333333334,4.027781,381003.0,387457.0,2016,459369.0,451831.5,0.0,20.09999999999999,21.2,14.75,4.5000036,417060.0,400325.0,0,0
2016-05-12,광안리,,0.0,0.5,0.5,False,2016-05-12,0.0,16.245833333333334,4.027781,381003.0,387457.0,2016,459369.0,451831.5,0.0,20.09999999999999,21.2,14.75,4.5000036,417060.0,400325.0,0,0
2016-05-12,광안리,,0.0,0.5,5.0,False,2016-05-12,0.0,16.245833333333334,4.027781,381003.0,387457.0,2016,459369.0,451831.5,0.0,20.09999999999999,21.2,14.75,4.5000036,417060.0,400325.0,0,0
2016-05-12,광안리,,0.0,246.0,5.0,False,2016-05-12,0.0,16.245833333333334,4.027781,381003.0,387457.0,2016,459369.0,451831.5,0.0,20.09999999999999,21.2,14.75,4.5000036,417060.0,400325.0,0,0
2017-09-20,광안리,고마대구탕,0.5,156.0,21.0,False,2017-09-20,0.0,22.375,4.750003800000001,320591.0,347167.0,2017,401108.4,383416.60000000003,0.0,0.0,6.7,22.125,5.861115800000001,325785.0,345653.0,0,0
2017-09-20,광안리,썬시티모텔,0.5,52.0,21.0,False,2017-09-20,0.0,22.375,4.750003800000001,320591.0,347167.0,2017,401108.4,383416.60000000003,0.0,0.0,6.7,22.125,5.861115800000001,325785.0,345653.0,0,0
2017-09-20,광안리,투썸플레이스(비치비키니),0.5,41.0,26.0,False,2017-09-20,0.0,22.375,4.750003800000001,320591.0,347167.0,2017,401108.4,383416.60000000003,0.0,0.0,6.7,22.125,5.861115800000001,325785.0,345653.0,0,0
2017-09-20,광안리,아쿠리아팰리스호텔삼거리앞,0.5,41.0,10.0,False,2017-09-20,0.0,22.375,4.750003800000001,320591.0,347167.0,2017,401108.4,383416.60000000003,0.0,0.0,6.7,22.125,5.861115800000001,325785.0,345653.0,0,0
2017-09-20,광안리,칠성횟집(라스코스웨딩홀),0.5,63.0,37.0,False,2017-09-20,0.0,22.375,4.750003800000001,320591.0,347167.0,2017,401108.4,383416.60000000003,0.0,0.0,6.7,22.125,5.861115800000001,325785.0,345653.0,0,0
2017-09-04,광안리,썬시티모텔,0.5,20.0,10.0,False,2017-09-04,0.0,22.8125,6.138893800000001,301641.0,323696.0,2017,401108.4,383416.60000000003,0.0,0.0,0.1,21.891666666666666,6.1666716,308664.0,328685.0,0,0
2017-09-04,광안리,투썸플레이스(비치비키니),0.5,31.0,5.0,False,2017-09-04,0.0,22.8125,6.138893800000001,301641.0,323696.0,2017,401108.4,383416.60000000003,0.0,0.0,0.1,21.891666666666666,6.1666716,308664.0,328685.0,0,0
2017-09-04,광안리,아쿠리아팰리스호텔삼거리앞,0.5,41.0,5.0,False,2017-09-04,0.0,22.8125,6.138893800000001,301641.0,323696.0,2017,401108.4,383416.60000000003,0.0,0.0,0.1,21.891666666666666,6.1666716,308664.0,328685.0,0,0
2017-09-04,광안리,칠성횟집(라스코스웨딩홀),0.5,41.0,10.0,False,2017-09-04,0.0,22.8125,6.138893800000001,301641.0,323696.0,2017,401108.4,383416.60000000003,0.0,0.0,0.1,21.891666666666666,6.1666716,308664.0,328685.0,0,0
2017-08-23,광안리,고마대구탕,0.5,452.0,67.0,False,2017-08-23,5.4,27.587500000000002,7.0833390000000005,371667.0,367914.0,2017,401108.4,383416.60000000003,14.4,25.100000000000016,29.799999999999997,26.25,6.7222276,350129.0,395254.0,0,1
2017-08-23,광안리,썬시티모텔,0.5,345.0,43.0,False,2017-08-23,5.4,27.587500000000002,7.0833390000000005,371667.0,367914.0,2017,401108.4,383416.60000000003,14.4,25.100000000000016,29.799999999999997,26.25,6.7222276,350129.0,395254.0,0,1
2017-08-23,광안리,투썸플레이스(비치비키니),0.5,288.0,49.0,False,2017-08-23,5.4,27.587500000000002,7.0833390000000005,371667.0,367914.0,2017,401108.4,383416.60000000003,14.4,25.100000000000016,29.799999999999997,26.25,6.7222276,350129.0,395254.0,0,1
2017-08-23,광안리,아쿠리아팰리스호텔삼거리앞,0.5,393.0,66.0,False,2017-08-23,5.4,27.587500000000002,7.0833390000000005,371667.0,367914.0,2017,401108.4,383416.60000000003,14.4,25.100000000000016,29.799999999999997,26.25,6.7222276,350129.0,395254.0,0,1
2017-08-23,광안리,칠성횟집(라스코스웨딩홀),0.5,301.0,73.0,False,2017-08-23,5.4,27.587500000000002,7.0833390000000005,371667.0,367914.0,2017,401108.4,383416.60000000003,14.4,25.100000000000016,29.799999999999997,26.25,6.7222276,350129.0,395254.0,0,1
2017-08-17,광안리,고마대구탕,0.5,20.0,10.0,False,2017-08-17,8.0,25.599999999999998,3.4722250000000003,340069.0,343796.0,2017,401108.4,383416.60000000003,8.3,23.400000000000013,119.60000000000001,25.77916666666667,4.4722258,345305.0,354704.0,0,0
2017-08-17,광안리,썬시티모텔,0.5,31.0,15.0,False,2017-08-17,8.0,25.599999999999998,3.4722250000000003,340069.0,343796.0,2017,401108.4,383416.60000000003,8.3,23.400000000000013,119.60000000000001,25.77916666666667,4.4722258,345305.0,354704.0,0,0
2017-08-17,광안리,투썸플레이스(비치비키니),0.5,63.0,21.0,False,2017-08-17,8.0,25.599999999999998,3.4722250000000003,340069.0,343796.0,2017,401108.4,383416.60000000003,8.3,23.400000000000013,119.60000000000001,25.77916666666667,4.4722258,345305.0,354704.0,0,0
2017-08-17,광안리,아쿠리아팰리스호텔삼거리앞,0.5,74.0,37.0,False,2017-08-17,8.0,25.599999999999998,3.4722250000000003,340069.0,343796.0,2017,401108.4,383416.60000000003,8.3,23.400000000000013,119.60000000000001,25.77916666666667,4.4722258,345305.0,354704.0,0,0
2017-08-17,광안리,칠성횟집(라스코스웨딩홀),0.5,52.0,21.0,False,2017-08-17,8.0,25.599999999999998,3.4722250000000003,340069.0,343796.0,2017,401108.4,383416.60000000003,8.3,23.400000000000013,119.60000000000001,25.77916666666667,4.4722258,345305.0,354704.0,0,0
2017-08-11,광안리,고마대구탕,0.5,98.0,10.0,False,2017-08-11,2.0,26.120833333333334,4.4166702,341051.0,342938.0,2017,401108.4,383416.60000000003,4.5,42.70000000000002,42.9,26.945833333333336,5.000004000000001,339507.0,348309.0,0,0
2017-08-11,광안리,썬시티모텔,0.5,41.0,5.0,False,2017-08-11,2.0,26.120833333333334,4.4166702,341051.0,342938.0,2017,401108.4,383416.60000000003,4.5,42.70000000000002,42.9,26.945833333333336,5.000004000000001,339507.0,348309.0,0,0
2017-08-11,광안리,투썸플레이스(비치비키니),0.5,173.0,26.0,False,2017-08-11,2.0,26.120833333333334,4.4166702,341051.0,342938.0,2017,401108.4,383416.60000000003,4.5,42.70000000000002,42.9,26.945833333333336,5.000004000000001,339507.0,348309.0,0,0
2017-08-11,광안리,아쿠리아팰리스호텔삼거리앞,0.5,132.0,26.0,False,2017-08-11,2.0,26.120833333333334,4.4166702,341051.0,342938.0,2017,401108.4,383416.60000000003,4.5,42.70000000000002,42.9,26.945833333333336,5.000004000000001,339507.0,348309.0,0,0
2017-08-11,광안리,칠성횟집(라스코스웨딩홀),0.5,134.0,21.0,False,2017-08-11,2.0,26.120833333333334,4.4166702,341051.0,342938.0,2017,401108.4,383416.60000000003,4.5,42.70000000000002,42.9,26.945833333333336,5.000004000000001,339507.0,348309.0,0,0
2017-08-02,광안리,고마대구탕,0.5,0.5,10.0,False,2017-08-02,0.0,25.712500000000002,6.111116000000001,304136.0,337633.0,2017,401108.4,383416.60000000003,0.0,3.700000000000014,3.6999999999999997,26.120833333333334,4.8333372,326647.0,339620.0,0,0
2017-08-02,광안리,썬시티모텔,0.5,5.0,31.0,False,2017-08-02,0.0,25.712500000000002,6.111116000000001,304136.0,337633.0,2017,401108.4,383416.60000000003,0.0,3.700000000000014,3.6999999999999997,26.120833333333334,4.8333372,326647.0,339620.0,0,0
2017-08-02,광안리,투썸플레이스(비치비키니),0.5,0.5,10.0,False,2017-08-02,0.0,25.712500000000002,6.111116000000001,304136.0,337633.0,2017,401108.4,383416.60000000003,0.0,3.700000000000014,3.6999999999999997,26.120833333333334,4.8333372,326647.0,339620.0,0,0
2017-08-02,광안리,아쿠리아팰리스호텔삼거리앞,0.5,0.5,20.0,False,2017-08-02,0.0,25.712500000000002,6.111116000000001,304136.0,337633.0,2017,401108.4,383416.60000000003,0.0,3.700000000000014,3.6999999999999997,26.120833333333334,4.8333372,326647.0,339620.0,0,0
2017-08-02,광안리,칠성횟집(라스코스웨딩홀),0.5,0.5,10.0,False,2017-08-02,0.0,25.712500000000002,6.111116000000001,304136.0,337633.0,2017,401108.4,383416.60000000003,0.0,3.700000000000014,3.6999999999999997,26.120833333333334,4.8333372,326647.0,339620.0,0,0
2017-07-27,광안리,고마대구탕,0.5,0.5,41.0,False,2017-07-27,0.0,24.575,5.305559800000001,320308.0,362086.0,2017,401108.4,383416.60000000003,0.0,27.700000000000014,30.4,24.84583333333333,8.333340000000002,345395.0,363468.0,0,0
2017-07-27,광안리,썬시티모텔,0.5,5.0,20.0,False,2017-07-27,0.0,24.575,5.305559800000001,320308.0,362086.0,2017,401108.4,383416.60000000003,0.0,27.700000000000014,30.4,24.84583333333333,8.333340000000002,345395.0,363468.0,0,0
2017-07-27,광안리,투썸플레이스(비치비키니),0.5,10.0,20.0,False,2017-07-27,0.0,24.575,5.305559800000001,320308.0,362086.0,2017,401108.4,383416.60000000003,0.0,27.700000000000014,30.4,24.84583333333333,8.333340000000002,345395.0,363468.0,0,0
2017-07-27,광안리,아쿠리아팰리스호텔삼거리앞,0.5,5.0,10.0,False,2017-07-27,0.0,24.575,5.305559800000001,320308.0,362086.0,2017,401108.4,383416.60000000003,0.0,27.700000000000014,30.4,24.84583333333333,8.333340000000002,345395.0,363468.0,0,0
2017-07-27,광안리,칠성횟집(라스코스웨딩홀),0.5,5.0,10.0,False,2017-07-27,0.0,24.575,5.305559800000001,320308.0,362086.0,2017,401108.4,383416.60000000003,0.0,27.700000000000014,30.4,24.84583333333333,8.333340000000002,345395.0,363468.0,0,0
2017-07-19,광안리,고마대구탕,0.5,10.0,5.0,False,2017-07-19,0.1,27.150000000000002,5.0555596000000005,333991.0,363535.0,2017,401108.4,383416.60000000003,7.7,9.000000000000014,9.3,26.2,4.583337,396286.0,392013.0,0,1
2017-07-19,광안리,썬시티모텔,0.5,10.0,15.0,False,2017-07-19,0.1,27.150000000000002,5.0555596000000005,333991.0,363535.0,2017,401108.4,383416.60000000003,7.7,9.000000000000014,9.3,26.2,4.583337,396286.0,392013.0,0,1
2017-07-19,광안리,투썸플레이스(비치비키니),0.5,10.0,15.0,False,2017-07-19,0.1,27.150000000000002,5.0555596000000005,333991.0,363535.0,2017,401108.4,383416.60000000003,7.7,9.000000000000014,9.3,26.2,4.583337,396286.0,392013.0,0,1
2017-07-19,광안리,아쿠리아팰리스호텔삼거리앞,0.5,20.0,5.0,False,2017-07-19,0.1,27.150000000000002,5.0555596000000005,333991.0,363535.0,2017,401108.4,383416.60000000003,7.7,9.000000000000014,9.3,26.2,4.583337,396286.0,392013.0,0,1
2017-07-19,광안리,칠성횟집(라스코스웨딩홀),0.5,0.5,5.0,False,2017-07-19,0.1,27.150000000000002,5.0555596000000005,333991.0,363535.0,2017,401108.4,383416.60000000003,7.7,9.000000000000014,9.3,26.2,4.583337,396286.0,392013.0,0,1
2017-07-13,광안리,고마대구탕,0.5,199.0,26.0,False,2017-07-13,0.0,25.537499999999998,5.611115600000001,339349.0,357751.0,2017,401108.4,383416.60000000003,0.0,3.1000000000000143,28.8,26.758333333333336,5.166670800000001,338608.0,373525.0,0,0
2017-07-13,광안리,썬시티모텔,0.5,108.0,49.0,False,2017-07-13,0.0,25.537499999999998,5.611115600000001,339349.0,357751.0,2017,401108.4,383416.60000000003,0.0,3.1000000000000143,28.8,26.758333333333336,5.166670800000001,338608.0,373525.0,0,0
2017-07-13,광안리,투썸플레이스(비치비키니),0.5,158.0,21.0,False,2017-07-13,0.0,25.537499999999998,5.611115600000001,339349.0,357751.0,2017,401108.4,383416.60000000003,0.0,3.1000000000000143,28.8,26.758333333333336,5.166670800000001,338608.0,373525.0,0,0
2017-07-13,광안리,아쿠리아팰리스호텔삼거리앞,0.5,97.0,15.0,False,2017-07-13,0.0,25.537499999999998,5.611115600000001,339349.0,357751.0,2017,401108.4,383416.60000000003,0.0,3.1000000000000143,28.8,26.758333333333336,5.166670800000001,338608.0,373525.0,0,0
2017-07-13,광안리,칠성횟집(라스코스웨딩홀),0.5,41.0,10.0,False,2017-07-13,0.0,25.537499999999998,5.611115600000001,339349.0,357751.0,2017,401108.4,383416.60000000003,0.0,3.1000000000000143,28.8,26.758333333333336,5.166670800000001,338608.0,373525.0,0,0
2017-07-07,광안리,고마대구탕,0.5,62.0,10.0,False,2017-07-07,5.5,24.304166666666664,6.250005000000001,338451.0,362979.0,2017,401108.4,383416.60000000003,2.3000000000000003,9.400000000000015,18.3,24.104166666666668,5.416671000000001,355483.0,373060.0,0,0
2017-07-07,광안리,썬시티모텔,0.5,75.0,5.0,False,2017-07-07,5.5,24.304166666666664,6.250005000000001,338451.0,362979.0,2017,401108.4,383416.60000000003,2.3000000000000003,9.400000000000015,18.3,24.104166666666668,5.416671000000001,355483.0,373060.0,0,0
2017-07-07,광안리,투썸플레이스(비치비키니),0.5,63.0,5.0,False,2017-07-07,5.5,24.304166666666664,6.250005000000001,338451.0,362979.0,2017,401108.4,383416.60000000003,2.3000000000000003,9.400000000000015,18.3,24.104166666666668,5.416671000000001,355483.0,373060.0,0,0
2017-07-07,광안리,아쿠리아팰리스호텔삼거리앞,0.5,187.0,49.0,False,2017-07-07,5.5,24.304166666666664,6.250005000000001,338451.0,362979.0,2017,401108.4,383416.60000000003,2.3000000000000003,9.400000000000015,18.3,24.104166666666668,5.416671000000001,355483.0,373060.0,0,0
2017-07-07,광안리,칠성횟집(라스코스웨딩홀),0.5,199.0,42.0,False,2017-07-07,5.5,24.304166666666664,6.250005000000001,338451.0,362979.0,2017,401108.4,383416.60000000003,2.3000000000000003,9.400000000000015,18.3,24.104166666666668,5.416671000000001,355483.0,373060.0,0,0
2017-06-09,광안리,고마대구탕,0.5,41.0,26.0,False,2017-06-09,0.0,21.679166666666664,5.7222268000000005,312418.0,319523.0,2017,401108.4,383416.60000000003,0.0,16.500000000000014,19.3,20.108333333333334,4.861115000000001,324295.0,316392.0,0,0
2017-06-09,광안리,썬시티모텔,0.5,31.0,10.0,False,2017-06-09,0.0,21.679166666666664,5.7222268000000005,312418.0,319523.0,2017,401108.4,383416.60000000003,0.0,16.500000000000014,19.3,20.108333333333334,4.861115000000001,324295.0,316392.0,0,0
2017-06-09,광안리,투썸플레이스(비치비키니),0.5,52.0,21.0,False,2017-06-09,0.0,21.679166666666664,5.7222268000000005,312418.0,319523.0,2017,401108.4,383416.60000000003,0.0,16.500000000000014,19.3,20.108333333333334,4.861115000000001,324295.0,316392.0,0,0
2017-06-09,광안리,아쿠리아팰리스호텔삼거리앞,0.5,41.0,10.0,False,2017-06-09,0.0,21.679166666666664,5.7222268000000005,312418.0,319523.0,2017,401108.4,383416.60000000003,0.0,16.500000000000014,19.3,20.108333333333334,4.861115000000001,324295.0,316392.0,0,0
2017-06-09,광안리,칠성횟집(라스코스웨딩홀),0.5,51.0,10.0,False,2017-06-09,0.0,21.679166666666664,5.7222268000000005,312418.0,319523.0,2017,401108.4,383416.60000000003,0.0,16.500000000000014,19.3,20.108333333333334,4.861115000000001,324295.0,316392.0,0,0
2018-09-12,광안리,고마대구탕,0.5,273.0,21.0,False,2018-09-12,0.0,21.59166666666667,6.0833382,354631.0,294372.0,2018,452240.4,347450.4,0.1,0.2,1.0,20.845833333333335,9.6944522,349560.0,282731.0,0,0
2018-09-12,광안리,썬시티모텔,0.5,336.0,55.0,False,2018-09-12,0.0,21.59166666666667,6.0833382,354631.0,294372.0,2018,452240.4,347450.4,0.1,0.2,1.0,20.845833333333335,9.6944522,349560.0,282731.0,0,0
2018-09-12,광안리,투썸플레이스(비치비키니),0.5,226.0,26.0,False,2018-09-12,0.0,21.59166666666667,6.0833382,354631.0,294372.0,2018,452240.4,347450.4,0.1,0.2,1.0,20.845833333333335,9.6944522,349560.0,282731.0,0,0
2018-09-12,광안리,아쿠아펠리스호텔삼거리앞,0.5,375.0,140.0,True,2018-09-12,0.0,21.59166666666667,6.0833382,354631.0,294372.0,2018,452240.4,347450.4,0.1,0.2,1.0,20.845833333333335,9.6944522,349560.0,282731.0,0,0
2018-09-12,광안리,칠성횟집(라스코스웨딩홀),0.5,312.0,38.0,False,2018-09-12,0.0,21.59166666666667,6.0833382,354631.0,294372.0,2018,452240.4,347450.4,0.1,0.2,1.0,20.845833333333335,9.6944522,349560.0,282731.0,0,0
2018-08-22,광안리,고마대구탕,0.5,41.0,10.0,False,2018-08-22,0.1,28.383333333333336,8.138895400000001,311435.0,283011.0,2018,452240.4,347450.4,0.0,0.0,0.0,26.849999999999998,3.611114,306745.0,280946.0,0,0
2018-08-22,광안리,썬시티모텔,0.5,31.0,26.0,False,2018-08-22,0.1,28.383333333333336,8.138895400000001,311435.0,283011.0,2018,452240.4,347450.4,0.0,0.0,0.0,26.849999999999998,3.611114,306745.0,280946.0,0,0
2018-08-22,광안리,투썸플레이스(비치비키니),0.5,30.0,10.0,False,2018-08-22,0.1,28.383333333333336,8.138895400000001,311435.0,283011.0,2018,452240.4,347450.4,0.0,0.0,0.0,26.849999999999998,3.611114,306745.0,280946.0,0,0
2018-08-22,광안리,아쿠리아팰리스호텔삼거리앞,0.5,97.0,26.0,False,2018-08-22,0.1,28.383333333333336,8.138895400000001,311435.0,283011.0,2018,452240.4,347450.4,0.0,0.0,0.0,26.849999999999998,3.611114,306745.0,280946.0,0,0
2018-08-22,광안리,칠성횟집(라스코스웨딩홀),0.5,74.0,10.0,False,2018-08-22,0.1,28.383333333333336,8.138895400000001,311435.0,283011.0,2018,452240.4,347450.4,0.0,0.0,0.0,26.849999999999998,3.611114,306745.0,280946.0,0,0
2018-08-09,광안리,고마대구탕,0.5,74.0,0.5,False,2018-08-09,1.4,27.108333333333334,3.611114,313207.0,286288.0,2018,452240.4,347450.4,0.2,0.4,3.1,26.400000000000002,4.6944482,315083.0,266618.0,0,0
2018-08-09,광안리,썬시티모텔,0.5,96.0,0.5,False,2018-08-09,1.4,27.108333333333334,3.611114,313207.0,286288.0,2018,452240.4,347450.4,0.2,0.4,3.1,26.400000000000002,4.6944482,315083.0,266618.0,0,0
2018-08-09,광안리,투썸플레이스(비치비키니),0.5,41.0,0.5,False,2018-08-09,1.4,27.108333333333334,3.611114,313207.0,286288.0,2018,452240.4,347450.4,0.2,0.4,3.1,26.400000000000002,4.6944482,315083.0,266618.0,0,0
2018-08-09,광안리,아쿠리아팰리스호텔삼거리앞,0.5,41.0,0.5,False,2018-08-09,1.4,27.108333333333334,3.611114,313207.0,286288.0,2018,452240.4,347450.4,0.2,0.4,3.1,26.400000000000002,4.6944482,315083.0,266618.0,0,0
2018-08-09,광안리,칠성횟집(라스코스웨딩홀),0.5,110.0,0.5,False,2018-08-09,1.4,27.108333333333334,3.611114,313207.0,286288.0,2018,452240.4,347450.4,0.2,0.4,3.1,26.400000000000002,4.6944482,315083.0,266618.0,0,0
2018-08-02,광안리,고마대구탕,0.5,84.0,0.5,False,2018-08-02,0.0,28.5625,5.2500042,307083.0,268767.0,2018,452240.4,347450.4,0.0,0.0,3.0,28.941666666666666,4.8333372,317775.0,298042.0,0,0
2018-08-02,광안리,썬시티모텔,0.5,52.0,0.5,False,2018-08-02,0.0,28.5625,5.2500042,307083.0,268767.0,2018,452240.4,347450.4,0.0,0.0,3.0,28.941666666666666,4.8333372,317775.0,298042.0,0,0
2018-08-02,광안리,투썸플레이스(비치비키니),0.5,41.0,0.5,False,2018-08-02,0.0,28.5625,5.2500042,307083.0,268767.0,2018,452240.4,347450.4,0.0,0.0,3.0,28.941666666666666,4.8333372,317775.0,298042.0,0,0
2018-08-02,광안리,아쿠리아팰리스호텔삼거리앞,0.5,41.0,5.0,False,2018-08-02,0.0,28.5625,5.2500042,307083.0,268767.0,2018,452240.4,347450.4,0.0,0.0,3.0,28.941666666666666,4.8333372,317775.0,298042.0,0,0
2018-08-02,광안리,칠성횟집(라스코스웨딩홀),0.5,10.0,5.0,False,2018-08-02,0.0,28.5625,5.2500042,307083.0,268767.0,2018,452240.4,347450.4,0.0,0.0,3.0,28.941666666666666,4.8333372,317775.0,298042.0,0,0
2018-07-26,광안리,고마대구탕,0.5,20.0,15.0,False,2018-07-26,0.0,30.425,3.1944470000000003,333670.0,269079.0,2018,452240.4,347450.4,0.0,0.0,0.0,29.816666666666666,5.555560000000001,330427.0,299026.0,0,0
2018-07-26,광안리,썬시티모텔,0.5,0.5,0.5,False,2018-07-26,0.0,30.425,3.1944470000000003,333670.0,269079.0,2018,452240.4,347450.4,0.0,0.0,0.0,29.816666666666666,5.555560000000001,330427.0,299026.0,0,0
2018-07-26,광안리,투썸플레이스(비치비키니),0.5,10.0,10.0,False,2018-07-26,0.0,30.425,3.1944470000000003,333670.0,269079.0,2018,452240.4,347450.4,0.0,0.0,0.0,29.816666666666666,5.555560000000001,330427.0,299026.0,0,0
2018-07-26,광안리,아쿠리아팰리스호텔삼거리앞,0.5,0.5,16.0,False,2018-07-26,0.0,30.425,3.1944470000000003,333670.0,269079.0,2018,452240.4,347450.4,0.0,0.0,0.0,29.816666666666666,5.555560000000001,330427.0,299026.0,0,0
2018-07-26,광안리,칠성횟집(라스코스웨딩홀),0.5,20.0,15.0,False,2018-07-26,0.0,30.425,3.1944470000000003,333670.0,269079.0,2018,452240.4,347450.4,0.0,0.0,0.0,29.816666666666666,5.555560000000001,330427.0,299026.0,0,0
2018-07-19,광안리,고마대구탕,0.5,73.0,16.0,False,2018-07-19,0.0,28.479166666666668,3.5277806000000003,341266.0,309453.0,2018,452240.4,347450.4,0.0,0.0,0.0,28.09583333333333,4.0555588,347233.0,302569.0,0,0
2018-07-19,광안리,썬시티모텔,0.5,75.0,0.5,False,2018-07-19,0.0,28.479166666666668,3.5277806000000003,341266.0,309453.0,2018,452240.4,347450.4,0.0,0.0,0.0,28.09583333333333,4.0555588,347233.0,302569.0,0,0
2018-07-19,광안리,투썸플레이스(비치비키니),0.5,63.0,5.0,False,2018-07-19,0.0,28.479166666666668,3.5277806000000003,341266.0,309453.0,2018,452240.4,347450.4,0.0,0.0,0.0,28.09583333333333,4.0555588,347233.0,302569.0,0,0
2018-07-19,광안리,아쿠리아팰리스호텔삼거리앞,0.5,74.0,5.0,False,2018-07-19,0.0,28.479166666666668,3.5277806000000003,341266.0,309453.0,2018,452240.4,347450.4,0.0,0.0,0.0,28.09583333333333,4.0555588,347233.0,302569.0,0,0
2018-07-19,광안리,칠성횟집(라스코스웨딩홀),0.5,148.0,0.5,False,2018-07-19,0.0,28.479166666666668,3.5277806000000003,341266.0,309453.0,2018,452240.4,347450.4,0.0,0.0,0.0,28.09583333333333,4.0555588,347233.0,302569.0,0,0
2018-07-12,광안리,고마대구탕,0.5,10.0,0.5,False,2018-07-12,0.0,26.4375,4.750003800000001,404630.0,307726.0,2018,452240.4,347450.4,0.0,0.0,3.7,26.008333333333336,3.9166698,359982.0,344468.0,0,0
2018-07-12,광안리,썬시티모텔,0.5,10.0,0.5,False,2018-07-12,0.0,26.4375,4.750003800000001,404630.0,307726.0,2018,452240.4,347450.4,0.0,0.0,3.7,26.008333333333336,3.9166698,359982.0,344468.0,0,0
2018-07-12,광안리,투썸플레이스(비치비키니),0.5,10.0,0.5,False,2018-07-12,0.0,26.4375,4.750003800000001,404630.0,307726.0,2018,452240.4,347450.4,0.0,0.0,3.7,26.008333333333336,3.9166698,359982.0,344468.0,0,0
2018-07-12,광안리,아쿠리아팰리스호텔삼거리앞,0.5,0.5,5.0,False,2018-07-12,0.0,26.4375,4.750003800000001,404630.0,307726.0,2018,452240.4,347450.4,0.0,0.0,3.7,26.008333333333336,3.9166698,359982.0,344468.0,0,0
2018-07-12,광안리,칠성횟집(라스코스웨딩홀),0.5,20.0,0.5,False,2018-07-12,0.0,26.4375,4.750003800000001,404630.0,307726.0,2018,452240.4,347450.4,0.0,0.0,3.7,26.008333333333336,3.9166698,359982.0,344468.0,0,0
2018-06-04,광안리,고마대구탕,0.5,1.0,1.0,False,2018-06-04,0.0,21.445833333333336,5.0277818000000005,323065.0,291068.0,2018,452240.4,347450.4,0.0,0.0,0.0,21.34166666666667,4.916670600000001,332425.0,284311.0,0,0
2018-06-04,광안리,썬시티모텔,0.5,1.0,1.0,False,2018-06-04,0.0,21.445833333333336,5.0277818000000005,323065.0,291068.0,2018,452240.4,347450.4,0.0,0.0,0.0,21.34166666666667,4.916670600000001,332425.0,284311.0,0,0
2018-06-04,광안리,투썸플레이스(비치비키니),0.5,10.0,1.0,False,2018-06-04,0.0,21.445833333333336,5.0277818000000005,323065.0,291068.0,2018,452240.4,347450.4,0.0,0.0,0.0,21.34166666666667,4.916670600000001,332425.0,284311.0,0,0
2018-06-04,광안리,아쿠리아팰리스호텔삼거리앞,0.5,145.0,10.0,False,2018-06-04,0.0,21.445833333333336,5.0277818000000005,323065.0,291068.0,2018,452240.4,347450.4,0.0,0.0,0.0,21.34166666666667,4.916670600000001,332425.0,284311.0,0,0
2018-06-04,광안리,칠성횟집(라스코스웨딩홀),0.5,231.0,5.0,False,2018-06-04,0.0,21.445833333333336,5.0277818000000005,323065.0,291068.0,2018,452240.4,347450.4,0.0,0.0,0.0,21.34166666666667,4.916670600000001,332425.0,284311.0,0,0
2019-09-25,광안리,A,0.0,132.0,99.0,False,2019-09-25,0.0,19.608333333333334,5.5277822,437852.0,329910.0,2019,459226.0,330243.0,0.0,6.500000000000028,161.0,18.900000000000002,2.8055578000000003,481491.0,337163.0,1,1
2019-09-25,광안리,B,0.25,52.0,0.5,False,2019-09-25,0.0,19.608333333333334,5.5277822,437852.0,329910.0,2019,459226.0,330243.0,0.0,6.500000000000028,161.0,18.900000000000002,2.8055578000000003,481491.0,337163.0,1,1
2019-09-25,광안리,C,0.5,31.0,0.5,False,2019-09-25,0.0,19.608333333333334,5.5277822,437852.0,329910.0,2019,459226.0,330243.0,0.0,6.500000000000028,161.0,18.900000000000002,2.8055578000000003,481491.0,337163.0,1,1
2019-09-25,광안리,D,0.75,41.0,10.0,False,2019-09-25,0.0,19.608333333333334,5.5277822,437852.0,329910.0,2019,459226.0,330243.0,0.0,6.500000000000028,161.0,18.900000000000002,2.8055578000000003,481491.0,337163.0,1,1
2019-09-25,광안리,E,1.0,171.0,21.0,False,2019-09-25,0.0,19.608333333333334,5.5277822,437852.0,329910.0,2019,459226.0,330243.0,0.0,6.500000000000028,161.0,18.900000000000002,2.8055578000000003,481491.0,337163.0,1,1
2019-08-20,광안리,A,0.0,10.0,38.0,False,2019-08-20,2.1,25.320833333333336,7.694450600000001,332068.0,304211.0,2019,459226.0,330243.0,2.6999999999999997,3.0000000000000284,2.9999999999999996,25.829166666666666,5.0277818000000005,339838.0,294531.0,0,0
2019-08-20,광안리,B,0.25,10.0,10.0,False,2019-08-20,2.1,25.320833333333336,7.694450600000001,332068.0,304211.0,2019,459226.0,330243.0,2.6999999999999997,3.0000000000000284,2.9999999999999996,25.829166666666666,5.0277818000000005,339838.0,294531.0,0,0
2019-08-20,광안리,C,0.5,86.0,43.0,False,2019-08-20,2.1,25.320833333333336,7.694450600000001,332068.0,304211.0,2019,459226.0,330243.0,2.6999999999999997,3.0000000000000284,2.9999999999999996,25.829166666666666,5.0277818000000005,339838.0,294531.0,0,0
2019-08-20,광안리,D,0.75,109.0,15.0,False,2019-08-20,2.1,25.320833333333336,7.694450600000001,332068.0,304211.0,2019,459226.0,330243.0,2.6999999999999997,3.0000000000000284,2.9999999999999996,25.829166666666666,5.0277818000000005,339838.0,294531.0,0,0
2019-08-20,광안리,E,1.0,292.0,32.0,False,2019-08-20,2.1,25.320833333333336,7.694450600000001,332068.0,304211.0,2019,459226.0,330243.0,2.6999999999999997,3.0000000000000284,2.9999999999999996,25.829166666666666,5.0277818000000005,339838.0,294531.0,0,0
2019-08-13,광안리,A,0.0,10.0,38.0,False,2019-08-13,0.0,28.308333333333334,6.3888940000000005,357351.0,310452.0,2019,459226.0,330243.0,0.0,0.10000000000002843,0.1,27.945833333333336,4.305559000000001,373638.0,302213.0,0,0
2019-08-13,광안리,B,0.25,10.0,10.0,False,2019-08-13,0.0,28.308333333333334,6.3888940000000005,357351.0,310452.0,2019,459226.0,330243.0,0.0,0.10000000000002843,0.1,27.945833333333336,4.305559000000001,373638.0,302213.0,0,0
2019-08-13,광안리,C,0.5,86.0,43.0,False,2019-08-13,0.0,28.308333333333334,6.3888940000000005,357351.0,310452.0,2019,459226.0,330243.0,0.0,0.10000000000002843,0.1,27.945833333333336,4.305559000000001,373638.0,302213.0,0,0
2019-08-13,광안리,D,0.75,109.0,15.0,False,2019-08-13,0.0,28.308333333333334,6.3888940000000005,357351.0,310452.0,2019,459226.0,330243.0,0.0,0.10000000000002843,0.1,27.945833333333336,4.305559000000001,373638.0,302213.0,0,0
2019-08-13,광안리,E,1.0,292.0,32.0,False,2019-08-13,0.0,28.308333333333334,6.3888940000000005,357351.0,310452.0,2019,459226.0,330243.0,0.0,0.10000000000002843,0.1,27.945833333333336,4.305559000000001,373638.0,302213.0,0,0
2019-07-30,광안리,A,0.0,0.5,22.0,False,2019-07-30,1.0,26.358333333333334,7.305561400000001,384662.0,284383.0,2019,459226.0,330243.0,1.5,5.100000000000028,23.700000000000003,25.97083333333333,5.0833374000000005,410459.0,299219.0,0,0
2019-07-30,광안리,B,0.25,30.0,67.0,False,2019-07-30,1.0,26.358333333333334,7.305561400000001,384662.0,284383.0,2019,459226.0,330243.0,1.5,5.100000000000028,23.700000000000003,25.97083333333333,5.0833374000000005,410459.0,299219.0,0,0
2019-07-30,광안리,C,0.5,41.0,10.0,False,2019-07-30,1.0,26.358333333333334,7.305561400000001,384662.0,284383.0,2019,459226.0,330243.0,1.5,5.100000000000028,23.700000000000003,25.97083333333333,5.0833374000000005,410459.0,299219.0,0,0
2019-07-30,광안리,D,0.75,41.0,79.0,False,2019-07-30,1.0,26.358333333333334,7.305561400000001,384662.0,284383.0,2019,459226.0,330243.0,1.5,5.100000000000028,23.700000000000003,25.97083333333333,5.0833374000000005,410459.0,299219.0,0,0
2019-07-30,광안리,E,1.0,110.0,480.0,True,2019-07-30,1.0,26.358333333333334,7.305561400000001,384662.0,284383.0,2019,459226.0,330243.0,1.5,5.100000000000028,23.700000000000003,25.97083333333333,5.0833374000000005,410459.0,299219.0,0,0
2019-07-16,광안리,A,0.0,0.5,286.0,True,2019-07-16,0.0,22.65833333333333,4.6388926,335173.0,279597.0,2019,459226.0,330243.0,0.30000000000000004,0.30000000000002847,2.6000000000000147,22.495833333333334,3.6388918,342608.0,304164.0,0,0
2019-07-16,광안리,B,0.25,30.0,78.0,False,2019-07-16,0.0,22.65833333333333,4.6388926,335173.0,279597.0,2019,459226.0,330243.0,0.30000000000000004,0.30000000000002847,2.6000000000000147,22.495833333333334,3.6388918,342608.0,304164.0,0,0
2019-07-16,광안리,C,0.5,20.0,26.0,False,2019-07-16,0.0,22.65833333333333,4.6388926,335173.0,279597.0,2019,459226.0,330243.0,0.30000000000000004,0.30000000000002847,2.6000000000000147,22.495833333333334,3.6388918,342608.0,304164.0,0,0
2019-07-16,광안리,D,0.75,31.0,146.0,True,2019-07-16,0.0,22.65833333333333,4.6388926,335173.0,279597.0,2019,459226.0,330243.0,0.30000000000000004,0.30000000000002847,2.6000000000000147,22.495833333333334,3.6388918,342608.0,304164.0,0,0
2019-07-16,광안리,E,1.0,0.5,49.0,False,2019-07-16,0.0,22.65833333333333,4.6388926,335173.0,279597.0,2019,459226.0,330243.0,0.30000000000000004,0.30000000000002847,2.6000000000000147,22.495833333333334,3.6388918,342608.0,304164.0,0,0
2019-07-04,광안리,A,0.0,108.0,86.0,False,2019-07-04,0.0,23.55,3.4722250000000003,386388.0,324630.0,2019,459226.0,330243.0,0.0,0.0,0.8000000000000143,21.8,3.0833358,403694.0,308538.0,0,0
2019-07-04,광안리,B,0.25,84.0,61.0,False,2019-07-04,0.0,23.55,3.4722250000000003,386388.0,324630.0,2019,459226.0,330243.0,0.0,0.0,0.8000000000000143,21.8,3.0833358,403694.0,308538.0,0,0
2019-07-04,광안리,C,0.5,41.0,37.0,False,2019-07-04,0.0,23.55,3.4722250000000003,386388.0,324630.0,2019,459226.0,330243.0,0.0,0.0,0.8000000000000143,21.8,3.0833358,403694.0,308538.0,0,0
2019-07-04,광안리,D,0.75,63.0,31.0,False,2019-07-04,0.0,23.55,3.4722250000000003,386388.0,324630.0,2019,459226.0,330243.0,0.0,0.0,0.8000000000000143,21.8,3.0833358,403694.0,308538.0,0,0
2019-07-04,광안리,E,1.0,52.0,21.0,False,2019-07-04,0.0,23.55,3.4722250000000003,386388.0,324630.0,2019,459226.0,330243.0,0.0,0.0,0.8000000000000143,21.8,3.0833358,403694.0,308538.0,0,0
2019-06-17,광안리,A,0.0,0.5,0.5,False,2019-06-17,1.2000000000000002,19.858333333333334,5.277782,312494.0,273905.0,2019,459226.0,330243.0,1.2,11.700000000000028,21.7,18.804166666666667,4.750003800000001,334383.0,264165.0,0,0
2019-06-17,광안리,B,0.25,10.0,5.0,False,2019-06-17,1.2000000000000002,19.858333333333334,5.277782,312494.0,273905.0,2019,459226.0,330243.0,1.2,11.700000000000028,21.7,18.804166666666667,4.750003800000001,334383.0,264165.0,0,0
2019-06-17,광안리,C,0.5,0.5,0.5,False,2019-06-17,1.2000000000000002,19.858333333333334,5.277782,312494.0,273905.0,2019,459226.0,330243.0,1.2,11.700000000000028,21.7,18.804166666666667,4.750003800000001,334383.0,264165.0,0,0
2019-06-17,광안리,D,0.75,10.0,0.5,False,2019-06-17,1.2000000000000002,19.858333333333334,5.277782,312494.0,273905.0,2019,459226.0,330243.0,1.2,11.700000000000028,21.7,18.804166666666667,4.750003800000001,334383.0,264165.0,0,0
2019-06-17,광안리,E,1.0,20.0,10.0,False,2019-06-17,1.2000000000000002,19.858333333333334,5.277782,312494.0,273905.0,2019,459226.0,330243.0,1.2,11.700000000000028,21.7,18.804166666666667,4.750003800000001,334383.0,264165.0,0,0
2020-09-15,광안리,,0.0,96.0,150.0,True,2020-09-15,0.5,22.054166666666664,3.333336,403854.0,366098.0,2020,476112.25,368883.5,0.0,0.20000000000002843,11.200000000000028,21.333333333333332,4.5277814,424065.0,365948.0,0,0
2020-09-15,광안리,,0.0,291.0,1191.0,True,2020-09-15,0.5,22.054166666666664,3.333336,403854.0,366098.0,2020,476112.25,368883.5,0.0,0.20000000000002843,11.200000000000028,21.333333333333332,4.5277814,424065.0,365948.0,0,0
2020-09-15,광안리,,0.0,169.0,556.0,True,2020-09-15,0.5,22.054166666666664,3.333336,403854.0,366098.0,2020,476112.25,368883.5,0.0,0.20000000000002843,11.200000000000028,21.333333333333332,4.5277814,424065.0,365948.0,0,0
2020-09-15,광안리,,0.0,10.0,15.0,False,2020-09-15,0.5,22.054166666666664,3.333336,403854.0,366098.0,2020,476112.25,368883.5,0.0,0.20000000000002843,11.200000000000028,21.333333333333332,4.5277814,424065.0,365948.0,0,0
2020-09-15,광안리,,0.0,31.0,10.0,False,2020-09-15,0.5,22.054166666666664,3.333336,403854.0,366098.0,2020,476112.25,368883.5,0.0,0.20000000000002843,11.200000000000028,21.333333333333332,4.5277814,424065.0,365948.0,0,0
2020-08-19,광안리,,0.0,246.0,37.0,False,2020-08-19,0.0,28.433333333333334,4.2222256,425772.0,362763.0,2020,476112.25,368883.5,0.0,0.0,0.0,27.78333333333333,3.694447400000001,442595.0,361275.0,0,0
2020-08-19,광안리,,0.0,121.0,26.0,False,2020-08-19,0.0,28.433333333333334,4.2222256,425772.0,362763.0,2020,476112.25,368883.5,0.0,0.0,0.0,27.78333333333333,3.694447400000001,442595.0,361275.0,0,0
2020-08-19,광안리,,0.0,108.0,10.0,False,2020-08-19,0.0,28.433333333333334,4.2222256,425772.0,362763.0,2020,476112.25,368883.5,0.0,0.0,0.0,27.78333333333333,3.694447400000001,442595.0,361275.0,0,0
2020-08-19,광안리,,0.0,292.0,10.0,False,2020-08-19,0.0,28.433333333333334,4.2222256,425772.0,362763.0,2020,476112.25,368883.5,0.0,0.0,0.0,27.78333333333333,3.694447400000001,442595.0,361275.0,0,0
2020-08-19,광안리,,0.0,96.0,10.0,False,2020-08-19,0.0,28.433333333333334,4.2222256,425772.0,362763.0,2020,476112.25,368883.5,0.0,0.0,0.0,27.78333333333333,3.694447400000001,442595.0,361275.0,0,0
2020-08-14,광안리,,0.0,144.0,21.0,False,2020-08-14,0.5,27.2625,6.861116600000001,457937.0,367288.0,2020,476112.25,368883.5,0.0,2.8000000000000287,12.900000000000022,27.150000000000002,6.666672,476373.0,363544.0,1,0
2020-08-14,광안리,,0.0,146.0,26.0,False,2020-08-14,0.5,27.2625,6.861116600000001,457937.0,367288.0,2020,476112.25,368883.5,0.0,2.8000000000000287,12.900000000000022,27.150000000000002,6.666672,476373.0,363544.0,1,0
2020-08-14,광안리,,0.0,63.0,26.0,False,2020-08-14,0.5,27.2625,6.861116600000001,457937.0,367288.0,2020,476112.25,368883.5,0.0,2.8000000000000287,12.900000000000022,27.150000000000002,6.666672,476373.0,363544.0,1,0
2020-08-14,광안리,,0.0,187.0,10.0,False,2020-08-14,0.5,27.2625,6.861116600000001,457937.0,367288.0,2020,476112.25,368883.5,0.0,2.8000000000000287,12.900000000000022,27.150000000000002,6.666672,476373.0,363544.0,1,0
2020-08-14,광안리,,0.0,86.0,15.0,False,2020-08-14,0.5,27.2625,6.861116600000001,457937.0,367288.0,2020,476112.25,368883.5,0.0,2.8000000000000287,12.900000000000022,27.150000000000002,6.666672,476373.0,363544.0,1,0
2020-08-04,광안리,,0.0,404.0,60.0,False,2020-08-04,0.6000000000000001,26.166666666666668,6.4444496,426194.0,362827.0,2020,476112.25,368883.5,1.3,1.8000000000000287,2.800000000000014,26.15416666666667,7.305561400000001,430418.0,365954.0,0,0
2020-08-04,광안리,,0.0,122.0,72.0,False,2020-08-04,0.6000000000000001,26.166666666666668,6.4444496,426194.0,362827.0,2020,476112.25,368883.5,1.3,1.8000000000000287,2.800000000000014,26.15416666666667,7.305561400000001,430418.0,365954.0,0,0
2020-08-04,광안리,,0.0,20.0,26.0,False,2020-08-04,0.6000000000000001,26.166666666666668,6.4444496,426194.0,362827.0,2020,476112.25,368883.5,1.3,1.8000000000000287,2.800000000000014,26.15416666666667,7.305561400000001,430418.0,365954.0,0,0
2020-08-04,광안리,,0.0,20.0,42.0,False,2020-08-04,0.6000000000000001,26.166666666666668,6.4444496,426194.0,362827.0,2020,476112.25,368883.5,1.3,1.8000000000000287,2.800000000000014,26.15416666666667,7.305561400000001,430418.0,365954.0,0,0
2020-08-04,광안리,,0.0,148.0,16.0,False,2020-08-04,0.6000000000000001,26.166666666666668,6.4444496,426194.0,362827.0,2020,476112.25,368883.5,1.3,1.8000000000000287,2.800000000000014,26.15416666666667,7.305561400000001,430418.0,365954.0,0,0
2020-07-21,광안리,,0.0,122.0,15.0,False,2020-07-21,16.5,24.633333333333336,3.9444476,462115.0,363760.0,2020,476112.25,368883.5,7.6,12.900000000000027,15.800000000000015,24.65416666666667,8.3888956,447945.0,366596.0,0,0
2020-07-21,광안리,,0.0,169.0,16.0,False,2020-07-21,16.5,24.633333333333336,3.9444476,462115.0,363760.0,2020,476112.25,368883.5,7.6,12.900000000000027,15.800000000000015,24.65416666666667,8.3888956,447945.0,366596.0,0,0
2020-07-21,광안리,,0.0,63.0,26.0,False,2020-07-21,16.5,24.633333333333336,3.9444476,462115.0,363760.0,2020,476112.25,368883.5,7.6,12.900000000000027,15.800000000000015,24.65416666666667,8.3888956,447945.0,366596.0,0,0
2020-07-21,광안리,,0.0,75.0,16.0,False,2020-07-21,16.5,24.633333333333336,3.9444476,462115.0,363760.0,2020,476112.25,368883.5,7.6,12.900000000000027,15.800000000000015,24.65416666666667,8.3888956,447945.0,366596.0,0,0
2020-07-21,광안리,,0.0,132.0,10.0,False,2020-07-21,16.5,24.633333333333336,3.9444476,462115.0,363760.0,2020,476112.25,368883.5,7.6,12.900000000000027,15.800000000000015,24.65416666666667,8.3888956,447945.0,366596.0,0,0
2020-07-17,광안리,,0.0,281.0,37.0,False,2020-07-17,0.0,20.525000000000002,4.611114800000001,451409.0,368518.0,2020,476112.25,368883.5,0.30000000000000004,5.400000000000028,8.900000000000015,20.170833333333334,4.5000036,458483.0,366280.0,0,0
2020-07-17,광안리,,0.0,183.0,42.0,False,2020-07-17,0.0,20.525000000000002,4.611114800000001,451409.0,368518.0,2020,476112.25,368883.5,0.30000000000000004,5.400000000000028,8.900000000000015,20.170833333333334,4.5000036,458483.0,366280.0,0,0
2020-07-17,광안리,,0.0,581.0,43.0,True,2020-07-17,0.0,20.525000000000002,4.611114800000001,451409.0,368518.0,2020,476112.25,368883.5,0.30000000000000004,5.400000000000028,8.900000000000015,20.170833333333334,4.5000036,458483.0,366280.0,0,0
2020-07-17,광안리,,0.0,443.0,79.0,False,2020-07-17,0.0,20.525000000000002,4.611114800000001,451409.0,368518.0,2020,476112.25,368883.5,0.30000000000000004,5.400000000000028,8.900000000000015,20.170833333333334,4.5000036,458483.0,366280.0,0,0
2020-07-17,광안리,,0.0,465.0,90.0,False,2020-07-17,0.0,20.525000000000002,4.611114800000001,451409.0,368518.0,2020,476112.25,368883.5,0.30000000000000004,5.400000000000028,8.900000000000015,20.170833333333334,4.5000036,458483.0,366280.0,0,0
2020-07-09,광안리,,0.0,52.0,32.0,False,2020-07-09,9.4,21.954166666666666,5.138893,348204.0,347601.0,2020,476112.25,368883.5,0.5,0.9000000000000284,5.7,23.333333333333332,2.7500022000000004,358819.0,342202.0,0,0
2020-07-09,광안리,,0.0,52.0,43.0,False,2020-07-09,9.4,21.954166666666666,5.138893,348204.0,347601.0,2020,476112.25,368883.5,0.5,0.9000000000000284,5.7,23.333333333333332,2.7500022000000004,358819.0,342202.0,0,0
2020-07-09,광안리,,0.0,31.0,42.0,False,2020-07-09,9.4,21.954166666666666,5.138893,348204.0,347601.0,2020,476112.25,368883.5,0.5,0.9000000000000284,5.7,23.333333333333332,2.7500022000000004,358819.0,342202.0,0,0
2020-07-09,광안리,,0.0,31.0,42.0,False,2020-07-09,9.4,21.954166666666666,5.138893,348204.0,347601.0,2020,476112.25,368883.5,0.5,0.9000000000000284,5.7,23.333333333333332,2.7500022000000004,358819.0,342202.0,0,0
2020-07-09,광안리,,0.0,86.0,38.0,False,2020-07-09,9.4,21.954166666666666,5.138893,348204.0,347601.0,2020,476112.25,368883.5,0.5,0.9000000000000284,5.7,23.333333333333332,2.7500022000000004,358819.0,342202.0,0,0
2020-06-17,광안리,,0.0,10.0,5.0,False,2020-06-17,0.0,20.745833333333334,3.0000024000000005,322386.0,316474.0,2020,476112.25,368883.5,0.0,0.0,32.0,21.995833333333334,5.0555596000000005,330461.0,347535.0,0,0
2020-06-17,광안리,,0.0,0.5,16.0,False,2020-06-17,0.0,20.745833333333334,3.0000024000000005,322386.0,316474.0,2020,476112.25,368883.5,0.0,0.0,32.0,21.995833333333334,5.0555596000000005,330461.0,347535.0,0,0
2020-06-17,광안리,,0.0,20.0,0.5,False,2020-06-17,0.0,20.745833333333334,3.0000024000000005,322386.0,316474.0,2020,476112.25,368883.5,0.0,0.0,32.0,21.995833333333334,5.0555596000000005,330461.0,347535.0,0,0
2020-06-17,광안리,,0.0,20.0,5.0,False,2020-06-17,0.0,20.745833333333334,3.0000024000000005,322386.0,316474.0,2020,476112.25,368883.5,0.0,0.0,32.0,21.995833333333334,5.0555596000000005,330461.0,347535.0,0,0
2020-06-17,광안리,,0.0,298.0,0.5,False,2020-06-17,0.0,20.745833333333334,3.0000024000000005,322386.0,316474.0,2020,476112.25,368883.5,0.0,0.0,32.0,21.995833333333334,5.0555596000000005,330461.0,347535.0,0,0
2021-09-29,광안리,칠성횟집,0.5,0.5,0.5,False,2021-09-29,11.100000000000001,23.1125,6.5833386,364603.0,346921.0,2021,457812.2,357402.0,3.7,4.200000000000029,4.2000000000000215,21.525000000000002,5.611115600000001,353529.0,316409.0,0,0
2021-09-29,광안리,호텔아쿠아팰리스 삼거리앞,0.5,146.0,5.0,False,2021-09-29,11.100000000000001,23.1125,6.5833386,364603.0,346921.0,2021,457812.2,357402.0,3.7,4.200000000000029,4.2000000000000215,21.525000000000002,5.611115600000001,353529.0,316409.0,0,0
2021-09-29,광안리,청담이상,0.5,189.0,5.0,False,2021-09-29,11.100000000000001,23.1125,6.5833386,364603.0,346921.0,2021,457812.2,357402.0,3.7,4.200000000000029,4.2000000000000215,21.525000000000002,5.611115600000001,353529.0,316409.0,0,0
2021-09-29,광안리,광안지웰에스테이트오피스텔,0.5,0.5,5.0,False,2021-09-29,11.100000000000001,23.1125,6.5833386,364603.0,346921.0,2021,457812.2,357402.0,3.7,4.200000000000029,4.2000000000000215,21.525000000000002,5.611115600000001,353529.0,316409.0,0,0
2021-09-29,광안리,고마대구탕,0.5,20.0,10.0,False,2021-09-29,11.100000000000001,23.1125,6.5833386,364603.0,346921.0,2021,457812.2,357402.0,3.7,4.200000000000029,4.2000000000000215,21.525000000000002,5.611115600000001,353529.0,316409.0,0,0
2021-08-31,광안리,칠성횟집,0.5,20.0,21.0,False,2021-08-31,9.4,24.541666666666668,3.305558200000001,434857.0,342158.0,2021,457812.2,357402.0,1.6999999999999997,3.100000000000028,4.800000000000021,25.59166666666667,2.6944466,440513.0,343410.0,0,0
2021-08-31,광안리,호텔아쿠아팰리스,0.5,20.0,48.0,False,2021-08-31,9.4,24.541666666666668,3.305558200000001,434857.0,342158.0,2021,457812.2,357402.0,1.6999999999999997,3.100000000000028,4.800000000000021,25.59166666666667,2.6944466,440513.0,343410.0,0,0
2021-08-31,광안리,청담이상,0.5,41.0,10.0,False,2021-08-31,9.4,24.541666666666668,3.305558200000001,434857.0,342158.0,2021,457812.2,357402.0,1.6999999999999997,3.100000000000028,4.800000000000021,25.59166666666667,2.6944466,440513.0,343410.0,0,0
2021-08-31,광안리,광안지웰에스테이트오피스텔,0.5,63.0,5.0,False,2021-08-31,9.4,24.541666666666668,3.305558200000001,434857.0,342158.0,2021,457812.2,357402.0,1.6999999999999997,3.100000000000028,4.800000000000021,25.59166666666667,2.6944466,440513.0,343410.0,0,0
2021-08-31,광안리,고마대구탕,0.5,31.0,47.0,False,2021-08-31,9.4,24.541666666666668,3.305558200000001,434857.0,342158.0,2021,457812.2,357402.0,1.6999999999999997,3.100000000000028,4.800000000000021,25.59166666666667,2.6944466,440513.0,343410.0,0,0
2021-08-03,광안리,칠성횟집(라스코스 웨딩홀),0.5,464.0,21.0,False,2021-08-03,0.4,27.241666666666664,4.722226,323725.0,306375.0,2021,457812.2,357402.0,2.3000000000000003,20.80000000000003,23.400000000000023,27.787499999999998,4.111114400000001,346994.0,307953.0,0,0
2021-08-03,광안리,호텔아쿠아팰리스 삼거리 앞,0.5,350.0,48.0,False,2021-08-03,0.4,27.241666666666664,4.722226,323725.0,306375.0,2021,457812.2,357402.0,2.3000000000000003,20.80000000000003,23.400000000000023,27.787499999999998,4.111114400000001,346994.0,307953.0,0,0
2021-08-03,광안리,청담이상,0.5,384.0,5.0,False,2021-08-03,0.4,27.241666666666664,4.722226,323725.0,306375.0,2021,457812.2,357402.0,2.3000000000000003,20.80000000000003,23.400000000000023,27.787499999999998,4.111114400000001,346994.0,307953.0,0,0
2021-08-03,광안리,광안지웰에스테이트오피스텔,0.5,689.0,32.0,True,2021-08-03,0.4,27.241666666666664,4.722226,323725.0,306375.0,2021,457812.2,357402.0,2.3000000000000003,20.80000000000003,23.400000000000023,27.787499999999998,4.111114400000001,346994.0,307953.0,0,0
2021-08-03,광안리,고마대구탕,0.5,546.0,42.0,True,2021-08-03,0.4,27.241666666666664,4.722226,323725.0,306375.0,2021,457812.2,357402.0,2.3000000000000003,20.80000000000003,23.400000000000023,27.787499999999998,4.111114400000001,346994.0,307953.0,0,0
2021-07-29,광안리,칠성횟집(라스코스 웨딩홀),0.5,52.0,5.0,False,2021-07-29,0.0,26.695833333333336,3.305558200000001,339232.0,314837.0,2021,457812.2,357402.0,0.4,0.40000000000002844,0.40000000000002134,26.441666666666666,4.750003800000001,375292.0,325683.0,0,0
2021-07-29,광안리,호텔아쿠아팰리스 삼거리 앞,0.5,10.0,5.0,False,2021-07-29,0.0,26.695833333333336,3.305558200000001,339232.0,314837.0,2021,457812.2,357402.0,0.4,0.40000000000002844,0.40000000000002134,26.441666666666666,4.750003800000001,375292.0,325683.0,0,0
2021-07-29,광안리,청담이상,0.5,52.0,0.5,False,2021-07-29,0.0,26.695833333333336,3.305558200000001,339232.0,314837.0,2021,457812.2,357402.0,0.4,0.40000000000002844,0.40000000000002134,26.441666666666666,4.750003800000001,375292.0,325683.0,0,0
2021-07-29,광안리,광안지웰에스테이트오피스텔,0.5,98.0,0.5,False,2021-07-29,0.0,26.695833333333336,3.305558200000001,339232.0,314837.0,2021,457812.2,357402.0,0.4,0.40000000000002844,0.40000000000002134,26.441666666666666,4.750003800000001,375292.0,325683.0,0,0
2021-07-29,광안리,고마대구탕,0.5,63.0,0.5,False,2021-07-29,0.0,26.695833333333336,3.305558200000001,339232.0,314837.0,2021,457812.2,357402.0,0.4,0.40000000000002844,0.40000000000002134,26.441666666666666,4.750003800000001,375292.0,325683.0,0,0
2021-07-22,광안리,칠성횟집(라스코스 웨딩홀 앞),0.5,41.0,5.0,False,2021-07-22,0.0,26.304166666666664,6.555560800000001,388442.0,325781.0,2021,457812.2,357402.0,0.0,0.30000000000002847,6.2000000000000215,26.291666666666668,6.833338800000001,389796.0,331826.0,0,0
2021-07-22,광안리,호텔아쿠아팰리스 삼거리 앞,0.5,10.0,0.5,False,2021-07-22,0.0,26.304166666666664,6.555560800000001,388442.0,325781.0,2021,457812.2,357402.0,0.0,0.30000000000002847,6.2000000000000215,26.291666666666668,6.833338800000001,389796.0,331826.0,0,0
2021-07-22,광안리,청담이상,0.5,10.0,21.0,False,2021-07-22,0.0,26.304166666666664,6.555560800000001,388442.0,325781.0,2021,457812.2,357402.0,0.0,0.30000000000002847,6.2000000000000215,26.291666666666668,6.833338800000001,389796.0,331826.0,0,0
2021-07-22,광안리,광안지웰에스테이트오피스텔,0.5,0.5,5.0,False,2021-07-22,0.0,26.304166666666664,6.555560800000001,388442.0,325781.0,2021,457812.2,357402.0,0.0,0.30000000000002847,6.2000000000000215,26.291666666666668,6.833338800000001,389796.0,331826.0,0,0
2021-07-22,광안리,고마대구탕,0.5,0.5,0.5,False,2021-07-22,0.0,26.304166666666664,6.555560800000001,388442.0,325781.0,2021,457812.2,357402.0,0.0,0.30000000000002847,6.2000000000000215,26.291666666666668,6.833338800000001,389796.0,331826.0,0,0
2021-07-15,광안리,칠성횟집(라스코스 웨딩홀),0.5,3255.0,54.0,True,2021-07-15,3.3,26.641666666666666,3.2777804000000006,443806.0,355496.0,2021,457812.2,357402.0,2.7,4.800000000000029,6.800000000000022,26.558333333333334,4.7777816,456245.0,350294.0,0,0
2021-06-08,광안리,칠성횟집(라스코스 웨딩홀),0.5,0.5,5.0,False,2021-06-08,0.0,21.787499999999998,3.7777808,327097.0,289896.0,2021,457812.2,357402.0,0.0,0.0,0.0,21.275000000000002,4.944448400000001,339128.0,313039.0,0,0
2021-06-08,광안리,호텔아쿠아팰리스 삼거리 앞,0.5,0.5,0.5,False,2021-06-08,0.0,21.787499999999998,3.7777808,327097.0,289896.0,2021,457812.2,357402.0,0.0,0.0,0.0,21.275000000000002,4.944448400000001,339128.0,313039.0,0,0
2021-06-08,광안리,청담이상,0.5,0.5,0.5,False,2021-06-08,0.0,21.787499999999998,3.7777808,327097.0,289896.0,2021,457812.2,357402.0,0.0,0.0,0.0,21.275000000000002,4.944448400000001,339128.0,313039.0,0,0
2021-06-08,광안리,광안지웰에스테이트오피스텔,0.5,10.0,5.0,False,2021-06-08,0.0,21.787499999999998,3.7777808,327097.0,289896.0,2021,457812.2,357402.0,0.0,0.0,0.0,21.275000000000002,4.944448400000001,339128.0,313039.0,0,0
2021-06-08,광안리,고마대구탕,0.5,0.5,0.5,False,2021-06-08,0.0,21.787499999999998,3.7777808,327097.0,289896.0,2021,457812.2,357402.0,0.0,0.0,0.0,21.275000000000002,4.944448400000001,339128.0,313039.0,0,0
2021-07-15,광안리,호텔아쿠아팰리스 삼거리 앞,0.5,5794.0,55.0,True,2021-07-15,3.3,26.641666666666666,3.2777804000000006,443806.0,355496.0,2021,457812.2,357402.0,2.7,4.800000000000029,6.800000000000022,26.558333333333334,4.7777816,456245.0,350294.0,0,0
2021-07-15,광안리,청담이상,0.5,3448.0,116.0,True,2021-07-15,3.3,26.641666666666666,3.2777804000000006,443806.0,355496.0,2021,457812.2,357402.0,2.7,4.800000000000029,6.800000000000022,26.558333333333334,4.7777816,456245.0,350294.0,0,0
2021-07-15,광안리,광안지웰에스테이트오피스텔,0.5,3076.0,16.0,True,2021-07-15,3.3,26.641666666666666,3.2777804000000006,443806.0,355496.0,2021,457812.2,357402.0,2.7,4.800000000000029,6.800000000000022,26.558333333333334,4.7777816,456245.0,350294.0,0,0
2021-07-15,광안리,고마대구탕,0.5,1334.0,21.0,True,2021-07-15,3.3,26.641666666666666,3.2777804000000006,443806.0,355496.0,2021,457812.2,357402.0,2.7,4.800000000000029,6.800000000000022,26.558333333333334,4.7777816,456245.0,350294.0,0,0
2022-09-26,광안리,칠성횟집,0.5,10.0,0.5,False,2022-09-26,0.9,20.008333333333333,3.611114,341051.0,341706.0,2022,412083.2,342240.4,0.2,0.20000000000002843,0.20000000000001422,19.570833333333333,5.166670800000001,320237.0,333618.0,0,0
2022-09-26,광안리,호텔아쿠아팰리스 앞,0.5,0.5,0.5,False,2022-09-26,0.9,20.008333333333333,3.611114,341051.0,341706.0,2022,412083.2,342240.4,0.2,0.20000000000002843,0.20000000000001422,19.570833333333333,5.166670800000001,320237.0,333618.0,0,0
2022-09-26,광안리,청담이상,0.5,0.5,0.5,False,2022-09-26,0.9,20.008333333333333,3.611114,341051.0,341706.0,2022,412083.2,342240.4,0.2,0.20000000000002843,0.20000000000001422,19.570833333333333,5.166670800000001,320237.0,333618.0,0,0
2022-09-26,광안리,광안지웰에스테이트오피스텔,0.5,10.0,0.5,False,2022-09-26,0.9,20.008333333333333,3.611114,341051.0,341706.0,2022,412083.2,342240.4,0.2,0.20000000000002843,0.20000000000001422,19.570833333333333,5.166670800000001,320237.0,333618.0,0,0
2022-09-26,광안리,고마대구탕,0.5,0.5,0.5,False,2022-09-26,0.9,20.008333333333333,3.611114,341051.0,341706.0,2022,412083.2,342240.4,0.2,0.20000000000002843,0.20000000000001422,19.570833333333333,5.166670800000001,320237.0,333618.0,0,0
2022-08-30,광안리,칠성횟집,0.5,10.0,10.0,False,2022-08-30,7.6,22.9375,5.361115400000001,350995.0,333552.0,2022,412083.2,342240.4,0.0,0.0,0.0,23.229166666666668,4.3888924000000005,348795.0,336419.0,0,0
2022-08-30,광안리,아쿠아팰리스 삼거리앞,0.5,20.0,0.5,False,2022-08-30,7.6,22.9375,5.361115400000001,350995.0,333552.0,2022,412083.2,342240.4,0.0,0.0,0.0,23.229166666666668,4.3888924000000005,348795.0,336419.0,0,0
2022-08-30,광안리,청담이상,0.5,41.0,10.0,False,2022-08-30,7.6,22.9375,5.361115400000001,350995.0,333552.0,2022,412083.2,342240.4,0.0,0.0,0.0,23.229166666666668,4.3888924000000005,348795.0,336419.0,0,0
2022-08-30,광안리,광안지웰에스테이트오피스텔,0.5,31.0,26.0,False,2022-08-30,7.6,22.9375,5.361115400000001,350995.0,333552.0,2022,412083.2,342240.4,0.0,0.0,0.0,23.229166666666668,4.3888924000000005,348795.0,336419.0,0,0
2022-08-30,광안리,고마대구탕,0.5,74.0,15.0,False,2022-08-30,7.6,22.9375,5.361115400000001,350995.0,333552.0,2022,412083.2,342240.4,0.0,0.0,0.0,23.229166666666668,4.3888924000000005,348795.0,336419.0,0,0
2022-08-16,광안리,칠성횟집,0.5,10.0,15.0,False,2022-08-16,10.0,26.520833333333332,7.555561600000001,389890.0,319927.0,2022,412083.2,342240.4,1.0,5.400000000000029,10.400000000000013,28.445833333333336,8.9722294,356616.0,318800.0,0,0
2022-08-16,광안리,호텔아쿠아팰리스 삼거리앞,0.5,0.5,26.0,False,2022-08-16,10.0,26.520833333333332,7.555561600000001,389890.0,319927.0,2022,412083.2,342240.4,1.0,5.400000000000029,10.400000000000013,28.445833333333336,8.9722294,356616.0,318800.0,0,0
2022-08-16,광안리,청담이상,0.5,0.5,10.0,False,2022-08-16,10.0,26.520833333333332,7.555561600000001,389890.0,319927.0,2022,412083.2,342240.4,1.0,5.400000000000029,10.400000000000013,28.445833333333336,8.9722294,356616.0,318800.0,0,0
2022-08-16,광안리,광안지웰에스테이트오피스텔,0.5,10.0,0.5,False,2022-08-16,10.0,26.520833333333332,7.555561600000001,389890.0,319927.0,2022,412083.2,342240.4,1.0,5.400000000000029,10.400000000000013,28.445833333333336,8.9722294,356616.0,318800.0,0,0
2022-08-16,광안리,고마대구탕,0.5,0.5,10.0,False,2022-08-16,10.0,26.520833333333332,7.555561600000001,389890.0,319927.0,2022,412083.2,342240.4,1.0,5.400000000000029,10.400000000000013,28.445833333333336,8.9722294,356616.0,318800.0,0,0
2022-08-09,광안리,칠성횟집,0.5,0.5,5.0,False,2022-08-09,0.0,27.650000000000002,7.4166726,322786.0,322913.0,2022,412083.2,342240.4,0.0,0.6000000000000284,4.500000000000014,28.474999999999998,7.0833390000000005,337496.0,314394.0,0,0
2022-08-09,광안리,호텔아쿠아팰리스 삼거리앞,0.5,0.5,0.5,False,2022-08-09,0.0,27.650000000000002,7.4166726,322786.0,322913.0,2022,412083.2,342240.4,0.0,0.6000000000000284,4.500000000000014,28.474999999999998,7.0833390000000005,337496.0,314394.0,0,0
2022-08-09,광안리,청담이상,0.5,0.5,0.5,False,2022-08-09,0.0,27.650000000000002,7.4166726,322786.0,322913.0,2022,412083.2,342240.4,0.0,0.6000000000000284,4.500000000000014,28.474999999999998,7.0833390000000005,337496.0,314394.0,0,0
2022-08-09,광안리,광안지웰에스테이트오피스텔,0.5,0.5,5.0,False,2022-08-09,0.0,27.650000000000002,7.4166726,322786.0,322913.0,2022,412083.2,342240.4,0.0,0.6000000000000284,4.500000000000014,28.474999999999998,7.0833390000000005,337496.0,314394.0,0,0
2022-08-09,광안리,고마대구탕,0.5,0.5,0.5,False,2022-08-09,0.0,27.650000000000002,7.4166726,322786.0,322913.0,2022,412083.2,342240.4,0.0,0.6000000000000284,4.500000000000014,28.474999999999998,7.0833390000000005,337496.0,314394.0,0,0
2022-08-03,광안리,칠성횟집,0.5,0.5,0.5,False,2022-08-03,3.8,27.083333333333332,6.833338800000001,428802.0,323072.0,2022,412083.2,342240.4,13.7,17.800000000000026,23.900000000000013,26.583333333333332,8.138895400000001,369851.0,324218.0,0,0
2022-08-03,광안리,호텔아쿠아팰리스 삼거리앞,0.5,10.0,0.5,False,2022-08-03,3.8,27.083333333333332,6.833338800000001,428802.0,323072.0,2022,412083.2,342240.4,13.7,17.800000000000026,23.900000000000013,26.583333333333332,8.138895400000001,369851.0,324218.0,0,0
2022-08-03,광안리,청담이상,0.5,0.5,0.5,False,2022-08-03,3.8,27.083333333333332,6.833338800000001,428802.0,323072.0,2022,412083.2,342240.4,13.7,17.800000000000026,23.900000000000013,26.583333333333332,8.138895400000001,369851.0,324218.0,0,0
2022-08-03,광안리,광안지웰에스테이트오피스텔,0.5,20.0,0.5,False,2022-08-03,3.8,27.083333333333332,6.833338800000001,428802.0,323072.0,2022,412083.2,342240.4,13.7,17.800000000000026,23.900000000000013,26.583333333333332,8.138895400000001,369851.0,324218.0,0,0
2022-08-03,광안리,고마대구탕,0.5,0.5,86.0,False,2022-08-03,3.8,27.083333333333332,6.833338800000001,428802.0,323072.0,2022,412083.2,342240.4,13.7,17.800000000000026,23.900000000000013,26.583333333333332,8.138895400000001,369851.0,324218.0,0,0
2022-07-26,광안리,칠성횟집,0.5,2046.0,146.0,True,2022-07-26,0.1,24.45,4.6388926,411168.0,319183.0,2022,412083.2,342240.4,1.5,20.400000000000027,21.200000000000014,24.833333333333332,4.138892200000001,412312.0,317563.0,1,0
2022-07-26,광안리,호텔아쿠아팰리스 삼거리 앞,0.5,452.0,42.0,False,2022-07-26,0.1,24.45,4.6388926,411168.0,319183.0,2022,412083.2,342240.4,1.5,20.400000000000027,21.200000000000014,24.833333333333332,4.138892200000001,412312.0,317563.0,1,0
2022-07-26,광안리,청담이상,0.5,855.0,54.0,True,2022-07-26,0.1,24.45,4.6388926,411168.0,319183.0,2022,412083.2,342240.4,1.5,20.400000000000027,21.200000000000014,24.833333333333332,4.138892200000001,412312.0,317563.0,1,0
2022-07-26,광안리,광안지웰에스테이트오피스텔,0.5,259.0,16.0,False,2022-07-26,0.1,24.45,4.6388926,411168.0,319183.0,2022,412083.2,342240.4,1.5,20.400000000000027,21.200000000000014,24.833333333333332,4.138892200000001,412312.0,317563.0,1,0
2022-07-26,광안리,고마대구탕,0.5,295.0,10.0,False,2022-07-26,0.1,24.45,4.6388926,411168.0,319183.0,2022,412083.2,342240.4,1.5,20.400000000000027,21.200000000000014,24.833333333333332,4.138892200000001,412312.0,317563.0,1,0
2022-07-20,광안리,칠성횟집,0.5,6867.0,42.0,True,2022-07-20,0.7,26.233333333333334,5.1111152,402284.0,321519.0,2022,412083.2,342240.4,3.9,87.80000000000004,88.00000000000003,24.945833333333336,3.1388914000000003,465008.0,321456.0,1,0
2022-07-20,광안리,호텔아쿠아팰리스 삼거리 앞,0.5,1017.0,10.0,True,2022-07-20,0.7,26.233333333333334,5.1111152,402284.0,321519.0,2022,412083.2,342240.4,3.9,87.80000000000004,88.00000000000003,24.945833333333336,3.1388914000000003,465008.0,321456.0,1,0
2022-07-20,광안리,청담이상,0.5,473.0,10.0,False,2022-07-20,0.7,26.233333333333334,5.1111152,402284.0,321519.0,2022,412083.2,342240.4,3.9,87.80000000000004,88.00000000000003,24.945833333333336,3.1388914000000003,465008.0,321456.0,1,0
2022-07-20,광안리,광안지웰에스테이트 오피스텔,0.5,489.0,10.0,False,2022-07-20,0.7,26.233333333333334,5.1111152,402284.0,321519.0,2022,412083.2,342240.4,3.9,87.80000000000004,88.00000000000003,24.945833333333336,3.1388914000000003,465008.0,321456.0,1,0
2022-07-20,광안리,고마대구탕,0.5,657.0,5.0,True,2022-07-20,0.7,26.233333333333334,5.1111152,402284.0,321519.0,2022,412083.2,342240.4,3.9,87.80000000000004,88.00000000000003,24.945833333333336,3.1388914000000003,465008.0,321456.0,1,0
2022-07-08,광안리,B,0.25,10.0,41.0,False,2022-07-08,6.699999999999999,26.5,6.194449400000001,335020.0,340126.0,2022,412083.2,342240.4,1.2000000000000002,4.600000000000032,8.800000000000017,26.870833333333334,5.416671000000001,315958.0,332120.0,0,0
2022-07-08,광안리,C,0.5,0.5,41.0,False,2022-07-08,6.699999999999999,26.5,6.194449400000001,335020.0,340126.0,2022,412083.2,342240.4,1.2000000000000002,4.600000000000032,8.800000000000017,26.870833333333334,5.416671000000001,315958.0,332120.0,0,0
2022-07-08,광안리,A,0.0,10.0,74.0,False,2022-07-08,6.699999999999999,26.5,6.194449400000001,335020.0,340126.0,2022,412083.2,342240.4,1.2000000000000002,4.600000000000032,8.800000000000017,26.870833333333334,5.416671000000001,315958.0,332120.0,0,0
2022-07-08,광안리,B,0.25,16.0,41.0,False,2022-07-08,6.699999999999999,26.5,6.194449400000001,335020.0,340126.0,2022,412083.2,342240.4,1.2000000000000002,4.600000000000032,8.800000000000017,26.870833333333334,5.416671000000001,315958.0,332120.0,0,0
2022-07-08,광안리,C,0.5,5.0,41.0,False,2022-07-08,6.699999999999999,26.5,6.194449400000001,335020.0,340126.0,2022,412083.2,342240.4,1.2000000000000002,4.600000000000032,8.800000000000017,26.870833333333334,5.416671000000001,315958.0,332120.0,0,0
2022-06-13,광안리,칠성횟집,0.5,10.0,0.5,False,2022-06-13,0.8,18.620833333333334,8.1666732,327638.0,317502.0,2022,412083.2,342240.4,0.0,0.10000000000002854,0.10000000000001422,19.033333333333335,6.7222276,315765.0,300500.0,0,0
2022-06-13,광안리,호텔아쿠아팰리스,0.5,0.5,0.5,False,2022-06-13,0.8,18.620833333333334,8.1666732,327638.0,317502.0,2022,412083.2,342240.4,0.0,0.10000000000002854,0.10000000000001422,19.033333333333335,6.7222276,315765.0,300500.0,0,0
2022-06-13,광안리,청담이상,0.5,0.5,0.5,False,2022-06-13,0.8,18.620833333333334,8.1666732,327638.0,317502.0,2022,412083.2,342240.4,0.0,0.10000000000002854,0.10000000000001422,19.033333333333335,6.7222276,315765.0,300500.0,0,0
2022-06-13,광안리,광안지웰에스테이트오피스텔,0.5,0.5,0.5,False,2022-06-13,0.8,18.620833333333334,8.1666732,327638.0,317502.0,2022,412083.2,342240.4,0.0,0.10000000000002854,0.10000000000001422,19.033333333333335,6.7222276,315765.0,300500.0,0,0
2022-06-13,광안리,고마대구탕,0.5,20.0,0.5,False,2022-06-13,0.8,18.620833333333334,8.1666732,327638.0,317502.0,2022,412083.2,342240.4,0.0,0.10000000000002854,0.10000000000001422,19.033333333333335,6.7222276,315765.0,300500.0,0,0
2023-09-12,광안리,칠성횟집,0.5,20.0,5.0,False,2023-09-12,0.30000000000000004,24.745833333333334,2.6111132,382897.0,336058.0,2023,444413.0,340584.8,1.4000000000000001,1.4000000000000428,1.4000000000000286,24.195833333333336,3.694447400000001,385036.0,337854.0,0,0
2023-09-12,광안리,호텔아쿠아팰리스 삼거리앞,0.5,134.0,16.0,False,2023-09-12,0.30000000000000004,24.745833333333334,2.6111132,382897.0,336058.0,2023,444413.0,340584.8,1.4000000000000001,1.4000000000000428,1.4000000000000286,24.195833333333336,3.694447400000001,385036.0,337854.0,0,0
2023-09-12,광안리,청담이상,0.5,74.0,0.5,False,2023-09-12,0.30000000000000004,24.745833333333334,2.6111132,382897.0,336058.0,2023,444413.0,340584.8,1.4000000000000001,1.4000000000000428,1.4000000000000286,24.195833333333336,3.694447400000001,385036.0,337854.0,0,0
2023-09-12,광안리,광안지웰에스테이트오피스텔,0.5,0.5,0.5,False,2023-09-12,0.30000000000000004,24.745833333333334,2.6111132,382897.0,336058.0,2023,444413.0,340584.8,1.4000000000000001,1.4000000000000428,1.4000000000000286,24.195833333333336,3.694447400000001,385036.0,337854.0,0,0
2023-09-12,광안리,고마대구탕,0.5,0.5,5.0,False,2023-09-12,0.30000000000000004,24.745833333333334,2.6111132,382897.0,336058.0,2023,444413.0,340584.8,1.4000000000000001,1.4000000000000428,1.4000000000000286,24.195833333333336,3.694447400000001,385036.0,337854.0,0,0
2023-08-23,광안리,칠성횟집,0.5,3873.0,281.0,True,2023-08-23,3.5,27.508333333333336,6.0833382,392033.0,336687.0,2023,444413.0,340584.8,3.4,3.4000000000000425,8.80000000000003,27.266666666666666,5.1944486,412969.0,336474.0,0,0
2023-08-23,광안리,호텔아쿠팰리스 삼거리앞 ,0.5,3448.0,285.0,True,2023-08-23,3.5,27.508333333333336,6.0833382,392033.0,336687.0,2023,444413.0,340584.8,3.4,3.4000000000000425,8.80000000000003,27.266666666666666,5.1944486,412969.0,336474.0,0,0
2023-08-23,광안리,청담이상,0.5,5794.0,347.0,True,2023-08-23,3.5,27.508333333333336,6.0833382,392033.0,336687.0,2023,444413.0,340584.8,3.4,3.4000000000000425,8.80000000000003,27.266666666666666,5.1944486,412969.0,336474.0,0,0
2023-08-23,광안리,광안지웰에스테이트오피스텔,0.5,5794.0,503.0,True,2023-08-23,3.5,27.508333333333336,6.0833382,392033.0,336687.0,2023,444413.0,340584.8,3.4,3.4000000000000425,8.80000000000003,27.266666666666666,5.1944486,412969.0,336474.0,0,0
2023-08-23,광안리,고마대구탕 ,0.5,6131.0,329.0,True,2023-08-23,3.5,27.508333333333336,6.0833382,392033.0,336687.0,2023,444413.0,340584.8,3.4,3.4000000000000425,8.80000000000003,27.266666666666666,5.1944486,412969.0,336474.0,0,0
2023-08-16,광안리,칠성횟집,0.5,5172.0,4332.0,True,2023-08-16,0.30000000000000004,24.866666666666664,2.8333356,404824.0,332380.0,2023,444413.0,340584.8,0.0,0.0,0.0,25.96666666666667,6.194449400000001,421728.0,335540.0,0,0
2023-08-16,광안리,호텔아쿠팰리스 삼거리앞 ,0.5,4352.0,3066.0,True,2023-08-16,0.30000000000000004,24.866666666666664,2.8333356,404824.0,332380.0,2023,444413.0,340584.8,0.0,0.0,0.0,25.96666666666667,6.194449400000001,421728.0,335540.0,0,0
2023-08-16,광안리,청담이상,0.5,4106.0,3244.0,True,2023-08-16,0.30000000000000004,24.866666666666664,2.8333356,404824.0,332380.0,2023,444413.0,340584.8,0.0,0.0,0.0,25.96666666666667,6.194449400000001,421728.0,335540.0,0,0
2023-08-16,광안리,광안지웰에스테이트오피스텔,0.5,3873.0,1494.0,True,2023-08-16,0.30000000000000004,24.866666666666664,2.8333356,404824.0,332380.0,2023,444413.0,340584.8,0.0,0.0,0.0,25.96666666666667,6.194449400000001,421728.0,335540.0,0,0
2023-08-16,광안리,고마대구탕 ,0.5,4884.0,1937.0,True,2023-08-16,0.30000000000000004,24.866666666666664,2.8333356,404824.0,332380.0,2023,444413.0,340584.8,0.0,0.0,0.0,25.96666666666667,6.194449400000001,421728.0,335540.0,0,0
2023-08-01,광안리,칠성횟집,0.5,134.0,37.0,False,2023-08-01,0.0,27.858333333333334,3.8333364000000008,383089.0,334302.0,2023,444413.0,340584.8,0.0,0.0,0.0,28.070833333333336,3.7777808,413663.0,332207.0,0,0
2023-08-01,광안리,호텔아쿠팰리스 삼거리앞 ,0.5,3076.0,229.0,True,2023-08-01,0.0,27.858333333333334,3.8333364000000008,383089.0,334302.0,2023,444413.0,340584.8,0.0,0.0,0.0,28.070833333333336,3.7777808,413663.0,332207.0,0,0
2023-08-01,광안리,청담이상,0.5,776.0,66.0,True,2023-08-01,0.0,27.858333333333334,3.8333364000000008,383089.0,334302.0,2023,444413.0,340584.8,0.0,0.0,0.0,28.070833333333336,3.7777808,413663.0,332207.0,0,0
2023-08-01,광안리,광안지웰에스테이트오피스텔,0.5,2755.0,116.0,True,2023-08-01,0.0,27.858333333333334,3.8333364000000008,383089.0,334302.0,2023,444413.0,340584.8,0.0,0.0,0.0,28.070833333333336,3.7777808,413663.0,332207.0,0,0
2023-08-01,광안리,고마대구탕 ,0.5,2143.0,68.0,True,2023-08-01,0.0,27.858333333333334,3.8333364000000008,383089.0,334302.0,2023,444413.0,340584.8,0.0,0.0,0.0,28.070833333333336,3.7777808,413663.0,332207.0,0,0
2023-08-28,광안리,칠성횟집,0.5,0.5,5.0,False,2023-08-28,0.8,25.895833333333332,6.805561000000001,404224.0,337734.0,2023,444413.0,340584.8,0.5,0.5000000000000426,0.9000000000000284,25.608333333333334,6.2222272,418391.0,314148.0,0,0
2023-08-28,광안리,호텔아쿠아팰리스,0.5,0.5,0.5,False,2023-08-28,0.8,25.895833333333332,6.805561000000001,404224.0,337734.0,2023,444413.0,340584.8,0.5,0.5000000000000426,0.9000000000000284,25.608333333333334,6.2222272,418391.0,314148.0,0,0
2023-08-28,광안리,청담 이상,0.5,0.5,5.0,False,2023-08-28,0.8,25.895833333333332,6.805561000000001,404224.0,337734.0,2023,444413.0,340584.8,0.5,0.5000000000000426,0.9000000000000284,25.608333333333334,6.2222272,418391.0,314148.0,0,0
2023-08-28,광안리,광안 지웰에스테이트 오피스텔,0.5,0.5,0.5,False,2023-08-28,0.8,25.895833333333332,6.805561000000001,404224.0,337734.0,2023,444413.0,340584.8,0.5,0.5000000000000426,0.9000000000000284,25.608333333333334,6.2222272,418391.0,314148.0,0,0
2023-08-28,광안리,고마 대구탕,0.5,0.5,15.0,False,2023-08-28,0.8,25.895833333333332,6.805561000000001,404224.0,337734.0,2023,444413.0,340584.8,0.5,0.5000000000000426,0.9000000000000284,25.608333333333334,6.2222272,418391.0,314148.0,0,0
2023-08-08,광안리,칠성횟집,0.5,0.5,15.0,False,2023-08-08,0.0,27.8625,9.333340800000002,348140.0,335045.0,2023,444413.0,340584.8,0.0,0.10000000000003553,0.10000000000002843,28.96666666666667,7.7222284,339911.0,334035.0,0,0
2023-08-08,광안리,호텔아쿠아팰리스 삼거리 앞,0.5,32.0,10.0,False,2023-08-08,0.0,27.8625,9.333340800000002,348140.0,335045.0,2023,444413.0,340584.8,0.0,0.10000000000003553,0.10000000000002843,28.96666666666667,7.7222284,339911.0,334035.0,0,0
2023-08-08,광안리,청담이상,0.5,26.0,0.5,False,2023-08-08,0.0,27.8625,9.333340800000002,348140.0,335045.0,2023,444413.0,340584.8,0.0,0.10000000000003553,0.10000000000002843,28.96666666666667,7.7222284,339911.0,334035.0,0,0
2023-08-08,광안리,광안지웰에스테이트오피스텔,0.5,26.0,0.5,False,2023-08-08,0.0,27.8625,9.333340800000002,348140.0,335045.0,2023,444413.0,340584.8,0.0,0.10000000000003553,0.10000000000002843,28.96666666666667,7.7222284,339911.0,334035.0,0,0
2023-08-08,광안리,고마대구탕,0.5,0.5,0.5,False,2023-08-08,0.0,27.8625,9.333340800000002,348140.0,335045.0,2023,444413.0,340584.8,0.0,0.10000000000003553,0.10000000000002843,28.96666666666667,7.7222284,339911.0,334035.0,0,0
2023-07-10,광안리,칠성횟집,0.5,275.0,10.0,False,2023-07-10,1.4,24.46666666666667,6.7222276,394034.0,318857.0,2023,444413.0,340584.8,5.9,32.80000000000005,54.40000000000002,23.945833333333336,6.0833382,401365.0,316885.0,0,0
2023-07-17,광안리,호텔아쿠아팰리스 삼거리앞,0.5,323.0,10.0,False,2023-07-17,5.7,25.816666666666666,6.138893800000001,440362.0,335213.0,2023,444413.0,340584.8,40.8,47.900000000000034,67.60000000000002,24.479166666666668,7.527783800000001,449763.0,339788.0,1,0
2023-07-10,광안리,청담이상,0.5,211.0,10.0,False,2023-07-10,1.4,24.46666666666667,6.7222276,394034.0,318857.0,2023,444413.0,340584.8,5.9,32.80000000000005,54.40000000000002,23.945833333333336,6.0833382,401365.0,316885.0,0,0
2023-07-10,광안리,광안지웰에스테이트오피스텔,0.5,228.0,10.0,False,2023-07-10,1.4,24.46666666666667,6.7222276,394034.0,318857.0,2023,444413.0,340584.8,5.9,32.80000000000005,54.40000000000002,23.945833333333336,6.0833382,401365.0,316885.0,0,0
2023-07-10,광안리,고마대구탕,0.5,309.0,10.0,False,2023-07-10,1.4,24.46666666666667,6.7222276,394034.0,318857.0,2023,444413.0,340584.8,5.9,32.80000000000005,54.40000000000002,23.945833333333336,6.0833382,401365.0,316885.0,0,0
2023-06-07,광안리,칠성횟집,0.5,31.0,1.0,False,2023-06-07,0.0,20.170833333333334,4.4722258,342368.0,320174.0,2023,444413.0,340584.8,0.1,0.10000000000004264,0.10000000000001422,19.183333333333334,4.277781200000001,343917.0,328607.0,0,0
2023-06-07,광안리,호텔아쿠아팰리스 삼거리앞,0.5,20.0,1.0,False,2023-06-07,0.0,20.170833333333334,4.4722258,342368.0,320174.0,2023,444413.0,340584.8,0.1,0.10000000000004264,0.10000000000001422,19.183333333333334,4.277781200000001,343917.0,328607.0,0,0
2023-06-07,광안리,청담이상,0.5,1.0,1.0,False,2023-06-07,0.0,20.170833333333334,4.4722258,342368.0,320174.0,2023,444413.0,340584.8,0.1,0.10000000000004264,0.10000000000001422,19.183333333333334,4.277781200000001,343917.0,328607.0,0,0
2023-06-07,광안리,광안지웰에스테이트오피스텔,0.5,1.0,1.0,False,2023-06-07,0.0,20.170833333333334,4.4722258,342368.0,320174.0,2023,444413.0,340584.8,0.1,0.10000000000004264,0.10000000000001422,19.183333333333334,4.277781200000001,343917.0,328607.0,0,0
2023-06-07,광안리,고마대구탕,0.5,1.0,21.0,False,2023-06-07,0.0,20.170833333333334,4.4722258,342368.0,320174.0,2023,444413.0,340584.8,0.1,0.10000000000004264,0.10000000000001422,19.183333333333334,4.277781200000001,343917.0,328607.0,0,0
2023-06-07,광안리,칠성횟집,0.5,31.0,1.0,False,2023-06-07,0.0,20.170833333333334,4.4722258,342368.0,320174.0,2023,444413.0,340584.8,0.1,0.10000000000004264,0.10000000000001422,19.183333333333334,4.277781200000001,343917.0,328607.0,0,0
2023-06-07,광안리,호텔아쿠아팰리스 삼거리앞,0.5,20.0,1.0,False,2023-06-07,0.0,20.170833333333334,4.4722258,342368.0,320174.0,2023,444413.0,340584.8,0.1,0.10000000000004264,0.10000000000001422,19.183333333333334,4.277781200000001,343917.0,328607.0,0,0
2023-06-07,광안리,청담이상,0.5,1.0,1.0,False,2023-06-07,0.0,20.170833333333334,4.4722258,342368.0,320174.0,2023,444413.0,340584.8,0.1,0.10000000000004264,0.10000000000001422,19.183333333333334,4.277781200000001,343917.0,328607.0,0,0
2023-06-07,광안리,광안지웰에스테이트오피스텔,0.5,1.0,1.0,False,2023-06-07,0.0,20.170833333333334,4.4722258,342368.0,320174.0,2023,444413.0,340584.8,0.1,0.10000000000004264,0.10000000000001422,19.183333333333334,4.277781200000001,343917.0,328607.0,0,0
2023-06-07,광안리,고마대구탕,0.5,1.0,21.0,False,2023-06-07,0.0,20.170833333333334,4.4722258,342368.0,320174.0,2023,444413.0,340584.8,0.1,0.10000000000004264,0.10000000000001422,19.183333333333334,4.277781200000001,343917.0,328607.0,0,0
2024-09-05,광안리,칠성횟집,0.5,0.5,0.5,False,2024-09-05,0.0,25.291666666666668,4.305559000000001,356876.0,339120.0,2024,418786.0,391379.0,0.0,0.7000000000000427,2.9000000000000288,24.575,5.9444492,349549.0,346534.0,0,0
2024-09-05,광안리,호텔아쿠아펠리스 삼거리 앞,0.5,122.0,15.5,False,2024-09-05,0.0,25.291666666666668,4.305559000000001,356876.0,339120.0,2024,418786.0,391379.0,0.0,0.7000000000000427,2.9000000000000288,24.575,5.9444492,349549.0,346534.0,0,0
2024-09-05,광안리,청담이상,0.5,0.5,0.5,False,2024-09-05,0.0,25.291666666666668,4.305559000000001,356876.0,339120.0,2024,418786.0,391379.0,0.0,0.7000000000000427,2.9000000000000288,24.575,5.9444492,349549.0,346534.0,0,0
2024-09-05,광안리,광안지웰에스테이트 오피스텔,0.5,0.5,0.5,False,2024-09-05,0.0,25.291666666666668,4.305559000000001,356876.0,339120.0,2024,418786.0,391379.0,0.0,0.7000000000000427,2.9000000000000288,24.575,5.9444492,349549.0,346534.0,0,0
2024-09-05,광안리,고마대구탕,0.5,0.5,5.0,False,2024-09-05,0.0,25.291666666666668,4.305559000000001,356876.0,339120.0,2024,418786.0,391379.0,0.0,0.7000000000000427,2.9000000000000288,24.575,5.9444492,349549.0,346534.0,0,0
2024-08-20,광안리,칠성횟집,0.5,10.0,5.0,False,2024-08-20,26.9,27.6375,7.305561400000001,429611.0,384984.0,2024,418786.0,391379.0,2.0,2.0000000000000426,2.4000000000000288,28.429166666666664,4.8333372,351046.0,354476.0,0,0
2024-08-20,광안리,호텔아쿠아팰리스 삼거리 앞,0.5,0.5,0.5,False,2024-08-20,26.9,27.6375,7.305561400000001,429611.0,384984.0,2024,418786.0,391379.0,2.0,2.0000000000000426,2.4000000000000288,28.429166666666664,4.8333372,351046.0,354476.0,0,0
2024-08-20,광안리,청담이상,0.5,10.0,5.0,False,2024-08-20,26.9,27.6375,7.305561400000001,429611.0,384984.0,2024,418786.0,391379.0,2.0,2.0000000000000426,2.4000000000000288,28.429166666666664,4.8333372,351046.0,354476.0,0,0
2024-08-20,광안리,광안지웰에스테이트 오피스텔,0.5,0.5,0.5,False,2024-08-20,26.9,27.6375,7.305561400000001,429611.0,384984.0,2024,418786.0,391379.0,2.0,2.0000000000000426,2.4000000000000288,28.429166666666664,4.8333372,351046.0,354476.0,0,0
2024-08-20,광안리,고마대구탕 ,0.5,10.0,0.5,False,2024-08-20,26.9,27.6375,7.305561400000001,429611.0,384984.0,2024,418786.0,391379.0,2.0,2.0000000000000426,2.4000000000000288,28.429166666666664,4.8333372,351046.0,354476.0,0,0
2024-08-06,광안리,칠성횟집,0.5,31.0,10.0,False,2024-08-06,3.1,27.620833333333334,3.0277802000000005,360268.0,354917.0,2024,418786.0,391379.0,0.0,0.8000000000000427,5.100000000000029,27.733333333333334,3.8333364000000008,362525.0,340297.0,0,0
2024-08-06,광안리,호텔아쿠아팰리스 삼거리 앞,0.5,86.0,1.0,False,2024-08-06,3.1,27.620833333333334,3.0277802000000005,360268.0,354917.0,2024,418786.0,391379.0,0.0,0.8000000000000427,5.100000000000029,27.733333333333334,3.8333364000000008,362525.0,340297.0,0,0
2024-08-06,광안리,청담이상,0.5,161.0,26.0,False,2024-08-06,3.1,27.620833333333334,3.0277802000000005,360268.0,354917.0,2024,418786.0,391379.0,0.0,0.8000000000000427,5.100000000000029,27.733333333333334,3.8333364000000008,362525.0,340297.0,0,0
2024-08-06,광안리,광안지웰에스테이트 오피스텔,0.5,359.0,141.0,True,2024-08-06,3.1,27.620833333333334,3.0277802000000005,360268.0,354917.0,2024,418786.0,391379.0,0.0,0.8000000000000427,5.100000000000029,27.733333333333334,3.8333364000000008,362525.0,340297.0,0,0
2024-08-06,광안리,고마대구탕,0.5,315.0,49.0,False,2024-08-06,3.1,27.620833333333334,3.0277802000000005,360268.0,354917.0,2024,418786.0,391379.0,0.0,0.8000000000000427,5.100000000000029,27.733333333333334,3.8333364000000008,362525.0,340297.0,0,0
2024-07-23,광안리,칠성횟집,0.5,20.0,0.5,False,2024-07-23,3.0,26.96666666666667,7.000005600000001,393890.0,371822.0,2024,418786.0,391379.0,0.5,0.9000000000000427,9.80000000000003,26.941666666666666,6.861116600000001,393066.0,387434.0,0,0
2024-07-23,광안리,호텔아쿠아팰리스 삼거리 앞,0.5,0.5,5.0,False,2024-07-23,3.0,26.96666666666667,7.000005600000001,393890.0,371822.0,2024,418786.0,391379.0,0.5,0.9000000000000427,9.80000000000003,26.941666666666666,6.861116600000001,393066.0,387434.0,0,0
2024-07-23,광안리,청담이상,0.5,0.5,0.5,False,2024-07-23,3.0,26.96666666666667,7.000005600000001,393890.0,371822.0,2024,418786.0,391379.0,0.5,0.9000000000000427,9.80000000000003,26.941666666666666,6.861116600000001,393066.0,387434.0,0,0
2024-07-23,광안리,광안지웰에스테이트 오피스텔,0.5,31.0,10.0,False,2024-07-23,3.0,26.96666666666667,7.000005600000001,393890.0,371822.0,2024,418786.0,391379.0,0.5,0.9000000000000427,9.80000000000003,26.941666666666666,6.861116600000001,393066.0,387434.0,0,0
2024-07-23,광안리,고마대구탕 ,0.5,0.5,5.0,False,2024-07-23,3.0,26.96666666666667,7.000005600000001,393890.0,371822.0,2024,418786.0,391379.0,0.5,0.9000000000000427,9.80000000000003,26.941666666666666,6.861116600000001,393066.0,387434.0,0,0
2024-07-09,광안리,칠성횟집,0.5,128.0,1314.0,True,2024-07-09,18.6,24.483333333333334,8.277784400000002,374574.0,349494.0,2024,418786.0,391379.0,0.4,0.5000000000000426,0.7000000000000285,24.77916666666667,8.611118000000001,367126.0,359177.0,0,0
2024-07-09,광안리,호텔아쿠아팰리스 삼거리 앞,0.5,49.0,565.0,True,2024-07-09,18.6,24.483333333333334,8.277784400000002,374574.0,349494.0,2024,418786.0,391379.0,0.4,0.5000000000000426,0.7000000000000285,24.77916666666667,8.611118000000001,367126.0,359177.0,0,0
2024-07-09,광안리,청담이상,0.5,0.5,41.0,False,2024-07-09,18.6,24.483333333333334,8.277784400000002,374574.0,349494.0,2024,418786.0,391379.0,0.4,0.5000000000000426,0.7000000000000285,24.77916666666667,8.611118000000001,367126.0,359177.0,0,0
2024-07-09,광안리,광안지웰에스테이트 오피스텔,0.5,5.0,52.0,False,2024-07-09,18.6,24.483333333333334,8.277784400000002,374574.0,349494.0,2024,418786.0,391379.0,0.4,0.5000000000000426,0.7000000000000285,24.77916666666667,8.611118000000001,367126.0,359177.0,0,0
2024-07-09,광안리,고마대구탕,0.5,10.0,231.0,True,2024-07-09,18.6,24.483333333333334,8.277784400000002,374574.0,349494.0,2024,418786.0,391379.0,0.4,0.5000000000000426,0.7000000000000285,24.77916666666667,8.611118000000001,367126.0,359177.0,0,0
2024-07-02,광안리,칠성횟집,0.5,237.0,2014.0,True,2024-07-02,34.2,23.570833333333336,7.8333396,420477.0,387866.0,2024,418786.0,391379.0,0.6000000000000001,42.600000000000044,117.70000000000002,24.191666666666666,4.888892800000001,408675.0,387519.0,0,0
2024-07-02,광안리,호텔아쿠아팰리스 삼거리 앞 ,0.5,61.0,529.0,True,2024-07-02,34.2,23.570833333333336,7.8333396,420477.0,387866.0,2024,418786.0,391379.0,0.6000000000000001,42.600000000000044,117.70000000000002,24.191666666666666,4.888892800000001,408675.0,387519.0,0,0
2024-07-02,광안리,청담이상,0.5,10.0,85.0,False,2024-07-02,34.2,23.570833333333336,7.8333396,420477.0,387866.0,2024,418786.0,391379.0,0.6000000000000001,42.600000000000044,117.70000000000002,24.191666666666666,4.888892800000001,408675.0,387519.0,0,0
2024-07-02,광안리,광안지웰에스테이트 오피스텔,0.5,107.0,480.0,True,2024-07-02,34.2,23.570833333333336,7.8333396,420477.0,387866.0,2024,418786.0,391379.0,0.6000000000000001,42.600000000000044,117.70000000000002,24.191666666666666,4.888892800000001,408675.0,387519.0,0,0
2024-07-02,광안리,마대구탕,0.5,292.0,1918.0,True,2024-07-02,34.2,23.570833333333336,7.8333396,420477.0,387866.0,2024,418786.0,391379.0,0.6000000000000001,42.600000000000044,117.70000000000002,24.191666666666666,4.888892800000001,408675.0,387519.0,0,0
2024-06-05,광안리,칠성횟집,0.5,0.5,10.0,False,2024-06-05,0.0,18.133333333333333,4.444448,317331.0,311281.0,2024,418786.0,391379.0,0.0,0.7000000000000427,2.5000000000000284,17.8,6.6388942,324059.0,312251.0,0,0
2024-06-05,광안리,호텔아쿠아팰리스 삼거리 앞,0.5,0.5,0.5,False,2024-06-05,0.0,18.133333333333333,4.444448,317331.0,311281.0,2024,418786.0,391379.0,0.0,0.7000000000000427,2.5000000000000284,17.8,6.6388942,324059.0,312251.0,0,0
2024-06-05,광안리,청담이상,0.5,10.0,0.5,False,2024-06-05,0.0,18.133333333333333,4.444448,317331.0,311281.0,2024,418786.0,391379.0,0.0,0.7000000000000427,2.5000000000000284,17.8,6.6388942,324059.0,312251.0,0,0
2024-06-05,광안리,광안지웰에스테이트 오피스텔,0.5,0.5,20.0,False,2024-06-05,0.0,18.133333333333333,4.444448,317331.0,311281.0,2024,418786.0,391379.0,0.0,0.7000000000000427,2.5000000000000284,17.8,6.6388942,324059.0,312251.0,0,0
2024-06-05,광안리,고마대구탕,0.5,0.5,0.5,False,2024-06-05,0.0,18.133333333333333,4.444448,317331.0,311281.0,2024,418786.0,391379.0,0.0,0.7000000000000427,2.5000000000000284,17.8,6.6388942,324059.0,312251.0,0,0
2025-09-11,광안리,칠성횟집,0.5,249.0,38.0,False,2025-09-11,0.1,24.079166666666666,7.6666728000000015,340163.0,311455.0,2025,415838.60000000003,344902.2,19.599999999999998,39.00000000000006,39.20000000000003,23.150000000000002,5.2222264,334762.0,311062.0,0,0
2025-09-11,광안리,칠성횟집,0.5,305.0,119.0,True,2025-09-11,0.1,24.079166666666666,7.6666728000000015,340163.0,311455.0,2025,415838.60000000003,344902.2,19.599999999999998,39.00000000000006,39.20000000000003,23.150000000000002,5.2222264,334762.0,311062.0,0,0
2025-09-11,광안리,호텔아쿠아펠리스 삼거리,0.5,414.0,38.0,False,2025-09-11,0.1,24.079166666666666,7.6666728000000015,340163.0,311455.0,2025,415838.60000000003,344902.2,19.599999999999998,39.00000000000006,39.20000000000003,23.150000000000002,5.2222264,334762.0,311062.0,0,0
2025-09-11,광안리,호텔아쿠아펠리스 삼거리,0.5,350.0,49.0,False,2025-09-11,0.1,24.079166666666666,7.6666728000000015,340163.0,311455.0,2025,415838.60000000003,344902.2,19.599999999999998,39.00000000000006,39.20000000000003,23.150000000000002,5.2222264,334762.0,311062.0,0,0
2025-09-11,광안리,청담이상,0.5,156.0,61.0,False,2025-09-11,0.1,24.079166666666666,7.6666728000000015,340163.0,311455.0,2025,415838.60000000003,344902.2,19.599999999999998,39.00000000000006,39.20000000000003,23.150000000000002,5.2222264,334762.0,311062.0,0,0
2025-09-11,광안리,청담이상,0.5,389.0,61.0,False,2025-09-11,0.1,24.079166666666666,7.6666728000000015,340163.0,311455.0,2025,415838.60000000003,344902.2,19.599999999999998,39.00000000000006,39.20000000000003,23.150000000000002,5.2222264,334762.0,311062.0,0,0
2025-09-11,광안리,광안지웰에스테이트 오피스텔,0.5,395.0,60.0,False,2025-09-11,0.1,24.079166666666666,7.6666728000000015,340163.0,311455.0,2025,415838.60000000003,344902.2,19.599999999999998,39.00000000000006,39.20000000000003,23.150000000000002,5.2222264,334762.0,311062.0,0,0
2025-09-11,광안리,광안지웰에스테이트 오피스텔,0.5,309.0,49.0,False,2025-09-11,0.1,24.079166666666666,7.6666728000000015,340163.0,311455.0,2025,415838.60000000003,344902.2,19.599999999999998,39.00000000000006,39.20000000000003,23.150000000000002,5.2222264,334762.0,311062.0,0,0
2025-09-11,광안리,고마대구탕,0.5,355.0,86.0,False,2025-09-11,0.1,24.079166666666666,7.6666728000000015,340163.0,311455.0,2025,415838.60000000003,344902.2,19.599999999999998,39.00000000000006,39.20000000000003,23.150000000000002,5.2222264,334762.0,311062.0,0,0
2025-09-11,광안리,고마대구탕,0.5,384.0,66.0,False,2025-09-11,0.1,24.079166666666666,7.6666728000000015,340163.0,311455.0,2025,415838.60000000003,344902.2,19.599999999999998,39.00000000000006,39.20000000000003,23.150000000000002,5.2222264,334762.0,311062.0,0,0
2025-08-27,광안리,칠성횟집,0.5,63.0,10.0,False,2025-08-27,2.2,27.258333333333336,3.972225400000001,345172.0,316613.0,2025,415838.60000000003,344902.2,0.30000000000000004,0.6000000000000001,1.4000000000000283,28.441666666666666,6.3611162000000006,358867.0,318036.0,0,0
2025-08-27,광안리,칠성횟집,0.5,41.0,21.0,False,2025-08-27,2.2,27.258333333333336,3.972225400000001,345172.0,316613.0,2025,415838.60000000003,344902.2,0.30000000000000004,0.6000000000000001,1.4000000000000283,28.441666666666666,6.3611162000000006,358867.0,318036.0,0,0
2025-08-27,광안리,호텔아쿠아펠리스 삼거리 ,0.5,0.5,21.0,False,2025-08-27,2.2,27.258333333333336,3.972225400000001,345172.0,316613.0,2025,415838.60000000003,344902.2,0.30000000000000004,0.6000000000000001,1.4000000000000283,28.441666666666666,6.3611162000000006,358867.0,318036.0,0,0
2025-08-27,광안리,호텔아쿠아펠리스 삼거리 ,0.5,10.0,5.0,False,2025-08-27,2.2,27.258333333333336,3.972225400000001,345172.0,316613.0,2025,415838.60000000003,344902.2,0.30000000000000004,0.6000000000000001,1.4000000000000283,28.441666666666666,6.3611162000000006,358867.0,318036.0,0,0
2025-08-27,광안리,청담이상,0.5,0.5,38.0,False,2025-08-27,2.2,27.258333333333336,3.972225400000001,345172.0,316613.0,2025,415838.60000000003,344902.2,0.30000000000000004,0.6000000000000001,1.4000000000000283,28.441666666666666,6.3611162000000006,358867.0,318036.0,0,0
2025-08-27,광안리,청담이상,0.5,20.0,5.0,False,2025-08-27,2.2,27.258333333333336,3.972225400000001,345172.0,316613.0,2025,415838.60000000003,344902.2,0.30000000000000004,0.6000000000000001,1.4000000000000283,28.441666666666666,6.3611162000000006,358867.0,318036.0,0,0
2025-08-27,광안리,광안지웰에스테이트 오피스텔,0.5,10.0,0.5,False,2025-08-27,2.2,27.258333333333336,3.972225400000001,345172.0,316613.0,2025,415838.60000000003,344902.2,0.30000000000000004,0.6000000000000001,1.4000000000000283,28.441666666666666,6.3611162000000006,358867.0,318036.0,0,0
2025-08-27,광안리,광안지웰에스테이트 오피스텔,0.5,10.0,0.5,False,2025-08-27,2.2,27.258333333333336,3.972225400000001,345172.0,316613.0,2025,415838.60000000003,344902.2,0.30000000000000004,0.6000000000000001,1.4000000000000283,28.441666666666666,6.3611162000000006,358867.0,318036.0,0,0
2025-08-27,광안리,고마대구탕 ,0.5,10.0,0.5,False,2025-08-27,2.2,27.258333333333336,3.972225400000001,345172.0,316613.0,2025,415838.60000000003,344902.2,0.30000000000000004,0.6000000000000001,1.4000000000000283,28.441666666666666,6.3611162000000006,358867.0,318036.0,0,0
2025-08-27,광안리,고마대구탕 ,0.5,10.0,49.0,False,2025-08-27,2.2,27.258333333333336,3.972225400000001,345172.0,316613.0,2025,415838.60000000003,344902.2,0.30000000000000004,0.6000000000000001,1.4000000000000283,28.441666666666666,6.3611162000000006,358867.0,318036.0,0,0
2025-08-13,광안리,칠성횟집,0.5,473.0,60.0,False,2025-08-13,1.9,26.641666666666666,5.5277822,433435.0,350422.0,2025,415838.60000000003,344902.2,34.6,72.50000000000006,145.00000000000003,22.441666666666666,3.750003,431457.0,349748.0,1,1
2025-08-13,광안리,칠성횟집,0.5,377.0,72.0,False,2025-08-13,1.9,26.641666666666666,5.5277822,433435.0,350422.0,2025,415838.60000000003,344902.2,34.6,72.50000000000006,145.00000000000003,22.441666666666666,3.750003,431457.0,349748.0,1,1
2025-08-13,광안리,청담이상,0.5,581.0,95.0,True,2025-08-13,1.9,26.641666666666666,5.5277822,433435.0,350422.0,2025,415838.60000000003,344902.2,34.6,72.50000000000006,145.00000000000003,22.441666666666666,3.750003,431457.0,349748.0,1,1
2025-08-13,광안리,청담이상,0.5,269.0,77.0,False,2025-08-13,1.9,26.641666666666666,5.5277822,433435.0,350422.0,2025,415838.60000000003,344902.2,34.6,72.50000000000006,145.00000000000003,22.441666666666666,3.750003,431457.0,349748.0,1,1
2025-08-13,광안리,광안지웰에스테이트 오피스텔,0.5,910.0,118.0,True,2025-08-13,1.9,26.641666666666666,5.5277822,433435.0,350422.0,2025,415838.60000000003,344902.2,34.6,72.50000000000006,145.00000000000003,22.441666666666666,3.750003,431457.0,349748.0,1,1
2025-08-13,광안리,광안지웰에스테이트 오피스텔,0.5,812.0,144.0,True,2025-08-13,1.9,26.641666666666666,5.5277822,433435.0,350422.0,2025,415838.60000000003,344902.2,34.6,72.50000000000006,145.00000000000003,22.441666666666666,3.750003,431457.0,349748.0,1,1
2025-08-13,광안리,고마대구탕,0.5,30.0,10.0,False,2025-08-13,1.9,26.641666666666666,5.5277822,433435.0,350422.0,2025,415838.60000000003,344902.2,34.6,72.50000000000006,145.00000000000003,22.441666666666666,3.750003,431457.0,349748.0,1,1
2025-08-13,광안리,고마대구탕,0.5,197.0,37.0,False,2025-08-13,1.9,26.641666666666666,5.5277822,433435.0,350422.0,2025,415838.60000000003,344902.2,34.6,72.50000000000006,145.00000000000003,22.441666666666666,3.750003,431457.0,349748.0,1,1
2025-07-30,광안리,칠성횟집,0.5,0.5,5.0,False,2025-07-30,0.0,28.391666666666666,4.138892200000001,350461.0,318168.0,2025,415838.60000000003,344902.2,0.0,0.0,0.0,28.645833333333332,3.5000028000000003,346660.0,317960.0,0,0
2025-07-30,광안리,칠성횟집,0.5,0.5,5.0,False,2025-07-30,0.0,28.391666666666666,4.138892200000001,350461.0,318168.0,2025,415838.60000000003,344902.2,0.0,0.0,0.0,28.645833333333332,3.5000028000000003,346660.0,317960.0,0,0
2025-07-30,광안리,호텔아쿠아펠리스 삼거리,0.5,0.5,16.0,False,2025-07-30,0.0,28.391666666666666,4.138892200000001,350461.0,318168.0,2025,415838.60000000003,344902.2,0.0,0.0,0.0,28.645833333333332,3.5000028000000003,346660.0,317960.0,0,0
2025-07-30,광안리,호텔아쿠아펠리스 삼거리,0.5,0.5,5.0,False,2025-07-30,0.0,28.391666666666666,4.138892200000001,350461.0,318168.0,2025,415838.60000000003,344902.2,0.0,0.0,0.0,28.645833333333332,3.5000028000000003,346660.0,317960.0,0,0
2025-07-30,광안리,청담이상,0.5,20.0,10.0,False,2025-07-30,0.0,28.391666666666666,4.138892200000001,350461.0,318168.0,2025,415838.60000000003,344902.2,0.0,0.0,0.0,28.645833333333332,3.5000028000000003,346660.0,317960.0,0,0
2025-07-30,광안리,청담이상,0.5,0.5,10.0,False,2025-07-30,0.0,28.391666666666666,4.138892200000001,350461.0,318168.0,2025,415838.60000000003,344902.2,0.0,0.0,0.0,28.645833333333332,3.5000028000000003,346660.0,317960.0,0,0
2025-07-30,광안리,광인지웰에스테이트 오피스텔,0.5,20.0,21.0,False,2025-07-30,0.0,28.391666666666666,4.138892200000001,350461.0,318168.0,2025,415838.60000000003,344902.2,0.0,0.0,0.0,28.645833333333332,3.5000028000000003,346660.0,317960.0,0,0
2025-07-30,광안리,광인지웰에스테이트 오피스텔,0.5,10.0,48.0,False,2025-07-30,0.0,28.391666666666666,4.138892200000001,350461.0,318168.0,2025,415838.60000000003,344902.2,0.0,0.0,0.0,28.645833333333332,3.5000028000000003,346660.0,317960.0,0,0
2025-07-30,광안리,고마대구탕,0.5,10.0,10.0,False,2025-07-30,0.0,28.391666666666666,4.138892200000001,350461.0,318168.0,2025,415838.60000000003,344902.2,0.0,0.0,0.0,28.645833333333332,3.5000028000000003,346660.0,317960.0,0,0
2025-07-30,광안리,고마대구탕,0.5,10.0,5.0,False,2025-07-30,0.0,28.391666666666666,4.138892200000001,350461.0,318168.0,2025,415838.60000000003,344902.2,0.0,0.0,0.0,28.645833333333332,3.5000028000000003,346660.0,317960.0,0,0
2025-07-14,광안리,칠성횟집,0.5,0.5,5.0,False,2025-07-14,43.8,23.641666666666666,4.027781,405354.0,347633.0,2025,415838.60000000003,344902.2,28.1,28.10000000000006,28.10000000000003,25.479166666666668,3.9444476,348961.0,316875.0,0,0
2025-07-14,광안리,칠성횟집,0.5,20.0,5.0,False,2025-07-14,43.8,23.641666666666666,4.027781,405354.0,347633.0,2025,415838.60000000003,344902.2,28.1,28.10000000000006,28.10000000000003,25.479166666666668,3.9444476,348961.0,316875.0,0,0
2025-07-14,광안리,호텔아쿠아펠리스 삼거리 앞,0.5,10.0,0.5,False,2025-07-14,43.8,23.641666666666666,4.027781,405354.0,347633.0,2025,415838.60000000003,344902.2,28.1,28.10000000000006,28.10000000000003,25.479166666666668,3.9444476,348961.0,316875.0,0,0
2025-07-14,광안리,호텔아쿠아펠리스 삼거리 앞,0.5,0.5,5.0,False,2025-07-14,43.8,23.641666666666666,4.027781,405354.0,347633.0,2025,415838.60000000003,344902.2,28.1,28.10000000000006,28.10000000000003,25.479166666666668,3.9444476,348961.0,316875.0,0,0
2025-07-14,광안리,청담이상,0.5,0.5,0.5,False,2025-07-14,43.8,23.641666666666666,4.027781,405354.0,347633.0,2025,415838.60000000003,344902.2,28.1,28.10000000000006,28.10000000000003,25.479166666666668,3.9444476,348961.0,316875.0,0,0
2025-07-14,광안리,청담이상,0.5,0.5,5.0,False,2025-07-14,43.8,23.641666666666666,4.027781,405354.0,347633.0,2025,415838.60000000003,344902.2,28.1,28.10000000000006,28.10000000000003,25.479166666666668,3.9444476,348961.0,316875.0,0,0
2025-07-14,광안리,광안지웰에스테이트 오피스텔,0.5,0.5,0.5,False,2025-07-14,43.8,23.641666666666666,4.027781,405354.0,347633.0,2025,415838.60000000003,344902.2,28.1,28.10000000000006,28.10000000000003,25.479166666666668,3.9444476,348961.0,316875.0,0,0
2025-07-14,광안리,광안지웰에스테이트 오피스텔,0.5,0.5,0.5,False,2025-07-14,43.8,23.641666666666666,4.027781,405354.0,347633.0,2025,415838.60000000003,344902.2,28.1,28.10000000000006,28.10000000000003,25.479166666666668,3.9444476,348961.0,316875.0,0,0
2025-07-14,광안리,고마대구탕 ,0.5,0.5,5.0,False,2025-07-14,43.8,23.641666666666666,4.027781,405354.0,347633.0,2025,415838.60000000003,344902.2,28.1,28.10000000000006,28.10000000000003,25.479166666666668,3.9444476,348961.0,316875.0,0,0
2025-07-14,광안리,고마대구탕 ,0.5,0.5,0.5,False,2025-07-14,43.8,23.641666666666666,4.027781,405354.0,347633.0,2025,415838.60000000003,344902.2,28.1,28.10000000000006,28.10000000000003,25.479166666666668,3.9444476,348961.0,316875.0,0,0
2025-07-04,광안리,칠성횟집,0.5,10.0,0.5,False,2025-07-04,0.0,28.054166666666664,5.6944490000000005,350353.0,324540.0,2025,415838.60000000003,344902.2,0.0,0.0,0.0,28.579166666666666,5.000004000000001,347614.0,327337.0,0,0
2025-07-04,광안리,칠성횟집,0.5,0.5,0.5,False,2025-07-04,0.0,28.054166666666664,5.6944490000000005,350353.0,324540.0,2025,415838.60000000003,344902.2,0.0,0.0,0.0,28.579166666666666,5.000004000000001,347614.0,327337.0,0,0
2025-07-04,광안리,호텔아쿠아펠리스 삼거리 앞,0.5,0.5,0.5,False,2025-07-04,0.0,28.054166666666664,5.6944490000000005,350353.0,324540.0,2025,415838.60000000003,344902.2,0.0,0.0,0.0,28.579166666666666,5.000004000000001,347614.0,327337.0,0,0
2025-07-04,광안리,호텔아쿠아펠리스 삼거리 앞,0.5,0.5,0.5,False,2025-07-04,0.0,28.054166666666664,5.6944490000000005,350353.0,324540.0,2025,415838.60000000003,344902.2,0.0,0.0,0.0,28.579166666666666,5.000004000000001,347614.0,327337.0,0,0
2025-07-04,광안리,청담이상,0.5,0.5,0.5,False,2025-07-04,0.0,28.054166666666664,5.6944490000000005,350353.0,324540.0,2025,415838.60000000003,344902.2,0.0,0.0,0.0,28.579166666666666,5.000004000000001,347614.0,327337.0,0,0
2025-07-04,광안리,청담이상,0.5,0.5,0.5,False,2025-07-04,0.0,28.054166666666664,5.6944490000000005,350353.0,324540.0,2025,415838.60000000003,344902.2,0.0,0.0,0.0,28.579166666666666,5.000004000000001,347614.0,327337.0,0,0
2025-07-04,광안리,광안지웰에스테이트 오피스텔,0.5,0.5,0.5,False,2025-07-04,0.0,28.054166666666664,5.6944490000000005,350353.0,324540.0,2025,415838.60000000003,344902.2,0.0,0.0,0.0,28.579166666666666,5.000004000000001,347614.0,327337.0,0,0
2025-07-04,광안리,광안지웰에스테이트 오피스텔,0.5,0.5,0.5,False,2025-07-04,0.0,28.054166666666664,5.6944490000000005,350353.0,324540.0,2025,415838.60000000003,344902.2,0.0,0.0,0.0,28.579166666666666,5.000004000000001,347614.0,327337.0,0,0
2025-07-04,광안리,고마대구탕,0.5,0.5,0.5,False,2025-07-04,0.0,28.054166666666664,5.6944490000000005,350353.0,324540.0,2025,415838.60000000003,344902.2,0.0,0.0,0.0,28.579166666666666,5.000004000000001,347614.0,327337.0,0,0
2025-07-04,광안리,고마대구탕,0.5,0.5,0.5,False,2025-07-04,0.0,28.054166666666664,5.6944490000000005,350353.0,324540.0,2025,415838.60000000003,344902.2,0.0,0.0,0.0,28.579166666666666,5.000004000000001,347614.0,327337.0,0,0
2025-06-13,광안리,칠성횟집,0.5,10.0,10.0,False,2025-06-13,6.7,19.920833333333334,2.7500022000000004,331905.0,239629.0,2025,415838.60000000003,344902.2,0.0,0.0,0.10000000000002843,21.383333333333336,3.1388914000000003,333600.0,325300.0,0,0
2025-06-13,광안리,칠성횟집,0.5,0.5,5.0,False,2025-06-13,6.7,19.920833333333334,2.7500022000000004,331905.0,239629.0,2025,415838.60000000003,344902.2,0.0,0.0,0.10000000000002843,21.383333333333336,3.1388914000000003,333600.0,325300.0,0,0
2025-06-13,광안리,칠성횟집,0.5,0.5,0.5,False,2025-06-13,6.7,19.920833333333334,2.7500022000000004,331905.0,239629.0,2025,415838.60000000003,344902.2,0.0,0.0,0.10000000000002843,21.383333333333336,3.1388914000000003,333600.0,325300.0,0,0
2025-06-13,광안리,칠성횟집,0.5,10.0,0.5,False,2025-06-13,6.7,19.920833333333334,2.7500022000000004,331905.0,239629.0,2025,415838.60000000003,344902.2,0.0,0.0,0.10000000000002843,21.383333333333336,3.1388914000000003,333600.0,325300.0,0,0
2025-06-13,광안리,청담이상,0.5,0.5,0.5,False,2025-06-13,6.7,19.920833333333334,2.7500022000000004,331905.0,239629.0,2025,415838.60000000003,344902.2,0.0,0.0,0.10000000000002843,21.383333333333336,3.1388914000000003,333600.0,325300.0,0,0
2025-06-13,광안리,청담이상,0.5,0.5,0.5,False,2025-06-13,6.7,19.920833333333334,2.7500022000000004,331905.0,239629.0,2025,415838.60000000003,344902.2,0.0,0.0,0.10000000000002843,21.383333333333336,3.1388914000000003,333600.0,325300.0,0,0
2025-06-13,광안리,광안지웰에스테이트 오피스텔,0.5,10.0,0.5,False,2025-06-13,6.7,19.920833333333334,2.7500022000000004,331905.0,239629.0,2025,415838.60000000003,344902.2,0.0,0.0,0.10000000000002843,21.383333333333336,3.1388914000000003,333600.0,325300.0,0,0
2025-06-13,광안리,광안지웰에스테이트 오피스텔,0.5,0.5,15.0,False,2025-06-13,6.7,19.920833333333334,2.7500022000000004,331905.0,239629.0,2025,415838.60000000003,344902.2,0.0,0.0,0.10000000000002843,21.383333333333336,3.1388914000000003,333600.0,325300.0,0,0
2025-06-13,광안리,고마대구탕,0.5,0.5,0.5,False,2025-06-13,6.7,19.920833333333334,2.7500022000000004,331905.0,239629.0,2025,415838.60000000003,344902.2,0.0,0.0,0.10000000000002843,21.383333333333336,3.1388914000000003,333600.0,325300.0,0,0
2025-06-13,광안리,고마대구탕,0.5,31.0,5.0,False,2025-06-13,6.7,19.920833333333334,2.7500022000000004,331905.0,239629.0,2025,415838.60000000003,344902.2,0.0,0.0,0.10000000000002843,21.383333333333336,3.1388914000000003,333600.0,325300.0,0,0
2026-06-10,광안리,칠성횟집,0.5,0.5,0.5,False,2026-06-10,0.7000000000000001,21.474999999999998,4.5277814,296116.0,306172.0,2026,385851.79999999993,352266.6,0.7,2.400000000000057,4.400000000000029,19.329166666666666,3.8055586,297849.0,301353.0,0,0
2026-06-10,광안리,호텔아쿠아펠리스 삼거리,0.5,5.0,0.5,False,2026-06-10,0.7000000000000001,21.474999999999998,4.5277814,296116.0,306172.0,2026,385851.79999999993,352266.6,0.7,2.400000000000057,4.400000000000029,19.329166666666666,3.8055586,297849.0,301353.0,0,0
2026-06-10,광안리,청담이상,0.5,0.5,0.5,False,2026-06-10,0.7000000000000001,21.474999999999998,4.5277814,296116.0,306172.0,2026,385851.79999999993,352266.6,0.7,2.400000000000057,4.400000000000029,19.329166666666666,3.8055586,297849.0,301353.0,0,0
2026-06-10,광안리,광안지웰에스테이트 오피스텔,0.5,0.5,0.5,False,2026-06-10,0.7000000000000001,21.474999999999998,4.5277814,296116.0,306172.0,2026,385851.79999999993,352266.6,0.7,2.400000000000057,4.400000000000029,19.329166666666666,3.8055586,297849.0,301353.0,0,0
2026-06-10,광안리,고마대구탕,0.5,0.5,0.5,False,2026-06-10,0.7000000000000001,21.474999999999998,4.5277814,296116.0,306172.0,2026,385851.79999999993,352266.6,0.7,2.400000000000057,4.400000000000029,19.329166666666666,3.8055586,297849.0,301353.0,0,0
