date,해운대해수욕장_정점명,해운대해수욕장_정점코드,해운대해수욕장_유속(cm/s),해운대해수욕장_유향(deg),해운대해수욕장_수온(℃),해운대해수욕장_염분(PSU),해운대해수욕장_유의파고(m),해운대해수욕장_유의파주기(sec),해운대해수욕장_최대파고(m),해운대해수욕장_최대파주기(sec),해운대해수욕장_풍속(m/s),해운대해수욕장_풍향(deg),해운대해수욕장_기온(℃),해운대해수욕장_기압(hPa),해운대해수욕장_시정(m)
2016-01-01,,,14.47719298245614,14.0,73.52380952380952,32.81824561403509,0.7,,1.0,,7.9,,6.359298245614036,1029.698596491228,
2016-01-02,,,13.506944444444445,14.0,82.79389312977099,32.53784722222222,0.7,,1.1,,8.4,,9.401041666666666,1023.5645833333333,
2016-01-03,,,12.796503496503497,14.0,79.02857142857142,32.17482517482517,0.5,,0.8,,6.8,,11.555594405594405,1018.6034965034964,
2016-01-04,,,12.633802816901408,13.904929577464788,85.78985507246377,31.79823943661972,0.6,,1.0,,5.6,,11.555281690140845,1019.8031690140845,
2016-01-05,,,13.351398601398602,13.73076923076923,87.91463414634147,31.55664335664336,0.5,,0.9,,7.1,,7.754545454545455,1023.351048951049,
2016-01-06,,,11.44390243902439,13.64459930313589,73.25,31.2780487804878,0.4,,0.7,,8.2,,6.799303135888502,1021.6954703832752,
2016-01-07,,,13.686062717770035,13.731707317073171,78.29411764705883,31.083623693379792,0.5,,0.8,,7.6,,5.197909407665505,1021.1651567944251,
2016-01-08,,,16.158333333333335,13.399305555555555,77.69565217391305,30.99409722222222,0.5,,0.8,,8.4,,3.6434027777777778,1020.5406250000001,
2016-01-09,,,18.978321678321677,13.37062937062937,87.94871794871794,30.88216783216783,0.6,,1.1,,7.3,,4.710839160839161,1023.2965034965034,
2016-01-10,,,20.034843205574912,13.662020905923345,87.50909090909092,30.76794425087108,0.5,,0.8,,6.7,,5.486759581881533,1024.5104529616724,
2016-01-11,,,21.563763066202092,13.369337979094077,80.54285714285714,30.62090592334495,0.5,,0.8,,9.8,,5.826480836236934,1022.8763066202091,
2016-01-12,,,20.19721254355401,13.229965156794425,87.49056603773585,30.557491289198605,0.8,,1.3,,7.2,,4.602090592334495,1019.9027874564459,
2016-01-13,,,20.157839721254355,13.0,83.67073170731707,30.43519163763066,0.7,,1.1,,10.5,,2.590940766550523,1018.3411149825785,
2016-01-14,,,20.745993031358886,13.013937282229966,81.1076923076923,30.489895470383278,0.8,,1.4,,7.5,,3.677351916376307,1020.4982578397213,
2016-01-15,,,18.099649122807016,13.0,86.02857142857142,30.509824561403505,0.6,,0.9,,5.0,,5.115438596491228,1021.0294736842106,
2016-01-16,,,15.98327526132404,13.0,82.3970588235294,30.52752613240418,0.4,,0.7,,4.5,,6.704878048780488,1021.6655052264808,
2016-01-17,,,12.209407665505227,13.0,75.48529411764706,30.611846689895472,1.5,,2.2,,9.5,,8.410801393728223,1015.5073170731706,
2016-01-18,,,13.648611111111112,12.965277777777779,72.16504854368932,30.521874999999998,0.9,,1.4,,14.9,,4.751041666666667,1008.5406250000001,
2016-01-19,,,14.056794425087109,12.174216027874564,67.78350515463917,30.70696864111498,0.9,,1.5,,16.2,,1.7216027874564461,1015.947386759582,
2016-01-20,,,13.098257839721255,12.20979020979021,73.77358490566037,30.7993006993007,2.4,,2.8,,8.2,,2.1850174216027876,1025.4024390243903,
2016-01-21,,,14.281533101045296,12.258741258741258,74.77142857142857,30.969230769230773,1.8,,2.2,,7.7,,1.4770034843205575,1024.0289198606272,
2016-01-22,,,17.145454545454548,12.34965034965035,75.0,31.068881118881123,1.2,,1.8,,8.4,,2.6681818181818184,1025.8772727272728,
2016-01-23,,,19.24355400696864,12.21602787456446,86.98,31.031358885017422,1.0,,1.5,,10.3,,1.5780487804878047,1025.31393728223,
2016-01-24,,,19.980701754385965,12.228070175438596,79.73584905660377,31.25052631578947,0.8,,1.2,,16.3,,6.135438596491228,1021.4343859649123,
2016-01-25,,,20.694425087108016,12.181184668989546,73.83928571428571,31.31219512195122,0.9,,1.3,,16.1,,2.6010452961672472,1025.6473867595819,
2016-01-26,,,20.381944444444443,12.027777777777779,85.17647058823529,31.44340277777778,0.7,,1.0,,9.8,,2.8031249999999996,1025.7371527777777,
2016-01-27,,,19.30173611111111,12.0,83.06557377049181,31.572916666666668,0.7,,1.2,,7.2,,5.538888888888889,1028.5618055555556,
2016-01-28,,,17.3,12.0,83.36585365853658,31.478321678321677,0.6,,1.0,,8.7,,5.846153846153846,1027.1807692307693,
2016-01-29,,,13.336458333333333,12.0,78.36206896551724,31.161458333333332,1.6,,2.8,,9.1,,6.228472222222222,1021.6312499999999,
2016-01-30,,,10.018181818181818,12.0,72.97826086956522,30.968181818181815,2.0,,2.7,,7.8,,6.824825174825175,1023.2192307692308,
2016-01-31,,,2.7,12.0,,31.2,1.1,,1.3,,2.9,,6.3,1025.6,
2016-02-01,,,10.237412587412587,12.020979020979022,89.78947368421052,31.515734265734267,0.6,,1.1,,7.8,,3.3853146853146856,1024.5185314685314,
2016-02-02,,,9.959722222222222,12.0,81.89887640449439,31.560416666666665,1.0,,1.3,,8.9,,2.7222222222222223,1024.5111111111112,
2016-02-03,,,8.229861111111111,12.131944444444445,85.14864864864865,31.73090277777778,0.8,,1.3,,7.8,,3.638327526132404,1025.1773519163764,
2016-02-04,,,10.31637630662021,12.020905923344948,69.43,31.807317073170733,0.4,,0.7,,7.6,,4.514634146341463,1023.802787456446,
2016-02-05,,,14.921478873239437,12.028169014084508,87.18279569892474,31.814788732394366,0.4,,0.7,,8.6,,5.712323943661971,1020.7507042253521,
2016-02-06,,,15.337282229965158,12.0,88.475,31.908362369337983,0.4,,0.7,,8.0,,3.3954703832752613,1020.1595818815331,
2016-02-07,,,17.82326388888889,12.0,83.09756097560975,32.03472222222222,1.2,,1.8,,5.2,,4.077430555555555,1020.7996527777777,
2016-02-08,,,21.265625,12.0,85.35384615384615,32.013888888888886,1.2,,1.9,,9.2,,5.154513888888889,1017.3850694444445,
2016-02-09,,,23.83263888888889,12.0,78.21875,31.969791666666666,1.3,,2.2,,11.4,,7.247916666666667,1018.9881944444444,
2016-02-10,,,23.246689895470382,12.0,76.625,31.954703832752614,0.6,,0.9,,7.8,,6.57177700348432,1025.9188153310106,
2016-02-11,,,22.626132404181185,12.0,80.83333333333333,31.995121951219513,0.7,,1.2,,5.1,,9.504181184668989,1027.1668989547038,
2016-02-14,,,18.260416666666668,12.0,83.78873239436619,31.712152777777778,1.8,,2.6,,11.2,,8.287847222222222,1007.9815972222223,
2016-02-15,,,17.62222222222222,11.663194444444445,77.07692307692308,31.640625,1.1,,1.5,,12.8,,1.1864583333333334,1017.2586805555555,
2016-02-16,,,17.75993031358885,11.0,84.54782608695652,31.483275261324046,1.2,,1.7,,9.8,,2.778745644599303,1018.1783972125436,
2016-02-17,,,13.203472222222222,11.0,85.51136363636364,31.346874999999997,0.8,,1.3,,7.1,,4.551388888888889,1023.0475694444444,
2016-02-18,,,17.475694444444443,11.0,84.4608695652174,31.403125000000003,0.9,,1.3,,9.4,,6.150347222222222,1023.2989583333333,
2016-02-19,,,15.509722222222223,11.086805555555555,72.43529411764706,31.262500000000003,0.8,,1.4,,8.0,,9.526041666666666,1025.1590277777777,
2016-02-20,,,16.351041666666667,11.006944444444445,81.9,31.19097222222222,0.7,,1.0,,9.6,,8.410416666666666,1019.8163194444444,
2016-02-21,,,17.970175438596492,11.0,85.23076923076923,30.976491228070174,0.5,,0.9,,9.9,,4.732280701754386,1027.4743859649122,
2016-02-22,,,18.89055944055944,11.0,79.75,30.834965034965034,0.5,,0.8,,4.9,,7.081118881118881,1029.2776223776225,
2016-02-23,,,19.347719298245615,11.031578947368422,84.82142857142857,30.76456140350877,0.5,,0.8,,8.5,,8.64842105263158,1026.0564912280702,
2016-02-24,,,17.66015625,11.00390625,83.41304347826087,30.594140625,1.1,,2.0,,8.0,,3.98828125,1029.094140625,
2016-02-25,,,21.948022598870057,11.022346368715084,80.29032258064517,30.743016759776538,0.6,,1.0,,6.1,,5.022346368715084,1032.1435754189945,
2016-02-26,,,18.933333333333334,11.158974358974358,84.46153846153847,30.727179487179487,0.7,,1.3,,8.9,,7.488265306122449,1028.1066326530613,
2016-02-27,,,17.153658536585368,11.519163763066203,74.8970588235294,30.709059233449477,1.6,,2.3,,9.1,,10.662717770034842,1023.0031358885018,
2016-02-28,,,16.84425087108014,11.94773519163763,71.43,30.670731707317074,1.7,,2.3,,13.1,,10.407317073170733,1019.9114982578396,
2016-03-01,,,11.919163763066203,11.278745644599303,81.77358490566037,30.804529616724736,1.2,,1.7,,8.8,,3.0264808362369338,1026.0937282229966,
2016-03-02,,,2.9,13.0,2.0,31.4,0.9,,1.1,,6.4,,4.5,1026.0,
2016-03-03,,,12.208680555555555,12.010416666666666,80.38095238095238,30.119444444444444,1.1,,1.7,,8.0,,11.14375,1024.070486111111,
2016-03-04,,,11.785069444444444,12.0,77.70270270270271,29.934722222222224,0.7,,1.3,,6.3,,11.460069444444445,1025.5187500000002,
2016-03-05,,,15.2259649122807,12.028070175438597,71.79338842975207,29.48982456140351,2.1,,3.1,,12.4,,12.749824561403509,1022.8140350877193,
2016-03-06,,,16.790243902439023,12.19163763066202,73.56896551724138,29.027874564459932,2.3,,3.4,,13.8,,12.948432055749128,1017.3658536585366,
2016-03-07,,,20.28298611111111,12.083333333333334,85.89473684210526,29.38888888888889,0.7,,1.1,,8.2,,10.947916666666666,1018.1812500000001,
2016-03-08,,,22.03076923076923,12.188811188811188,77.86206896551724,29.528321678321678,0.5,,0.8,,5.7,,11.09020979020979,1018.8083916083916,
2016-03-09,,,23.61149825783972,12.0,87.63157894736842,29.184320557491287,1.0,,1.5,,7.6,,7.031010452961673,1018.7567944250872,
2016-03-10,,,23.92361111111111,12.0,83.5,29.078472222222224,1.1,,1.5,,6.9,,6.6,1021.3809027777778,
2016-03-11,,,25.02822299651568,12.0,91.5625,28.977351916376307,0.7,,1.1,,8.3,,3.691289198606272,1022.7222996515679,
2016-03-12,,,22.964808362369336,12.0,86.13953488372093,28.962369337979098,0.4,,0.7,,6.7,,5.436933797909408,1024.2480836236934,
2016-03-13,,,19.654166666666665,12.0,90.11904761904762,28.80173611111111,0.5,,0.7,,4.6,,8.06388888888889,1022.8093749999999,
2016-03-14,,,15.868881118881118,12.0,84.13157894736842,28.61118881118881,0.8,,1.1,,10.5,,7.762587412587412,1019.5979020979021,
2016-03-15,,,14.568292682926831,12.0,81.31521739130434,28.14843205574913,0.7,,1.0,,5.6,,7.828919860627178,1022.8,
2016-03-16,,,15.40625,12.0,77.77083333333333,27.547222222222224,0.8,,1.2,,9.2,,10.908680555555556,1020.7868055555555,
2016-03-17,,,12.841463414634147,12.0,75.41791044776119,26.97351916376307,0.6,,0.9,,6.9,,11.765156794425087,1020.0773519163763,
2016-03-18,,,11.67027972027972,12.0,52.613207547169814,26.115384615384617,1.4,,2.2,,4.3,,12.594405594405595,1012.1772727272728,
2016-03-19,,,15.142857142857142,12.0,85.95652173913044,26.233797909407667,0.9,,1.6,,11.9,,12.22048611111111,1012.8916666666667,
2016-03-20,,,16.803819444444443,12.0,78.32558139534883,26.694791666666667,0.9,,1.5,,8.4,,9.945833333333333,1021.0965277777777,
2016-03-21,,,17.50451388888889,12.0,81.97222222222223,26.696180555555557,0.8,,1.2,,6.9,,9.808333333333334,1023.1902777777777,
2016-03-22,,,18.893706293706295,12.0,77.58441558441558,26.582867132867133,1.0,,1.7,,9.4,,11.390909090909092,1017.3923076923078,
2016-03-23,,,19.79303135888502,12.0,80.0677966101695,26.949477351916375,0.8,,1.3,,9.6,,10.394444444444444,1017.3222222222222,
2016-03-24,,,17.5212543554007,12.0,79.0,27.040766550522648,1.5,,2.3,,10.6,,8.114285714285716,1022.5341463414634,
2016-03-25,,,18.71219512195122,12.013937282229966,78.5,26.670034843205574,1.2,,1.7,,5.0,,8.352264808362369,1024.1742160278745,
2016-03-26,,,18.97326388888889,12.02787456445993,86.10909090909091,26.08780487804878,0.6,,1.1,,6.3,,7.7020833333333325,1020.9145833333334,
2016-03-27,,,18.702777777777776,12.225694444444445,76.98076923076923,25.576736111111114,0.9,,1.8,,8.7,,9.226736111111112,1018.3319444444444,
2016-03-28,,,17.58736842105263,12.24561403508772,77.22222222222223,25.12877192982456,0.9,,1.5,,9.3,,11.893684210526315,1020.4136842105264,
2016-03-29,,,16.014634146341464,12.024390243902438,79.79797979797979,24.563066202090592,1.3,,2.2,,11.0,,13.014634146341463,1020.7031358885017,
2016-03-30,,,12.98303886925795,12.528169014084508,72.57471264367815,24.130985915492957,1.3,,2.1,,6.9,,13.835563380281691,1018.7165492957746,
2016-03-31,,,11.254355400696864,13.0,75.91764705882353,23.50871080139373,0.7,,1.3,,3.4,,13.621254355400698,1016.5233449477353,
2016-04-01,,,13.28780487804878,13.0,68.44827586206897,22.914285714285715,0.6,,1.2,,10.2,,14.075261324041811,1014.6076655052266,
2016-04-02,,,14.2,13.0,,22.4,0.4,,0.6,,3.7,,14.0,1018.0,
2016-04-03,,,13.763541666666667,13.0,79.57142857142857,21.98263888888889,0.6,,0.9,,9.7,,13.514930555555557,1016.9555555555556,
2016-04-04,,,15.84390243902439,13.0,79.0,21.567247386759583,1.5,,2.3,,9.4,,11.786411149825783,1013.0578397212543,
2016-04-05,,,20.308680555555554,13.0,77.46341463414635,21.4,0.9,,1.3,,7.9,,13.424652777777778,1015.1256944444444,
2016-04-06,,,23.90902777777778,13.0,83.67441860465117,21.259722222222223,0.7,,0.9,,8.0,,13.899999999999999,1016.7038194444444,
2016-04-07,,,25.730313588850176,13.0,78.60377358490567,20.685714285714287,1.8,,3.1,,9.7,,12.75609756097561,1007.2602787456447,
2016-04-08,,,26.834146341463413,13.003484320557492,88.2,20.43658536585366,1.0,,1.6,,5.3,,14.525783972125435,1014.1895470383276,
2016-04-09,,,25.987108013937284,13.006968641114982,85.75,20.33658536585366,0.5,,1.0,,8.1,,14.64773519163763,1013.5289198606272,
2016-04-10,,,21.06153846153846,13.0,85.66666666666667,20.204545454545453,0.7,,1.3,,12.6,,13.806293706293706,1012.8503496503497,
2016-04-11,,,18.18450704225352,13.0,88.28421052631579,19.892226148409893,1.4,,2.1,,9.6,,10.269366197183098,1020.3549295774648,
2016-04-12,,,16.247569444444444,13.29513888888889,81.14634146341463,19.734375,1.3,,2.1,,7.3,,11.886111111111111,1018.0565972222222,
2016-04-13,,,14.73263888888889,13.229166666666666,70.9396551724138,19.26736111111111,1.5,,2.3,,4.7,,14.331944444444446,1008.1204861111112,
2016-04-14,,,13.23623693379791,13.634146341463415,52.8,18.974564459930313,0.9,,1.3,,7.7,,15.359930313588851,1009.2818815331011,
2016-04-15,,,9.181249999999999,14.0,76.25531914893617,18.611805555555556,0.8,,1.2,,10.4,,13.877430555555556,1020.1281250000001,
2016-04-16,,,11.314583333333333,14.0,65.51428571428572,18.234027777777776,2.8,,4.0,,10.8,,14.085763888888888,1012.7472222222223,
2016-04-17,,,18.266083916083918,13.76923076923077,74.15254237288136,17.794755244755244,3.8,,5.6,,16.4,,16.317482517482517,1002.9821678321679,
2016-04-18,,,18.051748251748254,13.020979020979022,81.02830188679245,17.57972027972028,1.0,,1.7,,8.1,,14.553496503496504,1014.4374125874125,
2016-04-19,,,15.742857142857142,13.45993031358885,73.0125,17.51114982578397,0.8,,1.3,,7.8,,14.095121951219513,1021.8519163763066,
2016-04-20,,,18.882867132867133,14.006993006993007,73.42622950819673,16.947202797202795,0.7,,0.9,,4.7,,14.271328671328671,1020.7772727272727,
2016-04-21,,,19.44006968641115,14.0,71.24761904761905,16.300696864111497,2.4,,3.6,,8.2,,15.026132404181185,1005.8745644599303,
2016-04-22,,,20.974652777777777,14.0,83.74766355140187,15.64236111111111,1.5,,2.4,,8.6,,15.27222222222222,1008.5100694444445,
2016-04-23,,,20.090625000000003,13.993055555555555,77.85964912280701,15.375,0.8,,1.1,,8.0,,15.874305555555557,1011.6677083333333,
2016-04-24,,,17.74843205574913,13.905923344947736,83.33898305084746,15.16376306620209,0.6,,0.9,,10.0,,15.437630662020908,1014.3693379790941,
2016-04-25,,,18.653658536585368,14.003484320557492,80.10144927536231,14.795121951219512,0.5,,0.8,,6.2,,14.821602787456447,1017.3066202090592,
2016-04-26,,,17.70867924528302,14.045112781954888,85.8529411764706,25.894360902255638,0.9,,1.5,,11.7,,14.878798586572438,1015.8159010600707,
2016-04-27,,,14.353658536585366,14.0,82.27659574468085,34.32717770034843,1.5,,2.5,,12.6,,12.293402777777779,1007.7305555555556,
2016-04-28,,,11.550526315789474,14.203508771929824,83.08955223880596,34.38912280701754,1.6,,2.4,,9.3,,13.169122807017542,1006.2673684210527,
2016-04-29,,,13.38466898954704,14.494773519163763,63.74242424242424,34.22334494773519,1.2,,1.8,,7.1,,14.285365853658535,1012.8536585365854,
2016-04-30,,,14.695470383275262,14.930313588850174,69.82781456953643,34.12578397212544,1.1,,1.9,,9.7,,15.605923344947733,1013.2968641114983,
2016-05-02,,,14.159090909090908,14.646853146853147,75.91735537190083,34.28391608391609,0.6,,1.0,,6.7,,17.274475524475523,1015.1874125874125,
2016-05-03,,,2.9,15.0,,34.5,0.4,,0.7,,0.9,,17.1,1010.9,
2016-05-04,,,26.859027777777776,14.809027777777779,80.01388888888889,33.605555555555554,1.8,,2.7,,14.2,,18.459027777777777,1004.2635416666667,
2016-05-05,,,22.754195804195803,15.0,74.93617021276596,34.435664335664335,1.4,,2.1,,7.6,,17.197902097902098,1014.9590909090908,
2016-05-06,,,24.863541666666666,15.0,84.90196078431373,34.433680555555554,1.7,,3.0,,6.8,,15.950000000000001,1008.6076388888889,
2016-05-07,,,24.460763888888888,15.0,68.3225806451613,34.37951388888889,1.0,,1.5,,7.7,,17.786458333333332,1011.0621527777779,
2016-05-08,,,22.96306620209059,15.0,70.96825396825396,34.34791666666666,0.5,,0.7,,8.5,,17.784374999999997,1016.7809027777779,
2016-05-09,,,21.64425087108014,15.0,75.43181818181819,34.27560975609756,0.6,,1.0,,4.6,,16.502787456445994,1010.7261324041813,
2016-05-10,,,19.009756097560977,15.0,84.3061224489796,34.20383275261324,0.8,,1.2,,9.7,,15.105226480836237,1004.4470383275261,
2016-05-11,,,17.321875,15.072916666666666,81.17582417582418,34.05694444444444,0.8,,1.2,,4.2,,14.860416666666667,1009.1489583333334,
2016-05-12,,,16.503496503496503,15.37979094076655,72.36363636363636,33.970034843205575,0.7,,1.0,,6.9,,16.28850174216028,1013.8341463414635,
2016-05-13,,,15.661428571428571,15.20357142857143,78.06557377049181,33.96178571428572,0.7,,1.0,,10.2,,16.507142857142856,1018.9525,
2016-05-14,,,12.652961672473868,15.376306620209059,85.79545454545455,33.669686411149826,0.7,,1.1,,11.9,,15.288850174216027,1022.990243902439,
2016-05-15,,,13.166058394160585,15.693430656934307,67.55,33.682116788321174,1.0,,1.6,,8.9,,17.16872727272727,1013.7072727272728,
2016-05-16,,,13.71013986013986,15.444055944055943,67.47552447552448,33.826573426573425,1.7,,2.7,,10.2,,15.937762237762238,1008.2136363636363,
2016-05-17,,,15.1006993006993,15.409090909090908,65.11290322580645,33.87342657342657,0.5,,0.8,,4.0,,17.014685314685313,1015.024125874126,
2016-05-18,,,15.55347222222222,15.743055555555555,79.62,33.73645833333333,0.4,,0.6,,4.2,,17.70590277777778,1017.6680555555556,
2016-05-19,,,17.350871080139374,15.773519163763066,70.0246913580247,33.74494773519164,0.4,,0.8,,6.2,,17.866898954703835,1018.0432055749129,
2016-05-20,,,20.4602787456446,16.06597222222222,84.81012658227849,33.644444444444446,0.5,,1.1,,10.8,,17.697916666666668,1017.9187499999999,
2016-05-21,,,17.998958333333334,16.319444444444443,77.64220183486239,33.59930555555556,0.6,,0.9,,9.3,,19.117361111111112,1018.3545138888888,
2016-05-22,,,15.628571428571428,16.142857142857142,85.41666666666667,33.67142857142857,0.5,,0.7,,6.2,,18.65952380952381,1017.6690476190475,
2016-05-23,,,18.218402777777776,17.32638888888889,71.29166666666667,33.78194444444444,0.6,,0.9,,6.3,,17.811458333333334,1014.2781249999999,
2016-05-24,,,19.102105263157895,16.978947368421053,82.83561643835617,33.73298245614035,1.2,,2.0,,8.1,,18.680701754385964,1007.6940350877193,
2016-05-25,,,18.914982578397215,16.501742160278745,63.166666666666664,33.73170731707317,0.9,,1.3,,5.2,,18.417421602787456,1009.1829268292682,
2016-05-26,,,17.682867132867134,16.48951048951049,68.79746835443038,33.69615384615385,0.4,,0.7,,5.3,,18.644055944055943,1009.0346153846154,
2016-05-27,,,18.05972222222222,16.71875,75.42857142857143,33.58472222222222,0.4,,0.6,,8.8,,19.70659722222222,1010.951736111111,
2016-05-28,,,14.613286713286712,16.62937062937063,77.28205128205128,33.49685314685315,0.5,,0.8,,6.2,,18.875174825174827,1007.7629370629371,
2016-05-29,,,15.402083333333334,16.18402777777778,80.57142857142857,33.412499999999994,0.3,,0.7,,5.4,,18.672222222222224,1003.8135416666667,
2016-05-30,,,15.896853146853147,16.395104895104897,80.97058823529412,33.180769230769236,0.4,,0.8,,7.7,,19.30034965034965,1005.5213286713285,
2016-05-31,,,17.28710801393728,16.609756097560975,75.33333333333333,32.74459930313589,0.6,,0.9,,9.6,,19.705226480836235,1005.960975609756,
2018-01-01,,,,,13.150871080139373,29.278397212543553,,,,,,,4.195121951219512,,
2018-01-02,,,,,12.933680555555556,28.501041666666666,,,,,,,5.665972222222222,,
2018-01-03,,,,,13.066202090592334,28.82752613240418,,,,,,,4.3846689895470385,,
2018-01-04,,,,,13.277700348432056,28.594425087108014,,,,,,,3.9275261324041812,,
2018-01-05,,,,,13.574652777777779,27.86111111111111,,,,,,,5.952777777777778,,
2018-01-06,,,,,13.450871080139374,29.149825783972126,,,,,,,5.332055749128919,,
2018-01-07,,,,,13.372569444444444,29.39131944444445,,,,,,,6.910763888888889,,
2018-01-08,,,,,13.486062717770034,30.782229965156795,,,,,,,8.246341463414634,,
2018-01-09,,,,,13.003135888501742,30.274216027874566,,,,,,,3.652961672473868,,
2018-01-10,,,,,12.589930555555556,30.896180555555556,,,,,,,1.6875,,
2018-01-11,,,,,12.533449477351915,30.20696864111498,,,,,,,3.0121951219512195,,
2018-01-12,,,,,12.211805555555555,30.326736111111114,,,,,,,3.054861111111111,,
2018-01-13,,,,,12.5,29.2,,,,,,,1.6,,
2018-01-14,,,,,12.505226480836237,30.099651567944253,,,,,,,4.795470383275261,,
2018-01-15,,,,,12.685714285714287,31.656794425087107,,,,,,,10.074564459930313,,
2018-01-16,,,,,12.709440559440559,31.74965034965035,,,,,,,10.245454545454544,,
2018-01-17,,,,,12.972822299651567,32.05296167247387,,,,,,,8.568989547038328,,
2018-01-18,,,,,12.976736111111112,32.253125,,,,,,,8.779166666666667,,
2018-01-19,,,,,12.828472222222224,32.22777777777778,,,,,,,7.637847222222222,,
2018-01-20,,,,,12.633101045296167,32.073519163763066,,,,,,,6.4243902439024385,,
2018-01-21,,,,,12.442307692307692,32.02797202797203,,,,,,,7.347222222222222,,
2018-01-22,,,,,12.289930555555555,32.142361111111114,,,,,,,7.72986111111111,,
2018-01-23,,,,,11.897222222222222,30.956249999999997,,,,,,,2.423611111111111,,
2018-01-24,,,,,11.322648083623694,32.059233449477354,,,,,,,4.988111888111888,,
2018-01-25,,,,,10.993379790940766,32.1418118466899,,,,,,,3.5700348432055744,,
2018-01-26,,,,,11.653472222222222,32.36388888888889,,,,,,,3.6260416666666666,,
2018-01-27,,,,,12.178397212543553,32.470034843205575,,,,,,,3.3331010452961674,,
2018-01-28,,,,,12.069686411149826,32.40487804878049,,,,,,,2.921951219512195,,
2018-01-29,,,,,11.680902777777778,31.782638888888886,,,,,,,1.5559027777777779,,
2018-01-30,,,,,11.213588850174217,32.440766550522646,,,,,,,2.232752613240418,,
2018-01-31,,,,,11.146341463414634,32.458536585365856,,,,,,,3.218466898954704,,
2018-02-01,,,,,11.206620209059233,32.378397212543554,,,,,,,4.279094076655052,,
2018-02-02,,,,,11.181944444444445,32.54375,,,,,,,4.465624999999999,,
2018-02-03,,,,,11.053125000000001,32.30243055555556,,,,,,,2.0277777777777777,,
2018-02-04,,,,,10.537500000000001,32.348958333333336,,,,,,,3.097916666666667,,
2018-02-05,,,,,10.188194444444443,32.341319444444444,,,,,,,3.0319444444444446,,
2018-02-06,,,,,10.378819444444444,29.687847222222224,,,,,,,3.7944444444444443,,
2018-02-07,,,,,10.590972222222222,32.09722222222222,,,,,,,3.1197916666666665,,
2018-02-08,,,,,10.906968641114982,32.06202090592334,,,,,,,2.6470383275261327,,
2018-02-09,,,,,11.636805555555556,32.58402777777778,,,,,,,7.076388888888889,,
2018-02-10,,,,,11.902090592334496,32.078048780487805,,,,,,,8.046689895470383,,
2018-02-11,,,,,11.528125,31.80486111111111,,,,,,,1.4527777777777777,,
2018-02-12,,,,,11.145993031358886,32.328919860627174,,,,,,,1.1804878048780487,,
2018-02-13,,,,,11.2,32.4,,,,,,,0.1,,
2018-02-14,,,,,10.935069444444444,31.89409722222222,,,,,,,9.237847222222221,,
2018-02-15,,,,,11.062807017543859,32.345263157894735,,,,,,,8.37824561403509,,
2018-02-16,,,,,10.999651567944252,32.508710801393725,,,,,,,7.683972125435541,,
2018-02-17,,,,,10.974564459930313,32.31254355400697,,,,,,,5.004529616724739,,
2018-02-18,,,,,10.98263888888889,32.15138888888889,,,,,,,5.265277777777778,,
2018-02-19,,,,,11.115972222222222,32.221875,,,,,,,7.47326388888889,,
2018-02-20,,,,,11.25226480836237,31.681533101045297,,,,,,,8.59198606271777,,
2018-02-21,,,,,11.263541666666667,32.12083333333333,,,,,,,6.009722222222222,,
2018-02-22,,,,,11.176388888888887,31.009375000000002,,,,,,,4.839583333333334,,
2018-02-23,,,,,11.209090909090909,32.2,,,,,,,7.523776223776224,,
2018-02-24,,,,,11.335438596491228,26.60280701754386,,,,,,,9.024912280701754,,
2018-02-25,,,,,11.488888888888889,32.01284722222223,,,,,,,8.95138888888889,,
2018-02-26,,,,,11.774999999999999,32.16041666666667,,,,,,,7.6156250000000005,,
2018-02-27,,,,,12.1993006993007,29.723426573426572,,,,,,,9.805944055944057,,
2018-02-28,,,,,12.293031358885017,31.31149825783972,,,,,,,11.013588850174216,,
2018-03-01,,,,,12.144097222222221,28.390625,,,,,,,8.819791666666667,,
2018-03-02,,,,,11.910763888888889,28.46284722222222,,,,,,,5.584027777777778,,
2018-03-03,,,,,11.865972222222222,29.437152777777776,,,,,,,10.003472222222221,,
2018-03-04,,,,,11.912500000000001,31.759027777777778,,,,,,,13.090625,,
2018-03-05,,,,,11.797212543554007,31.7780487804878,,,,,,,7.66076388888889,,
2018-03-06,,,,,11.774295774647888,31.96549295774648,,,,,,,6.489122807017544,,
2018-03-07,,,,,11.874652777777778,31.95381944444445,,,,,,,8.279166666666667,,
2018-03-08,,,,,11.93623693379791,32.36515679442508,,,,,,,6.401393728222996,,
2018-03-09,,,,,12.068402777777777,32.30763888888889,,,,,,,5.797916666666667,,
2018-03-10,,,,,12.067247386759583,31.978048780487807,,,,,,,8.15644599303136,,
2018-03-11,,,,,12.256491228070175,31.95964912280702,,,,,,,10.146666666666667,,
2018-03-12,,,,,12.417361111111111,32.11840277777778,,,,,,,11.314583333333333,,
2018-03-13,,,,,12.550347222222221,31.954513888888886,,,,,,,13.15763888888889,,
2018-03-14,,,,,12.637847222222222,31.553124999999998,,,,,,,14.078819444444443,,
2018-03-15,,,,,12.613240418118467,31.121951219512194,,,,,,,14.35226480836237,,
2018-03-16,,,,,12.5,31.0,,,,,,,9.2,,
2018-03-17,,,,,12.016666666666667,31.91423611111111,,,,,,,6.489236111111111,,
2018-03-18,,,,,12.18397212543554,31.543902439024393,,,,,,,10.424041811846688,,
2018-03-19,,,,,12.213588850174217,31.609407665505227,,,,,,,10.514634146341463,,
2018-03-20,,,,,11.739930555555555,32.114583333333336,,,,,,,6.865277777777778,,
2018-03-21,,,,,11.45191637630662,32.333797909407664,,,,,,,3.9665505226480837,,
2018-03-22,,,,,11.877972027972028,32.59055944055944,,,,,,,7.0412587412587415,,
2018-03-23,,,,,12.218055555555555,32.581944444444446,,,,,,,9.326041666666667,,
2018-03-24,,,,,12.415624999999999,32.39409722222222,,,,,,,11.705555555555556,,
2018-03-25,,,,,12.52951388888889,32.326388888888886,,,,,,,13.725000000000001,,
2018-03-26,,,,,12.709375000000001,32.18263888888889,,,,,,,14.55347222222222,,
2018-03-27,,,,,12.836585365853658,32.17839721254356,,,,,,,14.2808362369338,,
2018-03-28,,,,,13.025347222222223,32.088541666666664,,,,,,,13.780902777777778,,
2018-03-29,,,,,13.039372822299653,31.809756097560975,,,,,,,13.977351916376307,,
2018-03-30,,,,,13.019163763066203,31.797909407665504,,,,,,,12.42020905923345,,
2018-03-31,,,,,13.091319444444444,31.741319444444443,,,,,,,13.089583333333334,,
2018-04-01,,,,,13.161111111111111,31.87986111111111,,,,,,,14.92013888888889,,
2018-04-02,,,,,13.23937282229965,31.638675958188152,,,,,,,15.377003484320557,,
2018-04-03,,,,,13.318374558303887,31.39893992932862,,,,,,,15.588692579505302,,
2018-04-04,,,,,13.003597122302159,31.7205035971223,,,,,,,11.171942446043166,,
2018-04-05,,,,,12.82878048780488,31.697073170731706,,,,,,,10.785784313725491,,
2018-04-06,,,,,12.960975609756098,31.45574912891986,,,,,,,11.718466898954704,,
2018-04-07,,,,,12.733216783216784,30.56223776223776,,,,,,,7.340209790209791,,
2018-04-08,,,,,12.525783972125437,30.38048780487805,,,,,,,8.695121951219512,,
2018-04-09,,,,,12.600694444444445,31.29618055555555,,,,,,,13.030208333333333,,
2018-04-10,,,,,12.916666666666666,30.65555555555555,,,,,,,14.17326388888889,,
2018-04-11,,,,,13.119097222222223,30.577777777777776,,,,,,,16.780902777777776,,
2018-04-12,,,,,12.9912213740458,32.601526717557256,,,,,,,15.927177700348434,,
2018-04-13,,,,,13.053472222222222,34.17395833333333,,,,,,,14.03263888888889,,
2018-04-14,,,,,13.119860627177701,34.04564459930314,,,,,,,13.050522648083623,,
2018-04-15,,,,,13.170979020979022,34.034615384615385,,,,,,,13.308041958041958,,
2018-04-16,,,,,13.2,34.1,,,,,,,14.2,,
2018-04-17,,,,,13.108333333333333,34.158680555555556,,,,,,,13.267708333333333,,
2018-04-18,,,,,13.323958333333332,34.160763888888894,,,,,,,14.194097222222222,,
2018-04-19,,,,,13.433797909407666,34.001742160278745,,,,,,,14.33170731707317,,
2018-04-20,,,,,13.395149253731343,33.71716417910448,,,,,,,16.24179104477612,,
2018-04-21,,,,,13.585017421602787,34.09547038327526,,,,,,,15.699651567944251,,
2018-04-22,,,,,13.410175438596491,33.9693661971831,,,,,,,15.482105263157893,,
2018-04-23,,,,,13.456944444444444,33.84444444444445,,,,,,,12.505902777777777,,
2018-04-24,,,,,13.477700348432055,33.55017421602788,,,,,,,12.58362369337979,,
2018-04-25,,,,,13.604545454545455,33.55944055944056,,,,,,,13.088461538461539,,
2018-04-26,,,,,13.820557491289199,33.634494773519165,,,,,,,13.465505226480836,,
2018-04-27,,,,,13.893402777777778,33.634494773519165,,,,,,,15.747916666666665,,
2018-04-28,,,,,14.065156794425087,33.62334494773519,,,,,,,14.881881533101046,,
2018-04-29,,,,,14.254895104895105,33.66958041958042,,,,,,,16.167482517482515,,
2018-04-30,,,,,14.375609756097562,33.5465034965035,,,,,,,17.073519163763066,,
2018-05-01,,,,,14.244755244755245,33.67272727272727,,,,,,,16.007342657342658,,
2018-05-02,,,,,14.483098591549295,33.3306338028169,,,,,,,15.211228070175437,,
2018-05-03,,,,,14.073498233215549,33.48727915194346,,,,,,,14.834507042253522,,
2018-05-04,,,,,13.496864111498258,33.29686411149825,,,,,,,14.313588850174217,,
2018-05-05,,,,,13.429513888888888,33.037499999999994,,,,,,,15.676041666666666,,
2018-05-06,,,,,13.398606271777004,32.7411149825784,,,,,,,15.528472222222222,,
2018-05-07,,,,,13.65798611111111,32.97534722222222,,,,,,,15.034722222222221,,
2018-05-08,,,,,13.868402777777778,32.51979166666667,,,,,,,14.194791666666667,,
2018-05-09,,,,,13.856250000000001,32.51923076923077,,,,,,,12.67013888888889,,
2018-05-10,,,,,14.277622377622379,32.869824561403505,,,,,,,13.739160839160839,,
2018-05-11,,,,,14.508710801393729,33.01149825783972,,,,,,,15.871428571428572,,
2018-05-12,,,,,14.28611111111111,32.96180555555556,,,,,,,16.66701388888889,,
2018-05-13,,,,,14.175609756097561,33.151048951048956,,,,,,,17.313937282229965,,
2018-05-14,,,,,14.190592334494774,33.389198606271776,,,,,,,16.72404181184669,,
2018-05-15,,,,,14.360069444444443,33.33715277777778,,,,,,,18.35451388888889,,
2018-05-16,,,,,14.20801393728223,33.5212543554007,,,,,,,18.197560975609754,,
2018-05-17,,,,,14.2,33.5,,,,,,,19.5,,
2018-05-18,,,,,14.003484320557492,33.637979094076655,,,,,,,15.415331010452961,,
2018-05-19,,,,,14.232982456140352,33.549473684210525,,,,,,,14.211538461538462,,
2018-05-20,,,,,14.69198606271777,33.493728222996516,,,,,,,14.57979094076655,,
2018-05-21,,,,,15.12473867595819,33.53379790940767,,,,,,,15.72857142857143,,
2018-05-22,,,,,15.760278745644598,33.50940766550523,,,,,,,16.241666666666667,,
2018-05-23,,,,,16.19651567944251,33.31951219512195,,,,,,,17.405226480836237,,
2018-05-24,,,,,17.439408866995073,33.289855072463766,,,,,,,17.473762376237623,,
2018-05-25,,,,,19.42330508474576,,,,,,,,19.255274261603375,,
2018-05-26,,,,,16.74245614035088,33.88488372093023,,,,,,,18.28561403508772,,
2018-05-27,,,,,16.063888888888886,33.798611111111114,,,,,,,18.07361111111111,,
2018-05-28,,,,,15.766550522648084,33.815331010452965,,,,,,,17.946341463414637,,
2018-05-29,,,,,16.049295774647888,33.76619718309859,,,,,,,18.531818181818185,,
2018-05-30,,,,,15.858657243816255,33.91024734982332,,,,,,,18.407773851590104,,
2018-05-31,,,,,15.869366197183098,33.930281690140845,,,,,,,19.036267605633803,,
2018-06-01,,,,,15.935460992907801,33.99432624113475,,,,,,,19.160638297872342,,
2018-06-02,,,,,16.00530035335689,34.013074204946996,,,,,,,19.376678445229683,,
2018-06-03,,,,,15.95798611111111,34.053125,,,,,,,18.60486111111111,,
2018-06-04,,,,,16.022648083623693,34.05644599303136,,,,,,,18.534843205574912,,
2018-06-05,,,,,15.882291666666667,34.02430555555556,,,,,,,18.649305555555557,,
2018-06-06,,,,,16.329577464788734,33.922183098591546,,,,,,,19.183859649122805,,
2018-06-07,,,,,16.640766550522645,33.90278745644599,,,,,,,19.032752613240415,,
2018-06-08,,,,,16.931597222222223,33.79895833333333,,,,,,,20.930208333333333,,
2018-06-09,,,,,18.821052631578947,33.588070175438595,,,,,,,19.938947368421054,,
2018-06-10,,,,,19.565505226480838,33.52613240418118,,,,,,,19.037282229965157,,
2018-06-11,,,,,19.46724738675958,33.40313588850174,,,,,,,17.431010452961672,,
2018-06-12,,,,,19.337847222222223,33.39305555555555,,,,,,,18.078472222222224,,
2018-06-13,,,,,19.04842105263158,33.43473684210526,,,,,,,18.95614035087719,,
2018-06-14,,,,,19.34843205574913,33.35923344947735,,,,,,,19.370731707317074,,
2018-06-15,,,,,19.810069444444444,33.220486111111114,,,,,,,18.914930555555557,,
2018-06-16,,,,,19.864111498257838,33.20034843205575,,,,,,,18.1602787456446,,
2018-06-17,,,,,19.8,33.2,,,,,,,17.6,,
2018-06-18,,,,,19.430662020905924,33.263763066202095,,,,,,,21.016724738675958,,
2018-06-19,,,,,18.262937062937063,33.37447552447553,,,,,,,20.086363636363636,,
2018-06-20,,,,,17.260211267605634,33.55105633802817,,,,,,,21.147535211267606,,
2018-06-21,,,,,17.478947368421053,33.50561403508772,,,,,,,22.203508771929826,,
2018-06-22,,,,,17.286013986013987,33.52657342657343,,,,,,,21.21083916083916,,
2018-06-23,,,,,17.557894736842105,33.459298245614036,,,,,,,20.74245614035088,,
2018-06-24,,,,,17.56689895470383,33.47909407665505,,,,,,,21.982926829268294,,
2018-06-25,,,,,17.600347222222222,33.47326388888889,,,,,,,20.615277777777777,,
2018-06-26,,,,,17.71837455830389,33.35123674911661,,,,,,,21.140492957746478,,
2018-06-27,,,,,16.168771929824562,33.59859649122807,,,,,,,21.012587412587415,,
2018-06-28,,,,,16.03157894736842,33.17087719298246,,,,,,,19.415438596491228,,
2018-06-29,,,,,16.492682926829268,32.68292682926829,,,,,,,20.146875,,
2018-06-30,,,,,16.288194444444443,32.51006944444444,,,,,,,20.214583333333334,,
2018-07-01,,,,,17.075524475524478,31.685664335664338,,,,,,,22.914335664335663,,
2018-07-02,,,,,17.711228070175437,31.30245614035088,,,,,,,23.87157894736842,,
2018-07-03,,,,,19.640845070422536,30.27323943661972,,,,,,,22.535915492957745,,
2018-07-04,,,,,20.888194444444444,29.51319444444444,,,,,,,23.441319444444446,,
2018-07-05,,,,,21.683566433566433,28.413636363636364,,,,,,,22.347735191637632,,
2018-07-06,,,,,21.53101045296167,28.64146341463415,,,,,,,20.68710801393728,,
2018-07-07,,,,,21.22097902097902,29.16363636363636,,,,,,,19.86118881118881,,
2018-07-08,,,,,21.161672473867597,29.211149825783973,,,,,,,19.701742160278744,,
2018-07-09,,,,,21.264808362369337,29.44843205574913,,,,,,,20.19616724738676,,
2018-07-10,,,,,21.485314685314687,29.683566433566433,,,,,,,21.506293706293707,,
2018-07-11,,,,,22.11263157894737,29.730526315789476,,,,,,,24.25754385964912,,
2018-07-12,,,,,21.96631205673759,29.73049645390071,,,,,,,25.220567375886525,,
2018-07-13,,,,,20.798606271777004,30.359233449477355,,,,,,,23.78710801393728,,
2018-07-14,,,,,19.93543859649123,30.267368421052634,,,,,,,23.800350877192983,,
2018-07-15,,,,,19.680836236933796,30.671080139372823,,,,,,,22.97247386759582,,
2018-07-16,,,,,18.43310104529617,30.996864111498258,,,,,,,22.442160278745643,,
2018-07-17,,,,,17.87208480565371,30.725441696113073,,,,,,,22.620848056537103,,
2018-07-18,,,,,18.0,31.0,,,,,,,25.1,,
2018-07-19,,,,,18.30798611111111,30.545833333333334,,,,,,,24.460416666666667,,
2018-07-20,,,,,19.380281690140844,30.20985915492958,,,,,,,25.49719298245614,,
2018-07-21,,,,,20.517708333333335,29.909374999999997,,,,,,,26.647916666666667,,
2018-07-22,,,,,21.57937062937063,29.208041958041957,,,,,,,26.486713286713286,,
2018-07-23,,,,,21.353684210526318,28.566315789473684,,,,,,,25.64877192982456,,
2018-07-24,,,,,21.19020979020979,28.26923076923077,,,,,,,25.47972027972028,,
2018-07-25,,,,,20.65923344947735,27.869337979094077,,,,,,,24.92299651567944,,
2018-07-26,,,,,20.8996,28.009128630705394,,,,,,,26.58932806324111,,
2018-07-27,,,,,23.893379790940767,28.804982206405693,,,,,,,27.62682926829268,,
2018-07-28,,,,,24.813636363636363,32.595454545454544,,,,,,,27.553846153846152,,
2018-07-29,,,,,26.24895104895105,32.517132867132865,,,,,,,28.642657342657344,,
2018-07-30,,,,,26.57859649122807,32.49473684210526,,,,,,,27.445263157894736,,
2018-07-31,,,,,27.114685314685314,32.32342657342657,,,,,,,28.207342657342657,,
2018-08-01,,,,,27.50839160839161,32.13286713286713,,,,,,,28.5006993006993,,
2018-08-02,,,,,27.73923611111111,31.87256944444444,,,,,,,28.250347222222224,,
2018-08-03,,,,,27.88881118881119,31.4506993006993,,,,,,,28.565384615384616,,
2018-08-04,,,,,26.356643356643357,31.201748251748253,,,,,,,28.326223776223777,,
2018-08-05,,,,,24.408391608391607,31.003846153846155,,,,,,,28.1986013986014,,
2018-08-06,,,,,22.70636042402827,31.32120141342756,,,,,,,27.8137323943662,,
2018-08-07,,,,,26.974725274725277,30.747252747252748,,,,,,,27.441758241758244,,
2018-08-08,,,,,27.894791666666666,30.714930555555554,,,,,,,27.070486111111112,,
2018-08-09,,,,,27.830662020905923,30.696167247386757,,,,,,,27.441114982578398,,
2018-08-10,,,,,27.057142857142857,30.708362369337976,,,,,,,26.929268292682927,,
2018-08-11,,,,,27.415438596491228,30.5740350877193,,,,,,,27.059298245614034,,
2018-08-12,,,,,27.815679442508713,30.556794425087105,,,,,,,27.862020905923345,,
2018-08-13,,,,,27.711149825783973,30.52752613240418,,,,,,,28.852961672473864,,
2018-08-14,,,,,26.59027777777778,30.16215277777778,,,,,,,28.60868055555555,,
2018-08-15,,,,,27.155087719298244,29.966315789473683,,,,,,,27.947719298245616,,
2018-08-16,,,,,25.203146853146855,29.91993006993007,,,,,,,26.63006993006993,,
2018-08-17,,,,,26.18111888111888,29.511188811188813,,,,,,,25.544755244755244,,
2018-08-18,,,,,26.0,29.7,,,,,,,25.2,,
2018-08-19,,,,,26.385263157894737,28.903508771929825,,,,,,,24.828771929824562,,
2018-08-20,,,,,26.521951219512196,28.536585365853657,,,,,,,25.49233449477352,,
2018-08-21,,,,,26.60696864111498,28.306620209059233,,,,,,,27.370383275261325,,
2018-08-22,,,,,26.355400696864113,28.278048780487804,,,,,,,28.92299651567944,,
2018-08-23,,,,,26.672222222222224,28.128124999999997,,,,,,,28.12777777777778,,
2018-08-24,,,,,24.836363636363636,28.096853146853146,,,,,,,26.45944055944056,,
2018-08-25,,,,,17.65138888888889,28.944097222222222,,,,,,,23.705208333333335,,
2018-08-26,,,,,21.233449477351915,28.334146341463413,,,,,,,23.691637630662022,,
2018-08-27,,,,,21.324738675958187,28.11602787456446,,,,,,,24.593728222996514,,
2018-08-28,,,,,21.968309859154928,27.734859154929577,,,,,,,24.590140845070422,,
2018-08-29,,,,,21.957894736842107,27.557894736842105,,,,,,,24.86315789473684,,
2018-08-30,,,,,20.831944444444446,27.402083333333334,,,,,,,24.352083333333333,,
2018-08-31,,,,,19.49125874125874,27.375524475524475,,,,,,,23.75839160839161,,
2018-09-01,,,,,21.902090592334492,26.33101045296167,,,,,,,22.309756097560975,,
2018-09-02,,,,,23.59375,26.741319444444443,,,,,,,23.01840277777778,,
2018-09-03,,,,,24.157291666666666,26.77638888888889,,,,,,,24.848958333333332,,
2018-09-04,,,,,23.80625,26.81076388888889,,,,,,,25.174305555555556,,
2018-09-05,,,,,22.888850174216028,26.833101045296168,,,,,,,24.2794425087108,,
2018-09-06,,,,,22.193140794223826,29.73249097472924,,,,,,,23.820486111111112,,
2018-09-07,,,,,20.38715277777778,32.50868055555556,,,,,,,21.878819444444446,,
2018-09-08,,,,,19.89055944055944,32.41608391608391,,,,,,,22.12832167832168,,
2018-09-09,,,,,21.918466898954705,32.12717770034843,,,,,,,22.51637630662021,,
2018-09-10,,,,,22.33719298245614,32.32491228070175,,,,,,,21.696491228070176,,
2018-09-11,,,,,22.13205574912892,32.33554006968641,,,,,,,21.587108013937282,,
2018-09-12,,,,,22.10348432055749,32.059581881533106,,,,,,,22.925087108013937,,
2018-09-13,,,,,22.067708333333332,31.472569444444446,,,,,,,22.96423611111111,,
2018-09-14,,,,,22.038194444444443,31.034027777777776,,,,,,,22.772222222222222,,
2018-09-15,,,,,21.991319444444443,30.199305555555554,,,,,,,22.802083333333332,,
2018-09-16,,,,,22.488501742160278,29.822299651567945,,,,,,,23.645296167247388,,
2018-09-17,,,,,22.633101045296165,29.62090592334495,,,,,,,23.690592334494774,,
2018-09-18,,,,,22.4,30.0,,,,,,,23.4,,
2018-09-19,,,,,22.611805555555556,29.733333333333334,,,,,,,23.115277777777777,,
2018-09-20,,,,,22.254355400696863,29.332404181184668,,,,,,,21.399303135888502,,
2018-09-21,,,,,22.37630662020906,28.74390243902439,,,,,,,22.02752613240418,,
2018-09-22,,,,,22.757692307692306,28.82762237762238,,,,,,,22.852797202797202,,
2018-09-23,,,,,23.33986013986014,29.506643356643355,,,,,,,22.953496503496503,,
2018-09-24,,,,,23.038380281690138,29.16091549295775,,,,,,,21.445774647887326,,
2018-09-25,,,,,22.29861111111111,29.064583333333335,,,,,,,20.397916666666667,,
2018-09-26,,,,,21.910877192982458,28.929473684210524,,,,,,,21.236491228070175,,
2018-09-27,,,,,22.17142857142857,28.847038327526132,,,,,,,20.59722222222222,,
2018-09-28,,,,,22.71254355400697,29.061324041811847,,,,,,,20.781533101045298,,
2018-09-29,,,,,22.632746478873237,29.106690140845068,,,,,,,19.670774647887324,,
2018-09-30,,,,,22.472280701754386,29.129473684210524,,,,,,,21.024561403508773,,
2018-10-01,,,15.48140350877193,165.07719298245615,22.143859649122806,29.187017543859646,1.3,,1.9,,10.8,161.16842105263157,19.283157894736842,1007.5491228070175,
2018-10-02,,,13.511228070175438,127.88421052631578,22.05263157894737,30.905263157894737,0.8,,1.5,,4.6,161.3578947368421,18.533684210526317,1016.0557894736843,
2018-10-03,,,11.22439024390244,145.67595818815332,21.729268292682928,30.21533101045296,0.6,,0.9,,4.8,130.13588850174216,19.05226480836237,1020.5480836236933,
2018-10-04,,,8.60348432055749,213.79790940766551,21.56480836236934,29.899651567944254,1.9,,2.8,,11.1,110.36236933797909,21.118815331010452,1022.1473867595819,
2018-10-05,,,10.516666666666667,187.64930555555554,21.336805555555557,29.440624999999997,1.7,,2.6,,12.7,107.84722222222223,20.785069444444446,1015.295486111111,
2018-10-06,,,24.27016129032258,174.3951612903226,21.409677419354836,29.700000000000003,5.6,,7.5,,21.0,152.84677419354838,22.80806451612903,998.7750000000001,
2018-10-07,,,,,,,,,,,,,,,
2018-10-08,,,,,,,,,,,,,,,
2018-10-09,,,,,,,,,,,,,,,
2018-10-10,,,,,,,,,,,,,,,
2018-10-11,,,,,,,,,,,,,,,
2018-10-12,,,,,,,,,,,,,,,
2018-10-13,,,,,,,,,,,,,,,
2018-10-14,,,,,,,,,,,,,,,
2018-10-15,,,,,,,,,,,,,,,
2018-10-16,,,,,,,,,,,,,,,
2018-10-17,,,,,,,,,,,,,,,
2018-10-18,,,9.5,50.0,20.7,30.8,,,,,,,,,
2018-10-19,,,,,,,,,,,,,,,
2018-10-20,,,,,,,,,,,,,,,
2018-10-21,,,,,,,,,,,,,,,
2018-10-22,,,,,,,,,,,,,,,
2018-10-23,,,,,,,,,,,,,,,
2018-10-24,,,,,,,,,,,,,,,
2018-10-25,,,,,,,,,,,,,,,
2018-10-26,,,,,,,,,,,,,,,
2018-10-27,,,,,,,,,,,,,,,
2018-10-28,,,,,,,,,,,,,,,
2018-10-29,,,,,,,,,,,,,,,
2018-10-30,,,,,,,,,,,,,,,
2018-10-31,,,,,,,,,,,,,,,
2018-11-01,,,,,,,,,,,,,,,
2018-11-02,,,,,,,,,,,,,,,
2018-11-03,,,,,,,,,,,,,,,
2018-11-04,,,,,,,,,,,,,,,
2018-11-05,,,,,,,,,,,,,,,
2018-11-06,,,,,,,,,,,,,,,
2018-11-07,,,,,,,,,,,,,,,
2018-11-08,,,,,,,,,,,,,,,
2018-11-09,,,,,,,,,,,,,,,
2018-11-10,,,,,,,,,,,,,,,
2018-11-11,,,,,,,,,,,,,,,
2018-11-12,,,,,,,,,,,,,,,
2018-11-13,,,,,,,,,,,,,,,
2018-11-14,,,,,,,,,,,,,,,
2018-11-15,,,,,,,,,,,,,,,
2018-11-16,,,,,,,,,,,,,,,
2018-11-17,,,,,,,,,,,,,,,
2018-11-18,,,,,,,,,,,,,,,
2018-11-19,,,,,,,,,,,,,,,
2018-11-20,,,,,,,,,,,,,,,
2018-11-21,,,,,,,,,,,,,,,
2018-11-22,,,,,,,,,,,,,,,
2018-11-23,,,,,,,,,,,,,,,
2018-11-24,,,,,,,,,,,,,,,
2018-11-25,,,,,,,,,,,,,,,
2018-11-26,,,,,,,,,,,,,,,
2018-11-27,,,,,,,,,,,,,,,
2018-11-28,,,,,,,,,,,,,,,
2018-11-29,,,,,,,,,,,,,,,
2018-11-30,,,,,,,,,,,,,,,
2018-12-01,,,,,,,,,,,,,,,
2018-12-02,,,,,,,,,,,,,,,
2018-12-03,,,,,,,,,,,,,,,
2018-12-04,,,,,,,,,,,,,,,
2018-12-05,,,,,,,,,,,,,,,
2018-12-06,,,,,,,,,,,,,,,
2018-12-07,,,,,,,,,,,,,,,
2018-12-08,,,,,,,,,,,,,,,
2018-12-09,,,,,,,,,,,,,,,
2018-12-10,,,,,,,,,,,,,,,
2018-12-11,,,,,,,,,,,,,,,
2018-12-12,,,,,,,,,,,,,,,
2018-12-13,,,,,,,,,,,,,,,
2018-12-14,,,,,,,,,,,,,,,
2018-12-15,,,,,,,,,,,,,,,
2018-12-16,,,,,,,,,,,,,,,
2018-12-17,,,,,,,,,,,,,,,
2018-12-18,,,,,,,,,,,,,,,
2018-12-19,,,,,,,,,,,,,,,
2018-12-20,,,,,,,,,,,,,,,
2018-12-21,,,,,,,,,,,,,,,
2018-12-22,,,,,,,,,,,,,,,
2018-12-23,,,,,,,,,,,,,,,
2018-12-24,,,,,,,,,,,,,,,
2018-12-25,,,,,,,,,,,,,,,
2018-12-26,,,,,,,,,,,,,,,
2018-12-27,,,,,,,,,,,,,,,
2018-12-28,,,,,,,,,,,,,,,
2018-12-29,,,,,,,,,,,,,,,
2018-12-30,,,,,,,,,,,,,,,
2018-12-31,,,,,,,,,,,,,,,
2019-01-01,,,,,,,,,,,,,,,
2019-01-02,,,,,,,,,,,,,,,
2019-01-03,,,,,,,,,,,,,,,
2019-01-04,,,,,,,,,,,,,,,
2019-01-05,,,,,,,,,,,,,,,
2019-01-06,,,,,,,,,,,,,,,
2019-01-07,,,,,,,,,,,,,,,
2019-01-08,,,,,,,,,,,,,,,
2019-01-09,,,,,,,,,,,,,,,
2019-01-10,,,,,,,,,,,,,,,
2019-01-11,,,,,,,,,,,,,,,
2019-01-12,,,,,,,,,,,,,,,
2019-01-13,,,,,,,,,,,,,,,
2019-01-14,,,,,,,,,,,,,,,
2019-01-15,,,,,,,,,,,,,,,
2019-01-16,,,,,,,,,,,,,,,
2019-01-17,,,,,,,,,,,,,,,
2019-01-18,,,,,,,,,,,,,,,
2019-01-19,,,,,,,,,,,,,,,
2019-01-20,,,,,,,,,,,,,,,
2019-01-21,,,,,,,,,,,,,,,
2019-01-22,,,,,,,,,,,,,,,
2019-01-23,,,,,,,,,,,,,,,
2019-01-24,,,,,,,,,,,,,,,
2019-01-25,,,,,,,,,,,,,,,
2019-01-26,,,,,,,,,,,,,,,
2019-01-27,,,,,,,,,,,,,,,
2019-01-28,,,,,,,,,,,,,,,
2019-01-29,,,,,,,,,,,,,,,
2019-01-30,,,,,,,,,,,,,,,
2019-01-31,,,,,,,,,,,,,,,
2019-02-01,,,,,,,,,,,,,,,
2019-02-02,,,,,,,,,,,,,,,
2019-02-03,,,,,,,,,,,,,,,
2019-02-04,,,,,,,,,,,,,,,
2019-02-05,,,,,,,,,,,,,,,
2019-02-06,,,,,,,,,,,,,,,
2019-02-07,,,,,,,,,,,,,,,
2019-02-08,,,,,,,,,,,,,,,
2019-02-09,,,,,,,,,,,,,,,
2019-02-10,,,,,,,,,,,,,,,
2019-02-11,,,,,,,,,,,,,,,
2019-02-12,,,,,,,,,,,,,,,
2019-02-13,,,,,,,,,,,,,,,
2019-02-14,,,,,,,,,,,,,,,
2019-02-15,,,,,,,,,,,,,,,
2019-02-16,,,,,,,,,,,,,,,
2019-02-17,,,,,,,,,,,,,,,
2019-02-18,,,,,,,,,,,,,,,
2019-02-19,,,,,,,,,,,,,,,
2019-02-20,,,,,,,,,,,,,,,
2019-02-21,,,,,,,,,,,,,,,
2019-02-22,,,,,,,,,,,,,,,
2019-02-23,,,,,,,,,,,,,,,
2019-02-24,,,,,,,,,,,,,,,
2019-02-25,,,,,,,,,,,,,,,
2019-02-26,,,,,,,,,,,,,,,
2019-02-27,,,,,,,,,,,,,,,
2019-02-28,,,,,,,,,,,,,,,
2019-03-01,,,,,,,,,,,,,,,
2019-03-02,,,,,,,,,,,,,,,
2019-03-03,,,,,,,,,,,,,,,
2019-03-04,,,,,,,,,,,,,,,
2019-03-05,,,,,,,,,,,,,,,
2019-03-06,,,,,,,,,,,,,,,
2019-03-07,,,,,,,,,,,,,,,
2019-03-08,,,,,,,,,,,,,,,
2019-03-09,,,,,,,,,,,,,,,
2019-03-10,,,,,,,,,,,,,,,
2019-03-11,,,,,,,,,,,,,,,
2019-03-12,,,,,,,,,,,,,,,
2019-03-13,,,,,,,,,,,,,,,
2019-03-14,,,,,,,,,,,,,,,
2019-03-15,,,,,,,,,,,,,,,
2019-03-16,,,,,,,,,,,,,,,
2019-03-17,,,,,,,,,,,,,,,
2019-03-18,,,,,,,,,,,,,,,
2019-03-19,,,,,,,,,,,,,,,
2019-03-20,,,,,,,,,,,,,,,
2019-03-21,,,,,,,,,,,,,,,
2019-03-22,,,,,,,,,,,,,,,
2019-03-23,,,,,,,,,,,,,,,
2019-03-24,,,,,,,,,,,,,,,
2019-03-25,,,,,,,,,,,,,,,
2019-03-26,,,,,,,,,,,,,,,
2019-03-27,,,,,,,,,,,,,,,
2019-03-28,,,,,,,,,,,,,,,
2019-03-29,,,,,,,,,,,,,,,
2019-03-30,,,,,,,,,,,,,,,
2019-03-31,,,,,,,,,,,,,,,
2019-04-01,,,,,,,,,,,,,,,
2019-04-02,,,,,,,,,,,,,,,
2019-04-03,,,30.721142857142855,134.6742857142857,13.061142857142858,34.276666666666664,1.0,,1.7,,9.6,169.37714285714284,11.685142857142857,1021.624,
2019-04-04,,,19.414930555555557,146.59027777777777,12.865972222222222,34.24409722222222,1.2,,2.1,,11.2,189.26736111111111,12.401736111111111,1017.2416666666666,
2019-04-05,,,19.61853146853147,137.02447552447552,13.041258741258742,34.22797202797203,1.4,,2.3,,10.0,186.78745644599303,13.941463414634146,1009.0773519163763,
2019-04-06,,,18.88888888888889,155.59722222222223,13.212152777777778,34.27986111111111,1.0,,1.4,,6.3,188.22222222222223,14.182291666666666,1011.3861111111112,
2019-04-07,,,18.96423611111111,154.15277777777777,13.194791666666667,34.26979166666666,0.7,,1.0,,8.4,203.54166666666666,12.944791666666667,1010.1364583333333,
2019-04-08,,,20.39721254355401,149.73867595818814,13.21219512195122,34.18675958188153,1.0,,1.6,,11.0,204.4738675958188,12.930662020905922,1013.7188153310104,
2019-04-09,,,15.465086206896553,162.43103448275863,13.094827586206897,34.20043290043291,1.4,,2.1,,13.9,175.88362068965517,12.08060344827586,1019.1728448275862,
2019-04-10,,,,,,,,,,,,,,,
2019-04-11,,,,,,,,,,,,,,,
2019-04-12,,,11.4109243697479,185.31932773109244,13.6072,34.204,0.4,,0.6,,3.3,206.79365079365078,13.853174603174603,1019.0818181818181,
2019-04-13,,,14.339721254355402,119.38327526132404,13.553658536585367,34.227526132404186,0.5,,0.8,,6.8,195.34375,13.723263888888889,1020.2079861111112,
2019-04-14,,,14.255208333333334,123.39930555555556,13.48611111111111,34.117361111111116,0.5,,0.9,,9.5,166.95833333333334,14.375,1014.5576388888888,
2019-04-15,,,13.91875,125.63888888888889,13.287500000000001,34.1888888888889,0.6,,1.1,,6.5,220.90277777777777,12.732291666666667,1017.9222222222221,
2019-04-16,,,17.260069444444444,148.58680555555554,13.347222222222221,34.16319444444444,0.4,,0.7,,7.4,164.30555555555554,15.261111111111111,1017.2194444444444,
2019-04-17,,,19.680836236933796,160.81533101045295,13.390972222222222,34.13194444444444,0.3,,0.5,,7.0,194.09722222222223,16.860416666666666,1012.4694444444444,
2019-04-18,,,22.530208333333334,146.85763888888889,13.356597222222224,34.08402777777778,1.0,,1.7,,10.5,161.20833333333334,15.576736111111112,1011.3621527777777,
2019-04-19,,,19.201393728222996,159.74564459930315,13.216376306620209,34.09860627177701,1.0,,1.6,,12.2,167.94076655052265,13.190940766550524,1016.7641114982578,
2019-04-20,,,22.167595818815332,148.4808362369338,13.230662020905923,34.07491289198606,0.7,,1.1,,4.6,186.36933797909407,13.596515679442508,1015.3414634146342,
2019-04-21,,,21.35993031358885,147.29965156794424,13.439372822299651,34.03240418118467,0.4,,0.6,,7.6,186.43205574912892,15.746341463414634,1012.3578397212544,
2019-04-22,,,18.776842105263157,164.41754385964913,13.57578947368421,34.06070175438597,0.6,,0.9,,10.3,220.88111888111888,15.806643356643356,1016.260839160839,
2019-04-23,,,32.8,87.0,13.6,34.1,0.4,,0.6,,4.1,305.0,14.6,1017.4,
2019-04-24,,,14.131597222222222,148.76041666666666,13.958333333333334,33.927083333333336,1.2,,2.5,,7.8,204.27777777777777,16.031597222222224,1006.5805555555556,
2019-04-25,,,11.387456445993031,176.6341463414634,13.991289198606271,33.994773519163765,0.9,,1.4,,10.0,217.7665505226481,14.636933797909409,1008.0703832752614,
2019-04-26,,,14.157291666666667,134.19444444444446,14.097569444444444,33.963541666666664,0.8,,1.3,,7.1,165.22916666666666,11.93611111111111,1010.4951388888888,
2019-04-27,,,9.93658536585366,133.0034843205575,14.14006968641115,33.93937282229965,1.0,,1.5,,8.2,143.27177700348432,12.457142857142857,1020.6714285714286,
2019-04-28,,,7.667595818815331,165.94773519163763,14.327972027972029,33.89755244755244,0.7,,1.1,,4.2,191.17073170731706,13.592682926829267,1021.0574912891987,
2019-04-29,,,9.241958041958041,186.21328671328672,14.257894736842106,33.84456140350877,1.0,,1.6,,8.1,225.93379790940767,13.942160278745645,1013.9836236933797,
2019-04-30,,,11.349825783972125,168.6829268292683,14.224825174825176,33.784615384615385,1.0,,1.6,,8.0,171.65505226480838,15.151567944250871,1008.3724738675959,
2019-05-01,,,13.227972027972028,173.82867132867133,14.428321678321678,33.728671328671325,0.6,,0.9,,7.4,221.95104895104896,16.455594405594407,1005.1087412587411,
2019-05-02,,,16.40798611111111,164.61458333333334,14.430555555555555,33.750347222222224,0.7,,1.1,,6.2,200.48611111111111,16.69861111111111,1010.3767361111111,
2019-05-03,,,18.173170731707316,166.73519163763066,14.49965156794425,33.71114982578397,0.5,,0.9,,9.2,201.44444444444446,17.559375000000003,1015.78125,
2019-05-04,,,19.61958041958042,163.25874125874125,14.713286713286713,33.651398601398604,0.4,,0.5,,4.3,201.6118881118881,17.357692307692307,1017.7940559440559,
2019-05-05,,,21.028919860627177,152.13588850174216,14.64773519163763,33.64529616724739,0.8,,1.5,,8.3,179.21951219512195,17.198606271777003,1016.045644599303,
2019-05-06,,,17.632517482517482,174.73076923076923,14.727272727272727,33.76328671328671,1.1,,1.9,,12.5,184.69230769230768,15.73216783216783,1014.5451048951049,
2019-05-07,,,20.622996515679443,143.13937282229966,15.145644599303136,33.71358885017421,0.8,,1.2,,7.5,173.45138888888889,14.913888888888888,1016.3114583333333,
2019-05-08,,,20.32534722222222,154.19097222222223,15.02465277777778,33.68680555555556,0.8,,1.1,,8.6,158.99305555555554,16.35486111111111,1012.923263888889,
2019-05-09,,,18.33101045296167,159.10104529616726,14.77177700348432,33.69512195121951,0.6,,1.1,,9.6,161.12543554006967,17.460975609756098,1009.1815331010453,
2019-05-10,,,15.455902777777778,174.47222222222223,14.753124999999999,33.664236111111116,0.5,,0.8,,5.7,192.91319444444446,18.007638888888888,1012.1034722222222,
2019-05-11,,,16.886458333333334,128.27083333333334,14.883275261324043,33.56062717770035,0.3,,0.6,,2.4,186.51736111111111,17.765277777777776,1013.7569444444445,
2019-05-12,,,19.13240418118467,196.50871080139373,15.138811188811188,33.48426573426573,0.6,,1.0,,12.0,167.30313588850174,18.321602787456445,1015.858536585366,
2019-05-13,,,14.806620209059233,184.18118466898954,15.551567944250872,33.479442508710804,0.7,,1.2,,7.7,186.25435540069685,16.42473867595819,1015.8714285714285,
2019-05-14,,,14.452430555555557,167.94097222222223,15.882291666666667,33.532986111111114,0.4,,0.8,,5.6,177.90972222222223,19.007291666666667,1013.1239583333333,
2019-05-15,,,19.464808362369336,168.0034843205575,15.625435540069686,33.53414634146341,0.4,,0.6,,4.6,230.46341463414635,19.634146341463413,1013.4024390243902,
2019-05-16,,,19.500381679389314,179.66539923954372,15.4106463878327,33.789353612167304,0.5,,0.8,,3.6,243.59375,19.059375000000003,1012.8010416666667,
2019-05-17,,,19.529166666666665,165.96527777777777,15.326041666666665,33.96458333333333,0.8,,1.3,,7.9,230.5625,19.69826388888889,1013.5079861111111,
2019-05-18,,,20.155208333333334,175.95486111111111,15.491666666666667,33.89861111111111,1.6,,2.7,,10.1,136.96527777777777,18.27951388888889,1012.7392361111112,
2019-05-19,,,20.947916666666668,168.57291666666666,15.997569444444444,33.881249999999994,2.3,,3.0,,9.3,134.51388888888889,19.502083333333335,1011.1711805555556,
2019-05-20,,,20.774564459930314,161.33449477351917,15.810801393728223,33.88641114982578,2.0,,3.0,,9.4,150.5625,18.75486111111111,1004.3309027777777,
2019-05-21,,,19.130208333333332,148.85416666666666,15.447569444444444,34.077083333333334,1.0,,1.4,,10.2,172.84722222222223,17.46597222222222,1006.6868055555556,
2019-05-22,,,19.045296167247386,158.8780487804878,15.530662020905924,34.1184668989547,0.7,,1.2,,7.7,166.33101045296166,18.51881533101045,1007.1466898954703,
2019-05-23,,,18.358680555555555,154.38541666666666,15.53298611111111,34.12708333333333,1.1,,2.0,,9.0,178.52083333333334,17.608680555555555,1008.6284722222222,
2019-05-24,,,24.3,92.0,16.2,34.1,0.6,,0.9,,3.1,352.0,16.5,1010.1,
2019-05-25,,,12.249652777777778,165.60763888888889,15.813194444444443,34.045138888888886,0.7,,1.2,,7.0,182.39930555555554,21.09826388888889,1013.7874999999999,
2019-05-26,,,13.308333333333334,120.69444444444444,15.949305555555554,34.06736111111111,0.4,,0.9,,7.8,191.1875,19.303125,1016.0895833333333,
2019-05-27,,,15.861672473867596,88.54355400696865,15.903832752613239,33.87038327526132,2.1,,3.2,,12.0,203.21254355400697,18.438327526132404,1008.8620209059234,
2019-05-28,,,11.196864111498257,152.87456445993033,15.694425087108014,33.832055749128926,1.4,,2.1,,6.9,196.71428571428572,18.199303135888503,1009.0006968641115,
2019-05-29,,,14.593728222996514,157.02090592334494,16.21707317073171,33.64320557491289,0.8,,1.3,,7.4,169.71428571428572,19.310801393728223,1009.5853658536586,
2019-05-30,,,16.918055555555554,161.33680555555554,16.121875000000003,33.736805555555556,0.5,,0.9,,8.6,182.14236111111111,20.39236111111111,1010.5038194444444,
2019-05-31,,,18.283333333333335,142.90277777777777,15.478819444444444,33.86493055555556,0.5,,0.9,,8.4,203.37847222222223,18.289930555555557,1010.4732638888888,
2019-06-01,,,20.314930555555556,158.70833333333334,15.804166666666667,33.74166666666667,0.3,,0.5,,7.1,187.51736111111111,18.296527777777776,1009.8062500000001,
2019-06-02,,,22.92937062937063,169.82867132867133,15.7513986013986,33.73776223776224,0.3,,0.5,,5.4,195.03496503496504,18.726223776223776,1007.3059440559441,
2019-06-03,,,23.521875,156.96180555555554,15.696874999999999,33.72534722222222,0.4,,0.6,,7.3,241.45138888888889,18.733333333333334,1007.9798611111112,
2019-06-04,,,25.077622377622376,165.30769230769232,15.734265734265735,33.593006993006995,0.3,,0.5,,4.3,162.3205574912892,21.33101045296167,1008.9480836236933,
2019-06-05,,,25.127083333333335,161.70833333333334,15.964583333333334,33.35868055555555,0.6,,0.8,,7.0,218.20138888888889,20.679513888888888,1011.2409722222224,
2019-06-06,,,24.828472222222224,155.50694444444446,16.04513888888889,32.91770833333334,0.3,,0.6,,9.1,192.03472222222223,19.849652777777777,1011.2020833333333,
2019-06-07,,,24.068402777777777,147.33680555555554,16.955208333333335,32.06458333333333,1.5,,2.6,,10.1,196.55555555555554,19.077777777777776,1001.4434027777778,
2019-06-08,,,19.94375,193.49305555555554,17.299305555555556,31.28923611111111,1.5,,2.3,,8.2,151.67013888888889,18.797569444444445,1008.8375000000001,
2019-06-09,,,21.119791666666668,162.10069444444446,17.671180555555555,30.59861111111111,0.8,,1.6,,9.8,168.49652777777777,18.240625,1006.7944444444444,
2019-06-10,,,19.336805555555557,200.8125,18.271875,30.42430555555556,1.0,,1.6,,11.0,130.625,18.592361111111114,1006.6343750000001,
2019-06-11,,,15.320486111111112,170.75347222222223,18.869097222222223,30.796527777777776,1.0,,1.6,,10.3,128.6875,18.38784722222222,1008.8076388888888,
2019-06-12,,,15.115034965034964,151.43006993006992,19.43881118881119,31.514685314685316,0.8,,1.2,,7.9,150.5979020979021,18.77937062937063,1011.0517482517482,
2019-06-13,,,17.861324041811844,169.9128919860627,19.802439024390246,31.878397212543554,0.5,,0.8,,5.0,221.70383275261324,19.28919860627178,1010.9501742160279,
2019-06-14,,,21.7423487544484,176.41281138790035,19.315302491103203,32.0067615658363,0.5,,0.7,,6.4,224.7864768683274,20.211032028469752,1005.7213523131672,
2019-06-15,,,25.461061946902653,133.98230088495575,18.478070175438596,32.15263157894737,0.6,,1.0,,7.5,203.8053097345133,19.386725663716813,999.9303571428571,
2019-06-16,,,20.079185520361992,164.9049773755656,18.970135746606335,31.914932126696833,0.7,,1.2,,7.6,143.71945701357467,19.55248868778281,1006.7126696832579,
2019-06-17,,,21.5812734082397,155.64794007490636,19.50374531835206,31.653932584269665,1.2,,1.6,,8.5,134.16479400749063,20.134082397003745,1012.2794007490636,
2019-06-18,,,19.986666666666665,152.4925925925926,17.47888888888889,31.544444444444444,0.9,,1.3,,7.4,147.67407407407407,19.917037037037037,1010.1551851851852,
2019-06-19,,,19.114388489208633,164.07553956834533,17.142086330935253,31.29136690647482,0.5,,0.8,,4.5,189.07553956834533,21.328057553956835,1006.7233812949639,
2019-06-20,,,19.02251082251082,171.8095238095238,16.958874458874458,30.903896103896106,0.4,,0.7,,6.7,187.67099567099567,21.70909090909091,1006.0761904761905,
2019-06-21,,,21.85625,210.79166666666666,17.3,30.771134020618558,0.5,,0.9,,10.1,183.43298969072166,21.509278350515466,1005.2427083333333,
2019-06-22,,,21.370383275261325,166.7212543554007,18.76445993031359,29.035888501742157,0.8,,1.4,,9.7,183.4808362369338,20.126480836236933,1006.9996515679443,
2019-06-23,,,19.086458333333333,215.85416666666666,19.714285714285715,28.252613240418118,0.7,,1.2,,9.2,194.49305555555554,19.984722222222224,1008.4166666666666,
2019-06-24,,,8.5,93.0,20.0,31.1,0.4,,0.5,,1.7,278.0,19.4,1010.5,
2019-06-25,,,17.677700348432055,199.5261324041812,20.013588850174216,25.48780487804878,0.5,,0.8,,5.5,195.6376306620209,20.916376306620208,1015.5303135888502,
2019-06-26,,,13.093402777777778,219.77777777777777,20.266319444444445,25.095138888888886,1.1,,1.8,,6.7,224.37847222222223,21.314583333333335,1010.3208333333334,
2019-06-27,,,15.041114982578398,182.5993031358885,20.16118881118881,26.54055944055944,1.2,,2.2,,6.5,209.97909407665506,21.966898954703833,1001.422299651568,
2019-06-28,,,19.470175438596492,183.53333333333333,19.891578947368423,26.77263157894737,0.7,,1.2,,7.8,193.8041958041958,21.458041958041957,1003.1013986013986,
2019-06-29,,,17.858680555555555,220.90277777777777,19.86875,25.610416666666666,1.6,,2.5,,12.9,175.13888888888889,21.172916666666666,999.1215277777778,
2019-06-30,,,18.058680555555554,201.52777777777777,19.39236111111111,26.382986111111112,1.5,,2.1,,6.8,196.52777777777777,22.117708333333333,999.9104166666667,
2019-07-01,,,18.952430555555555,164.30902777777777,18.427777777777777,27.52847222222222,0.8,,1.3,,7.4,196.55902777777777,21.609027777777776,1004.8711805555556,
2019-07-02,,,29.744791666666668,159.45138888888889,17.539930555555557,27.327430555555555,0.6,,0.9,,6.7,184.56944444444446,21.399652777777778,1008.2069444444444,
2019-07-03,,,28.813636363636366,171.64335664335664,17.076573426573425,26.733216783216783,0.4,,0.6,,4.7,164.02797202797203,19.98111888111888,1007.7961538461539,
2019-07-04,,,29.123958333333334,159.52430555555554,17.540972222222223,28.079513888888886,0.5,,0.9,,3.8,193.22222222222223,21.470138888888886,1006.0045138888888,
2019-07-05,,,28.835888501742158,156.63066202090593,17.189895470383274,27.71254355400697,0.5,,0.7,,7.0,205.78397212543555,20.351219512195122,1003.7017421602789,
2019-07-06,,,27.359375,169.64236111111111,18.727083333333333,28.29340277777778,1.4,,2.0,,12.2,153.15625,23.017013888888886,1004.3524305555555,
2019-07-07,,,24.194791666666667,198.69097222222223,20.588194444444444,28.032291666666666,1.4,,2.4,,11.0,117.62152777777777,22.172569444444445,1007.9170138888888,
2019-07-08,,,20.17465277777778,198.89583333333334,21.07326388888889,27.312152777777776,0.9,,1.7,,11.0,163.15625,21.894791666666666,1007.3024305555555,
2019-07-09,,,13.297212543554007,154.70383275261324,21.24076655052265,28.84285714285714,0.8,,1.4,,10.4,172.49652777777777,21.972916666666666,1006.4635416666666,
2019-07-10,,,10.827177700348432,183.82229965156793,21.47630662020906,29.142857142857142,0.9,,1.6,,12.0,152.09407665505228,21.877351916376305,1005.1324041811847,
2019-07-11,,,12.59513888888889,157.22222222222223,22.118055555555557,28.602777777777778,1.8,,3.2,,8.3,169.98263888888889,23.221180555555556,1002.4319444444445,
2019-07-12,,,13.687152777777778,171.11458333333334,22.114583333333332,28.634027777777778,1.1,,2.0,,6.3,186.64236111111111,22.84548611111111,1006.1284722222222,
2019-07-13,,,18.809059233449478,130.17770034843207,21.625435540069688,28.35993031358885,0.6,,1.1,,6.9,190.04513888888889,21.99375,1002.3947916666667,
2019-07-14,,,18.439298245614033,120.36491228070176,21.55157894736842,28.34245614035088,0.6,,1.0,,8.1,200.74652777777777,22.511458333333334,1002.6954861111111,
2019-07-15,,,18.852961672473867,150.61324041811847,21.954355400696862,28.598606271777,0.7,,1.0,,5.7,194.02777777777777,22.94375,1007.876388888889,
2019-07-16,,,18.964583333333334,137.17361111111111,22.17673611111111,28.51631944444445,0.6,,1.0,,6.5,189.12152777777777,23.265277777777776,1011.4347222222223,
2019-07-17,,,19.434494773519162,132.3588850174216,22.233449477351915,28.22857142857143,0.7,,1.4,,7.8,237.50694444444446,23.178819444444443,1012.3756944444444,
2019-07-18,,,26.668641114982577,197.18466898954705,22.29059233449477,27.648780487804878,0.5,,0.9,,5.1,199.69791666666666,22.547916666666666,1010.4406250000001,
2019-07-19,,,23.23205574912892,199.61324041811847,22.104181184668988,27.096515679442508,2.0,,2.7,,8.9,214.38327526132403,23.47770034843206,1008.5146341463415,
2019-07-20,,,25.11780821917808,189.76712328767124,21.599999999999998,27.365753424657534,2.6,,3.3,,10.8,89.20833333333333,23.316438356164383,1006.0205479452055,
2019-07-21,,,,,,,,,,,,,,,
2019-07-22,,,,,,,,,,,,,,,
2019-07-23,,,,,19.3,25.3,,,,,7.2,,24.1,,
2019-07-24,,,,,,,,,,,,,,,
2019-07-25,,,,,,,,,,,,,,,
2019-07-26,,,10.647524752475249,160.85714285714286,20.30535714285714,32.37789473684211,0.6,,1.6,,7.2,220.77678571428572,24.06964285714286,1005.4954954954954,
2019-07-27,,,24.349305555555556,235.50694444444446,19.803819444444443,32.29618055555555,0.6,,0.9,,7.2,183.72222222222223,23.676041666666666,1007.3927083333333,
2019-07-28,,,25.12013888888889,195.65625,20.435069444444444,32.55520833333333,0.6,,1.2,,8.7,195.05902777777777,24.75625,1010.7732638888889,
2019-07-29,,,25.703125,180.76388888888889,21.291666666666668,32.33541666666667,0.6,,0.9,,7.3,191.78819444444446,24.891319444444445,1011.1444444444444,
2019-07-30,,,23.67673611111111,192.03125,21.459027777777777,32.42465277777777,0.7,,1.2,,8.8,191.75347222222223,24.901041666666668,1009.8843750000001,
2019-07-31,,,25.319791666666667,188.36805555555554,21.12222222222222,32.640277777777776,0.6,,0.9,,8.2,199.65625,24.946180555555557,1010.7770833333333,
2019-08-01,,,27.61875,183.65625,21.041319444444444,32.685763888888886,0.4,,0.7,,6.6,184.34027777777777,25.536805555555556,1011.7038194444444,
2019-08-02,,,28.17142857142857,186.7595818815331,20.41533101045296,32.78989547038328,0.3,,0.7,,4.3,183.82986111111111,27.61423611111111,1011.2736111111111,
2019-08-03,,,27.8,191.8041958041958,21.816083916083915,32.728671328671325,0.5,,1.2,,7.1,185.42307692307693,26.894055944055943,1011.3828671328671,
2019-08-04,,,31.923693379790944,203.7595818815331,22.254703832752615,32.559581881533106,0.4,,0.8,,6.1,213.92708333333334,27.115277777777777,1010.8434027777779,
2019-08-05,,,28.045804195804198,152.75174825174824,22.137762237762235,32.16503496503497,0.6,,1.0,,8.8,226.74216027874564,26.81602787456446,1009.6142857142856,
2019-08-06,,,18.524652777777778,178.71875,25.190624999999997,31.001041666666666,2.4,,3.2,,14.0,124.83680555555556,26.40798611111111,1004.3524305555555,
2019-08-07,,,13.511498257839722,163.47038327526133,25.28048780487805,30.354355400696868,1.5,,1.9,,8.3,178.47038327526133,26.481533101045297,1006.5770034843205,
2019-08-08,,,20.62439024390244,187.89547038327527,24.762237762237763,31.247902097902095,0.5,,0.8,,3.0,221.14982578397212,27.844599303135887,1008.5365853658536,
2019-08-09,,,25.825435540069684,214.22648083623693,24.070731707317073,32.52822299651568,1.3,,1.6,,3.9,196.69686411149826,27.111149825783972,1007.677700348432,
2019-08-10,,,29.576842105263157,255.1859649122807,24.82,32.266666666666666,1.6,,2.0,,9.4,192.52797202797203,27.60174825174825,1006.9520979020979,
2019-08-11,,,17.874125874125873,205.1958041958042,27.104545454545452,31.887762237762235,1.6,,2.2,,8.3,189.85314685314685,27.837062937062935,1004.5622377622377,
2019-08-12,,,23.108680555555555,179.77083333333334,26.916319444444444,31.519444444444446,1.4,,2.2,,5.0,200.28472222222223,28.781597222222224,1002.938888888889,
2019-08-13,,,24.352430555555557,201.5,27.193055555555556,31.018402777777776,0.9,,1.3,,9.5,172.55208333333334,29.712152777777778,1002.3545138888888,
2019-08-14,,,21.530902777777776,161.04513888888889,27.31597222222222,30.653472222222224,1.4,,2.1,,11.6,114.15625,29.080208333333335,998.0916666666667,
2019-08-15,,,15.034965034965035,155.26223776223776,27.2506993006993,30.51153846153846,1.9,,2.5,,8.0,110.19163763066202,27.93170731707317,988.8010452961673,
2019-08-16,,,24.537762237762237,122.06993006993007,27.244755244755243,30.722377622377625,1.2,,1.7,,9.3,155.26388888888889,28.2125,994.7885416666666,
2019-08-17,,,20.911458333333332,139.01041666666666,27.055555555555557,30.840625000000003,1.0,,1.6,,8.2,159.61805555555554,27.179861111111112,1002.3513888888889,
2019-08-18,,,22.12951388888889,172.65277777777777,25.961111111111112,30.73090277777778,0.7,,1.1,,6.5,161.71527777777777,26.988194444444446,1005.9677083333333,
2019-08-19,,,22.55138888888889,181.75694444444446,24.938194444444445,30.43333333333333,0.5,,0.7,,5.8,164.26388888888889,26.558680555555554,1008.8326388888888,
2019-08-20,,,22.45798611111111,194.875,25.461805555555557,30.46284722222222,0.8,,1.3,,9.8,199.6875,26.365277777777777,1009.8413194444444,
2019-08-21,,,16.939930555555556,149.95138888888889,26.303472222222222,29.825000000000003,0.6,,0.9,,6.1,203.5625,26.34201388888889,1009.1531249999999,
2019-08-22,,,19.517073170731706,148.22648083623693,25.74703832752613,29.018466898954703,1.6,,2.3,,12.7,198.8048780487805,26.67979094076655,1006.212543554007,
2019-08-23,,,12.027972027972028,186.4265734265734,24.09895104895105,29.02377622377622,1.1,,1.6,,5.6,192.21328671328672,26.088111888111886,1008.0255244755244,
2019-08-24,,,24.274564459930314,130.15331010452962,24.115331010452962,28.550871080139373,0.4,,0.9,,7.3,161.5574912891986,25.855400696864113,1010.2432055749128,
2019-08-25,,,26.3,79.0,24.8,28.2,0.2,,0.4,,0.8,111.0,24.6,1011.6,
2019-08-26,,,19.26411149825784,121.25435540069687,25.113240418118465,27.65121951219512,0.7,,1.0,,5.0,190.30662020905925,25.006968641114984,1012.8324041811848,
2019-08-27,,,18.180836236933796,122.22299651567944,24.68951048951049,27.226923076923075,1.2,,1.9,,6.0,181.70034843205576,24.1191637630662,1007.8344947735192,
2019-08-28,,,23.103819444444444,135.125,24.607291666666665,26.695486111111112,0.8,,1.3,,6.6,198.25694444444446,24.36284722222222,1007.0562500000001,
2019-08-29,,,28.919791666666665,170.1875,23.914236111111112,26.630555555555556,0.7,,1.2,,7.2,189.60416666666666,24.16701388888889,1007.0729166666666,
2019-08-30,,,26.21149825783972,160.1184668989547,22.510801393728226,26.887108013937283,0.5,,0.9,,7.1,184.6875,24.244097222222223,1008.4499999999999,
2019-08-31,,,29.112152777777776,160.97222222222223,20.787152777777777,26.94236111111111,0.4,,0.8,,8.4,188.63888888888889,23.912847222222222,1013.0947916666667,
2019-09-01,,,32.46006944444444,160.42708333333334,19.834722222222222,26.805555555555557,0.5,,0.8,,3.2,204.42708333333334,22.560416666666665,1016.9923611111111,
2019-09-02,,,28.03402777777778,174.0,20.146180555555556,26.480555555555554,0.4,,0.8,,6.2,249.75,21.716666666666665,1016.9319444444445,
2019-09-03,,,23.402439024390244,189.55052264808361,22.746341463414634,25.949477351916375,0.5,,0.8,,7.3,235.44791666666666,23.438541666666666,1015.5100694444445,
2019-09-04,,,18.43576388888889,164.43402777777777,23.898263888888888,25.72986111111111,0.6,,1.0,,6.6,155.62847222222223,24.664930555555557,1013.9097222222222,
2019-09-05,,,16.533216783216783,162.11888111888112,24.317132867132866,25.97097902097902,0.8,,1.1,,5.5,150.40972222222223,25.904861111111114,1012.5583333333333,
2019-09-06,,,16.70487804878049,171.0348432055749,24.15574912891986,25.996864111498258,1.6,,2.2,,9.4,178.55400696864112,27.201393728222996,1009.4564459930314,
2019-09-07,,,18.900347222222223,123.19097222222223,24.87986111111111,25.587152777777778,4.8,,6.4,,12.1,175.20833333333334,26.422569444444445,1004.9822916666667,
2019-09-08,,,11.589198606271777,188.09407665505228,23.385714285714286,25.40801393728223,1.2,,2.0,,4.1,193.9375,24.959027777777777,1008.201736111111,
2019-09-09,,,19.710763888888888,151.54861111111111,22.540972222222223,24.524652777777778,0.9,,1.3,,4.4,201.61805555555554,25.513541666666665,1010.1229166666667,
2019-09-10,,,19.0801393728223,217.13937282229966,22.08919860627178,24.79303135888502,1.0,,1.4,,5.0,186.56794425087108,25.55470383275261,1013.287456445993,
2019-09-11,,,23.90801393728223,197.17770034843207,21.578745644599305,25.10348432055749,0.5,,0.8,,10.4,169.42857142857142,24.147038327526133,1014.7540069686412,
2019-09-12,,,29.61080139372822,176.26132404181186,22.86724738675958,25.00452961672474,1.3,,2.3,,9.7,126.65156794425087,22.76864111498258,1016.1393728222996,
2019-09-13,,,18.582578397212544,159.26480836236934,22.97142857142857,24.61602787456446,1.2,,1.8,,10.9,110.94076655052265,23.309756097560975,1013.387456445993,
2019-09-14,,,20.743205574912892,157.18118466898954,23.423344947735192,23.79581881533101,0.9,,1.3,,4.3,109.25435540069687,23.500696864111497,1011.1372822299652,
2019-09-15,,,20.59548611111111,175.62152777777777,23.50277777777778,23.518749999999997,0.9,,1.3,,11.0,157.25694444444446,24.23888888888889,1009.9072916666667,
2019-09-16,,,20.62404181184669,147.72473867595818,23.617770034843208,23.89547038327526,1.0,,1.5,,10.8,127.86062717770035,23.278397212543553,1009.9919860627178,
2019-09-17,,,14.835416666666667,162.29861111111111,23.709375,23.812847222222224,1.4,,2.2,,12.0,121.66666666666667,23.053472222222222,1013.5229166666666,
2019-09-18,,,13.06341463414634,151.89547038327527,23.61602787456446,21.02473867595819,1.0,,1.7,,8.9,116.27526132404181,23.157839721254355,1014.4606271777004,
2019-09-19,,,12.377972027972028,163.14685314685315,23.563986013986014,24.17867132867133,1.1,,2.0,,9.7,120.17770034843205,22.019163763066203,1017.5090592334494,
2019-09-20,,,9.651219512195123,176.16724738675958,23.46062717770035,24.52508710801394,1.6,,2.6,,11.0,122.92708333333333,22.150347222222223,1016.3333333333334,
2019-09-21,,,11.054513888888888,200.8125,23.116319444444443,24.191666666666666,2.0,,3.0,,15.6,109.97916666666667,20.01388888888889,1016.953125,
2019-09-22,,,9.03298611111111,258.6979166666667,22.717708333333334,23.951736111111114,4.4,,6.0,,16.0,126.15625,19.264236111111114,1005.217361111111,
2019-09-23,,,10.378321678321678,132.7937062937063,22.68076923076923,23.60104895104895,4.7,,5.7,,13.6,136.205574912892,19.41533101045296,1011.9,
2019-09-24,,,14.08745644599303,193.4390243902439,22.741463414634147,23.59616724738676,1.3,,1.6,,4.5,135.17770034843207,20.277003484320556,1017.9181184668989,
2019-09-25,,,12.1,83.0,22.8,25.0,0.5,,0.8,,3.1,153.0,19.5,1019.8,
2019-09-26,,,14.980419580419579,143.17832167832168,22.77027972027972,24.34895104895105,0.8,,1.3,,9.3,197.17421602787456,22.80731707317073,1023.155400696864,
2019-09-27,,,19.28850174216028,156.83275261324042,22.734146341463415,24.967247386759585,0.6,,1.0,,7.4,212.6411149825784,22.60383275261324,1022.3010452961673,
2019-09-28,,,24.17361111111111,169.91319444444446,22.476041666666667,25.420486111111114,0.7,,1.4,,6.6,256.6041666666667,22.644444444444446,1018.3670138888889,
2019-09-29,,,23.89017543859649,181.02456140350878,22.686315789473685,25.389122807017543,0.4,,0.6,,3.7,240.57894736842104,23.383508771929826,1015.7585964912281,
2019-09-30,,,27.31875,198.07638888888889,22.24947735191638,25.714982578397212,0.3,,0.4,,4.0,185.32986111111111,23.400347222222223,1016.4916666666666,
2019-10-01,,,29.005964912280703,192.8,21.59122807017544,25.91894736842105,0.4,,0.6,,5.3,194.8916083916084,22.92132867132867,1018.4867132867133,
2019-10-02,,,23.527430555555554,201.66666666666666,21.796180555555555,25.662847222222222,3.7,,5.3,,13.5,188.64236111111111,23.672569444444445,1011.4493055555556,
2019-10-03,,,22.835069444444443,160.99305555555554,20.594791666666666,25.663541666666667,3.8,,5.3,,15.1,185.58680555555554,24.609375,1003.2416666666666,
2019-10-04,,,21.960069444444443,214.47916666666666,21.132291666666667,25.594791666666666,1.0,,1.5,,5.8,138.34722222222223,22.439930555555556,1013.0753472222223,
2019-10-05,,,29.605244755244758,177.5174825174825,21.187762237762236,25.03986013986014,1.1,,1.8,,9.7,125.69337979094077,21.678048780487806,1014.6439024390244,
2019-10-06,,,18.292334494773517,168.79790940766551,20.973170731707317,24.793031358885017,1.3,,2.0,,11.1,132.95833333333334,18.9375,1022.4260416666667,
2019-10-07,,,14.289198606271777,124.9581881533101,21.505574912891987,24.79616724738676,1.2,,1.6,,6.4,129.00696864111498,19.2006968641115,1017.4522648083623,
2019-10-08,,,15.910839160839162,142.83216783216784,22.354895104895103,24.713286713286713,0.6,,1.0,,7.2,157.5,20.343356643356643,1015.9118881118881,
2019-10-09,,,9.264930555555557,185.23263888888889,22.59201388888889,25.42465277777778,0.5,,0.9,,4.9,169.60763888888889,18.517013888888886,1018.2131944444445,
2019-10-10,,,12.592682926829267,127.69686411149826,22.454703832752614,24.91672473867596,0.4,,0.7,,4.8,197.25435540069685,19.657839721254355,1015.0418118466899,
2019-10-11,,,16.412937062937065,206.6048951048951,22.26853146853147,25.417482517482515,1.1,,1.6,,10.8,180.56293706293707,20.86083916083916,1012.7800699300699,
2019-10-12,,,10.39201388888889,162.62847222222223,22.022916666666667,25.253124999999997,3.4,,4.4,,9.7,118.62152777777777,20.576736111111114,1013.0458333333333,
2019-10-13,,,12.938461538461539,157.4265734265734,21.753521126760564,25.00950704225352,3.6,,4.9,,12.8,135.64685314685315,18.65874125874126,1020.9611888111889,
2019-10-14,,,16.954006968641117,142.53310104529618,21.69651567944251,24.675261324041813,2.0,,3.0,,4.3,126.01045296167247,18.801742160278746,1022.8672473867597,
2019-10-15,,,16.186013986013986,152.82867132867133,21.532517482517484,24.68846153846154,1.7,,2.4,,11.1,130.4825174825175,16.784965034965033,1027.0573426573428,
2019-10-16,,,17.432155477031802,165.47703180212014,21.29434628975265,24.456537102473497,1.1,,1.9,,5.8,187.01760563380282,16.87288732394366,1025.7154929577466,
2019-10-17,,,15.264685314685314,167.6013986013986,21.335314685314685,24.37062937062937,1.1,,1.7,,9.9,211.26573426573427,18.231818181818184,1023.3965034965036,
2019-10-18,,,13.024125874125874,157.93006993006992,21.264335664335665,24.561888111888113,1.9,,2.9,,11.7,115.01398601398601,18.623426573426574,1019.7272727272727,
2019-10-19,,,13.296503496503497,135.479020979021,21.226573426573427,24.253146853146852,1.7,,2.6,,7.7,114.94755244755245,19.63951048951049,1018.7720279720279,
2019-10-20,,,10.428571428571429,148.85365853658536,21.07560975609756,23.65121951219512,0.8,,1.3,,6.8,162.7665505226481,19.391289198606273,1020.7254355400697,
2019-10-21,,,8.567832167832169,135.91608391608392,21.145454545454548,23.26853146853147,1.3,,1.9,,10.5,174.020979020979,19.42132867132867,1017.2958041958041,
2019-10-22,,,9.887279151943462,169.8374558303887,21.320567375886522,22.766666666666666,1.4,,1.9,,10.2,117.43109540636043,19.728268551236752,1016.3522968197881,
2019-10-23,,,8.343859649122807,125.48421052631579,21.28140350877193,21.72280701754386,1.3,,1.9,,10.5,124.90526315789474,19.440350877192984,1017.3526315789474,
2019-10-24,,,13.168904593639576,125.95406360424029,21.08551236749117,22.262897526501767,1.3,,2.0,,7.0,113.19366197183099,19.197183098591548,1016.125352112676,
2019-10-25,,,14.141901408450705,159.77464788732394,20.918309859154927,21.948591549295774,1.0,,1.6,,7.4,111.96126760563381,20.216549295774648,1015.393661971831,
2019-10-26,,,5.8,4.0,20.9,21.6,0.6,,0.9,,1.1,111.0,19.6,1015.9,
2019-10-27,,,24.812323943661973,169.83450704225353,20.505281690140844,21.110211267605635,0.5,,0.9,,8.9,129.08771929824562,15.457894736842105,1017.198596491228,
2019-10-28,,,26.553356890459366,186.31802120141342,20.089752650176678,20.80353356890459,0.5,,1.0,,7.1,159.30742049469964,15.831448763250885,1016.8957597173145,
2019-10-29,,,25.693333333333335,187.83859649122806,19.693684210526314,21.30421052631579,0.5,,0.8,,7.4,180.84912280701755,17.61684210526316,1014.937894736842,
2019-10-30,,,26.54628975265018,168.62190812720848,19.424028268551236,21.380918727915194,0.4,,0.6,,6.5,237.48239436619718,16.184859154929576,1019.6151408450704,
2019-10-31,,,21.44892857142857,182.15357142857144,19.084642857142857,21.101785714285715,0.5,,0.7,,7.5,205.90035587188612,17.464056939501777,1019.8192170818505,
2019-11-01,,,18.614335664335663,180.47552447552448,19.184265734265733,21.182167832167835,0.4,,0.6,,5.7,203.9125874125874,18.024125874125872,1020.7433566433566,
2019-11-02,,,13.475087719298246,183.16140350877194,19.292280701754386,20.893333333333334,0.6,,1.0,,5.0,208.65034965034965,18.375874125874127,1019.9926573426575,
2019-11-03,,,16.761347517730496,201.2163120567376,19.172340425531917,20.572340425531912,0.7,,1.1,,7.7,177.67368421052632,17.44982456140351,1018.160350877193,
2019-11-04,,,11.008450704225352,191.2711267605634,20.18450704225352,19.755633802816902,1.0,,1.5,,9.6,133.24647887323943,15.798239436619717,1021.5968309859155,
2019-11-05,,,14.773170731707316,230.62369337979095,19.89547038327526,19.250174216027876,0.7,,1.2,,7.0,152.89198606271776,16.150871080139375,1018.5128919860628,
2019-11-06,,,15.439007092198581,217.24822695035462,19.77304964539007,18.823404255319147,0.4,,0.7,,4.4,165.90459363957598,16.353003533568902,1015.8583038869259,
2019-11-07,,,8.732042253521128,204.98591549295776,19.565845070422533,18.76830985915493,0.5,,0.8,,7.7,131.81052631578947,15.944561403508771,1015.1298245614036,
2019-11-08,,,9.47173144876325,173.56183745583039,19.26476868327402,18.280427046263345,0.8,,1.3,,4.6,118.02464788732394,15.322887323943661,1018.0,
2019-11-09,,,16.62135231316726,155.83629893238435,19.27473309608541,17.880071174377225,0.6,,1.0,,4.9,148.20284697508896,14.811743772241995,1019.2459074733096,
2019-11-10,,,18.027112676056337,162.58098591549296,18.867605633802814,17.38485915492958,1.5,,2.4,,15.6,153.79225352112675,15.48556338028169,1013.6929577464788,
2019-11-11,,,19.930851063829788,161.31560283687944,18.421276595744683,16.700709219858158,1.4,,2.4,,10.8,192.86170212765958,16.151773049645392,1009.814184397163,
2019-11-12,,,24.95438596491228,156.94035087719297,18.230877192982458,16.00385964912281,0.4,,0.7,,5.4,154.81052631578947,14.885964912280702,1019.4435087719299,
2019-11-13,,,22.361754385964915,158.16140350877194,18.05824561403509,15.45438596491228,1.0,,1.6,,9.8,144.01048951048952,15.11958041958042,1016.9818181818181,
2019-11-14,,,28.149477351916374,143.85714285714286,17.47073170731707,15.50801393728223,0.5,,0.8,,10.1,157.5121951219512,9.46445993031359,1021.4212543554008,
2019-11-15,,,25.33543859649123,162.0701754385965,16.87394366197183,15.981338028169013,0.7,,1.0,,8.4,148.12280701754386,12.162105263157894,1020.3066666666667,
2019-11-16,,,24.365441176470586,152.37728937728937,16.476470588235294,15.636764705882353,0.7,,1.1,,7.4,165.8029197080292,15.741605839416058,1019.8324817518247,
2019-11-17,,,19.61166077738516,172.4558303886926,16.880212014134276,15.100000000000001,1.3,,2.4,,9.9,202.06690140845072,17.16514084507042,1019.9250000000001,
2019-11-18,,,18.25017793594306,164.37366548042704,16.830249110320285,14.72526690391459,2.2,,3.3,,14.2,189.26690391459076,15.18932384341637,1014.4797153024911,
2019-11-19,,,20.24049295774648,174.88732394366198,16.28374558303887,14.009893992932863,0.5,,0.8,,7.3,158.04929577464787,8.08380281690141,1023.0264084507043,
2019-11-20,,,13.110954063604241,218.76678445229683,15.936395759717314,24.449823321554767,0.4,,0.7,,10.7,135.42049469964664,7.481625441696114,1028.8233215547702,
2019-11-21,,,16.183214285714286,191.89285714285714,15.885357142857142,33.68607142857143,0.6,,1.0,,7.3,166.05357142857142,11.311428571428571,1030.692142857143,
2019-11-22,,,15.324028268551237,160.73851590106008,16.154770318021203,33.51095406360424,0.7,,1.0,,7.2,274.30388692579504,15.26643109540636,1027.089399293286,
2019-11-23,,,18.754225352112677,160.26408450704224,16.489788732394366,33.548239436619724,0.7,,1.2,,7.6,166.58098591549296,16.172535211267604,1023.9883802816902,
2019-11-24,,,21.57259786476868,160.46619217081852,16.78256227758007,33.620996441281136,0.7,,1.1,,5.9,163.08896797153025,17.074021352313167,1017.932384341637,
2019-11-25,,,21.17017543859649,157.7122807017544,16.44736842105263,33.709824561403515,1.9,,2.6,,8.8,167.49473684210525,12.955087719298245,1023.9687719298245,
2019-11-26,,,8.7,30.0,16.3,33.7,1.5,,1.9,,5.5,114.0,10.9,1028.5,
2019-11-27,,,24.099295774647885,154.52464788732394,16.64788732394366,33.65950704225352,0.8,,1.3,,5.6,151.7711267605634,11.927112676056339,1024.4563380281688,
2019-11-28,,,19.211111111111112,151.9683794466403,16.173517786561266,33.7102766798419,2.1,,2.9,,7.5,130.70866141732284,10.3,1026.1507874015747,
2019-11-29,,,20.610283687943262,149.72340425531914,16.898936170212767,33.78794326241135,1.4,,2.1,,7.6,123.32978723404256,9.949290780141844,1028.564184397163,
2019-11-30,,,17.605300353356892,159.12367491166077,16.79363957597173,33.69045936395759,1.3,,1.7,,5.8,142.773851590106,12.208127208480565,1027.5173144876326,
2020-01-01,,,16.74855072463768,135.35507246376812,14.111956521739131,31.879710144927532,0.6,,1.2,,8.1,285.9927536231884,3.6192028985507245,1029.4402173913043,
2020-01-02,,,13.563636363636364,140.48,14.214545454545455,31.92,0.5,,0.7,,8.3,284.2836363636364,6.194545454545454,1027.0923636363636,
2020-01-03,,,10.089591078066913,198.18215613382898,14.645833333333334,31.94280303030303,0.4,,0.7,,10.4,296.5,8.160984848484848,1023.8136363636363,
2020-01-04,,,9.494871794871795,146.02564102564102,14.546886446886447,32.04249084249084,0.4,,0.9,,11.5,300.43430656934305,7.566788321167884,1023.2861313868614,
2020-01-05,,,9.155474452554744,173.86131386861314,14.387591240875912,31.978102189781023,0.6,,1.0,,5.0,255.66304347826087,8.325,1028.7865942028984,
2020-01-06,,,10.451263537906136,165.51263537906138,14.380505415162455,31.93321299638989,1.1,,1.6,,6.8,158.19494584837545,9.79927797833935,1026.7216606498196,
2020-01-07,,,22.20108695652174,113.51811594202898,14.221739130434782,31.832246376811597,2.3,,3.3,,19.0,208.2826086956522,15.082608695652175,1012.8815217391304,
2020-01-08,,,16.620072992700727,142.5839416058394,14.145985401459853,31.63795620437956,2.1,,2.8,,14.9,272.32481751824815,10.736131386861313,1010.7989051094892,
2020-01-09,,,19.349819494584835,142.4259927797834,14.26028880866426,31.603249097472926,1.4,,2.0,,10.4,303.00722021660647,7.337545126353791,1020.1696750902527,
2020-01-10,,,21.724817518248177,149.1058394160584,14.306569343065693,31.755839416058397,0.9,,1.4,,5.4,280.9160583941606,7.2299270072992705,1021.2153284671533,
2020-01-11,,,24.801438848920863,144.35611510791367,14.285251798561152,31.77517985611511,0.5,,0.8,,7.1,250.67985611510792,7.905035971223021,1017.1884892086332,
2020-01-12,,,26.184,137.56363636363636,13.976,31.865454545454547,0.4,,0.6,,12.2,295.5054151624549,6.536823104693141,1014.5660649819495,
2020-01-13,,,26.256569343065696,137.05474452554745,13.563138686131387,31.73722627737226,0.6,,0.9,,8.6,280.0875912408759,4.9284671532846716,1020.232116788321,
2020-01-14,,,25.755311355311356,138.97069597069597,13.737728937728939,31.65128205128205,0.5,,0.8,,8.7,283.54578754578756,4.444688644688645,1023.2589743589745,
2020-01-15,,,22.70845588235294,148.2058823529412,13.979411764705883,31.666176470588237,0.9,,1.3,,6.4,300.0514705882353,4.588235294117647,1025.523161764706,
2020-01-16,,,20.252205882352943,148.4191176470588,13.853308823529412,31.70808823529412,0.8,,1.1,,6.8,266.26838235294116,5.113235294117647,1024.3202205882353,
2020-01-17,,,17.030882352941177,150.3639705882353,13.86875,31.63823529411765,0.5,,0.9,,6.0,173.79044117647058,8.018749999999999,1020.1117647058825,
2020-01-18,,,11.631636363636362,140.89454545454547,13.913868613138687,31.76861313868613,1.8,,2.6,,6.0,222.91272727272727,7.704,1017.9716363636364,
2020-01-19,,,13.336630036630037,143.28205128205127,13.825274725274726,31.66410256410256,0.8,,1.2,,7.8,289.14285714285717,6.988644688644689,1017.9582417582417,
2020-01-20,,,13.6929889298893,124.69003690036901,13.663099630996308,31.524354243542437,0.5,,0.9,,7.2,287.87132352941177,6.793382352941176,1020.8514705882352,
2020-01-21,,,16.584249084249084,123.08058608058609,13.572893772893773,31.51062271062271,0.5,,0.8,,6.1,191.24542124542126,6.103663003663003,1028.175457875458,
2020-01-22,,,18.046096654275093,135.57620817843866,13.667657992565056,31.35650557620818,0.6,,0.9,,8.5,150.15985130111525,9.088847583643123,1024.249814126394,
2020-01-23,,,19.67350746268657,144.11940298507463,13.767164179104478,31.42649253731343,1.4,,1.9,,9.1,155.3828996282528,10.416728624535315,1020.8297397769517,
2020-01-24,,,19.784014869888473,149.53903345724908,13.73134328358209,31.27238805970149,1.2,,2.0,,10.4,155.73605947955392,10.656877323420074,1027.264312267658,
2020-01-25,,,18.100735294117644,154.19117647058823,13.81764705882353,31.279044117647057,1.7,,2.5,,10.0,52.8860294117647,10.47904411764706,1028.519117647059,
2020-01-26,,,18.490036900369006,147.30258302583024,14.281180811808117,31.22767527675277,1.6,,2.3,,12.9,41.564575645756456,10.615867158671588,1025.0782287822879,
2020-01-27,,,,,,,,,,,,,,,
2020-01-28,,,14.240458015267176,174.74809160305344,13.955725190839695,30.74847328244275,4.2,,5.1,,7.1,86.85496183206106,9.943129770992366,1014.5347328244274,
2020-01-29,,,15.627935222672065,154.23886639676113,14.029554655870447,30.870445344129553,1.2,,1.7,,8.0,107.73684210526316,9.37246963562753,1014.2453441295547,
2020-01-30,,,13.697683397683397,158.83011583011583,13.976833976833976,30.92084942084942,1.1,,1.7,,10.7,115.83783783783784,7.894208494208494,1013.1675675675676,
2020-01-31,,,12.56796875,155.89453125,13.859765625,30.953515625,1.1,,1.8,,5.4,187.08203125,7.753125,1018.2515625,
2020-02-01,,,11.123773584905662,152.81509433962265,13.697735849056604,30.770188679245283,1.2,,1.5,,7.8,296.12075471698114,7.566037735849057,1022.5618867924529,
2020-02-02,,,12.378030303030304,140.8068181818182,13.677651515151515,29.370454545454546,0.7,,1.0,,6.4,267.5871212121212,8.320454545454545,1023.7083333333334,
2020-02-03,,,9.994422310756972,116.02390438247012,13.811553784860557,28.861354581673307,0.4,,0.7,,6.2,283.1235059760956,7.493625498007969,1023.8466135458167,
2020-02-04,,,11.265354330708663,116.88976377952756,13.794488188976379,28.79488188976378,0.6,,0.9,,8.0,278.31496062992125,6.768503937007874,1024.2685039370078,
2020-02-05,,,10.572799999999999,152.876,13.678799999999999,28.5772,0.5,,0.8,,8.7,301.728,3.7104,1025.9808,
2020-02-06,,,13.449019607843137,153.86274509803923,13.309019607843139,28.398823529411764,0.8,,1.2,,9.7,182.2156862745098,3.063921568627451,1030.817254901961,
2020-02-07,,,17.893951612903226,139.05241935483872,13.251612903225807,28.16290322580645,0.7,,1.1,,8.5,302.06451612903226,6.82983870967742,1026.242741935484,
2020-02-08,,,22.263636363636365,141.9090909090909,13.150413223140497,27.86198347107438,0.4,,0.8,,7.4,300.92148760330576,5.672727272727273,1023.6727272727272,
2020-02-09,,,23.337890625,137.30859375,13.096470588235293,27.705098039215688,1.1,,1.6,,7.4,278.89453125,5.521484375,1023.503125,
2020-02-10,,,25.959920634920632,139.28174603174602,13.223809523809525,27.490079365079364,0.5,,0.9,,9.1,256.75,7.5432539682539685,1022.9301587301587,
2020-02-11,,,25.613061224489794,138.01632653061225,13.3,27.304489795918368,0.7,,1.1,,5.1,168.23673469387754,10.782857142857143,1027.8416326530612,
2020-02-12,,,24.329083665338647,136.76494023904382,13.38406374501992,27.070119521912353,2.7,,3.9,,8.3,212.70517928286853,12.963346613545818,1017.7788844621514,
2020-02-13,,,24.475486381322956,145.60311284046693,13.559533073929963,26.823346303501946,1.3,,2.1,,8.9,239.88715953307394,12.293385214007783,1017.0856031128404,
2020-02-14,,,22.40161943319838,150.085020242915,13.692307692307692,26.696356275303643,0.7,,1.1,,3.7,173.40485829959513,12.708502024291498,1019.4449392712551,
2020-02-15,,,16.334552845528457,162.35772357723576,13.748780487804877,26.564227642276425,0.6,,1.0,,8.3,50.459349593495936,13.1,1019.4036585365853,
2020-02-16,,,13.871814671814672,145.06949806949808,13.73861003861004,26.364478764478765,1.1,,1.7,,12.8,268.4555984555985,9.116602316602316,1009.2084942084942,
2020-02-17,,,17.032500000000002,109.77083333333333,13.19375,26.070833333333333,1.2,,1.8,,14.5,280.5833333333333,2.1983333333333333,1014.2983333333334,
2020-02-18,,,12.582799999999999,104.052,12.7616,25.826400000000003,1.4,,2.2,,13.9,247.724,3.6431999999999998,1023.2948,
2020-02-19,,,17.62704918032787,114.40163934426229,12.796311475409837,25.743032786885248,1.0,,1.4,,9.2,245.7172131147541,7.398770491803279,1027.8713114754098,
2020-02-20,,,15.93921568627451,137.45882352941177,12.976862745098039,25.7078431372549,0.7,,1.0,,5.1,215.78823529411764,9.638039215686273,1032.0890196078433,
2020-02-21,,,18.590763052208835,143.12449799196787,13.043373493975905,25.668273092369475,0.8,,1.4,,5.6,246.99196787148594,11.375100401606426,1030.9586345381526,
2020-02-22,,,19.72412451361868,141.92996108949416,13.01011673151751,25.53035019455253,1.0,,1.6,,12.1,277.9182879377432,11.101556420233463,1022.6564202334631,
2020-02-23,,,22.58441064638783,142.2889733840304,12.649809885931559,25.320532319391635,0.5,,0.9,,10.7,265.4486692015209,7.4,1027.783269961977,
2020-02-24,,,22.34698795180723,143.46987951807228,12.59718875502008,25.09879518072289,0.7,,1.0,,9.2,248.7429718875502,11.24578313253012,1023.9819277108434,
2020-02-25,,,21.34,148.94285714285715,12.523214285714285,25.00142857142857,1.4,,1.8,,8.8,81.6049822064057,10.50391459074733,1016.4427046263346,
2020-02-26,,,20.06153846153846,147.4055944055944,12.4506993006993,24.776223776223777,1.0,,1.4,,8.7,56.35191637630662,10.160975609756097,1021.1024390243904,
2020-02-27,,,23.5,97.0,12.4,24.8,0.7,,1.0,,1.0,27.0,7.7,1024.4,
2020-02-28,,,17.193379790940767,149.4878048780488,12.443554006968641,24.386759581881535,0.7,,1.2,,4.7,70.85714285714286,8.422648083623693,1024.0303135888503,
2020-02-29,,,15.284027777777778,152.35069444444446,12.530555555555557,24.238194444444446,0.8,,1.3,,7.4,60.55902777777778,10.53298611111111,1017.0878472222222,
2020-03-01,,,13.797916666666667,151.02777777777777,12.675694444444444,24.029166666666665,0.7,,1.1,,6.2,89.47569444444444,11.265972222222222,1017.9201388888889,
2020-03-02,,,12.787847222222222,154.46527777777777,12.976041666666667,23.789583333333333,0.6,,0.9,,7.7,184.12152777777777,9.703125,1020.3802083333334,
2020-03-03,,,7.328222996515679,147.73867595818814,13.094076655052264,23.59163763066202,0.8,,1.3,,7.1,51.65625,9.5125,1024.404513888889,
2020-03-04,,,9.358680555555557,125.39236111111111,13.278125,23.374305555555555,0.7,,1.1,,9.9,295.8576388888889,9.277777777777779,1019.0236111111111,
2020-03-05,,,9.908450704225352,148.05281690140845,13.121830985915492,24.687676056338027,0.6,,0.9,,12.3,242.69014084507043,5.659507042253521,1022.8401408450703,
2020-03-06,,,16.10034965034965,112.6958041958042,12.965853658536584,24.63205574912892,1.0,,1.4,,8.6,267.4390243902439,8.880487804878047,1021.7310104529616,
2020-03-07,,,19.69236111111111,147.67708333333334,12.886458333333334,24.47986111111111,0.9,,1.1,,5.8,195.97916666666666,9.580208333333333,1017.8229166666666,
2020-03-08,,,21.546527777777776,152.19444444444446,12.82013888888889,24.202777777777776,1.0,,1.5,,10.4,125.15972222222223,10.841319444444444,1018.1892361111111,
2020-03-09,,,25.475347222222222,143.30208333333334,12.791666666666666,23.786458333333332,0.7,,1.1,,7.3,60.708333333333336,11.995138888888889,1014.4111111111112,
2020-03-10,,,27.669791666666665,141.38541666666666,12.873867595818815,23.506968641114984,1.1,,1.6,,8.3,198.97916666666666,11.701041666666667,1004.0100694444445,
2020-03-11,,,29.63819444444444,139.46180555555554,12.993749999999999,23.209375,0.7,,1.4,,8.4,275.96527777777777,8.942708333333334,1015.0583333333333,
2020-03-12,,,30.402531645569617,121.08016877637131,13.235714285714286,23.155882352941177,0.9,,1.6,,9.7,245.62869198312237,10.517721518987342,1021.513559322034,
2020-03-13,,,27.193402777777777,140.84375,13.301388888888889,23.503124999999997,0.6,,0.8,,7.1,214.28472222222223,12.100347222222222,1018.8277777777779,
2020-03-14,,,22.280139372822298,145.66550522648083,13.154703832752613,23.310801393728223,0.5,,0.8,,8.7,255.16376306620208,9.406620209059232,1013.8923344947734,
2020-03-15,,,20.514982578397213,139.78397212543555,12.833449477351918,23.06689895470383,1.0,,1.4,,11.2,269.27777777777777,9.013541666666667,1010.2232638888888,
2020-03-16,,,13.974216027874563,129.86062717770034,12.657142857142857,22.805923344947736,0.9,,1.3,,9.3,227.25783972125436,7.13588850174216,1020.2473867595819,
2020-03-17,,,15.153846153846153,109.4090909090909,12.684615384615386,22.90874125874126,1.5,,2.6,,11.7,244.44755244755245,11.546153846153846,1015.7993006993006,
2020-03-18,,,14.043205574912893,110.08362369337979,12.708362369337978,22.83275261324042,1.2,,2.3,,9.0,252.26132404181186,12.57177700348432,1014.8087108013937,
2020-03-19,,,17.1404181184669,119.22996515679442,12.755594405594405,22.743356643356645,1.5,,2.3,,13.8,255.57839721254356,13.324738675958187,1007.4181184668989,
2020-03-20,,,20.41076388888889,113.27777777777777,12.504861111111111,22.744444444444444,1.0,,1.7,,10.8,246.38194444444446,10.881250000000001,1014.0861111111111,
2020-03-21,,,20.945138888888888,125.43055555555556,12.689930555555556,22.794791666666665,1.2,,1.8,,10.2,239.12847222222223,13.768402777777778,1012.9493055555556,
2020-03-22,,,17.74006968641115,148.8397212543554,12.95574912891986,22.610452961672472,1.0,,1.6,,11.7,116.56794425087108,13.467944250871081,1012.197212543554,
2020-03-23,,,19.618055555555557,144.81944444444446,13.100694444444445,22.535069444444446,0.9,,1.4,,9.1,198.71875,12.730902777777779,1015.9965277777778,
2020-03-24,,,20.404166666666665,145.28819444444446,13.167361111111111,22.60486111111111,0.8,,1.2,,5.6,65.43402777777777,12.212847222222223,1020.6447916666667,
2020-03-25,,,21.858333333333334,142.95138888888889,13.18815331010453,22.651219512195123,0.6,,1.0,,3.0,242.94791666666666,13.068750000000001,1021.8312500000001,
2020-03-26,,,21.829268292682926,139.13937282229966,13.132404181184668,22.669337979094077,1.4,,2.3,,6.4,193.69444444444446,14.272569444444445,1017.5982638888888,
2020-03-27,,,21.452447552447552,147.55244755244755,13.172727272727272,22.717482517482516,1.7,,2.8,,9.2,149.46503496503496,13.75034965034965,1010.9419580419582,
2020-03-28,,,18.10174825174825,150.01048951048952,13.017253521126761,22.661619718309858,0.9,,1.5,,8.6,59.43205574912892,10.268989547038327,1018.6951219512196,
2020-03-29,,,24.6,99.0,13.0,22.8,0.8,,1.2,,3.3,22.0,9.4,1020.1,
2020-03-30,,,13.730555555555556,150.98958333333334,13.213541666666666,22.02013888888889,1.0,,1.4,,6.2,64.82638888888889,11.702777777777778,1020.6899305555556,
2020-03-31,,,11.544097222222222,152.51388888888889,13.67361111111111,21.532291666666666,0.7,,1.3,,8.5,108.29513888888889,12.715625,1017.2322916666667,
2020-04-01,,,10.418181818181818,154.33216783216784,14.281118881118882,21.896853146853147,0.7,,1.1,,9.6,179.53146853146853,13.4993006993007,1012.1524475524475,
2020-04-02,,,11.320486111111112,108.14236111111111,14.120833333333334,21.99722222222222,0.8,,1.3,,6.6,189.50347222222223,11.960763888888888,1020.6590277777777,
2020-04-03,,,13.766202090592335,118.04529616724739,14.05,21.972727272727273,0.8,,1.4,,9.2,237.15277777777777,13.705902777777778,1019.5496527777777,
2020-04-04,,,15.01254355400697,149.33101045296166,13.76376306620209,21.754355400696863,1.0,,2.0,,12.5,186.09756097560975,13.06341463414634,1017.0080139372822,
2020-04-05,,,18.437152777777776,137.76736111111111,13.794444444444444,21.472916666666666,0.9,,1.5,,5.3,197.21180555555554,10.263541666666667,1021.0350694444444,
2020-04-06,,,23.394444444444446,140.11111111111111,13.987847222222221,21.290625,0.8,,1.4,,8.3,255.46875,12.018055555555556,1019.7118055555555,
2020-04-07,,,25.592361111111114,142.72569444444446,13.965972222222222,21.341319444444444,0.8,,1.3,,9.9,259.46527777777777,14.573958333333334,1014.2805555555556,
2020-04-08,,,27.101393728222998,140.01045296167248,13.79965156794425,21.33484320557491,0.9,,1.3,,11.5,216.0487804878049,13.742160278745645,1015.8961672473868,
2020-04-09,,,26.87017543859649,138.33684210526314,13.648070175438596,21.259298245614033,0.6,,0.9,,8.3,192.2762237762238,12.174125874125874,1020.8405594405596,
2020-04-10,,,25.163066202090594,138.1114982578397,13.498606271777003,21.083275261324044,0.8,,1.2,,7.6,55.42857142857143,10.894076655052265,1025.2728222996516,
2020-04-11,,,24.83623693379791,141.4843205574913,13.4801393728223,20.734146341463415,0.6,,1.0,,6.4,247.81184668989548,11.24390243902439,1019.9672473867595,
2020-04-12,,,16.07062937062937,154.5909090909091,13.43916083916084,14.692307692307692,2.4,,3.6,,14.4,40.7027972027972,10.159090909090908,1011.1083916083916,
2020-04-13,,,12.238194444444444,138.51736111111111,13.452430555555557,15.186458333333333,2.7,,4.2,,9.3,189.89930555555554,11.096180555555556,1010.8555555555556,
2020-04-14,,,13.873867595818815,111.82926829268293,13.794076655052265,15.429268292682925,2.7,,3.6,,10.1,262.86411149825784,14.678397212543553,1015.0630662020906,
2020-04-15,,,14.175,117.53819444444444,13.984722222222222,15.450000000000001,1.0,,1.5,,8.4,213.27083333333334,14.651041666666666,1014.0059027777778,
2020-04-16,,,10.936458333333333,179.33680555555554,13.933680555555556,15.75659722222222,0.7,,1.3,,11.2,56.767361111111114,12.773263888888888,1018.9524305555556,
2020-04-17,,,10.01423611111111,140.77430555555554,13.917708333333334,15.843402777777776,1.3,,1.9,,6.6,119.54513888888889,13.09548611111111,1015.0260416666666,
2020-04-18,,,11.77062937062937,163.9090909090909,14.132167832167832,16.61013986013986,1.1,,1.8,,6.8,188.4020979020979,14.46888111888112,1014.5276223776225,
2020-04-19,,,13.356993006993006,164.993006993007,14.248951048951048,19.474475524475523,1.3,,2.0,,11.0,55.05244755244755,12.701398601398601,1014.933916083916,
2020-04-20,,,16.937152777777776,129.95486111111111,14.41701388888889,20.515625,1.2,,1.9,,10.3,250.08680555555554,14.427083333333334,1008.954513888889,
2020-04-21,,,20.377430555555556,141.20833333333334,14.549999999999999,20.36284722222222,1.1,,1.9,,12.9,260.34375,13.281597222222222,1012.7604166666666,
2020-04-22,,,21.09581881533101,142.50522648083623,14.087108013937282,19.863066202090593,0.7,,1.0,,11.3,274.9791666666667,10.149652777777778,1014.8847222222222,
2020-04-23,,,20.68263888888889,144.04166666666666,13.728472222222221,20.05902777777778,0.7,,1.1,,8.2,281.43055555555554,10.819791666666667,1014.8322916666667,
2020-04-24,,,20.246853146853148,139.44055944055944,13.529473684210526,20.199298245614035,1.4,,2.3,,12.6,253.7665505226481,11.581184668989547,1015.4163763066202,
2020-04-25,,,22.554861111111112,113.11111111111111,13.562847222222222,19.924305555555556,1.9,,3.0,,15.9,234.69444444444446,14.81736111111111,1012.7652777777779,
2020-04-26,,,20.338327526132407,151.05574912891987,13.779094076655053,19.93170731707317,1.5,,2.5,,10.0,189.27777777777777,14.489583333333334,1015.8746527777779,
2020-04-27,,,19.419615384615387,142.9655172413793,13.88735632183908,19.933716475095785,0.7,,1.2,,10.0,235.30152671755727,13.929389312977099,1019.096183206107,
2020-04-28,,,17.160516605166052,136.69117647058823,14.157720588235295,19.834191176470586,0.9,,1.5,,10.4,230.34191176470588,14.329044117647058,1019.7110294117648,
2020-04-29,,,25.6,103.0,14.3,18.4,0.5,,0.9,,4.3,300.0,15.0,1018.3,
2020-04-30,,,15.965505226480838,113.18118466898954,14.515331010452961,19.505226480836235,0.9,,1.5,,10.5,234.29965156794424,16.375261324041812,1017.1083623693379,
2020-05-01,,,15.712891986062719,114.89547038327527,14.801742160278748,19.368989547038325,1.0,,1.5,,9.4,215.55052264808361,17.322996515679442,1014.5864111498257,
2020-05-02,,,15.323958333333334,118.07638888888889,14.489583333333334,19.31423611111111,0.8,,1.3,,9.0,227.28125,17.105208333333334,1012.5236111111111,
2020-05-03,,,15.394444444444446,143.63194444444446,14.25,19.637500000000003,1.1,,1.6,,4.1,128.57638888888889,16.95590277777778,1007.9489583333333,
2020-05-04,,,17.726736111111112,144.12152777777777,14.495833333333334,19.568055555555556,1.1,,1.9,,11.1,110.22569444444444,16.733680555555555,1007.1920138888888,
2020-05-05,,,22.559375000000003,148.51041666666666,14.45486111111111,19.406597222222224,0.7,,1.2,,8.1,78.48611111111111,14.924305555555556,1012.2461805555556,
2020-05-06,,,21.982578397212542,152.98606271777004,14.631707317073172,20.12752613240418,0.9,,1.8,,12.9,106.25783972125436,16.03588850174216,1013.1857142857142,
2020-05-07,,,21.86083916083916,145.57692307692307,14.858041958041957,20.526923076923076,1.3,,2.1,,11.5,45.68881118881119,15.063986013986014,1018.8108391608392,
2020-05-08,,,23.232167832167832,145.7937062937063,15.056993006993007,20.318531468531468,1.4,,2.2,,6.6,105.11498257839722,16.07177700348432,1016.7149825783972,
2020-05-09,,,22.346180555555556,138.53472222222223,15.096515679442508,20.03554006968641,2.2,,3.3,,8.5,167.27777777777777,16.49513888888889,1009.1138888888888,
2020-05-10,,,22.5486013986014,139.37062937062936,14.932867132867134,19.705944055944055,1.5,,2.3,,10.4,225.72727272727272,16.874825174825173,1005.2909090909092,
2020-05-11,,,23.268,144.184,14.5992,19.597560975609756,0.6,,0.9,,8.6,251.296,19.095200000000002,1008.1952,
2020-05-12,,,,,,,,,,,,,,,
2020-05-13,,,,,,,,,,,,,,,
2020-05-14,,,,,,,,,,,,,,,
2020-05-15,,,,,,,,,,,,,,,
2020-05-16,,,,,,,,,,,,,,,
2020-05-17,,,12.743589743589743,174.40437158469945,16.257377049180327,34.20192307692308,0.6,,0.9,,4.0,177.31147540983608,17.684699453551914,1006.4448087431693,
2020-05-18,,,16.550871080139373,163.28571428571428,15.335540069686411,34.25644599303136,0.6,,0.9,,6.8,82.11498257839722,16.932752613240417,1002.0484320557492,
2020-05-19,,,17.165505226480835,133.3275261324042,15.103832752613242,34.28710801393728,1.3,,2.1,,12.9,252.01393728222996,16.728919860627176,998.6825783972126,
2020-05-20,,,20.19651567944251,158.8780487804878,14.79965156794425,34.390243902439025,1.2,,1.6,,7.7,133.50871080139373,15.054703832752613,1010.3498257839722,
2020-05-21,,,20.122996515679443,155.56445993031357,15.534843205574912,34.16515679442509,1.1,,1.9,,6.4,70.05574912891986,14.616724738675957,1016.2731707317074,
2020-05-22,,,21.75191637630662,160.801393728223,15.376306620209059,34.25331010452962,0.8,,1.4,,8.5,55.73519163763066,14.841463414634147,1015.3498257839722,
2020-05-23,,,21.85191637630662,157.58536585365854,15.46445993031359,34.33797909407666,0.7,,1.0,,5.7,108.04166666666667,16.25451388888889,1012.8874999999999,
2020-05-24,,,23.001041666666666,157.88888888888889,15.455902777777778,34.38402777777778,0.7,,1.1,,7.9,226.46527777777777,17.520833333333332,1010.1354166666666,
2020-05-25,,,23.0801393728223,156.69686411149826,15.373170731707319,34.42717770034843,0.4,,0.7,,6.8,206.1114982578397,18.161672473867593,1010.5634146341464,
2020-05-26,,,21.322996515679442,159.4390243902439,15.275609756097563,34.41080139372822,0.6,,1.2,,7.3,175.15972222222223,17.007291666666667,1008.2506944444444,
2020-05-27,,,20.654703832752613,153.47038327526133,15.446689895470383,34.44808362369338,0.6,,1.0,,5.1,193.75261324041813,18.67247386759582,1008.0275261324043,
2020-05-28,,,20.869791666666668,148.90277777777777,15.570833333333333,34.490624999999994,0.7,,1.2,,8.3,214.39583333333334,17.586111111111112,1008.7843750000001,
2020-05-29,,,18.792708333333334,178.29513888888889,15.868055555555555,34.425,0.5,,0.7,,8.4,97.84027777777777,18.206249999999997,1014.5059027777778,
2020-05-30,,,6.0,258.0,16.3,34.2,0.2,,0.3,,2.3,23.0,18.9,1017.9,
2020-05-31,,,14.773958333333333,172.91319444444446,16.149652777777778,34.186458333333334,0.6,,1.0,,5.2,161.30902777777777,18.475,1012.8916666666667,
2020-06-01,,,18.75277777777778,151.87847222222223,16.0,34.206944444444446,0.7,,1.2,,8.2,228.625,19.80173611111111,1008.5711805555555,
2020-06-02,,,24.236458333333335,157.06597222222223,15.684375000000001,34.15763888888889,0.8,,1.2,,8.6,212.12847222222223,19.82638888888889,1008.095138888889,
2020-06-03,,,25.981250000000003,150.93402777777777,15.639930555555557,34.02847222222223,0.5,,0.8,,7.8,222.19791666666666,18.80902777777778,1004.7979166666667,
2020-06-04,,,26.095138888888886,150.36111111111111,15.755052264808361,33.85226480836237,0.7,,1.3,,7.9,218.43402777777777,19.094444444444445,1003.6180555555555,
2020-06-05,,,28.0,158.31358885017423,15.845296167247389,33.534843205574916,0.6,,0.8,,7.0,149.5121951219512,20.042857142857144,1007.0160278745644,
2020-06-06,,,27.925874125874127,153.02447552447552,16.365034965034965,33.04265734265734,0.7,,1.3,,9.9,55.08362369337979,19.66794425087108,1009.6407665505227,
2020-06-07,,,24.827430555555555,157.72222222222223,17.272916666666667,32.27986111111111,1.0,,1.4,,7.7,70.55902777777777,19.897222222222222,1012.4847222222221,
2020-06-08,,,25.072916666666668,156.61805555555554,17.190624999999997,31.701041666666665,0.6,,1.0,,4.2,195.23958333333334,20.913888888888888,1015.0118055555556,
2020-06-09,,,22.405555555555555,168.57638888888889,16.961111111111112,31.493402777777778,0.5,,0.8,,6.0,202.45833333333334,22.049305555555556,1015.1277777777777,
2020-06-10,,,19.613588850174217,185.95818815331012,16.993379790940768,31.445296167247385,0.7,,1.2,,5.4,167.53472222222223,21.902083333333334,1010.4909722222224,
2020-06-11,,,18.445486111111112,161.90277777777777,16.960069444444443,31.30104166666667,0.9,,1.3,,5.7,216.10069444444446,20.492708333333333,1003.7128472222222,
2020-06-12,,,17.067482517482517,156.27972027972027,17.002097902097905,31.25839160839161,1.2,,1.8,,7.6,218.75174825174824,20.38951048951049,1005.3695804195804,
2020-06-13,,,15.515384615384614,123.18181818181819,17.111538461538462,31.146153846153844,0.8,,1.2,,6.3,158.82578397212544,20.79616724738676,1005.5787456445992,
2020-06-14,,,14.674564459930314,112.44947735191637,16.610452961672472,31.44425087108014,1.4,,2.1,,10.6,238.73519163763066,21.53101045296167,1003.7982578397211,
2020-06-15,,,15.406643356643357,131.72027972027973,16.575874125874126,32.012587412587415,1.1,,1.5,,8.1,239.62020905923345,22.4191637630662,1005.4993031358885,
2020-06-16,,,16.485714285714284,138.34494773519162,17.162587412587413,31.89160839160839,0.6,,1.0,,9.7,129.26829268292684,22.9006968641115,1005.9344947735192,
2020-06-17,,,15.969824561403508,149.52280701754387,19.223157894736843,30.999649122807018,0.4,,0.7,,5.1,149.4020979020979,20.901748251748252,1006.2283216783217,
2020-06-18,,,17.677003484320558,167.94425087108013,17.83205574912892,31.429965156794424,0.9,,1.6,,7.5,99.82578397212544,19.093031358885018,1003.1010452961673,
2020-06-19,,,19.962937062937062,188.6048951048951,19.44090909090909,31.62937062937063,1.5,,2.1,,10.9,58.62587412587413,20.882867132867133,1005.2958041958041,
2020-06-20,,,20.665384615384617,174.32867132867133,19.85979020979021,31.48111888111888,0.8,,1.1,,7.1,59.944250871080136,20.701393728222996,1011.380487804878,
2020-06-21,,,25.523263888888888,169.40277777777777,19.902430555555554,31.377777777777776,0.8,,1.3,,9.9,71.67013888888889,20.634027777777778,1009.0680555555555,
2020-06-22,,,24.555902777777778,159.51388888888889,19.875694444444445,31.26493055555555,0.6,,1.0,,3.0,159.07291666666666,21.572916666666668,1009.3326388888888,
2020-06-23,,,26.369444444444444,174.875,19.35486111111111,31.375,0.5,,0.6,,4.2,124.15625,22.254166666666666,1010.2534722222222,
2020-06-24,,,26.94738675958188,181.2404181184669,18.97665505226481,30.722996515679444,1.4,,2.1,,5.5,111.25783972125436,21.74773519163763,1006.9693379790941,
2020-06-25,,,22.486458333333335,181.37152777777777,18.43263888888889,31.237152777777776,1.4,,2.4,,7.0,223.84027777777777,20.94861111111111,1002.8836805555555,
2020-06-26,,,19.283916083916083,161.66083916083917,17.783566433566435,32.014685314685316,0.7,,1.2,,8.3,233.8846153846154,21.66923076923077,1005.6797202797204,
2020-06-27,,,26.806968641114985,157.05226480836237,17.19268292682927,31.98118466898955,0.6,,0.9,,6.4,195.90940766550523,21.789895470383275,1005.0588850174216,
2020-06-28,,,20.312847222222224,149.36458333333334,17.71423611111111,31.84131944444444,0.6,,0.9,,5.6,131.72916666666666,22.14409722222222,1004.0833333333334,
2020-06-29,,,17.142708333333335,170.68402777777777,18.571875,31.396874999999998,1.6,,2.4,,13.5,83.39236111111111,21.417708333333334,1004.7190972222221,
2020-06-30,,,15.1,339.0,19.5,30.5,1.6,,2.2,,10.5,165.0,21.6,994.3,
2020-07-01,,,19.62048611111111,163.0625,16.717708333333334,30.896874999999998,1.3,,2.2,,5.7,171.06944444444446,19.411458333333332,1003.6059027777778,
2020-07-02,,,19.238111888111888,185.4090909090909,17.158041958041956,30.054195804195803,0.9,,1.5,,6.4,119.87412587412588,20.567132867132866,1011.3034965034965,
2020-07-03,,,28.873958333333334,190.01736111111111,17.102083333333333,29.74826388888889,1.0,,1.4,,7.9,45.74305555555556,20.791666666666668,1010.9913194444445,
2020-07-04,,,24.22048611111111,171.35416666666666,18.264930555555555,29.201736111111114,0.8,,1.3,,8.6,73.24305555555556,20.569444444444443,1007.2125000000001,
2020-07-05,,,24.674305555555556,151.11805555555554,18.53472222222222,28.540625000000002,1.0,,1.5,,4.5,176.87152777777777,21.028819444444444,1005.3788194444444,
2020-07-06,,,26.342361111111114,155.44097222222223,18.54201388888889,28.13888888888889,0.8,,1.1,,6.3,160.93402777777777,20.978819444444444,1002.0124999999999,
2020-07-07,,,22.196864111498257,171.0452961672474,18.474216027874565,28.04006968641115,2.3,,3.0,,7.6,231.86411149825784,21.0801393728223,1003.9006968641115,
2020-07-08,,,26.629166666666666,169.4375,17.40972222222222,27.875,0.9,,1.4,,5.1,177.14236111111111,22.102430555555557,1004.7531250000001,
2020-07-09,,,28.23090277777778,176.00694444444446,17.392013888888886,27.271875,0.7,,1.1,,8.3,57.09027777777778,21.071180555555557,1005.5965277777777,
2020-07-10,,,21.62951388888889,181.79513888888889,18.099305555555556,25.94965277777778,2.2,,3.2,,7.7,134.53819444444446,21.810416666666665,1001.8656249999999,
2020-07-11,,,22.542160278745644,196.74912891986062,17.809059233449478,25.24459930313589,1.3,,2.0,,10.3,124.83275261324042,20.890243902439025,1006.8209059233449,
2020-07-12,,,22.628124999999997,221.81944444444446,19.30173611111111,24.72048611111111,0.7,,1.0,,10.3,54.25347222222222,20.30902777777778,1011.2944444444444,
2020-07-13,,,25.855208333333334,260.90625,19.798263888888886,24.216666666666665,1.5,,2.1,,11.2,120.02777777777777,19.68576388888889,1003.9722222222222,
2020-07-14,,,11.286805555555555,169.89930555555554,19.898958333333333,22.32465277777778,1.4,,2.0,,5.5,85.01041666666667,19.897222222222222,1002.9934027777776,
2020-07-15,,,15.697222222222223,179.90625,20.26909722222222,21.569444444444443,0.8,,1.2,,6.4,59.0625,20.283333333333335,1005.9614583333334,
2020-07-16,,,15.189930555555556,164.5625,20.710763888888888,20.825000000000003,0.8,,1.2,,7.0,80.29513888888889,21.081249999999997,1007.4149305555555,
2020-07-17,,,19.244055944055944,130.71678321678323,21.32937062937063,20.244405594405592,0.8,,1.2,,8.1,51.41258741258741,21.624825174825173,1009.3423076923078,
2020-07-18,,,20.662717770034842,146.0034843205575,21.536585365853657,19.843205574912893,0.7,,1.1,,6.3,64.10763888888889,22.027083333333334,1010.3847222222222,
2020-07-19,,,25.53472222222222,139.22916666666666,21.570138888888888,19.39409722222222,1.1,,1.9,,6.2,114.33680555555556,23.061111111111114,1009.1072916666667,
2020-07-20,,,22.19543859649123,133.3859649122807,21.255087719298245,19.521403508771932,1.6,,2.6,,11.5,229.83216783216784,23.845804195804195,1008.0479020979021,
2020-07-21,,,27.33205574912892,189.8397212543554,19.60452961672474,19.733449477351915,1.0,,1.6,,5.8,178.54703832752614,22.947038327526133,1011.3797909407665,
2020-07-22,,,24.663194444444443,189.04513888888889,19.76076388888889,27.947569444444444,0.8,,1.1,,5.3,93.18055555555556,22.200000000000003,1010.5295138888889,
2020-07-23,,,20.78402777777778,172.97916666666666,20.15625,31.51076388888889,1.9,,7.1,,10.9,83.96527777777777,22.0,1007.9375,
2020-07-24,,,25.281533101045298,149.97212543554008,19.926480836236934,31.14494773519164,2.0,,3.3,,10.2,212.15277777777777,21.950000000000003,999.2819444444444,
2020-07-25,,,25.68850174216028,184.78745644599303,18.107317073170734,32.1801393728223,1.5,,2.5,,6.8,216.54006968641116,20.54355400696864,1002.3665505226481,
2020-07-26,,,25.672125435540067,175.87108013937282,16.54006968641115,32.90696864111498,0.9,,1.5,,4.4,186.06597222222223,22.540625,1008.0944444444444,
2020-07-27,,,23.569444444444443,181.86111111111111,18.069791666666667,31.321875000000002,0.7,,1.2,,7.4,66.89236111111111,22.188194444444445,1008.9565972222222,
2020-07-28,,,20.841811846689897,248.27177700348432,19.378397212543554,31.073867595818818,1.0,,1.5,,5.7,80.06968641114983,21.851219512195122,1011.1714285714286,
2020-07-29,,,30.24006968641115,131.9268292682927,19.174216027874564,30.894425087108015,0.5,,0.8,,6.1,130.2787456445993,21.66341463414634,1013.4355400696865,
2020-07-30,,,25.71859649122807,148.55438596491229,19.647719298245615,30.278245614035086,0.5,,0.8,,8.3,213.78321678321677,23.054195804195803,1014.608041958042,
2020-07-31,,,1.5,352.0,19.8,29.9,0.3,,0.4,,3.8,240.0,23.3,1013.4,
2020-08-01,,,21.485017421602787,149.71080139372822,20.467247386759585,29.358188153310103,0.4,,0.7,,7.6,224.90592334494772,24.045644599303138,1011.9606271777004,
2020-08-02,,,22.151748251748252,156.9825174825175,20.05839160839161,29.05664335664336,0.5,,0.9,,7.4,219.8006993006993,23.82937062937063,1010.7475524475524,
2020-08-03,,,20.563541666666666,173.26041666666666,18.48888888888889,29.366666666666667,0.5,,0.9,,8.9,226.26736111111111,24.249305555555555,1010.7805555555556,
2020-08-04,,,26.705574912891986,179.31010452961672,17.44773519163763,29.686411149825783,0.9,,1.3,,7.0,226.3170731707317,23.721254355400696,1013.1940766550523,
2020-08-05,,,27.724561403508773,164.56842105263158,16.906666666666666,30.004912280701753,1.7,,2.0,,6.1,265.57894736842104,23.488771929824562,1014.4428070175439,
2020-08-06,,,26.570138888888888,152.02777777777777,16.531597222222224,30.610416666666666,1.5,,2.2,,12.4,241.0625,23.164236111111112,1009.4093750000001,
2020-08-07,,,27.9006968641115,171.4878048780488,15.841463414634147,31.045644599303138,0.9,,1.7,,7.0,216.97222222222223,22.356250000000003,1007.5399305555555,
2020-08-08,,,24.045644599303138,187.81881533101046,16.18885017421603,30.03937282229965,1.4,,2.5,,10.6,240.0766550522648,23.319163763066204,1004.9951219512194,
2020-08-09,,,20.149652777777778,167.15625,15.938541666666667,30.37673611111111,1.3,,2.0,,10.4,232.92708333333334,22.672222222222224,1007.0222222222224,
2020-08-10,,,21.041319444444444,166.78819444444446,16.117013888888888,30.335069444444443,3.8,,4.6,,15.0,192.41319444444446,24.241666666666667,1005.4902777777778,
2020-08-11,,,16.637500000000003,161.78125,16.107986111111114,30.451736111111114,2.3,,3.2,,10.0,233.47916666666666,22.852430555555557,1011.0350694444444,
2020-08-12,,,12.901736111111111,163.28819444444446,16.406968641114982,30.117770034843204,1.1,,1.6,,8.0,237.70138888888889,23.367708333333333,1013.4718750000001,
2020-08-13,,,12.024999999999999,188.27430555555554,16.913194444444443,29.94166666666667,0.7,,1.1,,7.8,225.69791666666666,23.8375,1011.2239583333334,
2020-08-14,,,12.618055555555555,212.53472222222223,15.664236111111112,30.550694444444446,0.8,,1.3,,8.7,228.09375,23.48090277777778,1008.0934027777779,
2020-08-15,,,17.53101045296167,171.79094076655053,14.018466898954705,31.217770034843205,0.7,,1.3,,7.2,220.0034843205575,22.90383275261324,1009.3278745644599,
2020-08-16,,,16.970731707317075,151.56445993031357,14.51254355400697,30.997560975609755,0.6,,1.0,,7.7,227.794425087108,23.801742160278746,1010.974912891986,
2020-08-17,,,24.5801393728223,156.8048780487805,14.876306620209059,31.458885017421604,0.3,,0.5,,5.1,169.85714285714286,25.721254355400696,1012.8421602787457,
2020-08-18,,,27.62777777777778,158.55208333333334,16.62777777777778,30.69236111111111,0.5,,0.6,,5.2,181.09722222222223,24.428819444444443,1012.15625,
2020-08-19,,,31.160069444444446,169.43402777777777,17.836805555555557,30.224999999999998,0.3,,0.4,,7.1,180.31597222222223,24.373958333333334,1010.0128472222223,
2020-08-20,,,30.867368421052635,163.8982456140351,18.71438596491228,29.477543859649124,0.4,,0.7,,5.8,119.05614035087719,26.276491228070174,1011.4877192982456,
2020-08-21,,,30.17017543859649,173.12280701754386,23.04736842105263,29.576842105263157,0.9,,1.3,,8.5,63.13286713286713,25.577622377622376,1014.2395104895105,
2020-08-22,,,28.70902777777778,167.84722222222223,24.620905923344946,29.359233449477355,0.9,,1.3,,7.7,51.61805555555556,26.12986111111111,1012.8531250000001,
2020-08-23,,,28.070383275261324,167.98257839721254,25.207665505226483,28.750871080139373,0.7,,1.1,,4.6,194.44947735191639,26.79163763066202,1008.6118466898954,
2020-08-24,,,23.888028169014085,187.2112676056338,24.539084507042254,28.032042253521126,1.4,,2.0,,3.4,164.1549295774648,27.69823943661972,1006.4302816901409,
2020-08-25,,,16.870383275261325,203.18466898954705,23.737979094076657,28.35191637630662,3.3,,4.2,,6.8,111.80836236933798,27.82369337979094,1005.7289198606272,
2020-08-26,,,17.778819444444444,154.13541666666666,24.318466898954703,27.657839721254355,4.4,,5.2,,7.8,100.45833333333333,27.728472222222223,1004.7597222222222,
2020-08-27,,,14.932631578947369,157.82456140350877,23.13767605633803,27.14507042253521,2.4,,3.6,,9.3,248.08680555555554,26.125694444444445,1005.4826388888889,
2020-08-28,,,18.389583333333334,202.88541666666666,21.404166666666665,26.617013888888888,0.8,,1.4,,6.0,223.54513888888889,26.735069444444445,1008.3753472222221,
2020-08-29,,,15.598257839721255,202.2404181184669,22.146341463414632,25.401393728222995,0.6,,1.2,,9.3,223.74216027874564,25.841463414634145,1010.1407665505227,
2020-08-30,,,17.114930555555556,189.76736111111111,21.15798611111111,25.24826388888889,0.6,,1.0,,7.4,145.82291666666666,26.731944444444444,1010.9631944444445,
2020-08-31,,,16.4,321.0,22.4,24.6,0.6,,0.8,,3.2,45.0,25.9,1012.5,
2020-09-01,,,16.2986013986014,198.06993006993008,27.33076923076923,21.3986013986014,1.4,,2.1,,8.3,44.46853146853147,26.376573426573426,1009.309090909091,
2020-09-02,,,16.850522648083626,170.82926829268294,27.58466898954704,21.093379790940766,4.8,,6.4,,22.0,57.22648083623693,27.90418118466899,999.8707317073172,
2020-09-03,,,45.4,321.55555555555554,25.28306451612903,20.78991935483871,5.4,,6.8,,25.3,227.75875486381324,26.613229571984437,986.5222222222222,
2020-09-04,,,,,18.620905923344946,23.17491289198606,0.9,,1.4,,6.5,212.1184668989547,23.65261324041812,,
2020-09-05,,,,,17.311832061068703,22.650000000000002,0.6,,0.9,,6.8,102.82417582417582,20.795238095238098,,
2020-09-06,,,,,20.383680555555557,20.74513888888889,1.6,,2.5,,10.9,44.16319444444444,22.023958333333333,,
2020-09-07,,,,,22.03018181818182,18.327636363636366,5.1,,6.1,,23.8,69.17117117117117,22.98918918918919,,
2020-09-08,,,,,21.33298245614035,20.083508771929825,1.3,,2.0,,,,,,
2020-09-09,,,,,20.353125,20.39409722222222,0.8,,1.4,,,,,,
2020-09-10,,,,,20.252613240418118,20.702090592334496,0.4,,0.7,,1.9,194.8095238095238,22.376190476190477,,
2020-09-11,,,12.87,244.4,21.147916666666667,20.733680555555555,0.9,,1.5,,9.7,50.97142857142857,22.96357142857143,,
2020-09-12,,,12.794444444444444,160.61111111111111,22.321602787456445,19.76515679442509,1.8,,2.7,,8.4,45.611111111111114,22.25486111111111,,
2020-09-13,,,12.530555555555557,100.99652777777777,22.739583333333332,19.512500000000003,2.9,,3.7,,7.2,59.583333333333336,20.711111111111112,,
2020-09-14,,,10.421052631578947,120.54385964912281,22.99964912280702,20.00982456140351,1.5,,2.2,,5.6,205.08771929824562,22.051929824561405,,
2020-09-15,,,11.586111111111112,155.21527777777777,23.22473867595819,21.85191637630662,0.8,,1.3,,5.4,150.16319444444446,23.039236111111112,,
2020-09-16,,,15.335763888888888,125.36111111111111,23.17465277777778,22.041666666666668,0.8,,1.3,,4.9,110.17708333333333,23.00173611111111,,
2020-09-17,,,13.048958333333333,155.94097222222223,22.736458333333335,22.855555555555554,0.5,,0.7,,4.9,268.60069444444446,22.415277777777778,,
2020-09-18,,,12.738541666666666,143.42013888888889,22.22717770034843,24.058188153310105,0.3,,0.5,,5.7,259.93402777777777,20.869097222222223,,
2020-09-19,,,7.128205128205129,164.10256410256412,21.81025641025641,24.21025641025641,0.2,,0.4,,5.9,314.017094017094,20.4017094017094,,
2020-09-20,,,,,,,,,,,,,,,
2020-09-21,,,,,,,,,,,,,,,
2020-09-22,,,,,,,,,,,,,,,
2020-09-23,,,23.7,10.0,23.3,29.6,,,,,,,,,
2020-09-24,,,,,,,,,,,,,,,
2020-09-25,,,,,,,,,,,,,,,
2020-09-26,,,,,,,,,,,,,,,
2020-09-27,,,,,,,,,,,,,,,
2020-09-28,,,,,,,,,,,,,,,
2020-09-29,,,,,,,,,,,,,,,
2020-09-30,,,,,,,,,,,,,,,
2020-10-01,,,,,,,,,,,,,,,
2020-10-02,,,,,,,,,,,,,,,
2020-10-03,,,,,,,,,,,,,,,
2020-10-04,,,,,,,,,,,,,,,
2020-10-05,,,,,,,,,,,,,,,
2020-10-06,,,,,,,,,,,,,,,
2020-10-07,,,,,,,,,,,,,,,
2020-10-08,,,,,,,,,,,,,,,
2020-10-09,,,,,,,,,,,,,,,
2020-10-10,,,,,,,,,,,,,,,
2020-10-11,,,,,,,,,,,,,,,
2020-10-12,,,,,,,,,,,,,,,
2020-10-13,,,,,,,,,,,,,,,
2020-10-14,,,,,,,,,,,,,,,
2020-10-15,,,,,,,,,,,,,,,
2020-10-16,,,,,,,,,,,,,,,
2020-10-17,,,,,,,,,,,,,,,
2020-10-18,,,,,,,,,,,,,,,
2020-10-19,,,,,,,,,,,,,,,
2020-10-20,,,,,,,,,,,,,,,
2020-10-21,,,,,,,,,,,,,,,
2020-10-22,,,,,,,,,,,,,,,
2020-10-23,,,,,,,,,,,,,,,
2020-10-24,,,,,,,,,,,,,,,
2020-10-25,,,,,,,,,,,,,,,
2020-10-26,,,,,,,,,,,,,,,
2020-10-27,,,,,,,,,,,,,,,
2020-10-28,,,,,,,,,,,,,,,
2020-10-29,,,,,,,,,,,,,,,
2020-10-30,,,,,,,,,,,,,,,
2020-10-31,,,,,,,,,,,,,,,
2020-11-01,,,,,,,,,,,,,,,
2020-11-02,,,,,,,,,,,,,,,
2020-11-03,,,,,,,,,,,,,,,
2020-11-04,,,,,,,,,,,,,,,
2020-11-05,,,,,,,,,,,,,,,
2020-11-06,,,,,,,,,,,,,,,
2020-11-07,,,,,,,,,,,,,,,
2020-11-08,,,,,,,,,,,,,,,
2020-11-09,,,,,,,,,,,,,,,
2020-11-10,,,22.9359649122807,127.76612903225806,18.04596774193548,32.670967741935485,5.3,,20.1,,4.4,128.46774193548387,12.47983870967742,1027.529268292683,
2020-11-11,,,17.65944055944056,161.01048951048952,17.406993006993005,33.87587412587413,0.7,,0.9,,5.2,166.33916083916083,13.08951048951049,1030.9979020979022,
2020-11-12,,,20.302430555555556,163.82638888888889,17.631944444444443,33.968402777777776,0.7,,1.1,,4.7,179.12847222222223,15.149999999999999,1029.5812500000002,
2020-11-13,,,26.834722222222222,161.48611111111111,17.502430555555556,33.99270833333333,0.5,,0.8,,6.5,180.62152777777777,15.652083333333334,1026.8697916666667,
2020-11-14,,,26.021189591078066,154.33828996282529,17.317100371747213,34.02267657992565,1.0,,1.7,,8.6,55.90706319702602,16.295167286245352,1028.7951672862455,
2020-11-15,,,28.695833333333333,156.42361111111111,17.130555555555556,34.103125000000006,1.0,,1.5,,7.7,230.27083333333334,16.256944444444443,1026.3805555555555,
2020-11-16,,,29.08576388888889,155.39236111111111,16.936458333333334,34.14131944444445,0.5,,0.7,,8.2,160.18402777777777,16.397222222222222,1025.322222222222,
2020-11-17,,,27.3404181184669,155.14634146341464,17.02777777777778,34.10451388888889,0.7,,1.0,,6.8,95.62152777777777,18.124652777777776,1024.9833333333333,
2020-11-18,,,25.95296167247387,161.36933797909407,16.909407665505228,34.153310104529616,0.8,,1.4,,5.4,210.14285714285714,18.57526132404181,1020.0059233449477,
2020-11-19,,,30.162827225130894,131.31413612565444,16.767539267015707,34.20837696335079,3.4,,4.3,,14.7,230.42931937172776,19.589005235602095,1010.8919786096257,
2020-11-20,,,,,,,,,,,,,,,
2020-11-21,,,,,,,,,,,,,,,
2020-11-22,,,,,,,,,,,,,,,
2020-11-23,,,,,,,,,,,,,,,
2020-11-24,,,,,,,,,,,,,,,
2020-11-25,,,,,,,,,,,,,,,
2020-11-26,,,,,,,,,,,,,,,
2020-11-27,,,,,,,,,,,,,,,
2020-11-28,,,,,,,,,,,,,,,
2020-11-29,,,,,,,,,,,,,,,
2020-11-30,,,,,,,,,,,,,,,
2020-12-01,,,,,,,,,,,,,,,
2020-12-02,,,,,,,,,,,,,,,
2020-12-03,,,,,,,,,,,,,,,
2020-12-04,,,,,,,,,,,,,,,
2020-12-05,,,,,,,,,,,,,,,
2020-12-06,,,,,,,,,,,,,,,
2020-12-07,,,,,,,,,,,,,,,
2020-12-08,,,,,,,,,,,,,,,
2020-12-09,,,,,,,,,,,,,,,
2020-12-10,,,,,,,,,,,,,,,
2020-12-11,,,,,,,,,,,,,,,
2020-12-12,,,,,,,,,,,,,,,
2020-12-13,,,,,,,,,,,,,,,
2020-12-14,,,,,,,,,,,,,,,
2020-12-15,,,,,,,,,,,,,,,
2020-12-16,,,,,,,,,,,,,,,
2020-12-17,,,21.55,249.5,5.6,,,,,,0.0,227.0,3.0,1029.35,
2020-12-18,,,,,,,,,,,,,,,
2020-12-19,,,,,,,,,,,,,,,
2020-12-20,,,,,,,,,,,,,,,
2020-12-21,,,,,,,,,,,,,,,
2020-12-22,,,12.58840579710145,160.6627906976744,13.48313953488372,33.90233918128655,0.6,,1.0,,9.0,256.6220930232558,7.823837209302326,1025.4218934911241,
2020-12-23,,,7.54006968641115,169.9233449477352,14.812891986062718,35.010104529616726,0.5,,0.8,,7.3,267.77003484320556,7.652961672473868,1023.6533101045296,
2020-12-24,,,8.258736059479553,158.09665427509293,14.688847583643124,35.01115241635688,0.4,,0.9,,9.2,309.39629629629627,10.201851851851853,1015.678148148148,
2020-12-25,,,11.313541666666667,134.29166666666666,14.240625000000001,34.97083333333333,0.6,,0.9,,9.5,293.09375,4.949652777777778,1021.7302083333333,
2020-12-26,,,15.329965156794424,121.96515679442508,13.897909407665505,34.9808362369338,0.4,,0.7,,8.8,299.9268292682927,6.765853658536585,1025.237282229965,
2020-12-27,,,16.127430555555556,118.45138888888889,13.593402777777778,34.9375,0.3,,0.6,,4.9,241.99305555555554,8.087847222222223,1022.2135416666666,
2020-12-28,,,17.795470383275262,138.10104529616726,13.448780487804878,34.84843205574913,0.4,,0.7,,5.3,239.4878048780488,9.275958188153309,1022.323693379791,
2020-12-29,,,18.235763888888886,146.72222222222223,13.647569444444445,34.794444444444444,0.4,,0.6,,8.4,274.5208333333333,10.068402777777777,1017.5958333333333,
2020-12-30,,,18.613240418118465,134.98257839721254,13.625087108013938,34.78153310104529,0.9,,1.2,,13.7,305.77003484320556,2.389895470383275,1016.2073170731708,
2020-12-31,,,21.37222222222222,121.29861111111111,13.198263888888889,34.776736111111106,1.1,,1.6,,12.0,302.21875,3.1302083333333335,1023.2937499999999,
2021-01-01,,,21.843402777777776,124.96875,13.408333333333333,34.751041666666666,0.7,,1.1,,8.0,279.22569444444446,2.3246527777777777,1025.5399305555557,
2021-01-02,,,35.1,94.0,13.6,34.7,0.5,,0.9,,4.7,317.0,2.9,1024.5,
2021-01-03,,,17.758680555555557,155.02430555555554,13.241319444444445,34.666666666666664,0.6,,0.8,,7.4,298.4479166666667,1.9000000000000001,1031.1194444444445,
2021-01-04,,,16.98362369337979,153.2439024390244,13.266202090592335,34.68885017421603,0.5,,0.8,,7.4,257.65156794425087,4.467247386759581,1030.073519163763,
2021-01-05,,,14.106597222222222,153.30902777777777,13.499652777777778,34.69409722222222,0.3,,0.5,,10.8,314.3541666666667,5.109027777777778,1025.6756944444444,
2021-01-06,,,13.023693379790942,153.2439024390244,13.45156794425087,34.59860627177701,0.6,,1.0,,10.0,308.4146341463415,1.5491289198606273,1022.7271777003484,
2021-01-07,,,12.986458333333333,160.45138888888889,12.934722222222222,34.61909722222222,0.9,,1.8,,13.4,309.47569444444446,4.329513888888889,1021.0687499999999,
2021-01-08,,,12.190940766550524,158.6376306620209,12.49616724738676,34.689547038327525,0.8,,1.0,,10.5,315.1637630662021,6.221602787456446,1022.1052264808362,
2021-01-09,,,14.312734082397004,141.3370786516854,12.229588014981275,34.65880149812734,0.5,,0.8,,11.6,308.1263940520446,4.384758364312268,1021.9416356877323,
2021-01-10,,,24.12013888888889,114.67708333333333,12.957291666666668,34.76215277777778,0.7,,1.0,,11.5,311.43402777777777,2.4652777777777777,1025.7739583333334,
2021-01-11,,,21.291608391608392,123.66083916083916,13.788771929824563,34.803859649122806,0.6,,0.9,,6.8,271.90625,2.0326388888888887,1024.8815972222224,
2021-01-12,,,20.80034722222222,148.08680555555554,13.812847222222222,34.775,0.5,,0.9,,8.7,302.50694444444446,2.740972222222222,1018.3781250000001,
2021-01-13,,,20.732291666666665,135.61111111111111,13.702120141342755,34.69575971731449,1.2,,2.0,,10.5,290.97222222222223,8.130902777777777,1016.7288194444445,
2021-01-14,,,21.421376811594204,150.52173913043478,13.587719298245615,34.679298245614035,1.1,,1.7,,7.8,192.09722222222223,9.618749999999999,1021.2673611111111,
2021-01-15,,,20.824825174825172,136.82867132867133,13.531597222222222,34.66354166666667,1.0,,1.5,,13.1,280.56944444444446,12.478124999999999,1016.5708333333334,
2021-01-16,,,19.786759581881533,148.26132404181186,13.385017421602788,34.66445993031359,0.9,,1.4,,10.4,313.3414634146341,8.159581881533102,1019.0369337979093,
2021-01-17,,,17.058536585365854,146.05923344947735,12.956445993031359,34.61184668989547,0.6,,0.9,,13.1,303.68989547038325,1.289198606271777,1025.0456445993032,
2021-01-18,,,16.595833333333335,145.30208333333334,12.48611111111111,34.54027777777778,0.9,,1.3,,11.5,306.36805555555554,3.132638888888889,1020.5072916666666,
2021-01-19,,,11.969444444444443,157.89236111111111,12.247222222222222,34.52118055555556,0.7,,1.2,,6.6,177.35416666666666,1.9291666666666667,1029.6927083333333,
2021-01-20,,,9.09233449477352,148.06271777003485,12.37177700348432,34.67630662020906,0.6,,0.9,,4.4,242.61324041811847,5.852264808362369,1029.7226480836239,
2021-01-21,,,13.541608391608392,119.31118881118881,12.898601398601398,34.6472027972028,0.5,,0.7,,6.6,278.07342657342656,9.35034965034965,1024.1118881118882,
2021-01-22,,,6.295486111111111,188.50347222222223,12.748958333333333,34.611805555555556,0.4,,0.7,,7.6,153.00694444444446,10.915972222222223,1018.1770833333334,
2021-01-23,,,10.43588850174216,226.41114982578398,13.669337979094076,34.836236933797906,2.6,,3.8,,16.3,38.853658536585364,11.78397212543554,1017.4184668989546,
2021-01-24,,,8.773958333333333,166.3125,13.884027777777778,34.873263888888886,2.2,,3.1,,13.5,74.33333333333333,10.353124999999999,1023.6701388888889,
2021-01-25,,,9.277351916376306,174.89547038327527,13.937630662020906,34.86167247386759,1.2,,1.9,,12.2,50.34375,10.237152777777778,1026.25625,
2021-01-26,,,13.547916666666667,143.41666666666666,13.855789473684212,34.85859649122806,1.0,,1.5,,7.6,230.35069444444446,9.681944444444445,1017.7795138888889,
2021-01-27,,,15.920833333333333,157.24305555555554,13.684027777777779,34.796875,0.6,,0.9,,8.9,160.61805555555554,8.500694444444443,1020.1621527777778,
2021-01-28,,,19.672887323943662,138.61267605633802,13.46140350877193,34.63438596491228,0.8,,1.5,,13.9,276.51056338028167,6.400706713780919,1014.4643109540636,
2021-01-29,,,21.481250000000003,145.77083333333334,12.863541666666666,34.62361111111111,0.9,,1.2,,13.8,314.7361111111111,1.9812500000000002,1022.5034722222222,
2021-01-30,,,20.14146341463415,141.74912891986062,12.729616724738676,34.378397212543554,1.8,,2.2,,11.3,295.4355400696864,4.968989547038327,1025.9135888501742,
2021-01-31,,,20.876491228070176,144.1298245614035,12.777894736842105,34.40456140350877,1.6,,2.2,,8.4,228.1859649122807,8.755087719298245,1028.3291228070175,
2021-02-01,,,19.670833333333334,143.88194444444446,12.887847222222224,34.295138888888886,2.0,,3.0,,11.7,260.0486111111111,11.555208333333333,1016.3555555555556,
2021-02-02,,,23.4,87.0,12.8,33.8,1.1,,1.9,,7.3,295.0,10.3,1015.5,
2021-02-03,,,18.18815331010453,150.09756097560975,12.506620209059234,34.044947735191634,0.6,,1.1,,8.6,297.06271777003485,2.124738675958188,1025.5149825783972,
2021-02-04,,,17.97298245614035,154.6140350877193,12.298947368421054,33.76175438596491,0.8,,1.3,,11.3,306.6363636363636,6.370629370629371,1023.3384615384615,
2021-02-05,,,12.965625,144.03125,12.209722222222222,33.61701388888889,0.6,,2.1,,8.1,287.5729166666667,6.879513888888889,1021.4666666666667,
2021-02-06,,,12.037500000000001,121.18055555555556,12.213541666666666,33.45381944444445,0.6,,1.0,,7.3,285.11805555555554,10.421875,1015.9020833333333,
2021-02-07,,,13.783275261324043,113.53310104529616,12.230313588850175,33.38641114982578,0.6,,0.9,,7.4,253.25435540069685,10.969337979094076,1017.9282229965157,
2021-02-08,,,13.427622377622379,142.8006993006993,12.146153846153846,33.24265734265734,0.5,,0.8,,10.9,291.90277777777777,5.053472222222222,1023.1340277777776,
2021-02-09,,,16.708710801393728,128.60627177700349,11.814634146341463,33.4191637630662,0.7,,0.9,,10.7,266.08710801393727,4.004878048780488,1026.1912891986065,
2021-02-10,,,19.895104895104897,128.62237762237763,11.85034965034965,33.690909090909095,0.5,,0.8,,8.3,298.0104895104895,7.761888111888112,1023.6685314685315,
2021-02-11,,,19.727338129496403,151.58992805755395,12.113333333333333,33.577894736842104,0.4,,0.7,,6.7,162.1818181818182,8.9,1024.6975524475524,
2021-02-12,,,21.509027777777778,140.98263888888889,12.609722222222222,30.10590277777778,0.4,,0.7,,4.6,252.69097222222223,10.937847222222222,1023.6541666666667,
2021-02-13,,,21.155902777777776,145.07638888888889,13.077083333333333,34.28854166666667,0.5,,0.8,,3.4,183.60416666666666,12.207291666666666,1023.4100694444444,
2021-02-14,,,19.618815331010452,146.30662020905925,13.20801393728223,34.26271777003484,0.7,,1.1,,4.6,205.97909407665506,12.781881533101046,1015.6919860627177,
2021-02-15,,,20.691666666666666,147.22569444444446,13.307986111111111,34.186458333333334,0.9,,1.3,,17.7,293.1388888888889,9.872222222222222,1006.3923611111111,
2021-02-16,,,17.857986111111114,143.64930555555554,12.982291666666667,33.92604166666667,1.1,,1.5,,11.4,300.50694444444446,3.1177083333333333,1013.9499999999999,
2021-02-17,,,16.065156794425086,151.83275261324042,12.518466898954705,33.75156794425087,1.0,,1.5,,15.9,308.5644599303136,1.6829268292682926,1015.1006968641116,
2021-02-18,,,13.360416666666667,170.64930555555554,11.917328519855594,33.71949458483755,0.9,,1.3,,11.3,293.8958333333333,2.6576388888888887,1018.8503472222224,
2021-02-19,,,13.088541666666666,116.71875,12.002430555555556,33.677083333333336,1.2,,1.9,,9.9,287.3298611111111,5.356249999999999,1017.6302083333334,
2021-02-20,,,15.769285714285713,105.82857142857142,12.339649122807018,33.604561403508775,1.7,,2.8,,11.4,272.3125,12.250694444444443,1011.5916666666667,
2021-02-21,,,17.03274647887324,95.08802816901408,12.482926829268292,33.310452961672475,1.7,,2.7,,13.0,278.6341463414634,14.301393728222996,1012.125087108014,
2021-02-22,,,14.095121951219513,113.98954703832753,12.5602787456446,33.14808362369338,1.5,,2.5,,9.3,275.0418118466899,15.154703832752611,1011.874912891986,
2021-02-23,,,11.922569444444443,123.17708333333333,12.540972222222223,32.82743055555555,0.7,,1.2,,8.0,184.35763888888889,9.53125,1021.4746527777778,
2021-02-24,,,13.487847222222221,136.80902777777777,12.605902777777779,32.58229166666667,0.7,,1.0,,9.3,128.24652777777777,8.07638888888889,1024.3677083333334,
2021-02-25,,,17.12193308550186,152.63940520446096,13.233828996282528,32.38327137546469,0.7,,1.3,,7.2,65.74444444444444,9.576296296296295,1023.0614814814815,
2021-02-26,,,14.18815331010453,165.77700348432055,13.357839721254354,32.087804878048786,2.0,,3.1,,13.7,51.57491289198606,10.080487804878048,1021.6080139372822,
2021-02-27,,,14.338541666666666,174.52430555555554,13.265625,31.63263888888889,3.0,,4.6,,15.3,56.66319444444444,8.447569444444445,1028.7635416666667,
2021-02-28,,,20.47326388888889,148.85763888888889,13.382638888888888,31.85138888888889,1.7,,2.3,,9.4,57.88194444444444,10.76388888888889,1026.6729166666667,
2021-07-01,,,14.922353760445683,189.00766016713092,23.359679665738163,31.554526462395547,0.8,,1.3,,10.0,50.61308281141267,23.40055671537926,1006.7455114822548,
2021-07-02,,,13.556894150417827,140.23189415041782,23.676949860724232,30.545612813370475,0.7,,1.1,,10.1,49.858635097493035,23.87973537604457,1008.8358635097493,
2021-07-03,,,6.592956764295676,223.1018131101813,23.874337517433748,30.101882845188282,0.9,,1.5,,11.2,69.17246175243393,22.988108484005565,1008.9112656467315,
2021-07-04,,,17.020305980528512,129.45618915159943,23.508275382475663,29.88066759388039,2.8,,3.9,,16.2,235.71507991660874,24.373245309242527,1005.8790132036136,
2021-07-05,,,12.226238660153525,196.55478018143754,20.736915561758547,31.10474528960223,1.0,,1.4,,7.9,257.1534170153417,22.774337517433754,1010.1254532775453,
2021-07-06,,,16.139218422889044,152.38520586182833,19.605923344947737,31.146898954703836,1.8,,2.7,,16.3,248.53133704735376,22.901044568245126,1008.0949860724234,
2021-07-07,,,42.6,47.0,18.5,30.9,0.8,,1.1,,4.2,254.0,22.4,1009.3,
2021-07-08,,,22.66912891986063,182.04738675958188,19.545993031358886,30.259442508710805,1.0,,1.7,,7.2,218.06750173973555,22.80911621433542,1006.0050104384134,
2021-07-09,,,21.36918767507003,207.92156862745097,21.304901960784314,29.970728291316526,0.9,,1.8,,6.0,169.72264808362368,22.52341463414634,1005.9047386759582,
2021-07-10,,,19.773090399439383,193.88717589348283,20.52978276103714,29.768465311843027,0.8,,1.2,,8.8,157.4747899159664,23.51498599439776,1008.6306722689076,
2021-07-11,,,26.67828212290503,191.6717877094972,20.118575418994414,30.166759776536313,0.8,,1.2,,8.0,116.38257839721254,23.64682926829268,1010.7487804878049,
2021-07-12,,,24.161924686192467,165.11645746164575,20.01059972105997,30.35,0.6,,1.3,,7.2,125.89972144846797,24.08300835654596,1010.5276462395543,
2021-07-13,,,26.346903270702853,169.79053583855253,19.862212943632567,30.010438413361168,0.6,,0.8,,7.2,144.6328233657858,23.96766342141864,1011.4468706536858,
2021-07-14,,,25.04452961672474,162.4,19.581393728222995,30.013101045296168,0.6,,0.9,,6.8,160.75679442508712,24.087108013937282,1013.0540766550523,
2021-07-15,,,25.79143859649123,156.97122807017544,19.725525946704067,29.951823281907437,0.5,,0.7,,5.7,152.3579902302861,24.73105373342638,1015.009769713887,
2021-07-16,,,21.995530726256984,205.29259776536313,21.34026517794836,29.833007676203767,0.6,,0.9,,10.3,208.1808066759388,25.51981919332406,1014.9949930458971,
2021-07-17,,,22.118032786885248,232.77513030528667,24.225614296351452,30.3740878629933,1.3,,2.5,,11.1,187.86859688195992,25.58411284335561,1012.760579064588,
2021-07-18,,,18.3483286908078,206.32520891364902,25.29220055710306,29.983774373259052,0.8,,1.3,,8.0,218.2293259207783,26.283252258512857,1012.1882557331479,
2021-07-19,,,20.817458100558657,219.00209497206703,25.671927374301674,29.28393854748603,0.5,,1.0,,6.2,222.86480836236933,26.47191637630662,1013.5632055749129,
2021-07-20,,,17.326842837273993,207.92141863699584,26.829207232267038,28.184561891515994,0.6,,1.0,,8.7,215.70604586518417,27.562126476719946,1014.3180681028492,
2021-07-21,,,18.97670850767085,198.06485355648536,26.448256624825664,28.323919107391912,0.8,,1.1,,11.1,178.18257839721255,27.308850174216026,1012.6114982578397,
2021-07-22,,,19.392061281337046,170.78203342618386,26.251114206128133,27.967896935933148,0.8,,1.3,,10.8,199.3816155988858,26.95800835654596,1011.2502089136491,
2021-07-23,,,22.18722222222222,181.99583333333334,26.377083333333335,27.707638888888887,0.7,,1.1,,9.2,205.19027777777777,26.864305555555553,1009.7366666666667,
2021-07-24,,,22.370264623955432,178.52367688022284,26.193384401114205,26.882451253481893,0.8,,1.1,,8.3,86.67966573816156,26.878760445682452,1008.8969359331477,
2021-07-25,,,22.206745479833103,176.9116828929068,26.30904033379694,26.074478442280945,1.9,,2.4,,7.7,186.23611111111111,27.373472222222226,1007.4816666666667,
2021-07-26,,,19.309052924791086,146.67618384401115,26.31301322199026,25.879331941544883,2.4,,3.3,,6.8,142.6884561891516,27.276634214186373,1005.4819888734354,
2021-07-27,,,17.6678496868476,181.1858037578288,26.49144050104384,25.390187891440497,1.1,,1.3,,8.6,164.1266527487822,27.367640918580378,1003.4501043841336,
2021-07-28,,,17.085027855153204,200.69011142061282,26.5991643454039,25.748885793871867,0.7,,1.1,,7.7,212.2040389972145,27.32841225626741,1003.2461002785515,
2021-07-29,,,13.870891364902507,199.40041782729804,26.971100278551532,25.92089136490251,0.6,,1.1,,4.8,153.4144645340751,27.222253129346313,1002.7592489568846,
2021-07-30,,,16.414245810055867,210.8812849162011,26.27304469273743,25.684986033519554,0.6,,1.0,,7.9,141.22439024390243,26.78,1001.5454355400697,
2021-07-31,,,25.912247738343773,190.24077940153097,24.49471120389701,25.751983298538622,0.5,,0.7,,7.1,217.54690757470465,26.541000694927032,1000.926129256428,
2021-08-01,,,15.129448709002094,220.37404047452895,24.57138869504536,24.839706908583395,0.4,,0.7,,4.2,168.31710709318497,27.24297635605007,1000.6762865090403,
2021-08-02,,,26.868776077885954,247.25521557719054,25.00326842837274,23.735326842837274,0.4,,0.9,,5.6,171.70027816411684,27.155424200278166,1003.5529207232267,
2021-08-03,,,20.94136967155835,203.1006289308176,25.70286312849162,23.324650837988827,0.9,,1.5,,8.1,152.2239221140473,27.021557719054243,1008.1143254520166,
2021-08-04,,,20.95723226703755,173.02086230876216,26.404659248956886,22.873435326842838,0.6,,1.0,,3.0,147.34444444444443,28.25340277777778,1009.1879166666668,
2021-08-05,,,23.459138290479498,170.91730368311326,27.150034746351633,22.179777623349548,0.6,,0.8,,4.6,154.23280055594162,28.361779013203613,1006.3574009728978,
2021-08-06,,,21.998801973220576,208.27625088090204,27.998379140239603,27.122057787174064,0.5,,0.8,,8.3,172.12665684830634,28.694167252283908,1002.9863668306396,
2021-08-07,,,24.4,36.0,28.7,31.1,0.4,,0.4,,3.7,35.0,28.5,1002.3,
2021-08-08,,,17.496999302163296,205.7459874389393,28.13042568039079,31.02491277041172,1.5,,2.2,,15.0,88.28064066852367,26.140459610027854,1002.0541086350975,
2021-08-09,,,18.647632311977716,131.82311977715878,27.594637883008357,30.92527855153203,2.4,,2.9,,9.0,159.3983286908078,26.65961002785515,1001.5545264623955,
2021-08-10,,,17.780640668523677,159.47214484679665,27.38636047320807,30.754349338900486,2.3,,3.1,,8.8,87.05632823365787,25.947705146036164,1009.0114742698192,
2021-08-11,,,15.385813630041724,156.09666203059805,27.165507649513213,30.566898470097357,1.6,,2.3,,8.5,214.94861111111112,26.136944444444442,1010.8361805555556,
2021-08-12,,,20.890675017397356,183.2366040361865,26.95991649269311,30.111203897007655,1.3,,1.8,,6.9,107.40931202223767,26.244822793606673,1009.8124391938848,
2021-08-13,,,17.50876216968011,191.07649513212795,26.941168289290683,29.457649513212793,0.9,,1.4,,10.2,71.29763560500696,25.811404728789988,1005.8675938803894,
2021-08-14,,,10.39123783031989,191.11126564673157,26.730389429763562,29.08470097357441,1.5,,2.1,,12.1,56.699305555555554,24.62138888888889,1006.1684722222222,
2021-08-15,,,7.29491643454039,189.69637883008357,26.523467966573815,28.993593314763235,1.1,,1.9,,9.0,60.47774687065368,25.046453407510434,1013.0172461752434,
2021-08-16,,,7.187125956854558,196.9902574808629,26.37919276270007,29.257898399443285,1.1,,1.8,,11.5,53.7633959638135,25.001530967292968,1014.0967292971468,
2021-08-17,,,11.525278551532033,169.45473537604457,26.29658774373259,29.2358635097493,1.3,,2.3,,9.2,79.37787056367432,23.845929018789143,1008.2222686151704,
2021-08-18,,,11.632336578581363,154.4151599443672,26.189847009735743,29.25,1.9,,2.9,,11.9,100.53685674547984,24.035535465924895,1008.3670375521558,
2021-08-19,,,14.326495132127956,182.19262865090403,26.15325402379286,29.322743177046885,1.8,,2.4,,9.2,121.71488178025035,25.111057023643948,1010.6291376912378,
2021-08-20,,,19.850801393728226,154.01114982578397,26.262148876404495,29.2314606741573,0.6,,0.8,,5.6,109.36604036186499,25.250382741823245,1013.3937369519833,
2021-08-21,,,15.473031358885017,122.40905923344948,26.016340782122906,28.737709497206705,2.5,,4.1,,20.9,212.17107093184978,25.128303198887345,1007.8497913769123,
2021-08-22,,,18.518302018093248,195.60334029227556,24.82804453723034,28.904523312456508,1.7,,2.8,,14.9,240.2990264255911,26.161196105702366,1008.4789290681501,
2021-08-23,,,22.146490618485057,181.88742182070882,22.391869353717862,29.148922863099376,1.5,,2.0,,14.5,136.56041666666667,24.157500000000002,1009.6510416666666,
2021-08-24,,,17.91174825174825,159.34685314685314,21.647552447552446,28.305524475524475,3.4,,5.5,,18.5,238.7881118881119,25.03972027972028,1001.8401398601397,
2021-08-25,,,19.18721334259903,172.68033356497568,19.445163535142658,28.912874043145443,1.5,,2.3,,12.7,233.59791666666666,23.497708333333332,1007.4507638888889,
2021-08-26,,,17.898118466898953,181.50243902439024,18.817548746518106,28.64317548746518,1.4,,1.9,,7.7,234.93806541405706,24.108977035490604,1012.0860821155184,
2021-08-27,,,11.718011126564674,188.9095966620306,18.93189415041783,28.303064066852365,1.0,,1.6,,9.6,246.325,23.971111111111114,1012.6342361111111,
2021-08-28,,,13.937039610840863,167.91174426685197,19.629047949965255,28.260319666435024,0.9,,1.6,,7.6,207.50833333333333,24.100694444444443,1013.0277777777778,
2021-08-29,,,13.184272790535838,207.50591510090467,20.77940153096729,26.45991649269311,0.6,,1.1,,7.7,226.10222531293462,24.69255910987483,1012.9012517385257,
2021-08-30,,,20.21727019498607,162.07869080779943,22.39568245125348,25.208774373259054,0.6,,0.9,,6.7,135.9089012517385,25.138942976356052,1015.0091794158553,
2021-08-31,,,16.86673640167364,200.54253835425382,24.25641562064156,25.118828451882845,0.3,,0.5,,7.4,111.94367176634213,25.239151599443673,1014.8753129346314,
2021-09-01,,,9.72715877437326,157.4965181058496,25.971587743732588,,1.3,,2.1,,12.6,150.8283530229326,24.75621959694232,1009.6963168867269,
2021-09-02,,,14.23642061281337,151.39623955431756,24.883159359777313,,1.1,,1.6,,8.7,52.703059805285115,22.54276773296245,1010.0726008344923,
2021-09-03,,,10.181432545201668,132.21488178025035,25.12913769123783,,1.2,,1.6,,10.6,53.27190542420028,22.78741307371349,1008.7547983310152,
2021-09-04,,,13.31830201809325,138.2338204592902,25.166433566433568,,1.4,,1.9,,11.2,55.248783877692844,23.420013898540653,1014.2175816539265,
2021-09-05,,,12.347001394700138,129.25801952580196,25.17853658536585,,0.9,,1.7,,11.2,59.2839248434238,23.52428670842032,1017.4427974947808,
2021-09-06,,,14.392205984690326,133.08141962421712,25.00292682926829,,1.2,,1.8,,11.5,63.52748782185108,23.953931802366043,1017.0633959638136,
2021-09-07,,,25.6,87.0,25.0,,0.7,,0.9,,5.2,73.0,24.0,1015.0,
2021-09-08,,,19.595128740431456,185.7160751565762,24.644815588030617,,0.8,,1.1,,6.8,166.3106323835997,24.603683113273103,1009.3250868658791,
2021-09-09,,,23.18385525400139,194.31384829505916,24.59894291754757,,0.4,,0.7,,5.3,154.7508698677801,23.918162839248435,1013.7507306889353,
2021-09-10,,,20.2778859527121,186.20166898470097,24.442837273991657,,0.3,,0.6,,6.0,264.40890125173854,23.70521557719054,1013.8517385257302,
2021-09-11,,,23.129673384294648,194.8498957609451,23.724252953439887,,0.3,,0.5,,5.9,187.22585128561502,24.401111883252256,1012.6653926337734,
2021-09-12,,,20.801111883252258,218.05350938151494,23.56747430249633,,0.8,,1.0,,8.5,140.8769979152189,24.41153578874218,1012.7447533009034,
2021-09-13,,,12.051324965132496,237.25801952580196,23.354532967032966,,2.9,,3.6,,10.8,48.8227936066713,24.037178596247394,1016.9596247394023,
2021-09-14,,,6.968706536856746,226.6759388038943,,,2.6,,3.3,,12.3,47.27260083449235,22.32941585535466,1014.7050764951321,
2021-09-15,,,8.155364806866954,177.45636623748211,,,1.8,,2.8,,15.6,62.58315935977731,23.500069589422406,1015.0582463465553,
2021-09-16,,,10.949330514446794,127.53347427766032,,,1.6,,2.3,,11.7,61.735560194850386,23.471746694502436,1012.5324982602644,
2021-09-17,,,11.628825622775802,173.21494661921707,,,2.5,,3.6,,14.3,51.14791666666667,21.45048611111111,1006.6099999999999,
2021-09-18,,,9.976083707025412,127.33308439133683,,,1.9,,2.4,,10.6,77.92056421677802,22.83994060876021,1013.5137342242019,
2021-09-19,,,11.85676429567643,174.82217573221757,,,1.1,,1.7,,10.8,61.68593314763231,22.87966573816156,1015.9464484679667,
2021-09-20,,,13.74741980474198,166.05718270571828,,,1.1,,1.9,,8.6,52.07033426183844,23.27047353760446,1013.3637883008356,
2021-09-21,,,14.54221912072575,172.74110258199582,,,1.6,,2.4,,12.4,237.13421418636995,23.73597773138483,1007.8710013908205,
2021-09-22,,,22.589293212036388,220.7102869139258,,,0.9,,1.5,,14.0,244.70662020905922,23.572473867595818,1009.2421602787457,
2021-09-23,,,23.31213389121339,211.6471408647141,22.344611186903137,,0.7,,1.1,,9.1,218.98817802503478,23.730806675938805,1015.6106397774688,
2021-09-24,,,27.939526791927626,267.946416144746,22.978009742519138,,0.9,,1.4,,11.0,104.9686847599165,22.46757132915797,1021.6361169102297,
2021-09-25,,,14.016689944134079,251.01466480446928,23.417445917655268,,1.3,,2.4,,10.9,55.48191933240612,22.91105702364395,1021.7165507649513,
2021-09-26,,,8.471091035441278,164.28283530229325,23.304864489228628,,1.3,,2.2,,11.9,58.054899235580265,22.38498957609451,1019.8770674079223,
2021-09-27,,,5.945562543675751,161.9329140461216,23.358770090845564,,1.2,,2.0,,9.9,56.73728222996516,21.92425087108014,1015.9614634146341,
2021-09-28,,,5.779610299234516,132.80862908837855,23.43910925539318,,0.9,,1.5,,7.8,57.44050104384134,22.56931106471816,1013.3551844119693,
2021-09-29,,,11.170424495476688,158.30062630480168,23.70598469032707,,0.8,,1.2,,7.9,222.67107093184978,23.91279554937413,1009.1765646731571,
2021-09-30,,,16.0766713091922,168.29038997214485,23.418105849582172,,0.7,,1.2,,10.0,92.07858136300418,22.679554937413073,1007.7050069541029,
2021-10-01,,,14.508077994428968,202.0299442896936,23.63169014084507,,0.6,,1.0,,6.0,161.76008344923505,22.696522948539638,1008.3729485396384,
2021-10-02,,,10.70717270194986,95.91713091922006,23.724912770411727,,0.5,,0.9,,7.7,245.54874651810584,23.03955431754875,1013.3548050139276,
2021-10-03,,,11.41668994413408,215.93505586592178,23.986750348675034,,0.5,,0.7,,3.3,236.82115518441196,23.716492693110645,1020.61127348643,
2021-10-04,,,14.25391061452514,192.49650837988827,23.890718771807396,,0.9,,1.5,,9.7,255.18732590529248,24.527646239554315,1021.8272980501392,
2021-10-05,,,21.64098966026588,181.60044313146233,23.482669616519175,,0.7,,1.0,,8.4,212.1940194714882,24.065924895688457,1021.0700973574409,
2021-10-06,,,23.266921473245308,203.25434329395412,23.819110493398192,,0.7,,1.0,,6.8,60.77152777777778,23.21194444444444,1019.5346527777778,
2021-10-07,,,16.828382147838216,202.48465829846583,23.694979079497905,,0.8,,1.1,,7.5,246.54253835425382,23.270432357043237,1016.8200139470014,
2021-10-08,,,3.4,203.0,23.6,,0.3,,0.4,,1.1,317.0,23.5,1017.7,
2021-10-09,,,20.00452961672474,211.95052264808362,23.587108013937282,,0.9,,1.3,,8.2,55.44475330090341,24.00521195274496,1021.76893676164,
2021-10-10,,,13.532008368200838,186.1813110181311,23.88626220362622,,1.0,,1.7,,7.3,230.4614315496873,24.187838776928423,1018.5259902710214,
2021-10-11,,,17.018619246861924,143.50278940027894,23.273797909407666,,1.2,,1.9,,12.3,111.47009735744089,21.37079276773296,1018.3506954102921,
2021-10-12,,,11.659741193386054,160.4097771387491,23.168587491215742,,2.3,,3.6,,13.3,54.09122562674095,18.501323119777158,1023.416922005571,
2021-10-13,,,12.508825573314802,135.81792911744267,23.27400972897846,,1.4,,2.1,,9.9,53.19318971507992,20.17824878387769,1023.6491313412092,
2021-10-14,,,13.462526168876483,135.9281228192603,23.54002789400279,,1.3,,1.9,,6.7,147.03129346314324,21.902433936022252,1019.2472183588317,
2021-10-15,,,11.622926829268295,153.0020905923345,23.57686411149826,,0.7,,1.1,,9.2,140.10299234516353,21.71259568545581,1016.3477383437718,
2021-10-16,,,10.880763888888888,159.1784722222222,23.39409722222222,,0.6,,0.9,,10.8,281.91041666666666,17.222361111111113,1017.6145138888888,
2021-10-17,,,11.36209563994374,169.47116736990154,22.910161177295024,,0.8,,1.2,,10.7,183.16469770674078,12.403822098679637,1023.3088950660181,
2021-10-18,,,11.455038759689923,173.11486962649752,22.522175732217573,,0.7,,1.1,,6.6,252.54836464857343,13.959470752089135,1022.6940848990953,
2021-10-19,,,12.302920723226702,169.00069541029208,22.273068893528183,,0.4,,0.7,,8.3,287.61709520500347,15.782696316886726,1017.730298818624,
2021-10-20,,,13.981254355400695,184.40836236933796,21.819859649122808,,0.9,,1.4,,7.4,160.99721448467966,14.407311977715878,1019.7809192200557,
2021-10-21,,,13.503711484593836,163.43977591036415,21.50392156862745,,1.5,,2.0,,7.6,85.23776223776224,13.968111888111888,1018.3349650349651,
2021-10-22,,,11.927049754730204,164.44849334267695,21.268185003503856,,1.2,,1.7,,8.1,268.33356643356643,14.760979020979022,1019.148041958042,
2021-10-23,,,10.559608665269042,167.73794549266248,21.38645251396648,,1.3,,2.0,,8.1,112.33914863921842,16.235240753663643,1026.6524075366365,
2021-10-24,,,12.283916083916084,158.56853146853146,21.141439552760307,,0.8,,1.1,,5.1,218.4427374301676,16.28945530726257,1025.56187150838,
2021-10-25,,,10.953170731707317,138.3623693379791,21.245365853658537,,0.5,,0.9,,5.1,218.29407665505227,17.231010452961673,1021.294006968641,
2021-10-26,,,8.617556179775281,134.42064606741573,21.221137640449438,,0.5,,0.7,,6.1,224.63464235624124,16.51304347826087,1019.1539270687236,
2021-10-27,,,8.745066480055984,134.93701889433171,21.058992302309306,,0.3,,0.7,,7.8,283.44646606018193,17.886144156752973,1017.8085374387683,
2021-10-28,,,6.648261178140525,143.65365507452094,20.734819532908705,,0.8,,1.4,,11.2,161.3523206751055,17.506821378340366,1021.2463431786217,
2021-10-29,,,4.329420186113099,144.07516105941303,21.063012729844413,,1.2,,1.8,,9.7,66.1023842917251,17.117894736842103,1024.4489481065918,
2021-10-30,,,8.076635514018692,151.4960460100647,20.82108695652174,,0.9,,1.4,,5.9,117.59478505990134,17.424594785059902,1023.3423537702607,
2021-10-31,,,8.488367203924316,180.64050455501052,20.45178696566223,,0.5,,0.7,,5.8,186.57112824106517,17.20791871058164,1023.2456902592853,
2021-11-01,,,11.853639575971732,165.0537102473498,20.441272084805654,,0.3,,0.6,,6.9,252.56518675123326,17.78879492600423,1021.9708949964763,
2021-11-02,,,14.428301886792454,165.9934687953556,20.760443490701,,0.4,,0.7,,6.6,244.91319689484828,15.79710656316161,1020.0158080451657,
2021-11-03,,,18.023604240282687,177.4155477031802,20.17929328621908,,0.7,,1.2,,7.5,230.85159010600708,15.680141342756185,1017.7180212014134,
2021-11-04,,,19.89290780141844,169.81489361702128,19.712260807937632,,0.7,,1.1,,8.7,236.8048090523338,16.46018387553041,1018.7280763790665,
2021-11-05,,,18.71474358974359,168.98931623931625,19.328133903133903,,0.9,,1.6,,9.1,190.3321479374111,17.05348506401138,1020.4958036984353,
2021-11-06,,,18.65965909090909,169.11860795454547,19.121235795454545,,1.2,,2.1,,10.1,51.209368346344924,17.77677556818182,1019.7699787083037,
2021-11-07,,,14.932357142857143,165.79857142857142,19.146214285714287,,1.9,,2.5,,11.4,77.76566951566952,18.79002849002849,1019.8695868945869,
2021-11-08,,,16.1,78.0,19.1,,0.9,,1.3,,5.5,155.0,19.8,1016.6,
2021-11-09,,,19.39430894308943,161.02439024390245,17.697240377632532,,1.1,,1.6,,13.0,277.7347670250896,11.261433691756272,1011.412688172043,
2021-11-10,,,17.924982104509663,144.41445955619184,16.713629842180776,,1.0,,1.6,,10.2,290.0057224606581,11.005078683834048,1007.6435622317596,
2021-11-11,,,18.244245889921373,122.68477483917084,16.02594752186589,,0.9,,1.3,,10.0,292.16951566951565,11.506339031339031,1010.6526353276354,
2021-11-12,,,13.708147080028839,140.22422494592647,15.858615717375631,,0.7,,1.0,,9.9,294.2748201438849,9.789712230215828,1016.249856115108,
2021-11-13,,,8.681410727406318,175.24099926524613,15.860072463768118,,0.5,,0.9,,8.8,268.7353361945637,11.391630901287554,1018.8871959942776,
2021-11-14,,,11.44878223495702,173.30085959885386,15.909598853868195,,0.6,,1.1,,7.3,268.9849570200573,13.877865329512893,1018.8434813753581,
2021-11-15,,,13.161686919228021,179.34381701215153,15.976285714285714,,0.5,,0.8,,6.7,222.03207412687098,13.878118317890236,1020.7919458303636,
2021-11-16,,,11.858590941768512,163.91445003594535,15.837814521926672,,0.4,,0.7,,5.5,232.6015793251974,13.641852117731514,1022.5244077530509,
2021-11-17,,,13.85869252873563,159.85201149425288,15.890882986360372,,0.4,,0.6,,7.0,276.95050215208033,13.153299856527978,1022.7023672883788,
2021-11-18,,,15.071107892831282,172.55901520637218,15.89175704989154,,0.4,,0.9,,7.5,280.1162454873646,13.753429602888087,1019.1298194945849,
2021-11-19,,,15.74081041968162,164.10709117221418,15.77959479015919,,0.3,,0.6,,6.0,272.67583212735167,14.879450072358901,1017.7991316931982,
2021-11-20,,,15.43291512915129,174.4472324723247,15.810430342815462,,0.4,,0.7,,4.1,226.75054545454546,14.853818181818182,1019.7415272727274,
2021-11-21,,,15.718063583815029,174.7008670520231,15.807875722543354,,0.7,,1.2,,4.4,262.2998554913295,15.277601156069364,1017.0090317919075,
2021-11-22,,,15.348473837209303,164.73837209302326,15.521438953488373,,0.8,,1.3,,14.3,292.0087082728592,11.602902757619738,1012.0661103047896,
2021-11-23,,,14.436107091172214,162.9558610709117,14.90260492040521,,1.0,,1.5,,12.9,286.00939985538685,6.942733188720173,1016.5075921908893,
2021-11-24,,,15.190420899854864,122.34615384615384,14.428518791451731,,1.0,,1.5,,8.9,280.72069464544137,10.123444283646888,1017.6672937771345,
2021-11-25,,,11.89379956741168,170.51189617880317,14.429755043227665,,1.0,,1.5,,12.1,275.0761494252874,13.100790229885057,1017.2961925287357,
2021-11-26,,,10.350627615062761,170.84309623430963,14.388284518828451,,0.7,,1.0,,8.7,254.47071129707112,10.776569037656904,1024.0989539748953,
2021-11-27,,,8.282602545968883,197.6018387553041,14.538723404255318,,0.7,,1.0,,6.8,190.0718771807397,9.484159106769015,1032.3918353105373,
2021-11-28,,,11.816197183098591,202.45915492957747,14.949616724738677,,0.7,,1.1,,4.7,268.18941504178275,11.228481894150418,1033.4547353760445,
2021-11-29,,,9.549547038327526,173.2313588850174,14.958048780487804,,0.5,,0.8,,8.0,280.3783972125436,12.192195121951219,1026.874912891986,
2021-11-30,,,10.763110181311017,153.50139470013946,14.803138075313807,,2.1,,3.4,,18.1,268.81241283124126,12.709274755927474,1012.3179218967921,
2021-12-01,,,14.436147941381718,139.0704815073273,14.43175157013259,,1.0,,1.4,,12.3,293.4383275261324,5.416655052264808,1017.699024390244,
2021-12-02,,,17.26151154653604,142.71658502449264,14.045874125874125,,0.8,,1.2,,9.8,284.19050942079554,5.066340782122905,1019.8284717376133,
2021-12-03,,,18.1405574912892,146.41951219512194,13.97458217270195,,0.8,,1.3,,10.8,282.7627000695894,8.982115518441196,1016.804105775922,
2021-12-04,,,21.08349582172702,145.5090529247911,13.600626304801668,,0.7,,1.1,,16.0,277.3361111111111,6.732083333333334,1024.3252777777777,
2021-12-05,,,20.19812108559499,143.14335421016006,14.019067501739736,,0.6,,0.9,,4.6,202.88865692414754,8.92456506610995,1028.173556019485,
2021-12-06,,,20.119077568134173,126.31446540880503,14.629518492672714,,0.6,,0.9,,4.6,223.2787456445993,11.317212543554007,1025.6468989547038,
2021-12-07,,,17.737552155771905,160.77051460361614,14.902851182197496,,0.8,,1.1,,10.0,150.08623087621697,12.254102920723227,1025.7960361613352,
2021-12-08,,,15.989215686274509,146.34453781512605,15.228641456582633,,1.3,,2.3,,9.7,105.10963687150839,11.462290502793296,1030.758030726257,
2021-12-09,,,8.1,90.0,15.4,,0.7,,1.0,,4.1,33.0,11.4,1031.2,
2021-12-10,,,12.850872295882763,146.4919748778786,15.32691771269177,,0.7,,1.1,,6.6,277.61072423398326,13.242200557103063,1024.2568245125349,
2021-12-11,,,11.529665738161558,157.47284122562675,15.154387186629528,,0.3,,0.6,,7.3,276.3011126564673,12.560431154381085,1023.9465924895688,
2021-12-12,,,8.868593314763231,158.68941504178272,14.92708913649025,,0.4,,0.6,,10.0,290.72430555555553,10.538611111111111,1020.9608333333334,
2021-12-13,,,9.497841225626741,145.80710306406687,14.566852367688023,,0.6,,0.9,,10.2,304.6650417827298,4.468523676880223,1024.3959610027855,
2021-12-14,,,12.774200278164116,117.23852573018081,14.238247566063977,,0.5,,0.7,,8.9,293.38290479499653,5.905906879777624,1021.9184850590688,
2021-12-15,,,12.917819706498953,121.39203354297693,14.186592178770951,,0.5,,0.9,,9.3,280.3145048814505,10.478730822873082,1021.4849372384937,
2021-12-16,,,14.897284122562674,126.89554317548746,14.159958217270196,,0.4,,0.8,,6.8,266.6863699582754,10.279624478442281,1017.718776077886,
2021-12-17,,,13.719642857142857,146.17714285714285,15.143637670740475,,0.8,,1.2,,14.9,291.3440111420613,5.262047353760446,1017.5883704735376,
2021-12-18,,,14.40424200278164,155.93393602225314,14.277607788595272,,0.9,,1.2,,12.6,287.1432545201669,2.541029207232267,1024.910709318498,
2021-12-19,,,15.838051857042748,126.01331464611073,13.949964961457603,,1.0,,1.4,,9.6,278.2868108862526,5.258688066992324,1021.52247034194,
2021-12-20,,,17.411010452961673,122.5184668989547,13.848189415041782,,1.0,,1.7,,12.0,284.63883089770354,8.802783576896312,1019.4637439109255,
2021-12-21,,,15.280097425191371,123.41614474599861,13.862630480167017,,1.0,,1.7,,6.6,270.6766342141864,11.467732962447844,1016.2347705146037,
2021-12-22,,,15.710861948142957,119.03223545900491,13.991176470588236,,0.7,,0.9,,7.2,209.70090845562544,10.122851153039832,1020.4745632424879,
2021-12-23,,,14.260403618649965,134.0688935281837,14.321016005567154,,0.8,,1.2,,5.0,286.48503827418233,9.63785664578984,1022.8029227557412,
2021-12-24,,,14.103486750348676,146.31520223152023,14.446793516560959,,1.0,,1.4,,8.1,313.31454418928325,9.291510090466248,1019.2977035490605,
2021-12-25,,,11.480377094972068,133.1627094972067,14.15380321004885,,1.0,,1.6,,11.9,288.7787056367432,2.2744606819763398,1024.2480167014612,
2021-12-26,,,11.964881780250348,135.9276773296245,13.483518776077885,,0.8,,1.1,,12.7,288.59109874826146,3.3515994436717667,1029.9708623087622,
2021-12-27,,,14.095457721872815,118.90286512928023,13.469622905027933,,1.4,,1.7,,8.8,289.88378566457897,3.023938761308281,1029.0186499652052,
2021-12-28,,,9.55993031358885,186.29825783972126,14.586898954703834,,1.1,,1.4,,7.3,276.7640918580376,5.266945024356298,1027.02832289492,
2022-01-01,,,15.29504189944134,158.0754189944134,13.093645251396646,,0.9,,1.2,,8.0,280.8865692414753,2.871329157967989,1028.6890048712596,
2022-01-02,,,18.175869262865092,143.60848400556327,13.15299026425591,,0.8,,1.2,,9.5,303.85326842837276,6.275799721835884,1024.9039638386648,
2022-01-03,,,19.90397212543554,148.11010452961673,13.306689895470383,,0.6,,0.9,,9.0,295.82823365785816,6.027468706536856,1023.7917246175243,
2022-01-04,,,18.982237762237762,143.6167832167832,13.357721872816214,,0.4,,0.7,,7.1,273.4608938547486,5.858100558659217,1025.1043296089385,
2022-01-05,,,17.089895470383276,145.81254355400696,13.437656903765689,,0.9,,1.3,,8.3,128.31267409470752,6.516225626740947,1025.5029247910863,
2022-01-06,,,17.332139399806387,140.1431334622824,13.776982591876209,,0.9,,1.2,,6.9,247.60907335907336,7.612258687258687,1023.9983590733591,
2022-01-07,,,14.541242149337053,152.66503838101883,13.69218422889044,,0.9,,1.4,,5.9,298.07048150732726,6.724354501046755,1027.6004884856943,
2022-01-08,,,12.649721448467966,154.00974930362116,13.533216292134831,,0.5,,0.7,,7.7,300.07301808066757,7.164742698191933,1022.6833101529903,
2022-01-09,,,7.9,253.0,13.5,,0.3,,0.3,,2.4,328.0,6.3,1021.6,
2022-01-10,,,,,,,,,,,,,,,
2022-01-11,,,7.140483383685801,186.88622754491018,12.932634730538922,,0.5,,0.8,,13.0,276.0919881305638,2.3014836795252225,1016.679821958457,
2022-01-12,,,11.01813583815029,126.7492774566474,12.546564327485381,,0.8,,1.2,,11.1,287.66027007818053,2.0129353233830845,1019.0207533759773,
2022-01-13,,,9.420068317677199,144.4124679760888,12.822098976109215,,1.3,,1.8,,13.0,285.84300341296927,1.1513651877133106,1017.8241025641025,
2022-01-14,,,9.699502487562189,166.87064676616916,13.096090973702914,,1.6,,2.1,,8.0,249.44705046197583,3.120824449182658,1023.247619047619,
2022-01-15,,,10.796753246753248,203.06926406926408,13.517099567099566,,1.2,,1.5,,5.9,311.66017316017314,3.705194805194805,1022.7785714285715,
2022-01-16,,,,,,,,,,,,,,,
2022-01-17,,,18.895124113475177,111.48275862068965,12.911671087533156,,0.8,,1.1,,10.3,283.6077738515901,2.734363957597173,1024.2628091872791,
2022-01-18,,,15.740470588235294,127.94117647058823,13.196392156862746,,0.8,,1.2,,9.3,238.43730407523512,1.9752351097178684,1025.8099529780563,
2022-01-19,,,14.611641791044777,133.87896825396825,13.49167492566898,,1.3,,1.5,,7.7,282.2950495049505,3.8503960396039605,1022.2609561752988,
2022-01-20,,,13.049911816578483,148.91887125220458,13.42079295154185,,2.1,,2.7,,9.1,116.8015873015873,3.45978835978836,1025.6269911504426,
2022-01-21,,,13.539473684210526,152.88354620586026,13.407367613200307,,1.3,,2.2,,5.2,240.71214392803597,4.752923538230884,1029.2511994002998,
2022-01-22,,,13.249659090909091,146.17707150964813,13.478684807256236,,0.8,,1.1,,6.2,166.757644394111,7.610079275198188,1026.3653454133635,
2022-01-23,,,,,,,,,,,,,,,
2022-01-24,,,9.70381679389313,156.8801141769743,13.433682207421505,,1.4,,2.1,,10.1,67.2690114068441,6.842205323193916,1021.2944866920152,
2022-01-25,,,8.669021190716448,190.48335015136226,13.259718026183283,,0.8,,1.4,,5.4,204.86982845610495,7.886377396569122,1020.810456852792,
2022-01-26,,,8.807126948775057,152.8173719376392,13.218930957683742,,0.4,,0.6,,10.4,297.24870081662954,7.273719376391982,1021.9878247958427,
2022-01-27,,,8.354515327257664,141.7903893951947,13.057415078707539,,0.4,,0.8,,7.2,210.55794701986756,7.14205298013245,1021.6152317880794,
2022-01-28,,,9.697461212976023,152.96332863187587,12.936741889985894,,0.5,,0.8,,8.7,250.86398872445383,6.101479915433404,1020.7864693446089,
2022-01-29,,,11.771073205401565,144.67022032693674,12.730348258706467,,0.4,,0.7,,8.9,296.46946022727275,4.943678977272727,1018.2759943181819,
2022-01-30,,,15.442907551164431,146.05716302046577,12.58885754583921,,0.5,,0.8,,9.6,279.10429880197324,4.562931642001409,1018.4821000704723,
2022-01-31,,,17.671903750884642,148.44656758669498,12.469922151450813,,0.6,,1.2,,10.4,287.7388535031847,4.677848549186129,1022.2604387827317,
2022-02-01,,,19.58620199146515,146.7411095305832,12.352380952380951,,0.6,,1.0,,12.8,292.31063829787234,4.642796309439318,1023.0790780141843,
2022-02-02,,,19.283073654390936,149.03186968838526,12.198654390934845,,0.5,,0.8,,10.0,286.5856940509915,3.321671388101983,1025.3434844192634,
2022-02-03,,,19.07975937721161,150.03184713375796,12.156970983722575,,0.4,,0.8,,7.4,260.91584158415844,3.4620226308345123,1024.1654172560113,
2022-02-04,,,18.10100791936645,144.42836573074155,11.954100719424462,,0.5,,0.8,,13.2,277.9332855093257,2.609397417503587,1021.9511477761836,
2022-02-05,,,16.962160228898426,150.0200286123033,11.572051465332379,,0.4,,0.7,,11.8,294.005,1.235857142857143,1023.1991428571429,
2022-02-06,,,14.961620469083156,159.59346126510306,11.279900568181818,,0.5,,0.7,,14.8,291.9363057324841,2.4437367303609343,1026.0731068648267,
2022-02-07,,,12.079715568862275,162.44652206432312,11.15995508982036,,0.5,,0.8,,6.9,287.4764957264957,2.8997150997150998,1026.021438746439,
2022-02-08,,,9.320197418375095,153.10546282245826,11.415098634294386,,0.4,,0.6,,7.1,228.68205904617713,4.6757759273277815,1025.182740348221,
2022-02-09,,,2.0,225.0,11.6,,0.3,,0.4,,3.7,346.0,5.2,1026.5,
2022-02-10,,,8.624665257223397,120.77942212825934,11.799577167019027,,0.6,,0.9,,5.4,238.54897815362932,8.2461592670895,1020.4928823114869,
2022-02-11,,,6.608362863217576,140.50318922749824,11.804819277108432,,0.7,,1.1,,6.1,235.15368271954674,7.23201133144476,1024.3654390934844,
2022-02-12,,,9.652121640735503,184.8854314002829,12.058557284299859,,0.4,,0.7,,9.3,166.63649222065064,8.429490806223479,1023.9397454031118,
2022-02-13,,,9.976582278481013,176.21800281293952,12.242334739803093,,1.1,,1.7,,11.9,52.520393811533054,8.859634317862165,1020.2481012658228,
2022-02-14,,,12.078992193044712,140.9779985805536,12.228814762242726,,1.4,,1.8,,8.0,153.89921930447125,9.249964513839602,1018.8366926898509,
2022-02-15,,,14.457365439093484,147.43838526912182,12.067634560906516,,0.6,,1.1,,12.3,296.27620396600565,4.161260623229461,1017.5935552407933,
2022-02-16,,,17.491053122087607,149.31127679403542,11.793395348837208,,0.6,,1.0,,11.7,301.627669452182,1.787546468401487,1020.177808727948,
2022-02-17,,,16.65081850533808,145.2391459074733,11.448221906116643,,1.5,,2.0,,11.9,224.0987215909091,2.2749289772727272,1025.476278409091,
2022-02-18,,,16.021137026239067,148.58819241982508,11.395729537366549,,1.9,,2.2,,8.7,115.60795454545455,4.122372159090909,1028.8387073863635,
2022-02-19,,,18.160972017673046,142.45655375552283,11.545156695156695,,1.1,,1.6,,9.9,279.5344705046198,6.577327647476901,1020.7577825159915,
2022-02-20,,,18.235744680851067,142.42198581560282,11.274929178470256,,0.4,,0.7,,14.6,307.86581920903956,1.6953389830508474,1021.9527542372882,
2022-02-21,,,16.91134903640257,144.8722341184868,11.083297644539615,,0.8,,1.1,,11.8,265.74589578872235,2.788508208422555,1027.4905067808709,
2022-02-22,,,14.784653818700928,155.0899357601713,11.089063616869193,,1.0,,1.3,,8.8,295.0465444287729,2.3193935119887166,1029.068970380818,
2022-02-23,,,13.69556826304503,162.11079342387418,11.228703047484053,,1.0,,1.4,,9.2,280.83793347487614,1.7515923566878981,1029.2883227176221,
2022-02-24,,,10.839575971731449,140.26572438162543,11.154204946996467,,0.9,,1.2,,11.0,270.833450952717,3.6767819336626677,1028.0834156669018,
2022-02-25,,,13.206032647267564,116.80127750177431,11.29468085106383,,0.8,,1.3,,9.6,273.27002126151666,6.1624379872430906,1025.927498228207,
2022-02-26,,,12.412624113475177,111.80992907801418,11.610851063829786,,1.3,,1.9,,13.1,264.342776203966,8.44327195467422,1020.0159348441927,
2022-02-27,,,11.789608540925268,116.73807829181494,11.651672597864769,,1.3,,1.8,,15.0,257.69651741293535,7.8472636815920405,1019.8616204690832,
2022-02-28,,,16.87209136331192,138.43183440399716,11.662955032119914,,0.5,,0.8,,8.5,266.169164882227,9.751034975017845,1021.5220556745181,
2022-03-01,,,17.11680790960452,142.77542372881356,11.963206214689267,,0.7,,1.2,,9.0,276.1509167842031,11.611573747353562,1013.0587447108604,
2022-03-02,,,18.580482611781406,146.30305180979417,11.986666666666666,,0.8,,1.1,,9.8,269.6133144475921,8.176558073654391,1015.1922804532578,
2022-03-03,,,20.32688172043011,144.30609318996414,11.918781362007168,,0.7,,1.2,,9.6,268.86123032904146,8.50793991416309,1017.7858369098714,
2022-03-04,,,20.025495750708217,138.7330028328612,11.870842179759377,,1.4,,1.9,,12.5,265.7791932059448,10.67593772116065,1014.7430290162773,
2022-03-05,,,20.48033946251768,137.74823196605374,11.650990099009901,,1.5,,2.3,,14.4,287.1046676096181,9.697241867043846,1011.4625176803395,
2022-03-06,,,17.11336370539104,149.75493171471928,11.3948406676783,,0.7,,1.0,,10.2,232.90695915279878,5.204160363086233,1019.3201210287443,
2022-03-07,,,15.000641482537421,144.03207412687098,11.383250178189595,,0.6,,0.9,,6.1,149.79288256227758,7.634448398576512,1019.8490391459075,
2022-03-08,,,14.088626609442061,148.40772532188842,11.483547925608011,,1.2,,1.5,,9.0,260.346208869814,9.784692417739628,1018.0113018597998,
2022-03-09,,,10.38346344925479,161.07310149041874,11.772127659574469,,0.5,,0.8,,7.3,161.3889674681754,10.213790664780763,1021.0857142857143,
2022-03-10,,,12.011882605583391,109.04939155332856,12.243736578382247,,0.7,,1.1,,9.9,249.28469241773962,11.253862660944206,1021.2658798283261,
2022-03-11,,,10.605852962169878,124.73090649536046,12.391791577444684,,0.5,,0.7,,7.1,242.45538900785152,13.186795146324055,1018.2960028551034,
2022-03-12,,,15.2,257.0,12.3,,0.3,,0.6,,0.6,203.0,13.9,1017.7,
2022-03-13,,,14.892892679459843,126.45202558635394,12.419402985074626,,1.3,,2.0,,13.0,215.15968772178852,14.324272533711854,1012.6775017743081,
2022-03-14,,,11.034495021337127,152.4800853485064,12.227311522048364,,0.9,,1.5,,9.5,135.80668088130776,11.23134328358209,1012.6357498223169,
2022-03-15,,,13.04194464158978,154.27182398864443,12.301632363378282,,0.7,,1.3,,11.0,216.73796033994336,11.743586109142452,1013.2031869688385,
2022-03-16,,,16.093394886363637,153.3302556818182,12.375781250000001,,0.4,,0.8,,6.3,219.41843971631207,12.547446808510639,1015.0169503546099,
2022-03-17,,,14.244017094017092,163.85612535612535,12.22891737891738,,1.8,,2.6,,14.4,57.24287749287749,10.859757834757835,1019.3407407407407,
2022-03-18,,,13.897432239657633,168.76176890156918,12.056276747503567,,2.8,,4.1,,16.2,59.10912981455064,8.068473609129814,1010.0980741797432,
2022-03-19,,,18.24566145092461,142.7859174964438,12.086913229018492,,1.8,,2.4,,9.3,206.17163120567375,6.881205673758865,1008.8093617021276,
2022-03-20,,,19.21304039688164,143.38483345145286,12.11814316087881,,0.9,,1.4,,6.0,232.56829440905875,8.090021231422506,1018.0145789101203,
2022-03-21,,,18.882160625444207,144.52096659559345,12.287917555081735,,0.7,,1.1,,8.6,164.95738636363637,9.180539772727274,1022.4625710227273,
2022-03-22,,,16.75995591476855,155.67009551800146,12.482193732193732,,0.8,,1.2,,13.7,150.6177304964539,9.515177304964539,1020.46390070922,
2022-03-23,,,16.620071942446046,140.24892086330937,12.985272988505747,,0.8,,1.4,,8.0,228.22317596566523,9.725178826895565,1017.5369814020029,
2022-03-24,,,15.107412687099075,137.928011404134,13.177548111190305,,0.7,,1.0,,9.4,259.7859174964438,11.092816500711237,1019.9334992887624,
2022-03-25,,,12.70662393162393,128.05555555555554,13.290598290598291,,1.0,,1.9,,6.9,223.36182336182335,13.313817663817662,1019.2773504273504,
2022-03-26,,,14.064932287954383,128.7847469707769,13.263345195729537,,4.4,,6.0,,13.1,169.3918918918919,13.822332859174965,1002.8839260312944,
2022-03-27,,,15.444413012729845,122.16902404526166,13.013154172560112,,1.3,,1.8,,10.8,258.28056537102475,13.484098939929329,1013.0443109540636,
2022-03-28,,,12.528236130867711,151.64651493598862,12.474626865671642,,1.0,,1.8,,10.7,89.66477272727273,10.209232954545454,1025.0746448863638,
2022-03-29,,,15.495866001425517,152.90734141126157,12.564245014245015,,0.8,,1.3,,5.0,204.20554765291607,11.39267425320057,1025.3920341394025,
2022-03-30,,,16.02110091743119,156.23071046600458,12.643697478991596,,0.6,,1.0,,5.0,223.36509146341464,13.296951219512193,1020.8355182926829,
2022-03-31,,,17.017501764290756,155.96118560338743,12.615243472124206,,1.2,,2.1,,10.8,62.19901199717714,11.093295695130559,1022.5131968948482,
2022-04-01,,,16.396956829440906,155.08421797593772,12.645364472753005,,1.5,,2.3,,11.2,74.38287331917905,9.67579617834395,1028.4566878980893,
2022-04-02,,,18.82225352112676,140.65915492957745,12.843169014084507,,1.1,,1.5,,5.6,219.47535211267606,10.514999999999999,1027.2375352112676,
2022-04-03,,,18.29497716894977,148.82205323193915,13.07079847908745,,0.5,,0.8,,5.1,183.17312072892938,11.296431283219437,1027.2174639331813,
2022-04-04,,,17.390519187358915,142.45146726862302,13.191647855530475,,0.6,,1.0,,5.5,213.9378277153558,12.099925093632958,1027.3576779026216,
2022-04-05,,,16.777439886845826,144.6888260254597,13.18910891089109,,0.9,,1.5,,9.4,254.7185289957567,13.209830268741161,1021.4624469589816,
2022-04-06,,,13.290377761938704,156.712045616536,13.204704205274412,,0.9,,1.4,,6.5,223.45053380782917,14.299643874643875,1019.8701779359432,
2022-04-07,,,11.90362473347548,132.99715707178393,13.081947405828002,,0.9,,1.3,,8.9,256.05397727272725,14.527059659090908,1016.10625,
2022-04-08,,,9.630447125621007,127.42299503193755,13.064442867281759,,0.7,,1.1,,7.1,175.05740609496812,14.199149539333806,1019.7473423104182,
2022-04-09,,,12.036370106761565,123.5693950177936,13.21473309608541,,0.8,,1.3,,9.8,250.76370106761567,15.489537366548042,1016.6461921708185,
2022-04-10,,,15.586881720430108,104.68387096774194,13.070250896057347,,0.7,,1.0,,9.9,253.08589835361488,16.42061560486757,1017.3147458840372,
2022-04-11,,,13.83292770221904,116.5075161059413,13.053901216893342,,0.6,,1.3,,6.8,239.04939155332855,16.250393700787402,1015.1197566213315,
2022-04-12,,,14.7,265.0,12.9,,0.5,,0.6,,2.7,256.0,15.8,1013.7,
2022-04-13,,,11.082084225553176,181.24768022840829,12.963882940756603,,1.1,,1.7,,14.1,53.82038488952245,12.365217391304348,1015.211760513186,
2022-04-14,,,12.184034212401997,161.98645759087668,13.084390591589452,,1.6,,2.6,,11.5,57.729537366548044,11.067686832740213,1017.0046975088968,
2022-04-15,,,13.329808429118776,173.25803981623278,13.221133231240428,,1.5,,2.3,,15.1,60.92748091603053,11.222442748091602,1016.4650381679389,
2022-04-16,,,16.849421128798845,147.73806078147612,13.450868306801736,,0.9,,1.4,,9.2,165.85528219971056,11.623661360347322,1017.5340810419682,
2022-04-17,,,19.146681096681096,133.8816738816739,13.72801724137931,,0.7,,1.0,,9.3,262.12857142857143,14.275714285714285,1017.3436428571429,
2022-04-18,,,19.546335877862596,154.76048817696415,13.901144164759726,,0.5,,0.8,,6.7,224.33510638297872,15.334042553191487,1016.8896656534955,
2022-04-19,,,18.339161849710983,147.73699421965318,13.980130057803468,,0.3,,0.5,,3.5,202.43073593073592,15.864069264069263,1016.7493506493507,
2022-04-20,,,17.856017191977077,147.4512893982808,14.06919770773639,,0.5,,0.9,,8.2,225.76857142857142,16.201642857142858,1016.1502857142857,
2022-04-21,,,15.364260185847032,149.1193709792709,13.759685489635453,,0.4,,0.6,,5.2,265.64051355206846,14.88608137044968,1013.8836661911554,
2022-04-22,,,16.915384615384614,111.6117900790798,13.723292595255211,,0.9,,1.7,,11.8,255.66068866571018,15.394906743185079,1012.1901721664276,
2022-04-23,,,12.276529160739686,178.05903271692745,13.63556187766714,,0.8,,1.4,,10.1,130.74326241134753,16.435531914893616,1012.9545390070921,
2022-04-24,,,11.954389721627408,118.32690935046395,13.864382583868665,,0.8,,1.2,,8.5,211.58718861209965,16.01523131672598,1010.7833451957296,
2022-04-25,,,9.88822695035461,152.32127659574468,13.909999999999998,,0.5,,0.9,,6.4,200.08723404255318,16.16936170212766,1011.7533333333333,
2022-04-26,,,14.317394366197183,166.11549295774648,13.978169014084507,,2.0,,2.8,,10.9,198.92112676056337,16.279929577464788,1002.896338028169,
2022-04-27,,,14.829399293286219,187.7957597173145,13.728197879858659,,1.5,,1.9,,13.0,109.3017667844523,16.452579505300353,1013.6971731448763,
2022-04-28,,,15.048414376321352,175.59619450317123,13.75928270042194,,1.1,,1.7,,11.4,82.6096537250787,15.013850996852048,1018.1110178384051,
2022-04-29,,,12.382765957446809,162.74964539007092,13.978652482269505,,2.3,,3.2,,12.5,63.802407932011334,11.986898016997166,1014.6984419263456,
2022-04-30,,,13.760775862068966,146.31034482758622,14.249497126436781,,2.0,,2.8,,6.0,144.02576950608446,13.124409448818897,1017.797494631353,
2022-05-01,,,16.911071682044003,158.20156139105748,14.416607523066004,,0.7,,1.4,,6.5,227.97096317280455,14.77330028328612,1013.2802407932011,
2022-05-02,,,16.93906911142454,157.1488011283498,14.35768688293371,,0.7,,1.1,,11.4,206.82828993666433,13.984166080225194,1013.6277269528501,
2022-05-03,,,16.27178932178932,153.57070707070707,14.315007215007213,,0.7,,1.1,,8.5,253.34343434343435,13.57012987012987,1019.3611832611833,
2022-05-04,,,16.40305180979418,156.2072391767211,14.419659332860183,,0.8,,1.4,,10.8,250.08794326241136,15.640780141843972,1019.6906382978724,
2022-05-05,,,16.659984813971146,152.74506828528072,14.486039453717753,,0.5,,0.8,,7.7,242.2045283018868,16.250302114803628,1019.7660377358491,
2022-05-06,,,12.818798586572438,162.45159010600707,14.731590106007067,,0.8,,1.3,,4.1,229.69681978798587,17.951872791519435,1016.762332155477,
2022-05-07,,,14.848414376321355,138.44749823819592,14.85109231853418,,0.8,,1.2,,13.1,190.47004933051446,17.939252995066948,1016.1539816772375,
2022-05-08,,,9.317187500000001,179.37642045454547,14.923082386363637,,1.1,,1.8,,10.4,62.779432624113475,14.94744680851064,1019.4541134751773,
2022-05-09,,,12.623687943262413,197.954609929078,15.01673758865248,,1.3,,1.9,,10.8,56.85269121813031,15.229745042492919,1018.3173512747876,
2022-05-10,,,9.798504273504273,216.07621082621083,15.016666666666667,,1.4,,2.4,,11.2,51.42389758179232,15.667923186344238,1017.3180654338548,
2022-05-11,,,12.281181959564542,151.11819595645412,15.051788491446343,,0.9,,2.2,,3.8,145.60031104199066,15.73919129082426,1015.8629860031104,
2022-05-12,,,,,,,0.2,,0.4,,9.9,200.34724292101342,17.397615499254844,1009.9073684210526,
2022-05-13,,,,,,,0.0,,0.1,,1.1,289.0,17.7,1009.9,
2022-05-14,,,,,,,,,,,,,,,
2022-05-15,,,,,,,0.1,,0.2,,2.2,182.0653409090909,16.21590909090909,1012.5534090909091,
2022-05-16,,,1.4167689161554191,165.93865030674846,17.002647657841138,,0.6,,1.8,,3.6,256.74768353528157,17.363007840342124,1012.1974340698504,
2022-05-17,,,1.6311835577604534,184.21828490432318,18.124096385542167,,0.2,,0.6,,1.9,154.97029702970298,18.38055162659123,1014.4141442715701,
2022-05-18,,,17.231031976744188,156.6111918604651,15.76220930232558,,0.8,,1.8,,8.5,167.6171138506164,18.05271936185642,1017.6515591007977,
2022-05-19,,,22.670742358078602,157.8056768558952,15.077656477438138,,0.6,,1.1,,8.5,235.58369723435226,17.953493449781657,1017.7230713245997,
2022-05-20,,,20.726002865329512,150.46633237822348,14.975859598853868,,0.4,,0.6,,7.6,240.70845272206304,17.886461318051577,1013.8224928366761,
2022-05-21,,,18.110938602681724,129.06845448129852,15.31256175017643,,0.6,,1.1,,5.9,191.29146083274523,18.277346506704305,1008.4294283697953,
2022-05-22,,,16.704989308624377,145.3720598717035,15.595156695156694,,0.6,,1.1,,9.9,200.19985775248932,19.309246088193458,1006.7189189189189,
2022-05-23,,,13.760524450744152,197.91920623671155,15.584904323175053,,0.5,,0.8,,5.2,167.71580439404678,18.93175053153792,1012.4530120481927,
2022-05-24,,,11.196036585365855,191.3968012185834,16.006544901065446,,0.3,,0.5,,4.4,193.97038724373576,19.20660592255125,1013.2357630979499,
2022-05-25,,,13.97275960170697,147.9317211948791,16.02389758179232,,0.6,,0.9,,8.2,228.56178977272728,18.677201704545453,1009.2009232954545,
2022-05-26,,,14.574306049822065,164.3423487544484,15.801637010676156,,0.6,,1.0,,7.3,217.67423704755146,18.080056777856637,1004.0596167494678,
2022-05-27,,,18.292247510668563,145.61664295874823,15.651564722617353,,1.1,,2.0,,10.8,245.5021306818182,19.811576704545455,1001.1578125,
2022-05-28,,,16.81708238851096,169.10800604229607,15.574697885196375,,0.8,,1.2,,11.4,223.75921745673438,20.259142212189616,1005.8033107599699,
2022-05-29,,,16.59234135667396,170.0940919037199,15.641472303206996,,0.5,,0.9,,8.0,235.86380189366352,19.309613983976693,1006.1390386016022,
2022-05-30,,,16.93731448763251,174.3166077738516,15.691943462897525,,0.8,,1.4,,5.0,181.63321554770317,18.740636042402826,1001.8410600706715,
2022-05-31,,,17.94004252303331,171.1920623671155,16.052657689581856,,0.6,,0.8,,5.9,191.50673281360736,18.27434443656981,1007.3131112686038,
2022-06-01,,,8.820422535211268,221.91549295774647,17.12042253521127,,,,,,,,,,
2022-06-02,,,8.027972027972028,209.020979020979,17.341958041958044,,,,,,,,,,
2022-06-03,,,8.762676056338028,191.98591549295776,17.542957746478873,,,,,,,,,,
2022-06-04,,,7.098591549295775,208.8661971830986,17.42676056338028,,,,,,,,,,
2022-06-05,,,5.653472222222223,197.38888888888889,17.388194444444444,,,,,,,,,,
2022-06-06,,,7.138194444444445,145.60416666666666,17.861805555555556,,,,,,,,,,
2022-06-07,,,6.390909090909091,193.6993006993007,18.116083916083916,,,,,,,,,,
2022-06-08,,,5.348648648648649,158.2882882882883,18.166666666666668,,,,,,,,,,
2022-06-09,,,5.286013986013986,176.55944055944056,18.588111888111886,,,,,,,,,,
2022-06-10,,,5.874305555555555,223.40277777777777,18.824305555555554,,,,,,,,,,
2022-06-11,,,6.7965034965034965,235.1818181818182,18.814685314685313,,,,,,,,,,
2022-06-12,,,9.06993006993007,214.95804195804195,18.658041958041956,,,,,,,,,,
2022-06-13,,,13.6,321.0,18.4,,,,,,,,,,
2022-06-14,,,8.371527777777779,246.25694444444446,18.303472222222222,,,,,,,,,,
2022-06-15,,,10.0056338028169,213.70422535211267,18.528169014084508,,,,,,,,,,
2022-06-16,,,10.289583333333333,195.93055555555554,18.83888888888889,,,,,,,,,,
2022-06-17,,,11.448251748251748,213.27272727272728,18.954545454545453,,,,,,,,,,
2022-06-18,,,9.998601398601398,234.2937062937063,19.315384615384616,,,,,,,,,,
2022-06-19,,,8.397887323943662,217.48591549295776,19.541549295774647,,,,,,,,,,
2022-06-20,,,7.168055555555556,220.71527777777777,19.733333333333334,,,,,,,,,,
2022-06-21,,,5.153846153846154,137.16083916083917,19.937062937062937,,,,,,,,,,
2022-06-22,,,5.6517730496453895,200.91489361702128,20.625531914893617,,,,,,,,,,
2022-06-23,,,8.49861111111111,185.74305555555554,20.841666666666665,,,,,,,,,,
2022-06-24,,,11.674825174825175,158.88111888111888,20.834965034965034,,,,,,,,,,
2022-06-25,,,8.60921985815603,251.80851063829786,20.880851063829788,,,,,,,,,,
2022-06-26,,,8.491428571428571,220.8,20.734285714285715,,,,,,,,,,
2022-06-27,,,8.788888888888888,214.73611111111111,20.68125,,,,,,,,,,
2022-06-28,,,10.056249999999999,191.58333333333334,20.80972222222222,,,,,,,,,,
2022-06-29,,,9.461111111111112,196.45138888888889,20.9375,,,,,,,,,,
2022-06-30,,,9.959027777777777,234.82638888888889,20.96597222222222,,,,,,,,,,
2022-07-01,,,9.120138888888889,236.70833333333334,20.689583333333335,,,,,,,,,,
2022-07-02,,,9.481560283687944,210.5035460992908,20.391489361702128,,,,,,,,,,
2022-07-03,,,8.33986013986014,179.74125874125875,20.49160839160839,,,,,,,,,,
2022-07-04,,,9.50138888888889,211.54861111111111,20.864583333333332,,,,,,,,,,
2022-07-05,,,7.612587412587412,194.43356643356643,21.03006993006993,,,,,,,,,,
2022-07-06,,,9.606293706293707,162.28671328671328,21.5006993006993,,,,,,,,,,
2022-07-07,,,9.034265734265736,187.53146853146853,22.295804195804198,,,,,,,,,,
2022-07-08,,,13.14113475177305,174.03546099290782,23.28368794326241,,,,,,,,,,
2022-07-09,,,9.877622377622378,171.993006993007,21.996503496503497,,,,,,,,,,
2022-07-10,,,8.91418439716312,188.88652482269504,21.77659574468085,,,,,,,,,,
2022-07-11,,,10.636879432624113,211.75177304964538,22.163120567375888,,,,,,,,,,
2022-07-12,,,10.87394366197183,191.8661971830986,21.242957746478872,,,,,,,,,,
2022-07-13,,,11.428169014084506,168.42957746478874,21.31830985915493,,,,,,,,,,
2022-07-14,,,22.5,347.0,20.4,,,,,,,,,,
2022-07-15,,,11.109722222222222,218.0,20.640277777777776,,,,,,,,,,
2022-07-16,,,10.638028169014083,216.54225352112675,20.421126760563382,,,,,,,,,,
2022-07-17,,,9.940140845070422,217.4788732394366,20.515492957746478,,,,,,,,,,
2022-07-18,,,7.9312499999999995,196.90277777777777,20.126388888888886,,,,,,,,,,
2022-07-19,,,7.470833333333333,211.96527777777777,20.421527777777776,,,,,,,,,,
2022-07-20,,,5.510791366906475,183.82014388489208,20.610791366906476,,,,,,,,,,
2022-07-21,,,7.911267605633803,232.61267605633802,21.34718309859155,,,,,,,,,,
2022-07-22,,,6.401388888888889,210.58333333333334,21.259722222222223,,,,,,,,,,
2022-07-23,,,8.410416666666666,184.05555555555554,21.48611111111111,,,,,,,,,,
2022-07-24,,,11.08936170212766,196.2340425531915,22.848936170212763,,,,,,,,,,
2022-07-25,,,11.260416666666666,196.0,22.768055555555556,,,,,,,,,,
2022-07-26,,,9.307638888888889,201.73611111111111,21.998611111111114,,,,,,,,,,
2022-07-27,,,12.414285714285715,202.65714285714284,21.859285714285715,,,,,,,,,,
2022-07-28,,,11.075555555555557,207.14814814814815,22.01259259259259,,,,,,,,,,
2022-07-29,,,14.160431654676259,210.55395683453239,22.066187050359712,,,,,,,,,,
2022-07-30,,,11.618571428571428,165.57857142857142,22.209285714285716,,,,,,,,,,
2022-07-31,,,11.66906474820144,158.7841726618705,23.391366906474822,,,,,,,,,,
2022-08-01,,,14.696857142857143,140.39785714285713,25.425785714285713,,3.3,,3.8,,10.3,151.6716630977873,27.019343326195575,1008.931977159172,
2022-08-02,,,14.72265625,164.16051136363637,24.327272727272728,,1.9,,2.6,,10.2,236.74378992193044,26.002058197303054,1011.5348474095103,
2022-08-03,,,17.141100786275913,169.7276626161544,20.913009292351678,,1.0,,1.6,,9.2,237.14510364546103,25.38205861329521,1011.2999285203717,
2022-08-04,,,16.814904187366928,169.6763662171753,19.2860894251242,,0.5,,1.0,,8.6,238.4400283889283,25.126827537260468,1009.4073811213626,
2022-08-05,,,10.856357142857142,178.06357142857144,18.95507142857143,,0.5,,0.9,,8.0,238.61554921540656,24.636733238231095,1006.6865192582026,
2022-08-06,,,10.99384288747346,204.9313517338995,18.74939929328622,,0.6,,1.0,,7.4,223.3124118476728,24.55176304654443,1005.9822990126938,
2022-08-07,,,14.519674451521585,173.49256900212313,18.565063649222065,,0.7,,1.2,,8.7,230.84707540521495,24.489570119802675,1007.8304439746299,
2022-08-08,,,15.756766381766381,189.9814814814815,18.122507122507123,,0.9,,1.3,,9.0,232.80440967283073,25.01621621621622,1008.9908961593172,
2022-08-09,,,14.503047484053862,170.21970233876684,16.978667611622964,,0.8,,1.2,,8.2,239.00425230333096,24.176754075124027,1008.9150956768249,
2022-08-10,,,16.541281138790037,172.50035587188611,17.566832740213524,,0.7,,1.1,,7.1,231.38024164889836,23.519331911869223,1007.9125799573561,
2022-08-11,,,16.18348887293611,162.67623833452978,17.400920028308562,,0.6,,1.0,,7.3,233.94569816643158,23.197602256699575,1006.4817348377998,
2022-08-12,,,20.977580071174376,160.84341637010675,17.029679715302493,,0.6,,1.1,,6.8,198.81960227272728,23.31825284090909,1005.6772727272728,
2022-08-13,,,19.615302491103204,159.74661921708184,16.8124466571835,,0.5,,1.0,,8.5,211.96801705756928,21.911016346837243,1006.5568585643213,
2022-08-14,,,19.8,55.0,16.1,,0.3,,0.4,,3.3,216.0,23.5,1007.4,
2022-08-15,,,16.58096935138988,152.76764076977904,15.687099073414112,,0.8,,1.3,,10.2,237.15658362989325,23.984483985765124,1005.0855516014235,
2022-08-16,,,11.904755145493256,169.30447125621006,14.778652482269505,,1.5,,2.1,,10.8,227.02620396600565,23.013810198300284,1004.7543909348442,
2022-08-17,,,10.098438608942512,172.20298083747338,18.054364797728883,,1.1,,1.9,,6.1,100.20865862313698,22.32831795599716,1006.9442157558551,
2022-08-18,,,7.591985815602837,163.66170212765957,18.952340425531915,,0.9,,1.4,,5.1,156.78794326241135,23.214468085106382,1008.0446808510638,
2022-08-19,,,7.7682336182336185,198.29273504273505,18.412313167259786,,0.6,,1.2,,8.6,234.20554765291607,22.995448079658605,1004.9809388335703,
2022-08-20,,,8.266595744680851,201.41985815602837,17.847304964539006,,0.9,,1.4,,7.2,190.37916371367825,22.739900779588943,1002.8824238128988,
2022-08-21,,,8.685028653295129,196.34957020057305,21.06070150322119,,1.0,,1.4,,10.3,52.11802575107296,25.16316165951359,1005.3918454935623,
2022-08-22,,,25.959633027522937,236.45800988002824,23.372778561354018,,0.8,,1.3,,6.4,219.8387323943662,24.8587323943662,1005.1688028169013,
2022-08-23,,,7.437303851640514,159.08773181169758,23.040941512125535,,0.4,,0.6,,8.5,178.06776034236805,24.96119828815977,1005.6860199714694,
2022-08-24,,,9.864036418816388,155.33206974981047,23.975284306292647,,1.2,,1.7,,11.6,64.74848484848485,22.733636363636364,1007.9831818181818,
2022-08-25,,,16.92182596291013,166.00641940085592,25.380599144079884,,0.9,,1.4,,7.6,270.02924393723254,24.646932952924395,1007.1502139800286,
2022-08-26,,,41.68420679886685,169.67067988668555,25.484277620396604,,0.7,,0.9,,6.5,203.30665722379604,25.605949008498584,1006.4618980169971,
2022-08-27,,,30.290409956076132,139.66983894582722,24.290849194729137,,0.5,,0.7,,7.0,206.48866130212144,25.128843338213763,1008.5015362106803,
2022-08-28,,,9.397452229299363,166.38995046001415,24.237296532200993,,0.9,,1.4,,9.9,73.87898089171975,23.27459306440198,1014.4801132342533,
2022-08-29,,,11.184889901290813,188.5204855842185,24.97852807283763,,1.1,,1.8,,9.1,46.38560606060606,24.41590909090909,1014.8318181818182,
2022-08-30,,,3.8884848484848487,155.33989401968205,25.95473126419379,,0.6,,1.1,,7.8,60.616603773584906,24.31041509433962,1011.293358490566,
2022-08-31,,,5.254770318021201,177.76890459363958,26.280706713780916,,0.5,,0.9,,7.9,100.19151943462897,23.355830388692578,1007.3912367491167,
2022-09-01,,,6.078939929328622,178.67703180212015,25.780989399293286,,0.8,,1.3,,8.1,57.215395480225986,23.25063559322034,1012.4867937853107,
2022-09-02,,,7.845659844742413,162.89555398729712,25.540578687367677,,1.6,,2.6,,13.1,45.580098800282286,22.494071983062806,1015.1662667607623,
2022-09-03,,,9.037063435495368,157.8624376336422,25.340811965811966,,1.7,,2.4,,11.7,44.6488603988604,23.58076923076923,1014.1178062678061,
2022-09-04,,,9.110121168923735,157.10121168923735,25.531980056980057,,1.8,,2.8,,8.9,50.022048364153626,25.981294452347083,1010.8305120910384,
2022-09-05,,,4.700712250712251,136.52279202279203,25.509615384615383,,4.7,,6.5,,14.3,85.23789173789174,26.708333333333332,1004.9902421652422,
2022-09-06,,,6.851736111111111,222.76388888888889,25.369444444444444,,6.5,,8.9,,22.6,127.33928571428571,25.400347222222223,987.1711805555556,
2022-09-07,,,,,,,,,,,,,,,
2022-09-08,,,,,,,,,,,,,,,
2022-09-09,,,,,,,,,,,,,,,
2022-09-10,,,,,,,,,,,,,,,
2022-09-11,,,,,,,,,,,,,,,
2022-09-12,,,,,,,,,,,,,,,
2022-09-13,,,,,,,,,,,,,,,
2022-09-14,,,,,,,,,,,,,,,
2022-09-15,,,,,,,,,,,,,,,
2022-09-16,,,,,,,,,,,,,,,
2022-09-17,,,,,,,,,,,,,,,
2022-09-18,,,,,,,,,,,,,,,
2022-09-19,,,,,,,,,,,,,,,
2022-09-20,,,,,,,,,,,,,,,
2022-09-21,,,,,,,,,,,,,,,
2022-09-22,,,,,,,,,,,,,,,
2022-09-23,,,,,,,,,,,,,,,
2022-09-24,,,,,,,,,,,,,,,
2022-09-25,,,,,,,,,,,,,,,
2022-09-26,,,,,,,,,,,,,,,
2022-09-27,,,,,,,,,,,,,,,
2022-09-28,,,,,,,,,,,,,,,
2022-09-29,,,,,,,,,,,,,,,
2022-09-30,,,,,,,,,,,,,,,
2022-10-01,,,,,,,,,,,,,,,
2022-10-02,,,,,,,,,,,,,,,
2022-10-03,,,,,,,,,,,,,,,
2022-10-04,,,,,,,,,,,,,,,
2022-10-05,,,,,,,,,,,,,,,
2022-10-06,,,11.784615384615385,155.6153846153846,25.811363636363637,,,,,,,23.333333333333332,26.080000000000002,1015.8818181818183,
2022-10-07,,,,,,,,,,,,,,,
2022-10-08,,,,,,,,,,,,,,,
2022-10-09,,,,,,,,,,,,,,,
2022-10-10,,,,,,,,,,,,,,,
2022-10-11,,,,,,,,,,,,,,,
2022-10-12,,,,,,,,,,,,,,,
2022-10-13,,,,,,,,,,,,,,,
2022-10-14,,,,,,,,,,,,,,,
2022-10-15,,,,,,,,,,,,,,,
2022-10-16,,,,,,,,,,,,,,,
2022-10-17,,,,,,,,,,,,,,,
2022-10-18,,,20.670921985815603,193.27659574468086,17.922695035460993,,0.1,,0.2,,,85.04444444444445,18.513669064748203,1018.6804511278195,
2022-10-19,,,,,,,,,,,,,,,
2022-10-20,,,,,,,,,,,,,,,
2022-10-21,,,19.211467889908256,137.88837920489297,20.51829268292683,,0.4,,0.6,,8.8,246.72375,19.79349186483104,1022.8612781954888,
2022-10-22,,,11.712966878083158,176.49894291754757,20.42233967582805,,0.5,,0.8,,8.1,253.8661028893587,19.66631430584919,1019.0922480620154,
2022-10-23,,,13.993785310734463,175.48305084745763,20.163161609033168,,0.5,,1.0,,10.1,220.85321100917432,17.5681721947777,1016.4266055045872,
2022-10-24,,,15.298516949152543,162.385593220339,19.78545197740113,,0.9,,1.4,,8.3,250.82909604519773,14.751553672316385,1018.4440677966102,
2022-10-25,,,15.09894291754757,161.6723044397463,19.464975334742775,,1.3,,1.9,,10.5,168.94440534834624,14.047853624208305,1025.7843771991556,
2022-10-26,,,16.227452364149613,159.79463655610445,19.417995765702187,,1.2,,1.5,,7.7,166.28138222849083,16.24033850493653,1026.7247531734838,
2022-10-27,,,19.073399014778325,166.8515130190007,19.572714486638535,,0.6,,1.0,,5.0,224.41068917018285,17.729817158931084,1023.8908579465542,
2022-10-28,,,18.04722417427969,154.05411103302882,19.856851721714687,,1.1,,1.7,,11.0,156.21082220660577,17.139564300773014,1024.8544624033732,
2022-10-29,,,14.554193093727978,143.25863284002818,19.8553911205074,,1.2,,2.0,,9.8,83.87543983110486,16.26418015482055,1026.0777621393386,
2022-10-30,,,11.421011396011396,146.01566951566952,19.627492877492877,,1.3,,1.9,,9.6,106.5477207977208,15.639672364672364,1025.2450142450143,
2022-10-31,,,14.496837666900914,127.20168657765285,19.634223471539002,,1.1,,1.9,,9.4,92.00843288826422,16.594799718903726,1023.6742094167251,
2022-11-01,,,12.951231527093597,160.19774806474314,19.986910626319496,,0.8,,1.2,,5.3,198.5900140646976,17.346835443037975,1020.1741209563995,
2022-11-02,,,13.924274593064402,194.7162066525124,19.970629865534324,,0.5,,0.7,,4.3,257.9893917963225,16.815983026874115,1019.335360678925,
2022-11-03,,,14.904295774647887,181.04647887323944,19.906971830985917,,0.4,,0.7,,6.4,244.05845070422535,16.911901408450706,1016.7585211267607,
2022-11-04,,,14.983203952011293,174.06774876499648,19.128913963328632,,0.5,,0.7,,11.5,288.1643159379408,13.69576868829337,1018.6832157968971,
2022-11-05,,,15.50252808988764,183.2198033707865,18.960280701754385,,0.6,,0.9,,9.5,259.340350877193,11.752070175438597,1022.5178947368421,
2022-11-06,,,16.196085409252667,184.47686832740214,18.513451957295374,,0.6,,0.8,,8.1,273.80170575692966,12.68223169864961,1023.7604122245913,
2022-11-07,,,18.02749116607774,175.9279151943463,18.235123674911662,,0.3,,0.5,,7.6,279.7667844522968,14.115547703180212,1022.3914487632508,
2022-11-08,,,17.998238195912613,174.9971811134602,18.23288732394366,,0.4,,0.7,,5.4,261.27547434996484,15.67969079409698,1023.9129304286719,
2022-11-09,,,18.66812411847673,171.87235543018335,18.577291960507758,,0.4,,0.6,,7.3,265.98591549295776,15.702464788732394,1024.340352112676,
2022-11-10,,,16.915576781778103,170.4239529757531,18.306456241033,,0.4,,0.6,,5.8,237.8017179670723,16.768647100930565,1023.8161775232641,
2022-11-11,,,19.404160789844852,205.64456981664316,19.02353770260747,,0.7,,1.0,,6.8,95.58703312191685,17.903875968992246,1025.7455954897816,
2022-11-12,,,15.757575757575758,200.3875968992248,18.948202959830866,,0.8,,1.3,,9.9,231.94788732394366,18.58267605633803,1019.4599295774649,
2022-11-13,,,10.003302881236824,140.73366127898805,18.49564300773015,,1.7,,3.1,,13.8,178.06324666198174,18.167814476458187,1012.1790583274772,
2022-11-14,,,11.327644569816643,146.4605077574048,17.7672778561354,,1.1,,1.7,,8.5,132.0916784203103,13.783145275035261,1017.1947108603667,
2022-11-15,,,7.4,50.0,17.7,,0.8,,1.1,,1.9,348.0,12.5,1015.2,
2022-11-16,,,13.627813163481953,181.2972399150743,17.461571125265394,,0.5,,0.8,,6.7,267.9327671620665,13.734394904458599,1019.4769992922859,
2022-11-17,,,13.757152924594786,193.98520084566596,17.54552501761804,,0.4,,0.8,,6.2,249.33591004919185,13.779198875614897,1022.8921293042868,
2022-11-18,,,13.246704464918496,202.29199149539335,18.561871013465627,,0.6,,1.0,,6.9,163.25230333097093,15.393834160170092,1025.0548547129695,
2022-11-19,,,8.381029619181946,197.9971791255289,18.32402274342573,,1.4,,2.2,,10.6,124.26408450704226,16.70774647887324,1022.1357746478874,
2022-11-20,,,11.739901823281906,161.1367461430575,18.071468926553674,,1.2,,1.8,,7.6,104.31136044880786,16.375105189340815,1019.3841514726508,
2022-11-21,,,13.524565217391306,163.1340579710145,17.93548840477864,,0.4,,0.9,,4.5,264.21644413211527,15.98250175685172,1020.2995783555868,
2022-11-22,,,15.863758865248228,158.30141843971631,17.9131914893617,,0.9,,1.1,,7.2,210.1439716312057,15.999858156028369,1019.0745390070923,
2022-11-23,,,16.022749822820693,157.58043940467752,17.729957507082155,,1.8,,2.4,,6.9,274.1294200848656,15.663083451202262,1014.3766619519096,
2022-11-24,,,19.66983122362869,161.76090014064698,17.433192686357245,,0.9,,1.4,,6.9,273.53867791842475,14.122081575246131,1019.4287623066103,
2022-11-25,,,21.914919071076707,157.52005629838143,16.868895144264602,,0.6,,1.0,,6.9,276.53164556962025,15.149507735583684,1018.9040084388186,
2022-11-26,,,20.79605633802817,173.93380281690142,16.616197183098592,,0.4,,0.7,,7.2,280.1816901408451,16.291619718309857,1015.3304225352113,
2022-11-27,,,18.11209335219236,162.21711456859973,16.345615275813294,,0.4,,0.6,,8.6,186.76874115983026,13.70912305516266,1020.036775106082,
2022-11-28,,,16.318675123326287,161.0028188865398,16.623521126760565,,1.6,,2.4,,8.1,217.93380281690142,17.619225352112675,1017.3633098591548,
2022-11-29,,,12.32920792079208,151.54031117397454,16.454487632508837,,2.6,,3.9,,13.5,248.4728299223712,16.656104446012705,1010.3977417078335,
2022-11-30,,,14.878706957132819,189.8706957132818,15.902178496134926,,0.6,,0.9,,15.6,273.8230337078652,5.202108222066058,1024.6816713483145,
2022-12-01,,,12.395762711864407,155.65042372881356,16.232838983050847,,0.7,,1.0,,10.5,272.635593220339,2.5187853107344633,1028.3811440677966,
2022-12-02,,,11.128450106157112,198.4550601556971,17.370488322717623,,0.5,,0.8,,6.6,270.28591648973816,4.081740976645436,1029.291719745223,
2022-12-03,,,15.678424414478355,163.42370475514548,16.700070972320795,,0.4,,0.6,,6.4,278.0467753366407,8.220765414599574,1025.1254429482638,
2022-12-04,,,14.924806201550387,155.87103594080338,16.230091613812544,,0.4,,0.7,,8.2,255.15715292459478,8.564059196617336,1025.890345313601,
2022-12-05,,,11.994271570014146,141.11527581329563,15.95912305516266,,0.6,,0.9,,9.4,281.27966101694915,6.012923728813559,1024.788418079096,
2022-12-06,,,15.226464361326748,151.5257586450247,15.372073342736247,,0.5,,0.8,,9.9,261.71932299012695,5.939421720733428,1023.1667842031029,
2022-12-07,,,16.501420454545453,136.73011363636363,15.280255681818181,,0.6,,0.9,,10.5,266.9084457061746,8.811568488289566,1023.270901348474,
2022-12-08,,,17.66784702549575,162.7415014164306,16.532648725212464,,0.5,,0.8,,8.7,259.1919263456091,9.325637393767705,1024.8199008498584,
2022-12-09,,,17.812615166548547,174.64918497519488,16.88901488306166,,0.4,,0.6,,5.9,282.4776754075124,10.463571934798017,1021.8875265768959,
2022-12-10,,,17.06997885835095,163.90697674418604,16.23291050035236,,0.3,,0.5,,7.6,247.8336856941508,10.353136011275547,1018.1108527131784,
2022-12-11,,,15.485390070921987,147.9709219858156,16.24195605953225,,1.3,,1.7,,9.3,216.18214032600991,9.352799433026222,1019.5483345145286,
2022-12-12,,,13.341654778887303,142.0777460770328,16.175891583452213,,1.3,,2.0,,9.7,204.89087018544936,9.485734664764623,1019.0653352353781,
2022-12-13,,,14.53886524822695,124.59645390070922,16.0194188518781,,1.1,,1.5,,11.5,264.1757618710135,7.994117647058824,1016.8798724309,
2022-12-14,,,12.250352609308885,140.90620592383638,15.51338971106413,,1.2,,1.9,,12.6,275.0562983814215,1.587051372273047,1024.2581984517944,
2022-12-15,,,12.447067137809187,130.00212014134274,15.12600706713781,,0.5,,0.8,,8.9,266.6544169611307,3.516678445229682,1025.186784452297,
2022-12-16,,,7.0,92.0,15.0,,0.4,,0.7,,7.7,244.0,6.9,1023.7,
2022-12-17,,,8.885371024734981,141.97102473498234,14.456042402826855,,0.6,,0.9,,13.3,275.7669491525424,2.6143361581920903,1022.7763418079096,
2022-12-18,,,10.829152067274002,116.41485634197618,13.931324456902592,,0.7,,1.4,,13.2,287.1814996496146,1.9617379117028733,1021.4736510161176,
2022-12-19,,,12.52241134751773,136.12836879432624,13.944964539007094,,0.6,,1.1,,8.4,283.0587818696884,2.725,1025.7572946175637,
2022-12-20,,,15.563623595505616,112.1060393258427,14.185463483146066,,0.5,,0.8,,6.4,273.6762640449438,4.2184691011235955,1025.752668539326,
2022-12-21,,,15.726361031518625,142.56876790830947,14.114541547277938,,0.9,,1.4,,10.1,274.0400572246066,6.541988555078684,1012.4105150214591,
2022-12-22,,,17.49514084507042,124.16338028169014,13.940985915492957,,0.7,,1.0,,15.3,274.7302816901408,2.649154929577465,1006.9842957746479,
2022-12-23,,,18.56076217360621,124.40790402258293,13.487649964714185,,1.3,,1.7,,17.5,269.0924488355681,2.217501764290755,1008.6417078334509,
2022-12-24,,,19.12973163841808,136.93785310734464,13.322951977401129,,3.7,,4.2,,9.2,284.6394366197183,2.914859154929578,1015.5344366197182,
2022-12-25,,,19.45747531734838,138.24400564174894,13.40416078984485,,2.0,,2.3,,10.7,281.47038081805357,3.8173483779971793,1019.0377997179127,
2022-12-26,,,18.670617459190918,153.14691270404543,13.561036195883606,,1.2,,1.5,,9.8,285.98438608942513,4.975372604684173,1022.5319375443577,
2022-12-27,,,18.888039631988676,160.28167020523708,14.5391519434629,,0.9,,1.6,,8.6,277.4940014114326,5.582639378969654,1025.6490472829921,
2022-12-28,,,16.057002111189302,148.88036593947925,14.8304286718201,,0.7,,1.1,,9.3,279.8475052705552,4.721925509487,1027.2721011946592,
2022-12-29,,,14.175230660042585,156.15755855216466,14.572836879432625,,0.4,,0.7,,9.1,281.4179632248939,3.307991513437058,1030.5673974540312,
2022-12-30,,,11.115644820295984,160.58491895701198,14.323749119097958,,0.4,,0.7,,7.9,281.861169837914,4.023749119097956,1030.6426356589147,
2022-12-31,,,10.698642857142858,157.26785714285714,14.074785714285715,,0.4,,0.6,,11.3,268.20985010706636,4.34039971448965,1028.7647394718058,
2023-01-01,,,10.072112676056339,139.5943661971831,13.765611814345991,,0.4,,0.7,,8.8,269.22011251758084,5.615189873417721,1028.2028832630099,
2023-01-02,,,9.47455579246624,150.72778962331202,13.517400568181818,,0.4,,0.5,,9.8,281.39574468085107,4.7600709219858155,1027.764255319149,
2023-01-03,,,13.158550316678395,110.32582688247713,13.20935960591133,,0.4,,0.7,,10.4,272.55383532723437,4.010133708655876,1026.5838142153414,
2023-01-04,,,13.369571750563487,138.37659414853712,13.143510877719429,,0.4,,0.6,,8.5,277.02696629213483,4.389588014981274,1028.379775280899,
2023-01-05,,,16.594662921348313,124.36376404494382,13.138061797752808,,0.5,,0.7,,7.8,276.81530898876406,6.090308988764045,1029.3727528089887,
2023-01-06,,,16.449732620320855,130.97404580152673,13.222654462242565,,0.4,,0.7,,6.4,293.0693069306931,6.508834729626809,1022.9549885757806,
2023-01-07,,,16.437429378531075,151.48305084745763,13.132062146892656,,0.6,,1.0,,11.6,269.91454802259886,7.247528248587571,1017.1407485875707,
2023-01-08,,,17.737902621722846,135.61901197604791,13.120883233532934,,0.4,,0.7,,7.4,271.67513069454816,7.226661687826736,1023.7460791635549,
2023-01-09,,,17.11041958041958,147.12727272727273,13.277148846960166,,0.5,,0.8,,8.3,251.39832285115304,10.647030048916841,1022.1120195667365,
2023-01-10,,,13.840636042402826,149.82826855123676,13.29512367491166,,1.0,,1.6,,6.9,172.83462897526502,8.732438162544168,1027.3325795053004,
2023-01-11,,,15.85851590106007,157.24805653710249,13.25590106007067,,0.6,,0.9,,7.9,272.55194346289755,10.085159010600707,1025.0462897526502,
2023-01-12,,,15.706170212765958,156.25390070921986,13.233215297450425,,0.4,,0.7,,5.4,230.22237960339945,11.644759206798868,1022.9962464589235,
2023-01-13,,,14.700992204110559,164.8086463501063,13.408717221828491,,2.7,,4.3,,11.6,217.95821529745044,14.55885269121813,1012.6196883852691,
2023-01-14,,,9.54968287526427,185.7815362931642,13.368732394366198,,1.4,,2.1,,9.7,84.77676056338028,10.824929577464788,1012.0085915492957,
2023-01-15,,,10.118136908962597,148.01764290755116,13.25532815808045,,1.2,,1.8,,9.9,248.11259676284305,7.817663617171006,1014.4428571428572,
2023-01-16,,,4.0,218.0,13.1,,0.7,,1.0,,6.2,297.0,4.3,1014.8,
2023-01-17,,,9.100354107648725,120.69971671388102,12.713375796178344,,1.0,,1.5,,9.8,291.9534227240649,3.5642201834862384,1023.0224417784051,
2023-01-18,,,10.683638928067701,125.62693935119887,12.561777150916782,,0.5,,0.8,,7.9,292.24118476727784,3.9111424541607898,1024.4874471086036,
2023-01-19,,,14.84595744680851,136.3368794326241,12.560709219858156,,0.5,,0.8,,7.3,277.9582152974504,4.187677053824363,1023.6828611898017,
2023-01-20,,,16.306925795053004,151.58303886925796,12.454346289752651,,0.7,,1.1,,13.3,281.0070671378092,4.995194346289752,1023.8069257950531,
2023-01-21,,,18.1861288039632,158.83934890304317,12.32618542108988,,0.8,,1.2,,10.9,295.75564971751413,2.6642655367231636,1028.14802259887,
2023-01-22,,,20.048728813559322,156.1475988700565,12.962146892655369,,1.1,,1.4,,6.1,200.30084745762713,5.6696327683615815,1025.2531073446328,
2023-01-23,,,22.02049822064057,152.691103202847,13.571814946619218,,0.6,,1.0,,8.6,250.74448398576513,7.496868327402136,1019.9137366548043,
2023-01-24,,,20.51727078891258,146.14214641080312,13.148685145700071,,0.9,,1.3,,16.6,286.90618336886996,4.670149253731343,1020.840014214641,
2023-01-25,,,19.534495021337126,151.77027027027026,12.414082503556187,,0.9,,1.3,,10.5,275.4420753375977,4.627363184079602,1027.4618336886995,
2023-01-26,,,18.315050651230102,153.78292329956585,12.202964008468594,,0.7,,1.0,,6.3,287.0830401125968,3.3165376495425756,1023.3553131597466,
2023-01-27,,,13.733118279569894,157.3942652329749,12.421194879089617,,0.6,,0.8,,16.5,284.611622962438,1.6245924875974487,1017.629836995039,
2023-01-28,,,14.192618878637333,164.3427963094393,12.630731014904187,,1.0,,1.4,,15.0,264.68417317246275,2.3570617459190917,1020.3648687012065,
2023-01-29,,,11.049076704545454,141.5390625,11.995883605393898,,0.7,,1.1,,9.7,273.7622427253371,2.950106458481192,1019.633215046132,
2023-01-30,,,9.626961483594865,136.509272467903,12.031241084165478,,0.8,,1.2,,8.3,276.3649322879544,4.392017106200998,1021.1918032786886,
2023-01-31,,,14.039728958630528,125.79529243937233,12.572824536376604,,0.7,,1.0,,9.1,273.3930099857347,5.909201141226819,1019.7460770328103,
2023-02-01,,,11.26472675656494,155.94889992902768,12.741234918381831,,0.7,,1.1,,12.0,278.0495750708215,10.118767705382437,1015.4249291784703,
2023-02-02,,,13.581618168914124,126.04329311568489,12.699858055358408,,0.8,,1.5,,6.8,198.06032647267565,5.528176011355571,1023.5499645138395,
2023-02-03,,,13.891443074691805,137.8092820884699,12.79615663524293,,0.6,,1.0,,6.2,239.91455467052862,6.808254887762492,1020.5993482983345,
2023-02-04,,,14.32140326009922,155.64705882352942,12.697946175637394,,0.5,,0.7,,9.2,288.29603399433427,5.216926345609065,1022.3878186968839,
2023-02-05,,,15.92514164305949,149.96671388101984,12.461827195467421,,0.4,,0.7,,8.7,280.0594479830149,6.270892351274788,1023.9271246458924,
2023-02-06,,,18.876411722659043,151.30450321658327,12.275785714285714,,0.3,,0.7,,4.5,228.99214846538186,7.703854389721628,1021.4012847965738,
2023-02-07,,,16.617567567567566,153.1230440967283,12.635653409090908,,0.7,,1.3,,10.5,109.13758865248226,9.945886524822695,1019.1124113475178,
2023-02-08,,,17.752907801418438,160.41347517730497,13.27822695035461,,0.5,,0.9,,8.0,222.26737588652483,9.036382978723404,1023.5146099290781,
2023-02-09,,,14.27787356321839,167.0933908045977,13.128017241379311,,1.7,,2.6,,12.0,150.0941091954023,8.224209770114943,1026.7757183908047,
2023-02-10,,,12.921779359430603,163.0540925266904,13.073024911032027,,1.6,,2.5,,9.4,209.90106761565838,7.701637010676156,1018.2023487544484,
2023-02-11,,,17.443859649122807,108.01315789473684,13.117543859649121,,0.8,,1.1,,4.5,299.8377192982456,6.103508771929824,1021.3087719298245,
2023-02-12,,,,,,,,,,,,,,,
2023-02-13,,,7.404947916666667,121.53645833333333,12.861417322834646,,1.2,,1.8,,9.1,123.52987012987013,7.878181818181818,1015.8655352480417,
2023-02-14,,,7.397468354430379,135.91734921816828,13.009679821295608,,1.3,,1.8,,11.7,152.22635889798957,6.281236038719285,1020.489277736411,
2023-02-15,,,6.338373751783167,181.48216833095577,12.885449358059915,,1.7,,2.9,,9.4,81.45791726105564,3.5788873038516407,1028.4646932952924,
2023-02-16,,,14.0,243.0,13.0,,0.9,,1.2,,3.9,3.0,4.5,1031.7,
2023-02-17,,,13.182106782106784,154.75108225108224,13.356741167988464,,0.5,,0.7,,5.2,273.22927180966116,8.30958904109589,1027.0199711607786,
2023-02-18,,,17.66137832017229,150.0603015075377,13.415147164393394,,1.1,,1.7,,6.3,269.2451612903226,10.059641577060932,1019.8698207885304,
2023-02-19,,,20.22265625,155.6349431818182,13.424556422995032,,1.0,,1.4,,9.7,266.82398864442865,10.992760823278921,1015.1202271114265,
2023-02-20,,,20.96219512195122,145.1893830703013,13.206810035842294,,0.5,,0.8,,10.6,284.65616045845275,5.675644699140401,1022.9906160458452,
2023-02-21,,,19.90113314447592,149.96883852691218,12.867303609341826,,1.0,,1.5,,11.2,174.1047416843595,3.4087756546355275,1031.9235668789809,
2023-02-22,,,21.376483357452965,148.81982633863964,12.726121562952244,,0.9,,1.3,,6.2,177.65992779783394,6.653790613718412,1029.9309747292418,
2023-02-23,,,21.386656782802074,150.1837037037037,12.759985207100591,,0.5,,0.8,,8.8,261.37285714285713,9.395785714285715,1021.9505714285715,
2023-02-24,,,18.358683068017367,156.71562952243127,12.85492040520984,,0.7,,1.2,,8.5,198.4435600578871,9.792329956584659,1020.9446454413893,
2023-02-25,,,13.852455516014235,168.25622775800713,12.748113879003558,,0.9,,1.6,,9.4,192.57010676156582,6.067188612099644,1028.0078291814946,
2023-02-26,,,12.522262247838619,156.1657060518732,12.655907780979826,,0.9,,1.7,,5.1,246.77410071942447,6.271079136690647,1034.8513669064748,
2023-02-27,,,11.196014234875445,136.82419928825624,12.621194879089614,,0.5,,0.9,,8.6,262.39473684210526,8.616216216216216,1033.5650782361308,
2023-02-28,,,12.949964157706093,128.3089605734767,12.604229390681002,,0.8,,1.5,,11.3,256.7358625626342,10.642233357193987,1027.037437365784,
2023-03-01,,,8.833968926553672,144.5635593220339,12.567748764996471,,0.8,,1.2,,9.7,266.564880112835,11.325176304654443,1019.7339915373766,
2023-03-02,,,8.945135908440628,133.88912732474964,12.363304721030044,,0.6,,1.0,,8.4,269.75409836065575,6.513328581610835,1024.9138275124733,
2023-03-03,,,11.52516129032258,139.3089605734767,12.230681003584229,,0.7,,1.1,,9.7,275.33715103793844,8.291839656406585,1025.989835361489,
2023-03-04,,,12.49729151817534,189.25231646471846,12.446685673556665,,0.6,,1.1,,11.0,176.4135231316726,10.616725978647686,1027.2381494661922,
2023-03-05,,,15.82857142857143,166.4018759018759,12.915428983417447,,1.0,,1.4,,6.5,174.25018024513338,10.633381398702236,1027.3583994232156,
2023-03-06,,,16.931410256410256,151.27350427350427,12.729131054131054,,0.8,,1.4,,9.5,260.56267806267806,11.615527065527067,1023.3218660968661,
2023-03-07,,,17.52572674418605,153.01453488372093,12.921002906976744,,1.1,,1.5,,8.7,260.2117476432197,12.954749818709208,1021.6251631617115,
2023-03-08,,,18.926226012793176,151.8088130774698,13.043923240938165,,0.9,,1.4,,10.2,262.3458806818182,14.438210227272727,1020.7247869318181,
2023-03-09,,,20.038796229151558,149.02102973168962,13.10058013052937,,1.9,,16.4,,10.3,246.9855072463768,14.768188405797101,1016.0828260869565,
2023-03-10,,,17.023711340206187,158.03328050713154,13.347385103011094,,1.0,,1.5,,7.9,180.14172604908947,13.5027711797308,1020.0794140934283,
2023-03-11,,,20.363712757830402,156.24885496183205,13.499541984732826,,0.5,,0.8,,8.4,247.5922256097561,14.052439024390244,1022.5067073170732,
2023-03-12,,,17.8322188449848,153.76952236542834,13.505307050796057,,1.2,,1.8,,12.6,255.73998488284204,12.317762660619803,1018.1513227513227,
2023-03-13,,,13.310305614783225,167.48898365316276,13.231698649609097,,0.8,,1.3,,10.1,257.3773987206823,6.099573560767591,1021.8023454157782,
2023-03-14,,,14.284086021505376,136.1204301075269,13.17544738725841,,0.6,,1.1,,7.5,252.58154506437768,10.591988555078684,1020.6726752503575,
2023-03-15,,,12.209805389221556,121.08308383233533,13.297005988023951,,1.8,,2.8,,12.3,261.47384155455904,14.029895366218236,1020.877952167414,
2023-03-16,,,9.451950867052023,177.6835260115607,13.4121387283237,,1.0,,1.6,,9.8,151.1976911976912,12.363131313131312,1024.5901154401154,
2023-03-17,,,10.1136460554371,190.3773987206823,13.729424307036247,,0.8,,1.3,,10.1,94.28855721393035,10.416062544420754,1023.0633972992182,
2023-03-18,,,10.895293265749457,160.72194062273715,13.68689355539464,,0.9,,1.5,,7.2,158.32633863965268,10.988205499276411,1017.5566570188133,
2023-03-19,,,11.3,266.0,13.7,,0.5,,0.6,,1.8,20.0,10.6,1018.4,
2023-03-20,,,19.303239740820736,159.00215982721383,13.871562275018,,0.6,,1.0,,7.8,253.6728971962617,12.89194823867721,1016.146297627606,
2023-03-21,,,20.741820768136556,165.66073968705547,13.85501066098081,,0.6,,0.9,,6.4,134.64133522727272,14.494176136363636,1012.5872869318181,
2023-03-22,,,21.08997175141243,156.69985875706215,13.807768361581921,,0.8,,1.3,,7.2,69.6045197740113,15.545409604519774,1011.1629943502825,
2023-03-23,,,21.95665480427046,153.58932384341637,13.959857651245551,,1.0,,1.7,,8.7,70.28113879003558,15.356512455516015,1005.4702491103202,
2023-03-24,,,17.48537803138374,155.3644793152639,14.076533523537803,,1.4,,2.1,,13.7,90.77833214540271,12.425730577334283,1014.8832501781895,
2023-03-25,,,13.943214285714285,152.5192857142857,14.314857142857143,,1.5,,2.3,,10.6,88.43152639087019,11.103708987161198,1018.8513552068474,
2023-03-26,,,14.77423487544484,154.1138790035587,14.444381223328591,,1.1,,1.9,,5.0,142.24662402274342,11.931485429992891,1015.9175550817342,
2023-03-27,,,12.388603988603988,157.92521367521368,14.592378917378918,,0.5,,0.8,,6.4,195.8306049822064,11.81288256227758,1019.6896797153025,
2023-03-28,,,10.588142620232173,154.32089552238807,14.626948590381424,,0.5,,0.8,,7.0,264.8082644628099,12.487355371900827,1023.4409090909091,
2023-03-29,,,9.514978902953587,168.68706047819973,14.700703234880452,,0.4,,0.6,,4.7,218.1701828410689,13.69985935302391,1022.1509845288326,
2023-03-30,,,9.26628383921247,154.14684167350288,14.710500410172271,,0.3,,0.5,,4.0,249.96,14.75330612244898,1019.0799183673469,
2023-03-31,,,10.723633782824699,207.638750887154,14.684102200141945,,0.5,,0.7,,8.4,165.88999290276791,15.985947480482613,1017.6194464158979,
2023-04-01,,,10.407112375533428,227.7574679943101,15.004261363636363,,0.6,,1.0,,10.3,133.94109297374024,14.695102909865154,1016.7987224982256,
2023-04-02,,,8.564878397711016,180.02932761087268,15.071888412017167,,2.0,,2.9,,16.9,93.09864188706219,14.185060757684061,1018.729664045747,
2023-04-03,,,9.044850255661066,173.71146822498173,15.249598832968637,,2.1,,2.9,,13.4,94.07366885485047,13.586725018234866,1023.0954777534646,
2023-04-04,,,13.344200626959248,164.33385579937305,15.443416927899685,,1.2,,1.7,,8.5,111.46943573667711,14.27962382445141,1021.5308777429466,
2023-04-05,,,16.28637724550898,139.67889221556885,15.529041916167664,,3.2,,4.7,,14.8,199.48430493273543,15.501569506726456,1013.4198056801196,
2023-04-06,,,18.148637015781922,155.6377331420373,15.11247311827957,,2.2,,3.2,,10.6,250.35555555555555,13.72258064516129,1009.8662365591397,
2023-04-07,,,18.98191489361702,164.3886524822695,14.240113394755491,,0.8,,1.1,,10.6,270.7523000707714,13.938853503184712,1011.4857749469214,
2023-04-08,,,18.232743988684582,166.1060820367751,13.874628975265017,,0.7,,1.2,,12.4,274.64830508474574,11.917867231638418,1017.6297316384181,
2023-04-09,,,18.1685,154.0157142857143,13.7214846538187,,0.8,,1.2,,10.4,253.86652391149178,13.066666666666668,1019.0718058529623,
2023-04-10,,,17.306366237482116,147.13304721030042,13.727181688125894,,0.9,,1.4,,12.2,248.4620886981402,14.359728183118742,1017.1809728183118,
2023-04-11,,,14.497196261682243,128.29331416247305,13.806110711718189,,1.6,,2.3,,14.7,245.61422413793105,16.39418103448276,1012.9546695402298,
2023-04-12,,,11.739108554996406,175.3882099209202,13.923491379310345,,1.4,,1.9,,8.7,229.865329512894,14.999498567335243,1015.2465616045845,
2023-04-13,,,12.187,138.69785714285715,14.019857142857143,,0.5,,0.8,,9.8,234.29142857142858,15.037785714285715,1017.5092857142857,
2023-04-14,,,12.476214285714287,132.4492857142857,14.007714285714286,,0.8,,1.5,,5.8,215.36142857142858,15.053500000000001,1014.4582142857142,
2023-04-15,,,12.609345794392523,140.96653696498055,14.15572876071707,,1.1,,1.7,,9.0,90.73581973581973,13.633721833721832,1004.4427350427351,
2023-04-16,,,12.54911158493248,163.33972992181947,14.248542999289269,,0.8,,1.2,,9.4,191.21961620469082,12.686851457000712,1004.6658137882018,
2023-04-17,,,16.71168923734854,152.98503207412688,14.322024233784747,,1.0,,1.5,,8.5,258.00784034212404,13.593870277975766,1016.0052031361369,
2023-04-18,,,18.97545008183306,156.07931316434997,14.375061324611611,,1.7,,2.4,,13.3,241.69714285714286,16.278938775510206,1013.0524897959184,
2023-04-19,,,24.8,97.0,14.4,,1.0,,1.3,,4.0,277.0,16.6,1011.0,
2023-04-20,,,21.185785358919688,156.54868514570006,14.496588486140725,,0.7,,1.0,,9.5,245.4904051172708,17.49175550817342,1008.8491826581379,
2023-04-21,,,15.860204081632654,174.73615160349854,14.434839650145772,,1.8,,2.6,,15.4,106.08885651857247,16.16110706482156,1011.3541150764748,
2023-04-22,,,12.3548435171386,171.1154992548435,14.432190760059612,,2.3,,3.5,,13.9,102.39687267311989,13.839344262295082,1019.4546199701938,
2023-04-23,,,12.222081218274111,168.95777027027026,14.718902953586499,,2.1,,3.3,,10.6,88.95382031905962,13.366834592779178,1023.4989924433249,
2023-04-24,,,10.789786921381337,172.5841293166789,14.806171932402645,,1.8,,2.9,,10.4,92.46656869948568,13.860984570168993,1024.0680382072007,
2023-04-25,,,10.7634670487106,140.628223495702,14.800787965616047,,1.4,,2.0,,9.8,139.60386819484242,11.71590257879656,1015.3936246418339,
2023-04-26,,,12.997838736492103,139.45220282626767,14.927348295926848,,1.1,,1.6,,9.4,222.93770764119603,13.729485049833887,1012.0500830564785,
2023-04-27,,,9.285338078291815,134.34306049822064,15.271886120996442,,0.8,,1.1,,5.6,207.74163701067616,15.059217081850534,1020.3889679715303,
2023-04-28,,,11.946405693950178,135.57010676156582,15.577864768683275,,0.5,,0.8,,8.2,240.67709815078237,15.971906116642959,1018.2032716927454,
2023-04-29,,,9.639896373056995,123.38119911176906,15.385714285714284,,1.5,,2.4,,9.9,243.95040710584752,16.17276091783864,1007.7868245743894,
2023-04-30,,,7.136266666666667,171.95733333333334,14.883199999999999,,0.9,,1.3,,8.0,246.38933333333333,13.5608,1008.1754666666666,
2023-05-01,,,11.133958183129055,167.42898341744774,14.861932227829849,,0.9,,1.5,,10.3,236.16366258111032,16.10194664744052,1015.7857245854362,
2023-05-02,,,13.887258410880458,170.3428775948461,14.719599427753934,,0.5,,0.7,,3.5,168.8304721030043,15.735479256080115,1023.5781831187411,
2023-05-03,,,16.28456614509246,146.45021337126602,14.765362731152203,,0.6,,1.1,,8.1,235.02560455192034,16.5375533428165,1022.6641536273115,
2023-05-04,,,17.387363834422658,151.77414669571533,14.634858387799564,,1.3,,2.0,,8.3,223.7766497461929,16.90072516316171,1017.5258883248731,
2023-05-05,,,20.276366435719783,126.90146266358738,14.824865280985373,,2.7,,4.1,,13.2,218.5752688172043,17.16689708141321,1007.8614439324117,
2023-05-06,,,16.716532553035844,159.2377468910022,14.662134502923976,,2.4,,3.5,,16.6,119.73830409356725,14.565423976608187,1006.0576754385964,
2023-05-07,,,16.15183850036049,165.75126171593368,14.40396539293439,,2.0,,3.2,,12.1,82.17519826964671,12.6197548666186,1010.0370583994231,
2023-05-08,,,14.991085549964053,169.32063263838964,14.446513299784327,,2.7,,3.8,,12.3,130.91732566498922,14.349173256649893,1015.6278217109993,
2023-05-09,,,16.619119769119767,165.11183261183263,14.822005772005772,,1.0,,1.3,,7.6,266.05916305916304,15.63152958152958,1015.9398268398269,
2023-05-10,,,15.214193548387096,184.35340501792115,15.369390681003583,,0.5,,0.7,,7.3,179.97491039426524,16.86953405017921,1015.913476702509,
2023-05-11,,,17.53927298645759,221.3806129722024,15.852530292230933,,1.1,,1.7,,10.8,109.63292943692089,16.67255880256593,1019.2168210976479,
2023-05-12,,,13.598290598290598,173.16096866096865,15.748646723646722,,1.1,,1.7,,9.5,210.92806267806267,16.553418803418804,1017.8440170940171,
2023-05-13,,,12.78247863247863,200.9088319088319,15.261565836298933,,0.7,,1.2,,4.7,126.48113879003559,15.045551601423487,1014.0597864768683,
2023-05-14,,,11.667935578330892,154.43997071742314,15.548975109809664,,0.9,,1.3,,5.5,240.01976573938506,16.194363103953147,1009.494289897511,
2023-05-15,,,19.143358778625952,175.18931297709923,15.329923664122138,,1.0,,1.2,,4.4,217.87175572519084,16.495419847328243,1009.1190839694657,
2023-05-16,,,,,,,0.3,,0.5,,10.7,187.75352112676057,17.62142857142857,1011.3949999999999,
2023-05-17,,,,,,,0.1,,0.2,,2.5,197.05263157894737,18.989473684210527,1014.7880701754385,
2023-05-18,,,,,,,0.2,,0.3,,1.3,255.46564885496184,19.11846153846154,1010.926480836237,
2023-05-19,,,,,,,2.9,,3.3,,,,,1007.9212,
2023-05-20,,,,,,,,,,,,,,,
2023-05-21,,,20.685714285714287,223.56043956043956,20.123076923076923,,0.4,,1.1,,1.0,182.82051282051282,19.808974358974357,1007.454193548387,
2023-05-22,,,23.458391608391608,184.12237762237763,18.616083916083916,,0.1,,0.3,,1.6,118.84615384615384,19.005944055944056,1007.3087412587412,
2023-05-23,,,14.02701652089407,188.28765792031098,17.047424684159378,,1.1,,1.9,,6.2,160.83673469387756,17.59718172983479,1010.5887269193393,
2023-05-24,,,15.50007077140835,174.72186836518046,15.925194621372965,,0.4,,0.7,,5.2,130.7867231638418,17.314618644067796,1015.2318502824859,
2023-05-25,,,15.913314447592066,153.8626062322946,15.946779900920028,,0.6,,1.0,,3.9,171.23000707714084,17.686341118188253,1017.4650389242746,
2023-05-26,,,16.5109305760709,152.72378138847859,16.003394833948338,,0.8,,1.3,,6.7,230.62583025830259,18.35660516605166,1019.3273062730627,
2023-05-27,,,12.294677661169414,146.2503748125937,15.976069017254312,,0.7,,1.0,,6.3,231.15880149812733,19.02876404494382,1019.0110861423221,
2023-05-28,,,14.557511737089202,134.7161845191556,16.000078186082877,,0.9,,1.4,,11.3,246.701248049922,19.229485179407177,1014.5886895475819,
2023-05-29,,,10.43909224011713,139.42386530014642,15.576720351390922,,0.8,,1.2,,11.1,169.16691068814055,18.846412884333823,1011.0614934114202,
2023-05-30,,,14.199362606232295,201.19971671388103,16.90028328611898,,0.9,,1.3,,10.2,62.417551309271055,18.141047416843595,1011.3397735314934,
2023-05-31,,,16.440269886363637,88.44256756756756,17.718963068181818,,1.1,,1.7,,10.5,33.41554054054054,18.900779588944012,1011.524805102764,
2023-06-01,,,15.105999999999998,187.2,17.983777777777778,,0.9,,1.5,,5.3,194.11028867505553,17.789267209474463,1007.8492227979275,
2023-06-02,,,17.199058653149894,205.66642547033285,17.884008683068018,,0.9,,1.1,,7.0,133.5021645021645,20.982828282828283,1001.002380952381,
2023-06-03,,,20.9798098024872,186.96196049743966,18.26730065837601,,0.6,,1.0,,5.7,159.65084002921841,20.17436084733382,1007.272023374726,
2023-06-04,,,18.20274725274725,190.04313725490195,17.58150470219436,,0.4,,0.7,,7.8,256.21484375,21.83453125,1010.05734375,
2023-06-05,,,21.130453879941435,175.18155197657393,16.71280175566935,,0.5,,0.7,,6.4,219.245434623813,21.656756756756756,1010.3235208181153,
2023-06-06,,,16.452959028831565,182.65705614567526,16.809635811836113,,0.7,,1.2,,7.6,218.28354814253223,18.956406368460954,1007.5850644427596,
2023-06-07,,,20.68578313253012,134.57510040160642,16.877831325301205,,0.7,,1.3,,9.6,213.28032128514056,18.99550200803213,1008.838232931727,
2023-06-08,,,17.152450229709036,151.45022970903523,16.75666156202144,,0.7,,1.1,,7.8,192.7255351681957,18.889831804281346,1006.3779051987768,
2023-06-09,,,16.17983935742972,171.24738955823292,16.82562248995984,,0.7,,1.2,,8.9,210.54093097913324,18.80585874799358,1004.7086677367577,
2023-06-10,,,22.539910647803424,152.7855547282204,16.864184661206252,,0.6,,0.9,,6.5,151.31226765799258,20.054052044609666,1006.9222304832713,
2023-06-11,,,17.32381625441696,152.70459363957596,16.92301644031451,,1.0,,1.6,,5.5,125.77824858757062,19.580437853107345,1006.1881355932203,
2023-06-12,,,18.58147353361946,148.36051502145924,17.790915593705293,,0.6,,0.9,,7.5,134.38615274803712,20.29186295503212,1005.874875089222,
2023-06-13,,,15.644273127753303,155.75991189427313,18.751541850220264,,0.4,,0.5,,5.5,190.17741935483872,20.659970674486804,1004.5601173020527,
2023-06-14,,,16.40562678062678,183.43376068376068,18.189529914529913,,0.3,,0.5,,6.1,102.90527065527066,20.31965811965812,1005.7026353276353,
2023-06-15,,,24.25992932862191,154.68127208480564,18.629752650176677,,0.3,,0.8,,5.5,149.6422018348624,20.15271700776288,1008.6561044460127,
2023-06-16,,,23.22038269550749,178.11720698254365,18.497259136212627,,0.7,,1.0,,8.6,223.06710853355426,20.965948632974317,1012.2444076222038,
2023-06-17,,,22.40694029850746,176.00671641791044,17.71634328358209,,0.6,,1.0,,9.0,213.03720238095238,20.754092261904763,1012.2221726190477,
2023-06-18,,,19.48995098039216,213.5273469387755,17.343673469387756,,0.5,,0.7,,6.7,171.24185667752442,20.857049714751426,1007.3409127954361,
2023-06-19,,,25.919176136363635,156.0497159090909,18.298579545454547,,0.6,,0.9,,14.9,65.37713068181819,22.058948863636363,1007.3934659090909,
2023-06-20,,,20.0,27.0,20.0,,0.4,,0.6,,5.0,51.0,21.3,1008.3,
2023-06-21,,,17.202098408104195,201.60781476121562,20.578711078928315,,1.8,,2.6,,8.5,154.90744757772958,20.506362979031092,1002.6587852494578,
2023-06-22,,,22.93421633554084,178.09197939661516,19.36497424576895,,0.9,,1.4,,5.3,149.20147058823528,20.928529411764707,1003.058455882353,
2023-06-23,,,21.771438746438747,183.47792022792024,18.936965811965813,,0.7,,1.1,,8.4,101.50640113798009,21.278022759601708,1009.6301564722618,
2023-06-24,,,21.91079745942131,178.79745942131262,19.628581510232888,,0.6,,0.9,,10.0,72.19901199717714,21.157163020465774,1015.2801693719125,
2023-06-25,,,25.54183891660727,171.2024233784747,20.1712045616536,,0.6,,0.9,,5.6,115.26102418207681,21.472119487908962,1014.2853485064011,
2023-06-26,,,12.76763779527559,180.72226593233674,20.235798583792292,,1.1,,1.9,,10.9,223.16575019638648,22.02945797329144,1010.5456402199529,
2023-06-27,,,15.70624512099922,160.62607338017173,18.586729117876658,,1.5,,2.5,,13.3,223.53239656518346,21.924512099921934,1010.4647931303668,
2023-06-28,,,10.78191489361702,131.71732522796353,18.501899696048632,,0.7,,1.1,,9.2,230.63553530751707,21.18109339407745,1009.917312072893,
2023-06-29,,,10.76701361088871,165.096,18.152,,1.3,,2.0,,11.8,225.68685258964143,22.360637450199203,1005.1596812749003,
2023-06-30,,,15.961202576950608,203.1982820329277,17.357122405153902,,1.4,,2.0,,11.7,177.45350500715307,20.968741058655223,1001.8258226037196,
2023-07-01,,,23.864543524416135,177.07218683651806,18.764331210191084,,1.1,,1.5,,6.0,120.80325548478415,20.950176928520875,1006.3917905166313,
2023-07-02,,,24.63860045146727,179.43641835966892,18.854176072234765,,0.9,,1.4,,9.0,217.1933784800602,21.95492851768247,1008.4453724604965,
2023-07-03,,,30.410645848119234,185.6238466997871,19.223792613636363,,0.8,,1.1,,8.6,112.2950354609929,22.1677304964539,1007.0043262411348,
2023-07-04,,,30.697029702970298,191.7001414427157,19.311519434628973,,0.7,,1.1,,4.8,139.48837209302326,22.25764622973925,1003.7795630725863,
2023-07-05,,,22.395534290271133,206.04860557768924,18.889721115537846,,1.2,,1.8,,9.7,204.58472553699283,22.441845664280034,996.6595863166269,
2023-07-06,,,26.869072164948452,167.9536082474227,17.211266568483065,,1.1,,1.5,,9.3,223.375,21.711691176470588,1003.0582352941176,
2023-07-07,,,29.67160056657224,176.19971671388103,16.693271954674223,,1.2,,2.0,,10.1,151.43705799151343,20.93910891089109,1004.0162659123055,
2023-07-08,,,25.1615221987315,188.72022551092317,17.854545454545452,,1.3,,2.0,,5.5,162.40915492957745,17.586484434320425,1003.7628873239437,
2023-07-09,,,21.031356560415123,177.14306893995553,18.572666666666667,,1.3,,1.8,,7.1,198.87490747594376,18.419257221458047,1004.8260547742414,
2023-07-10,,,19.55620817843866,154.61040892193307,18.152971768202082,,1.1,,1.7,,11.4,206.5218680504077,20.84766355140187,1005.9575982209044,
2023-07-11,,,15.12434312210201,162.94671814671815,17.488422688422688,,1.1,,1.7,,13.2,212.8425499231951,21.42145328719723,1007.6976958525345,
2023-07-12,,,16.12778603268945,181.46210995542347,16.7702823179792,,0.9,,1.3,,10.3,223.3637037037037,17.91276595744681,1006.7525185185184,
2023-07-13,,,20.643150183150183,215.33626373626373,16.559882869692533,,0.9,,1.3,,10.0,217.5466472303207,13.543172413793103,1007.113556851312,
2023-07-14,,,22.40609579100145,129.81930333817127,16.456676342525398,,1.4,,2.4,,13.2,216.54486251808973,,1004.1709117221418,
2023-07-15,,,16.74830769230769,130.2182936202921,15.668639508070717,,1.3,,2.3,,13.8,223.70452801227935,,1004.1,
2023-07-16,,,22.81523465703971,233.30541516245486,15.146498194945849,,1.0,,1.7,,10.1,219.74891774891776,22.676190476190477,1009.029797979798,
2023-07-17,,,23.91458944281525,177.26392961876832,15.890689149560119,,0.9,,1.4,,7.2,215.03803950256034,18.081980906921242,1013.0502560351133,
2023-07-18,,,29.083166189111747,165.07736389684814,16.705587392550143,,1.2,,2.2,,10.7,182.72551822730523,18.70655737704918,1011.260443490701,
2023-07-19,,,26.874134275618374,182.9844522968198,18.665042372881356,,1.3,,2.1,,7.7,92.03173483779972,21.226375176304654,1007.624682651622,
2023-07-20,,,30.705240793201135,188.69759206798867,17.53987252124646,,0.6,,0.9,,4.1,172.1731448763251,16.848360655737704,1009.5186572438162,
2023-07-21,,,25.1,116.0,17.2,,0.2,,0.4,,0.2,322.0,21.8,1011.2,
2023-07-22,,,21.565365507452093,181.7558552164656,19.848828956706885,,0.5,,0.8,,5.6,118.77217885024841,24.107948899929028,1014.8919091554294,
2023-07-23,,,15.72581344902386,169.53579175704988,18.384309472161966,,1.0,,1.5,,6.5,250.0831525668836,24.017932031814897,1011.6224873463484,
2023-07-24,,,17.310863309352516,166.84676258992806,16.80568345323741,,0.9,,1.5,,10.0,233.22413793103448,22.807183908045975,1010.6292175161522,
2023-07-25,,,17.836291486291486,154.22943722943722,17.237301587301587,,0.8,,1.1,,10.7,227.1204906204906,24.16731601731602,1013.9859307359308,
2023-07-26,,,15.168421052631578,188.13689482470784,18.56447039199333,,0.7,,0.8,,5.7,217.0273178807947,25.2546357615894,1015.6137417218542,
2023-07-27,,,16.91579689703808,187.6932299012694,19.107334273624826,,1.0,,1.0,,4.7,187.65070422535211,25.55419847328244,1014.723309859155,
2023-07-28,,,17.929053084648494,209.65566714490674,18.75912356321839,,0.8,,1.2,,4.4,154.7009213323884,27.965560165975102,1014.4469879518072,
2023-07-29,,,24.963552724699223,197.2830856334041,19.86777385159011,,1.2,,1.6,,2.8,140.12844036697248,28.154384615384615,1014.7704304869442,
2023-07-30,,,25.38165137614679,173.985179957657,20.08574453069866,,0.9,,1.4,,3.8,201.1693719124912,26.72424812030075,1013.8408609738885,
2023-07-31,,,27.303492516037064,200.92017106200998,20.39543834640057,,0.5,,1.0,,3.5,139.59942979330006,27.32105263157895,1012.6671418389166,
2023-08-01,,,22.879604798870854,167.2103034580099,22.89513055751588,,0.6,,0.9,,6.2,55.37447108603667,28.464805290227773,1011.111706629055,
2023-08-02,,,21.79964639321075,199.02192362093353,24.43727015558699,,1.1,,1.4,,4.7,121.7934936350778,32.90718954248366,1008.3243988684583,
2023-08-03,,,31.192577813248207,179.83094098883572,22.4347687400319,,1.4,,1.8,,4.5,182.35640413683373,28.84264705882353,1006.7055688146379,
2023-08-04,,,28.72144388849178,201.72480343102217,20.74074338813438,,2.3,,2.7,,5.2,183.3652609006433,27.043674052894925,1004.8501072194425,
2023-08-05,,,25.473919206236708,173.6867469879518,21.30148830616584,,2.1,,3.6,,5.5,123.06732813607371,27.729929078014184,1000.7788802267895,
2023-08-06,,,27.509887798036466,206.84431977559606,24.121739130434783,,2.2,,3.1,,10.7,44.02173913043478,29.667461430575038,998.1699158485274,
2023-08-07,,,27.832503556187767,224.60526315789474,28.431009957325745,,0.9,,1.5,,11.3,53.70738636363637,29.512073863636363,998.6294034090909,
2023-08-08,,,8.836819787985865,182.26148409893992,28.360212014134273,,1.2,,1.8,,11.9,46.639633286318755,28.30966149506347,1001.271509167842,
2023-08-09,,,12.14904323175053,187.2239546420978,27.85145287030475,,1.3,,2.2,,14.8,36.89187279151943,28.706114839671887,1000.3970318021202,
2023-08-10,,,16.000862745098036,187.66771159874608,27.480407523510973,,4.5,,6.4,,21.4,161.43427230046947,38.785785123966946,991.5492175273864,
2023-08-11,,,14.730197628458498,114.71800947867298,27.018325434439177,,1.3,,2.1,,8.1,221.26303317535545,43.36363636363637,1002.3055248618786,
2023-08-12,,,25.035273243435057,150.10361958836054,25.202419928825623,,0.6,,0.8,,5.0,163.82293906810037,27.968845760980592,1004.219773210489,
2023-08-13,,,30.75306267806268,130.3803418803419,25.36866096866097,,0.5,,0.8,,7.9,110.34401709401709,26.143660968660967,1005.1195156695157,
2023-08-14,,,33.39263977353149,149.88818117480537,26.828733191790516,,1.0,,1.5,,9.7,81.81245576786978,27.27530077848549,1005.6854210898797,
2023-08-15,,,19.09950248756219,107.76403695806681,26.810092395167025,,1.3,,2.1,,11.9,113.91637136782424,26.90155917788802,1004.1547838412473,
2023-08-16,,,16.914628975265018,151.64593639575972,26.41752650176678,,1.0,,1.6,,4.8,79.25936395759717,25.7060777385159,1004.636113074205,
2023-08-17,,,16.49811320754717,129.47532656023222,26.423260869565215,,0.8,,1.3,,8.0,77.66002844950214,25.691749644381222,1005.5609530583215,
2023-08-18,,,17.397804532577904,179.62110481586402,26.399645892351277,,0.6,,0.9,,7.3,72.50883392226149,26.526643109540633,1006.8840282685512,
2023-08-19,,,18.152635277582572,159.85945186226283,26.596137640449438,,1.1,,1.6,,6.1,120.99929873772791,26.987798036465637,1009.9894810659187,
2023-08-20,,,14.731541218637993,175.46451612903226,26.37168458781362,,0.5,,0.7,,6.4,195.30250896057348,27.627168458781362,1011.4726881720429,
2023-08-21,,,21.8,77.0,26.5,,0.2,,0.3,,2.7,32.0,27.0,1011.5,
2023-08-22,,,14.000218658892127,169.4125364431487,25.864941690962098,,0.4,,0.7,,6.5,213.37745454545455,28.056872727272726,1006.8086545454545,
2023-08-23,,,12.775055679287306,172.9532640949555,25.509349593495937,,0.7,,1.0,,7.1,226.21310295176386,28.009359251259898,1006.7105111591072,
2023-08-24,,,10.849196633511859,188.4105504587156,,,1.7,,2.4,,12.6,171.76564885496182,26.71656488549618,1007.544503816794,
2023-08-25,,,16.32022955523673,153.2116212338594,,,1.9,,3.3,,8.2,228.07604017216642,26.78012912482066,1007.6494978479196,
2023-08-26,,,16.582432432432434,144.03413940256044,,,0.3,,0.6,,6.0,118.45170454545455,26.63409090909091,1008.9299715909091,
2023-08-27,,,27.393018335684065,125.64809590973202,,,0.6,,1.2,,10.5,69.28239436619718,26.991760563380282,1008.4265492957746,
2023-08-28,,,23.142958244869074,113.95612172682236,,,0.7,,1.3,,10.9,41.08634111818825,26.88365180467091,1008.1142958244869,
2023-08-29,,,21.040242165242166,130.20584045584044,,,1.7,,2.5,,12.7,173.97934472934472,27.3519943019943,1008.1464387464388,
2023-08-30,,,25.667900355871886,148.69893238434165,,,1.0,,1.7,,9.7,228.4476868327402,27.19879003558719,1009.146049822064,
2023-08-31,,,22.707192042846213,196.32951070336392,,,1.2,,1.4,,7.7,160.72103658536585,26.22042682926829,1009.365243902439,
2023-09-01,,,24.290482954545453,215.68394886363637,,,2.0,,2.7,,12.6,127.12642045454545,24.376491477272726,1011.0977982954545,
2023-09-02,,,23.410983488872937,186.87867910983488,,,1.0,,1.4,,7.3,153.573782234957,24.78689111747851,1011.8992120343839,
2023-09-03,,,26.6994342291372,190.85926449787837,,,0.5,,0.8,,7.8,136.0367231638418,25.81016949152542,1012.5656073446327,
2023-09-04,,,23.301710620099787,182.35138987883107,,,0.9,,1.3,,10.4,71.6185053380783,26.936654804270464,1011.6246975088968,
2023-09-05,,,13.014854299928928,152.73347547974413,,,1.6,,2.2,,11.8,54.5514549325763,26.755074520936837,1010.6465578424414,
2023-09-06,,,9.525106746370623,123.63877028181042,,,1.7,,2.3,,10.2,71.70903010033445,26.31354515050167,1010.7864548494985,
2023-09-07,,,9.594842186297152,144.72846153846154,,,1.4,,2.2,,11.9,48.01071975497703,25.52595712098009,1013.3212863705974,
2023-09-08,,,10.33056549749463,147.13886900501075,,,1.3,,2.1,,11.4,67.41487839771102,25.19098712446352,1012.5511444921316,
2023-09-09,,,15.43719599427754,144.34406294706724,,,0.8,,1.3,,7.5,115.15582558970694,24.50057183702645,1011.5538241601143,
2023-09-10,,,18.26302342086586,159.77572746628815,,,0.6,,1.1,,8.1,122.04323175053153,24.899574769666906,1010.7649184975195,
2023-09-11,,,13.68425141242938,140.14901129943502,,,0.5,,0.8,,5.8,144.42584745762713,25.71447740112994,1009.4628531073446,
2023-09-12,,,14.719373634377277,124.71740713765477,,,0.3,,0.5,,3.7,164.9098181818182,26.392145454545453,1010.8306909090909,
2023-09-13,,,15.485269121813031,190.8626062322946,,,0.5,,0.8,,6.9,55.43524416135881,26.531564048124558,1010.5973106864826,
2023-09-14,,,22.189611307420495,201.13851590106006,,,0.7,,1.2,,9.2,52.11370056497175,24.610805084745763,1011.9197740112994,
2023-09-15,,,10.95584,161.9616,,,0.7,,1.2,,8.2,35.06634692246203,25.32765787370104,1013.3441247002398,
2023-09-16,,,17.11431334622824,185.6266924564797,,,0.5,,0.8,,6.3,93.2895752895753,24.427413127413125,1012.3200772200773,
2023-09-17,,,22.94945945945946,175.22072072072072,,,1.0,,1.7,,9.4,255.4936936936937,25.46873873873874,1011.2225225225225,
2023-09-18,,,24.342052744119744,183.19244476122594,,,0.9,,1.6,,5.8,181.0370106761566,25.632099644128115,1012.7175800711743,
2023-09-19,,,22.271832005792906,216.605358435916,,,0.5,,0.8,,7.5,229.68501086169442,25.83859522085445,1013.5493845039825,
2023-09-20,,,21.295873968492124,189.55397301349325,25.02542857142857,,2.2,,3.2,,13.9,181.91407407407408,26.159925925925926,1010.5182222222223,
2023-09-21,,,10.8,90.0,24.8,,1.7,,2.8,,10.5,196.0,27.0,1004.1,
2023-09-22,,,19.801726726726727,123.0225056264066,23.628582145536384,,1.2,,1.7,,8.0,106.0561797752809,22.72367041198502,1015.1767790262172,
2023-09-23,,,12.86468085106383,127.10425531914893,24.145390070921987,,1.3,,2.3,,12.7,108.46600566572238,23.012393767705383,1018.478611898017,
2023-09-24,,,15.552920478536242,126.24349049964813,24.114486638537272,,1.8,,2.6,,13.5,45.25790583274772,23.46408995080815,1018.7243851018974,
2023-09-25,,,16.084653465346534,117.65912305516265,24.12015558698727,,1.4,,2.0,,9.1,38.619081272084806,24.152579505300356,1015.6048763250883,
2023-09-26,,,19.370484891075193,128.72874209416725,24.425720309205904,,0.6,,1.0,,6.5,152.99438596491228,23.989684210526317,1013.2530526315791,
2023-09-27,,,18.63929328621908,131.44734982332156,24.685229681978797,,0.5,,1.1,,7.6,246.69257950530036,25.174770318021203,1010.9481272084806,
2023-09-28,,,21.499016853932584,169.8932584269663,24.989552238805974,,0.4,,0.6,,7.5,259.9311797752809,25.91418539325843,1012.270856741573,
2023-09-29,,,25.45478873239437,190.40281690140844,24.51334279630944,,0.2,,0.5,,4.1,198.9,24.241126760563382,1013.7051408450704,
2023-09-30,,,26.545115585384043,210.2662192393736,23.581988472622477,,0.4,,0.5,,7.6,273.2742980561555,22.321454283657307,1010.4168587896254,
2023-10-01,,,25.650317572335922,215.70642201834863,22.39654442877292,,0.4,,0.6,,8.4,198.2823943661972,21.79274647887324,1012.790352112676,
2023-10-02,,,21.94523141654979,210.33309957924263,22.888920056100982,,0.5,,0.9,,7.9,193.99439775910363,21.464005602240896,1017.0492296918768,
2023-10-03,,,20.157603363700073,218.2116327960757,23.42634898388227,,0.6,,1.0,,7.4,107.01399580125963,21.428341497550733,1017.0365290412876,
2023-10-04,,,11.125720309205903,195.5762473647224,23.341573033707867,,0.6,,0.9,,6.8,270.45786516853934,21.91186797752809,1013.0160814606741,
2023-10-05,,,19.23138222849083,157.30535966149506,22.78808180535966,,0.7,,0.9,,8.4,273.94859154929577,19.92183098591549,1013.3718309859155,
2023-10-06,,,13.593469101123594,231.88623595505618,22.691362359550563,,0.8,,1.2,,5.1,244.55501051156273,18.87862648913805,1017.7435178696567,
2023-10-07,,,11.388738417676407,163.02138275124733,22.291304347826088,,1.8,,2.4,,11.0,114.56187766714082,20.466500711237554,1021.0571123755335,
2023-10-08,,,8.080557541100786,201.60185847033594,22.05696926375983,,2.3,,3.0,,13.2,54.49036402569593,20.319628836545323,1021.4723054960742,
2023-10-09,,,9.577995795374912,156.40854940434477,22.56937631394534,,1.0,,1.4,,8.9,90.916608269096,20.48633496846531,1018.5130343377716,
2023-10-10,,,9.424344023323616,118.84985422740525,22.58564139941691,,0.8,,1.3,,9.9,157.16326530612244,20.16771137026239,1019.2092565597668,
2023-10-11,,,11.014265129682997,156.29971181556195,22.48177233429395,,0.9,,1.5,,10.9,53.57348703170029,20.694596541786744,1023.2490634005763,
2023-10-12,,,9.967786259541985,137.9397406559878,22.270807926829267,,0.9,,1.4,,9.5,69.81169324221716,20.37167805618831,1023.5831435079726,
2023-10-13,,,14.496803977272727,166.11292613636363,22.045667613636365,,0.9,,1.6,,7.3,133.69389204545453,20.53572443181818,1017.8431818181817,
2023-10-14,,,17.978073328540617,180.4414090582315,21.89820273184759,,0.6,,1.0,,8.2,261.1691756272401,20.318709677419353,1010.1756989247313,
2023-10-15,,,24.37984496124031,177.99647639182524,21.289390681003585,,0.4,,0.7,,9.3,267.7971830985916,19.70274647887324,1009.4952816901409,
2023-10-16,,,24.116126760563382,174.95211267605634,20.96647887323944,,0.4,,0.7,,7.6,246.19647887323944,19.758028169014086,1013.6032394366198,
2023-10-17,,,20.142717086834732,169.48389355742296,20.62471988795518,,0.6,,0.9,,7.2,256.18837535014006,17.761204481792717,1017.8128851540616,
2023-10-18,,,18.692927864214994,200.27722772277227,20.452758132956152,,0.6,,0.8,,9.1,259.2457627118644,18.909110169491527,1019.6875,
2023-10-19,,,19.20558339298497,216.11309949892626,20.174516821760914,,0.6,,1.0,,8.3,245.58642857142857,20.06457142857143,1016.1780714285715,
2023-10-20,,,15.26959887403237,164.38845883180858,19.9292751583392,,0.5,,0.8,,12.0,298.0,16.711611541168192,1014.1731878958481,
2023-10-21,,,16.318423047763456,154.80151515151516,19.264015151515153,,0.8,,1.1,,10.5,268.16111951588505,14.726853252647505,1019.808169440242,
2023-10-22,,,6.5,253.0,19.1,,0.4,,0.5,,3.9,301.0,15.1,1021.8,
2023-10-23,,,13.949573257467993,184.42745376955904,18.88207681365576,,0.4,,0.7,,6.5,258.34375,17.731392045454545,1022.4994318181817,
2023-10-24,,,11.045538900785154,216.06209850107066,19.36745182012848,,0.4,,0.7,,8.2,260.6106761565836,17.78419928825623,1019.987330960854,
2023-10-25,,,15.444788519637463,226.91471698113207,19.09064150943396,,0.3,,0.6,,5.0,251.99924812030076,18.43045112781955,1017.6942814145974,
2023-10-26,,,15.383957597173143,178.67137809187278,18.9513074204947,,0.5,,0.8,,8.6,245.68480565371024,19.254275618374557,1014.5224734982332,
2023-10-27,,,21.657262996941895,179.19709702062644,18.67267175572519,,0.6,,1.0,,8.8,197.161094224924,18.05015197568389,1012.9794072948328,
2023-10-28,,,22.434450784593437,178.97646219686163,18.75135520684736,,0.7,,1.2,,5.4,185.71672597864767,16.929252669039144,1018.0451957295373,
2023-10-29,,,21.563098591549295,176.30492957746478,18.55612676056338,,0.8,,1.2,,7.4,105.64718309859155,17.117605633802818,1021.5742253521126,
2023-10-30,,,22.006713780918727,161.52155477031803,18.423250883392225,,0.6,,0.8,,6.1,267.97243816254417,17.331802120141344,1022.0484463276837,
2023-10-31,,,21.022355430183357,187.47672778561355,18.48215796897038,,0.4,,0.6,,7.6,254.3737658674189,18.401904090267983,1021.5610719322991,
2023-11-01,,,20.54463397299218,179.56645344705046,18.19594882729211,,0.7,,1.1,,8.6,241.2278211497516,19.153938963804116,1019.4644428672817,
2023-11-02,,,19.946526772793053,193.41606367583213,17.8082489146165,,0.7,,1.2,,8.1,230.9812274368231,19.549241877256318,1018.1600000000001,
2023-11-03,,,17.28838028169014,187.9845070422535,17.35612676056338,,0.5,,1.0,,7.1,226.27445460942997,19.563617171006335,1016.5719915552428,
2023-11-04,,,18.765487977369165,135.17468175388967,17.38026874115983,,0.5,,0.9,,9.0,125.68953323903818,19.894200848656297,1020.3592644978784,
2023-11-05,,,15.372586328400283,270.292459478506,18.793939393939393,,0.7,,1.2,,6.7,91.96899224806202,20.560112755461592,1019.669696969697,
2023-11-06,,,14.984659913169319,111.78002894356005,17.824602026049202,,2.6,,3.6,,14.3,233.50361794500725,19.804775687409553,1008.8549927641101,
2023-11-07,,,12.668599717114569,102.57142857142857,14.668316831683168,,1.5,,2.3,,12.7,279.23550212164076,14.34087694483734,1017.8379773691654,
2023-11-08,,,12.827598828696924,199.54392386530014,15.740263543191801,,0.8,,1.2,,6.0,164.4637893196781,14.466422823701535,1021.93650329188,
2023-11-09,,,24.560254596888257,208.68458274398867,16.593352192362094,,0.5,,0.8,,6.6,251.80282685512367,16.816042402826856,1020.2284098939929,
2023-11-10,,,20.314853556485357,214.17573221757323,16.642154811715482,,0.4,,0.6,,6.5,234.86743215031316,17.468475991649267,1017.4045929018789,
2023-11-11,,,22.48304134548003,155.93552908199018,16.63637000700771,,1.0,,1.5,,8.0,213.26102169349195,11.594261721483555,1024.579286214136,
2023-11-12,,,16.357614403600902,188.61544227886057,16.37248875562219,,0.6,,0.9,,10.9,296.78160059835454,8.341436050860136,1023.5372475691847,
2023-11-13,,,19.42268188302425,151.68188302425108,15.751640513552069,,1.4,,2.0,,11.6,289.48646723646726,8.00940170940171,1024.7305555555556,
2023-11-14,,,20.33937125748503,147.89678384442783,15.722887060583396,,0.6,,1.1,,8.9,294.19865571321884,9.988797610156833,1024.8107542942496,
2023-11-15,,,19.10524450744153,132.69312544294826,15.621671388101982,,0.5,,0.7,,8.0,261.93860268172193,11.840366972477064,1026.601059322034,
2023-11-16,,,19.17232837933475,143.68435951875443,15.683521923620933,,0.7,,1.0,,11.3,290.76271186440675,11.754661016949152,1020.0372881355933,
2023-11-17,,,18.787280393534786,155.29655657062543,16.2964160224877,,0.8,,1.1,,10.7,278.09627547434997,8.995291637385805,1012.7054111033029,
2023-11-18,,,19.661770906535487,119.0449754040759,15.646170063246663,,0.8,,1.3,,14.6,275.99297259311317,6.101827125790583,1014.5915671117358,
2023-11-19,,,16.770021111893033,130.78676988036594,15.243068261787473,,0.8,,1.2,,9.4,249.78888106966926,10.464109781843772,1017.2496129486277,
2023-11-20,,,13.224489795918368,159.32301196340606,15.068635724331926,,0.8,,1.4,,6.9,212.92415730337078,12.075491573033707,1022.0150983146067,
2023-11-21,,,22.514877192982457,142.019649122807,15.288140350877192,,0.4,,0.7,,7.4,267.86405045550106,13.332025227750526,1021.2872459705676,
2023-11-22,,,14.3,300.0,15.1,,0.2,,0.4,,4.2,248.0,13.5,1020.1,
2023-11-23,,,33.308362863217575,139.24096385542168,15.352019844082212,,1.2,,1.9,,12.5,246.25779036827194,16.939660056657225,1012.2029766123317,
2023-11-24,,,16.863214013709065,154.6095890410959,14.979147640791476,,0.9,,1.5,,11.1,296.12386018237083,8.162006079027357,1023.1142857142856,
2023-11-25,,,20.525495750708217,141.83781869688386,14.685127478753541,,0.8,,1.1,,6.8,222.36042402826854,5.136183745583039,1030.1751236749117,
2023-11-26,,,18.96009852216749,141.47994370161857,15.189373680506684,,0.9,,1.3,,5.3,248.19114546732257,9.139985945186227,1024.40063246662,
2023-11-27,,,29.63775727466288,132.64655784244144,16.18587650816182,,0.8,,1.2,,9.5,276.18329794762917,12.688464260438781,1015.003609341826,
2023-11-28,,,28.315281690140843,133.45985915492957,15.243943661971832,,0.9,,1.3,,12.9,276.0169014084507,10.26225352112676,1018.7278873239437,
2023-11-29,,,24.60098245614035,159.07228070175438,15.08919298245614,,0.6,,0.9,,10.9,276.5677192982456,8.246385964912282,1023.0660350877193,
2023-11-30,,,19.17149929278642,149.35360678925036,15.072065063649223,,0.5,,0.8,,10.9,290.86581920903956,4.4204802259887,1024.4633474576272,
2023-12-01,,,18.030508474576273,168.14265536723164,14.290324858757062,,0.5,,0.8,,11.1,274.97042253521124,3.9845774647887326,1023.7220422535212,
2023-12-02,,,15.865843330980947,126.56104446012704,13.680875088214536,,0.8,,1.2,,9.7,271.7646229739253,6.168992248062015,1025.3042988019733,
2023-12-03,,,12.600851063829788,154.6645390070922,13.660070921985817,,0.8,,1.2,,7.6,261.6543909348442,9.246742209631728,1024.64723796034,
2023-12-04,,,12.521383203952011,170.46930134086097,13.74304869442484,,0.4,,0.6,,7.6,272.33309809456597,9.59011997177135,1021.0990119971772,
2023-12-05,,,8.820631578947369,185.60350877192982,13.868631578947367,,0.3,,0.6,,5.0,225.31486676016831,10.849579242636747,1016.9263674614306,
2023-12-06,,,13.103503854239664,169.57533286615276,14.003994393833217,,0.8,,1.3,,11.0,269.12263489838824,11.807007708479325,1011.375262789068,
2023-12-07,,,8.501138790035588,157.50533807829183,14.099928825622777,,1.2,,1.7,,12.4,260.41779359430603,10.408825622775801,1015.3231316725978,
2023-12-08,,,13.085755189692197,113.54760200429492,14.208375089477451,,1.2,,1.9,,11.8,252.71152469577666,14.76907659269864,1017.2589119541875,
2023-12-09,,,14.995779685264663,120.38483547925608,14.811087267525037,,1.1,,1.7,,9.2,261.49536045681657,16.928122769450393,1018.19,
2023-12-10,,,14.600980392156863,177.88305322128852,15.272759103641457,,0.7,,1.1,,9.5,92.88313505948216,15.175437368789364,1022.3565430370888,
2023-12-11,,,14.136459909228442,207.28798185941042,15.93522297808012,,2.4,,3.3,,11.4,78.61207547169812,15.70777358490566,1016.041283018868,
2023-12-12,,,14.45635593220339,155.22104519774012,15.745127118644067,,2.3,,3.4,,11.8,65.7542372881356,11.423799435028249,1017.7347457627118,
2023-12-13,,,17.258765243902438,167.87890327494287,16.957780979827092,,1.1,,1.8,,8.4,115.40617935192162,11.969932177844763,1027.5703619909502,
2023-12-14,,,19.24203102961918,145.86671368124118,,,1.2,,1.8,,9.1,46.011267605633805,13.165774647887325,1023.7425352112675,
2023-12-15,,,18.609540636042404,160.2148409893993,16.828125,,1.8,,2.9,,9.2,93.14820042342978,12.432462949894141,1012.293436838391,
2023-12-16,,,20.519585418155827,143.57612580414582,16.758255897069336,,1.2,,1.7,,14.4,256.14510364546106,5.965046461758399,1017.716368834882,
2023-12-17,,,19.466616766467066,156.70434131736528,15.967885881492318,,0.7,,1.2,,10.9,285.2911849710983,1.2783236994219653,1030.2167630057804,
2023-12-18,,,16.627856609410006,155.4503360716953,15.59375,,0.6,,1.0,,8.4,303.2752688172043,2.1984229390681005,1032.0258781362008,
2023-12-19,,,13.113289581624283,162.0475799835931,,,1.0,,1.7,,8.3,301.68655643422,3.946369518332135,1026.8080517613228,
2023-12-20,,,12.602656249999999,171.7140625,,,0.5,,0.8,,11.5,287.53,3.102357142857143,1023.4005714285714,
2023-12-21,,,11.821964017991004,154.31334332833583,2.7800000000000002,,0.6,,0.9,,12.0,289.34320809248555,2.8341763005780347,1027.3773843930637,
2023-12-22,,,11.805239852398524,158.33579335793357,0.0,,0.5,,0.9,,13.7,283.17899929527835,2.7584214235377025,1032.2456659619452,
2023-12-23,,,22.2,266.0,,,0.3,,0.4,,4.1,332.0,1.8,1035.4,
2023-12-24,,,15.695893926432849,138.53892215568862,,,0.5,,0.9,,7.3,299.46879432624115,3.497163120567376,1030.234964539007,
2023-12-25,,,17.178249787595583,137.68819031435854,,,0.4,,0.7,,12.5,286.3905031892275,3.7406094968107726,1028.4544294826364,
2023-12-26,,,17.908050847457627,139.32345469940728,,,0.5,,0.9,,9.9,277.63850110213076,5.774063188831741,1028.690308370044,
2023-12-27,,,19.48187650360866,143.41619887730553,,,0.3,,0.6,,5.4,238.5183585313175,8.290784737221022,1029.814964028777,
2023-12-28,,,17.63734375,159.92734375,,,0.5,,0.8,,7.7,287.7154121863799,9.610250896057346,1026.3648745519713,
2023-12-29,,,18.43175832687839,143.54798761609908,,,0.3,,0.5,,9.5,275.4087694483734,7.467114568599717,1025.4992912827781,
2023-12-30,,,18.22733017377567,145.04498816101025,,,0.3,,0.6,,7.4,268.37322946175635,9.304461756373938,1018.1663128096249,
2023-12-31,,,16.567953386744353,156.54042243262927,14.0,,0.8,,1.0,,11.6,283.8113879003559,9.793950177935944,1014.8749821810407,
2024-01-01,,,12.421150971599403,162.56044776119404,13.815094339622643,,1.6,,2.2,,8.7,92.59251412429379,8.448728813559322,1026.5504237288135,
2024-01-02,,,12.542307692307693,167.06842480399143,13.064516129032258,,1.2,,1.9,,8.1,292.67667597765364,9.619832402234637,1020.8490566037735,
2024-01-03,,,10.84740207833733,161.707102952913,,,0.4,,0.6,,9.4,299.13064971751413,7.420409604519773,1017.1757062146893,
2024-01-04,,,11.338087386644682,146.99010717230007,,,0.5,,0.9,,8.5,272.00568585643214,6.623027718550107,1021.659132906894,
2024-01-05,,,13.089727626459144,123.42178988326849,11.48,,0.8,,1.4,,11.1,268.34683724235964,10.003482587064676,1020.2782515991471,
2024-01-06,,,7.31571194762684,153.79705400981996,,,0.5,,0.8,,6.9,276.2087415222306,9.04235116804823,1019.754559155991,
2024-01-07,,,11.525429864253393,139.8316742081448,,,0.5,,0.7,,11.1,300.4474063400576,3.731700288184438,1023.0800432276658,
2024-01-08,,,13.493669803250642,128.91958939264327,,,0.7,,1.3,,8.9,271.85744680851064,2.4849645390070925,1025.6290070921984,
2024-01-09,,,16.46275071633238,134.98853868194843,,,0.5,,0.8,,10.9,289.63958641063516,5.262776957163958,1019.9092319054654,
2024-01-10,,,16.661882998171844,158.6255707762557,,,0.9,,1.4,,11.4,212.6890636168692,6.892709077912794,1017.0047176554683,
2024-01-11,,,18.282173174872668,156.20780322307039,,,1.8,,2.4,,9.4,290.1507142857143,7.135,1016.8187857142857,
2024-01-12,,,20.98998371335505,154.29234527687296,,,0.8,,1.2,,7.6,275.65063649222066,7.9340169731258845,1017.0131448763251,
2024-01-13,,,21.641856232939038,151.287534121929,,,0.8,,1.3,,7.2,151.9338078291815,6.296797153024911,1023.5572241992882,
2024-01-14,,,21.43058912386707,151.0249244712991,,,1.2,,1.8,,11.7,278.3670705630791,9.84440484675695,1021.1338560228083,
2024-01-15,,,20.963504273504274,149.15029888983776,,,1.0,,1.4,,9.9,285.0728051391863,7.524411134903641,1022.6919343326194,
2024-01-16,,,17.37220077220077,161.27799227799227,,,0.8,,1.4,,10.1,175.26521739130436,6.098695652173913,1030.7826338639654,
2024-01-17,,,16.674190871369294,163.28571428571428,,,0.7,,1.3,,5.8,283.76423936553715,9.61153568853641,1026.4097262247838,
2024-01-18,,,11.593581616481774,154.9564183835182,,,0.9,,1.6,,15.0,157.87446504992866,12.062767475035663,1020.9658345221113,
2024-01-19,,,7.92487899322362,188.76573088092934,,,1.6,,2.5,,14.0,48.16996336996337,7.942124542124542,1027.1588149231895,
2024-01-20,,,6.640631163708087,197.0976331360947,,,1.9,,2.8,,16.4,50.768105340160936,8.670738844184346,1023.0939371804237,
2024-01-21,,,12.492488687782807,116.18552036199095,13.4,,1.9,,3.6,,11.9,79.16546762589928,8.413093525179857,1022.096690647482,
2024-01-22,,,14.142767295597483,131.1832884097035,13.35,,0.9,,1.6,,11.8,290.7806451612903,3.8117562724014333,1022.0929749103942,
2024-01-23,,,3.3,227.0,,,0.4,,0.5,,7.2,266.0,2.7,1024.2,
2024-01-24,,,19.07301710730949,138.57387247278382,,,1.5,,2.2,,13.4,292.15498938428874,2.5178343949044586,1022.4903750884642,
2024-01-25,,,15.699536321483771,175.58268933539412,,,1.8,,2.4,,10.1,276.6627043090639,2.9043090638930162,1026.2918276374444,
2024-01-26,,,,,,,,,,,,,,,
2024-01-27,,,,,,,,,,,,,,,
2024-01-28,,,,,,,,,,,,,,,
2024-01-29,,,,,,,,,,,,,,,
2024-01-30,,,16.385651537335285,136.79941434846268,12.726138032305434,,0.5,,0.8,,7.3,103.75070821529745,9.54943342776204,1027.5421276595744,
2024-01-31,,,14.73804500703235,146.79676511954992,12.809704641350212,,0.3,,0.5,,4.3,220.7512297962052,10.277723120168659,1023.0782853127196,
2024-02-01,,,11.674076704545454,162.60582386363637,12.882883522727274,,1.5,,2.4,,10.4,121.66808510638297,8.786453900709219,1023.2279432624113,
2024-02-02,,,9.353450704225352,160.60985915492958,12.934647887323944,,1.9,,2.7,,7.6,36.39366197183099,6.765633802816902,1026.8093596059114,
2024-02-03,,,6.256552207428172,158.8262088297127,13.196846531184304,,1.4,,1.9,,10.2,42.540995094604064,8.308829712683952,1027.2023125437981,
2024-02-04,,,6.772688779110797,157.2907551164432,13.200282286520817,,1.2,,2.5,,9.2,41.78114004222379,8.412526389866292,1024.7449683321606,
2024-02-05,,,5.764710042432815,195.015558698727,13.202263083451202,,2.9,,3.7,,15.3,55.597595473833096,8.106152758132957,1018.2349116607774,
2024-02-06,,,15.513817663817665,112.22008547008546,13.602635327635326,,1.6,,2.1,,7.3,65.04128113879004,5.895800711743773,1023.6399572649573,
2024-02-07,,,13.364929577464789,148.43802816901407,13.63387323943662,,0.7,,1.0,,7.3,140.4282700421941,5.864205344585091,1021.4521097046413,
2024-02-08,,,17.000212464589236,156.51487252124645,13.577620396600565,,0.7,,1.1,,5.5,237.23218066337333,6.871771347918137,1019.9507768361582,
2024-02-09,,,19.87306064880113,160.95416078984485,13.522919605077574,,0.4,,0.7,,9.9,276.16925246826514,7.618265162200283,1019.760789844852,
2024-02-10,,,21.764859154929578,158.42323943661972,13.364883884588318,,0.5,,0.7,,11.7,260.87904360056257,6.536146272855134,1022.3393108298171,
2024-02-11,,,23.724755927475595,153.5460251046025,13.198884239888425,,0.7,,1.0,,11.1,290.0027894002789,6.598744769874477,1022.9333333333333,
2024-02-12,,,22.92189781021898,153.73065693430658,13.03858497447119,,0.7,,1.1,,8.7,252.63828238719069,7.102911208151383,1029.5363173216883,
2024-02-13,,,23.488629283489097,152.05365474339035,13.062286158631414,,1.0,,1.6,,11.7,260.9233746130031,12.407430340557275,1027.2849071207431,
2024-02-14,,,18.849955869373346,168.36243386243387,13.140352422907489,,1.0,,1.7,,7.6,251.6611062335382,14.136379613356766,1023.1587147887325,
2024-02-15,,,19.80367231638418,151.9858757062147,13.12990720913633,,1.1,,1.7,,11.8,192.37235543018335,12.68864598025388,1016.5387165021156,
2024-02-16,,,13.12894550601557,149.1521585279547,12.895035460992908,,1.0,,1.5,,7.9,66.44318983768525,6.554057868736768,1024.279675370501,
2024-02-17,,,16.188145048814505,122.68479776847978,13.045467224546723,,0.8,,1.2,,7.8,270.7426778242678,8.845885634588564,1022.3462343096235,
2024-02-18,,,11.924735729386892,122.86398872445385,13.115715292459479,,1.2,,2.0,,3.7,245.01476793248946,11.78579465541491,1021.1072433192686,
2024-02-19,,,13.618429003021147,183.0143396226415,13.284226415094338,,2.8,,4.3,,12.0,208.81235870384324,15.426601356443104,1011.5735493594575,
2024-02-20,,,12.147261815453863,188.60344827586206,13.358995502248877,,1.4,,2.0,,12.1,57.0561377245509,9.575149700598802,1021.2804640718563,
2024-02-21,,,10.714540270848183,174.87669280114042,13.326372059871705,,2.1,,2.9,,15.6,56.76051318602993,7.754383464005702,1020.2178902352102,
2024-02-22,,,12.601906779661016,155.52966101694915,13.089053672316386,,2.4,,3.4,,11.2,44.054263565891475,4.973431994362227,1024.102959830867,
2024-02-23,,,3.9,106.0,13.2,,1.0,,1.4,,5.0,50.0,4.7,1026.4,
2024-02-24,,,15.1893006993007,145.55454545454546,12.874335664335664,,1.4,,2.1,,11.4,51.8463687150838,5.9736731843575415,1027.9240223463687,
2024-02-25,,,17.808555399719495,147.41935483870967,12.857433380084151,,1.0,,1.7,,8.2,75.26647966339411,7.6194249649368855,1021.1115007012622,
2024-02-26,,,18.154315789473685,142.66736842105263,12.859578947368423,,1.0,,1.4,,12.9,114.53603918824352,7.063540937718684,1026.0214835549334,
2024-02-27,,,17.430818053596617,140.29337094499294,12.705500705218618,,1.4,,2.2,,10.1,88.37763713080169,6.049507735583685,1030.296905766526,
2024-02-28,,,16.835709294199862,147.8427672955975,13.00146750524109,,1.2,,1.8,,9.5,44.80278745644599,8.2997212543554,1028.7440418118467,
2024-02-29,,,14.370561797752808,138.95280898876405,13.448709315375984,,1.1,,1.4,,7.9,175.91460674157304,6.942632170978627,1018.9819101123596,
2024-03-01,,,14.812794612794614,155.33670033670035,13.40347923681257,,0.9,,1.3,,13.2,296.18967452300785,4.02962962962963,1019.413468013468,
2024-03-02,,,13.361440677966101,165.87782485875707,13.083262711864407,,0.7,,1.1,,12.0,235.33968926553672,3.1308615819209042,1021.6523305084745,
2024-03-03,,,14.516491228070175,133.67649122807018,12.938947368421053,,0.9,,1.4,,9.9,257.3111422564821,8.081289418360196,1018.9980378416258,
2024-03-04,,,12.442471590909092,121.94318181818181,13.219318181818181,,0.8,,1.3,,6.7,201.1558073654391,10.521600566572237,1021.1587818696884,
2024-03-05,,,6.91048557353976,212.88529204785362,13.121393384940182,,2.2,,3.2,,14.3,44.33005617977528,9.252808988764045,1013.1146769662922,
2024-03-06,,,10.869052631578947,164.04,13.103017543859648,,2.7,,3.5,,10.1,58.602105263157895,8.46617543859649,1014.5355087719299,
2024-03-07,,,13.687237026647967,124.55399719495091,13.15,,1.4,,2.3,,7.7,144.26437587657784,8.107363253856942,1016.4420056100982,
2024-03-08,,,18.393943661971832,146.4894366197183,13.234929577464788,,0.6,,1.1,,11.0,280.2878254750176,7.07283603096411,1015.7285714285715,
2024-03-09,,,21.106521739130436,149.7608695652174,13.244109396914444,,0.8,,1.1,,10.0,228.53501400560225,5.144467787114846,1022.8301820728291,
2024-03-10,,,22.810422535211266,145.15,13.339718309859157,,0.8,,1.1,,8.9,274.0801687763713,8.10028129395218,1027.4006329113924,
2024-03-11,,,24.76368715083799,150.09287709497207,13.376326815642459,,0.5,,0.8,,8.5,257.5027932960894,10.095041899441341,1021.6043994413408,
2024-03-12,,,22.439549002601908,151.67099567099567,13.402943722943723,,1.0,,1.4,,8.1,175.69257340241796,8.738255613126078,1013.9801381692573,
2024-03-13,,,21.401849112426035,145.28824833702882,13.407169253510718,,0.8,,1.6,,10.5,259.1350553505535,9.19151291512915,1019.8850922509225,
2024-03-14,,,20.30425087108014,143.69965156794424,13.358327526132404,,0.7,,1.0,,11.2,262.42130919220057,11.515181058495822,1020.6352367688022,
2024-03-15,,,18.07221823402728,152.38334529791817,13.407030129124822,,0.8,,1.4,,10.4,259.1763440860215,13.050394265232974,1022.2236559139785,
2024-03-16,,,11.86318407960199,155.9452736318408,13.521321961620469,,0.5,,0.8,,7.3,195.79772888573456,14.058765081618168,1021.1640880056777,
2024-03-17,,,13.008796622097115,135.00492610837438,13.657635467980295,,1.0,,1.8,,13.5,191.8446943078004,14.46373858046381,1013.8734364019676,
2024-03-18,,,13.944764795144158,110.53146322971948,13.463912054586809,,0.9,,1.6,,8.7,148.59410430839003,10.071655328798185,1021.2829931972789,
2024-03-19,,,14.325367904695165,124.51576734407848,13.444358794674141,,1.4,,2.1,,13.6,251.93557422969187,11.973249299719887,1015.5304835318851,
2024-03-20,,,9.780182712579059,158.75333801827125,13.309908643710472,,1.0,,1.6,,11.5,260.0028070175439,7.968701754385965,1017.6541052631579,
2024-03-21,,,11.344754716981132,132.79336349924586,13.267420814479637,,1.3,,1.6,,8.3,236.14231927710844,7.422515060240964,1018.4560993975904,
2024-03-22,,,15.688264230498946,145.24736472241742,13.256640899508081,,1.8,,2.7,,13.1,219.25491573033707,11.613483146067415,1017.3543218552354,
2024-03-23,,,14.30641312453393,144.98360655737704,13.546274217585692,,2.3,,3.7,,13.0,163.19270833333334,14.890773809523811,1013.8646577380953,
2024-03-24,,,16.26303583977512,148.731553056922,13.482572030920592,,1.3,,1.9,,10.8,41.44624033731553,11.94624033731553,1017.8632466619816,
2024-03-25,,,27.1,76.0,13.4,,0.9,,1.2,,3.6,12.0,12.1,1017.1,
2024-03-26,,,14.878449502133712,150.84921763869133,13.41081081081081,,2.6,,3.6,,13.6,67.09232954545455,9.561789772727273,1016.5330255681819,
2024-03-27,,,18.088297126839525,133.36930623686055,13.566222845129642,,1.3,,1.7,,5.2,206.85664335664336,10.552167832167832,1024.0222377622379,
2024-03-28,,,17.8443741209564,141.64838255977497,13.545850914205346,,3.1,,4.1,,10.0,179.63009845288326,13.111040787623066,1010.2836849507735,
2024-03-29,,,20.01224345364473,145.40552016985137,13.63718309859155,,2.3,,3.8,,15.7,241.6615168539326,13.842556179775281,1007.2712078651685,
2024-03-30,,,16.77629682997118,149.78890489913545,13.66720469552458,,1.7,,2.5,,9.6,252.59971811134602,14.263918252290345,1012.1283098591549,
2024-03-31,,,11.00978417266187,151.0453237410072,13.716258992805754,,1.4,,1.9,,7.9,96.32710280373831,13.102012940330699,1011.6130215827338,
2024-04-01,,,14.394444444444446,135.60056258790436,13.833966244725739,,0.4,,0.7,,7.3,222.4704641350211,14.005555555555556,1013.6471870604782,
2024-04-02,,,12.861419536191145,136.65003513703442,13.839985945186227,,0.5,,0.8,,6.1,227.5308988764045,15.063974719101122,1014.5685393258427,
2024-04-03,,,13.245830413454799,178.32095304835318,13.879257182901192,,1.4,,2.1,,9.8,54.24456902592852,13.692852137351087,1006.5544498948843,
2024-04-04,,,13.638743824982356,172.38814396612563,14.027452364149612,,0.8,,1.3,,12.0,53.45031712473573,13.140098661028894,1015.1761804087386,
2024-04-05,,,13.812165963431788,142.85372714486638,14.170042194092826,,1.1,,1.7,,9.1,58.53651685393258,13.320997191011235,1019.6266853932584,
2024-04-06,,,19.08954802259887,151.79872881355934,14.304661016949154,,0.7,,1.1,,5.3,234.93719124911786,13.925052928722653,1018.425194071983,
2024-04-07,,,23.139803094233475,151.79887482419127,14.29985935302391,,0.3,,0.5,,4.6,192.45147679324896,15.776371308016877,1016.8722925457103,
2024-04-08,,,23.17550713749061,151.3153153153153,14.386786786786788,,0.3,,0.5,,6.1,160.82810164424515,15.981240657698057,1015.3413303437967,
2024-04-09,,,21.354468684025335,145.41660802251934,14.424208304011259,,1.4,,2.2,,14.9,67.91532540237928,13.003009097270818,1021.0324702589222,
2024-04-10,,,22.553900210822206,133.39634574841884,14.434645115952213,,1.2,,1.7,,6.4,105.19157894736843,11.98301754385965,1026.222245614035,
2024-04-11,,,20.27805049088359,148.50981767180926,14.579957953749123,,0.7,,1.0,,7.0,210.2016806722689,14.432352941176472,1022.4086134453781,
2024-04-12,,,16.85945945945946,152.7189781021898,14.747956204379562,,0.6,,0.9,,4.0,224.63357664233575,16.011167883211677,1018.3495620437956,
2024-04-13,,,16.112036389083276,168.6256123163051,15.231770468859343,,0.3,,0.5,,2.9,215.4555633310007,16.758222533240026,1017.7870538838348,
2024-04-14,,,13.805734265734266,176.49790209790208,15.424615384615386,,0.4,,0.7,,5.1,166.60979020979022,16.86993006993007,1018.9693706293706,
2024-04-15,,,17.83011152416357,135.07280832095097,15.31263001485884,,2.3,,3.7,,6.4,110.86350148367953,16.62299703264095,1013.0500741839762,
2024-04-16,,,11.967091295116774,130.09907997169142,15.305874026893136,,1.5,,2.2,,9.2,232.2152434721242,16.74015525758645,1011.0104446012704,
2024-04-17,,,12.05230987917555,147.43141435678749,15.269225302061123,,0.5,,0.7,,6.2,158.6373314407381,16.555784244144782,1011.3261178140525,
2024-04-18,,,16.036958066808815,175.32409381663112,15.911727078891257,,0.4,,0.7,,8.9,131.985835694051,16.365155807365436,1009.809985835694,
2024-04-19,,,13.7400426742532,159.71337126600284,16.00618776671408,,0.6,,1.0,,10.0,225.66666666666666,16.864747690120826,1012.1406827880512,
2024-04-20,,,17.79992927864215,172.77934936350778,15.402687411598304,,2.0,,3.0,,13.6,85.63892806770099,15.738998589562765,1011.2832157968971,
2024-04-21,,,17.95118549511855,166.53905160390516,15.378103207810321,,1.7,,2.6,,9.7,44.29497907949791,15.914086471408647,1009.7766387726639,
2024-04-22,,,16.231865828092243,145.4346610761705,15.314395527603075,,1.3,,2.3,,11.8,60.54216027874565,15.496933797909406,1013.0644599303135,
2024-04-23,,,16.59402670414617,155.3541813070977,15.44680252986648,,1.5,,2.1,,15.0,67.72720897615709,14.616549789621319,1011.8156381486676,
2024-04-24,,,18.099721059972104,150.32775453277546,15.664365411436542,,1.1,,1.7,,6.8,202.89693593314763,14.793523676880223,1007.7469359331477,
2024-04-26,,,17.463928304705004,161.43805970149253,15.71582089552239,,0.5,,0.9,,8.7,221.08320950965825,16.148439821693906,1010.1473997028231,
2024-04-27,,,15.849048625792811,161.2353770260747,15.776462297392529,,0.3,,0.5,,4.9,190.815362931642,16.8968992248062,1010.4403100775194,
2024-04-28,,,16.083902439024392,154.9937282229965,15.846898954703832,,0.7,,1.1,,11.5,134.90104529616724,17.311080139372823,1013.9572125435541,
2024-04-29,,,13.703017543859648,178.16701754385966,15.680350877192982,,0.8,,1.2,,10.6,51.86877192982456,15.425824561403509,1009.0635343618515,
2024-04-30,,,15.664586255259467,158.4172510518934,15.914796633941094,,0.7,,1.1,,8.5,152.26367461430576,16.07601683029453,1006.8195652173913,
2024-05-01,,,10.549184975194898,177.72076541459958,15.892800000000001,,0.9,,1.5,,12.0,60.73851590106007,14.396678445229682,1012.1983745583038,
2024-05-02,,,15.07963610916725,171.96081175647305,15.99741077676697,,1.0,,1.5,,8.8,71.76589797344515,14.6062893081761,1018.4401816911251,
2024-05-03,,,11.496920923722882,172.84114765570328,16.343037088873338,,0.6,,1.1,,3.8,211.88329839273234,15.700768693221523,1018.572746331237,
2024-05-04,,,18.999929971988795,162.36764705882354,16.3125350140056,,0.4,,0.8,,3.5,215.9090909090909,17.752657342657344,1017.8509090909091,
2024-05-05,,,21.70217543859649,153.27929824561403,16.14280701754386,,2.1,,3.7,,7.0,173.76350877192982,17.978105263157893,1014.4620350877192,
2024-05-06,,,17.589664804469276,166.41759776536313,15.927234636871509,,2.4,,3.9,,11.9,226.41492329149233,17.608228730822873,1008.139260808926,
2024-05-07,,,20.12397212543554,158.9233449477352,15.120000000000001,,1.0,,1.5,,10.3,147.7883008356546,15.264832869080779,1011.0844011142061,
2024-05-08,,,22.07819971870605,145.70182841068916,15.774964838255977,,1.5,,1.9,,12.2,69.36568213783404,13.561533052039382,1017.026652601969,
2024-05-09,,,19.488453463960813,153.21203638908327,16.076487053883834,,1.0,,1.3,,8.0,239.63172606568833,15.100768693221523,1018.3665269042627,
2024-05-10,,,19.840603085553997,165.31767180925667,15.792286115007013,,0.8,,1.2,,10.7,240.92722183344998,18.06368089573128,1018.2742477256822,
2024-05-11,,,19.099228611500703,127.40813464235625,15.51241234221599,,1.5,,2.3,,11.4,229.02524544179522,18.255750350631136,1015.3951612903226,
2024-05-12,,,17.851639916259597,151.40893230983949,15.56301465457083,,1.8,,2.5,,10.2,183.86271777003483,17.550731707317073,1008.8238327526132,
2024-05-13,,,17.185814116002796,174.08455625436758,16.11446540880503,,0.6,,1.0,,9.0,156.0321004884857,17.18262386601535,1013.6530355896721,
2024-05-14,,,15.427412587412588,192.55664335664335,16.232377622377623,,0.5,,0.8,,8.0,214.03351955307264,17.491969273743017,1015.5428072625699,
2024-05-15,,,13.445339873861247,164.36159775753327,16.3132538569425,,0.9,,1.5,,11.7,226.52517482517482,17.662237762237762,1010.3079020979021,
2024-05-16,,,9.010335195530725,136.19692737430168,15.667480809490579,,1.4,,2.3,,13.1,255.3247386759582,16.14787456445993,1007.8655052264809,
2024-05-17,,,10.024736472241743,122.39704848910752,15.708362614195362,,1.2,,1.8,,9.5,239.39200561009818,17.96297335203366,1014.927840112202,
2024-05-18,,,9.618270571827058,150.11645746164575,15.852370990237098,,0.5,,1.0,,8.5,229.32426778242677,18.34602510460251,1016.8480474198049,
2024-05-19,,,24.865546218487395,177.89565826330534,16.150175192711984,,0.4,,0.6,,5.3,164.87211740041928,18.91809923130678,1014.4993710691824,
2024-05-20,,,22.33927323549965,163.88679245283018,16.71673669467787,,0.6,,1.0,,8.8,138.80167597765364,18.592178770949722,1014.6040502793296,
2024-05-21,,,17.550994318181818,188.60795454545453,17.24900568181818,,0.8,,1.3,,12.4,46.55460992907801,16.992269503546098,1019.7292405961675,
2024-05-22,,,18.992983699503895,180.93338058114813,17.377533664068036,,0.7,,1.0,,5.8,126.97027600849258,17.344585987261148,1016.6215145081387,
2024-05-23,,,17.33867325335215,171.16654904728298,17.38136908962597,,0.6,,1.0,,8.2,209.5815102328864,19.292660550458717,1009.8024700070572,
2024-05-24,,,21.165918653576437,198.80504908835906,17.528260869565216,,0.9,,1.5,,11.9,83.28050490883591,18.707293127629733,1012.3426367461432,
2024-05-25,,,19.60897615708275,200.22650771388498,17.94319775596073,,0.8,,1.3,,9.3,48.16129032258065,17.90210378681627,1017.2371669004207,
2024-05-26,,,29.7,86.0,18.0,,0.5,,0.7,,3.0,64.0,17.0,1016.1,
2024-05-27,,,21.090845070422535,215.93239436619717,17.64605633802817,,2.0,,3.2,,10.8,239.17522871217452,21.12146375791696,1001.9631245601689,
2024-05-28,,,20.362561924982305,207.40127388535032,17.29350282485876,,1.0,,1.6,,12.2,115.30112834978843,19.321086036671367,1004.6428772919605,
2024-05-29,,,16.694804270462633,190.75729537366547,17.894519572953737,,0.9,,1.6,,7.6,220.09110320284697,18.034661921708185,1012.8859074733095,
2024-05-30,,,28.54094766619519,200.2072135785007,17.532531824611034,,0.4,,0.6,,3.6,188.18997175141243,18.84018361581921,1011.6454096045197,
2024-05-31,,,17.058695652173913,189.94740532959327,17.629453015427767,,0.5,,0.9,,8.1,218.18054583624914,19.07858642407278,1009.1812324929972,
2024-06-01,,,26.71115214180207,159.5709010339734,17.834045689019895,,0.4,,0.7,,6.5,132.78251285819252,19.88067597354886,1009.4873622336518,
2024-06-02,,,28.809456598447426,164.69795342272405,18.18244005641749,,0.4,,0.8,,5.1,84.06060606060606,18.647921071176885,1010.4489781536294,
2024-06-03,,,20.33797202797203,176.3881118881119,18.284545454545455,,0.7,,1.1,,9.5,81.38337988826815,18.3695530726257,1011.7658519553072,
2024-06-04,,,23.04102564102564,195.95156695156695,18.50121255349501,,0.7,,1.2,,10.5,119.75301632363379,18.49361249112846,1016.1258339247694,
2024-06-05,,,45.23410404624278,179.5987031700288,19.228429282160626,,0.7,,1.2,,7.3,119.53895184135978,18.711543909348443,1019.1698300283286,
2024-06-06,,,24.29627421758569,173.46612062546538,19.21645390070922,,0.7,,1.1,,5.9,115.92405063291139,19.596835443037975,1017.5819268635724,
2024-06-07,,,22.686418015482054,171.92962702322308,18.6128078817734,,0.4,,0.7,,4.0,184.2283907238229,20.323120168657766,1014.5198172874209,
2024-06-08,,,20.00188679245283,194.72133526850507,18.115820029027574,,0.7,,1.1,,6.5,190.45428156748912,19.61378809869376,1011.0736574746009,
2024-06-09,,,20.500140154169586,201.35459004905397,18.1022695035461,,1.2,,1.8,,4.8,97.06717984604619,19.444646606018196,1008.0572727272727,
2024-06-10,,,16.227221833449967,200.05878236529043,17.56634009797061,,0.7,,1.2,,8.2,218.5027972027972,19.86125874125874,1007.9291608391608,
2024-06-11,,,17.31843416370107,198.34875444839858,17.301921708185056,,0.7,,0.9,,9.8,209.65198863636363,19.936292613636365,1007.17890625,
2024-06-12,,,19.553576537911304,187.57725321888412,17.075679542203147,,0.4,,0.7,,8.2,219.59272467902997,20.330171184022827,1005.1113409415121,
2024-06-13,,,21.889521800281294,162.82489451476792,17.678270042194093,,0.5,,0.7,,3.5,159.24613220815752,21.693881856540084,1004.4282501756851,
2024-06-14,,,17.54345364472753,166.22292993630575,18.516772823779192,,0.4,,0.6,,4.2,194.27805222300634,22.207339449541283,1006.0319689484827,
2024-06-15,,,13.873134328358208,157.8315565031983,19.06953125,,0.4,,0.6,,7.8,157.31444759206798,22.64440509915014,1003.3237252124646,
2024-06-16,,,10.099787234042553,197.39361702127658,19.542277580071175,,0.5,,0.8,,8.9,209.02187720536344,22.66654904728299,1005.2187720536344,
2024-06-17,,,10.13085553997195,141.93478260869566,19.718653576437585,,0.6,,0.9,,8.5,209.34011220196354,22.151683029453014,1007.8084151472651,
2024-06-18,,,18.20350631136045,219.31837307152875,19.335834502103786,,0.4,,0.7,,5.1,211.77645409950946,22.54414856341976,1005.8195652173913,
2024-06-19,,,17.456579873328643,205.07670654468683,19.07283603096411,,0.6,,1.0,,8.2,205.28289936664322,22.706403940886698,1008.5980295566503,
2024-06-20,,,22.841209563994376,171.98804500703235,19.097398030942333,,1.5,,2.7,,5.4,144.32559774964838,21.434106891701827,1006.3853127196065,
2024-06-21,,,25.724173027989824,228.78625954198472,19.206106870229007,,1.5,,2.1,,6.1,115.93638676844783,21.522137404580153,1002.8692111959286,
2024-06-22,,,,,,,,,,,,,,,
2024-06-23,,,,,,,,,,,,,,,
2024-06-24,,,,,,,,,,,,,,,
2024-06-25,,,,,,,,,,,,,,,
2024-06-26,,,,,,,,,,,,,,,
2024-06-27,,,19.78943661971831,179.15845070422534,16.521478873239438,,0.4,,0.6,,3.9,143.7438596491228,19.837894736842106,1012.877543859649,
2024-06-28,,,20.560627177700347,175.73170731707316,17.255052264808363,,0.4,,0.7,,4.2,193.5156794425087,20.843205574912893,1008.2240418118466,
2024-06-29,,,21.383333333333333,145.68055555555554,17.672916666666666,,2.2,,3.2,,12.4,215.02430555555554,21.128819444444446,1007.2663194444444,
2024-06-30,,,19.30278745644599,88.20905923344948,16.76933797909408,,2.1,,3.4,,14.2,224.72222222222223,21.77777777777778,1000.938888888889,
2024-07-01,,,12.226736111111112,145.94444444444446,15.672916666666667,,1.3,,2.2,,7.3,212.67708333333334,20.16736111111111,1003.7565972222224,
2024-07-02,,,18.925174825174828,196.5174825174825,16.083566433566432,,1.0,,1.4,,8.1,157.29965156794424,20.710452961672473,1007.751219512195,
2024-07-03,,,16.81498257839721,147.89198606271776,15.055052264808364,,1.4,,2.1,,11.5,211.27526132404182,21.444599303135888,1009.908362369338,
2024-07-04,,,18.189895470383274,192.70731707317074,14.632055749128918,,0.9,,1.5,,9.2,202.47038327526133,20.387108013937283,1008.9878048780488,
2024-07-05,,,15.885314685314684,174.72727272727272,14.723426573426572,,1.0,,1.7,,8.3,214.3205574912892,20.33101045296167,1005.5801393728223,
2024-07-06,,,20.255052264808363,165.72473867595818,14.740418118466899,,0.9,,1.7,,9.9,218.15972222222223,20.719444444444445,1007.1690972222223,
2024-07-07,,,15.896527777777777,133.97222222222223,14.718055555555557,,1.0,,1.6,,9.6,222.56597222222223,21.112499999999997,1006.6114583333333,
2024-07-08,,,18.68982456140351,185.10877192982457,14.823157894736843,,1.2,,1.9,,9.3,226.43859649122808,20.764912280701754,1005.5835087719298,
2024-07-09,,,16.60487804878049,182.9616724738676,14.893379790940765,,1.3,,1.9,,8.5,228.06968641114983,21.10801393728223,1006.0285714285715,
2024-07-10,,,16.665853658536587,129.44599303135888,14.793031358885019,,2.0,,2.9,,13.0,181.7665505226481,20.4205574912892,1001.8724738675959,
2024-07-11,,,17.98159722222222,182.0,15.160416666666666,,1.0,,1.7,,4.5,189.28819444444446,19.76076388888889,1002.6041666666666,
2024-07-12,,,17.26829268292683,181.74564459930315,16.010452961672474,,0.5,,0.8,,5.1,204.97569444444446,21.197916666666668,1002.6697916666667,
2024-07-13,,,14.210763888888888,180.39583333333334,17.232291666666665,,0.6,,0.9,,5.2,87.67708333333333,21.578819444444445,1006.9065972222221,
2024-07-14,,,14.39651567944251,218.5226480836237,18.82752613240418,,0.8,,1.3,,6.4,141.01045296167248,22.566202090592334,1010.5024390243902,
2024-07-15,,,18.864111498257838,248.82926829268294,20.965156794425088,,0.7,,1.1,,6.3,44.86759581881533,23.226829268292683,1012.6170731707316,
2024-07-16,,,19.004166666666666,171.60069444444446,20.90173611111111,,0.8,,1.1,,6.4,148.73611111111111,23.034374999999997,1012.735763888889,
2024-07-17,,,24.202430555555555,207.32638888888889,19.580208333333335,,0.6,,1.0,,8.7,224.86111111111111,23.396527777777777,1011.4038194444444,
2024-07-18,,,21.94561403508772,176.30877192982456,18.732280701754384,,1.3,,2.0,,10.7,220.26923076923077,23.265384615384615,1006.9426573426573,
2024-07-19,,,24.894791666666666,194.01041666666666,18.54513888888889,,0.9,,1.4,,8.4,224.20486111111111,22.942708333333332,1006.5135416666667,
2024-07-20,,,29.00175438596491,167.8280701754386,18.46842105263158,,0.8,,1.2,,10.4,214.6853146853147,23.535664335664336,1009.1891608391608,
2024-07-21,,,22.034265734265734,171.8986013986014,17.51853146853147,,0.8,,1.2,,9.5,212.31358885017423,23.48885017421603,1009.0,
2024-07-22,,,26.148958333333333,163.86805555555554,17.059375000000003,,0.6,,0.9,,9.6,215.04861111111111,23.197916666666668,1008.985763888889,
2024-07-23,,,27.121180555555554,166.45138888888889,16.84652777777778,,0.6,,0.9,,9.1,220.48611111111111,23.257986111111112,1006.6725694444444,
2024-07-24,,,25.816433566433567,170.2097902097902,16.552797202797205,,0.6,,1.0,,12.6,231.66550522648083,22.51114982578397,1006.5961672473867,
2024-07-25,,,25.334767025089604,163.82437275985663,16.30179211469534,,1.2,,1.6,,4.6,208.81428571428572,25.11,1007.8232142857142,
2024-07-26,,,24.303125,169.98611111111111,17.447569444444444,,2.3,,3.2,,5.5,194.86805555555554,25.615625,1012.3052083333334,
2024-07-27,,,39.1,30.0,20.0,,0.9,,1.3,,1.9,326.0,25.9,1015.7,
2024-07-28,,,17.257839721254356,138.205574912892,18.258885017421605,,1.1,,1.7,,6.8,221.85365853658536,24.10905923344948,1014.974912891986,
2024-07-29,,,19.343055555555555,193.32638888888889,19.015972222222224,,0.8,,1.2,,9.0,214.68402777777777,24.68472222222222,1009.735763888889,
2024-07-30,,,14.742361111111112,182.63194444444446,18.321180555555557,,0.7,,1.1,,8.8,212.58333333333334,25.338541666666668,1006.9111111111112,
2024-07-31,,,17.1191637630662,193.198606271777,17.380139372822303,,0.6,,0.9,,7.3,192.71080139372822,24.50243902439024,1006.7003484320558,
2024-08-01,,,18.68006993006993,185.85314685314685,18.38986013986014,,0.5,,0.7,,7.0,218.5874125874126,24.401748251748252,1005.6031468531469,
2024-08-02,,,19.77777777777778,196.39236111111111,18.993402777777778,,0.5,,0.8,,7.4,219.29166666666666,25.15173611111111,1004.9444444444445,
2024-08-03,,,21.489895470383278,190.25783972125436,18.932752613240417,,0.5,,0.8,,5.2,175.93031358885017,26.306271777003484,1006.8703832752612,
2024-08-04,,,23.275,175.40625,20.380208333333332,,0.4,,0.7,,7.5,72.29166666666667,26.65902777777778,1008.3239583333333,
2024-08-05,,,24.60766550522648,194.02090592334494,25.74390243902439,,0.5,,0.9,,6.4,54.0,28.320833333333333,1008.4979166666667,
2024-08-06,,,26.000696864111497,219.4808362369338,26.503135888501742,,0.5,,0.8,,4.0,68.78745644599303,28.347735191637632,1007.8937282229965,
2024-08-07,,,22.537543859649123,191.5438596491228,26.199649122807017,,0.4,,0.8,,2.9,200.44599303135888,28.73449477351916,1006.4655052264808,
2024-08-08,,,22.761805555555554,184.23263888888889,25.052777777777777,,0.3,,0.5,,6.4,188.77430555555554,28.049305555555556,1004.4072916666667,
2024-08-09,,,23.55625,199.60416666666666,24.815624999999997,,0.3,,0.6,,5.5,101.60416666666667,27.962847222222223,1004.2881944444445,
2024-08-10,,,19.995804195804197,148.63286713286712,26.932167832167835,,0.5,,0.9,,8.0,92.18466898954703,28.554703832752615,1004.2923344947736,
2024-08-11,,,19.245833333333334,188.74305555555554,27.546527777777776,,0.9,,1.4,,6.6,56.46527777777778,28.45659722222222,1003.9652777777778,
2024-08-12,,,12.233797909407665,180.63066202090593,27.814285714285713,,0.9,,1.5,,8.7,95.20557491289199,28.293728222996517,1005.1533101045296,
2024-08-13,,,19.137500000000003,218.625,29.375,,0.8,,1.3,,9.8,86.00347222222223,28.40173611111111,1007.9864583333333,
2024-08-14,,,13.91958041958042,172.43356643356643,29.697552447552447,,0.8,,1.1,,9.7,63.57692307692308,28.58986013986014,1008.2713286713285,
2024-08-15,,,19.27027972027972,160.17832167832168,30.16958041958042,,0.7,,1.2,,8.7,47.8815331010453,28.520557491289196,1008.0233449477353,
2024-08-16,,,14.311111111111112,145.8125,30.31319444444445,,0.9,,1.3,,9.0,85.10416666666667,28.75763888888889,1008.7118055555555,
2024-08-17,,,19.6397212543554,173.25087108013938,30.313937282229965,,0.8,,1.3,,7.8,81.11846689895471,28.764111498257837,1010.6055749128919,
2024-08-18,,,24.77777777777778,207.10069444444446,30.16770833333333,,0.7,,1.2,,7.8,77.23958333333333,28.60138888888889,1010.3520833333334,
2024-08-19,,,26.790277777777778,185.54166666666666,29.812847222222224,,1.1,,1.6,,7.4,90.00694444444444,29.174652777777776,1009.1197916666666,
2024-08-20,,,30.42020905923345,190.62020905923345,27.87979094076655,,1.7,,2.5,,10.1,188.82926829268294,28.658536585365855,1010.6174216027875,
2024-08-21,,,27.891289198606273,194.2822299651568,23.520557491289196,,2.5,,3.5,,12.4,217.3170731707317,26.78919860627178,1010.801393728223,
2024-08-22,,,28.265625,157.52083333333334,21.447569444444444,,1.2,,1.8,,10.0,231.46527777777777,26.463541666666668,1007.8684027777776,
2024-08-23,,,29.03194444444445,173.28125,19.39409722222222,,1.2,,1.8,,7.1,219.45833333333334,25.027430555555554,1008.5371527777778,
2024-08-24,,,23.996875000000003,191.0,18.435069444444444,,0.5,,0.8,,6.6,221.57291666666666,25.131944444444443,1010.1180555555555,
2024-08-25,,,19.323344947735194,160.79790940766551,18.01567944250871,,0.3,,0.5,,5.9,116.64459930313589,24.35609756097561,1009.2491289198606,
2024-08-26,,,15.810104529616725,179.56794425087108,19.025435540069687,,0.3,,0.6,,6.1,119.2369337979094,26.101393728222998,1007.283275261324,
2024-08-27,,,19.0,28.0,19.5,,0.2,,0.3,,2.7,359.0,27.9,1005.9,
2024-08-28,,,13.654895104895106,146.24825174825176,27.98846153846154,,1.3,,2.1,,9.6,35.20557491289198,26.901393728222995,1007.1299651567944,
2024-08-29,,,13.036458333333334,136.76041666666666,27.725694444444443,,2.4,,3.3,,12.0,38.11805555555556,28.29236111111111,1002.6996527777778,
2024-08-30,,,19.146341463414632,128.62020905923345,26.458536585365856,,2.8,,3.8,,8.7,173.39236111111111,28.600347222222222,1001.8857638888888,
2024-08-31,,,20.681533101045297,129.9163763066202,27.413588850174214,,0.9,,1.6,,9.0,148.00347222222223,27.2125,1006.3576388888889,
2024-09-01,,,19.422916666666666,133.41666666666666,27.888541666666665,,0.7,,1.1,,5.2,197.35763888888889,27.153125000000003,1007.9288194444445,
2024-09-02,,,20.89125874125874,182.6083916083916,27.69055944055944,,0.4,,0.7,,7.3,159.69791666666666,27.507291666666667,1009.0118055555556,
2024-09-03,,,21.515972222222224,197.20486111111111,27.523263888888888,,0.8,,1.4,,9.9,44.704861111111114,25.689930555555556,1012.1354166666666,
2024-09-04,,,12.40451388888889,167.20833333333334,27.5625,,0.9,,1.4,,8.3,92.20486111111111,26.177083333333332,1010.5527777777778,
2024-09-05,,,21.940418118466898,175.98954703832752,27.901742160278747,,0.5,,0.9,,7.4,220.91319444444446,26.558333333333334,1008.3413194444444,
2024-09-06,,,26.55573770491803,213.79781420765028,27.103825136612024,,0.5,,0.7,,7.2,135.98360655737704,27.48087431693989,1010.2322404371585,
2024-09-07,,,29.427586206896553,219.57241379310344,27.90547945205479,,0.5,,0.8,,2.9,176.16551724137932,27.45655172413793,1013.6979310344828,
2024-09-08,,,23.23135888501742,212.87108013937282,28.14494773519164,,0.5,,0.7,,6.5,85.41811846689896,27.49233449477352,1013.7871080139373,
2024-09-09,,,24.48923611111111,218.53125,28.66215277777778,,0.7,,1.2,,9.2,40.298611111111114,27.845138888888886,1013.5322916666667,
2024-09-10,,,10.947038327526133,207.75261324041813,29.032752613240415,,0.8,,1.3,,7.8,54.40766550522648,28.317073170731707,1013.7459930313588,
2024-09-11,,,14.125783972125435,170.81184668989548,29.213937282229963,,0.4,,0.7,,4.6,102.39024390243902,28.463414634146343,1016.2275261324041,
2024-09-12,,,16.207291666666666,206.00347222222223,28.78888888888889,,0.6,,1.0,,7.1,57.38194444444444,28.169444444444444,1015.4958333333333,
2024-09-13,,,22.08432055749129,117.41811846689896,29.12752613240418,,0.5,,0.8,,3.8,113.87456445993031,28.550522648083625,1010.2442508710801,
2024-09-14,,,20.69826388888889,169.34375,29.140625,,0.6,,1.0,,7.0,114.87152777777777,28.79861111111111,1006.6972222222222,
2024-09-15,,,22.08263888888889,181.08680555555554,29.09027777777778,,1.1,,1.7,,8.9,30.44097222222222,28.022569444444443,1009.4020833333333,
2024-09-16,,,17.320486111111112,178.31597222222223,28.943749999999998,,1.1,,1.8,,9.0,28.75,27.322222222222223,1015.1378472222223,
2024-09-17,,,19.308333333333334,138.10069444444446,29.008333333333333,,0.8,,1.3,,5.0,89.03125,28.466666666666665,1015.0913194444444,
2024-09-18,,,20.380555555555556,171.29513888888889,29.24201388888889,,0.5,,0.8,,4.3,71.90277777777777,29.06666666666667,1014.4472222222222,
2024-09-19,,,22.58466898954704,185.37979094076655,29.192334494773522,,0.6,,1.0,,5.8,127.25694444444444,28.923263888888886,1014.7114583333334,
2024-09-20,,,21.43923611111111,180.54861111111111,28.44965277777778,,1.3,,2.1,,11.0,223.6875,28.244444444444444,1012.1256944444444,
2024-09-21,,,22.313194444444445,211.24305555555554,26.312152777777776,,1.8,,3.1,,12.7,133.53472222222223,23.580208333333335,1006.4024305555556,
2024-09-22,,,16.370833333333334,173.28472222222223,27.443055555555556,,2.3,,3.3,,7.4,67.38541666666667,22.922916666666666,1010.2309027777778,
2024-09-23,,,13.70173611111111,123.77083333333333,27.30902777777778,,1.7,,2.5,,11.2,67.66319444444444,21.99722222222222,1017.1447916666667,
2024-09-24,,,13.93923611111111,138.10416666666666,27.250347222222224,,1.4,,2.1,,9.6,61.052083333333336,23.063541666666666,1015.7628472222223,
2024-09-25,,,14.880487804878047,165.27177700348432,27.187456445993032,,0.9,,1.7,,7.8,50.54703832752613,25.063066202090592,1014.2560975609756,
2024-09-26,,,16.874305555555555,163.31597222222223,27.282638888888886,,0.6,,0.9,,5.3,139.60763888888889,25.568402777777777,1013.0305555555556,
2024-09-27,,,7.5,79.0,27.4,,0.3,,0.6,,2.5,351.0,24.9,1012.3,
2024-09-28,,,10.962847222222223,157.8125,27.148611111111112,,1.8,,2.8,,9.8,47.864583333333336,24.652430555555554,1016.7239583333334,
2024-09-29,,,10.839721254355402,162.0766550522648,26.89721254355401,,1.8,,2.7,,11.2,46.53125,24.164583333333333,1019.3642361111112,
2024-09-30,,,13.156944444444443,124.30555555555556,26.738541666666666,,1.1,,1.7,,6.3,100.25,24.055902777777778,1015.7885416666666,
2024-10-01,,,10.691666666666666,149.98611111111111,26.757986111111112,,0.7,,1.0,,10.3,267.8263888888889,24.568055555555556,1010.2583333333334,
2024-10-02,,,14.220557491289199,181.21254355400697,26.079166666666666,,0.9,,1.1,,11.4,152.03125,20.410452961672476,1015.2510416666667,
2024-10-03,,,10.315625,167.99652777777777,25.51076388888889,,2.3,,3.0,,8.3,81.03819444444444,19.289583333333333,1018.4916666666666,
2024-10-04,,,10.162717770034842,169.4808362369338,25.35609756097561,,1.7,,2.3,,9.4,133.5625,20.36875,1022.6961805555555,
2024-10-05,,,9.887152777777779,165.56944444444446,25.283680555555556,,1.2,,2.0,,8.8,58.58680555555556,21.843055555555555,1021.9520833333333,
2024-10-06,,,12.871527777777779,147.71875,25.27951388888889,,0.9,,1.5,,5.7,151.90972222222223,21.40451388888889,1019.1430555555556,
2024-10-07,,,13.414634146341463,138.50871080139373,25.276655052264807,,0.6,,0.8,,5.6,266.40277777777777,19.071875,1016.2663194444444,
2024-10-08,,,13.671080139372823,183.18815331010452,25.154006968641113,,0.8,,1.3,,9.2,151.4390243902439,20.542160278745644,1015.25818815331,
2024-10-09,,,10.848601398601398,168.8986013986014,24.766783216783217,,1.4,,1.8,,9.3,41.645833333333336,20.47951388888889,1015.8798611111112,
2024-10-10,,,7.778472222222222,154.86805555555554,24.812847222222224,,1.0,,1.6,,6.3,129.27430555555554,21.005208333333332,1014.6190972222222,
2024-10-11,,,13.528819444444444,165.01388888888889,24.749305555555555,,0.6,,0.9,,3.7,207.36111111111111,21.085069444444443,1017.6385416666667,
2024-10-12,,,18.477777777777778,213.94097222222223,24.538194444444443,,0.4,,0.7,,4.9,188.60069444444446,21.171875,1022.1878472222221,
2024-10-13,,,11.8,187.45486111111111,24.449305555555554,,1.2,,2.3,,10.2,115.28819444444444,22.17534722222222,1022.9513888888889,
2024-10-14,,,15.548780487804878,208.7212543554007,24.399303135888502,,1.2,,1.9,,8.6,120.35540069686411,22.76306620209059,1019.4163763066202,
2024-10-15,,,19.986315789473686,186.3578947368421,24.42982456140351,,1.6,,2.5,,8.6,206.14335664335664,22.726573426573427,1017.0178321678321,
2024-10-16,,,22.772222222222222,191.80555555555554,24.221874999999997,,0.8,,1.3,,8.4,128.52083333333334,22.77048611111111,1021.0597222222223,
2024-10-17,,,20.680836236933796,201.8815331010453,23.902090592334492,,1.1,,1.6,,7.7,32.99305555555556,22.237499999999997,1021.9555555555556,
2024-10-18,,,23.79616724738676,193.82926829268294,23.774216027874562,,1.7,,2.8,,12.4,96.56597222222223,23.465625000000003,1015.4562500000001,
2024-10-19,,,19.512500000000003,218.78125,23.444791666666667,,2.1,,3.2,,12.4,114.76388888888889,20.67361111111111,1015.9850694444444,
2024-10-20,,,14.501045296167248,162.77700348432055,22.810104529616726,,2.3,,3.4,,12.6,43.99651567944251,17.048432055749128,1028.7533101045296,
2024-10-21,,,16.211929824561402,120.69122807017544,22.712280701754388,,1.9,,2.7,,11.8,40.53146853146853,20.433566433566433,1023.4534965034966,
2024-10-22,,,14.354006968641116,149.57142857142858,23.039024390243902,,2.0,,2.9,,11.3,142.77351916376307,21.146689895470384,1015.0229965156793,
2024-10-23,,,14.055902777777778,128.57638888888889,23.362499999999997,,1.1,,1.7,,9.5,268.0833333333333,19.94236111111111,1013.688888888889,
2024-10-24,,,13.832638888888889,145.86111111111111,23.00451388888889,,0.5,,0.8,,6.2,192.11458333333334,17.578472222222224,1019.9791666666666,
2024-10-25,,,10.969097222222222,170.06944444444446,22.54409722222222,,1.2,,1.8,,9.7,30.756944444444443,19.989583333333332,1023.9177083333333,
2024-10-26,,,10.00138888888889,137.46180555555554,22.44201388888889,,1.5,,2.4,,10.0,45.77430555555556,20.51215277777778,1020.920486111111,
2024-10-27,,,5.160278745644599,180.26480836236934,22.373519163763067,,0.8,,1.1,,5.6,284.9513888888889,18.783680555555556,1014.3795138888888,
2024-10-28,,,12.4,69.0,22.5,,0.3,,0.5,,2.3,284.0,17.3,1012.4,
2024-10-29,,,12.127777777777778,166.44097222222223,22.177430555555556,,1.2,,2.0,,8.2,65.63541666666667,18.515972222222224,1017.8444444444444,
2024-10-30,,,11.071180555555555,139.28819444444446,22.12326388888889,,0.8,,1.3,,8.6,160.59375,18.596180555555556,1021.2295138888888,
2024-10-31,,,12.183163265306122,174.33673469387756,21.903571428571425,,1.0,,1.7,,7.1,31.336734693877553,19.70204081632653,1022.8760204081633,
2024-11-01,,,12.29030612244898,144.18367346938774,21.687309644670048,,1.1,,1.4,,9.7,123.09693877551021,16.568877551020407,1018.6241025641026,
2024-11-02,,,11.465384615384615,175.13986013986013,21.494055944055944,,1.8,,2.9,,10.0,37.254355400696866,19.305574912891984,1015.0118466898956,
2024-11-03,,,10.898251748251749,162.73076923076923,21.413986013986012,,1.6,,2.5,,7.6,164.63986013986013,18.912937062937065,1022.3150349650349,
2024-11-04,,,12.408680555555556,174.58333333333334,21.498611111111114,,0.7,,1.0,,6.6,275.96527777777777,18.813541666666666,1019.5336805555556,
2024-11-05,,,12.675609756097561,140.4390243902439,21.583623693379792,,0.9,,1.2,,7.4,294.02777777777777,16.963541666666668,1018.345138888889,
2024-11-06,,,14.455555555555556,167.53472222222223,21.271875,,1.1,,1.9,,10.9,282.81597222222223,13.742708333333333,1023.0315972222221,
2024-11-07,,,11.843205574912892,145.8815331010453,20.908710801393728,,1.1,,1.7,,6.3,157.04181184668988,15.87526132404181,1028.2031358885017,
2024-11-08,,,10.746570397111913,155.33574007220216,21.277617328519856,,1.2,,1.8,,6.1,95.42086330935251,17.57841726618705,1027.836330935252,
2024-11-09,,,8.287500000000001,178.03125,21.09861111111111,,0.9,,1.3,,7.7,99.0,18.053125,1025.6704861111111,
2024-11-10,,,11.038194444444445,138.38194444444446,21.24722222222222,,1.0,,1.7,,5.2,140.35416666666666,18.461458333333333,1021.7545138888888,
2024-11-11,,,8.84513888888889,175.65277777777777,21.358680555555555,,0.7,,1.2,,8.2,187.38541666666666,17.976736111111112,1019.3642361111112,
2024-11-12,,,10.708391608391608,162.67132867132867,21.252447552447553,,0.5,,0.9,,6.0,249.22916666666666,18.355208333333334,1017.904861111111,
2024-11-13,,,13.427177700348432,168.87108013937282,21.01254355400697,,1.1,,1.8,,9.2,36.513888888888886,18.429861111111112,1022.142013888889,
2024-11-14,,,16.859233449477355,163.04181184668988,20.686411149825783,,1.1,,1.8,,7.3,67.2439024390244,18.2006968641115,1020.932055749129,
2024-11-15,,,19.578397212543553,174.37282229965157,20.401742160278747,,0.8,,1.3,,6.3,130.42508710801394,18.274216027874562,1018.7672473867597,
2024-11-16,,,22.458333333333332,161.04513888888889,20.086458333333336,,1.0,,1.4,,5.9,96.38194444444444,19.525347222222223,1016.4100694444444,
2024-11-17,,,23.235191637630663,159.2404181184669,20.20940766550523,,0.5,,1.0,,9.4,291.16319444444446,17.247569444444444,1017.5260416666666,
2024-11-18,,,18.596491228070175,150.32631578947368,19.878245614035087,,1.3,,1.8,,9.4,171.63636363636363,10.3506993006993,1027.573076923077,
2024-11-19,,,14.298233215547704,160.5547703180212,19.63851590106007,,1.2,,1.9,,7.1,126.81338028169014,11.601056338028169,1029.1552816901408,
2024-11-20,,,16.044,188.1381818181818,19.361818181818183,,0.7,,1.0,,5.9,254.20363636363638,12.802181818181818,1022.8403636363636,
2024-11-21,,,11.809926470588236,159.05494505494505,19.06959706959707,,0.3,,0.5,,6.7,281.2161172161172,13.763003663003664,1019.8824175824177,
2024-11-22,,,13.420532319391635,121.9657794676806,18.897338403041825,,0.4,,0.6,,8.8,242.5171102661597,12.884030418250951,1020.7536121673004,
2024-11-23,,,7.7268199233716475,146.59541984732823,19.090076335877864,,0.9,,1.6,,10.1,54.79467680608365,11.517870722433459,1025.9015209125475,
2024-11-24,,,8.087847222222223,144.73263888888889,19.29965277777778,,1.0,,1.6,,6.1,138.33680555555554,12.599305555555555,1028.7836805555555,
2024-11-25,,,5.592708333333333,182.67361111111111,19.118402777777778,,0.9,,1.7,,8.0,136.40277777777777,14.512847222222222,1026.4114583333333,
2024-11-26,,,9.572569444444445,148.24652777777777,18.990625,,3.0,,4.2,,15.6,233.03125,13.802777777777777,1012.4437499999999,
2024-11-27,,,13.009338521400778,140.1284046692607,18.74785992217899,,1.6,,2.2,,13.0,256.6459143968872,8.588326848249027,1012.6735408560312,
2024-11-28,,,,,,,,,,,,,,,
2024-11-29,,,17.360627177700348,137.13240418118468,17.50731707317073,,0.9,,1.5,,9.8,271.62152777777777,7.965972222222222,1011.8031249999999,
2024-11-30,,,16.032638888888886,142.0,17.160069444444446,,0.6,,1.0,,8.3,268.15277777777777,9.994444444444445,1014.9593749999999,
2024-12-01,,,15.903125000000001,139.55902777777777,17.09201388888889,,0.4,,0.8,,6.4,272.8333333333333,12.192013888888889,1016.7638888888889,
2024-12-02,,,16.600347222222222,150.19791666666666,16.921875,,1.0,,1.5,,7.4,261.7395833333333,14.860069444444443,1016.0659722222222,
2024-12-03,,,15.92,150.98245614035088,16.524561403508773,,0.8,,1.3,,9.2,283.719298245614,11.28280701754386,1019.4136842105264,
2024-12-04,,,16.927622377622377,180.47552447552448,16.08531468531469,,0.4,,0.6,,7.4,257.03125,8.345833333333333,1020.5,
2024-12-05,,,16.376041666666666,169.28125,15.786458333333334,,0.5,,0.7,,8.8,272.90625,8.913194444444445,1016.8857638888888,
2024-12-06,,,16.414982578397215,171.04181184668988,15.72508710801394,,0.7,,1.1,,7.4,271.41319444444446,9.325,1018.6486111111111,
2024-12-07,,,13.270731707317072,150.6445993031359,15.480487804878047,,0.4,,0.7,,7.0,283.25435540069685,6.6275261324041805,1022.4912891986063,
2024-12-08,,,11.426041666666666,200.0625,15.815624999999999,,0.5,,0.8,,8.7,271.53472222222223,5.700347222222223,1022.9496527777778,
2024-12-09,,,12.082291666666666,175.83333333333334,16.227430555555557,,0.6,,0.9,,7.2,295.74652777777777,6.230555555555556,1023.2729166666666,
2024-12-10,,,11.711805555555555,158.30208333333334,17.030902777777776,,0.4,,0.7,,7.1,266.14930555555554,8.037152777777777,1021.6475694444445,
2024-12-11,,,11.303472222222222,159.86111111111111,16.562152777777776,,0.5,,0.8,,6.5,255.91319444444446,8.89201388888889,1020.0385416666666,
2024-12-12,,,12.133216783216783,151.0734265734266,16.16118881118881,,1.2,,1.8,,7.6,299.74825174825173,8.417482517482517,1021.4034965034966,
2024-12-13,,,14.892013888888888,148.87847222222223,15.680208333333333,,0.5,,0.8,,10.9,291.2951388888889,6.867708333333334,1019.1454861111112,
2024-12-14,,,16.786713286713287,142.9055944055944,14.953146853146855,,0.6,,1.0,,11.5,273.64808362369337,4.803135888501743,1022.3644599303135,
2024-12-15,,,18.815624999999997,147.64236111111111,14.506944444444445,,0.6,,1.0,,9.9,262.61805555555554,6.396875,1020.3982638888889,
2024-12-16,,,19.933916083916085,146.62237762237763,14.30034965034965,,0.7,,0.9,,7.2,281.42857142857144,6.485365853658537,1021.3763066202091,
2024-12-17,,,16.37673611111111,154.09027777777777,14.245833333333334,,0.6,,0.9,,6.3,296.09027777777777,6.800000000000001,1023.3715277777778,
2024-12-18,,,16.54006968641115,156.67595818815332,14.009756097560976,,0.5,,0.9,,8.3,297.4479166666667,4.048611111111111,1022.8864583333333,
2024-12-19,,,14.353496503496505,169.6993006993007,14.037062937062936,,1.4,,2.0,,7.3,209.4808362369338,5.72020905923345,1026.6108013937283,
2024-12-20,,,14.754703832752615,155.0383275261324,14.260278745644598,,0.7,,1.0,,9.2,275.4703832752613,8.150522648083623,1022.2477351916375,
2024-12-21,,,12.083720930232557,142.4980694980695,14.14903474903475,,0.6,,0.9,,13.5,276.984555984556,6.422393822393823,1016.9212355212354,
2024-12-22,,,7.522881355932204,168.83898305084745,13.85593220338983,,0.6,,1.0,,13.0,285.3305084745763,1.1279661016949152,1020.1567796610169,
2024-12-23,,,11.578609625668449,187.15508021390374,14.302659574468086,,0.5,,0.9,,7.2,273.8716577540107,7.50909090909091,1024.3176470588235,
2024-12-24,,,6.503125000000001,173.22222222222223,14.360763888888888,,0.7,,0.9,,6.2,239.17361111111111,6.560763888888889,1026.1864583333333,
2024-12-25,,,9.715972222222222,110.96875,14.096527777777778,,0.7,,1.3,,7.5,277.3923611111111,7.859027777777778,1024.6583333333333,
2024-12-26,,,8.496875,141.93402777777777,13.774999999999999,,0.6,,1.0,,8.0,269.58680555555554,8.019791666666666,1021.5440972222223,
2024-12-27,,,10.56076388888889,131.35069444444446,13.593055555555557,,0.5,,1.0,,9.6,281.2291666666667,3.6045138888888886,1023.5513888888888,
2024-12-28,,,13.265505226480835,117.87108013937282,13.237630662020905,,0.8,,1.3,,8.9,274.06597222222223,2.8913194444444446,1021.8614583333333,
2024-12-29,,,3.2,20.0,13.5,,0.4,,0.6,,2.9,280.0,1.9,1023.7,
2024-12-30,,,19.427083333333332,116.62847222222223,13.427430555555555,,0.8,,1.4,,10.4,255.46527777777777,9.245138888888889,1020.4333333333333,
2024-12-31,,,17.196875,136.76736111111111,13.639583333333333,,0.9,,1.3,,8.9,285.97222222222223,8.28263888888889,1017.5305555555556,
2025-01-01,,,18.81527777777778,124.70486111111111,13.541319444444445,,0.4,,0.7,,8.2,289.50347222222223,6.636111111111111,1021.8371527777776,
2025-01-02,,,17.69233449477352,143.72473867595818,13.687108013937282,,0.5,,0.8,,7.6,264.08680555555554,7.837152777777778,1022.4260416666667,
2025-01-03,,,17.422916666666666,159.88888888888889,13.759374999999999,,0.4,,0.7,,9.7,304.3576388888889,4.388888888888889,1024.34375,
2025-01-04,,,16.437282229965156,150.801393728223,13.596864111498258,,0.4,,0.7,,8.2,296.68055555555554,4.460763888888889,1025.9888888888888,
2025-01-05,,,15.013194444444444,153.5,13.54548611111111,,0.4,,0.7,,6.9,280.53819444444446,6.964583333333334,1022.0944444444444,
2025-01-06,,,13.733333333333333,148.04861111111111,13.544791666666667,,0.5,,0.7,,9.8,296.14930555555554,7.4312499999999995,1014.8291666666667,
2025-01-07,,,13.798601398601399,138.65384615384616,13.197202797202797,,0.7,,1.1,,10.1,267.219512195122,2.8202090592334494,1017.4038327526133,
2025-01-08,,,12.483274021352313,119.62277580071175,13.127758007117437,,0.8,,1.2,,8.9,270.711743772242,4.2313167259786475,1019.161565836299,
2025-01-09,,,14.05191637630662,118.7979094076655,13.02404181184669,,0.6,,0.9,,10.0,286.0416666666667,2.0899305555555556,1022.2538194444444,
2025-01-10,,,17.302777777777777,111.81597222222223,12.846180555555556,,1.1,,1.4,,10.7,291.28819444444446,3.432986111111111,1028.648263888889,
2025-01-11,,,17.189198606271777,120.14285714285714,12.965505226480836,,1.6,,1.9,,6.8,286.6979166666667,1.5923611111111111,1027.548611111111,
2025-01-12,,,18.023958333333333,115.0625,12.758680555555555,,0.9,,1.4,,9.3,287.4861111111111,2.377083333333333,1022.2819444444444,
2025-01-13,,,16.8,129.01083032490973,12.790613718411553,,0.6,,1.0,,8.9,288.93140794223825,4.391335740072202,1025.014440433213,
2025-01-14,,,17.974564459930313,122.30313588850174,12.790243902439025,,0.7,,1.0,,7.7,271.6132404181185,7.70383275261324,1024.003135888502,
2025-01-15,,,17.750704225352113,143.3943661971831,12.828521126760563,,0.5,,0.8,,8.1,298.73333333333335,3.3628070175438594,1025.403157894737,
2025-01-16,,,17.518749999999997,146.5,12.585069444444445,,0.5,,0.7,,7.8,288.50347222222223,3.301736111111111,1024.1041666666667,
2025-01-17,,,16.643749999999997,142.02083333333334,12.67048611111111,,0.5,,0.8,,5.5,259.8888888888889,5.078819444444445,1025.5815972222222,
2025-01-18,,,14.162152777777777,150.10763888888889,12.712152777777778,,0.5,,0.8,,8.0,264.4513888888889,7.33923611111111,1023.2847222222222,
2025-01-19,,,13.62638888888889,146.10416666666666,12.620486111111111,,0.4,,0.6,,6.9,262.3854166666667,8.652777777777779,1016.9003472222222,
2025-01-20,,,12.052430555555555,152.02083333333334,12.535763888888889,,0.4,,0.7,,5.7,266.06597222222223,7.622916666666667,1015.4805555555556,
2025-01-21,,,9.344444444444443,161.125,12.494097222222223,,0.4,,0.6,,5.5,288.8923611111111,8.152430555555556,1020.2364583333333,
2025-01-22,,,8.801388888888889,138.81597222222223,12.512152777777779,,0.4,,0.6,,7.3,262.68055555555554,8.90625,1023.2607638888888,
2025-01-23,,,7.692361111111111,119.65972222222223,12.375347222222222,,0.4,,0.6,,4.9,229.26388888888889,9.422569444444443,1023.1774305555555,
2025-01-24,,,6.714583333333334,140.32291666666666,12.426388888888889,,0.6,,0.9,,7.5,103.34722222222223,9.516666666666667,1024.5194444444444,
2025-01-25,,,6.592682926829268,172.83623693379792,12.30801393728223,,1.9,,2.8,,9.4,46.944250871080136,7.19581881533101,1027.1341463414635,
2025-01-26,,,8.22027972027972,158.7762237762238,12.51013986013986,,1.4,,2.0,,11.0,126.58680555555556,6.792361111111111,1024.9256944444444,
2025-01-27,,,13.308680555555556,130.51041666666666,12.455208333333333,,1.1,,1.5,,9.2,265.09375,5.223611111111111,1015.0041666666667,
2025-01-28,,,17.571180555555557,109.21180555555556,12.139930555555557,,1.1,,1.9,,11.9,250.70833333333334,2.6881944444444446,1015.9690972222221,
2025-01-29,,,19.2,88.0,11.8,,0.8,,1.0,,10.0,263.0,2.2,1018.4,
2025-01-30,,,19.287762237762237,127.56643356643356,11.761538461538462,,0.9,,1.2,,8.2,262.7916666666667,3.298611111111111,1027.21875,
2025-01-31,,,20.08298611111111,141.72222222222223,12.120486111111111,,0.6,,0.9,,5.5,271.24305555555554,6.626736111111111,1026.6159722222224,
2025-02-01,,,18.123958333333334,150.76041666666666,12.539930555555555,,1.0,,1.8,,7.3,113.66319444444444,7.352777777777778,1019.9288194444445,
2025-02-02,,,18.038888888888888,137.25694444444446,12.652777777777779,,1.1,,1.7,,6.9,211.17361111111111,7.734375,1016.592361111111,
2025-02-03,,,17.58263888888889,142.06597222222223,12.671180555555555,,0.8,,1.0,,11.3,284.7048611111111,4.301041666666666,1015.1597222222222,
2025-02-04,,,14.578472222222224,150.27777777777777,12.251041666666667,,0.9,,1.3,,10.5,277.2083333333333,1.7135416666666667,1015.7364583333333,
2025-02-05,,,12.118749999999999,148.75,11.668055555555556,,1.0,,1.4,,12.9,284.2951388888889,2.037847222222222,1016.1666666666666,
2025-02-06,,,11.57177700348432,101.42508710801394,11.535191637630662,,1.4,,1.7,,10.0,272.2020905923345,2.2742160278745644,1020.8668989547037,
2025-02-07,,,13.340909090909092,115.34615384615384,11.654895104895106,,0.9,,1.5,,13.2,278.7326388888889,2.41875,1017.6725694444444,
2025-02-08,,,12.192013888888889,106.22569444444444,11.48125,,0.7,,1.0,,9.0,270.21527777777777,2.7118055555555554,1024.2260416666666,
2025-02-09,,,15.668641114982577,113.602787456446,11.647386759581883,,0.8,,1.0,,8.2,284.60069444444446,2.570138888888889,1024.7972222222222,
2025-02-10,,,16.414236111111112,120.26736111111111,11.937152777777778,,0.6,,1.1,,10.3,288.34375,2.4854166666666666,1025.204861111111,
2025-02-11,,,15.896853146853147,140.03496503496504,12.1,,0.5,,0.9,,7.0,243.89547038327527,4.362717770034843,1028.3606271777003,
2025-02-12,,,16.003124999999997,141.27430555555554,12.137152777777779,,1.1,,1.6,,8.8,273.1076388888889,6.126388888888889,1015.860763888889,
2025-02-13,,,17.704513888888886,139.27777777777777,11.825,,1.0,,1.5,,8.7,279.625,4.220138888888889,1021.6493055555555,
2025-02-14,,,17.872377622377623,136.32517482517483,11.618181818181817,,0.5,,0.8,,8.7,270.4320557491289,6.9400696864111495,1021.5442508710802,
2025-02-15,,,17.402430555555554,137.21527777777777,11.536111111111111,,0.4,,0.6,,7.8,273.53819444444446,7.732986111111111,1017.7673611111111,
2025-02-16,,,16.246180555555554,139.8125,11.519097222222221,,0.7,,1.0,,8.4,255.09722222222223,9.431597222222223,1014.7555555555555,
2025-02-17,,,15.272569444444445,152.53125,11.453819444444445,,0.6,,1.1,,10.6,292.6076388888889,5.982638888888889,1019.7649305555556,
2025-02-18,,,13.058041958041958,161.506993006993,11.345454545454546,,0.5,,0.8,,11.1,283.87152777777777,2.7739583333333333,1022.8034722222224,
2025-02-19,,,11.67013888888889,168.70833333333334,11.331597222222221,,0.6,,1.0,,8.6,289.9270833333333,2.730208333333333,1025.5885416666667,
2025-02-20,,,9.10979020979021,159.8846153846154,11.398251748251749,,0.7,,1.0,,8.6,290.8229166666667,2.9302083333333333,1027.1270833333333,
2025-02-21,,,6.253125000000001,162.60416666666666,11.721527777777778,,0.6,,0.9,,9.7,294.37847222222223,2.64375,1027.9854166666667,
2025-02-22,,,10.145486111111111,105.01041666666667,11.413541666666667,,0.6,,0.9,,7.7,245.42013888888889,2.4878472222222223,1030.1260416666667,
2025-02-23,,,6.3805555555555555,160.95138888888889,11.388194444444444,,0.6,,1.0,,10.0,286.3125,2.069097222222222,1027.9736111111113,
2025-02-24,,,11.448611111111111,139.71527777777777,11.577777777777778,,0.5,,0.9,,10.6,292.9861111111111,3.6708333333333334,1028.9729166666666,
2025-02-25,,,14.969444444444443,134.72916666666666,11.699305555555556,,0.8,,1.3,,9.3,252.45486111111111,5.746527777777778,1026.1760416666666,
2025-02-26,,,15.31736111111111,136.17013888888889,11.643402777777776,,0.9,,1.3,,9.0,240.63541666666666,7.954861111111111,1023.2274305555555,
2025-02-27,,,18.237282229965157,139.94425087108013,11.710452961672475,,0.5,,0.8,,6.2,234.44599303135888,9.010801393728222,1023.0261324041812,
2025-02-28,,,20.50452961672474,135.02090592334494,11.697909407665504,,0.6,,1.0,,9.1,238.99305555555554,10.939583333333333,1019.6878472222221,
2025-03-01,,,27.0,73.0,11.6,,0.6,,0.8,,3.2,267.0,11.7,1019.9,
2025-03-02,,,19.999303135888503,150.5226480836237,11.480836236933797,,1.4,,2.6,,14.2,108.18466898954703,11.575261324041811,1015.5156794425087,
2025-03-03,,,15.390909090909092,163.7062937062937,11.366783216783217,,2.5,,4.0,,14.6,47.54895104895105,5.579020979020979,1019.7625874125873,
2025-03-04,,,12.984027777777778,171.75,11.290277777777778,,3.2,,4.2,,14.5,43.423611111111114,5.459375,1019.0906249999999,
2025-03-05,,,13.289930555555555,153.79861111111111,11.343055555555557,,2.3,,3.2,,8.9,88.84375,7.023958333333334,1020.7375000000001,
2025-03-06,,,11.694773519163764,134.74564459930315,11.50801393728223,,1.1,,1.6,,9.6,95.61458333333333,6.653472222222223,1024.6374999999998,
2025-03-07,,,10.955555555555556,118.61458333333333,11.596875,,1.0,,1.4,,7.0,115.09375,7.300000000000001,1028.0826388888888,
2025-03-08,,,10.096527777777778,104.28819444444444,11.6875,,0.9,,1.4,,5.4,153.50694444444446,9.04861111111111,1026.171875,
2025-03-09,,,9.839236111111111,141.43055555555554,11.757291666666667,,0.5,,0.8,,7.4,157.85763888888889,9.14201388888889,1029.165972222222,
2025-03-10,,,10.909722222222221,138.75,11.838888888888889,,0.6,,0.9,,4.3,133.88888888888889,10.203819444444443,1026.9968749999998,
2025-03-11,,,13.841811846689895,136.98606271777004,11.973867595818815,,0.5,,0.7,,4.1,236.75347222222223,11.204166666666667,1020.6684027777778,
2025-03-12,,,16.80418118466899,143.57839721254356,11.971428571428572,,0.7,,1.2,,8.7,249.1114982578397,12.294773519163762,1015.3773519163763,
2025-03-13,,,17.14425087108014,153.68641114982577,11.88815331010453,,0.6,,1.1,,8.6,145.375,12.361805555555556,1020.7729166666666,
2025-03-14,,,15.357291666666665,153.12847222222223,11.905208333333334,,1.1,,1.7,,11.3,116.40625,11.464930555555556,1025.3600694444444,
2025-03-15,,,12.128125,165.73611111111111,11.909375,,2.6,,3.6,,13.4,46.90972222222222,9.509374999999999,1021.8743055555556,
2025-03-16,,,16.828472222222224,131.49652777777777,11.982291666666667,,2.2,,3.2,,11.4,226.61458333333334,7.011458333333334,1012.0361111111112,
2025-03-17,,,16.378048780487806,142.84668989547038,11.767595818815332,,1.8,,2.4,,13.8,257.45296167247386,5.756794425087108,1014.8135888501743,
2025-03-18,,,17.960747663551402,137.61214953271028,11.715420560747663,,1.7,,2.1,,11.4,268.1388888888889,5.3523148148148145,1013.3662037037037,
2025-03-19,,,14.432203389830509,132.92090395480227,11.724719101123595,,1.5,,2.1,,9.1,224.91525423728814,6.931638418079096,1023.1632768361582,
2025-03-20,,,14.868641114982578,121.74216027874564,11.695818815331009,,1.0,,1.9,,9.6,235.86805555555554,8.886111111111111,1019.9378472222221,
2025-03-21,,,15.906993006993005,99.73426573426573,11.798951048951048,,1.6,,2.4,,10.8,240.81944444444446,12.939583333333333,1013.765625,
2025-03-22,,,12.29375,116.39236111111111,12.003472222222221,,1.5,,2.2,,8.8,234.35069444444446,15.375694444444443,1010.6673611111112,
2025-03-23,,,10.408333333333333,116.07291666666667,12.071180555555555,,1.2,,1.8,,8.1,211.52777777777777,13.609375,1011.1232638888889,
2025-03-24,,,14.051388888888889,106.05902777777777,12.178819444444445,,1.4,,2.1,,10.0,218.39583333333334,13.990625000000001,1006.2489583333333,
2025-03-25,,,15.997222222222222,104.59375,12.280208333333333,,1.5,,2.1,,11.4,221.90625,14.369097222222223,1002.2531250000001,
2025-03-26,,,14.235069444444443,150.69444444444446,12.185069444444444,,1.3,,2.0,,7.3,164.90625,15.421180555555557,1007.0496527777777,
2025-03-27,,,17.95034722222222,155.27777777777777,12.227430555555555,,1.3,,2.1,,10.4,190.27777777777777,14.940277777777778,1001.0465277777779,
2025-03-28,,,19.421180555555555,148.76736111111111,11.995138888888889,,1.3,,2.1,,11.1,89.43402777777777,10.811805555555557,1011.1482638888889,
2025-03-29,,,20.949305555555554,139.63194444444446,11.912152777777779,,0.8,,1.1,,9.7,268.2291666666667,8.898263888888888,1019.9274305555555,
2025-03-30,,,21.657291666666666,136.71180555555554,11.81111111111111,,0.6,,1.0,,7.1,250.66319444444446,5.626388888888889,1028.021875,
2025-03-31,,,22.295486111111114,137.30208333333334,11.840277777777779,,0.4,,0.7,,6.8,249.04861111111111,7.800347222222222,1026.6222222222223,
2025-04-01,,,40.4,71.0,11.8,,0.2,,0.3,,2.2,289.0,8.5,1024.9,
2025-04-02,,,15.210104529616725,144.5993031358885,11.950522648083624,,1.3,,1.9,,8.2,104.68402777777777,10.253125,1019.0246527777776,
2025-04-03,,,12.960975609756098,167.83275261324042,12.025783972125437,,0.8,,1.2,,10.8,121.58885017421603,9.861324041811846,1020.1163763066203,
2025-04-04,,,14.825783972125436,107.26829268292683,12.323344947735192,,0.8,,1.1,,5.8,228.58885017421602,10.841463414634147,1020.6240418118466,
2025-04-05,,,13.898611111111112,118.08333333333333,12.309027777777779,,1.0,,1.8,,10.8,242.19444444444446,12.276736111111111,1014.6048611111112,
2025-04-06,,,12.477272727272727,112.7867132867133,12.341258741258741,,1.0,,1.6,,9.3,232.97560975609755,12.700000000000001,1014.3578397212544,
2025-04-07,,,12.943055555555555,102.95138888888889,12.392708333333333,,1.0,,1.6,,8.6,220.28819444444446,13.289583333333333,1017.8201388888889,
2025-04-08,,,12.897569444444445,170.64236111111111,12.42048611111111,,1.2,,1.9,,10.5,164.98958333333334,14.378124999999999,1013.2059027777777,
2025-04-09,,,14.533101045296167,149.34843205574913,12.316724738675958,,0.7,,1.1,,5.9,115.66666666666667,13.303472222222222,1012.9124999999999,
2025-04-10,,,14.34861111111111,135.42708333333334,12.67013888888889,,1.0,,1.6,,8.6,184.22222222222223,13.994097222222223,1005.9760416666666,
2025-04-11,,,16.788888888888888,156.375,12.426041666666668,,0.5,,0.8,,4.1,147.34375,13.499652777777778,1011.0975694444444,
2025-04-12,,,16.938327526132404,148.33449477351917,12.450522648083624,,1.3,,2.0,,8.9,91.82291666666667,13.186805555555557,1010.2249999999999,
2025-04-13,,,21.238194444444446,126.375,12.475347222222222,,2.0,,3.2,,13.9,233.35416666666666,10.724305555555555,1000.5347222222222,
2025-04-14,,,16.425087108013937,142.4425087108014,12.097909407665504,,1.8,,2.6,,10.8,198.79166666666666,9.188541666666667,999.4072916666667,
2025-04-15,,,15.657291666666667,143.07638888888889,11.846875,,1.8,,2.5,,11.3,266.1770833333333,10.818750000000001,1004.595138888889,
2025-04-16,,,16.295149253731346,133.38805970149255,12.000373134328358,,1.1,,1.8,,8.7,231.18283582089552,13.375462962962963,1009.6992537313433,
2025-04-17,,,18.024305555555557,121.67013888888889,12.251041666666667,,1.4,,2.1,,9.0,227.15972222222223,16.138645418326693,1010.5427083333333,
2025-04-18,,,16.06701388888889,112.29166666666667,12.527430555555556,,1.3,,1.9,,9.3,214.58333333333334,15.462847222222223,1010.8170138888888,
2025-04-19,,,17.015277777777776,97.80902777777777,12.502787456445994,,0.8,,1.2,,10.8,217.64930555555554,15.699305555555554,1011.4652777777778,
2025-04-20,,,11.181944444444445,166.31597222222223,12.187847222222222,,0.7,,1.1,,9.2,85.82638888888889,13.740625000000001,1013.5548611111111,
2025-04-21,,,11.117013888888888,162.60763888888889,12.583680555555555,,0.6,,1.1,,8.2,65.05902777777777,13.771875000000001,1016.9083333333333,
2025-04-22,,,9.83125,179.38541666666666,12.894444444444444,,1.6,,2.6,,6.5,153.24305555555554,14.97777777777778,1007.326736111111,
2025-04-23,,,10.253819444444444,184.10069444444446,12.790625,,1.3,,2.0,,12.4,55.40277777777778,12.906944444444443,1006.9277777777778,
2025-04-24,,,13.811805555555557,134.39930555555554,13.074652777777779,,0.8,,1.3,,8.6,209.71180555555554,14.082291666666666,1007.7222222222222,
2025-04-25,,,17.56527777777778,133.61111111111111,12.911111111111111,,0.7,,1.3,,9.1,205.01041666666666,15.27048611111111,1013.4451388888889,
2025-04-26,,,18.856944444444444,139.10069444444446,12.684027777777779,,0.8,,1.3,,9.5,243.29513888888889,14.588541666666666,1018.3322916666667,
2025-04-27,,,20.518749999999997,144.86805555555554,12.608333333333333,,0.8,,1.4,,9.2,218.53819444444446,16.110416666666666,1015.3489583333334,
2025-04-28,,,21.844405594405593,139.75174825174824,12.595104895104894,,0.7,,1.5,,8.4,204.63986013986013,15.872727272727275,1008.3283216783218,
2025-04-29,,,19.239721254355402,139.44947735191639,12.590940766550522,,0.7,,1.3,,9.6,145.13194444444446,12.987152777777778,1013.7340277777779,
2025-04-30,,,20.775694444444444,138.07638888888889,12.851736111111112,,0.6,,1.1,,7.9,218.27777777777777,14.862499999999999,1015.8090277777778,
2025-05-01,,,17.869097222222223,118.34027777777777,13.086805555555555,,1.6,,2.3,,13.6,231.03819444444446,15.410763888888889,1010.9059027777779,
2025-05-02,,,24.3,74.0,13.1,,0.7,,1.1,,3.0,239.0,14.3,1007.1,
2025-05-03,,,17.35659722222222,114.78472222222223,13.421527777777778,,1.1,,1.9,,10.1,218.01388888888889,14.305555555555555,1007.5677083333334,
2025-05-04,,,15.534374999999999,107.88194444444444,13.490625000000001,,0.9,,1.3,,9.6,226.34375,14.764930555555557,1012.2225694444444,
2025-05-05,,,12.785763888888889,173.64236111111111,13.545833333333333,,0.4,,0.7,,7.7,149.74305555555554,14.865277777777777,1012.4753472222224,
2025-05-06,,,8.654166666666667,159.40625,13.635763888888889,,0.9,,1.4,,6.7,131.78125,13.906944444444443,1006.6326388888889,
2025-05-07,,,8.873170731707317,155.77003484320556,13.738327526132405,,0.6,,1.0,,4.1,239.7212543554007,14.094425087108014,1013.5397212543555,
2025-05-08,,,12.988194444444444,173.65277777777777,13.932291666666666,,0.5,,0.8,,4.4,125.42708333333333,15.761805555555554,1018.1958333333334,
2025-05-09,,,14.31951219512195,183.37282229965157,13.987108013937283,,2.5,,3.4,,10.0,115.05226480836237,15.794076655052264,1008.8442508710801,
2025-05-10,,,19.938194444444445,66.62847222222223,13.746875,,1.9,,2.8,,13.4,232.90625,16.178819444444443,1001.4652777777778,
2025-05-11,,,15.711846689895472,159.37979094076655,13.15191637630662,,1.0,,1.6,,8.3,231.6341463414634,14.786411149825783,1006.6337979094077,
2025-05-12,,,14.461111111111112,148.84027777777777,13.457638888888889,,0.7,,1.3,,8.8,240.78125,16.456249999999997,1010.3982638888889,
2025-05-13,,,14.727083333333333,153.94791666666666,13.530208333333333,,0.6,,1.0,,8.8,212.55208333333334,15.917708333333334,1015.9753472222224,
2025-05-14,,,16.240625,155.03125,13.556249999999999,,0.4,,0.7,,7.4,216.02777777777777,16.127083333333335,1017.7093749999999,
2025-05-15,,,15.16701388888889,150.27777777777777,13.508680555555555,,0.7,,1.2,,8.8,221.01388888888889,16.822569444444444,1017.0958333333333,
2025-05-16,,,14.881250000000001,183.92708333333334,13.553819444444445,,0.9,,1.6,,9.2,174.46875,17.50173611111111,1014.1715277777779,
2025-05-17,,,12.330313588850174,177.57491289198606,14.56341463414634,,1.8,,2.8,,9.3,215.77351916376307,16.798257839721256,1005.38606271777,
2025-05-18,,,14.519163763066203,202.56445993031357,14.664808362369339,,1.0,,1.7,,9.9,158.5156794425087,16.852961672473867,1009.6379790940766,
2025-05-19,,,11.618749999999999,167.02430555555554,15.052430555555556,,0.9,,1.5,,10.2,224.89236111111111,17.227777777777778,1009.1541666666667,
2025-05-20,,,21.60935251798561,103.2589928057554,14.479136690647481,,0.9,,1.4,,8.3,216.75539568345323,17.739568345323743,1010.1705035971224,
2025-05-21,,,,,,,,,,,,,,,
2025-05-22,,,,,,,,,,,,,,,
2025-05-23,,,5.68252427184466,157.44660194174756,15.918446601941747,,0.1,,0.1,,5.4,303.48366013071893,19.08300653594771,1011.4592356687898,
2025-05-24,,,11.325,152.77083333333334,15.641319444444443,,0.1,,0.2,,3.5,311.6111111111111,15.56076388888889,1007.6621527777778,
2025-05-25,,,58.990283400809716,157.21862348178138,20.35725806451613,,0.8,,1.9,,2.8,223.20833333333334,16.89236111111111,1013.9965277777778,
2025-05-26,,,88.63379790940768,203.9163763066202,21.9801393728223,,0.7,,1.6,,0.7,127.40625,18.173263888888886,1018.0534722222224,
2025-05-27,,,58.83888888888888,221.72569444444446,21.367708333333333,,0.3,,0.5,,0.4,133.10763888888889,18.95659722222222,1018.7142361111112,
2025-05-28,,,18.68576388888889,222.68055555555554,23.085069444444443,,0.3,,0.5,,1.4,111.13888888888889,19.53402777777778,1018.014236111111,
2025-05-29,,,10.209885931558935,186.36121673003802,19.9212927756654,,0.3,,0.8,,7.8,100.76045627376426,18.24562737642586,1015.2958174904943,
2025-05-30,,,13.755400696864113,211.22648083623693,19.574912891986063,,0.6,,1.1,,3.6,95.375,18.165972222222223,1012.6454861111112,
2025-05-31,,,20.0775,213.4857142857143,16.29,,1.0,,1.8,,7.0,114.29166666666667,17.873958333333334,1011.2822916666667,
2025-06-01,,,21.206249999999997,168.07291666666666,16.128124999999997,,0.5,,0.8,,4.9,115.78472222222223,18.066319444444446,1010.2545138888888,
2025-06-02,,,9.8,225.0,16.8,,0.3,,0.5,,0.8,269.0,17.3,1008.1,
2025-06-03,,,14.044097222222222,180.11111111111111,16.130555555555556,,1.0,,1.7,,6.5,199.61111111111111,18.821180555555557,999.0909722222223,
2025-06-04,,,10.077622377622378,128.86013986013987,16.17937062937063,,0.9,,1.5,,8.7,237.86759581881532,20.35644599303136,1004.1494773519164,
2025-06-05,,,9.796515679442509,168.29616724738676,16.105574912891985,,0.6,,1.1,,7.8,208.73519163763066,19.656445993031358,1010.5954703832754,
2025-06-06,,,8.545077720207255,194.42487046632124,15.723711340206187,,0.4,,0.7,,8.9,211.8923076923077,18.69897435897436,1010.1810256410256,
2025-06-07,,,12.564432989690722,194.2577319587629,15.338461538461539,,0.3,,0.6,,8.0,211.11282051282052,18.917435897435897,1009.5829896907217,
2025-06-08,,,16.026041666666668,191.52430555555554,15.714930555555554,,0.3,,0.5,,6.7,208.88541666666666,19.576041666666665,1008.7298611111112,
2025-06-09,,,15.991289198606271,184.19163763066203,16.25540069686411,,0.7,,1.1,,4.7,129.27777777777777,19.708680555555556,1008.2576388888889,
2025-06-10,,,21.213986013986013,189.98951048951048,16.443006993006993,,0.7,,1.1,,8.6,177.12152777777777,19.467361111111114,1006.2836805555556,
2025-06-11,,,20.17887323943662,189.34154929577466,16.169718309859153,,0.5,,0.9,,4.9,173.39649122807018,21.522456140350876,1010.1852631578947,
2025-06-12,,,22.606250000000003,182.95833333333334,16.132986111111112,,0.3,,0.7,,5.7,139.10763888888889,19.494097222222223,1015.3496527777778,
2025-06-13,,,21.56527777777778,191.17708333333334,15.697569444444444,,0.4,,0.7,,7.3,129.94791666666666,19.29236111111111,1014.4281249999999,
2025-06-14,,,19.896875,209.38888888888889,15.824305555555554,,1.3,,2.0,,11.4,169.55902777777777,20.111805555555556,1002.9013888888888,
2025-06-15,,,21.12013888888889,215.07291666666666,15.873611111111112,,1.4,,2.0,,7.5,206.77083333333334,19.26840277777778,1001.5670138888888,
2025-06-16,,,18.68402777777778,214.24652777777777,15.257638888888888,,1.4,,2.3,,9.1,216.94791666666666,19.820486111111112,1000.7270833333334,
2025-06-17,,,17.054355400696867,183.83275261324042,14.878048780487806,,0.9,,1.5,,6.3,214.40766550522648,19.43135888501742,1007.351567944251,
2025-06-18,,,14.458885017421602,155.94076655052265,14.77630662020906,,0.7,,1.1,,8.4,207.1114982578397,18.200348432055748,1011.3881533101046,
2025-06-19,,,14.553496503496504,133.83916083916083,14.616083916083916,,0.6,,0.8,,7.9,206.16433566433565,19.483216783216783,1013.8108391608392,
2025-06-20,,,14.1,146.39084507042253,14.646830985915493,,0.8,,1.4,,10.0,210.28070175438597,20.515087719298247,1010.578245614035,
2025-06-21,,,19.587412587412587,113.45454545454545,13.808741258741259,,1.1,,1.9,,12.2,216.6083916083916,20.477972027972026,1005.7954545454545,
2025-06-22,,,19.433680555555554,171.47222222222223,14.387500000000001,,1.2,,1.9,,12.2,193.82986111111111,18.853819444444444,1006.2256944444445,
2025-06-23,,,21.511805555555554,198.95486111111111,15.012500000000001,,0.5,,0.8,,4.0,133.02083333333334,21.592361111111114,1007.6402777777779,
2025-06-24,,,28.36829268292683,179.42160278745644,16.45296167247387,,0.6,,1.1,,9.1,96.78125,21.37673611111111,1008.6895833333333,
2025-06-25,,,21.976842105263156,215.46315789473684,18.116140350877195,,0.7,,1.2,,8.8,157.76491228070176,20.42140350877193,1008.3996491228071,
2025-06-26,,,23.126315789473683,96.89473684210526,16.00526315789474,,0.4,,0.7,,3.3,218.26315789473685,20.18421052631579,1009.0052631578947,
2025-06-27,,,22.86086956521739,226.6576086956522,15.991803278688524,,0.4,,0.6,,6.6,191.375,20.328260869565216,1008.4093406593406,
2025-06-28,,,24.42822299651568,193.794425087108,15.511498257839722,,0.5,,0.7,,7.4,205.44599303135888,20.3595818815331,1007.9724738675957,
2025-06-29,,,19.140972222222224,205.60763888888889,15.746180555555554,,0.4,,0.6,,7.5,201.30555555555554,20.881597222222222,1008.2197916666667,
2025-06-30,,,19.60905923344948,187.42857142857142,15.731010452961673,,0.3,,0.5,,6.8,209.16666666666666,21.950694444444444,1011.2468749999999,
2025-07-01,,,17.38169014084507,152.2218309859155,15.741197183098592,,0.4,,0.8,,7.7,210.5298245614035,22.36842105263158,1013.0887719298245,
2025-07-02,,,14.668750000000001,154.24652777777777,16.07361111111111,,0.3,,0.6,,8.3,200.55208333333334,22.31736111111111,1012.5124999999999,
2025-07-03,,,5.5,239.0,16.9,,0.2,,0.5,,4.0,200.0,21.3,1012.0,
2025-07-04,,,7.869097222222223,142.82986111111111,17.03125,,0.6,,1.0,,8.4,209.81597222222223,22.873958333333334,1007.7652777777779,
2025-07-05,,,9.695804195804195,163.22027972027973,16.953846153846154,,0.7,,1.1,,8.3,202.01742160278746,22.881881533101048,1005.8341463414635,
2025-07-06,,,11.572027972027971,213.14335664335664,16.191958041958042,,0.7,,1.2,,8.1,222.794425087108,23.817770034843203,1004.463763066202,
2025-07-07,,,17.124305555555555,226.46180555555554,15.914930555555555,,0.5,,0.8,,4.0,130.26041666666666,24.657638888888886,1005.4753472222224,
2025-07-08,,,21.95296167247387,198.76306620209058,20.776655052264807,,0.8,,1.1,,10.4,38.89895470383275,26.637979094076655,1008.2257839721254,
2025-07-09,,,23.440624999999997,209.93402777777777,24.61423611111111,,0.9,,1.4,,11.9,51.60069444444444,26.467361111111114,1009.6329861111111,
2025-07-10,,,21.641811846689894,161.17770034843207,24.975609756097562,,0.9,,1.8,,10.4,39.33101045296167,26.66132404181185,1010.765156794425,
2025-07-11,,,15.96118881118881,159.41608391608392,24.559090909090912,,1.2,,2.0,,12.7,40.30769230769231,25.66153846153846,1011.9527972027972,
2025-07-12,,,22.649652777777778,142.13541666666666,24.20104166666667,,1.2,,1.8,,11.3,39.072916666666664,25.086458333333333,1010.0555555555555,
2025-07-13,,,12.561458333333333,168.05555555555554,24.152430555555554,,0.7,,1.1,,7.0,63.31597222222222,24.871875000000003,1002.1930555555555,
2025-07-14,,,22.026132404181183,144.26132404181186,24.654006968641113,,0.9,,1.5,,7.4,159.73519163763066,24.038327526132406,993.6968641114983,
2025-07-15,,,19.859233449477355,151.47038327526133,24.33658536585366,,1.0,,1.6,,11.4,234.54703832752614,24.25993031358885,996.1937282229965,
2025-07-16,,,20.836111111111112,167.24652777777777,22.632638888888888,,0.8,,1.3,,6.2,225.94791666666666,24.875,1004.8211805555555,
2025-07-17,,,19.87152777777778,180.83333333333334,21.250347222222224,,1.1,,2.0,,6.8,210.40972222222223,24.794444444444444,1007.3461805555556,
2025-07-18,,,13.934027777777779,245.90972222222223,21.67534722222222,,1.3,,2.0,,6.5,202.11111111111111,24.060416666666665,1008.6836805555556,
2025-07-19,,,17.029268292682925,163.74216027874564,20.237282229965157,,1.1,,1.9,,9.0,212.48958333333334,23.748958333333334,1012.1340277777776,
2025-07-20,,,24.240972222222222,229.54513888888889,20.595138888888886,,0.7,,1.1,,3.6,158.20138888888889,25.739930555555556,1013.8107638888889,
2025-07-21,,,19.570034843205576,181.0,20.87979094076655,,0.7,,1.0,,6.2,211.05208333333334,25.78125,1015.0802083333333,
2025-07-22,,,18.72222222222222,221.85069444444446,20.785069444444446,,0.7,,1.0,,7.1,202.79861111111111,25.666666666666668,1014.4236111111111,
2025-07-23,,,21.36223021582734,204.71942446043167,21.60431654676259,,0.5,,0.7,,3.5,157.60791366906474,26.504676258992806,1012.9492805755397,
2025-07-24,,,23.90418118466899,164.86062717770034,22.53937282229965,,0.5,,0.7,,4.9,133.12847222222223,26.62326388888889,1011.2166666666667,
2025-07-25,,,25.266666666666666,177.65277777777777,23.083680555555556,,0.7,,1.2,,6.1,50.66319444444444,28.602083333333333,1009.7770833333333,
2025-07-26,,,29.603125000000002,210.90277777777777,23.5375,,0.6,,0.9,,6.7,60.28472222222222,28.81006944444444,1008.4364583333333,
2025-07-27,,,29.768749999999997,198.05208333333334,24.57326388888889,,1.0,,1.3,,6.3,37.59375,29.294097222222224,1006.8479166666667,
2025-07-28,,,25.99651567944251,191.6724738675958,23.654355400696865,,1.0,,1.4,,3.4,104.30208333333333,27.898263888888888,1004.2593750000001,
2025-07-29,,,28.928321678321677,157.87062937062936,22.685664335664338,,0.5,,0.8,,5.5,64.02787456445994,27.868989547038325,1002.0937282229966,
2025-07-30,,,22.784374999999997,162.47222222222223,24.708333333333332,,0.7,,1.1,,7.0,67.55208333333333,28.162847222222222,1002.0135416666667,
2025-07-31,,,24.865972222222222,184.68055555555554,25.229166666666668,,1.0,,1.5,,6.9,52.96875,28.257638888888888,1003.5107638888888,
2025-08-01,,,26.11083916083916,227.13286713286712,25.632167832167834,,0.7,,1.1,,5.6,124.69097222222223,28.10486111111111,1003.3427083333333,
2025-08-02,,,26.620701754385962,182.8421052631579,25.891578947368423,,0.6,,0.8,,3.8,130.18118466898954,28.174564459930316,1003.1149825783972,
2025-08-03,,,40.7,256.0,23.7,,0.4,,0.4,,0.6,300.0,27.8,1003.5,
2025-08-04,,,20.54965034965035,153.66433566433565,24.86993006993007,,1.6,,2.7,,12.6,206.77700348432055,27.873519163763067,1001.9916376306619,
2025-08-05,,,16.897916666666667,236.87847222222223,22.433333333333334,,1.3,,1.9,,8.9,213.38541666666666,26.93298611111111,1005.5204861111112,
2025-08-06,,,11.69547038327526,157.80836236933797,21.077700348432057,,1.7,,2.6,,12.8,216.7212543554007,26.550522648083625,1003.7933797909408,
2025-08-07,,,18.236458333333335,211.8125,18.264930555555555,,1.7,,2.4,,7.3,184.79166666666666,26.39236111111111,1001.9475694444445,
2025-08-08,,,24.619444444444444,166.16666666666666,18.640625,,1.0,,1.5,,4.5,155.44791666666666,25.20763888888889,1004.6333333333334,
2025-08-09,,,24.94375,167.77430555555554,19.211111111111112,,0.7,,1.1,,8.3,184.80555555555554,23.485069444444445,1004.7638888888889,
2025-08-10,,,23.130555555555556,163.18402777777777,21.26111111111111,,1.0,,1.6,,6.4,163.84027777777777,23.79861111111111,1002.2336805555556,
2025-08-11,,,20.554861111111112,187.32986111111111,22.40347222222222,,1.1,,2.0,,6.4,190.72222222222223,24.38125,1005.4038194444444,
2025-08-12,,,26.310416666666665,184.4375,21.26388888888889,,0.7,,1.1,,5.4,184.15625,23.249652777777776,1011.1166666666666,
2025-08-13,,,18.31118881118881,183.46503496503496,20.47132867132867,,0.7,,1.2,,7.3,217.46341463414635,24.684848484848487,1014.6961672473867,
2025-08-14,,,21.553658536585363,169.7212543554007,18.36968641114983,,0.5,,0.8,,7.3,212.25,27.076666666666664,1015.4465277777776,
2025-08-15,,,23.670731707317074,139.09407665505228,19.358188153310106,,1.3,,1.6,,4.9,149.10416666666666,26.72986111111111,1014.8434027777779,
2025-08-16,,,16.280139372822298,192.8397212543554,21.120905923344946,,0.4,,0.6,,5.9,200.27083333333334,25.835763888888888,1013.4444444444445,
2025-08-17,,,15.017770034843206,160.87108013937282,18.889895470383273,,0.5,,0.7,,7.3,213.46341463414635,25.444947735191636,1013.9331010452961,
2025-08-18,,,14.106293706293707,217.8111888111888,18.634615384615383,,0.4,,0.7,,6.8,203.00696864111498,25.32752613240418,1014.5599303135889,
2025-08-19,,,17.18257839721254,224.04181184668988,19.44076655052265,,0.5,,0.9,,6.9,201.58188153310104,25.785017421602788,1012.4519163763067,
2025-08-20,,,20.84652777777778,210.5625,19.913194444444443,,0.4,,0.6,,5.8,203.12152777777777,25.69861111111111,1010.8097222222223,
2025-08-21,,,16.00173611111111,189.65972222222223,19.428819444444443,,0.7,,1.1,,4.3,201.44097222222223,27.191319444444446,1010.5086805555555,
2025-08-22,,,18.391319444444445,187.97916666666666,21.398263888888888,,0.4,,0.7,,5.2,192.92708333333334,26.894444444444446,1009.3107638888889,
2025-08-23,,,18.499652777777776,177.375,17.761458333333334,,0.5,,0.8,,7.3,206.66666666666666,24.095138888888886,1010.0541666666666,
2025-08-24,,,13.312847222222222,183.11458333333334,16.838541666666668,,0.4,,0.8,,6.7,195.91666666666666,23.31701388888889,1011.6458333333334,
2025-08-25,,,14.078472222222222,182.19097222222223,16.136458333333334,,0.4,,0.7,,7.3,201.64930555555554,24.331249999999997,1011.3774305555556,
2025-08-26,,,14.787804878048782,173.82229965156793,16.086062717770034,,0.7,,1.2,,8.1,207.50174216027875,23.09547038327526,1009.8327526132405,
2025-08-27,,,16.975,173.51388888888889,16.931597222222223,,0.7,,1.0,,7.1,112.17013888888889,24.14236111111111,1011.3788194444444,
2025-08-28,,,16.13684210526316,195.70526315789473,20.587719298245613,,0.6,,1.0,,5.6,181.97202797202797,26.59895104895105,1013.4944055944056,
2025-08-29,,,18.160416666666666,202.94791666666666,20.165625,,0.6,,0.8,,7.5,206.60416666666666,25.558333333333334,1014.0562500000001,
2025-08-30,,,18.69027777777778,198.51041666666666,18.726041666666667,,0.4,,0.7,,6.1,206.85069444444446,24.780555555555555,1014.1819444444445,
2025-08-31,,,19.157692307692308,194.0874125874126,17.814335664335662,,0.4,,0.6,,4.9,212.56794425087108,24.84285714285714,1011.6839721254355,
2025-09-01,,,18.920714285714286,187.72857142857143,19.325357142857143,,1.0,,1.6,,8.3,222.15302491103202,24.833807829181495,1008.5704626334519,
2025-09-02,,,17.76840277777778,172.19444444444446,16.643055555555556,,0.9,,1.5,,8.8,163.01736111111111,23.819097222222222,1009.4437499999999,
2025-09-03,,,4.8,142.0,13.8,,0.4,,0.6,,1.9,64.0,20.1,1011.5,
2025-09-04,,,16.116433566433567,204.6853146853147,23.288111888111885,,0.8,,1.3,,9.4,57.43356643356643,27.96993006993007,1009.2755244755244,
2025-09-05,,,15.933101045296167,216.56445993031357,26.18815331010453,,0.8,,1.3,,9.4,134.26736111111111,27.384375,1010.4378472222221,
2025-09-06,,,15.858333333333333,180.57986111111111,26.193402777777777,,0.6,,0.9,,8.4,227.22569444444446,27.619444444444444,1010.2701388888888,
2025-09-07,,,14.976041666666667,156.77083333333334,22.590625000000003,,0.8,,1.2,,8.4,221.13194444444446,27.269791666666666,1007.9131944444445,
2025-09-08,,,17.208710801393728,200.9616724738676,19.704529616724738,,0.4,,0.6,,7.2,132.19097222222223,25.095138888888886,1010.2531250000001,
2025-09-09,,,19.38006993006993,201.979020979021,20.555244755244757,,0.6,,0.9,,7.6,113.03472222222223,23.379166666666666,1011.9736111111112,
2025-09-10,,,17.783333333333335,178.70833333333334,23.831944444444446,,0.8,,1.1,,8.4,197.92361111111111,25.101736111111112,1011.7024305555556,
2025-09-11,,,14.577003484320558,185.27177700348432,26.061324041811847,,1.3,,1.9,,10.7,60.1219512195122,26.066550522648086,1014.8090592334495,
2025-09-12,,,13.050871080139373,183.81184668989548,26.52717770034843,,1.5,,2.1,,9.4,41.99651567944251,26.305574912891984,1013.0571428571429,
2025-09-13,,,13.475524475524475,167.93706293706293,25.968181818181815,,1.5,,2.2,,13.3,169.8048780487805,26.11958041958042,1007.9550522648083,
2025-09-14,,,14.844444444444443,182.54861111111111,25.228819444444444,,0.9,,1.3,,5.1,135.93402777777777,24.984375,1011.8725694444444,
2025-09-15,,,15.522569444444445,155.54861111111111,25.307291666666668,,0.5,,0.8,,4.3,184.39930555555554,26.586690647482015,1015.1312499999999,
2025-09-16,,,16.907169811320752,161.9436090225564,24.96541353383459,,0.7,,1.2,,7.8,222.84962406015038,26.820676691729325,1013.4236842105264,
2025-09-17,,,16.673076923076923,162.84965034965035,23.478321678321677,,0.7,,1.1,,8.5,223.2902097902098,26.932867132867134,1010.6146853146853,
2025-09-18,,,18.9013986013986,187.62237762237763,22.132867132867133,,0.8,,1.5,,7.8,50.055749128919864,23.21637630662021,1014.9585365853658,
2025-09-19,,,18.838541666666668,165.82638888888889,23.241666666666667,,0.9,,1.4,,8.5,37.46180555555556,23.506944444444443,1016.7604166666666,
2025-09-20,,,18.31423611111111,181.72916666666666,24.342708333333334,,1.2,,1.8,,8.5,189.4375,25.063541666666666,1008.5690972222224,
2025-09-21,,,20.404166666666665,158.17013888888889,23.804166666666667,,1.3,,2.0,,9.9,71.76041666666667,22.796527777777776,1015.90625,
2025-09-22,,,18.86875,196.28472222222223,24.153819444444444,,1.4,,2.2,,10.2,27.54861111111111,23.19201388888889,1019.890625,
2025-09-23,,,17.392307692307693,191.76573426573427,24.04090909090909,,1.0,,1.6,,10.3,40.44250871080139,23.280139372822298,1018.8658536585366,
2025-09-24,,,17.598958333333332,178.22222222222223,24.499652777777776,,1.2,,1.7,,5.9,184.01041666666666,25.06597222222222,1015.3795138888888,
2025-09-25,,,22.304166666666667,207.14236111111111,24.20486111111111,,1.0,,1.4,,3.9,214.09027777777777,25.369097222222223,1017.0802083333333,
2025-09-26,,,23.017073170731706,206.12543554006967,23.856794425087106,,0.6,,0.9,,7.2,140.79513888888889,24.675694444444446,1018.4190972222223,
2025-09-27,,,21.110763888888886,215.14930555555554,23.688888888888886,,0.8,,1.2,,7.7,93.73958333333333,24.52048611111111,1017.8663194444445,
2025-09-28,,,21.849652777777777,147.77777777777777,23.535069444444446,,1.1,,1.5,,8.2,251.82638888888889,24.748611111111114,1011.2434027777776,
2025-09-29,,,20.23066202090592,197.03135888501743,22.749128919860627,,0.5,,0.9,,6.6,160.42160278745644,23.09198606271777,1011.9700348432057,
2025-09-30,,,19.561111111111114,141.76388888888889,22.743402777777778,,0.7,,1.1,,4.5,182.61458333333334,22.4625,1012.9704861111111,
2025-10-01,,,20.878819444444446,190.53819444444446,23.484375,,0.5,,0.7,,4.5,238.26041666666666,23.55763888888889,1012.9177083333333,
2025-10-02,,,16.45979020979021,191.9265734265734,23.27937062937063,,0.3,,0.7,,6.2,154.84668989547038,23.14146341463415,1017.190243902439,
2025-10-03,,,11.807665505226481,185.69337979094075,23.652264808362368,,1.3,,1.8,,8.8,108.53472222222223,21.566666666666666,1016.8638888888888,
2025-10-04,,,14.1,250.0,23.5,,0.9,,1.3,,4.4,342.0,22.6,1013.3,
2025-10-05,,,18.031597222222224,198.44444444444446,24.263194444444444,,0.6,,0.8,,6.0,163.69444444444446,23.385159010600706,1014.2940972222223,
2025-10-06,,,19.543902439024393,181.83623693379792,23.610104529616727,,0.6,,1.1,,7.7,189.26041666666666,22.694097222222222,1015.4486111111112,
2025-10-07,,,18.272569444444443,181.95138888888889,24.290625,,1.3,,1.8,,6.1,208.45833333333334,23.564930555555556,1014.7517361111111,
2025-10-08,,,22.94236111111111,178.15625,24.08263888888889,,1.0,,1.7,,8.4,91.60069444444444,23.755555555555556,1015.1565972222221,
2025-10-09,,,16.13170731707317,183.3554006968641,23.801393728222997,,1.8,,3.0,,11.2,88.73170731707317,22.581533101045295,1018.7362369337978,
2025-10-10,,,20.047386759581883,140.3623693379791,23.98048780487805,,1.4,,2.2,,8.4,35.383275261324044,22.597560975609756,1018.3205574912892,
2025-10-11,,,22.41840277777778,113.96180555555556,24.020833333333332,,0.9,,1.5,,5.1,202.76736111111111,23.623958333333334,1013.1934027777778,
2025-10-12,,,24.007986111111112,151.51736111111111,23.62152777777778,,0.8,,1.3,,11.2,146.13888888888889,22.727777777777778,1012.5374999999999,
2025-10-13,,,17.818118466898955,129.77700348432055,23.589198606271776,,0.8,,1.4,,6.2,156.95138888888889,21.37777777777778,1015.3225694444445,
2025-10-14,,,12.745486111111111,153.62847222222223,23.828125,,1.1,,1.5,,7.0,137.08333333333334,20.89513888888889,1015.9131944444445,
2025-10-15,,,14.479442508710802,180.06968641114983,23.55993031358885,,1.0,,1.8,,8.8,38.73519163763066,22.555400696864112,1019.0174216027874,
2025-10-16,,,12.68048780487805,133.24738675958187,23.590940766550524,,1.0,,1.8,,7.6,121.75261324041811,22.182456140350876,1016.9731707317072,
2025-10-17,,,9.16376306620209,186.390243902439,23.742160278745644,,1.1,,1.9,,9.0,59.13588850174216,22.527874564459932,1021.2121951219513,
2025-10-18,,,10.653496503496504,144.77272727272728,23.792307692307695,,0.9,,1.4,,7.1,142.0625,21.549122807017543,1017.2527777777777,
2025-10-19,,,9.841463414634147,173.80836236933797,23.582229965156795,,1.3,,2.2,,11.7,109.93728222996516,20.226480836236934,1022.0038327526131,
2025-10-20,,,8.418055555555556,150.51736111111111,23.53472222222222,,1.0,,1.9,,9.4,165.20833333333334,18.635416666666668,1023.6444444444444,
2025-10-21,,,11.963888888888889,164.40277777777777,23.451736111111114,,1.5,,2.2,,7.0,255.98611111111111,17.821875,1025.4090277777777,
2025-10-22,,,8.866783216783217,174.25524475524475,23.33986013986014,,2.0,,3.4,,12.0,169.39721254355402,18.542857142857144,1025.6167247386759,
2025-10-23,,,16.142657342657344,135.25174825174824,22.88951048951049,,1.9,,2.7,,8.8,140.44791666666666,18.938541666666666,1025.5149305555556,
2025-10-24,,,10.913888888888888,163.13888888888889,22.693402777777777,,1.5,,2.3,,11.2,146.51041666666666,18.69965277777778,1024.162152777778,
2025-10-25,,,16.361324041811844,119.58188153310104,22.379094076655054,,1.6,,2.3,,8.3,199.31358885017423,19.758188153310105,1019.8717770034843,
2025-10-26,,,12.688541666666667,147.01041666666666,22.195486111111112,,0.6,,1.0,,6.6,284.1701388888889,17.920833333333334,1016.1996527777778,
2025-10-27,,,14.238327526132405,151.98954703832752,21.696864111498257,,0.4,,0.7,,7.3,289.9024390243902,14.71951219512195,1019.0682926829268,
2025-10-28,,,10.044405594405594,145.96503496503496,21.396853146853147,,0.5,,0.9,,5.3,230.30313588850174,12.430313588850174,1026.2630662020906,
2025-10-29,,,8.212152777777778,174.34722222222223,21.094791666666666,,0.7,,1.2,,7.5,191.5625,14.679513888888888,1028.4180555555556,
2025-10-30,,,8.090526315789475,148.10877192982457,20.99614035087719,,0.8,,1.2,,5.4,220.6376306620209,16.66898954703833,1024.725087108014,
2025-10-31,,,6.370383275261324,162.1567944250871,21.03623693379791,,0.7,,1.0,,6.2,216.00347222222223,17.47951388888889,1016.2809027777779,
2025-11-01,,,6.203472222222222,178.11111111111111,21.47222222222222,,0.7,,1.0,,7.9,273.21180555555554,17.066319444444446,1012.0295138888889,
2025-11-02,,,9.663194444444445,156.59027777777777,21.04201388888889,,0.6,,1.0,,10.0,267.6354166666667,15.501388888888888,1016.5552083333334,
2025-11-03,,,11.538541666666667,180.52430555555554,20.464930555555554,,1.6,,2.1,,9.6,153.38888888888889,13.228819444444445,1026.142361111111,
2025-11-04,,,5.0,348.0,20.3,,1.1,,1.4,,5.2,90.0,16.7,1026.9,
2025-11-05,,,19.614930555555556,166.63541666666666,20.587152777777778,,0.7,,1.1,,6.2,188.70486111111111,16.87152777777778,1022.9128472222224,
2025-11-06,,,21.75277777777778,173.14930555555554,20.13715277777778,,0.7,,1.3,,7.2,167.45486111111111,17.586458333333333,1022.5097222222222,
2025-11-07,,,21.0397212543554,166.29268292682926,19.85993031358885,,1.0,,1.7,,9.7,123.37282229965157,18.093031358885018,1024.2282229965156,
2025-11-08,,,18.148070175438598,142.6140350877193,19.655789473684212,,1.8,,2.8,,10.9,125.03496503496504,17.82097902097902,1022.4045454545455,
2025-11-09,,,17.196527777777778,113.75694444444444,19.952777777777776,,1.2,,1.6,,6.3,270.05902777777777,16.364930555555556,1014.7840277777777,
2025-11-10,,,17.015845070422536,120.80633802816901,20.098591549295776,,0.5,,0.8,,6.5,269.26666666666665,14.194035087719298,1017.5175438596491,
2025-11-11,,,15.605208333333334,132.71527777777777,19.196875,,0.6,,0.9,,7.5,170.84722222222223,13.839583333333334,1020.4027777777778,
2025-11-12,,,9.613541666666666,161.34375,18.694791666666667,,0.5,,0.9,,5.9,286.9270833333333,15.533333333333335,1021.6572916666667,
2025-11-13,,,6.868881118881119,158.3146853146853,19.145104895104897,,0.6,,0.9,,7.3,253.0801393728223,15.68397212543554,1017.6240418118466,
2025-11-14,,,10.256993006993007,198.65384615384616,18.91153846153846,,0.4,,0.6,,6.4,280.2638888888889,15.110416666666667,1018.467361111111,
2025-11-15,,,7.981184668989547,193.88501742160278,19.4801393728223,,0.6,,0.9,,5.4,226.21180555555554,14.483680555555557,1025.3267361111111,
2025-11-16,,,10.895833333333334,165.81944444444446,19.399652777777778,,0.4,,0.6,,6.7,260.1111111111111,16.118055555555557,1025.4461805555557,
2025-11-17,,,13.6006993006993,180.35664335664336,18.787762237762237,,0.5,,0.6,,8.4,276.0451388888889,13.292013888888889,1023.4812499999999,
2025-11-18,,,14.397569444444445,157.11805555555554,18.00347222222222,,0.5,,0.8,,9.5,290.2951388888889,6.925000000000001,1024.3434027777778,
2025-11-19,,,14.94652777777778,159.60416666666666,18.24826388888889,,0.5,,0.8,,7.0,282.6458333333333,8.106944444444444,1024.6149305555555,
2025-11-20,,,17.938888888888886,156.22916666666666,17.821875,,0.5,,0.9,,8.6,256.1111111111111,11.503472222222221,1022.7881944444445,
2025-11-21,,,15.406944444444443,171.77430555555554,17.828472222222224,,0.5,,0.8,,7.7,271.41319444444446,12.011805555555556,1023.6243055555556,
2025-11-22,,,15.139930555555557,161.35416666666666,17.318055555555556,,0.4,,0.6,,7.0,273.50347222222223,12.222916666666666,1024.8489583333333,
2025-11-23,,,18.908333333333335,151.22222222222223,16.988541666666666,,0.4,,0.6,,7.4,256.14930555555554,13.120486111111111,1022.3100694444444,
2025-11-24,,,14.976736111111112,137.29861111111111,17.50173611111111,,0.5,,0.8,,6.7,266.6979166666667,15.276736111111111,1017.9229166666667,
2025-11-25,,,13.594425087108014,179.71428571428572,17.49651567944251,,1.0,,1.4,,11.6,274.2673611111111,12.797916666666667,1013.9611111111111,
2025-11-26,,,13.176388888888889,142.28125,17.470138888888886,,0.8,,1.4,,6.9,260.90625,11.488541666666666,1022.8055555555555,
2025-11-27,,,10.282578397212543,158.73519163763066,17.09686411149826,,1.4,,2.2,,13.2,258.18466898954705,12.164459930313589,1015.8219512195122,
2025-11-28,,,11.4397212543554,155.46341463414635,16.669337979094077,,1.0,,1.3,,10.3,274.2048611111111,9.020138888888889,1019.2645833333333,
2025-11-29,,,10.49233449477352,153.22996515679444,16.52369337979094,,0.6,,1.0,,7.1,265.65625,11.238541666666666,1018.6468749999999,
2025-11-30,,,11.555400696864112,161.31010452961672,16.474564459930313,,0.8,,1.2,,8.5,252.2404181184669,16.75923344947735,1016.1188153310104,
2025-12-01,,,13.301079136690646,157.94604316546761,16.35359712230216,,0.7,,1.1,,7.9,235.99641577060933,15.174551971326164,1016.4491039426523,
2025-12-02,,,14.463986013986013,167.03496503496504,16.30104895104895,,0.5,,0.8,,7.8,291.780487804878,10.160627177700349,1018.9020905923346,
2025-12-03,,,16.663066202090594,156.79790940766551,15.945296167247387,,0.4,,0.7,,11.3,281.7638888888889,3.332638888888889,1022.0947916666667,
2025-12-04,,,20.677083333333332,148.91666666666666,15.449305555555554,,0.5,,0.7,,8.5,274.1145833333333,3.367361111111111,1025.195138888889,
2025-12-05,,,5.9,81.0,15.4,,0.4,,0.6,,5.1,244.0,6.7,1022.8,
2025-12-06,,,20.819791666666667,149.41319444444446,14.637152777777779,,0.6,,1.0,,8.4,258.1979166666667,7.187847222222222,1022.0274305555556,
2025-12-07,,,21.115625,141.74305555555554,14.494791666666666,,0.8,,1.3,,8.3,248.38888888888889,12.446527777777778,1020.482986111111,
2025-12-08,,,19.35763888888889,156.34722222222223,14.327777777777776,,0.8,,1.3,,8.8,251.78125,10.752083333333333,1023.5597222222223,
2025-12-09,,,14.977351916376307,162.87108013937282,14.12787456445993,,0.4,,0.7,,6.2,285.5173611111111,7.4750000000000005,1025.7624999999998,
2025-12-10,,,13.376041666666667,174.84375,14.677083333333334,,0.4,,0.6,,5.6,259.5208333333333,9.197916666666666,1025.1677083333334,
2025-12-11,,,11.194791666666667,170.67708333333334,14.463541666666666,,0.5,,0.7,,7.4,277.19097222222223,12.73611111111111,1018.8788194444444,
2025-12-12,,,6.977777777777778,197.67708333333334,14.402083333333334,,1.4,,2.3,,10.6,156.19791666666666,7.705555555555555,1028.8618055555555,
2025-12-13,,,7.69201388888889,186.25694444444446,14.957638888888889,,1.2,,1.9,,10.5,148.47569444444446,10.004166666666666,1021.5295138888889,
2025-12-14,,,14.335416666666667,126.69097222222223,15.013194444444444,,0.6,,0.9,,10.0,272.1111111111111,6.411458333333333,1017.0263888888888,
2025-12-15,,,10.057291666666666,158.39236111111111,15.161805555555556,,0.9,,1.3,,9.9,261.50347222222223,6.862847222222222,1023.7249999999999,
2025-12-16,,,8.29826388888889,173.0,15.029861111111112,,0.9,,1.3,,5.2,258.13194444444446,8.98611111111111,1023.2916666666666,
2025-12-17,,,10.188850174216027,167.2787456445993,14.889198606271776,,0.5,,0.8,,7.2,283.28125,10.885763888888889,1020.3576388888889,
2025-12-18,,,13.207692307692309,123.2867132867133,15.122727272727275,,0.7,,1.0,,5.6,285.75,9.577083333333333,1024.9375,
2025-12-19,,,16.363066202090593,131.54006968641116,15.304166666666667,,1.1,,1.8,,4.8,282.6388888888889,13.383680555555555,1021.9423611111112,
2025-12-20,,,16.546527777777776,163.71180555555554,16.54861111111111,,1.0,,1.7,,5.2,264.43402777777777,15.781597222222224,1018.2378472222222,
2025-12-21,,,17.163888888888888,162.61458333333334,15.94409722222222,,0.5,,0.8,,8.4,289.19444444444446,8.421180555555557,1023.1819444444445,
2025-12-22,,,12.666550522648084,168.74564459930315,15.556445993031359,,0.7,,1.1,,8.7,198.37847222222223,7.440625000000001,1028.6,
2025-12-23,,,16.154861111111114,158.45833333333334,15.76736111111111,,0.9,,1.2,,5.9,242.23611111111111,11.396875000000001,1022.8236111111112,
2025-12-24,,,14.842916666666667,152.72916666666666,15.730416666666667,,0.8,,1.6,,4.9,273.49377593361,11.363070539419088,1014.3780082987552,
2025-12-25,,,14.862068965517242,142.3310344827586,15.128767123287673,,0.5,,0.7,,10.8,291.63698630136986,3.686301369863014,1015.9527397260274,
2025-12-26,,,8.4,58.5,14.8,,0.4,,0.6,,5.2,292.0,0.5,1019.2,
2025-12-27,,,13.597628458498024,158.07114624505928,13.90592885375494,,0.7,,1.1,,9.1,266.8102766798419,3.953754940711462,1024.7505928853755,
2025-12-28,,,13.331597222222221,146.97916666666666,13.98576388888889,,0.5,,0.8,,6.4,270.62847222222223,7.3493055555555555,1022.8086805555556,
2025-12-29,,,11.373519163763065,115.63066202090593,13.970731707317073,,0.8,,1.3,,8.2,267.4791666666667,11.287152777777777,1017.998611111111,
2025-12-30,,,14.340972222222222,113.06597222222223,14.322916666666666,,0.5,,0.7,,6.8,248.76388888888889,8.007638888888888,1021.4621527777776,
2025-12-31,,,15.214583333333334,127.79513888888889,14.590625000000001,,0.4,,0.6,,7.7,293.7951388888889,3.397222222222222,1023.6885416666667,
2026-01-01,,,12.807246376811595,198.42028985507247,14.385507246376813,,0.3,,0.5,,7.6,295.1304347826087,0.744927536231884,1022.8768115942029,
2026-01-02,,,7.734545454545454,174.36363636363637,13.292727272727273,,0.5,,0.8,,8.5,281.3636363636364,1.370909090909091,1021.1363636363636,
2026-01-03,,,,,,,,,,,,,,,
2026-01-04,,,4.35,110.0,13.4,,0.4,,0.6,,4.7,268.6666666666667,8.766666666666667,,
2026-01-05,,,,,,,,,,,,,,,
2026-01-06,,,26.92391304347826,102.78985507246377,13.442446043165468,,0.6,,1.0,,5.7,280.95714285714286,7.337142857142857,1020.6122302158274,
2026-01-07,,,29.124369747899163,97.49579831932773,13.476666666666667,,0.5,,0.7,,9.9,257.15966386554624,8.466386554621849,1017.0449152542374,
2026-01-08,,,17.05375722543353,131.35838150289018,13.320114942528734,,0.5,,0.8,,6.9,281.5057471264368,2.535057471264368,1024.4270114942528,
2026-01-09,,,17.91785714285714,91.10714285714286,12.975,,0.5,,0.8,,5.4,275.82142857142856,1.0142857142857145,1024.9357142857143,
2026-01-10,,,,,,,,,,,,,,,
2026-01-11,,,,,,,,,,,,,,,
2026-01-12,,,16.73591836734694,96.65306122448979,12.837142857142856,,0.9,,1.4,,12.7,259.66530612244895,3.9016326530612244,1019.0620408163265,
2026-01-13,,,11.285017421602788,120.97212543554006,12.602090592334495,,1.6,,2.2,,11.2,259.2048611111111,7.879861111111111,1013.7159722222223,
2026-01-14,,,12.823344947735192,116.02439024390245,12.359930313588851,,0.8,,1.1,,6.5,265.34722222222223,4.896527777777778,1022.4319444444445,
2026-01-15,,,9.816666666666666,263.3333333333333,12.483333333333334,,0.5,,0.6,,1.7,301.5,9.216666666666667,1018.65,
2026-01-16,,,12.39763779527559,74.2578125,12.91015625,,0.4,,0.7,,5.0,214.234375,12.78828125,1016.70546875,
2026-01-17,,,14.799652777777778,152.83680555555554,12.792361111111113,,0.3,,0.6,,4.2,231.79861111111111,10.67013888888889,1018.2961805555556,
2026-01-18,,,17.043356643356642,148.04895104895104,12.887412587412587,,0.5,,0.7,,5.0,214.65972222222223,10.667708333333334,1020.0826388888888,
2026-01-19,,,17.5993031358885,145.62369337979095,12.942508710801393,,0.5,,0.9,,9.0,293.56597222222223,8.47013888888889,1018.21875,
2026-01-20,,,18.34878048780488,147.42160278745644,12.785365853658536,,1.0,,1.5,,9.5,231.00694444444446,3.2916666666666665,1021.7260416666666,
2026-01-21,,,19.389236111111114,145.78125,12.415624999999999,,0.9,,1.4,,10.4,282.5729166666667,1.140625,1022.438888888889,
2026-01-22,,,20.810069444444444,144.50347222222223,12.228472222222223,,0.6,,1.0,,11.4,276.6979166666667,2.195486111111111,1024.7395833333333,
2026-01-23,,,19.793379790940765,139.6724738675958,12.053658536585367,,0.5,,0.9,,7.7,248.15972222222223,2.689583333333333,1025.0454861111111,
2026-01-24,,,18.703146853146855,137.3986013986014,12.01958041958042,,0.6,,0.9,,10.3,261.5625,2.935416666666667,1022.3510416666666,
2026-01-25,,,17.08327526132404,138.98606271777004,12.137979094076655,,0.5,,0.7,,7.7,277.2604166666667,1.9871527777777775,1027.2635416666667,
2026-01-26,,,13.277351916376306,139.85365853658536,12.178745644599303,,0.7,,1.1,,7.3,287.2395833333333,3.7534722222222223,1024.2097222222224,
2026-01-27,,,10.319999999999999,132.74736842105264,12.123776223776224,,0.5,,0.9,,7.5,289.87847222222223,4.052083333333333,1021.9138888888889,
2026-01-28,,,12.273867595818816,112.55052264808363,12.067247386759583,,0.7,,0.9,,7.8,277.84722222222223,2.8493055555555555,1024.9930555555557,
2026-01-29,,,13.202083333333333,116.14236111111111,11.994791666666666,,0.5,,0.8,,9.4,266.59375,2.6368055555555556,1027.3475694444444,
2026-01-30,,,14.739721254355402,121.34494773519164,12.443205574912891,,0.5,,0.8,,9.6,273.1041666666667,1.5951388888888889,1027.3559027777778,
2026-01-31,,,21.347552447552445,112.67482517482517,13.533916083916083,,0.7,,0.9,,7.3,289.44097222222223,3.9770833333333337,1025.0385416666666,
2026-02-01,,,21.174564459930316,142.4843205574913,13.229616724738676,,0.5,,0.8,,8.1,286.65277777777777,3.4524305555555554,1024.8805555555555,
2026-02-02,,,22.03472222222222,140.65625,13.072569444444445,,0.5,,0.9,,8.1,285.5729166666667,3.064236111111111,1024.8604166666667,
2026-02-03,,,22.442160278745643,141.8815331010453,12.867595818815332,,0.5,,0.9,,7.9,263.62717770034845,4.083623693379791,1027.1104529616725,
2026-02-04,,,21.9,139.82167832167832,12.840909090909092,,0.6,,1.1,,9.0,256.41811846689893,7.605226480836237,1021.3139372822299,
2026-02-05,,,30.5,89.0,12.7,,0.5,,0.8,,4.6,266.0,8.6,1019.1,
2026-02-06,,,17.135069444444444,147.10416666666666,12.79861111111111,,0.7,,1.0,,10.8,232.58333333333334,8.390972222222222,1018.3812499999999,
2026-02-07,,,15.586062717770034,145.73519163763066,12.586411149825784,,0.7,,1.0,,10.9,287.1354166666667,2.631597222222222,1019.1315972222224,
2026-02-08,,,12.539236111111112,166.78819444444446,11.948958333333334,,1.4,,9.2,,12.2,274.4861111111111,2.316666666666667,1023.7538194444444,
2026-02-09,,,13.434375,108.15625,11.911805555555555,,1.0,,1.3,,7.7,256.15277777777777,4.043402777777778,1026.109375,
2026-02-10,,,13.411458333333334,116.1875,12.080208333333333,,0.6,,1.0,,8.3,255.10416666666666,6.242708333333334,1020.6045138888888,
2026-02-11,,,6.581533101045297,231.9651567944251,13.837282229965158,,0.4,,0.7,,8.2,272.7013888888889,8.112152777777778,1018.6885416666667,
2026-02-12,,,10.06423611111111,126.43402777777777,13.369791666666666,,0.4,,0.7,,8.1,265.4166666666667,8.205902777777778,1020.6694444444444,
2026-02-13,,,12.946341463414633,125.68641114982579,13.047386759581881,,0.7,,1.1,,9.3,260.7986111111111,9.621527777777779,1018.8947916666667,
2026-02-14,,,13.398257839721255,129.5121951219512,12.902439024390244,,0.4,,0.7,,6.6,253.65277777777777,11.831944444444444,1016.5989583333334,
2026-02-15,,,16.578819444444445,142.90277777777777,12.885416666666666,,0.5,,0.9,,9.0,234.875,12.77986111111111,1016.1881944444444,
2026-02-16,,,17.131010452961675,151.35191637630663,12.8404181184669,,1.3,,2.2,,9.3,145.2404181184669,9.101393728222996,1020.2993031358886,
2026-02-17,,,18.528919860627177,150.2334494773519,13.231707317073171,,1.3,,2.0,,8.5,224.53310104529618,8.813240418118466,1020.4177700348433,
2026-02-18,,,20.29581881533101,150.94773519163763,13.233101045296168,,0.9,,1.5,,8.9,226.17361111111111,7.464930555555556,1020.0576388888888,
2026-02-19,,,21.593402777777776,146.75,13.055902777777778,,0.7,,1.1,,9.0,267.49652777777777,7.995833333333334,1022.2940972222223,
2026-02-20,,,21.192708333333332,142.22222222222223,12.975694444444445,,0.8,,1.4,,9.6,249.85763888888889,10.505208333333334,1018.0996527777778,
2026-02-21,,,20.61423611111111,144.44097222222223,13.005555555555555,,0.9,,1.5,,10.9,241.44791666666666,12.560069444444444,1014.8486111111112,
2026-02-22,,,19.91842105263158,133.69662921348313,13.148689138576778,,1.7,,2.4,,12.9,228.8426966292135,14.759550561797754,1009.9513108614232,
2026-02-23,,,16.484027777777776,146.36805555555554,13.031944444444443,,0.9,,1.2,,8.8,256.37847222222223,8.289236111111112,1022.5972222222222,
2026-02-24,,,11.177777777777777,160.57638888888889,12.747222222222222,,0.9,,1.5,,9.1,113.70486111111111,7.497222222222222,1022.2541666666667,
2026-02-25,,,8.884374999999999,203.89236111111111,12.587152777777778,,1.9,,2.8,,11.5,34.78125,9.666666666666666,1020.970138888889,
2026-02-26,,,11.342857142857143,114.26829268292683,12.783275261324043,,1.4,,2.3,,10.0,32.91289198606272,10.566550522648082,1019.1216027874565,
2026-02-27,,,13.166666666666666,113.01041666666667,13.374652777777778,,1.2,,1.7,,7.5,56.354166666666664,9.215277777777779,1015.1409722222221,
2026-02-28,,,13.527777777777779,156.01736111111111,13.545833333333333,,1.0,,1.6,,9.1,131.36458333333334,8.678472222222222,1021.6444444444444,
