date,examinLcDetail,ecoli_max,enterococcus_max,ecoli_exceed,enterococcus_exceed,any_exceed,precip_daily,temp_daily,wind_max,wind_dir,solar_radiation_sum,dongbu_discharge_m3_day,haeundae_sewage_discharge_m3_day,송정_정점명,송정_정점코드,송정_유속(cm/s),송정_유향(deg),송정_수온(℃),송정_염분(PSU),송정_유의파고(m),송정_유의파주기(sec),송정_최대파고(m),송정_최대파주기(sec),송정_풍속(m/s),송정_풍향(deg),송정_기온(℃),송정_기압(hPa),송정_시정(m),year,month,is_weekend,precip_1d_lag,precip_2d_sum_lag,precip_3d_sum_lag,precip_5d_sum_lag,CSO_Flag_Rain,dry_days_count,temp_1d_lag,wind_max_1d_lag,solar_radiation_1d_lag,dongbu_discharge_1d_lag,dongbu_discharge_3d_mean,haeundae_sewage_discharge_1d_lag,haeundae_sewage_discharge_3d_mean,송정_유속(cm/s)_1d_lag,송정_수온(℃)_1d_lag,송정_유의파고(m)_1d_lag,송정_유의파주기(sec)_1d_lag,송정_최대파고(m)_1d_lag,송정_최대파주기(sec)_1d_lag,송정_풍속(m/s)_1d_lag,송정_풍향(deg)_1d_lag
2015-06-16,A,10.0,5.0,False,False,0,1.3,20.6,11.6,181,14.76,,35769,,,,,,,,,,,,,,,,2015,6,0,,,,,0,0,,,,,,,,,,,,,,,
2015-06-16,D,20.0,10.0,False,False,0,1.3,20.6,11.6,181,14.76,,35769,,,,,,,,,,,,,,,,2015,6,0,,,,,0,0,,,,,,,,,,,,,,,
2015-06-16,E,10.0,10.0,False,False,0,1.3,20.6,11.6,181,14.76,,35769,,,,,,,,,,,,,,,,2015,6,0,,,,,0,0,,,,,,,,,,,,,,,
2015-07-02,A,210.0,1.0,False,False,0,0.0,21.3,16.3,223,25.92,,36005,,,,,,,,,,,,,,,,2015,7,0,2.4,42.1,42.1,42.3,0,1,21.6,20.4,21.86,,,38041.0,38544.0,,,,,,,,
2015-07-02,B,20.0,5.0,False,False,0,0.0,21.3,16.3,223,25.92,,36005,,,,,,,,,,,,,,,,2015,7,0,2.4,42.1,42.1,42.3,0,1,21.6,20.4,21.86,,,38041.0,38544.0,,,,,,,,
2015-07-02,C,20.0,1.0,False,False,0,0.0,21.3,16.3,223,25.92,,36005,,,,,,,,,,,,,,,,2015,7,0,2.4,42.1,42.1,42.3,0,1,21.6,20.4,21.86,,,38041.0,38544.0,,,,,,,,
2015-07-02,D,41.0,1.0,False,False,0,0.0,21.3,16.3,223,25.92,,36005,,,,,,,,,,,,,,,,2015,7,0,2.4,42.1,42.1,42.3,0,1,21.6,20.4,21.86,,,38041.0,38544.0,,,,,,,,
2015-07-02,E,41.0,1.0,False,False,0,0.0,21.3,16.3,223,25.92,,36005,,,,,,,,,,,,,,,,2015,7,0,2.4,42.1,42.1,42.3,0,1,21.6,20.4,21.86,,,38041.0,38544.0,,,,,,,,
2015-07-16,A,820.0,1.0,True,False,1,0.0,21.3,33.2,28,18.16,,36364,,,,,,,,,,,,,,,,2015,7,0,0.0,0.0,5.1,82.6,0,3,23.5,23.8,22.07,,,39473.0,41726.0,,,,,,,,
2015-07-16,B,920.0,5.0,True,False,1,0.0,21.3,33.2,28,18.16,,36364,,,,,,,,,,,,,,,,2015,7,0,0.0,0.0,5.1,82.6,0,3,23.5,23.8,22.07,,,39473.0,41726.0,,,,,,,,
2015-07-16,C,1400.0,5.0,True,False,1,0.0,21.3,33.2,28,18.16,,36364,,,,,,,,,,,,,,,,2015,7,0,0.0,0.0,5.1,82.6,0,3,23.5,23.8,22.07,,,39473.0,41726.0,,,,,,,,
2015-07-16,D,1100.0,15.0,True,False,1,0.0,21.3,33.2,28,18.16,,36364,,,,,,,,,,,,,,,,2015,7,0,0.0,0.0,5.1,82.6,0,3,23.5,23.8,22.07,,,39473.0,41726.0,,,,,,,,
2015-07-16,E,840.0,5.0,True,False,1,0.0,21.3,33.2,28,18.16,,36364,,,,,,,,,,,,,,,,2015,7,0,0.0,0.0,5.1,82.6,0,3,23.5,23.8,22.07,,,39473.0,41726.0,,,,,,,,
2015-07-20,A,120.0,32.0,False,False,0,1.2,23.0,16.6,43,11.24,,39390,,,,,,,,,,,,,,,,2015,7,0,1.2,1.2,6.7,6.7,0,0,22.1,15.6,14.91,,,38138.0,37098.0,,,,,,,,
2015-07-20,B,20.0,10.0,False,False,0,1.2,23.0,16.6,43,11.24,,39390,,,,,,,,,,,,,,,,2015,7,0,1.2,1.2,6.7,6.7,0,0,22.1,15.6,14.91,,,38138.0,37098.0,,,,,,,,
2015-07-20,C,96.0,1.0,False,False,0,1.2,23.0,16.6,43,11.24,,39390,,,,,,,,,,,,,,,,2015,7,0,1.2,1.2,6.7,6.7,0,0,22.1,15.6,14.91,,,38138.0,37098.0,,,,,,,,
2015-07-20,D,41.0,1.0,False,False,0,1.2,23.0,16.6,43,11.24,,39390,,,,,,,,,,,,,,,,2015,7,0,1.2,1.2,6.7,6.7,0,0,22.1,15.6,14.91,,,38138.0,37098.0,,,,,,,,
2015-07-20,E,85.0,1.0,False,False,0,1.2,23.0,16.6,43,11.24,,39390,,,,,,,,,,,,,,,,2015,7,0,1.2,1.2,6.7,6.7,0,0,22.1,15.6,14.91,,,38138.0,37098.0,,,,,,,,
2015-07-28,A,52.0,1.0,False,False,0,0.8,27.0,14.3,238,20.87,,38171,,,,,,,,,,,,,,,,2015,7,0,0.2,0.2,0.2,12.6,0,0,26.5,19.1,24.19,,,39017.0,39613.333333333336,,,,,,,,
2015-07-28,B,20.0,1.0,False,False,0,0.8,27.0,14.3,238,20.87,,38171,,,,,,,,,,,,,,,,2015,7,0,0.2,0.2,0.2,12.6,0,0,26.5,19.1,24.19,,,39017.0,39613.333333333336,,,,,,,,
2015-07-28,C,31.0,1.0,False,False,0,0.8,27.0,14.3,238,20.87,,38171,,,,,,,,,,,,,,,,2015,7,0,0.2,0.2,0.2,12.6,0,0,26.5,19.1,24.19,,,39017.0,39613.333333333336,,,,,,,,
2015-07-28,D,270.0,1.0,False,False,0,0.8,27.0,14.3,238,20.87,,38171,,,,,,,,,,,,,,,,2015,7,0,0.2,0.2,0.2,12.6,0,0,26.5,19.1,24.19,,,39017.0,39613.333333333336,,,,,,,,
2015-07-28,E,440.0,1.0,False,False,0,0.8,27.0,14.3,238,20.87,,38171,,,,,,,,,,,,,,,,2015,7,0,0.2,0.2,0.2,12.6,0,0,26.5,19.1,24.19,,,39017.0,39613.333333333336,,,,,,,,
2015-08-04,A,160.0,10.0,False,False,0,0.0,26.5,18.6,229,25.69,,37977,,,,,,,,,,,,,,,,2015,8,0,0.0,0.0,0.0,0.0,0,6,26.4,19.5,25.12,,,38919.0,39625.333333333336,,,,,,,,
2015-08-04,B,120.0,1.0,False,False,0,0.0,26.5,18.6,229,25.69,,37977,,,,,,,,,,,,,,,,2015,8,0,0.0,0.0,0.0,0.0,0,6,26.4,19.5,25.12,,,38919.0,39625.333333333336,,,,,,,,
2015-08-04,C,52.0,1.0,False,False,0,0.0,26.5,18.6,229,25.69,,37977,,,,,,,,,,,,,,,,2015,8,0,0.0,0.0,0.0,0.0,0,6,26.4,19.5,25.12,,,38919.0,39625.333333333336,,,,,,,,
2015-08-04,D,75.0,15.0,False,False,0,0.0,26.5,18.6,229,25.69,,37977,,,,,,,,,,,,,,,,2015,8,0,0.0,0.0,0.0,0.0,0,6,26.4,19.5,25.12,,,38919.0,39625.333333333336,,,,,,,,
2015-08-04,E,230.0,10.0,False,False,0,0.0,26.5,18.6,229,25.69,,37977,,,,,,,,,,,,,,,,2015,8,0,0.0,0.0,0.0,0.0,0,6,26.4,19.5,25.12,,,38919.0,39625.333333333336,,,,,,,,
2015-09-21,A,10.0,1.0,False,False,0,0.0,21.1,15.9,58,19.11,,39418,,,,,,,,,,,,,,,,2015,9,0,0.0,0.0,2.0,37.9,0,3,20.3,7.7,17.04,,,42079.0,42002.666666666664,,,,,,,,
2015-09-21,B,1.0,1.0,False,False,0,0.0,21.1,15.9,58,19.11,,39418,,,,,,,,,,,,,,,,2015,9,0,0.0,0.0,2.0,37.9,0,3,20.3,7.7,17.04,,,42079.0,42002.666666666664,,,,,,,,
2015-09-21,C,10.0,1.0,False,False,0,0.0,21.1,15.9,58,19.11,,39418,,,,,,,,,,,,,,,,2015,9,0,0.0,0.0,2.0,37.9,0,3,20.3,7.7,17.04,,,42079.0,42002.666666666664,,,,,,,,
2015-09-21,D,10.0,5.0,False,False,0,0.0,21.1,15.9,58,19.11,,39418,,,,,,,,,,,,,,,,2015,9,0,0.0,0.0,2.0,37.9,0,3,20.3,7.7,17.04,,,42079.0,42002.666666666664,,,,,,,,
2015-09-21,E,10.0,1.0,False,False,0,0.0,21.1,15.9,58,19.11,,39418,,,,,,,,,,,,,,,,2015,9,0,0.0,0.0,2.0,37.9,0,3,20.3,7.7,17.04,,,42079.0,42002.666666666664,,,,,,,,
2016-05-12,A,10.0,1.0,False,False,0,0.0,16.2,14.5,229,27.99,,38498,,,,,,,,,,,,,,,,2016,5,0,0.0,20.1,21.200000000000003,21.200000000000003,0,2,14.6,16.2,18.44,,,38861.0,38940.666666666664,,,,,,,,
2016-05-12,B,1.0,1.0,False,False,0,0.0,16.2,14.5,229,27.99,,38498,,,,,,,,,,,,,,,,2016,5,0,0.0,20.1,21.200000000000003,21.200000000000003,0,2,14.6,16.2,18.44,,,38861.0,38940.666666666664,,,,,,,,
2016-05-12,C,1.0,5.0,False,False,0,0.0,16.2,14.5,229,27.99,,38498,,,,,,,,,,,,,,,,2016,5,0,0.0,20.1,21.200000000000003,21.200000000000003,0,2,14.6,16.2,18.44,,,38861.0,38940.666666666664,,,,,,,,
2016-05-12,D,1.0,1.0,False,False,0,0.0,16.2,14.5,229,27.99,,38498,,,,,,,,,,,,,,,,2016,5,0,0.0,20.1,21.200000000000003,21.200000000000003,0,2,14.6,16.2,18.44,,,38861.0,38940.666666666664,,,,,,,,
2016-05-12,E,1.0,1.0,False,False,0,0.0,16.2,14.5,229,27.99,,38498,,,,,,,,,,,,,,,,2016,5,0,0.0,20.1,21.200000000000003,21.200000000000003,0,2,14.6,16.2,18.44,,,38861.0,38940.666666666664,,,,,,,,
2016-06-07,A,1.0,1.0,False,False,0,0.8,20.1,8.3,155,19.01,,39487,,,,,,,,,,,,,,,,2016,6,0,1.1,1.1,7.5,7.5,0,0,19.3,17.2,7.29,,,38974.0,39822.666666666664,,,,,,,,
2016-06-07,B,1.0,5.0,False,False,0,0.8,20.1,8.3,155,19.01,,39487,,,,,,,,,,,,,,,,2016,6,0,1.1,1.1,7.5,7.5,0,0,19.3,17.2,7.29,,,38974.0,39822.666666666664,,,,,,,,
2016-06-07,C,10.0,10.0,False,False,0,0.8,20.1,8.3,155,19.01,,39487,,,,,,,,,,,,,,,,2016,6,0,1.1,1.1,7.5,7.5,0,0,19.3,17.2,7.29,,,38974.0,39822.666666666664,,,,,,,,
2016-06-07,D,1.0,5.0,False,False,0,0.8,20.1,8.3,155,19.01,,39487,,,,,,,,,,,,,,,,2016,6,0,1.1,1.1,7.5,7.5,0,0,19.3,17.2,7.29,,,38974.0,39822.666666666664,,,,,,,,
2016-06-07,E,31.0,21.0,False,False,0,0.8,20.1,8.3,155,19.01,,39487,,,,,,,,,,,,,,,,2016,6,0,1.1,1.1,7.5,7.5,0,0,19.3,17.2,7.29,,,38974.0,39822.666666666664,,,,,,,,
2016-06-27,A,20.0,5.0,False,False,0,0.8,21.1,13.1,215,11.33,,39250,,,,,,,,,,,,,,,,2016,6,0,0.0,0.0,11.2,55.2,0,0,22.2,12.1,25.77,,,42899.0,41106.0,,,,,,,,
2016-06-27,B,52.0,10.0,False,False,0,0.8,21.1,13.1,215,11.33,,39250,,,,,,,,,,,,,,,,2016,6,0,0.0,0.0,11.2,55.2,0,0,22.2,12.1,25.77,,,42899.0,41106.0,,,,,,,,
2016-06-27,C,1.0,1.0,False,False,0,0.8,21.1,13.1,215,11.33,,39250,,,,,,,,,,,,,,,,2016,6,0,0.0,0.0,11.2,55.2,0,0,22.2,12.1,25.77,,,42899.0,41106.0,,,,,,,,
2016-06-27,D,160.0,5.0,False,False,0,0.8,21.1,13.1,215,11.33,,39250,,,,,,,,,,,,,,,,2016,6,0,0.0,0.0,11.2,55.2,0,0,22.2,12.1,25.77,,,42899.0,41106.0,,,,,,,,
2016-06-27,E,140.0,10.0,False,False,0,0.8,21.1,13.1,215,11.33,,39250,,,,,,,,,,,,,,,,2016,6,0,0.0,0.0,11.2,55.2,0,0,22.2,12.1,25.77,,,42899.0,41106.0,,,,,,,,
2016-07-11,A,340.0,55.0,False,False,0,4.5,24.5,14.8,170,10.2,,40196,,,,,,,,,,,,,,,,2016,7,0,0.0,0.0,2.7,5.2,1,0,24.8,10.7,20.56,,,38495.0,39149.666666666664,,,,,,,,
2016-07-11,B,230.0,37.0,False,False,0,4.5,24.5,14.8,170,10.2,,40196,,,,,,,,,,,,,,,,2016,7,0,0.0,0.0,2.7,5.2,1,0,24.8,10.7,20.56,,,38495.0,39149.666666666664,,,,,,,,
2016-07-11,C,420.0,68.0,False,False,0,4.5,24.5,14.8,170,10.2,,40196,,,,,,,,,,,,,,,,2016,7,0,0.0,0.0,2.7,5.2,1,0,24.8,10.7,20.56,,,38495.0,39149.666666666664,,,,,,,,
2016-07-11,D,250.0,16.0,False,False,0,4.5,24.5,14.8,170,10.2,,40196,,,,,,,,,,,,,,,,2016,7,0,0.0,0.0,2.7,5.2,1,0,24.8,10.7,20.56,,,38495.0,39149.666666666664,,,,,,,,
2016-07-11,E,86.0,5.0,False,False,0,4.5,24.5,14.8,170,10.2,,40196,,,,,,,,,,,,,,,,2016,7,0,0.0,0.0,2.7,5.2,1,0,24.8,10.7,20.56,,,38495.0,39149.666666666664,,,,,,,,
2016-07-19,A,320.0,66.0,False,False,0,0.0,24.0,16.2,83,20.88,,37450,,,,,,,,,,,,,,,,2016,7,0,0.0,0.0,6.000000000000001,7.300000000000001,0,3,24.3,9.2,22.7,,,37166.0,39002.666666666664,,,,,,,,
2016-07-19,B,170.0,76.0,False,False,0,0.0,24.0,16.2,83,20.88,,37450,,,,,,,,,,,,,,,,2016,7,0,0.0,0.0,6.000000000000001,7.300000000000001,0,3,24.3,9.2,22.7,,,37166.0,39002.666666666664,,,,,,,,
2016-07-19,C,120.0,38.0,False,False,0,0.0,24.0,16.2,83,20.88,,37450,,,,,,,,,,,,,,,,2016,7,0,0.0,0.0,6.000000000000001,7.300000000000001,0,3,24.3,9.2,22.7,,,37166.0,39002.666666666664,,,,,,,,
2016-07-19,D,97.0,32.0,False,False,0,0.0,24.0,16.2,83,20.88,,37450,,,,,,,,,,,,,,,,2016,7,0,0.0,0.0,6.000000000000001,7.300000000000001,0,3,24.3,9.2,22.7,,,37166.0,39002.666666666664,,,,,,,,
2016-07-19,E,160.0,21.0,False,False,0,0.0,24.0,16.2,83,20.88,,37450,,,,,,,,,,,,,,,,2016,7,0,0.0,0.0,6.000000000000001,7.300000000000001,0,3,24.3,9.2,22.7,,,37166.0,39002.666666666664,,,,,,,,
2016-07-26,A,120.0,1.0,False,False,0,0.7,26.9,18.3,225,21.89,,37544,,,,,,,,,,,,,,,,2016,7,0,4.2,4.9,4.900000000000001,4.9,0,0,26.6,11.6,16.12,,,38358.0,38273.0,,,,,,,,
2016-07-26,B,86.0,5.0,False,False,0,0.7,26.9,18.3,225,21.89,,37544,,,,,,,,,,,,,,,,2016,7,0,4.2,4.9,4.900000000000001,4.9,0,0,26.6,11.6,16.12,,,38358.0,38273.0,,,,,,,,
2016-07-26,C,97.0,10.0,False,False,0,0.7,26.9,18.3,225,21.89,,37544,,,,,,,,,,,,,,,,2016,7,0,4.2,4.9,4.900000000000001,4.9,0,0,26.6,11.6,16.12,,,38358.0,38273.0,,,,,,,,
2016-07-26,D,97.0,15.0,False,False,0,0.7,26.9,18.3,225,21.89,,37544,,,,,,,,,,,,,,,,2016,7,0,4.2,4.9,4.900000000000001,4.9,0,0,26.6,11.6,16.12,,,38358.0,38273.0,,,,,,,,
2016-07-26,E,20.0,1.0,False,False,0,0.7,26.9,18.3,225,21.89,,37544,,,,,,,,,,,,,,,,2016,7,0,4.2,4.9,4.900000000000001,4.9,0,0,26.6,11.6,16.12,,,38358.0,38273.0,,,,,,,,
2016-08-09,A,31.0,10.0,False,False,0,0.1,27.6,17.1,51,18.69,,39764,,,,,,,,,,,,,,,,2016,8,0,1.0,1.0,1.0000000000000036,1.4,0,0,29.0,6.9,23.25,,,37756.0,37991.666666666664,,,,,,,,
2016-08-09,C,31.0,,False,False,0,0.1,27.6,17.1,51,18.69,,39764,,,,,,,,,,,,,,,,2016,8,0,1.0,1.0,1.0000000000000036,1.4,0,0,29.0,6.9,23.25,,,37756.0,37991.666666666664,,,,,,,,
2016-08-09,D,10.0,,False,False,0,0.1,27.6,17.1,51,18.69,,39764,,,,,,,,,,,,,,,,2016,8,0,1.0,1.0,1.0000000000000036,1.4,0,0,29.0,6.9,23.25,,,37756.0,37991.666666666664,,,,,,,,
2016-08-09,E,10.0,,False,False,0,0.1,27.6,17.1,51,18.69,,39764,,,,,,,,,,,,,,,,2016,8,0,1.0,1.0,1.0000000000000036,1.4,0,0,29.0,6.9,23.25,,,37756.0,37991.666666666664,,,,,,,,
2016-08-17,A,20.0,,False,False,0,0.0,27.6,9.1,56,22.29,,39840,,,,,,,,,,,,,,,,2016,8,0,32.5,36.3,36.300000000000004,36.9,0,1,26.9,17.2,13.45,,,35534.0,40204.0,,,,,,,,
2016-08-17,B,52.0,10.0,False,False,0,0.0,27.6,9.1,56,22.29,,39840,,,,,,,,,,,,,,,,2016,8,0,32.5,36.3,36.300000000000004,36.9,0,1,26.9,17.2,13.45,,,35534.0,40204.0,,,,,,,,
2016-08-17,C,160.0,10.0,False,False,0,0.0,27.6,9.1,56,22.29,,39840,,,,,,,,,,,,,,,,2016,8,0,32.5,36.3,36.300000000000004,36.9,0,1,26.9,17.2,13.45,,,35534.0,40204.0,,,,,,,,
2016-08-17,D,20.0,,False,False,0,0.0,27.6,9.1,56,22.29,,39840,,,,,,,,,,,,,,,,2016,8,0,32.5,36.3,36.300000000000004,36.9,0,1,26.9,17.2,13.45,,,35534.0,40204.0,,,,,,,,
2016-08-17,E,10.0,,False,False,0,0.0,27.6,9.1,56,22.29,,39840,,,,,,,,,,,,,,,,2016,8,0,32.5,36.3,36.300000000000004,36.9,0,1,26.9,17.2,13.45,,,35534.0,40204.0,,,,,,,,
2016-08-22,A,330.0,5.0,False,False,0,0.0,27.3,16.3,40,21.87,,40140,,,,,,,,,,,,,,,,2016,8,0,0.0,0.0,0.0,0.0,0,6,27.5,17.9,20.89,,,40222.0,39994.333333333336,,,,,,,,
2016-08-22,B,280.0,,False,False,0,0.0,27.3,16.3,40,21.87,,40140,,,,,,,,,,,,,,,,2016,8,0,0.0,0.0,0.0,0.0,0,6,27.5,17.9,20.89,,,40222.0,39994.333333333336,,,,,,,,
2016-08-22,C,130.0,,False,False,0,0.0,27.3,16.3,40,21.87,,40140,,,,,,,,,,,,,,,,2016,8,0,0.0,0.0,0.0,0.0,0,6,27.5,17.9,20.89,,,40222.0,39994.333333333336,,,,,,,,
2016-08-22,D,400.0,15.0,False,False,0,0.0,27.3,16.3,40,21.87,,40140,,,,,,,,,,,,,,,,2016,8,0,0.0,0.0,0.0,0.0,0,6,27.5,17.9,20.89,,,40222.0,39994.333333333336,,,,,,,,
2016-08-22,E,400.0,32.0,False,False,0,0.0,27.3,16.3,40,21.87,,40140,,,,,,,,,,,,,,,,2016,8,0,0.0,0.0,0.0,0.0,0,6,27.5,17.9,20.89,,,40222.0,39994.333333333336,,,,,,,,
2016-09-07,A,150.0,5.0,False,False,0,0.1,25.1,6.9,352,12.08,,41652,,,,,,,,,,,,,,,,2016,9,0,0.0,18.5,18.7,207.7,0,0,24.8,6.8,12.0,,,43115.0,44750.333333333336,,,,,,,,
2016-09-07,B,150.0,16.0,False,False,0,0.1,25.1,6.9,352,12.08,,41652,,,,,,,,,,,,,,,,2016,9,0,0.0,18.5,18.7,207.7,0,0,24.8,6.8,12.0,,,43115.0,44750.333333333336,,,,,,,,
2016-09-07,C,160.0,21.0,False,False,0,0.1,25.1,6.9,352,12.08,,41652,,,,,,,,,,,,,,,,2016,9,0,0.0,18.5,18.7,207.7,0,0,24.8,6.8,12.0,,,43115.0,44750.333333333336,,,,,,,,
2016-10-04,A,63.0,,False,False,0,0.3,22.4,26.5,41,14.45,,42046,,,,,,,,,,,,,,,,2016,10,0,0.0,0.5,8.5,55.5,0,0,23.9,18.7,13.45,,,43849.0,45281.333333333336,,,,,,,,
2016-10-04,B,41.0,,False,False,0,0.3,22.4,26.5,41,14.45,,42046,,,,,,,,,,,,,,,,2016,10,0,0.0,0.5,8.5,55.5,0,0,23.9,18.7,13.45,,,43849.0,45281.333333333336,,,,,,,,
2016-10-04,C,52.0,,False,False,0,0.3,22.4,26.5,41,14.45,,42046,,,,,,,,,,,,,,,,2016,10,0,0.0,0.5,8.5,55.5,0,0,23.9,18.7,13.45,,,43849.0,45281.333333333336,,,,,,,,
2016-10-04,D,74.0,5.0,False,False,0,0.3,22.4,26.5,41,14.45,,42046,,,,,,,,,,,,,,,,2016,10,0,0.0,0.5,8.5,55.5,0,0,23.9,18.7,13.45,,,43849.0,45281.333333333336,,,,,,,,
2016-10-04,E,97.0,,False,False,0,0.3,22.4,26.5,41,14.45,,42046,,,,,,,,,,,,,,,,2016,10,0,0.0,0.5,8.5,55.5,0,0,23.9,18.7,13.45,,,43849.0,45281.333333333336,,,,,,,,
2017-05-15,A,10.0,1.0,False,False,0,0.0,17.4,21.1,282,26.65,,35830,,,,,,,,,,,,,,,,2017,5,0,0.0,0.0,19.6,21.6,0,3,17.6,24.7,27.53,,,37428.0,37897.666666666664,,,,,,,,
2017-05-15,B,10.0,5.0,False,False,0,0.0,17.4,21.1,282,26.65,,35830,,,,,,,,,,,,,,,,2017,5,0,0.0,0.0,19.6,21.6,0,3,17.6,24.7,27.53,,,37428.0,37897.666666666664,,,,,,,,
2017-05-15,C,10.0,1.0,False,False,0,0.0,17.4,21.1,282,26.65,,35830,,,,,,,,,,,,,,,,2017,5,0,0.0,0.0,19.6,21.6,0,3,17.6,24.7,27.53,,,37428.0,37897.666666666664,,,,,,,,
2017-05-15,D,1.0,5.0,False,False,0,0.0,17.4,21.1,282,26.65,,35830,,,,,,,,,,,,,,,,2017,5,0,0.0,0.0,19.6,21.6,0,3,17.6,24.7,27.53,,,37428.0,37897.666666666664,,,,,,,,
2017-05-15,E,1.0,1.0,False,False,0,0.0,17.4,21.1,282,26.65,,35830,,,,,,,,,,,,,,,,2017,5,0,0.0,0.0,19.6,21.6,0,3,17.6,24.7,27.53,,,37428.0,37897.666666666664,,,,,,,,
2017-06-09,A,31.0,1.0,False,False,0,0.0,21.6,20.6,243,26.06,,33874,,,,,,,,,,,,,,,,2017,6,0,0.0,16.500000000000014,19.3,19.3,0,2,20.1,17.5,29.25,,,35041.0,35376.0,,,,,,,,
2017-06-09,B,20.0,5.0,False,False,0,0.0,21.6,20.6,243,26.06,,33874,,,,,,,,,,,,,,,,2017,6,0,0.0,16.500000000000014,19.3,19.3,0,2,20.1,17.5,29.25,,,35041.0,35376.0,,,,,,,,
2017-06-09,C,1.0,1.0,False,False,0,0.0,21.6,20.6,243,26.06,,33874,,,,,,,,,,,,,,,,2017,6,0,0.0,16.500000000000014,19.3,19.3,0,2,20.1,17.5,29.25,,,35041.0,35376.0,,,,,,,,
2017-06-09,D,10.0,5.0,False,False,0,0.0,21.6,20.6,243,26.06,,33874,,,,,,,,,,,,,,,,2017,6,0,0.0,16.500000000000014,19.3,19.3,0,2,20.1,17.5,29.25,,,35041.0,35376.0,,,,,,,,
2017-06-09,E,1.0,21.0,False,False,0,0.0,21.6,20.6,243,26.06,,33874,,,,,,,,,,,,,,,,2017,6,0,0.0,16.500000000000014,19.3,19.3,0,2,20.1,17.5,29.25,,,35041.0,35376.0,,,,,,,,
2017-06-22,A,1.0,5.0,False,False,0,0.0,22.7,18.1,213,27.15,,35628,,,,,,,,,,,,,,,,2017,6,0,4.7,10.700000000000014,10.7,10.7,0,1,21.5,21.3,23.55,,,35967.0,36062.333333333336,,,,,,,,
2017-06-22,B,1.0,1.0,False,False,0,0.0,22.7,18.1,213,27.15,,35628,,,,,,,,,,,,,,,,2017,6,0,4.7,10.700000000000014,10.7,10.7,0,1,21.5,21.3,23.55,,,35967.0,36062.333333333336,,,,,,,,
2017-06-22,C,10.0,1.0,False,False,0,0.0,22.7,18.1,213,27.15,,35628,,,,,,,,,,,,,,,,2017,6,0,4.7,10.700000000000014,10.7,10.7,0,1,21.5,21.3,23.55,,,35967.0,36062.333333333336,,,,,,,,
2017-06-22,D,1.0,10.0,False,False,0,0.0,22.7,18.1,213,27.15,,35628,,,,,,,,,,,,,,,,2017,6,0,4.7,10.700000000000014,10.7,10.7,0,1,21.5,21.3,23.55,,,35967.0,36062.333333333336,,,,,,,,
2017-06-22,E,1.0,1.0,False,False,0,0.0,22.7,18.1,213,27.15,,35628,,,,,,,,,,,,,,,,2017,6,0,4.7,10.700000000000014,10.7,10.7,0,1,21.5,21.3,23.55,,,35967.0,36062.333333333336,,,,,,,,
2017-07-07,A,259.0,37.0,False,False,0,5.5,24.3,22.5,230,10.5,,36470,,,,,,,,,,,,,,,,2017,7,0,2.3,9.400000000000013,18.3,31.099999999999998,1,0,24.1,19.5,15.98,,,37251.0,47747.0,,,,,,,,
2017-07-07,B,288.0,26.0,False,False,0,5.5,24.3,22.5,230,10.5,,36470,,,,,,,,,,,,,,,,2017,7,0,2.3,9.400000000000013,18.3,31.099999999999998,1,0,24.1,19.5,15.98,,,37251.0,47747.0,,,,,,,,
2017-07-07,C,228.0,16.0,False,False,0,5.5,24.3,22.5,230,10.5,,36470,,,,,,,,,,,,,,,,2017,7,0,2.3,9.400000000000013,18.3,31.099999999999998,1,0,24.1,19.5,15.98,,,37251.0,47747.0,,,,,,,,
2017-07-07,D,41.0,16.0,False,False,0,5.5,24.3,22.5,230,10.5,,36470,,,,,,,,,,,,,,,,2017,7,0,2.3,9.400000000000013,18.3,31.099999999999998,1,0,24.1,19.5,15.98,,,37251.0,47747.0,,,,,,,,
2017-07-07,E,20.0,5.0,False,False,0,5.5,24.3,22.5,230,10.5,,36470,,,,,,,,,,,,,,,,2017,7,0,2.3,9.400000000000013,18.3,31.099999999999998,1,0,24.1,19.5,15.98,,,37251.0,47747.0,,,,,,,,
2017-07-13,A,10.0,1.0,False,False,0,0.0,25.5,20.2,229,27.44,,36589,,,,,,,,,,,,,,,,2017,7,0,0.0,3.1000000000000143,28.8,30.999999999999996,0,2,26.7,18.6,26.68,,,37728.0,36580.333333333336,,,,,,,,
2017-07-13,B,41.0,5.0,False,False,0,0.0,25.5,20.2,229,27.44,,36589,,,,,,,,,,,,,,,,2017,7,0,0.0,3.1000000000000143,28.8,30.999999999999996,0,2,26.7,18.6,26.68,,,37728.0,36580.333333333336,,,,,,,,
2017-07-13,C,1.0,1.0,False,False,0,0.0,25.5,20.2,229,27.44,,36589,,,,,,,,,,,,,,,,2017,7,0,0.0,3.1000000000000143,28.8,30.999999999999996,0,2,26.7,18.6,26.68,,,37728.0,36580.333333333336,,,,,,,,
2017-07-13,D,1.0,1.0,False,False,0,0.0,25.5,20.2,229,27.44,,36589,,,,,,,,,,,,,,,,2017,7,0,0.0,3.1000000000000143,28.8,30.999999999999996,0,2,26.7,18.6,26.68,,,37728.0,36580.333333333336,,,,,,,,
2017-07-13,E,10.0,1.0,False,False,0,0.0,25.5,20.2,229,27.44,,36589,,,,,,,,,,,,,,,,2017,7,0,0.0,3.1000000000000143,28.8,30.999999999999996,0,2,26.7,18.6,26.68,,,37728.0,36580.333333333336,,,,,,,,
2017-07-19,A,1.0,5.0,False,False,0,0.1,27.1,18.2,200,26.13,,39043,,,,,,,,,,,,,,,,2017,7,0,7.7,9.000000000000014,9.3,10.499999999999996,0,0,26.2,16.5,16.28,,,42269.0,40420.666666666664,,,,,,,,
2017-07-19,B,10.0,1.0,False,False,0,0.1,27.1,18.2,200,26.13,,39043,,,,,,,,,,,,,,,,2017,7,0,7.7,9.000000000000014,9.3,10.499999999999996,0,0,26.2,16.5,16.28,,,42269.0,40420.666666666664,,,,,,,,
2017-07-19,C,1.0,1.0,False,False,0,0.1,27.1,18.2,200,26.13,,39043,,,,,,,,,,,,,,,,2017,7,0,7.7,9.000000000000014,9.3,10.499999999999996,0,0,26.2,16.5,16.28,,,42269.0,40420.666666666664,,,,,,,,
2017-07-19,D,1.0,1.0,False,False,0,0.1,27.1,18.2,200,26.13,,39043,,,,,,,,,,,,,,,,2017,7,0,7.7,9.000000000000014,9.3,10.499999999999996,0,0,26.2,16.5,16.28,,,42269.0,40420.666666666664,,,,,,,,
2017-07-19,E,10.0,1.0,False,False,0,0.1,27.1,18.2,200,26.13,,39043,,,,,,,,,,,,,,,,2017,7,0,7.7,9.000000000000014,9.3,10.499999999999996,0,0,26.2,16.5,16.28,,,42269.0,40420.666666666664,,,,,,,,
2017-07-27,A,1.0,1.0,False,False,0,0.0,24.6,19.1,49,26.77,,36061,,,,,,,,,,,,,,,,2017,7,0,0.0,27.700000000000014,30.4,30.599999999999998,0,2,24.8,30.0,24.98,,,36611.0,37118.0,,,,,,,,
2017-07-27,B,1.0,1.0,False,False,0,0.0,24.6,19.1,49,26.77,,36061,,,,,,,,,,,,,,,,2017,7,0,0.0,27.700000000000014,30.4,30.599999999999998,0,2,24.8,30.0,24.98,,,36611.0,37118.0,,,,,,,,
2017-07-27,C,20.0,1.0,False,False,0,0.0,24.6,19.1,49,26.77,,36061,,,,,,,,,,,,,,,,2017,7,0,0.0,27.700000000000014,30.4,30.599999999999998,0,2,24.8,30.0,24.98,,,36611.0,37118.0,,,,,,,,
2017-07-27,D,1.0,1.0,False,False,0,0.0,24.6,19.1,49,26.77,,36061,,,,,,,,,,,,,,,,2017,7,0,0.0,27.700000000000014,30.4,30.599999999999998,0,2,24.8,30.0,24.98,,,36611.0,37118.0,,,,,,,,
2017-07-27,E,20.0,1.0,False,False,0,0.0,24.6,19.1,49,26.77,,36061,,,,,,,,,,,,,,,,2017,7,0,0.0,27.700000000000014,30.4,30.599999999999998,0,2,24.8,30.0,24.98,,,36611.0,37118.0,,,,,,,,
2017-08-02,A,85.0,21.0,False,False,0,0.0,25.7,22.0,52,23.99,,36350,,,,,,,,,,,,,,,,2017,8,0,0.0,3.7000000000000144,3.7,3.8000000000000003,0,2,26.1,17.4,21.81,,,37020.0,37233.333333333336,,,,,,,,
2017-08-02,B,96.0,16.0,False,False,0,0.0,25.7,22.0,52,23.99,,36350,,,,,,,,,,,,,,,,2017,8,0,0.0,3.7000000000000144,3.7,3.8000000000000003,0,2,26.1,17.4,21.81,,,37020.0,37233.333333333336,,,,,,,,
2017-08-02,C,63.0,15.0,False,False,0,0.0,25.7,22.0,52,23.99,,36350,,,,,,,,,,,,,,,,2017,8,0,0.0,3.7000000000000144,3.7,3.8000000000000003,0,2,26.1,17.4,21.81,,,37020.0,37233.333333333336,,,,,,,,
2017-08-02,D,63.0,21.0,False,False,0,0.0,25.7,22.0,52,23.99,,36350,,,,,,,,,,,,,,,,2017,8,0,0.0,3.7000000000000144,3.7,3.8000000000000003,0,2,26.1,17.4,21.81,,,37020.0,37233.333333333336,,,,,,,,
2017-08-02,E,73.0,16.0,False,False,0,0.0,25.7,22.0,52,23.99,,36350,,,,,,,,,,,,,,,,2017,8,0,0.0,3.7000000000000144,3.7,3.8000000000000003,0,2,26.1,17.4,21.81,,,37020.0,37233.333333333336,,,,,,,,
2017-08-11,A,97.0,43.0,False,False,0,2.0,26.1,15.9,27,19.28,,36074,,,,,,,,,,,,,,,,2017,8,0,4.5,42.70000000000002,42.9,47.5,0,0,26.9,18.0,13.74,,,36936.0,37705.0,,,,,,,,
2017-08-11,B,109.0,37.0,False,False,0,2.0,26.1,15.9,27,19.28,,36074,,,,,,,,,,,,,,,,2017,8,0,4.5,42.70000000000002,42.9,47.5,0,0,26.9,18.0,13.74,,,36936.0,37705.0,,,,,,,,
2017-08-11,C,161.0,54.0,False,False,0,2.0,26.1,15.9,27,19.28,,36074,,,,,,,,,,,,,,,,2017,8,0,4.5,42.70000000000002,42.9,47.5,0,0,26.9,18.0,13.74,,,36936.0,37705.0,,,,,,,,
2017-08-11,D,52.0,21.0,False,False,0,2.0,26.1,15.9,27,19.28,,36074,,,,,,,,,,,,,,,,2017,8,0,4.5,42.70000000000002,42.9,47.5,0,0,26.9,18.0,13.74,,,36936.0,37705.0,,,,,,,,
2017-08-11,E,109.0,43.0,False,False,0,2.0,26.1,15.9,27,19.28,,36074,,,,,,,,,,,,,,,,2017,8,0,4.5,42.70000000000002,42.9,47.5,0,0,26.9,18.0,13.74,,,36936.0,37705.0,,,,,,,,
2017-08-17,A,41.0,10.0,False,False,0,8.0,25.6,12.5,77,17.24,,35774,,,,,,,,,,,,,,,,2017,8,0,8.3,23.400000000000013,119.60000000000001,120.10000000000001,1,0,25.8,16.1,14.73,,,36927.0,40917.0,,,,,,,,
2017-08-17,B,30.0,5.0,False,False,0,8.0,25.6,12.5,77,17.24,,35774,,,,,,,,,,,,,,,,2017,8,0,8.3,23.400000000000013,119.60000000000001,120.10000000000001,1,0,25.8,16.1,14.73,,,36927.0,40917.0,,,,,,,,
2017-08-17,C,41.0,10.0,False,False,0,8.0,25.6,12.5,77,17.24,,35774,,,,,,,,,,,,,,,,2017,8,0,8.3,23.400000000000013,119.60000000000001,120.10000000000001,1,0,25.8,16.1,14.73,,,36927.0,40917.0,,,,,,,,
2017-08-17,D,41.0,10.0,False,False,0,8.0,25.6,12.5,77,17.24,,35774,,,,,,,,,,,,,,,,2017,8,0,8.3,23.400000000000013,119.60000000000001,120.10000000000001,1,0,25.8,16.1,14.73,,,36927.0,40917.0,,,,,,,,
2017-08-17,E,41.0,5.0,False,False,0,8.0,25.6,12.5,77,17.24,,35774,,,,,,,,,,,,,,,,2017,8,0,8.3,23.400000000000013,119.60000000000001,120.10000000000001,1,0,25.8,16.1,14.73,,,36927.0,40917.0,,,,,,,,
2017-08-23,A,52.0,1.0,False,False,0,5.4,27.6,25.5,236,18.02,,36549,,,,,,,,,,,,,,,,2017,8,0,14.4,25.100000000000016,29.799999999999997,33.0,1,0,26.2,24.2,15.35,,,37268.0,36061.666666666664,,,,,,,,
2017-08-23,B,52.0,5.0,False,False,0,5.4,27.6,25.5,236,18.02,,36549,,,,,,,,,,,,,,,,2017,8,0,14.4,25.100000000000016,29.799999999999997,33.0,1,0,26.2,24.2,15.35,,,37268.0,36061.666666666664,,,,,,,,
2017-08-23,C,98.0,26.0,False,False,0,5.4,27.6,25.5,236,18.02,,36549,,,,,,,,,,,,,,,,2017,8,0,14.4,25.100000000000016,29.799999999999997,33.0,1,0,26.2,24.2,15.35,,,37268.0,36061.666666666664,,,,,,,,
2017-08-23,D,85.0,21.0,False,False,0,5.4,27.6,25.5,236,18.02,,36549,,,,,,,,,,,,,,,,2017,8,0,14.4,25.100000000000016,29.799999999999997,33.0,1,0,26.2,24.2,15.35,,,37268.0,36061.666666666664,,,,,,,,
2017-08-23,E,52.0,16.0,False,False,0,5.4,27.6,25.5,236,18.02,,36549,,,,,,,,,,,,,,,,2017,8,0,14.4,25.100000000000016,29.799999999999997,33.0,1,0,26.2,24.2,15.35,,,37268.0,36061.666666666664,,,,,,,,
2017-09-20,A,10.0,1.0,False,False,0,0.0,22.4,17.1,280,11.88,,36642,,,,,,,,,,,,,,,,2017,9,0,0.0,0.0,6.7,7.0,0,3,22.1,21.1,17.84,,,37485.0,40959.0,,,,,,,,
2017-09-20,B,1.0,1.0,False,False,0,0.0,22.4,17.1,280,11.88,,36642,,,,,,,,,,,,,,,,2017,9,0,0.0,0.0,6.7,7.0,0,3,22.1,21.1,17.84,,,37485.0,40959.0,,,,,,,,
2017-09-20,C,20.0,5.0,False,False,0,0.0,22.4,17.1,280,11.88,,36642,,,,,,,,,,,,,,,,2017,9,0,0.0,0.0,6.7,7.0,0,3,22.1,21.1,17.84,,,37485.0,40959.0,,,,,,,,
2017-09-20,D,30.0,5.0,False,False,0,0.0,22.4,17.1,280,11.88,,36642,,,,,,,,,,,,,,,,2017,9,0,0.0,0.0,6.7,7.0,0,3,22.1,21.1,17.84,,,37485.0,40959.0,,,,,,,,
2017-09-20,E,10.0,1.0,False,False,0,0.0,22.4,17.1,280,11.88,,36642,,,,,,,,,,,,,,,,2017,9,0,0.0,0.0,6.7,7.0,0,3,22.1,21.1,17.84,,,37485.0,40959.0,,,,,,,,
2018-05-16,A,21.0,20.0,False,False,0,0.1,19.6,23.5,222,8.97,,33141,,,,,,,,,,,,,,,,2018,5,0,0.0,0.0,19.6,22.200000000000003,0,0,19.5,17.3,23.9,,,36449.0,38037.666666666664,,,,,,,,
2018-05-16,B,1.0,10.0,False,False,0,0.1,19.6,23.5,222,8.97,,33141,,,,,,,,,,,,,,,,2018,5,0,0.0,0.0,19.6,22.200000000000003,0,0,19.5,17.3,23.9,,,36449.0,38037.666666666664,,,,,,,,
2018-05-16,C,16.0,1.0,False,False,0,0.1,19.6,23.5,222,8.97,,33141,,,,,,,,,,,,,,,,2018,5,0,0.0,0.0,19.6,22.200000000000003,0,0,19.5,17.3,23.9,,,36449.0,38037.666666666664,,,,,,,,
2018-05-16,D,5.0,10.0,False,False,0,0.1,19.6,23.5,222,8.97,,33141,,,,,,,,,,,,,,,,2018,5,0,0.0,0.0,19.6,22.200000000000003,0,0,19.5,17.3,23.9,,,36449.0,38037.666666666664,,,,,,,,
2018-05-16,E,5.0,1.0,False,False,0,0.1,19.6,23.5,222,8.97,,33141,,,,,,,,,,,,,,,,2018,5,0,0.0,0.0,19.6,22.200000000000003,0,0,19.5,17.3,23.9,,,36449.0,38037.666666666664,,,,,,,,
2018-06-18,A,1.0,15.0,False,False,0,0.0,20.8,9.7,76,20.82,,35090,,,,,,,,,,,,,,,,2018,6,0,0.0,0.0,0.0,0.0,0,6,19.2,15.6,22.83,,,35473.0,34814.0,,,,,,,,
2018-06-18,B,1.0,1.0,False,False,0,0.0,20.8,9.7,76,20.82,,35090,,,,,,,,,,,,,,,,2018,6,0,0.0,0.0,0.0,0.0,0,6,19.2,15.6,22.83,,,35473.0,34814.0,,,,,,,,
2018-06-18,C,10.0,1.0,False,False,0,0.0,20.8,9.7,76,20.82,,35090,,,,,,,,,,,,,,,,2018,6,0,0.0,0.0,0.0,0.0,0,6,19.2,15.6,22.83,,,35473.0,34814.0,,,,,,,,
2018-06-18,D,10.0,1.0,False,False,0,0.0,20.8,9.7,76,20.82,,35090,,,,,,,,,,,,,,,,2018,6,0,0.0,0.0,0.0,0.0,0,6,19.2,15.6,22.83,,,35473.0,34814.0,,,,,,,,
2018-06-18,E,1.0,1.0,False,False,0,0.0,20.8,9.7,76,20.82,,35090,,,,,,,,,,,,,,,,2018,6,0,0.0,0.0,0.0,0.0,0,6,19.2,15.6,22.83,,,35473.0,34814.0,,,,,,,,
2019-05-14,A,1.0,1.0,False,False,0,2.0,18.8,11.6,184,21.42,,31558,,,,,,,,,,,,,,,,2019,5,0,0.0,0.0,0.0,0.0,0,0,16.4,20.1,22.87,,,29265.0,30037.333333333332,,,,,,,,
2019-05-14,B,1.0,1.0,False,False,0,2.0,18.8,11.6,184,21.42,,31558,,,,,,,,,,,,,,,,2019,5,0,0.0,0.0,0.0,0.0,0,0,16.4,20.1,22.87,,,29265.0,30037.333333333332,,,,,,,,
2019-05-14,C,1.0,1.0,False,False,0,2.0,18.8,11.6,184,21.42,,31558,,,,,,,,,,,,,,,,2019,5,0,0.0,0.0,0.0,0.0,0,0,16.4,20.1,22.87,,,29265.0,30037.333333333332,,,,,,,,
2019-05-14,D,1.0,1.0,False,False,0,2.0,18.8,11.6,184,21.42,,31558,,,,,,,,,,,,,,,,2019,5,0,0.0,0.0,0.0,0.0,0,0,16.4,20.1,22.87,,,29265.0,30037.333333333332,,,,,,,,
2019-05-14,E,1.0,1.0,False,False,0,2.0,18.8,11.6,184,21.42,,31558,,,,,,,,,,,,,,,,2019,5,0,0.0,0.0,0.0,0.0,0,0,16.4,20.1,22.87,,,29265.0,30037.333333333332,,,,,,,,
2019-06-04,A,1.0,1.0,False,False,0,0.0,22.0,13.3,215,27.04,,32144,,,,,,,,,,,,,,,,2019,6,0,0.0,0.0,0.0,3.2000000000000073,0,4,20.5,15.3,27.36,,,32497.0,32550.666666666668,,,,,,,,
2019-06-04,B,1.0,1.0,False,False,0,0.0,22.0,13.3,215,27.04,,32144,,,,,,,,,,,,,,,,2019,6,0,0.0,0.0,0.0,3.2000000000000073,0,4,20.5,15.3,27.36,,,32497.0,32550.666666666668,,,,,,,,
2019-06-04,C,1.0,1.0,False,False,0,0.0,22.0,13.3,215,27.04,,32144,,,,,,,,,,,,,,,,2019,6,0,0.0,0.0,0.0,3.2000000000000073,0,4,20.5,15.3,27.36,,,32497.0,32550.666666666668,,,,,,,,
2019-06-04,D,1.0,10.0,False,False,0,0.0,22.0,13.3,215,27.04,,32144,,,,,,,,,,,,,,,,2019,6,0,0.0,0.0,0.0,3.2000000000000073,0,4,20.5,15.3,27.36,,,32497.0,32550.666666666668,,,,,,,,
2019-06-04,E,1.0,1.0,False,False,0,0.0,22.0,13.3,215,27.04,,32144,,,,,,,,,,,,,,,,2019,6,0,0.0,0.0,0.0,3.2000000000000073,0,4,20.5,15.3,27.36,,,32497.0,32550.666666666668,,,,,,,,
2019-06-18,A,10.0,1.0,False,False,0,0.2,20.8,18.6,240,17.66,,31916,,,,,,,,,,,,,,,,2019,6,0,1.2,2.4,12.9,22.900000000000006,0,0,19.8,19.0,20.89,,,33210.0,33804.666666666664,,,,,,,,
2019-06-18,B,10.0,1.0,False,False,0,0.2,20.8,18.6,240,17.66,,31916,,,,,,,,,,,,,,,,2019,6,0,1.2,2.4,12.9,22.900000000000006,0,0,19.8,19.0,20.89,,,33210.0,33804.666666666664,,,,,,,,
2019-06-18,C,1.0,5.0,False,False,0,0.2,20.8,18.6,240,17.66,,31916,,,,,,,,,,,,,,,,2019,6,0,1.2,2.4,12.9,22.900000000000006,0,0,19.8,19.0,20.89,,,33210.0,33804.666666666664,,,,,,,,
2019-06-18,D,10.0,5.0,False,False,0,0.2,20.8,18.6,240,17.66,,31916,,,,,,,,,,,,,,,,2019,6,0,1.2,2.4,12.9,22.900000000000006,0,0,19.8,19.0,20.89,,,33210.0,33804.666666666664,,,,,,,,
2019-06-18,E,10.0,1.0,False,False,0,0.2,20.8,18.6,240,17.66,,31916,,,,,,,,,,,,,,,,2019,6,0,1.2,2.4,12.9,22.900000000000006,0,0,19.8,19.0,20.89,,,33210.0,33804.666666666664,,,,,,,,
2019-07-04,A,171.0,67.0,False,False,0,0.0,23.5,12.5,271,25.1,,35697,,,,,,,,,,,,,,,,2019,7,0,0.0,0.0,0.8000000000000143,90.9,0,3,21.8,11.1,16.6,,,35905.0,37550.333333333336,,,,,,,,
2019-07-04,B,211.0,84.0,False,False,0,0.0,23.5,12.5,271,25.1,,35697,,,,,,,,,,,,,,,,2019,7,0,0.0,0.0,0.8000000000000143,90.9,0,3,21.8,11.1,16.6,,,35905.0,37550.333333333336,,,,,,,,
2019-07-04,C,309.0,88.0,False,False,0,0.0,23.5,12.5,271,25.1,,35697,,,,,,,,,,,,,,,,2019,7,0,0.0,0.0,0.8000000000000143,90.9,0,3,21.8,11.1,16.6,,,35905.0,37550.333333333336,,,,,,,,
2019-07-04,D,780.0,197.0,True,True,1,0.0,23.5,12.5,271,25.1,,35697,,,,,,,,,,,,,,,,2019,7,0,0.0,0.0,0.8000000000000143,90.9,0,3,21.8,11.1,16.6,,,35905.0,37550.333333333336,,,,,,,,
2019-07-04,E,218.0,60.0,False,False,0,0.0,23.5,12.5,271,25.1,,35697,,,,,,,,,,,,,,,,2019,7,0,0.0,0.0,0.8000000000000143,90.9,0,3,21.8,11.1,16.6,,,35905.0,37550.333333333336,,,,,,,,
2019-07-16,A,1.0,21.0,False,False,0,0.0,22.6,16.7,59,25.02,,35203,,,,,,,,,,,,,,,,2019,7,0,0.3,0.3000000000000284,2.600000000000014,7.800000000000014,0,1,22.5,13.1,22.12,,,35817.0,36231.0,,,,,,,,
2019-07-16,B,1.0,1.0,False,False,0,0.0,22.6,16.7,59,25.02,,35203,,,,,,,,,,,,,,,,2019,7,0,0.3,0.3000000000000284,2.600000000000014,7.800000000000014,0,1,22.5,13.1,22.12,,,35817.0,36231.0,,,,,,,,
2019-07-16,C,1.0,5.0,False,False,0,0.0,22.6,16.7,59,25.02,,35203,,,,,,,,,,,,,,,,2019,7,0,0.3,0.3000000000000284,2.600000000000014,7.800000000000014,0,1,22.5,13.1,22.12,,,35817.0,36231.0,,,,,,,,
2019-07-16,D,1.0,1.0,False,False,0,0.0,22.6,16.7,59,25.02,,35203,,,,,,,,,,,,,,,,2019,7,0,0.3,0.3000000000000284,2.600000000000014,7.800000000000014,0,1,22.5,13.1,22.12,,,35817.0,36231.0,,,,,,,,
2019-07-16,E,1.0,5.0,False,False,0,0.0,22.6,16.7,59,25.02,,35203,,,,,,,,,,,,,,,,2019,7,0,0.3,0.3000000000000284,2.600000000000014,7.800000000000014,0,1,22.5,13.1,22.12,,,35817.0,36231.0,,,,,,,,
2019-07-30,A,73.0,130.0,False,True,1,1.0,26.3,26.3,226,20.86,,38799,,,,,,,,,,,,,,,,2019,7,0,1.5,5.100000000000028,23.70000000000003,26.200000000000003,0,0,25.9,18.3,16.22,,,38995.0,39238.0,,,,,,,,
2019-07-30,B,41.0,88.0,False,False,0,1.0,26.3,26.3,226,20.86,,38799,,,,,,,,,,,,,,,,2019,7,0,1.5,5.100000000000028,23.70000000000003,26.200000000000003,0,0,25.9,18.3,16.22,,,38995.0,39238.0,,,,,,,,
2019-07-30,C,41.0,67.0,False,False,0,1.0,26.3,26.3,226,20.86,,38799,,,,,,,,,,,,,,,,2019,7,0,1.5,5.100000000000028,23.70000000000003,26.200000000000003,0,0,25.9,18.3,16.22,,,38995.0,39238.0,,,,,,,,
2019-07-30,D,41.0,128.0,False,True,1,1.0,26.3,26.3,226,20.86,,38799,,,,,,,,,,,,,,,,2019,7,0,1.5,5.100000000000028,23.70000000000003,26.200000000000003,0,0,25.9,18.3,16.22,,,38995.0,39238.0,,,,,,,,
2019-07-30,E,63.0,93.0,False,False,0,1.0,26.3,26.3,226,20.86,,38799,,,,,,,,,,,,,,,,2019,7,0,1.5,5.100000000000028,23.70000000000003,26.200000000000003,0,0,25.9,18.3,16.22,,,38995.0,39238.0,,,,,,,,
2019-08-13,A,10.0,1.0,False,False,0,0.0,28.3,23.0,38,24.31,,36811,,,,,,,,,,,,,,,,2019,8,0,0.0,0.10000000000002843,0.10000000000002843,0.6,0,2,27.9,15.5,24.24,,,37712.0,38126.333333333336,,,,,,,,
2019-08-13,B,10.0,1.0,False,False,0,0.0,28.3,23.0,38,24.31,,36811,,,,,,,,,,,,,,,,2019,8,0,0.0,0.10000000000002843,0.10000000000002843,0.6,0,2,27.9,15.5,24.24,,,37712.0,38126.333333333336,,,,,,,,
2019-08-13,C,10.0,1.0,False,False,0,0.0,28.3,23.0,38,24.31,,36811,,,,,,,,,,,,,,,,2019,8,0,0.0,0.10000000000002843,0.10000000000002843,0.6,0,2,27.9,15.5,24.24,,,37712.0,38126.333333333336,,,,,,,,
2019-08-13,D,1.0,1.0,False,False,0,0.0,28.3,23.0,38,24.31,,36811,,,,,,,,,,,,,,,,2019,8,0,0.0,0.10000000000002843,0.10000000000002843,0.6,0,2,27.9,15.5,24.24,,,37712.0,38126.333333333336,,,,,,,,
2019-08-13,E,10.0,1.0,False,False,0,0.0,28.3,23.0,38,24.31,,36811,,,,,,,,,,,,,,,,2019,8,0,0.0,0.10000000000002843,0.10000000000002843,0.6,0,2,27.9,15.5,24.24,,,37712.0,38126.333333333336,,,,,,,,
2019-08-20,A,31.0,1.0,False,False,0,2.1,25.3,27.7,47,18.67,,34350,,,,,,,,,,,,,,,,2019,8,0,2.7,3.0000000000000284,3.0000000000000284,10.2,0,0,25.8,18.1,16.32,,,35847.0,36247.0,,,,,,,,
2019-08-20,B,10.0,1.0,False,False,0,2.1,25.3,27.7,47,18.67,,34350,,,,,,,,,,,,,,,,2019,8,0,2.7,3.0000000000000284,3.0000000000000284,10.2,0,0,25.8,18.1,16.32,,,35847.0,36247.0,,,,,,,,
2019-08-20,C,10.0,1.0,False,False,0,2.1,25.3,27.7,47,18.67,,34350,,,,,,,,,,,,,,,,2019,8,0,2.7,3.0000000000000284,3.0000000000000284,10.2,0,0,25.8,18.1,16.32,,,35847.0,36247.0,,,,,,,,
2019-08-20,D,10.0,1.0,False,False,0,2.1,25.3,27.7,47,18.67,,34350,,,,,,,,,,,,,,,,2019,8,0,2.7,3.0000000000000284,3.0000000000000284,10.2,0,0,25.8,18.1,16.32,,,35847.0,36247.0,,,,,,,,
2019-08-20,E,10.0,1.0,False,False,0,2.1,25.3,27.7,47,18.67,,34350,,,,,,,,,,,,,,,,2019,8,0,2.7,3.0000000000000284,3.0000000000000284,10.2,0,0,25.8,18.1,16.32,,,35847.0,36247.0,,,,,,,,
2019-09-25,A,20.0,37.0,False,False,0,0.0,19.6,19.9,37,16.19,,37417,,,,,,,,,,,,,,,,2019,9,0,0.0,6.500000000000057,161.00000000000003,203.0,0,2,18.9,10.1,20.59,,,40188.0,45887.0,,,,,,,,
2019-09-25,B,74.0,1.0,False,False,0,0.0,19.6,19.9,37,16.19,,37417,,,,,,,,,,,,,,,,2019,9,0,0.0,6.500000000000057,161.00000000000003,203.0,0,2,18.9,10.1,20.59,,,40188.0,45887.0,,,,,,,,
2019-09-25,C,74.0,5.0,False,False,0,0.0,19.6,19.9,37,16.19,,37417,,,,,,,,,,,,,,,,2019,9,0,0.0,6.500000000000057,161.00000000000003,203.0,0,2,18.9,10.1,20.59,,,40188.0,45887.0,,,,,,,,
2019-09-25,D,1.0,1.0,False,False,0,0.0,19.6,19.9,37,16.19,,37417,,,,,,,,,,,,,,,,2019,9,0,0.0,6.500000000000057,161.00000000000003,203.0,0,2,18.9,10.1,20.59,,,40188.0,45887.0,,,,,,,,
2019-09-25,E,30.0,1.0,False,False,0,0.0,19.6,19.9,37,16.19,,37417,,,,,,,,,,,,,,,,2019,9,0,0.0,6.500000000000057,161.00000000000003,203.0,0,2,18.9,10.1,20.59,,,40188.0,45887.0,,,,,,,,
2020-05-22,A,1.0,1.0,False,False,0,0.0,14.4,20.9,55,24.0,,38975,,,27.04583333333333,189.91666666666663,16.477083333333333,26.010416666666668,0.7,,1.1,,7.6,63.0,14.616666666666667,1015.4895833333334,,2020,5,0,0.0,0.0,5.200000000000029,6.499999999999993,0,3,14.0,15.5,18.75,,,39025.0,40649.333333333336,18.9125,16.277083333333334,1.0,,1.5,,6.5,66.47916666666667
2020-05-22,B,1.0,1.0,False,False,0,0.0,14.4,20.9,55,24.0,,38975,,,27.04583333333333,189.91666666666663,16.477083333333333,26.010416666666668,0.7,,1.1,,7.6,63.0,14.616666666666667,1015.4895833333334,,2020,5,0,0.0,0.0,5.200000000000029,6.499999999999993,0,3,14.0,15.5,18.75,,,39025.0,40649.333333333336,18.9125,16.277083333333334,1.0,,1.5,,6.5,66.47916666666667
2020-05-22,C,1.0,1.0,False,False,0,0.0,14.4,20.9,55,24.0,,38975,,,27.04583333333333,189.91666666666663,16.477083333333333,26.010416666666668,0.7,,1.1,,7.6,63.0,14.616666666666667,1015.4895833333334,,2020,5,0,0.0,0.0,5.200000000000029,6.499999999999993,0,3,14.0,15.5,18.75,,,39025.0,40649.333333333336,18.9125,16.277083333333334,1.0,,1.5,,6.5,66.47916666666667
2020-05-22,D,1.0,1.0,False,False,0,0.0,14.4,20.9,55,24.0,,38975,,,27.04583333333333,189.91666666666663,16.477083333333333,26.010416666666668,0.7,,1.1,,7.6,63.0,14.616666666666667,1015.4895833333334,,2020,5,0,0.0,0.0,5.200000000000029,6.499999999999993,0,3,14.0,15.5,18.75,,,39025.0,40649.333333333336,18.9125,16.277083333333334,1.0,,1.5,,6.5,66.47916666666667
2020-05-22,E,1.0,1.0,False,False,0,0.0,14.4,20.9,55,24.0,,38975,,,27.04583333333333,189.91666666666663,16.477083333333333,26.010416666666668,0.7,,1.1,,7.6,63.0,14.616666666666667,1015.4895833333334,,2020,5,0,0.0,0.0,5.200000000000029,6.499999999999993,0,3,14.0,15.5,18.75,,,39025.0,40649.333333333336,18.9125,16.277083333333334,1.0,,1.5,,6.5,66.47916666666667
2020-06-09,A,1.0,1.0,False,False,0,0.0,22.3,11.6,160,27.62,,40386,,,27.46666666666667,161.0,18.229166666666668,34.0,0.6,,0.9,,5.6,244.125,20.402083333333334,1014.9,,2020,6,0,0.0,0.0,0.3000000000000284,0.2999999999999929,0,3,21.4,10.8,27.68,,,40380.0,40234.0,26.508333333333336,18.495833333333334,0.6,,1.0,,5.4,244.33333333333331
2020-06-09,B,1.0,1.0,False,False,0,0.0,22.3,11.6,160,27.62,,40386,,,27.46666666666667,161.0,18.229166666666668,34.0,0.6,,0.9,,5.6,244.125,20.402083333333334,1014.9,,2020,6,0,0.0,0.0,0.3000000000000284,0.2999999999999929,0,3,21.4,10.8,27.68,,,40380.0,40234.0,26.508333333333336,18.495833333333334,0.6,,1.0,,5.4,244.33333333333331
2020-06-09,C,1.0,1.0,False,False,0,0.0,22.3,11.6,160,27.62,,40386,,,27.46666666666667,161.0,18.229166666666668,34.0,0.6,,0.9,,5.6,244.125,20.402083333333334,1014.9,,2020,6,0,0.0,0.0,0.3000000000000284,0.2999999999999929,0,3,21.4,10.8,27.68,,,40380.0,40234.0,26.508333333333336,18.495833333333334,0.6,,1.0,,5.4,244.33333333333331
2020-06-09,D,1.0,1.0,False,False,0,0.0,22.3,11.6,160,27.62,,40386,,,27.46666666666667,161.0,18.229166666666668,34.0,0.6,,0.9,,5.6,244.125,20.402083333333334,1014.9,,2020,6,0,0.0,0.0,0.3000000000000284,0.2999999999999929,0,3,21.4,10.8,27.68,,,40380.0,40234.0,26.508333333333336,18.495833333333334,0.6,,1.0,,5.4,244.33333333333331
2020-06-09,E,1.0,1.0,False,False,0,0.0,22.3,11.6,160,27.62,,40386,,,27.46666666666667,161.0,18.229166666666668,34.0,0.6,,0.9,,5.6,244.125,20.402083333333334,1014.9,,2020,6,0,0.0,0.0,0.3000000000000284,0.2999999999999929,0,3,21.4,10.8,27.68,,,40380.0,40234.0,26.508333333333336,18.495833333333334,0.6,,1.0,,5.4,244.33333333333331
2020-06-23,A,1.0,1.0,False,False,0,0.0,21.7,10.0,91,26.53,,41117,,,26.79583333333333,197.77083333333331,20.93958333333333,31.335416666666664,0.4,,0.6,,2.9,190.97916666666663,21.929166666666664,1010.1458333333334,,2020,6,0,0.0,0.0,0.0,35.7,0,4,20.8,10.2,27.82,,,41985.0,42357.333333333336,20.414583333333333,21.08333333333333,0.8,,1.4,,4.6,231.16666666666663
2020-06-23,B,1.0,1.0,False,False,0,0.0,21.7,10.0,91,26.53,,41117,,,26.79583333333333,197.77083333333331,20.93958333333333,31.335416666666664,0.4,,0.6,,2.9,190.97916666666663,21.929166666666664,1010.1458333333334,,2020,6,0,0.0,0.0,0.0,35.7,0,4,20.8,10.2,27.82,,,41985.0,42357.333333333336,20.414583333333333,21.08333333333333,0.8,,1.4,,4.6,231.16666666666663
2020-06-23,C,1.0,1.0,False,False,0,0.0,21.7,10.0,91,26.53,,41117,,,26.79583333333333,197.77083333333331,20.93958333333333,31.335416666666664,0.4,,0.6,,2.9,190.97916666666663,21.929166666666664,1010.1458333333334,,2020,6,0,0.0,0.0,0.0,35.7,0,4,20.8,10.2,27.82,,,41985.0,42357.333333333336,20.414583333333333,21.08333333333333,0.8,,1.4,,4.6,231.16666666666663
2020-06-23,D,1.0,1.0,False,False,0,0.0,21.7,10.0,91,26.53,,41117,,,26.79583333333333,197.77083333333331,20.93958333333333,31.335416666666664,0.4,,0.6,,2.9,190.97916666666663,21.929166666666664,1010.1458333333334,,2020,6,0,0.0,0.0,0.0,35.7,0,4,20.8,10.2,27.82,,,41985.0,42357.333333333336,20.414583333333333,21.08333333333333,0.8,,1.4,,4.6,231.16666666666663
2020-06-23,E,1.0,1.0,False,False,0,0.0,21.7,10.0,91,26.53,,41117,,,26.79583333333333,197.77083333333331,20.93958333333333,31.335416666666664,0.4,,0.6,,2.9,190.97916666666663,21.929166666666664,1010.1458333333334,,2020,6,0,0.0,0.0,0.0,35.7,0,4,20.8,10.2,27.82,,,41985.0,42357.333333333336,20.414583333333333,21.08333333333333,0.8,,1.4,,4.6,231.16666666666663
2020-07-09,A,10.0,16.0,False,False,0,9.4,21.9,18.5,58,21.46,,37345,,,24.085416666666664,160.52083333333334,17.333333333333332,26.81458333333333,0.7,,1.1,,6.2,56.458333333333336,19.822916666666668,1005.7958333333332,,2020,7,0,0.5,0.9000000000000569,5.700000000000029,13.399999999999999,1,0,23.3,9.9,22.41,,,37367.0,37633.0,30.03333333333333,16.945833333333333,0.9,,1.2,,4.4,176.72916666666666
2020-07-09,B,10.0,1.0,False,False,0,9.4,21.9,18.5,58,21.46,,37345,,,24.085416666666664,160.52083333333334,17.333333333333332,26.81458333333333,0.7,,1.1,,6.2,56.458333333333336,19.822916666666668,1005.7958333333332,,2020,7,0,0.5,0.9000000000000569,5.700000000000029,13.399999999999999,1,0,23.3,9.9,22.41,,,37367.0,37633.0,30.03333333333333,16.945833333333333,0.9,,1.2,,4.4,176.72916666666666
2020-07-09,C,20.0,5.0,False,False,0,9.4,21.9,18.5,58,21.46,,37345,,,24.085416666666664,160.52083333333334,17.333333333333332,26.81458333333333,0.7,,1.1,,6.2,56.458333333333336,19.822916666666668,1005.7958333333332,,2020,7,0,0.5,0.9000000000000569,5.700000000000029,13.399999999999999,1,0,23.3,9.9,22.41,,,37367.0,37633.0,30.03333333333333,16.945833333333333,0.9,,1.2,,4.4,176.72916666666666
2020-07-09,D,1.0,5.0,False,False,0,9.4,21.9,18.5,58,21.46,,37345,,,24.085416666666664,160.52083333333334,17.333333333333332,26.81458333333333,0.7,,1.1,,6.2,56.458333333333336,19.822916666666668,1005.7958333333332,,2020,7,0,0.5,0.9000000000000569,5.700000000000029,13.399999999999999,1,0,23.3,9.9,22.41,,,37367.0,37633.0,30.03333333333333,16.945833333333333,0.9,,1.2,,4.4,176.72916666666666
2020-07-09,E,20.0,21.0,False,False,0,9.4,21.9,18.5,58,21.46,,37345,,,24.085416666666664,160.52083333333334,17.333333333333332,26.81458333333333,0.7,,1.1,,6.2,56.458333333333336,19.822916666666668,1005.7958333333332,,2020,7,0,0.5,0.9000000000000569,5.700000000000029,13.399999999999999,1,0,23.3,9.9,22.41,,,37367.0,37633.0,30.03333333333333,16.945833333333333,0.9,,1.2,,4.4,176.72916666666666
2020-07-17,A,1.0,1.0,False,False,0,0.0,20.5,16.6,45,27.75,,37665,,,13.041666666666666,188.9375,22.40833333333333,22.558333333333334,0.7,,1.0,,6.8,144.52083333333334,20.991666666666667,1009.2854166666666,,2020,7,0,0.3,5.400000000000056,8.900000000000043,154.9,0,1,20.1,16.2,25.03,,,39625.0,43978.666666666664,12.05,21.572916666666668,0.8,,1.2,,5.2,137.91666666666666
2020-07-17,B,1.0,1.0,False,False,0,0.0,20.5,16.6,45,27.75,,37665,,,13.041666666666666,188.9375,22.40833333333333,22.558333333333334,0.7,,1.0,,6.8,144.52083333333334,20.991666666666667,1009.2854166666666,,2020,7,0,0.3,5.400000000000056,8.900000000000043,154.9,0,1,20.1,16.2,25.03,,,39625.0,43978.666666666664,12.05,21.572916666666668,0.8,,1.2,,5.2,137.91666666666666
2020-07-17,C,1.0,1.0,False,False,0,0.0,20.5,16.6,45,27.75,,37665,,,13.041666666666666,188.9375,22.40833333333333,22.558333333333334,0.7,,1.0,,6.8,144.52083333333334,20.991666666666667,1009.2854166666666,,2020,7,0,0.3,5.400000000000056,8.900000000000043,154.9,0,1,20.1,16.2,25.03,,,39625.0,43978.666666666664,12.05,21.572916666666668,0.8,,1.2,,5.2,137.91666666666666
2020-07-17,D,10.0,5.0,False,False,0,0.0,20.5,16.6,45,27.75,,37665,,,13.041666666666666,188.9375,22.40833333333333,22.558333333333334,0.7,,1.0,,6.8,144.52083333333334,20.991666666666667,1009.2854166666666,,2020,7,0,0.3,5.400000000000056,8.900000000000043,154.9,0,1,20.1,16.2,25.03,,,39625.0,43978.666666666664,12.05,21.572916666666668,0.8,,1.2,,5.2,137.91666666666666
2020-07-17,E,1.0,16.0,False,False,0,0.0,20.5,16.6,45,27.75,,37665,,,13.041666666666666,188.9375,22.40833333333333,22.558333333333334,0.7,,1.0,,6.8,144.52083333333334,20.991666666666667,1009.2854166666666,,2020,7,0,0.3,5.400000000000056,8.900000000000043,154.9,0,1,20.1,16.2,25.03,,,39625.0,43978.666666666664,12.05,21.572916666666668,0.8,,1.2,,5.2,137.91666666666666
2020-07-21,A,10.0,16.0,False,False,0,16.5,24.6,14.2,223,19.74,,37728,,,30.460416666666664,134.625,19.622916666666665,22.19375,1.2,,1.6,,6.9,190.9375,22.4625,1011.075,,2020,7,0,7.6,12.900000000000055,15.800000000000043,16.1,1,0,24.6,30.2,12.46,,,35749.0,36550.666666666664,21.93541666666667,21.78333333333333,1.3,,2.1,,10.9,206.0
2020-07-21,B,31.0,10.0,False,False,0,16.5,24.6,14.2,223,19.74,,37728,,,30.460416666666664,134.625,19.622916666666665,22.19375,1.2,,1.6,,6.9,190.9375,22.4625,1011.075,,2020,7,0,7.6,12.900000000000055,15.800000000000043,16.1,1,0,24.6,30.2,12.46,,,35749.0,36550.666666666664,21.93541666666667,21.78333333333333,1.3,,2.1,,10.9,206.0
2020-07-21,C,31.0,1.0,False,False,0,16.5,24.6,14.2,223,19.74,,37728,,,30.460416666666664,134.625,19.622916666666665,22.19375,1.2,,1.6,,6.9,190.9375,22.4625,1011.075,,2020,7,0,7.6,12.900000000000055,15.800000000000043,16.1,1,0,24.6,30.2,12.46,,,35749.0,36550.666666666664,21.93541666666667,21.78333333333333,1.3,,2.1,,10.9,206.0
2020-07-21,D,20.0,1.0,False,False,0,16.5,24.6,14.2,223,19.74,,37728,,,30.460416666666664,134.625,19.622916666666665,22.19375,1.2,,1.6,,6.9,190.9375,22.4625,1011.075,,2020,7,0,7.6,12.900000000000055,15.800000000000043,16.1,1,0,24.6,30.2,12.46,,,35749.0,36550.666666666664,21.93541666666667,21.78333333333333,1.3,,2.1,,10.9,206.0
2020-07-21,E,20.0,5.0,False,False,0,16.5,24.6,14.2,223,19.74,,37728,,,30.460416666666664,134.625,19.622916666666665,22.19375,1.2,,1.6,,6.9,190.9375,22.4625,1011.075,,2020,7,0,7.6,12.900000000000055,15.800000000000043,16.1,1,0,24.6,30.2,12.46,,,35749.0,36550.666666666664,21.93541666666667,21.78333333333333,1.3,,2.1,,10.9,206.0
2020-08-04,A,134.0,335.0,False,True,1,0.6,26.1,23.2,223,19.25,,40326,,,5.9,179.0,16.9,23.1,0.3,,0.4,,3.9,226.0,22.3,1011.0,,2020,8,0,1.3,1.800000000000057,2.8000000000000282,14.5,0,0,26.1,26.3,16.84,,,42351.0,43595.0,18.935416666666665,17.039583333333333,0.7,,1.2,,9.4,208.04166666666663
2020-08-04,B,145.0,61.0,False,False,0,0.6,26.1,23.2,223,19.25,,40326,,,5.9,179.0,16.9,23.1,0.3,,0.4,,3.9,226.0,22.3,1011.0,,2020,8,0,1.3,1.800000000000057,2.8000000000000282,14.5,0,0,26.1,26.3,16.84,,,42351.0,43595.0,18.935416666666665,17.039583333333333,0.7,,1.2,,9.4,208.04166666666663
2020-08-04,C,279.0,386.0,False,True,1,0.6,26.1,23.2,223,19.25,,40326,,,5.9,179.0,16.9,23.1,0.3,,0.4,,3.9,226.0,22.3,1011.0,,2020,8,0,1.3,1.800000000000057,2.8000000000000282,14.5,0,0,26.1,26.3,16.84,,,42351.0,43595.0,18.935416666666665,17.039583333333333,0.7,,1.2,,9.4,208.04166666666663
2020-08-04,D,109.0,99.0,False,False,0,0.6,26.1,23.2,223,19.25,,40326,,,5.9,179.0,16.9,23.1,0.3,,0.4,,3.9,226.0,22.3,1011.0,,2020,8,0,1.3,1.800000000000057,2.8000000000000282,14.5,0,0,26.1,26.3,16.84,,,42351.0,43595.0,18.935416666666665,17.039583333333333,0.7,,1.2,,9.4,208.04166666666663
2020-08-04,E,156.0,73.0,False,False,0,0.6,26.1,23.2,223,19.25,,40326,,,5.9,179.0,16.9,23.1,0.3,,0.4,,3.9,226.0,22.3,1011.0,,2020,8,0,1.3,1.800000000000057,2.8000000000000282,14.5,0,0,26.1,26.3,16.84,,,42351.0,43595.0,18.935416666666665,17.039583333333333,0.7,,1.2,,9.4,208.04166666666663
2020-08-14,A,171.0,15.0,False,False,0,0.5,27.2,24.7,227,21.23,,46192,,,11.283333333333331,110.52083333333331,14.758333333333333,33.93958333333333,0.9,,1.6,,9.7,204.16666666666663,20.3875,1007.2291666666666,,2020,8,0,0.0,2.8000000000000567,12.900000000000034,48.2,0,0,27.1,24.0,22.33,,,49613.0,49258.0,12.664583333333333,15.320833333333333,0.9,,1.3,,8.3,212.54166666666663
2020-08-14,B,41.0,5.0,False,False,0,0.5,27.2,24.7,227,21.23,,46192,,,11.283333333333331,110.52083333333331,14.758333333333333,33.93958333333333,0.9,,1.6,,9.7,204.16666666666663,20.3875,1007.2291666666666,,2020,8,0,0.0,2.8000000000000567,12.900000000000034,48.2,0,0,27.1,24.0,22.33,,,49613.0,49258.0,12.664583333333333,15.320833333333333,0.9,,1.3,,8.3,212.54166666666663
2020-08-14,C,122.0,16.0,False,False,0,0.5,27.2,24.7,227,21.23,,46192,,,11.283333333333331,110.52083333333331,14.758333333333333,33.93958333333333,0.9,,1.6,,9.7,204.16666666666663,20.3875,1007.2291666666666,,2020,8,0,0.0,2.8000000000000567,12.900000000000034,48.2,0,0,27.1,24.0,22.33,,,49613.0,49258.0,12.664583333333333,15.320833333333333,0.9,,1.3,,8.3,212.54166666666663
2020-08-14,D,96.0,26.0,False,False,0,0.5,27.2,24.7,227,21.23,,46192,,,11.283333333333331,110.52083333333331,14.758333333333333,33.93958333333333,0.9,,1.6,,9.7,204.16666666666663,20.3875,1007.2291666666666,,2020,8,0,0.0,2.8000000000000567,12.900000000000034,48.2,0,0,27.1,24.0,22.33,,,49613.0,49258.0,12.664583333333333,15.320833333333333,0.9,,1.3,,8.3,212.54166666666663
2020-08-14,E,110.0,26.0,False,False,0,0.5,27.2,24.7,227,21.23,,46192,,,11.283333333333331,110.52083333333331,14.758333333333333,33.93958333333333,0.9,,1.6,,9.7,204.16666666666663,20.3875,1007.2291666666666,,2020,8,0,0.0,2.8000000000000567,12.900000000000034,48.2,0,0,27.1,24.0,22.33,,,49613.0,49258.0,12.664583333333333,15.320833333333333,0.9,,1.3,,8.3,212.54166666666663
2020-08-19,A,41.0,1.0,False,False,0,0.0,28.4,15.2,238,24.43,,40525,,,31.03125,155.08333333333334,18.766666666666666,33.8125,0.5,,0.7,,6.3,221.3125,23.329166666666666,1009.7104166666668,,2020,8,0,0.0,0.0,0.0,0.5,0,5,27.8,13.3,24.43,,,41902.0,42718.0,29.15,18.09583333333333,0.3,,0.5,,4.2,206.5
2020-08-19,B,52.0,5.0,False,False,0,0.0,28.4,15.2,238,24.43,,40525,,,31.03125,155.08333333333334,18.766666666666666,33.8125,0.5,,0.7,,6.3,221.3125,23.329166666666666,1009.7104166666668,,2020,8,0,0.0,0.0,0.0,0.5,0,5,27.8,13.3,24.43,,,41902.0,42718.0,29.15,18.09583333333333,0.3,,0.5,,4.2,206.5
2020-08-19,C,31.0,1.0,False,False,0,0.0,28.4,15.2,238,24.43,,40525,,,31.03125,155.08333333333334,18.766666666666666,33.8125,0.5,,0.7,,6.3,221.3125,23.329166666666666,1009.7104166666668,,2020,8,0,0.0,0.0,0.0,0.5,0,5,27.8,13.3,24.43,,,41902.0,42718.0,29.15,18.09583333333333,0.3,,0.5,,4.2,206.5
2020-08-19,D,20.0,15.0,False,False,0,0.0,28.4,15.2,238,24.43,,40525,,,31.03125,155.08333333333334,18.766666666666666,33.8125,0.5,,0.7,,6.3,221.3125,23.329166666666666,1009.7104166666668,,2020,8,0,0.0,0.0,0.0,0.5,0,5,27.8,13.3,24.43,,,41902.0,42718.0,29.15,18.09583333333333,0.3,,0.5,,4.2,206.5
2020-08-19,E,10.0,26.0,False,False,0,0.0,28.4,15.2,238,24.43,,40525,,,31.03125,155.08333333333334,18.766666666666666,33.8125,0.5,,0.7,,6.3,221.3125,23.329166666666666,1009.7104166666668,,2020,8,0,0.0,0.0,0.0,0.5,0,5,27.8,13.3,24.43,,,41902.0,42718.0,29.15,18.09583333333333,0.3,,0.5,,4.2,206.5
2020-09-15,A,10.0,15.0,False,False,0,0.5,22.0,12.0,74,19.0,,38698,,,21.8375,143.625,22.422916666666666,29.43541666666667,0.9,,1.4,,4.2,173.66666666666666,22.195833333333336,1013.44375,,2020,9,0,0.0,0.20000000000005685,11.200000000000028,19.9,0,0,21.3,16.3,17.82,,,39791.0,40540.0,19.852083333333333,22.325,1.5,,2.1,,7.3,260.2708333333333
2020-09-15,B,1.0,1.0,False,False,0,0.5,22.0,12.0,74,19.0,,38698,,,21.8375,143.625,22.422916666666666,29.43541666666667,0.9,,1.4,,4.2,173.66666666666666,22.195833333333336,1013.44375,,2020,9,0,0.0,0.20000000000005685,11.200000000000028,19.9,0,0,21.3,16.3,17.82,,,39791.0,40540.0,19.852083333333333,22.325,1.5,,2.1,,7.3,260.2708333333333
2020-09-15,C,10.0,5.0,False,False,0,0.5,22.0,12.0,74,19.0,,38698,,,21.8375,143.625,22.422916666666666,29.43541666666667,0.9,,1.4,,4.2,173.66666666666666,22.195833333333336,1013.44375,,2020,9,0,0.0,0.20000000000005685,11.200000000000028,19.9,0,0,21.3,16.3,17.82,,,39791.0,40540.0,19.852083333333333,22.325,1.5,,2.1,,7.3,260.2708333333333
2020-09-15,D,1.0,1.0,False,False,0,0.5,22.0,12.0,74,19.0,,38698,,,21.8375,143.625,22.422916666666666,29.43541666666667,0.9,,1.4,,4.2,173.66666666666666,22.195833333333336,1013.44375,,2020,9,0,0.0,0.20000000000005685,11.200000000000028,19.9,0,0,21.3,16.3,17.82,,,39791.0,40540.0,19.852083333333333,22.325,1.5,,2.1,,7.3,260.2708333333333
2020-09-15,E,1.0,1.0,False,False,0,0.5,22.0,12.0,74,19.0,,38698,,,21.8375,143.625,22.422916666666666,29.43541666666667,0.9,,1.4,,4.2,173.66666666666666,22.195833333333336,1013.44375,,2020,9,0,0.0,0.20000000000005685,11.200000000000028,19.9,0,0,21.3,16.3,17.82,,,39791.0,40540.0,19.852083333333333,22.325,1.5,,2.1,,7.3,260.2708333333333
2021-05-25,A,1.0,5.0,False,False,0,0.0,18.1,30.4,267,24.29,,36874,,,,,,,,,,,,,,,,2021,5,0,2.0,2.000000000000057,2.000000000000032,28.6,0,1,18.5,15.3,13.11,,,35354.0,36389.666666666664,,,,,,,,
2021-05-25,B,1.0,1.0,False,False,0,0.0,18.1,30.4,267,24.29,,36874,,,,,,,,,,,,,,,,2021,5,0,2.0,2.000000000000057,2.000000000000032,28.6,0,1,18.5,15.3,13.11,,,35354.0,36389.666666666664,,,,,,,,
2021-05-25,C,1.0,1.0,False,False,0,0.0,18.1,30.4,267,24.29,,36874,,,,,,,,,,,,,,,,2021,5,0,2.0,2.000000000000057,2.000000000000032,28.6,0,1,18.5,15.3,13.11,,,35354.0,36389.666666666664,,,,,,,,
2021-05-25,D,1.0,5.0,False,False,0,0.0,18.1,30.4,267,24.29,,36874,,,,,,,,,,,,,,,,2021,5,0,2.0,2.000000000000057,2.000000000000032,28.6,0,1,18.5,15.3,13.11,,,35354.0,36389.666666666664,,,,,,,,
2021-05-25,E,1.0,1.0,False,False,0,0.0,18.1,30.4,267,24.29,,36874,,,,,,,,,,,,,,,,2021,5,0,2.0,2.000000000000057,2.000000000000032,28.6,0,1,18.5,15.3,13.11,,,35354.0,36389.666666666664,,,,,,,,
2021-06-08,A,1.0,1.0,False,False,0,0.0,21.8,13.6,99,27.18,,35694,,,,,,,,,,,,,,,,2021,6,0,0.0,0.0,0.0,13.9,0,4,21.3,17.8,27.5,,,36510.0,37605.333333333336,,,,,,,,
2021-06-08,B,1.0,1.0,False,False,0,0.0,21.8,13.6,99,27.18,,35694,,,,,,,,,,,,,,,,2021,6,0,0.0,0.0,0.0,13.9,0,4,21.3,17.8,27.5,,,36510.0,37605.333333333336,,,,,,,,
2021-06-08,C,1.0,5.0,False,False,0,0.0,21.8,13.6,99,27.18,,35694,,,,,,,,,,,,,,,,2021,6,0,0.0,0.0,0.0,13.9,0,4,21.3,17.8,27.5,,,36510.0,37605.333333333336,,,,,,,,
2021-06-08,D,1.0,1.0,False,False,0,0.0,21.8,13.6,99,27.18,,35694,,,,,,,,,,,,,,,,2021,6,0,0.0,0.0,0.0,13.9,0,4,21.3,17.8,27.5,,,36510.0,37605.333333333336,,,,,,,,
2021-06-08,E,10.0,16.0,False,False,0,0.0,21.8,13.6,99,27.18,,35694,,,,,,,,,,,,,,,,2021,6,0,0.0,0.0,0.0,13.9,0,4,21.3,17.8,27.5,,,36510.0,37605.333333333336,,,,,,,,
2021-06-22,A,1.0,1.0,False,False,0,0.5,19.9,18.8,54,24.16,,36922,,,,,,,,,,,,,,,,2021,6,0,0.0,0.0,0.10000000000002798,3.4,0,0,22.6,20.2,26.11,,,39158.0,40065.666666666664,,,,,,,,
2021-06-22,B,1.0,1.0,False,False,0,0.5,19.9,18.8,54,24.16,,36922,,,,,,,,,,,,,,,,2021,6,0,0.0,0.0,0.10000000000002798,3.4,0,0,22.6,20.2,26.11,,,39158.0,40065.666666666664,,,,,,,,
2021-06-22,C,1.0,1.0,False,False,0,0.5,19.9,18.8,54,24.16,,36922,,,,,,,,,,,,,,,,2021,6,0,0.0,0.0,0.10000000000002798,3.4,0,0,22.6,20.2,26.11,,,39158.0,40065.666666666664,,,,,,,,
2021-06-22,D,1.0,1.0,False,False,0,0.5,19.9,18.8,54,24.16,,36922,,,,,,,,,,,,,,,,2021,6,0,0.0,0.0,0.10000000000002798,3.4,0,0,22.6,20.2,26.11,,,39158.0,40065.666666666664,,,,,,,,
2021-06-22,E,1.0,1.0,False,False,0,0.5,19.9,18.8,54,24.16,,36922,,,,,,,,,,,,,,,,2021,6,0,0.0,0.0,0.10000000000002798,3.4,0,0,22.6,20.2,26.11,,,39158.0,40065.666666666664,,,,,,,,
2021-07-15,A,20.0,5.0,False,False,0,3.3,26.6,11.8,237,21.7,,33646,,,64.15,58.56293706293706,20.99895104895105,30.21748251748252,0.6,,0.8,,5.9,122.5909090909091,24.43006993006993,1015.0604895104894,,2021,7,0,2.7,4.8000000000000576,6.800000000000022,8.2,1,0,26.5,17.2,21.75,,,32911.0,34188.333333333336,61.32708333333333,20.308680555555554,0.6,,1.0,,7.9,227.74305555555557
2021-07-15,B,41.0,1.0,False,False,0,3.3,26.6,11.8,237,21.7,,33646,,,64.15,58.56293706293706,20.99895104895105,30.21748251748252,0.6,,0.8,,5.9,122.5909090909091,24.43006993006993,1015.0604895104894,,2021,7,0,2.7,4.8000000000000576,6.800000000000022,8.2,1,0,26.5,17.2,21.75,,,32911.0,34188.333333333336,61.32708333333333,20.308680555555554,0.6,,1.0,,7.9,227.74305555555557
2021-07-15,C,52.0,1.0,False,False,0,3.3,26.6,11.8,237,21.7,,33646,,,64.15,58.56293706293706,20.99895104895105,30.21748251748252,0.6,,0.8,,5.9,122.5909090909091,24.43006993006993,1015.0604895104894,,2021,7,0,2.7,4.8000000000000576,6.800000000000022,8.2,1,0,26.5,17.2,21.75,,,32911.0,34188.333333333336,61.32708333333333,20.308680555555554,0.6,,1.0,,7.9,227.74305555555557
2021-07-15,D,31.0,1.0,False,False,0,3.3,26.6,11.8,237,21.7,,33646,,,64.15,58.56293706293706,20.99895104895105,30.21748251748252,0.6,,0.8,,5.9,122.5909090909091,24.43006993006993,1015.0604895104894,,2021,7,0,2.7,4.8000000000000576,6.800000000000022,8.2,1,0,26.5,17.2,21.75,,,32911.0,34188.333333333336,61.32708333333333,20.308680555555554,0.6,,1.0,,7.9,227.74305555555557
2021-07-15,E,41.0,10.0,False,False,0,3.3,26.6,11.8,237,21.7,,33646,,,64.15,58.56293706293706,20.99895104895105,30.21748251748252,0.6,,0.8,,5.9,122.5909090909091,24.43006993006993,1015.0604895104894,,2021,7,0,2.7,4.8000000000000576,6.800000000000022,8.2,1,0,26.5,17.2,21.75,,,32911.0,34188.333333333336,61.32708333333333,20.308680555555554,0.6,,1.0,,7.9,227.74305555555557
2021-07-22,A,1.0,1.0,False,False,0,0.0,26.3,23.6,45,23.12,,34987,,,57.51631944444445,102.65277777777776,26.335416666666667,22.79895833333333,1.2,,1.8,,9.6,38.82986111111112,26.54201388888889,1011.35625,,2021,7,0,0.0,0.30000000000005683,6.2000000000000215,18.700000000000003,0,2,26.3,24.6,22.26,,,35104.0,34484.0,53.874652777777776,26.33888888888889,1.2,,1.9,,9.6,36.82986111111112
2021-07-22,B,1.0,10.0,False,False,0,0.0,26.3,23.6,45,23.12,,34987,,,57.51631944444445,102.65277777777776,26.335416666666667,22.79895833333333,1.2,,1.8,,9.6,38.82986111111112,26.54201388888889,1011.35625,,2021,7,0,0.0,0.30000000000005683,6.2000000000000215,18.700000000000003,0,2,26.3,24.6,22.26,,,35104.0,34484.0,53.874652777777776,26.33888888888889,1.2,,1.9,,9.6,36.82986111111112
2021-07-22,C,10.0,1.0,False,False,0,0.0,26.3,23.6,45,23.12,,34987,,,57.51631944444445,102.65277777777776,26.335416666666667,22.79895833333333,1.2,,1.8,,9.6,38.82986111111112,26.54201388888889,1011.35625,,2021,7,0,0.0,0.30000000000005683,6.2000000000000215,18.700000000000003,0,2,26.3,24.6,22.26,,,35104.0,34484.0,53.874652777777776,26.33888888888889,1.2,,1.9,,9.6,36.82986111111112
2021-07-22,D,20.0,1.0,False,False,0,0.0,26.3,23.6,45,23.12,,34987,,,57.51631944444445,102.65277777777776,26.335416666666667,22.79895833333333,1.2,,1.8,,9.6,38.82986111111112,26.54201388888889,1011.35625,,2021,7,0,0.0,0.30000000000005683,6.2000000000000215,18.700000000000003,0,2,26.3,24.6,22.26,,,35104.0,34484.0,53.874652777777776,26.33888888888889,1.2,,1.9,,9.6,36.82986111111112
2021-07-22,E,10.0,5.0,False,False,0,0.0,26.3,23.6,45,23.12,,34987,,,57.51631944444445,102.65277777777776,26.335416666666667,22.79895833333333,1.2,,1.8,,9.6,38.82986111111112,26.54201388888889,1011.35625,,2021,7,0,0.0,0.30000000000005683,6.2000000000000215,18.700000000000003,0,2,26.3,24.6,22.26,,,35104.0,34484.0,53.874652777777776,26.33888888888889,1.2,,1.9,,9.6,36.82986111111112
2021-07-29,A,20.0,1.0,False,False,0,0.0,26.7,11.9,97,24.86,,31741,,,41.20243055555555,73.27777777777777,26.957142857142856,21.34494773519164,1.0,,1.6,,4.0,207.30555555555557,28.094791666666666,1002.7729166666666,,2021,7,0,0.4,0.40000000000005687,0.40000000000002134,0.5,0,1,26.4,17.1,21.36,,,32637.0,32285.666666666668,53.1616724738676,26.706271777003483,0.8,,1.4,,5.7,105.02090592334494
2021-07-29,B,10.0,1.0,False,False,0,0.0,26.7,11.9,97,24.86,,31741,,,41.20243055555555,73.27777777777777,26.957142857142856,21.34494773519164,1.0,,1.6,,4.0,207.30555555555557,28.094791666666666,1002.7729166666666,,2021,7,0,0.4,0.40000000000005687,0.40000000000002134,0.5,0,1,26.4,17.1,21.36,,,32637.0,32285.666666666668,53.1616724738676,26.706271777003483,0.8,,1.4,,5.7,105.02090592334494
2021-07-29,C,10.0,5.0,False,False,0,0.0,26.7,11.9,97,24.86,,31741,,,41.20243055555555,73.27777777777777,26.957142857142856,21.34494773519164,1.0,,1.6,,4.0,207.30555555555557,28.094791666666666,1002.7729166666666,,2021,7,0,0.4,0.40000000000005687,0.40000000000002134,0.5,0,1,26.4,17.1,21.36,,,32637.0,32285.666666666668,53.1616724738676,26.706271777003483,0.8,,1.4,,5.7,105.02090592334494
2021-07-29,D,10.0,1.0,False,False,0,0.0,26.7,11.9,97,24.86,,31741,,,41.20243055555555,73.27777777777777,26.957142857142856,21.34494773519164,1.0,,1.6,,4.0,207.30555555555557,28.094791666666666,1002.7729166666666,,2021,7,0,0.4,0.40000000000005687,0.40000000000002134,0.5,0,1,26.4,17.1,21.36,,,32637.0,32285.666666666668,53.1616724738676,26.706271777003483,0.8,,1.4,,5.7,105.02090592334494
2021-07-29,E,31.0,1.0,False,False,0,0.0,26.7,11.9,97,24.86,,31741,,,41.20243055555555,73.27777777777777,26.957142857142856,21.34494773519164,1.0,,1.6,,4.0,207.30555555555557,28.094791666666666,1002.7729166666666,,2021,7,0,0.4,0.40000000000005687,0.40000000000002134,0.5,0,1,26.4,17.1,21.36,,,32637.0,32285.666666666668,53.1616724738676,26.706271777003483,0.8,,1.4,,5.7,105.02090592334494
2021-08-03,A,10.0,5.0,False,False,0,0.4,27.2,17.0,206,21.53,,31857,,,80.39930555555556,44.989583333333336,27.070383275261324,18.92090592334495,0.9,,1.5,,10.5,238.14930555555557,30.62673611111111,1008.0690972222224,,2021,8,0,2.3,20.800000000000058,23.400000000000023,23.400000000000002,0,0,27.8,14.8,21.79,,,31525.0,32350.333333333332,96.95121951219512,27.15923344947735,0.4,,0.7,,6.7,228.21951219512195
2021-08-03,B,10.0,1.0,False,False,0,0.4,27.2,17.0,206,21.53,,31857,,,80.39930555555556,44.989583333333336,27.070383275261324,18.92090592334495,0.9,,1.5,,10.5,238.14930555555557,30.62673611111111,1008.0690972222224,,2021,8,0,2.3,20.800000000000058,23.400000000000023,23.400000000000002,0,0,27.8,14.8,21.79,,,31525.0,32350.333333333332,96.95121951219512,27.15923344947735,0.4,,0.7,,6.7,228.21951219512195
2021-08-03,C,1.0,5.0,False,False,0,0.4,27.2,17.0,206,21.53,,31857,,,80.39930555555556,44.989583333333336,27.070383275261324,18.92090592334495,0.9,,1.5,,10.5,238.14930555555557,30.62673611111111,1008.0690972222224,,2021,8,0,2.3,20.800000000000058,23.400000000000023,23.400000000000002,0,0,27.8,14.8,21.79,,,31525.0,32350.333333333332,96.95121951219512,27.15923344947735,0.4,,0.7,,6.7,228.21951219512195
2021-08-03,D,10.0,5.0,False,False,0,0.4,27.2,17.0,206,21.53,,31857,,,80.39930555555556,44.989583333333336,27.070383275261324,18.92090592334495,0.9,,1.5,,10.5,238.14930555555557,30.62673611111111,1008.0690972222224,,2021,8,0,2.3,20.800000000000058,23.400000000000023,23.400000000000002,0,0,27.8,14.8,21.79,,,31525.0,32350.333333333332,96.95121951219512,27.15923344947735,0.4,,0.7,,6.7,228.21951219512195
2021-08-03,E,1.0,1.0,False,False,0,0.4,27.2,17.0,206,21.53,,31857,,,80.39930555555556,44.989583333333336,27.070383275261324,18.92090592334495,0.9,,1.5,,10.5,238.14930555555557,30.62673611111111,1008.0690972222224,,2021,8,0,2.3,20.800000000000058,23.400000000000023,23.400000000000002,0,0,27.8,14.8,21.79,,,31525.0,32350.333333333332,96.95121951219512,27.15923344947735,0.4,,0.7,,6.7,228.21951219512195
2021-08-10,A,52.0,32.0,False,False,0,7.6,24.8,16.5,76,17.27,,32132,,,51.29825783972125,90.42857142857144,27.38780487804878,33.78745644599303,3.3,,4.7,,8.4,92.39024390243902,25.86411149825784,1009.0655052264808,,2021,8,0,18.1,59.00000000000006,63.90000000000002,63.9,1,0,25.8,22.2,18.32,,,34246.0,34768.0,52.33929824561404,27.49122807017544,3.3,,4.5,,10.1,182.3951048951049
2021-08-10,B,20.0,10.0,False,False,0,7.6,24.8,16.5,76,17.27,,32132,,,51.29825783972125,90.42857142857144,27.38780487804878,33.78745644599303,3.3,,4.7,,8.4,92.39024390243902,25.86411149825784,1009.0655052264808,,2021,8,0,18.1,59.00000000000006,63.90000000000002,63.9,1,0,25.8,22.2,18.32,,,34246.0,34768.0,52.33929824561404,27.49122807017544,3.3,,4.5,,10.1,182.3951048951049
2021-08-10,C,63.0,10.0,False,False,0,7.6,24.8,16.5,76,17.27,,32132,,,51.29825783972125,90.42857142857144,27.38780487804878,33.78745644599303,3.3,,4.7,,8.4,92.39024390243902,25.86411149825784,1009.0655052264808,,2021,8,0,18.1,59.00000000000006,63.90000000000002,63.9,1,0,25.8,22.2,18.32,,,34246.0,34768.0,52.33929824561404,27.49122807017544,3.3,,4.5,,10.1,182.3951048951049
2021-08-10,D,31.0,5.0,False,False,0,7.6,24.8,16.5,76,17.27,,32132,,,51.29825783972125,90.42857142857144,27.38780487804878,33.78745644599303,3.3,,4.7,,8.4,92.39024390243902,25.86411149825784,1009.0655052264808,,2021,8,0,18.1,59.00000000000006,63.90000000000002,63.9,1,0,25.8,22.2,18.32,,,34246.0,34768.0,52.33929824561404,27.49122807017544,3.3,,4.5,,10.1,182.3951048951049
2021-08-10,E,41.0,15.0,False,False,0,7.6,24.8,16.5,76,17.27,,32132,,,51.29825783972125,90.42857142857144,27.38780487804878,33.78745644599303,3.3,,4.7,,8.4,92.39024390243902,25.86411149825784,1009.0655052264808,,2021,8,0,18.1,59.00000000000006,63.90000000000002,63.9,1,0,25.8,22.2,18.32,,,34246.0,34768.0,52.33929824561404,27.49122807017544,3.3,,4.5,,10.1,182.3951048951049
2021-08-31,A,1.0,1.0,False,False,0,9.4,24.5,11.9,66,16.69,,34728,,,27.442160278745643,157.20905923344947,24.61149825783972,28.95087108013937,0.4,,0.7,,7.2,127.4006968641115,24.53205574912892,1014.9557491289198,,2021,8,0,1.7,3.1000000000000565,4.800000000000021,11.2,1,0,25.6,9.7,15.71,,,40173.0,41481.333333333336,28.17062937062937,22.711888111888115,0.5,,0.9,,5.0,149.3881118881119
2021-08-31,B,10.0,10.0,False,False,0,9.4,24.5,11.9,66,16.69,,34728,,,27.442160278745643,157.20905923344947,24.61149825783972,28.95087108013937,0.4,,0.7,,7.2,127.4006968641115,24.53205574912892,1014.9557491289198,,2021,8,0,1.7,3.1000000000000565,4.800000000000021,11.2,1,0,25.6,9.7,15.71,,,40173.0,41481.333333333336,28.17062937062937,22.711888111888115,0.5,,0.9,,5.0,149.3881118881119
2021-08-31,C,1.0,10.0,False,False,0,9.4,24.5,11.9,66,16.69,,34728,,,27.442160278745643,157.20905923344947,24.61149825783972,28.95087108013937,0.4,,0.7,,7.2,127.4006968641115,24.53205574912892,1014.9557491289198,,2021,8,0,1.7,3.1000000000000565,4.800000000000021,11.2,1,0,25.6,9.7,15.71,,,40173.0,41481.333333333336,28.17062937062937,22.711888111888115,0.5,,0.9,,5.0,149.3881118881119
2021-08-31,D,10.0,5.0,False,False,0,9.4,24.5,11.9,66,16.69,,34728,,,27.442160278745643,157.20905923344947,24.61149825783972,28.95087108013937,0.4,,0.7,,7.2,127.4006968641115,24.53205574912892,1014.9557491289198,,2021,8,0,1.7,3.1000000000000565,4.800000000000021,11.2,1,0,25.6,9.7,15.71,,,40173.0,41481.333333333336,28.17062937062937,22.711888111888115,0.5,,0.9,,5.0,149.3881118881119
2021-08-31,E,1.0,5.0,False,False,0,9.4,24.5,11.9,66,16.69,,34728,,,27.442160278745643,157.20905923344947,24.61149825783972,28.95087108013937,0.4,,0.7,,7.2,127.4006968641115,24.53205574912892,1014.9557491289198,,2021,8,0,1.7,3.1000000000000565,4.800000000000021,11.2,1,0,25.6,9.7,15.71,,,40173.0,41481.333333333336,28.17062937062937,22.711888111888115,0.5,,0.9,,5.0,149.3881118881119
2021-09-29,A,1.0,1.0,False,False,0,11.1,23.1,23.7,232,13.29,,37920,,,42.71468531468531,106.92657342657344,23.663636363636364,,0.9,,1.6,,8.1,202.993006993007,23.596503496503495,1009.1314685314684,,2021,9,0,3.7,4.200000000000057,4.2000000000000215,6.300000000000015,1,0,21.5,20.2,9.58,,,33848.0,34688.0,35.476491228070174,23.5480701754386,1.1,,1.8,,7.6,27.72473867595819
2021-09-29,B,1.0,5.0,False,False,0,11.1,23.1,23.7,232,13.29,,37920,,,42.71468531468531,106.92657342657344,23.663636363636364,,0.9,,1.6,,8.1,202.993006993007,23.596503496503495,1009.1314685314684,,2021,9,0,3.7,4.200000000000057,4.2000000000000215,6.300000000000015,1,0,21.5,20.2,9.58,,,33848.0,34688.0,35.476491228070174,23.5480701754386,1.1,,1.8,,7.6,27.72473867595819
2021-09-29,C,1.0,1.0,False,False,0,11.1,23.1,23.7,232,13.29,,37920,,,42.71468531468531,106.92657342657344,23.663636363636364,,0.9,,1.6,,8.1,202.993006993007,23.596503496503495,1009.1314685314684,,2021,9,0,3.7,4.200000000000057,4.2000000000000215,6.300000000000015,1,0,21.5,20.2,9.58,,,33848.0,34688.0,35.476491228070174,23.5480701754386,1.1,,1.8,,7.6,27.72473867595819
2021-09-29,D,10.0,1.0,False,False,0,11.1,23.1,23.7,232,13.29,,37920,,,42.71468531468531,106.92657342657344,23.663636363636364,,0.9,,1.6,,8.1,202.993006993007,23.596503496503495,1009.1314685314684,,2021,9,0,3.7,4.200000000000057,4.2000000000000215,6.300000000000015,1,0,21.5,20.2,9.58,,,33848.0,34688.0,35.476491228070174,23.5480701754386,1.1,,1.8,,7.6,27.72473867595819
2021-09-29,E,20.0,1.0,False,False,0,11.1,23.1,23.7,232,13.29,,37920,,,42.71468531468531,106.92657342657344,23.663636363636364,,0.9,,1.6,,8.1,202.993006993007,23.596503496503495,1009.1314685314684,,2021,9,0,3.7,4.200000000000057,4.2000000000000215,6.300000000000015,1,0,21.5,20.2,9.58,,,33848.0,34688.0,35.476491228070174,23.5480701754386,1.1,,1.8,,7.6,27.72473867595819
2022-05-19,A,1.0,10.0,False,False,0,0.0,19.8,21.4,240,18.29,66200.0,36396,,,33.461484098939934,129.6643109540636,14.824381625441696,,0.8,,1.2,,9.5,225.55633802816905,17.010915492957746,1017.712676056338,,2022,5,0,0.0,0.0,0.0,0.0,0,6,19.7,22.3,27.02,66810.0,67113.33333333333,36653.0,36956.333333333336,26.934630350194556,16.944573643410852,1.1,,1.6,,8.5,188.8846153846154
2022-05-19,B,1.0,32.0,False,False,0,0.0,19.8,21.4,240,18.29,66200.0,36396,,,33.461484098939934,129.6643109540636,14.824381625441696,,0.8,,1.2,,9.5,225.55633802816905,17.010915492957746,1017.712676056338,,2022,5,0,0.0,0.0,0.0,0.0,0,6,19.7,22.3,27.02,66810.0,67113.33333333333,36653.0,36956.333333333336,26.934630350194556,16.944573643410852,1.1,,1.6,,8.5,188.8846153846154
2022-05-19,D,10.0,16.0,False,False,0,0.0,19.8,21.4,240,18.29,66200.0,36396,,,33.461484098939934,129.6643109540636,14.824381625441696,,0.8,,1.2,,9.5,225.55633802816905,17.010915492957746,1017.712676056338,,2022,5,0,0.0,0.0,0.0,0.0,0,6,19.7,22.3,27.02,66810.0,67113.33333333333,36653.0,36956.333333333336,26.934630350194556,16.944573643410852,1.1,,1.6,,8.5,188.8846153846154
2022-05-19,E,1.0,49.0,False,False,0,0.0,19.8,21.4,240,18.29,66200.0,36396,,,33.461484098939934,129.6643109540636,14.824381625441696,,0.8,,1.2,,9.5,225.55633802816905,17.010915492957746,1017.712676056338,,2022,5,0,0.0,0.0,0.0,0.0,0,6,19.7,22.3,27.02,66810.0,67113.33333333333,36653.0,36956.333333333336,26.934630350194556,16.944573643410852,1.1,,1.6,,8.5,188.8846153846154
2022-06-07,A,1.0,15.0,False,False,0,0.8,16.5,21.7,44,18.83,67160.0,38026,,,32.901779359430606,90.58362989323844,18.66797153024911,,2.2,,3.7,,9.1,38.76868327402135,17.130604982206407,1008.5160142348756,,2022,6,0,24.1,54.40000000000006,54.40000000000002,54.40000000000002,0,0,18.1,27.1,17.37,76070.0,72786.66666666667,45791.0,42537.333333333336,40.79752650176679,18.424822695035463,3.0,,3.9,,11.7,53.92226148409894
2022-06-07,B,20.0,37.0,False,False,0,0.8,16.5,21.7,44,18.83,67160.0,38026,,,32.901779359430606,90.58362989323844,18.66797153024911,,2.2,,3.7,,9.1,38.76868327402135,17.130604982206407,1008.5160142348756,,2022,6,0,24.1,54.40000000000006,54.40000000000002,54.40000000000002,0,0,18.1,27.1,17.37,76070.0,72786.66666666667,45791.0,42537.333333333336,40.79752650176679,18.424822695035463,3.0,,3.9,,11.7,53.92226148409894
2022-06-07,C,10.0,21.0,False,False,0,0.8,16.5,21.7,44,18.83,67160.0,38026,,,32.901779359430606,90.58362989323844,18.66797153024911,,2.2,,3.7,,9.1,38.76868327402135,17.130604982206407,1008.5160142348756,,2022,6,0,24.1,54.40000000000006,54.40000000000002,54.40000000000002,0,0,18.1,27.1,17.37,76070.0,72786.66666666667,45791.0,42537.333333333336,40.79752650176679,18.424822695035463,3.0,,3.9,,11.7,53.92226148409894
2022-06-07,D,20.0,31.0,False,False,0,0.8,16.5,21.7,44,18.83,67160.0,38026,,,32.901779359430606,90.58362989323844,18.66797153024911,,2.2,,3.7,,9.1,38.76868327402135,17.130604982206407,1008.5160142348756,,2022,6,0,24.1,54.40000000000006,54.40000000000002,54.40000000000002,0,0,18.1,27.1,17.37,76070.0,72786.66666666667,45791.0,42537.333333333336,40.79752650176679,18.424822695035463,3.0,,3.9,,11.7,53.92226148409894
2022-06-07,E,20.0,26.0,False,False,0,0.8,16.5,21.7,44,18.83,67160.0,38026,,,32.901779359430606,90.58362989323844,18.66797153024911,,2.2,,3.7,,9.1,38.76868327402135,17.130604982206407,1008.5160142348756,,2022,6,0,24.1,54.40000000000006,54.40000000000002,54.40000000000002,0,0,18.1,27.1,17.37,76070.0,72786.66666666667,45791.0,42537.333333333336,40.79752650176679,18.424822695035463,3.0,,3.9,,11.7,53.92226148409894
2022-06-23,A,1.0,5.0,False,False,0,1.2,23.5,32.4,218,9.38,68670.0,36093,,,61.10071174377224,51.20640569395018,18.42607142857143,,2.1,,2.9,,11.4,229.4733096085409,21.01814946619217,1005.2010676156584,,2022,6,0,0.0,0.20000000000005685,0.20000000000001422,0.20000000000001422,0,0,24.2,21.6,24.66,73450.0,72613.33333333333,38387.0,38450.333333333336,68.3,18.962589928057557,1.0,,1.7,,10.9,231.3548387096774
2022-06-23,B,1.0,1.0,False,False,0,1.2,23.5,32.4,218,9.38,68670.0,36093,,,61.10071174377224,51.20640569395018,18.42607142857143,,2.1,,2.9,,11.4,229.4733096085409,21.01814946619217,1005.2010676156584,,2022,6,0,0.0,0.20000000000005685,0.20000000000001422,0.20000000000001422,0,0,24.2,21.6,24.66,73450.0,72613.33333333333,38387.0,38450.333333333336,68.3,18.962589928057557,1.0,,1.7,,10.9,231.3548387096774
2022-06-23,C,1.0,1.0,False,False,0,1.2,23.5,32.4,218,9.38,68670.0,36093,,,61.10071174377224,51.20640569395018,18.42607142857143,,2.1,,2.9,,11.4,229.4733096085409,21.01814946619217,1005.2010676156584,,2022,6,0,0.0,0.20000000000005685,0.20000000000001422,0.20000000000001422,0,0,24.2,21.6,24.66,73450.0,72613.33333333333,38387.0,38450.333333333336,68.3,18.962589928057557,1.0,,1.7,,10.9,231.3548387096774
2022-06-23,D,10.0,5.0,False,False,0,1.2,23.5,32.4,218,9.38,68670.0,36093,,,61.10071174377224,51.20640569395018,18.42607142857143,,2.1,,2.9,,11.4,229.4733096085409,21.01814946619217,1005.2010676156584,,2022,6,0,0.0,0.20000000000005685,0.20000000000001422,0.20000000000001422,0,0,24.2,21.6,24.66,73450.0,72613.33333333333,38387.0,38450.333333333336,68.3,18.962589928057557,1.0,,1.7,,10.9,231.3548387096774
2022-06-23,E,10.0,1.0,False,False,0,1.2,23.5,32.4,218,9.38,68670.0,36093,,,61.10071174377224,51.20640569395018,18.42607142857143,,2.1,,2.9,,11.4,229.4733096085409,21.01814946619217,1005.2010676156584,,2022,6,0,0.0,0.20000000000005685,0.20000000000001422,0.20000000000001422,0,0,24.2,21.6,24.66,73450.0,72613.33333333333,38387.0,38450.333333333336,68.3,18.962589928057557,1.0,,1.7,,10.9,231.3548387096774
2022-07-07,A,173.0,5.0,False,False,0,1.2,26.8,19.5,205,21.22,76590.0,39626,,,64.12811387900356,49.120996441281136,21.940569395017796,,0.5,,0.9,,7.8,232.60498220640568,24.48434163701068,1009.1836298932384,,2022,7,0,3.4,7.60000000000006,9.600000000000017,10.700000000000014,0,0,25.8,10.5,15.73,78560.0,77493.33333333333,39553.0,39756.0,61.62743682310469,22.16823104693141,0.5,,0.8,,3.0,163.03237410071944
2022-07-07,B,171.0,10.0,False,False,0,1.2,26.8,19.5,205,21.22,76590.0,39626,,,64.12811387900356,49.120996441281136,21.940569395017796,,0.5,,0.9,,7.8,232.60498220640568,24.48434163701068,1009.1836298932384,,2022,7,0,3.4,7.60000000000006,9.600000000000017,10.700000000000014,0,0,25.8,10.5,15.73,78560.0,77493.33333333333,39553.0,39756.0,61.62743682310469,22.16823104693141,0.5,,0.8,,3.0,163.03237410071944
2022-07-07,C,63.0,5.0,False,False,0,1.2,26.8,19.5,205,21.22,76590.0,39626,,,64.12811387900356,49.120996441281136,21.940569395017796,,0.5,,0.9,,7.8,232.60498220640568,24.48434163701068,1009.1836298932384,,2022,7,0,3.4,7.60000000000006,9.600000000000017,10.700000000000014,0,0,25.8,10.5,15.73,78560.0,77493.33333333333,39553.0,39756.0,61.62743682310469,22.16823104693141,0.5,,0.8,,3.0,163.03237410071944
2022-07-07,D,75.0,10.0,False,False,0,1.2,26.8,19.5,205,21.22,76590.0,39626,,,64.12811387900356,49.120996441281136,21.940569395017796,,0.5,,0.9,,7.8,232.60498220640568,24.48434163701068,1009.1836298932384,,2022,7,0,3.4,7.60000000000006,9.600000000000017,10.700000000000014,0,0,25.8,10.5,15.73,78560.0,77493.33333333333,39553.0,39756.0,61.62743682310469,22.16823104693141,0.5,,0.8,,3.0,163.03237410071944
2022-07-07,E,148.0,5.0,False,False,0,1.2,26.8,19.5,205,21.22,76590.0,39626,,,64.12811387900356,49.120996441281136,21.940569395017796,,0.5,,0.9,,7.8,232.60498220640568,24.48434163701068,1009.1836298932384,,2022,7,0,3.4,7.60000000000006,9.600000000000017,10.700000000000014,0,0,25.8,10.5,15.73,78560.0,77493.33333333333,39553.0,39756.0,61.62743682310469,22.16823104693141,0.5,,0.8,,3.0,163.03237410071944
2022-07-20,A,122.0,1.0,False,False,0,0.7,26.2,18.4,225,25.19,77460.0,41839,,,44.07304964539007,67.55319148936171,19.201063829787238,,1.3,,1.9,,7.3,222.1914893617021,22.748936170212765,1006.2170212765958,,2022,7,0,3.9,87.80000000000007,88.00000000000003,89.00000000000001,0,0,24.9,11.3,16.07,87910.0,91620.0,45487.0,45493.0,48.51223021582734,19.356474820143887,1.9,,3.1,,5.9,192.21146953405017
2022-07-20,B,160.0,5.0,False,False,0,0.7,26.2,18.4,225,25.19,77460.0,41839,,,44.07304964539007,67.55319148936171,19.201063829787238,,1.3,,1.9,,7.3,222.1914893617021,22.748936170212765,1006.2170212765958,,2022,7,0,3.9,87.80000000000007,88.00000000000003,89.00000000000001,0,0,24.9,11.3,16.07,87910.0,91620.0,45487.0,45493.0,48.51223021582734,19.356474820143887,1.9,,3.1,,5.9,192.21146953405017
2022-07-20,C,142.0,32.0,False,False,0,0.7,26.2,18.4,225,25.19,77460.0,41839,,,44.07304964539007,67.55319148936171,19.201063829787238,,1.3,,1.9,,7.3,222.1914893617021,22.748936170212765,1006.2170212765958,,2022,7,0,3.9,87.80000000000007,88.00000000000003,89.00000000000001,0,0,24.9,11.3,16.07,87910.0,91620.0,45487.0,45493.0,48.51223021582734,19.356474820143887,1.9,,3.1,,5.9,192.21146953405017
2022-07-20,D,62.0,16.0,False,False,0,0.7,26.2,18.4,225,25.19,77460.0,41839,,,44.07304964539007,67.55319148936171,19.201063829787238,,1.3,,1.9,,7.3,222.1914893617021,22.748936170212765,1006.2170212765958,,2022,7,0,3.9,87.80000000000007,88.00000000000003,89.00000000000001,0,0,24.9,11.3,16.07,87910.0,91620.0,45487.0,45493.0,48.51223021582734,19.356474820143887,1.9,,3.1,,5.9,192.21146953405017
2022-07-20,E,97.0,21.0,False,False,0,0.7,26.2,18.4,225,25.19,77460.0,41839,,,44.07304964539007,67.55319148936171,19.201063829787238,,1.3,,1.9,,7.3,222.1914893617021,22.748936170212765,1006.2170212765958,,2022,7,0,3.9,87.80000000000007,88.00000000000003,89.00000000000001,0,0,24.9,11.3,16.07,87910.0,91620.0,45487.0,45493.0,48.51223021582734,19.356474820143887,1.9,,3.1,,5.9,192.21146953405017
2022-07-26,A,1.0,1.0,False,False,0,0.1,24.4,16.7,67,23.61,95010.0,40277,,,32.34784172661871,138.4496402877698,21.842805755395684,,0.5,,1.0,,6.4,47.18637992831541,23.27741935483871,1010.9519713261648,,2022,7,0,1.5,20.400000000000055,21.200000000000014,37.5,0,0,24.8,14.9,19.36,92860.0,88363.33333333333,41753.0,43035.333333333336,34.91834532374101,21.438489208633094,0.9,,1.7,,6.3,86.46043165467626
2022-07-26,B,1.0,1.0,False,False,0,0.1,24.4,16.7,67,23.61,95010.0,40277,,,32.34784172661871,138.4496402877698,21.842805755395684,,0.5,,1.0,,6.4,47.18637992831541,23.27741935483871,1010.9519713261648,,2022,7,0,1.5,20.400000000000055,21.200000000000014,37.5,0,0,24.8,14.9,19.36,92860.0,88363.33333333333,41753.0,43035.333333333336,34.91834532374101,21.438489208633094,0.9,,1.7,,6.3,86.46043165467626
2022-07-26,C,1.0,1.0,False,False,0,0.1,24.4,16.7,67,23.61,95010.0,40277,,,32.34784172661871,138.4496402877698,21.842805755395684,,0.5,,1.0,,6.4,47.18637992831541,23.27741935483871,1010.9519713261648,,2022,7,0,1.5,20.400000000000055,21.200000000000014,37.5,0,0,24.8,14.9,19.36,92860.0,88363.33333333333,41753.0,43035.333333333336,34.91834532374101,21.438489208633094,0.9,,1.7,,6.3,86.46043165467626
2022-07-26,D,1.0,1.0,False,False,0,0.1,24.4,16.7,67,23.61,95010.0,40277,,,32.34784172661871,138.4496402877698,21.842805755395684,,0.5,,1.0,,6.4,47.18637992831541,23.27741935483871,1010.9519713261648,,2022,7,0,1.5,20.400000000000055,21.200000000000014,37.5,0,0,24.8,14.9,19.36,92860.0,88363.33333333333,41753.0,43035.333333333336,34.91834532374101,21.438489208633094,0.9,,1.7,,6.3,86.46043165467626
2022-07-26,E,1.0,1.0,False,False,0,0.1,24.4,16.7,67,23.61,95010.0,40277,,,32.34784172661871,138.4496402877698,21.842805755395684,,0.5,,1.0,,6.4,47.18637992831541,23.27741935483871,1010.9519713261648,,2022,7,0,1.5,20.400000000000055,21.200000000000014,37.5,0,0,24.8,14.9,19.36,92860.0,88363.33333333333,41753.0,43035.333333333336,34.91834532374101,21.438489208633094,0.9,,1.7,,6.3,86.46043165467626
2022-08-03,A,108.0,1.0,False,False,0,3.8,27.1,24.6,238,20.93,88300.0,42055,,,51.81964285714286,76.4,21.49642857142857,,1.0,,1.4,,8.7,227.95373665480423,24.89252669039146,1011.323487544484,,2022,8,0,13.7,17.800000000000054,23.900000000000013,25.0,1,0,26.6,29.3,16.99,86330.0,86673.33333333333,41006.0,41205.666666666664,37.71028368794326,23.75460992907801,2.1,,3.5,,10.2,228.4078014184397
2022-08-03,B,74.0,5.0,False,False,0,3.8,27.1,24.6,238,20.93,88300.0,42055,,,51.81964285714286,76.4,21.49642857142857,,1.0,,1.4,,8.7,227.95373665480423,24.89252669039146,1011.323487544484,,2022,8,0,13.7,17.800000000000054,23.900000000000013,25.0,1,0,26.6,29.3,16.99,86330.0,86673.33333333333,41006.0,41205.666666666664,37.71028368794326,23.75460992907801,2.1,,3.5,,10.2,228.4078014184397
2022-08-03,C,132.0,16.0,False,False,0,3.8,27.1,24.6,238,20.93,88300.0,42055,,,51.81964285714286,76.4,21.49642857142857,,1.0,,1.4,,8.7,227.95373665480423,24.89252669039146,1011.323487544484,,2022,8,0,13.7,17.800000000000054,23.900000000000013,25.0,1,0,26.6,29.3,16.99,86330.0,86673.33333333333,41006.0,41205.666666666664,37.71028368794326,23.75460992907801,2.1,,3.5,,10.2,228.4078014184397
2022-08-03,D,75.0,1.0,False,False,0,3.8,27.1,24.6,238,20.93,88300.0,42055,,,51.81964285714286,76.4,21.49642857142857,,1.0,,1.4,,8.7,227.95373665480423,24.89252669039146,1011.323487544484,,2022,8,0,13.7,17.800000000000054,23.900000000000013,25.0,1,0,26.6,29.3,16.99,86330.0,86673.33333333333,41006.0,41205.666666666664,37.71028368794326,23.75460992907801,2.1,,3.5,,10.2,228.4078014184397
2022-08-03,E,98.0,15.0,False,False,0,3.8,27.1,24.6,238,20.93,88300.0,42055,,,51.81964285714286,76.4,21.49642857142857,,1.0,,1.4,,8.7,227.95373665480423,24.89252669039146,1011.323487544484,,2022,8,0,13.7,17.800000000000054,23.900000000000013,25.0,1,0,26.6,29.3,16.99,86330.0,86673.33333333333,41006.0,41205.666666666664,37.71028368794326,23.75460992907801,2.1,,3.5,,10.2,228.4078014184397
2022-08-09,A,52.0,16.0,False,False,0,0.0,27.6,26.7,229,10.84,77270.0,39124,,,44.021660649819495,95.46209386281588,16.950541516245487,,0.9,,1.7,,8.3,231.78853046594983,22.961648745519717,1008.9440860215054,,2022,8,0,0.0,0.6000000000000568,4.500000000000014,10.899999999999999,0,2,28.4,25.5,19.26,80260.0,80463.33333333333,40366.0,41216.666666666664,54.78776978417266,18.978057553956837,1.1,,1.7,,10.1,231.78136200716847
2022-08-09,B,95.0,31.0,False,False,0,0.0,27.6,26.7,229,10.84,77270.0,39124,,,44.021660649819495,95.46209386281588,16.950541516245487,,0.9,,1.7,,8.3,231.78853046594983,22.961648745519717,1008.9440860215054,,2022,8,0,0.0,0.6000000000000568,4.500000000000014,10.899999999999999,0,2,28.4,25.5,19.26,80260.0,80463.33333333333,40366.0,41216.666666666664,54.78776978417266,18.978057553956837,1.1,,1.7,,10.1,231.78136200716847
2022-08-09,C,75.0,10.0,False,False,0,0.0,27.6,26.7,229,10.84,77270.0,39124,,,44.021660649819495,95.46209386281588,16.950541516245487,,0.9,,1.7,,8.3,231.78853046594983,22.961648745519717,1008.9440860215054,,2022,8,0,0.0,0.6000000000000568,4.500000000000014,10.899999999999999,0,2,28.4,25.5,19.26,80260.0,80463.33333333333,40366.0,41216.666666666664,54.78776978417266,18.978057553956837,1.1,,1.7,,10.1,231.78136200716847
2022-08-09,D,52.0,32.0,False,False,0,0.0,27.6,26.7,229,10.84,77270.0,39124,,,44.021660649819495,95.46209386281588,16.950541516245487,,0.9,,1.7,,8.3,231.78853046594983,22.961648745519717,1008.9440860215054,,2022,8,0,0.0,0.6000000000000568,4.500000000000014,10.899999999999999,0,2,28.4,25.5,19.26,80260.0,80463.33333333333,40366.0,41216.666666666664,54.78776978417266,18.978057553956837,1.1,,1.7,,10.1,231.78136200716847
2022-08-09,E,20.0,10.0,False,False,0,0.0,27.6,26.7,229,10.84,77270.0,39124,,,44.021660649819495,95.46209386281588,16.950541516245487,,0.9,,1.7,,8.3,231.78853046594983,22.961648745519717,1008.9440860215054,,2022,8,0,0.0,0.6000000000000568,4.500000000000014,10.899999999999999,0,2,28.4,25.5,19.26,80260.0,80463.33333333333,40366.0,41216.666666666664,54.78776978417266,18.978057553956837,1.1,,1.7,,10.1,231.78136200716847
2022-08-16,A,332.0,5.0,False,False,0,10.0,26.5,27.2,247,8.02,85550.0,45246,,,38.18960573476702,141.10752688172042,15.259498207885304,,1.7,,2.3,,8.3,226.652329749104,21.61825396825397,1004.8465949820788,,2022,8,0,1.0,5.400000000000057,10.400000000000015,22.3,1,0,28.4,32.3,22.3,80670.0,81383.33333333333,40674.0,40870.333333333336,30.550179211469533,15.366308243727598,1.1,,1.8,,10.0,230.68817204301075
2022-08-16,B,199.0,16.0,False,False,0,10.0,26.5,27.2,247,8.02,85550.0,45246,,,38.18960573476702,141.10752688172042,15.259498207885304,,1.7,,2.3,,8.3,226.652329749104,21.61825396825397,1004.8465949820788,,2022,8,0,1.0,5.400000000000057,10.400000000000015,22.3,1,0,28.4,32.3,22.3,80670.0,81383.33333333333,40674.0,40870.333333333336,30.550179211469533,15.366308243727598,1.1,,1.8,,10.0,230.68817204301075
2022-08-16,C,63.0,21.0,False,False,0,10.0,26.5,27.2,247,8.02,85550.0,45246,,,38.18960573476702,141.10752688172042,15.259498207885304,,1.7,,2.3,,8.3,226.652329749104,21.61825396825397,1004.8465949820788,,2022,8,0,1.0,5.400000000000057,10.400000000000015,22.3,1,0,28.4,32.3,22.3,80670.0,81383.33333333333,40674.0,40870.333333333336,30.550179211469533,15.366308243727598,1.1,,1.8,,10.0,230.68817204301075
2022-08-16,D,108.0,37.0,False,False,0,10.0,26.5,27.2,247,8.02,85550.0,45246,,,38.18960573476702,141.10752688172042,15.259498207885304,,1.7,,2.3,,8.3,226.652329749104,21.61825396825397,1004.8465949820788,,2022,8,0,1.0,5.400000000000057,10.400000000000015,22.3,1,0,28.4,32.3,22.3,80670.0,81383.33333333333,40674.0,40870.333333333336,30.550179211469533,15.366308243727598,1.1,,1.8,,10.0,230.68817204301075
2022-08-16,E,121.0,5.0,False,False,0,10.0,26.5,27.2,247,8.02,85550.0,45246,,,38.18960573476702,141.10752688172042,15.259498207885304,,1.7,,2.3,,8.3,226.652329749104,21.61825396825397,1004.8465949820788,,2022,8,0,1.0,5.400000000000057,10.400000000000015,22.3,1,0,28.4,32.3,22.3,80670.0,81383.33333333333,40674.0,40870.333333333336,30.550179211469533,15.366308243727598,1.1,,1.8,,10.0,230.68817204301075
2022-08-30,A,1.0,10.0,False,False,0,7.6,22.9,19.3,38,10.97,80890.0,38617,,,53.19892086330935,81.00719424460432,26.03956834532374,,0.9,,1.6,,8.5,36.44964028776978,23.928057553956837,1011.3575539568346,,2022,8,0,0.0,0.0,0.0,0.10000000000000711,1,0,23.2,15.8,14.49,78920.0,81660.0,39103.0,39511.666666666664,47.1709219858156,25.1,1.6,,2.4,,7.9,35.03886925795053
2022-08-30,B,1.0,5.0,False,False,0,7.6,22.9,19.3,38,10.97,80890.0,38617,,,53.19892086330935,81.00719424460432,26.03956834532374,,0.9,,1.6,,8.5,36.44964028776978,23.928057553956837,1011.3575539568346,,2022,8,0,0.0,0.0,0.0,0.10000000000000711,1,0,23.2,15.8,14.49,78920.0,81660.0,39103.0,39511.666666666664,47.1709219858156,25.1,1.6,,2.4,,7.9,35.03886925795053
2022-08-30,C,10.0,5.0,False,False,0,7.6,22.9,19.3,38,10.97,80890.0,38617,,,53.19892086330935,81.00719424460432,26.03956834532374,,0.9,,1.6,,8.5,36.44964028776978,23.928057553956837,1011.3575539568346,,2022,8,0,0.0,0.0,0.0,0.10000000000000711,1,0,23.2,15.8,14.49,78920.0,81660.0,39103.0,39511.666666666664,47.1709219858156,25.1,1.6,,2.4,,7.9,35.03886925795053
2022-08-30,D,10.0,10.0,False,False,0,7.6,22.9,19.3,38,10.97,80890.0,38617,,,53.19892086330935,81.00719424460432,26.03956834532374,,0.9,,1.6,,8.5,36.44964028776978,23.928057553956837,1011.3575539568346,,2022,8,0,0.0,0.0,0.0,0.10000000000000711,1,0,23.2,15.8,14.49,78920.0,81660.0,39103.0,39511.666666666664,47.1709219858156,25.1,1.6,,2.4,,7.9,35.03886925795053
2022-08-30,E,20.0,1.0,False,False,0,7.6,22.9,19.3,38,10.97,80890.0,38617,,,53.19892086330935,81.00719424460432,26.03956834532374,,0.9,,1.6,,8.5,36.44964028776978,23.928057553956837,1011.3575539568346,,2022,8,0,0.0,0.0,0.0,0.10000000000000711,1,0,23.2,15.8,14.49,78920.0,81660.0,39103.0,39511.666666666664,47.1709219858156,25.1,1.6,,2.4,,7.9,35.03886925795053
2022-09-26,A,1.0,10.0,False,False,0,0.9,20.0,13.0,16,8.6,65320.0,36642,,,49.34685314685315,72.82517482517483,23.14090909090909,,0.7,,1.2,,5.1,178.17482517482517,21.094055944055945,1016.3024475524476,,2022,9,0,0.2,0.20000000000005685,0.20000000000001422,0.20000000000001422,0,0,19.6,18.6,8.7,66360.0,69396.66666666667,37821.0,37900.666666666664,39.34424460431655,23.023741007194246,0.9,,1.6,,6.7,98.94982078853046
2022-09-26,B,1.0,1.0,False,False,0,0.9,20.0,13.0,16,8.6,65320.0,36642,,,49.34685314685315,72.82517482517483,23.14090909090909,,0.7,,1.2,,5.1,178.17482517482517,21.094055944055945,1016.3024475524476,,2022,9,0,0.2,0.20000000000005685,0.20000000000001422,0.20000000000001422,0,0,19.6,18.6,8.7,66360.0,69396.66666666667,37821.0,37900.666666666664,39.34424460431655,23.023741007194246,0.9,,1.6,,6.7,98.94982078853046
2022-09-26,C,1.0,5.0,False,False,0,0.9,20.0,13.0,16,8.6,65320.0,36642,,,49.34685314685315,72.82517482517483,23.14090909090909,,0.7,,1.2,,5.1,178.17482517482517,21.094055944055945,1016.3024475524476,,2022,9,0,0.2,0.20000000000005685,0.20000000000001422,0.20000000000001422,0,0,19.6,18.6,8.7,66360.0,69396.66666666667,37821.0,37900.666666666664,39.34424460431655,23.023741007194246,0.9,,1.6,,6.7,98.94982078853046
2022-09-26,D,1.0,1.0,False,False,0,0.9,20.0,13.0,16,8.6,65320.0,36642,,,49.34685314685315,72.82517482517483,23.14090909090909,,0.7,,1.2,,5.1,178.17482517482517,21.094055944055945,1016.3024475524476,,2022,9,0,0.2,0.20000000000005685,0.20000000000001422,0.20000000000001422,0,0,19.6,18.6,8.7,66360.0,69396.66666666667,37821.0,37900.666666666664,39.34424460431655,23.023741007194246,0.9,,1.6,,6.7,98.94982078853046
2022-09-26,E,10.0,49.0,False,False,0,0.9,20.0,13.0,16,8.6,65320.0,36642,,,49.34685314685315,72.82517482517483,23.14090909090909,,0.7,,1.2,,5.1,178.17482517482517,21.094055944055945,1016.3024475524476,,2022,9,0,0.2,0.20000000000005685,0.20000000000001422,0.20000000000001422,0,0,19.6,18.6,8.7,66360.0,69396.66666666667,37821.0,37900.666666666664,39.34424460431655,23.023741007194246,0.9,,1.6,,6.7,98.94982078853046
2023-05-12,A,10.0,16.0,False,False,0,1.2,16.2,14.0,65,19.11,80480.0,38436,,,29.82058823529412,69.05882352941177,15.666666666666666,,1.3,,2.0,,11.9,132.25641025641025,15.143356643356643,1018.2456521739132,,2023,5,0,0.0,0.0,0.0,10.500000000000014,0,0,15.8,23.7,25.48,80290.0,78296.66666666667,37658.0,38769.666666666664,28.438297872340428,15.60177304964539,1.3,,2.0,,9.1,40.8758865248227
2023-05-12,B,1.0,1.0,False,False,0,1.2,16.2,14.0,65,19.11,80480.0,38436,,,29.82058823529412,69.05882352941177,15.666666666666666,,1.3,,2.0,,11.9,132.25641025641025,15.143356643356643,1018.2456521739132,,2023,5,0,0.0,0.0,0.0,10.500000000000014,0,0,15.8,23.7,25.48,80290.0,78296.66666666667,37658.0,38769.666666666664,28.438297872340428,15.60177304964539,1.3,,2.0,,9.1,40.8758865248227
2023-05-12,C,63.0,5.0,False,False,0,1.2,16.2,14.0,65,19.11,80480.0,38436,,,29.82058823529412,69.05882352941177,15.666666666666666,,1.3,,2.0,,11.9,132.25641025641025,15.143356643356643,1018.2456521739132,,2023,5,0,0.0,0.0,0.0,10.500000000000014,0,0,15.8,23.7,25.48,80290.0,78296.66666666667,37658.0,38769.666666666664,28.438297872340428,15.60177304964539,1.3,,2.0,,9.1,40.8758865248227
2023-05-12,D,41.0,1.0,False,False,0,1.2,16.2,14.0,65,19.11,80480.0,38436,,,29.82058823529412,69.05882352941177,15.666666666666666,,1.3,,2.0,,11.9,132.25641025641025,15.143356643356643,1018.2456521739132,,2023,5,0,0.0,0.0,0.0,10.500000000000014,0,0,15.8,23.7,25.48,80290.0,78296.66666666667,37658.0,38769.666666666664,28.438297872340428,15.60177304964539,1.3,,2.0,,9.1,40.8758865248227
2023-05-12,E,52.0,1.0,False,False,0,1.2,16.2,14.0,65,19.11,80480.0,38436,,,29.82058823529412,69.05882352941177,15.666666666666666,,1.3,,2.0,,11.9,132.25641025641025,15.143356643356643,1018.2456521739132,,2023,5,0,0.0,0.0,0.0,10.500000000000014,0,0,15.8,23.7,25.48,80290.0,78296.66666666667,37658.0,38769.666666666664,28.438297872340428,15.60177304964539,1.3,,2.0,,9.1,40.8758865248227
2023-06-07,A,20.0,10.0,False,False,0,0.0,20.1,16.1,237,21.41,75370.0,38441,,,52.2125,112.03571428571428,16.6475,,1.0,,1.7,,9.0,213.07142857142856,18.88142857142857,1009.0017857142856,,2023,6,0,0.1,0.10000000000007106,0.10000000000001422,6.3,0,1,19.2,15.4,21.05,75220.0,79180.0,38808.0,39602.666666666664,53.01228070175439,16.997076023391813,0.7,,1.1,,6.3,202.83040935672517
2023-06-07,B,52.0,5.0,False,False,0,0.0,20.1,16.1,237,21.41,75370.0,38441,,,52.2125,112.03571428571428,16.6475,,1.0,,1.7,,9.0,213.07142857142856,18.88142857142857,1009.0017857142856,,2023,6,0,0.1,0.10000000000007106,0.10000000000001422,6.3,0,1,19.2,15.4,21.05,75220.0,79180.0,38808.0,39602.666666666664,53.01228070175439,16.997076023391813,0.7,,1.1,,6.3,202.83040935672517
2023-06-07,C,1.0,1.0,False,False,0,0.0,20.1,16.1,237,21.41,75370.0,38441,,,52.2125,112.03571428571428,16.6475,,1.0,,1.7,,9.0,213.07142857142856,18.88142857142857,1009.0017857142856,,2023,6,0,0.1,0.10000000000007106,0.10000000000001422,6.3,0,1,19.2,15.4,21.05,75220.0,79180.0,38808.0,39602.666666666664,53.01228070175439,16.997076023391813,0.7,,1.1,,6.3,202.83040935672517
2023-06-07,D,31.0,1.0,False,False,0,0.0,20.1,16.1,237,21.41,75370.0,38441,,,52.2125,112.03571428571428,16.6475,,1.0,,1.7,,9.0,213.07142857142856,18.88142857142857,1009.0017857142856,,2023,6,0,0.1,0.10000000000007106,0.10000000000001422,6.3,0,1,19.2,15.4,21.05,75220.0,79180.0,38808.0,39602.666666666664,53.01228070175439,16.997076023391813,0.7,,1.1,,6.3,202.83040935672517
2023-06-07,E,1.0,1.0,False,False,0,0.0,20.1,16.1,237,21.41,75370.0,38441,,,52.2125,112.03571428571428,16.6475,,1.0,,1.7,,9.0,213.07142857142856,18.88142857142857,1009.0017857142856,,2023,6,0,0.1,0.10000000000007106,0.10000000000001422,6.3,0,1,19.2,15.4,21.05,75220.0,79180.0,38808.0,39602.666666666664,53.01228070175439,16.997076023391813,0.7,,1.1,,6.3,202.83040935672517
2023-06-20,A,10.0,1.0,False,False,0,0.9,21.4,21.7,55,23.85,77760.0,36688,,,48.58085106382978,96.6099290780142,21.21985815602837,,1.7,,2.7,,9.1,27.95390070921986,21.351063829787236,1007.1117021276596,,2023,6,0,0.0,0.0,0.0,13.2,0,0,22.7,28.7,26.99,80320.0,82086.66666666667,37944.0,37725.0,50.13829787234042,19.15035460992908,1.4,,2.2,,11.1,55.748226950354606
2023-06-20,B,1.0,1.0,False,False,0,0.9,21.4,21.7,55,23.85,77760.0,36688,,,48.58085106382978,96.6099290780142,21.21985815602837,,1.7,,2.7,,9.1,27.95390070921986,21.351063829787236,1007.1117021276596,,2023,6,0,0.0,0.0,0.0,13.2,0,0,22.7,28.7,26.99,80320.0,82086.66666666667,37944.0,37725.0,50.13829787234042,19.15035460992908,1.4,,2.2,,11.1,55.748226950354606
2023-06-20,C,41.0,5.0,False,False,0,0.9,21.4,21.7,55,23.85,77760.0,36688,,,48.58085106382978,96.6099290780142,21.21985815602837,,1.7,,2.7,,9.1,27.95390070921986,21.351063829787236,1007.1117021276596,,2023,6,0,0.0,0.0,0.0,13.2,0,0,22.7,28.7,26.99,80320.0,82086.66666666667,37944.0,37725.0,50.13829787234042,19.15035460992908,1.4,,2.2,,11.1,55.748226950354606
2023-06-20,D,1.0,1.0,False,False,0,0.9,21.4,21.7,55,23.85,77760.0,36688,,,48.58085106382978,96.6099290780142,21.21985815602837,,1.7,,2.7,,9.1,27.95390070921986,21.351063829787236,1007.1117021276596,,2023,6,0,0.0,0.0,0.0,13.2,0,0,22.7,28.7,26.99,80320.0,82086.66666666667,37944.0,37725.0,50.13829787234042,19.15035460992908,1.4,,2.2,,11.1,55.748226950354606
2023-06-20,E,63.0,1.0,False,False,0,0.9,21.4,21.7,55,23.85,77760.0,36688,,,48.58085106382978,96.6099290780142,21.21985815602837,,1.7,,2.7,,9.1,27.95390070921986,21.351063829787236,1007.1117021276596,,2023,6,0,0.0,0.0,0.0,13.2,0,0,22.7,28.7,26.99,80320.0,82086.66666666667,37944.0,37725.0,50.13829787234042,19.15035460992908,1.4,,2.2,,11.1,55.748226950354606
2023-07-04,A,31.0,1.0,False,False,0,15.5,23.0,13.4,115,14.46,84820.0,39313,,,67.78833922261484,96.13427561837456,19.83745583038869,,0.9,,1.3,,3.5,169.70318021201413,22.350883392226148,1004.0349823321556,,2023,7,0,0.9,0.9000000000000711,5.100000000000008,28.1,1,0,23.4,13.5,13.09,82240.0,84833.33333333333,39945.0,41347.333333333336,66.5193661971831,19.525704225352115,1.1,,1.8,,5.9,101.806338028169
2023-07-04,B,10.0,5.0,False,False,0,15.5,23.0,13.4,115,14.46,84820.0,39313,,,67.78833922261484,96.13427561837456,19.83745583038869,,0.9,,1.3,,3.5,169.70318021201413,22.350883392226148,1004.0349823321556,,2023,7,0,0.9,0.9000000000000711,5.100000000000008,28.1,1,0,23.4,13.5,13.09,82240.0,84833.33333333333,39945.0,41347.333333333336,66.5193661971831,19.525704225352115,1.1,,1.8,,5.9,101.806338028169
2023-07-04,C,41.0,1.0,False,False,0,15.5,23.0,13.4,115,14.46,84820.0,39313,,,67.78833922261484,96.13427561837456,19.83745583038869,,0.9,,1.3,,3.5,169.70318021201413,22.350883392226148,1004.0349823321556,,2023,7,0,0.9,0.9000000000000711,5.100000000000008,28.1,1,0,23.4,13.5,13.09,82240.0,84833.33333333333,39945.0,41347.333333333336,66.5193661971831,19.525704225352115,1.1,,1.8,,5.9,101.806338028169
2023-07-04,D,31.0,5.0,False,False,0,15.5,23.0,13.4,115,14.46,84820.0,39313,,,67.78833922261484,96.13427561837456,19.83745583038869,,0.9,,1.3,,3.5,169.70318021201413,22.350883392226148,1004.0349823321556,,2023,7,0,0.9,0.9000000000000711,5.100000000000008,28.1,1,0,23.4,13.5,13.09,82240.0,84833.33333333333,39945.0,41347.333333333336,66.5193661971831,19.525704225352115,1.1,,1.8,,5.9,101.806338028169
2023-07-04,E,31.0,21.0,False,False,0,15.5,23.0,13.4,115,14.46,84820.0,39313,,,67.78833922261484,96.13427561837456,19.83745583038869,,0.9,,1.3,,3.5,169.70318021201413,22.350883392226148,1004.0349823321556,,2023,7,0,0.9,0.9000000000000711,5.100000000000008,28.1,1,0,23.4,13.5,13.09,82240.0,84833.33333333333,39945.0,41347.333333333336,66.5193661971831,19.525704225352115,1.1,,1.8,,5.9,101.806338028169
2023-07-27,A,63.0,5.0,False,False,0,0.0,27.1,11.9,200,25.94,88580.0,42057,,,35.932857142857145,90.67857142857144,17.781428571428574,,0.7,,1.0,,5.1,202.846975088968,25.59608540925267,1014.92384341637,,2023,7,0,1.6,3.800000000000064,8.1,18.199999999999985,0,1,26.0,13.2,17.83,87740.0,85890.0,42224.0,43445.0,51.78480565371025,18.824734982332156,0.5,,0.8,,5.3,215.2049469964664
2023-07-27,B,10.0,5.0,False,False,0,0.0,27.1,11.9,200,25.94,88580.0,42057,,,35.932857142857145,90.67857142857144,17.781428571428574,,0.7,,1.0,,5.1,202.846975088968,25.59608540925267,1014.92384341637,,2023,7,0,1.6,3.800000000000064,8.1,18.199999999999985,0,1,26.0,13.2,17.83,87740.0,85890.0,42224.0,43445.0,51.78480565371025,18.824734982332156,0.5,,0.8,,5.3,215.2049469964664
2023-07-27,C,10.0,1.0,False,False,0,0.0,27.1,11.9,200,25.94,88580.0,42057,,,35.932857142857145,90.67857142857144,17.781428571428574,,0.7,,1.0,,5.1,202.846975088968,25.59608540925267,1014.92384341637,,2023,7,0,1.6,3.800000000000064,8.1,18.199999999999985,0,1,26.0,13.2,17.83,87740.0,85890.0,42224.0,43445.0,51.78480565371025,18.824734982332156,0.5,,0.8,,5.3,215.2049469964664
2023-07-27,D,10.0,1.0,False,False,0,0.0,27.1,11.9,200,25.94,88580.0,42057,,,35.932857142857145,90.67857142857144,17.781428571428574,,0.7,,1.0,,5.1,202.846975088968,25.59608540925267,1014.92384341637,,2023,7,0,1.6,3.800000000000064,8.1,18.199999999999985,0,1,26.0,13.2,17.83,87740.0,85890.0,42224.0,43445.0,51.78480565371025,18.824734982332156,0.5,,0.8,,5.3,215.2049469964664
2023-07-27,E,10.0,1.0,False,False,0,0.0,27.1,11.9,200,25.94,88580.0,42057,,,35.932857142857145,90.67857142857144,17.781428571428574,,0.7,,1.0,,5.1,202.846975088968,25.59608540925267,1014.92384341637,,2023,7,0,1.6,3.800000000000064,8.1,18.199999999999985,0,1,26.0,13.2,17.83,87740.0,85890.0,42224.0,43445.0,51.78480565371025,18.824734982332156,0.5,,0.8,,5.3,215.2049469964664
2023-08-01,A,1.0,1.0,False,False,0,0.0,27.8,13.8,53,25.39,84150.0,45095,,,66.05166051660517,60.6309963099631,22.53962962962963,,0.6,,1.0,,4.4,135.41454545454545,25.99636363636364,1011.4643636363636,,2023,8,0,0.0,0.0,0.0,0.0,0,6,28.0,13.6,25.32,79340.0,80630.0,45011.0,44950.666666666664,61.2202846975089,20.69142857142857,0.6,,0.9,,3.0,222.97879858657245
2023-08-01,B,1.0,5.0,False,False,0,0.0,27.8,13.8,53,25.39,84150.0,45095,,,66.05166051660517,60.6309963099631,22.53962962962963,,0.6,,1.0,,4.4,135.41454545454545,25.99636363636364,1011.4643636363636,,2023,8,0,0.0,0.0,0.0,0.0,0,6,28.0,13.6,25.32,79340.0,80630.0,45011.0,44950.666666666664,61.2202846975089,20.69142857142857,0.6,,0.9,,3.0,222.97879858657245
2023-08-01,C,1.0,1.0,False,False,0,0.0,27.8,13.8,53,25.39,84150.0,45095,,,66.05166051660517,60.6309963099631,22.53962962962963,,0.6,,1.0,,4.4,135.41454545454545,25.99636363636364,1011.4643636363636,,2023,8,0,0.0,0.0,0.0,0.0,0,6,28.0,13.6,25.32,79340.0,80630.0,45011.0,44950.666666666664,61.2202846975089,20.69142857142857,0.6,,0.9,,3.0,222.97879858657245
2023-08-01,D,1.0,1.0,False,False,0,0.0,27.8,13.8,53,25.39,84150.0,45095,,,66.05166051660517,60.6309963099631,22.53962962962963,,0.6,,1.0,,4.4,135.41454545454545,25.99636363636364,1011.4643636363636,,2023,8,0,0.0,0.0,0.0,0.0,0,6,28.0,13.6,25.32,79340.0,80630.0,45011.0,44950.666666666664,61.2202846975089,20.69142857142857,0.6,,0.9,,3.0,222.97879858657245
2023-08-01,E,1.0,5.0,False,False,0,0.0,27.8,13.8,53,25.39,84150.0,45095,,,66.05166051660517,60.6309963099631,22.53962962962963,,0.6,,1.0,,4.4,135.41454545454545,25.99636363636364,1011.4643636363636,,2023,8,0,0.0,0.0,0.0,0.0,0,6,28.0,13.6,25.32,79340.0,80630.0,45011.0,44950.666666666664,61.2202846975089,20.69142857142857,0.6,,0.9,,3.0,222.97879858657245
2023-08-08,A,1.0,5.0,False,False,0,0.0,27.9,33.6,33,23.72,79790.0,42414,,,25.064310954063604,142.0600706713781,28.210283687943264,,2.2,,3.6,,13.9,30.395759717314487,27.59293286219081,1001.626148409894,,2023,8,0,0.0,0.10000000000006395,0.1,0.0999999999999858,0,2,28.9,27.8,25.03,81460.0,82866.66666666667,44479.0,44569.0,34.2,28.552313167259783,1.9,,2.6,,12.1,33.212765957446805
2023-08-08,B,1.0,1.0,False,False,0,0.0,27.9,33.6,33,23.72,79790.0,42414,,,25.064310954063604,142.0600706713781,28.210283687943264,,2.2,,3.6,,13.9,30.395759717314487,27.59293286219081,1001.626148409894,,2023,8,0,0.0,0.10000000000006395,0.1,0.0999999999999858,0,2,28.9,27.8,25.03,81460.0,82866.66666666667,44479.0,44569.0,34.2,28.552313167259783,1.9,,2.6,,12.1,33.212765957446805
2023-08-08,C,1.0,5.0,False,False,0,0.0,27.9,33.6,33,23.72,79790.0,42414,,,25.064310954063604,142.0600706713781,28.210283687943264,,2.2,,3.6,,13.9,30.395759717314487,27.59293286219081,1001.626148409894,,2023,8,0,0.0,0.10000000000006395,0.1,0.0999999999999858,0,2,28.9,27.8,25.03,81460.0,82866.66666666667,44479.0,44569.0,34.2,28.552313167259783,1.9,,2.6,,12.1,33.212765957446805
2023-08-08,D,1.0,5.0,False,False,0,0.0,27.9,33.6,33,23.72,79790.0,42414,,,25.064310954063604,142.0600706713781,28.210283687943264,,2.2,,3.6,,13.9,30.395759717314487,27.59293286219081,1001.626148409894,,2023,8,0,0.0,0.10000000000006395,0.1,0.0999999999999858,0,2,28.9,27.8,25.03,81460.0,82866.66666666667,44479.0,44569.0,34.2,28.552313167259783,1.9,,2.6,,12.1,33.212765957446805
2023-08-08,E,1.0,1.0,False,False,0,0.0,27.9,33.6,33,23.72,79790.0,42414,,,25.064310954063604,142.0600706713781,28.210283687943264,,2.2,,3.6,,13.9,30.395759717314487,27.59293286219081,1001.626148409894,,2023,8,0,0.0,0.10000000000006395,0.1,0.0999999999999858,0,2,28.9,27.8,25.03,81460.0,82866.66666666667,44479.0,44569.0,34.2,28.552313167259783,1.9,,2.6,,12.1,33.212765957446805
2024-05-03,A,1.0,1.0,False,False,0,0.0,14.5,10.1,164,26.64,78430.0,37805,,,32.00451388888889,115.81597222222224,16.19201388888889,,0.9,,1.3,,3.6,258.4791666666667,15.004166666666666,1018.8263888888888,,2024,5,0,0.0,0.9000000000000711,1.8000000000000071,32.59999999999999,0,2,13.4,18.6,26.29,79050.0,81030.0,39604.0,40749.333333333336,28.109407665505227,15.82439024390244,1.3,,2.2,,7.7,109.03135888501744
2024-05-03,B,1.0,1.0,False,False,0,0.0,14.5,10.1,164,26.64,78430.0,37805,,,32.00451388888889,115.81597222222224,16.19201388888889,,0.9,,1.3,,3.6,258.4791666666667,15.004166666666666,1018.8263888888888,,2024,5,0,0.0,0.9000000000000711,1.8000000000000071,32.59999999999999,0,2,13.4,18.6,26.29,79050.0,81030.0,39604.0,40749.333333333336,28.109407665505227,15.82439024390244,1.3,,2.2,,7.7,109.03135888501744
2024-05-03,C,1.0,1.0,False,False,0,0.0,14.5,10.1,164,26.64,78430.0,37805,,,32.00451388888889,115.81597222222224,16.19201388888889,,0.9,,1.3,,3.6,258.4791666666667,15.004166666666666,1018.8263888888888,,2024,5,0,0.0,0.9000000000000711,1.8000000000000071,32.59999999999999,0,2,13.4,18.6,26.29,79050.0,81030.0,39604.0,40749.333333333336,28.109407665505227,15.82439024390244,1.3,,2.2,,7.7,109.03135888501744
2024-05-03,D,1.0,5.0,False,False,0,0.0,14.5,10.1,164,26.64,78430.0,37805,,,32.00451388888889,115.81597222222224,16.19201388888889,,0.9,,1.3,,3.6,258.4791666666667,15.004166666666666,1018.8263888888888,,2024,5,0,0.0,0.9000000000000711,1.8000000000000071,32.59999999999999,0,2,13.4,18.6,26.29,79050.0,81030.0,39604.0,40749.333333333336,28.109407665505227,15.82439024390244,1.3,,2.2,,7.7,109.03135888501744
2024-05-03,E,1.0,5.0,False,False,0,0.0,14.5,10.1,164,26.64,78430.0,37805,,,32.00451388888889,115.81597222222224,16.19201388888889,,0.9,,1.3,,3.6,258.4791666666667,15.004166666666666,1018.8263888888888,,2024,5,0,0.0,0.9000000000000711,1.8000000000000071,32.59999999999999,0,2,13.4,18.6,26.29,79050.0,81030.0,39604.0,40749.333333333336,28.109407665505227,15.82439024390244,1.3,,2.2,,7.7,109.03135888501744
2024-06-03,A,173.0,228.0,False,True,1,0.7,17.7,20.3,55,22.45,69330.0,41357,,,38.325,98.71875,18.662847222222226,,1.0,,4.3,,9.1,118.87152777777776,18.140625,1012.0559027777776,,2024,6,0,1.8,1.800000000000071,2.000000000000007,2.199999999999986,0,0,18.2,16.4,20.68,71320.0,72516.66666666667,40383.0,39746.0,45.78993055555556,18.485069444444445,0.7,,1.2,,5.9,105.92361111111111
2024-06-03,B,1.0,1.0,False,False,0,0.7,17.7,20.3,55,22.45,69330.0,41357,,,38.325,98.71875,18.662847222222226,,1.0,,4.3,,9.1,118.87152777777776,18.140625,1012.0559027777776,,2024,6,0,1.8,1.800000000000071,2.000000000000007,2.199999999999986,0,0,18.2,16.4,20.68,71320.0,72516.66666666667,40383.0,39746.0,45.78993055555556,18.485069444444445,0.7,,1.2,,5.9,105.92361111111111
2024-06-03,C,10.0,5.0,False,False,0,0.7,17.7,20.3,55,22.45,69330.0,41357,,,38.325,98.71875,18.662847222222226,,1.0,,4.3,,9.1,118.87152777777776,18.140625,1012.0559027777776,,2024,6,0,1.8,1.800000000000071,2.000000000000007,2.199999999999986,0,0,18.2,16.4,20.68,71320.0,72516.66666666667,40383.0,39746.0,45.78993055555556,18.485069444444445,0.7,,1.2,,5.9,105.92361111111111
2024-06-03,D,1.0,5.0,False,False,0,0.7,17.7,20.3,55,22.45,69330.0,41357,,,38.325,98.71875,18.662847222222226,,1.0,,4.3,,9.1,118.87152777777776,18.140625,1012.0559027777776,,2024,6,0,1.8,1.800000000000071,2.000000000000007,2.199999999999986,0,0,18.2,16.4,20.68,71320.0,72516.66666666667,40383.0,39746.0,45.78993055555556,18.485069444444445,0.7,,1.2,,5.9,105.92361111111111
2024-06-03,E,1.0,1.0,False,False,0,0.7,17.7,20.3,55,22.45,69330.0,41357,,,38.325,98.71875,18.662847222222226,,1.0,,4.3,,9.1,118.87152777777776,18.140625,1012.0559027777776,,2024,6,0,1.8,1.800000000000071,2.000000000000007,2.199999999999986,0,0,18.2,16.4,20.68,71320.0,72516.66666666667,40383.0,39746.0,45.78993055555556,18.485069444444445,0.7,,1.2,,5.9,105.92361111111111
2024-06-17,A,1.0,1.0,False,False,0,0.0,22.8,16.1,215,14.0,70440.0,41086,,,52.01076388888889,46.513888888888886,19.68923611111111,,0.7,,1.2,,8.0,223.14583333333331,21.74375,1008.0354166666668,,2024,6,0,5.2,12.600000000000072,12.600000000000009,12.599999999999987,0,1,24.1,18.7,24.6,78600.0,77966.66666666667,42737.0,41930.0,52.83888888888889,20.23784722222222,0.6,,0.8,,7.4,196.68402777777777
2024-06-17,B,1.0,10.0,False,False,0,0.0,22.8,16.1,215,14.0,70440.0,41086,,,52.01076388888889,46.513888888888886,19.68923611111111,,0.7,,1.2,,8.0,223.14583333333331,21.74375,1008.0354166666668,,2024,6,0,5.2,12.600000000000072,12.600000000000009,12.599999999999987,0,1,24.1,18.7,24.6,78600.0,77966.66666666667,42737.0,41930.0,52.83888888888889,20.23784722222222,0.6,,0.8,,7.4,196.68402777777777
2024-06-17,C,1.0,5.0,False,False,0,0.0,22.8,16.1,215,14.0,70440.0,41086,,,52.01076388888889,46.513888888888886,19.68923611111111,,0.7,,1.2,,8.0,223.14583333333331,21.74375,1008.0354166666668,,2024,6,0,5.2,12.600000000000072,12.600000000000009,12.599999999999987,0,1,24.1,18.7,24.6,78600.0,77966.66666666667,42737.0,41930.0,52.83888888888889,20.23784722222222,0.6,,0.8,,7.4,196.68402777777777
2024-06-17,D,10.0,1.0,False,False,0,0.0,22.8,16.1,215,14.0,70440.0,41086,,,52.01076388888889,46.513888888888886,19.68923611111111,,0.7,,1.2,,8.0,223.14583333333331,21.74375,1008.0354166666668,,2024,6,0,5.2,12.600000000000072,12.600000000000009,12.599999999999987,0,1,24.1,18.7,24.6,78600.0,77966.66666666667,42737.0,41930.0,52.83888888888889,20.23784722222222,0.6,,0.8,,7.4,196.68402777777777
2024-06-17,E,1.0,20.0,False,False,0,0.0,22.8,16.1,215,14.0,70440.0,41086,,,52.01076388888889,46.513888888888886,19.68923611111111,,0.7,,1.2,,8.0,223.14583333333331,21.74375,1008.0354166666668,,2024,6,0,5.2,12.600000000000072,12.600000000000009,12.599999999999987,0,1,24.1,18.7,24.6,78600.0,77966.66666666667,42737.0,41930.0,52.83888888888889,20.23784722222222,0.6,,0.8,,7.4,196.68402777777777
2024-06-26,A,10.0,5.0,False,False,0,0.0,21.8,12.8,173,21.69,74250.0,40614,,,46.74055944055944,119.2867132867133,16.38076923076923,,0.9,,1.4,,4.2,229.51048951048952,20.865734265734268,1015.351048951049,,2024,6,0,0.0,0.0,2.100000000000007,57.39999999999999,0,3,22.8,15.7,17.13,75780.0,76380.0,40033.0,42620.0,51.701388888888886,16.383333333333333,1.1,,1.6,,7.3,209.01388888888889
2024-06-26,B,10.0,1.0,False,False,0,0.0,21.8,12.8,173,21.69,74250.0,40614,,,46.74055944055944,119.2867132867133,16.38076923076923,,0.9,,1.4,,4.2,229.51048951048952,20.865734265734268,1015.351048951049,,2024,6,0,0.0,0.0,2.100000000000007,57.39999999999999,0,3,22.8,15.7,17.13,75780.0,76380.0,40033.0,42620.0,51.701388888888886,16.383333333333333,1.1,,1.6,,7.3,209.01388888888889
2024-06-26,C,40.0,1.0,False,False,0,0.0,21.8,12.8,173,21.69,74250.0,40614,,,46.74055944055944,119.2867132867133,16.38076923076923,,0.9,,1.4,,4.2,229.51048951048952,20.865734265734268,1015.351048951049,,2024,6,0,0.0,0.0,2.100000000000007,57.39999999999999,0,3,22.8,15.7,17.13,75780.0,76380.0,40033.0,42620.0,51.701388888888886,16.383333333333333,1.1,,1.6,,7.3,209.01388888888889
2024-06-26,D,31.0,1.0,False,False,0,0.0,21.8,12.8,173,21.69,74250.0,40614,,,46.74055944055944,119.2867132867133,16.38076923076923,,0.9,,1.4,,4.2,229.51048951048952,20.865734265734268,1015.351048951049,,2024,6,0,0.0,0.0,2.100000000000007,57.39999999999999,0,3,22.8,15.7,17.13,75780.0,76380.0,40033.0,42620.0,51.701388888888886,16.383333333333333,1.1,,1.6,,7.3,209.01388888888889
2024-06-26,E,1.0,5.0,False,False,0,0.0,21.8,12.8,173,21.69,74250.0,40614,,,46.74055944055944,119.2867132867133,16.38076923076923,,0.9,,1.4,,4.2,229.51048951048952,20.865734265734268,1015.351048951049,,2024,6,0,0.0,0.0,2.100000000000007,57.39999999999999,0,3,22.8,15.7,17.13,75780.0,76380.0,40033.0,42620.0,51.701388888888886,16.383333333333333,1.1,,1.6,,7.3,209.01388888888889
2024-07-08,A,86.0,16.0,False,False,0,0.4,24.8,31.0,225,10.57,82020.0,42187,,,39.73017543859649,85.25263157894737,14.407719298245611,,1.1,,1.8,,10.3,229.84912280701755,19.65017543859649,1005.78,,2024,7,0,0.1,0.3000000000000711,0.30000000000000004,3.1999999999999855,0,0,25.2,28.5,18.54,84130.0,85486.66666666667,44627.0,44408.333333333336,42.36783216783217,13.58986013986014,1.2,,1.9,,10.2,221.23776223776224
2024-07-08,B,31.0,26.0,False,False,0,0.4,24.8,31.0,225,10.57,82020.0,42187,,,39.73017543859649,85.25263157894737,14.407719298245611,,1.1,,1.8,,10.3,229.84912280701755,19.65017543859649,1005.78,,2024,7,0,0.1,0.3000000000000711,0.30000000000000004,3.1999999999999855,0,0,25.2,28.5,18.54,84130.0,85486.66666666667,44627.0,44408.333333333336,42.36783216783217,13.58986013986014,1.2,,1.9,,10.2,221.23776223776224
2024-07-08,C,10.0,10.0,False,False,0,0.4,24.8,31.0,225,10.57,82020.0,42187,,,39.73017543859649,85.25263157894737,14.407719298245611,,1.1,,1.8,,10.3,229.84912280701755,19.65017543859649,1005.78,,2024,7,0,0.1,0.3000000000000711,0.30000000000000004,3.1999999999999855,0,0,25.2,28.5,18.54,84130.0,85486.66666666667,44627.0,44408.333333333336,42.36783216783217,13.58986013986014,1.2,,1.9,,10.2,221.23776223776224
2024-07-08,D,10.0,1.0,False,False,0,0.4,24.8,31.0,225,10.57,82020.0,42187,,,39.73017543859649,85.25263157894737,14.407719298245611,,1.1,,1.8,,10.3,229.84912280701755,19.65017543859649,1005.78,,2024,7,0,0.1,0.3000000000000711,0.30000000000000004,3.1999999999999855,0,0,25.2,28.5,18.54,84130.0,85486.66666666667,44627.0,44408.333333333336,42.36783216783217,13.58986013986014,1.2,,1.9,,10.2,221.23776223776224
2024-07-08,E,1.0,1.0,False,False,0,0.4,24.8,31.0,225,10.57,82020.0,42187,,,39.73017543859649,85.25263157894737,14.407719298245611,,1.1,,1.8,,10.3,229.84912280701755,19.65017543859649,1005.78,,2024,7,0,0.1,0.3000000000000711,0.30000000000000004,3.1999999999999855,0,0,25.2,28.5,18.54,84130.0,85486.66666666667,44627.0,44408.333333333336,42.36783216783217,13.58986013986014,1.2,,1.9,,10.2,221.23776223776224
2024-07-22,A,1.0,5.0,False,False,0,0.5,26.9,24.7,226,20.82,88400.0,45242,,,57.21111111111111,92.18402777777776,17.547222222222224,,0.7,,1.0,,9.8,223.01041666666663,22.412847222222226,,,2024,7,0,0.4,9.300000000000072,39.699999999999996,58.29999999999998,0,0,27.1,28.3,23.04,89780.0,88420.0,46070.0,47329.666666666664,57.611149825783976,17.62787456445993,0.7,,1.3,,9.7,219.53125
2024-07-22,B,10.0,10.0,False,False,0,0.5,26.9,24.7,226,20.82,88400.0,45242,,,57.21111111111111,92.18402777777776,17.547222222222224,,0.7,,1.0,,9.8,223.01041666666663,22.412847222222226,,,2024,7,0,0.4,9.300000000000072,39.699999999999996,58.29999999999998,0,0,27.1,28.3,23.04,89780.0,88420.0,46070.0,47329.666666666664,57.611149825783976,17.62787456445993,0.7,,1.3,,9.7,219.53125
2024-07-22,C,1.0,5.0,False,False,0,0.5,26.9,24.7,226,20.82,88400.0,45242,,,57.21111111111111,92.18402777777776,17.547222222222224,,0.7,,1.0,,9.8,223.01041666666663,22.412847222222226,,,2024,7,0,0.4,9.300000000000072,39.699999999999996,58.29999999999998,0,0,27.1,28.3,23.04,89780.0,88420.0,46070.0,47329.666666666664,57.611149825783976,17.62787456445993,0.7,,1.3,,9.7,219.53125
2024-07-22,D,10.0,5.0,False,False,0,0.5,26.9,24.7,226,20.82,88400.0,45242,,,57.21111111111111,92.18402777777776,17.547222222222224,,0.7,,1.0,,9.8,223.01041666666663,22.412847222222226,,,2024,7,0,0.4,9.300000000000072,39.699999999999996,58.29999999999998,0,0,27.1,28.3,23.04,89780.0,88420.0,46070.0,47329.666666666664,57.611149825783976,17.62787456445993,0.7,,1.3,,9.7,219.53125
2024-07-22,E,10.0,5.0,False,False,0,0.5,26.9,24.7,226,20.82,88400.0,45242,,,57.21111111111111,92.18402777777776,17.547222222222224,,0.7,,1.0,,9.8,223.01041666666663,22.412847222222226,,,2024,7,0,0.4,9.300000000000072,39.699999999999996,58.29999999999998,0,0,27.1,28.3,23.04,89780.0,88420.0,46070.0,47329.666666666664,57.611149825783976,17.62787456445993,0.7,,1.3,,9.7,219.53125
2024-08-05,B,1.0,1.0,False,False,0,0.0,27.7,13.8,56,24.51,79990.0,43600,,,72.54703832752614,58.76306620209059,27.38571428571429,,1.0,,1.6,,5.0,42.52777777777778,27.769791666666663,1008.3152046783624,,2024,8,0,0.8,5.100000000000071,5.1,5.099999999999985,0,1,28.5,15.5,22.47,83110.0,83313.33333333333,44442.0,44721.666666666664,55.538327526132406,20.53275261324041,0.4,,0.8,,6.2,43.38541666666666
2024-08-05,C,1.0,1.0,False,False,0,0.0,27.7,13.8,56,24.51,79990.0,43600,,,72.54703832752614,58.76306620209059,27.38571428571429,,1.0,,1.6,,5.0,42.52777777777778,27.769791666666663,1008.3152046783624,,2024,8,0,0.8,5.100000000000071,5.1,5.099999999999985,0,1,28.5,15.5,22.47,83110.0,83313.33333333333,44442.0,44721.666666666664,55.538327526132406,20.53275261324041,0.4,,0.8,,6.2,43.38541666666666
2024-08-05,D,10.0,16.0,False,False,0,0.0,27.7,13.8,56,24.51,79990.0,43600,,,72.54703832752614,58.76306620209059,27.38571428571429,,1.0,,1.6,,5.0,42.52777777777778,27.769791666666663,1008.3152046783624,,2024,8,0,0.8,5.100000000000071,5.1,5.099999999999985,0,1,28.5,15.5,22.47,83110.0,83313.33333333333,44442.0,44721.666666666664,55.538327526132406,20.53275261324041,0.4,,0.8,,6.2,43.38541666666666
2024-08-05,E,52.0,16.0,False,False,0,0.0,27.7,13.8,56,24.51,79990.0,43600,,,72.54703832752614,58.76306620209059,27.38571428571429,,1.0,,1.6,,5.0,42.52777777777778,27.769791666666663,1008.3152046783624,,2024,8,0,0.8,5.100000000000071,5.1,5.099999999999985,0,1,28.5,15.5,22.47,83110.0,83313.33333333333,44442.0,44721.666666666664,55.538327526132406,20.53275261324041,0.4,,0.8,,6.2,43.38541666666666
2024-08-06,A,1.0,1.0,False,False,0,3.1,27.6,10.9,47,16.74,79180.0,43731,,,57.939372822299646,90.5993031358885,25.88951048951049,,1.0,,1.4,,3.8,140.44599303135888,27.519163763066203,1008.0745644599303,,2024,8,0,0.0,0.8000000000000711,5.1,5.099999999999985,1,0,27.7,13.8,24.51,79990.0,82550.0,43600.0,44294.666666666664,72.54703832752614,27.38571428571429,1.0,,1.6,,5.0,42.52777777777778
2024-08-19,A,1.0,10.0,False,False,0,2.0,28.4,17.4,84,22.61,79540.0,43934,,,45.86794425087108,106.96515679442508,29.128571428571423,,1.3,,1.8,,8.1,121.1875,28.99930555555555,1009.334375,,2024,8,0,0.0,0.4000000000000711,0.5000000000000004,3.699999999999986,0,0,27.2,19.0,23.53,75890.0,77416.66666666667,43219.0,43357.666666666664,44.99166666666667,29.561111111111117,1.2,,2.5,,7.8,69.68402777777777
2024-08-19,B,1.0,10.0,False,False,0,2.0,28.4,17.4,84,22.61,79540.0,43934,,,45.86794425087108,106.96515679442508,29.128571428571423,,1.3,,1.8,,8.1,121.1875,28.99930555555555,1009.334375,,2024,8,0,0.0,0.4000000000000711,0.5000000000000004,3.699999999999986,0,0,27.2,19.0,23.53,75890.0,77416.66666666667,43219.0,43357.666666666664,44.99166666666667,29.561111111111117,1.2,,2.5,,7.8,69.68402777777777
2024-08-19,C,1.0,5.0,False,False,0,2.0,28.4,17.4,84,22.61,79540.0,43934,,,45.86794425087108,106.96515679442508,29.128571428571423,,1.3,,1.8,,8.1,121.1875,28.99930555555555,1009.334375,,2024,8,0,0.0,0.4000000000000711,0.5000000000000004,3.699999999999986,0,0,27.2,19.0,23.53,75890.0,77416.66666666667,43219.0,43357.666666666664,44.99166666666667,29.561111111111117,1.2,,2.5,,7.8,69.68402777777777
2024-08-19,D,1.0,1.0,False,False,0,2.0,28.4,17.4,84,22.61,79540.0,43934,,,45.86794425087108,106.96515679442508,29.128571428571423,,1.3,,1.8,,8.1,121.1875,28.99930555555555,1009.334375,,2024,8,0,0.0,0.4000000000000711,0.5000000000000004,3.699999999999986,0,0,27.2,19.0,23.53,75890.0,77416.66666666667,43219.0,43357.666666666664,44.99166666666667,29.561111111111117,1.2,,2.5,,7.8,69.68402777777777
2024-08-19,E,31.0,1.0,False,False,0,2.0,28.4,17.4,84,22.61,79540.0,43934,,,45.86794425087108,106.96515679442508,29.128571428571423,,1.3,,1.8,,8.1,121.1875,28.99930555555555,1009.334375,,2024,8,0,0.0,0.4000000000000711,0.5000000000000004,3.699999999999986,0,0,27.2,19.0,23.53,75890.0,77416.66666666667,43219.0,43357.666666666664,44.99166666666667,29.561111111111117,1.2,,2.5,,7.8,69.68402777777777
2024-09-06,A,20.0,5.0,False,False,0,0.2,26.0,15.7,56,18.21,73440.0,41878,,,42.80601092896175,47.2896174863388,26.927868852459017,,0.6,,1.0,,6.6,131.87431693989072,27.07540983606557,1010.4284153005464,,2024,9,0,0.0,0.0,0.7,2.999999999999986,0,0,25.3,15.5,23.0,73890.0,74193.33333333333,41872.0,41341.0,48.0625,27.36875,0.8,,1.4,,8.0,252.25
2024-09-06,B,20.0,5.0,False,False,0,0.2,26.0,15.7,56,18.21,73440.0,41878,,,42.80601092896175,47.2896174863388,26.927868852459017,,0.6,,1.0,,6.6,131.87431693989072,27.07540983606557,1010.4284153005464,,2024,9,0,0.0,0.0,0.7,2.999999999999986,0,0,25.3,15.5,23.0,73890.0,74193.33333333333,41872.0,41341.0,48.0625,27.36875,0.8,,1.4,,8.0,252.25
2024-09-06,C,1.0,1.0,False,False,0,0.2,26.0,15.7,56,18.21,73440.0,41878,,,42.80601092896175,47.2896174863388,26.927868852459017,,0.6,,1.0,,6.6,131.87431693989072,27.07540983606557,1010.4284153005464,,2024,9,0,0.0,0.0,0.7,2.999999999999986,0,0,25.3,15.5,23.0,73890.0,74193.33333333333,41872.0,41341.0,48.0625,27.36875,0.8,,1.4,,8.0,252.25
2024-09-06,D,10.0,1.0,False,False,0,0.2,26.0,15.7,56,18.21,73440.0,41878,,,42.80601092896175,47.2896174863388,26.927868852459017,,0.6,,1.0,,6.6,131.87431693989072,27.07540983606557,1010.4284153005464,,2024,9,0,0.0,0.0,0.7,2.999999999999986,0,0,25.3,15.5,23.0,73890.0,74193.33333333333,41872.0,41341.0,48.0625,27.36875,0.8,,1.4,,8.0,252.25
2024-09-06,E,1.0,1.0,False,False,0,0.2,26.0,15.7,56,18.21,73440.0,41878,,,42.80601092896175,47.2896174863388,26.927868852459017,,0.6,,1.0,,6.6,131.87431693989072,27.07540983606557,1010.4284153005464,,2024,9,0,0.0,0.0,0.7,2.999999999999986,0,0,25.3,15.5,23.0,73890.0,74193.33333333333,41872.0,41341.0,48.0625,27.36875,0.8,,1.4,,8.0,252.25
2025-06-11,A-1,10.0,5.0,False,False,0,0.0,23.7,15.7,232,24.62,71360.0,40502,,,51.84513888888889,74.38888888888889,16.744791666666668,,0.5,,0.9,,6.1,203.51736111111111,20.648263888888888,1010.3454861111112,,2025,6,0,0.1,0.10000000000008438,0.1,0.09999999999997158,0,1,22.8,16.2,23.64,71530.0,72460.0,40708.0,41355.0,55.18958333333333,17.089930555555554,0.8,,1.2,,9.3,196.10763888888889
2025-06-11,A-2,1.0,1.0,False,False,0,0.0,23.7,15.7,232,24.62,71360.0,40502,,,51.84513888888889,74.38888888888889,16.744791666666668,,0.5,,0.9,,6.1,203.51736111111111,20.648263888888888,1010.3454861111112,,2025,6,0,0.1,0.10000000000008438,0.1,0.09999999999997158,0,1,22.8,16.2,23.64,71530.0,72460.0,40708.0,41355.0,55.18958333333333,17.089930555555554,0.8,,1.2,,9.3,196.10763888888889
2025-06-11,B-1,1.0,1.0,False,False,0,0.0,23.7,15.7,232,24.62,71360.0,40502,,,51.84513888888889,74.38888888888889,16.744791666666668,,0.5,,0.9,,6.1,203.51736111111111,20.648263888888888,1010.3454861111112,,2025,6,0,0.1,0.10000000000008438,0.1,0.09999999999997158,0,1,22.8,16.2,23.64,71530.0,72460.0,40708.0,41355.0,55.18958333333333,17.089930555555554,0.8,,1.2,,9.3,196.10763888888889
2025-06-11,B-2,1.0,5.0,False,False,0,0.0,23.7,15.7,232,24.62,71360.0,40502,,,51.84513888888889,74.38888888888889,16.744791666666668,,0.5,,0.9,,6.1,203.51736111111111,20.648263888888888,1010.3454861111112,,2025,6,0,0.1,0.10000000000008438,0.1,0.09999999999997158,0,1,22.8,16.2,23.64,71530.0,72460.0,40708.0,41355.0,55.18958333333333,17.089930555555554,0.8,,1.2,,9.3,196.10763888888889
2025-06-11,C-1,1.0,1.0,False,False,0,0.0,23.7,15.7,232,24.62,71360.0,40502,,,51.84513888888889,74.38888888888889,16.744791666666668,,0.5,,0.9,,6.1,203.51736111111111,20.648263888888888,1010.3454861111112,,2025,6,0,0.1,0.10000000000008438,0.1,0.09999999999997158,0,1,22.8,16.2,23.64,71530.0,72460.0,40708.0,41355.0,55.18958333333333,17.089930555555554,0.8,,1.2,,9.3,196.10763888888889
2025-06-11,C-2,10.0,5.0,False,False,0,0.0,23.7,15.7,232,24.62,71360.0,40502,,,51.84513888888889,74.38888888888889,16.744791666666668,,0.5,,0.9,,6.1,203.51736111111111,20.648263888888888,1010.3454861111112,,2025,6,0,0.1,0.10000000000008438,0.1,0.09999999999997158,0,1,22.8,16.2,23.64,71530.0,72460.0,40708.0,41355.0,55.18958333333333,17.089930555555554,0.8,,1.2,,9.3,196.10763888888889
2025-06-11,D-1,1.0,1.0,False,False,0,0.0,23.7,15.7,232,24.62,71360.0,40502,,,51.84513888888889,74.38888888888889,16.744791666666668,,0.5,,0.9,,6.1,203.51736111111111,20.648263888888888,1010.3454861111112,,2025,6,0,0.1,0.10000000000008438,0.1,0.09999999999997158,0,1,22.8,16.2,23.64,71530.0,72460.0,40708.0,41355.0,55.18958333333333,17.089930555555554,0.8,,1.2,,9.3,196.10763888888889
2025-06-11,D-2,1.0,1.0,False,False,0,0.0,23.7,15.7,232,24.62,71360.0,40502,,,51.84513888888889,74.38888888888889,16.744791666666668,,0.5,,0.9,,6.1,203.51736111111111,20.648263888888888,1010.3454861111112,,2025,6,0,0.1,0.10000000000008438,0.1,0.09999999999997158,0,1,22.8,16.2,23.64,71530.0,72460.0,40708.0,41355.0,55.18958333333333,17.089930555555554,0.8,,1.2,,9.3,196.10763888888889
2025-06-11,E-1,1.0,1.0,False,False,0,0.0,23.7,15.7,232,24.62,71360.0,40502,,,51.84513888888889,74.38888888888889,16.744791666666668,,0.5,,0.9,,6.1,203.51736111111111,20.648263888888888,1010.3454861111112,,2025,6,0,0.1,0.10000000000008438,0.1,0.09999999999997158,0,1,22.8,16.2,23.64,71530.0,72460.0,40708.0,41355.0,55.18958333333333,17.089930555555554,0.8,,1.2,,9.3,196.10763888888889
2025-06-11,E-2,1.0,1.0,False,False,0,0.0,23.7,15.7,232,24.62,71360.0,40502,,,51.84513888888889,74.38888888888889,16.744791666666668,,0.5,,0.9,,6.1,203.51736111111111,20.648263888888888,1010.3454861111112,,2025,6,0,0.1,0.10000000000008438,0.1,0.09999999999997158,0,1,22.8,16.2,23.64,71530.0,72460.0,40708.0,41355.0,55.18958333333333,17.089930555555554,0.8,,1.2,,9.3,196.10763888888889
2025-06-30,A-1,31.0,1.0,False,False,0,0.0,26.5,15.1,231,26.02,83480.0,46004,,,39.19791666666666,92.57638888888889,16.142013888888886,,0.5,,0.7,,9.3,219.15277777777777,21.069097222222226,1011.376388888889,,2025,6,0,0.0,0.0,0.0,16.39999999999997,0,5,25.7,13.9,25.59,89680.0,96010.0,47589.0,47055.333333333336,47.65555555555555,15.695486111111112,0.5,,0.8,,8.7,217.01736111111111
2025-06-30,A-2,52.0,1.0,False,False,0,0.0,26.5,15.1,231,26.02,83480.0,46004,,,39.19791666666666,92.57638888888889,16.142013888888886,,0.5,,0.7,,9.3,219.15277777777777,21.069097222222226,1011.376388888889,,2025,6,0,0.0,0.0,0.0,16.39999999999997,0,5,25.7,13.9,25.59,89680.0,96010.0,47589.0,47055.333333333336,47.65555555555555,15.695486111111112,0.5,,0.8,,8.7,217.01736111111111
2025-06-30,B-1,41.0,5.0,False,False,0,0.0,26.5,15.1,231,26.02,83480.0,46004,,,39.19791666666666,92.57638888888889,16.142013888888886,,0.5,,0.7,,9.3,219.15277777777777,21.069097222222226,1011.376388888889,,2025,6,0,0.0,0.0,0.0,16.39999999999997,0,5,25.7,13.9,25.59,89680.0,96010.0,47589.0,47055.333333333336,47.65555555555555,15.695486111111112,0.5,,0.8,,8.7,217.01736111111111
2025-06-30,B-2,171.0,1.0,False,False,0,0.0,26.5,15.1,231,26.02,83480.0,46004,,,39.19791666666666,92.57638888888889,16.142013888888886,,0.5,,0.7,,9.3,219.15277777777777,21.069097222222226,1011.376388888889,,2025,6,0,0.0,0.0,0.0,16.39999999999997,0,5,25.7,13.9,25.59,89680.0,96010.0,47589.0,47055.333333333336,47.65555555555555,15.695486111111112,0.5,,0.8,,8.7,217.01736111111111
2025-06-30,C-1,20.0,1.0,False,False,0,0.0,26.5,15.1,231,26.02,83480.0,46004,,,39.19791666666666,92.57638888888889,16.142013888888886,,0.5,,0.7,,9.3,219.15277777777777,21.069097222222226,1011.376388888889,,2025,6,0,0.0,0.0,0.0,16.39999999999997,0,5,25.7,13.9,25.59,89680.0,96010.0,47589.0,47055.333333333336,47.65555555555555,15.695486111111112,0.5,,0.8,,8.7,217.01736111111111
2025-06-30,C-2,41.0,1.0,False,False,0,0.0,26.5,15.1,231,26.02,83480.0,46004,,,39.19791666666666,92.57638888888889,16.142013888888886,,0.5,,0.7,,9.3,219.15277777777777,21.069097222222226,1011.376388888889,,2025,6,0,0.0,0.0,0.0,16.39999999999997,0,5,25.7,13.9,25.59,89680.0,96010.0,47589.0,47055.333333333336,47.65555555555555,15.695486111111112,0.5,,0.8,,8.7,217.01736111111111
2025-06-30,D-1,31.0,10.0,False,False,0,0.0,26.5,15.1,231,26.02,83480.0,46004,,,39.19791666666666,92.57638888888889,16.142013888888886,,0.5,,0.7,,9.3,219.15277777777777,21.069097222222226,1011.376388888889,,2025,6,0,0.0,0.0,0.0,16.39999999999997,0,5,25.7,13.9,25.59,89680.0,96010.0,47589.0,47055.333333333336,47.65555555555555,15.695486111111112,0.5,,0.8,,8.7,217.01736111111111
2025-06-30,D-2,41.0,1.0,False,False,0,0.0,26.5,15.1,231,26.02,83480.0,46004,,,39.19791666666666,92.57638888888889,16.142013888888886,,0.5,,0.7,,9.3,219.15277777777777,21.069097222222226,1011.376388888889,,2025,6,0,0.0,0.0,0.0,16.39999999999997,0,5,25.7,13.9,25.59,89680.0,96010.0,47589.0,47055.333333333336,47.65555555555555,15.695486111111112,0.5,,0.8,,8.7,217.01736111111111
2025-06-30,E-1,30.0,1.0,False,False,0,0.0,26.5,15.1,231,26.02,83480.0,46004,,,39.19791666666666,92.57638888888889,16.142013888888886,,0.5,,0.7,,9.3,219.15277777777777,21.069097222222226,1011.376388888889,,2025,6,0,0.0,0.0,0.0,16.39999999999997,0,5,25.7,13.9,25.59,89680.0,96010.0,47589.0,47055.333333333336,47.65555555555555,15.695486111111112,0.5,,0.8,,8.7,217.01736111111111
2025-06-30,E-2,41.0,1.0,False,False,0,0.0,26.5,15.1,231,26.02,83480.0,46004,,,39.19791666666666,92.57638888888889,16.142013888888886,,0.5,,0.7,,9.3,219.15277777777777,21.069097222222226,1011.376388888889,,2025,6,0,0.0,0.0,0.0,16.39999999999997,0,5,25.7,13.9,25.59,89680.0,96010.0,47589.0,47055.333333333336,47.65555555555555,15.695486111111112,0.5,,0.8,,8.7,217.01736111111111
2025-07-14,A-1,5.0,1.0,False,False,0,43.8,23.6,14.5,15,20.42,119990.0,65229,,,38.7775,121.21428571428572,24.720357142857143,,1.2,,2.1,,9.6,140.025,24.229880478087647,993.9817857142858,,2025,7,0,28.1,28.100000000000087,28.1,28.099999999999973,1,0,25.5,14.2,21.89,85200.0,80750.0,46534.0,44034.666666666664,37.876041666666666,24.179166666666667,1.0,,1.6,,8.3,37.364583333333336
2025-07-14,A-2,1.0,1.0,False,False,0,43.8,23.6,14.5,15,20.42,119990.0,65229,,,38.7775,121.21428571428572,24.720357142857143,,1.2,,2.1,,9.6,140.025,24.229880478087647,993.9817857142858,,2025,7,0,28.1,28.100000000000087,28.1,28.099999999999973,1,0,25.5,14.2,21.89,85200.0,80750.0,46534.0,44034.666666666664,37.876041666666666,24.179166666666667,1.0,,1.6,,8.3,37.364583333333336
2025-07-14,B-1,5.0,1.0,False,False,0,43.8,23.6,14.5,15,20.42,119990.0,65229,,,38.7775,121.21428571428572,24.720357142857143,,1.2,,2.1,,9.6,140.025,24.229880478087647,993.9817857142858,,2025,7,0,28.1,28.100000000000087,28.1,28.099999999999973,1,0,25.5,14.2,21.89,85200.0,80750.0,46534.0,44034.666666666664,37.876041666666666,24.179166666666667,1.0,,1.6,,8.3,37.364583333333336
2025-07-14,B-2,10.0,1.0,False,False,0,43.8,23.6,14.5,15,20.42,119990.0,65229,,,38.7775,121.21428571428572,24.720357142857143,,1.2,,2.1,,9.6,140.025,24.229880478087647,993.9817857142858,,2025,7,0,28.1,28.100000000000087,28.1,28.099999999999973,1,0,25.5,14.2,21.89,85200.0,80750.0,46534.0,44034.666666666664,37.876041666666666,24.179166666666667,1.0,,1.6,,8.3,37.364583333333336
2025-07-14,C-1,1.0,1.0,False,False,0,43.8,23.6,14.5,15,20.42,119990.0,65229,,,38.7775,121.21428571428572,24.720357142857143,,1.2,,2.1,,9.6,140.025,24.229880478087647,993.9817857142858,,2025,7,0,28.1,28.100000000000087,28.1,28.099999999999973,1,0,25.5,14.2,21.89,85200.0,80750.0,46534.0,44034.666666666664,37.876041666666666,24.179166666666667,1.0,,1.6,,8.3,37.364583333333336
2025-07-14,C-2,1.0,5.0,False,False,0,43.8,23.6,14.5,15,20.42,119990.0,65229,,,38.7775,121.21428571428572,24.720357142857143,,1.2,,2.1,,9.6,140.025,24.229880478087647,993.9817857142858,,2025,7,0,28.1,28.100000000000087,28.1,28.099999999999973,1,0,25.5,14.2,21.89,85200.0,80750.0,46534.0,44034.666666666664,37.876041666666666,24.179166666666667,1.0,,1.6,,8.3,37.364583333333336
2025-07-14,D-1,1.0,1.0,False,False,0,43.8,23.6,14.5,15,20.42,119990.0,65229,,,38.7775,121.21428571428572,24.720357142857143,,1.2,,2.1,,9.6,140.025,24.229880478087647,993.9817857142858,,2025,7,0,28.1,28.100000000000087,28.1,28.099999999999973,1,0,25.5,14.2,21.89,85200.0,80750.0,46534.0,44034.666666666664,37.876041666666666,24.179166666666667,1.0,,1.6,,8.3,37.364583333333336
2025-07-14,D-2,1.0,5.0,False,False,0,43.8,23.6,14.5,15,20.42,119990.0,65229,,,38.7775,121.21428571428572,24.720357142857143,,1.2,,2.1,,9.6,140.025,24.229880478087647,993.9817857142858,,2025,7,0,28.1,28.100000000000087,28.1,28.099999999999973,1,0,25.5,14.2,21.89,85200.0,80750.0,46534.0,44034.666666666664,37.876041666666666,24.179166666666667,1.0,,1.6,,8.3,37.364583333333336
2025-07-14,E-1,1.0,10.0,False,False,0,43.8,23.6,14.5,15,20.42,119990.0,65229,,,38.7775,121.21428571428572,24.720357142857143,,1.2,,2.1,,9.6,140.025,24.229880478087647,993.9817857142858,,2025,7,0,28.1,28.100000000000087,28.1,28.099999999999973,1,0,25.5,14.2,21.89,85200.0,80750.0,46534.0,44034.666666666664,37.876041666666666,24.179166666666667,1.0,,1.6,,8.3,37.364583333333336
2025-07-14,E-2,1.0,1.0,False,False,0,43.8,23.6,14.5,15,20.42,119990.0,65229,,,38.7775,121.21428571428572,24.720357142857143,,1.2,,2.1,,9.6,140.025,24.229880478087647,993.9817857142858,,2025,7,0,28.1,28.100000000000087,28.1,28.099999999999973,1,0,25.5,14.2,21.89,85200.0,80750.0,46534.0,44034.666666666664,37.876041666666666,24.179166666666667,1.0,,1.6,,8.3,37.364583333333336
2025-07-28,A-1,1.0,10.0,False,False,0,0.0,29.0,12.2,94,26.65,82560.0,44275,,,62.82534722222223,72.20833333333333,25.047222222222224,,1.0,,1.5,,3.2,233.77083333333331,27.08020833333333,1004.4913194444443,,2025,7,0,0.0,0.0,0.1,0.09999999999997869,0,3,29.1,15.7,26.38,85050.0,85646.66666666667,45448.0,44971.333333333336,77.01388888888889,25.42569444444445,0.7,,1.2,,5.3,84.07986111111111
2025-07-28,A-2,20.0,1.0,False,False,0,0.0,29.0,12.2,94,26.65,82560.0,44275,,,62.82534722222223,72.20833333333333,25.047222222222224,,1.0,,1.5,,3.2,233.77083333333331,27.08020833333333,1004.4913194444443,,2025,7,0,0.0,0.0,0.1,0.09999999999997869,0,3,29.1,15.7,26.38,85050.0,85646.66666666667,45448.0,44971.333333333336,77.01388888888889,25.42569444444445,0.7,,1.2,,5.3,84.07986111111111
2025-07-28,B-1,1.0,1.0,False,False,0,0.0,29.0,12.2,94,26.65,82560.0,44275,,,62.82534722222223,72.20833333333333,25.047222222222224,,1.0,,1.5,,3.2,233.77083333333331,27.08020833333333,1004.4913194444443,,2025,7,0,0.0,0.0,0.1,0.09999999999997869,0,3,29.1,15.7,26.38,85050.0,85646.66666666667,45448.0,44971.333333333336,77.01388888888889,25.42569444444445,0.7,,1.2,,5.3,84.07986111111111
2025-07-28,B-2,10.0,15.0,False,False,0,0.0,29.0,12.2,94,26.65,82560.0,44275,,,62.82534722222223,72.20833333333333,25.047222222222224,,1.0,,1.5,,3.2,233.77083333333331,27.08020833333333,1004.4913194444443,,2025,7,0,0.0,0.0,0.1,0.09999999999997869,0,3,29.1,15.7,26.38,85050.0,85646.66666666667,45448.0,44971.333333333336,77.01388888888889,25.42569444444445,0.7,,1.2,,5.3,84.07986111111111
2025-07-28,C-1,10.0,5.0,False,False,0,0.0,29.0,12.2,94,26.65,82560.0,44275,,,62.82534722222223,72.20833333333333,25.047222222222224,,1.0,,1.5,,3.2,233.77083333333331,27.08020833333333,1004.4913194444443,,2025,7,0,0.0,0.0,0.1,0.09999999999997869,0,3,29.1,15.7,26.38,85050.0,85646.66666666667,45448.0,44971.333333333336,77.01388888888889,25.42569444444445,0.7,,1.2,,5.3,84.07986111111111
2025-07-28,C-2,10.0,5.0,False,False,0,0.0,29.0,12.2,94,26.65,82560.0,44275,,,62.82534722222223,72.20833333333333,25.047222222222224,,1.0,,1.5,,3.2,233.77083333333331,27.08020833333333,1004.4913194444443,,2025,7,0,0.0,0.0,0.1,0.09999999999997869,0,3,29.1,15.7,26.38,85050.0,85646.66666666667,45448.0,44971.333333333336,77.01388888888889,25.42569444444445,0.7,,1.2,,5.3,84.07986111111111
2025-07-28,D-1,1.0,5.0,False,False,0,0.0,29.0,12.2,94,26.65,82560.0,44275,,,62.82534722222223,72.20833333333333,25.047222222222224,,1.0,,1.5,,3.2,233.77083333333331,27.08020833333333,1004.4913194444443,,2025,7,0,0.0,0.0,0.1,0.09999999999997869,0,3,29.1,15.7,26.38,85050.0,85646.66666666667,45448.0,44971.333333333336,77.01388888888889,25.42569444444445,0.7,,1.2,,5.3,84.07986111111111
2025-07-28,D-2,1.0,16.0,False,False,0,0.0,29.0,12.2,94,26.65,82560.0,44275,,,62.82534722222223,72.20833333333333,25.047222222222224,,1.0,,1.5,,3.2,233.77083333333331,27.08020833333333,1004.4913194444443,,2025,7,0,0.0,0.0,0.1,0.09999999999997869,0,3,29.1,15.7,26.38,85050.0,85646.66666666667,45448.0,44971.333333333336,77.01388888888889,25.42569444444445,0.7,,1.2,,5.3,84.07986111111111
2025-07-28,E-1,1.0,1.0,False,False,0,0.0,29.0,12.2,94,26.65,82560.0,44275,,,62.82534722222223,72.20833333333333,25.047222222222224,,1.0,,1.5,,3.2,233.77083333333331,27.08020833333333,1004.4913194444443,,2025,7,0,0.0,0.0,0.1,0.09999999999997869,0,3,29.1,15.7,26.38,85050.0,85646.66666666667,45448.0,44971.333333333336,77.01388888888889,25.42569444444445,0.7,,1.2,,5.3,84.07986111111111
2025-07-28,E-2,1.0,1.0,False,False,0,0.0,29.0,12.2,94,26.65,82560.0,44275,,,62.82534722222223,72.20833333333333,25.047222222222224,,1.0,,1.5,,3.2,233.77083333333331,27.08020833333333,1004.4913194444443,,2025,7,0,0.0,0.0,0.1,0.09999999999997869,0,3,29.1,15.7,26.38,85050.0,85646.66666666667,45448.0,44971.333333333336,77.01388888888889,25.42569444444445,0.7,,1.2,,5.3,84.07986111111111
2025-08-11,A-1,41.0,5.0,False,False,0,37.9,24.1,14.7,44,18.11,73290.0,47133,,,63.17118055555555,65.75694444444444,23.166666666666668,,1.4,,2.2,,8.2,154.38194444444446,23.79861111111111,1005.6215277777778,,2025,8,0,72.5,103.00000000000009,103.8,114.99999999999997,1,0,23.4,14.7,9.76,96570.0,85416.66666666667,57102.0,47577.0,56.59618055555556,21.589930555555554,1.6,,2.0,,7.5,135.86458333333334
2025-08-11,A-2,52.0,1.0,False,False,0,37.9,24.1,14.7,44,18.11,73290.0,47133,,,63.17118055555555,65.75694444444444,23.166666666666668,,1.4,,2.2,,8.2,154.38194444444446,23.79861111111111,1005.6215277777778,,2025,8,0,72.5,103.00000000000009,103.8,114.99999999999997,1,0,23.4,14.7,9.76,96570.0,85416.66666666667,57102.0,47577.0,56.59618055555556,21.589930555555554,1.6,,2.0,,7.5,135.86458333333334
2025-08-11,B-1,110.0,10.0,False,False,0,37.9,24.1,14.7,44,18.11,73290.0,47133,,,63.17118055555555,65.75694444444444,23.166666666666668,,1.4,,2.2,,8.2,154.38194444444446,23.79861111111111,1005.6215277777778,,2025,8,0,72.5,103.00000000000009,103.8,114.99999999999997,1,0,23.4,14.7,9.76,96570.0,85416.66666666667,57102.0,47577.0,56.59618055555556,21.589930555555554,1.6,,2.0,,7.5,135.86458333333334
2025-08-11,B-2,98.0,5.0,False,False,0,37.9,24.1,14.7,44,18.11,73290.0,47133,,,63.17118055555555,65.75694444444444,23.166666666666668,,1.4,,2.2,,8.2,154.38194444444446,23.79861111111111,1005.6215277777778,,2025,8,0,72.5,103.00000000000009,103.8,114.99999999999997,1,0,23.4,14.7,9.76,96570.0,85416.66666666667,57102.0,47577.0,56.59618055555556,21.589930555555554,1.6,,2.0,,7.5,135.86458333333334
2025-08-11,C-1,63.0,5.0,False,False,0,37.9,24.1,14.7,44,18.11,73290.0,47133,,,63.17118055555555,65.75694444444444,23.166666666666668,,1.4,,2.2,,8.2,154.38194444444446,23.79861111111111,1005.6215277777778,,2025,8,0,72.5,103.00000000000009,103.8,114.99999999999997,1,0,23.4,14.7,9.76,96570.0,85416.66666666667,57102.0,47577.0,56.59618055555556,21.589930555555554,1.6,,2.0,,7.5,135.86458333333334
2025-08-11,C-2,63.0,16.0,False,False,0,37.9,24.1,14.7,44,18.11,73290.0,47133,,,63.17118055555555,65.75694444444444,23.166666666666668,,1.4,,2.2,,8.2,154.38194444444446,23.79861111111111,1005.6215277777778,,2025,8,0,72.5,103.00000000000009,103.8,114.99999999999997,1,0,23.4,14.7,9.76,96570.0,85416.66666666667,57102.0,47577.0,56.59618055555556,21.589930555555554,1.6,,2.0,,7.5,135.86458333333334
2025-08-11,D-1,52.0,5.0,False,False,0,37.9,24.1,14.7,44,18.11,73290.0,47133,,,63.17118055555555,65.75694444444444,23.166666666666668,,1.4,,2.2,,8.2,154.38194444444446,23.79861111111111,1005.6215277777778,,2025,8,0,72.5,103.00000000000009,103.8,114.99999999999997,1,0,23.4,14.7,9.76,96570.0,85416.66666666667,57102.0,47577.0,56.59618055555556,21.589930555555554,1.6,,2.0,,7.5,135.86458333333334
2025-08-11,D-2,74.0,10.0,False,False,0,37.9,24.1,14.7,44,18.11,73290.0,47133,,,63.17118055555555,65.75694444444444,23.166666666666668,,1.4,,2.2,,8.2,154.38194444444446,23.79861111111111,1005.6215277777778,,2025,8,0,72.5,103.00000000000009,103.8,114.99999999999997,1,0,23.4,14.7,9.76,96570.0,85416.66666666667,57102.0,47577.0,56.59618055555556,21.589930555555554,1.6,,2.0,,7.5,135.86458333333334
2025-08-11,E-1,109.0,21.0,False,False,0,37.9,24.1,14.7,44,18.11,73290.0,47133,,,63.17118055555555,65.75694444444444,23.166666666666668,,1.4,,2.2,,8.2,154.38194444444446,23.79861111111111,1005.6215277777778,,2025,8,0,72.5,103.00000000000009,103.8,114.99999999999997,1,0,23.4,14.7,9.76,96570.0,85416.66666666667,57102.0,47577.0,56.59618055555556,21.589930555555554,1.6,,2.0,,7.5,135.86458333333334
2025-08-11,E-2,52.0,21.0,False,False,0,37.9,24.1,14.7,44,18.11,73290.0,47133,,,63.17118055555555,65.75694444444444,23.166666666666668,,1.4,,2.2,,8.2,154.38194444444446,23.79861111111111,1005.6215277777778,,2025,8,0,72.5,103.00000000000009,103.8,114.99999999999997,1,0,23.4,14.7,9.76,96570.0,85416.66666666667,57102.0,47577.0,56.59618055555556,21.589930555555554,1.6,,2.0,,7.5,135.86458333333334
2025-08-25,A-1,20.0,1.0,False,False,0,0.3,29.0,19.2,227,22.68,78950.0,42659,,,43.74236111111111,122.96180555555556,16.48784722222222,,0.4,,0.7,,7.3,224.20833333333331,23.14548611111111,1011.5288194444444,,2025,8,0,0.8,0.9000000000000853,1.6,2.5999999999999712,0,0,29.3,15.1,22.48,83380.0,82996.66666666667,43215.0,43040.333333333336,50.31875,16.843402777777776,0.5,,0.8,,6.3,212.62847222222223
2025-08-25,A-2,31.0,5.0,False,False,0,0.3,29.0,19.2,227,22.68,78950.0,42659,,,43.74236111111111,122.96180555555556,16.48784722222222,,0.4,,0.7,,7.3,224.20833333333331,23.14548611111111,1011.5288194444444,,2025,8,0,0.8,0.9000000000000853,1.6,2.5999999999999712,0,0,29.3,15.1,22.48,83380.0,82996.66666666667,43215.0,43040.333333333336,50.31875,16.843402777777776,0.5,,0.8,,6.3,212.62847222222223
2025-08-25,B-1,20.0,5.0,False,False,0,0.3,29.0,19.2,227,22.68,78950.0,42659,,,43.74236111111111,122.96180555555556,16.48784722222222,,0.4,,0.7,,7.3,224.20833333333331,23.14548611111111,1011.5288194444444,,2025,8,0,0.8,0.9000000000000853,1.6,2.5999999999999712,0,0,29.3,15.1,22.48,83380.0,82996.66666666667,43215.0,43040.333333333336,50.31875,16.843402777777776,0.5,,0.8,,6.3,212.62847222222223
2025-08-25,B-2,41.0,1.0,False,False,0,0.3,29.0,19.2,227,22.68,78950.0,42659,,,43.74236111111111,122.96180555555556,16.48784722222222,,0.4,,0.7,,7.3,224.20833333333331,23.14548611111111,1011.5288194444444,,2025,8,0,0.8,0.9000000000000853,1.6,2.5999999999999712,0,0,29.3,15.1,22.48,83380.0,82996.66666666667,43215.0,43040.333333333336,50.31875,16.843402777777776,0.5,,0.8,,6.3,212.62847222222223
2025-08-25,C-1,63.0,1.0,False,False,0,0.3,29.0,19.2,227,22.68,78950.0,42659,,,43.74236111111111,122.96180555555556,16.48784722222222,,0.4,,0.7,,7.3,224.20833333333331,23.14548611111111,1011.5288194444444,,2025,8,0,0.8,0.9000000000000853,1.6,2.5999999999999712,0,0,29.3,15.1,22.48,83380.0,82996.66666666667,43215.0,43040.333333333336,50.31875,16.843402777777776,0.5,,0.8,,6.3,212.62847222222223
2025-08-25,C-2,74.0,5.0,False,False,0,0.3,29.0,19.2,227,22.68,78950.0,42659,,,43.74236111111111,122.96180555555556,16.48784722222222,,0.4,,0.7,,7.3,224.20833333333331,23.14548611111111,1011.5288194444444,,2025,8,0,0.8,0.9000000000000853,1.6,2.5999999999999712,0,0,29.3,15.1,22.48,83380.0,82996.66666666667,43215.0,43040.333333333336,50.31875,16.843402777777776,0.5,,0.8,,6.3,212.62847222222223
2025-08-25,D-1,108.0,1.0,False,False,0,0.3,29.0,19.2,227,22.68,78950.0,42659,,,43.74236111111111,122.96180555555556,16.48784722222222,,0.4,,0.7,,7.3,224.20833333333331,23.14548611111111,1011.5288194444444,,2025,8,0,0.8,0.9000000000000853,1.6,2.5999999999999712,0,0,29.3,15.1,22.48,83380.0,82996.66666666667,43215.0,43040.333333333336,50.31875,16.843402777777776,0.5,,0.8,,6.3,212.62847222222223
2025-08-25,D-2,52.0,1.0,False,False,0,0.3,29.0,19.2,227,22.68,78950.0,42659,,,43.74236111111111,122.96180555555556,16.48784722222222,,0.4,,0.7,,7.3,224.20833333333331,23.14548611111111,1011.5288194444444,,2025,8,0,0.8,0.9000000000000853,1.6,2.5999999999999712,0,0,29.3,15.1,22.48,83380.0,82996.66666666667,43215.0,43040.333333333336,50.31875,16.843402777777776,0.5,,0.8,,6.3,212.62847222222223
2025-08-25,E-1,20.0,1.0,False,False,0,0.3,29.0,19.2,227,22.68,78950.0,42659,,,43.74236111111111,122.96180555555556,16.48784722222222,,0.4,,0.7,,7.3,224.20833333333331,23.14548611111111,1011.5288194444444,,2025,8,0,0.8,0.9000000000000853,1.6,2.5999999999999712,0,0,29.3,15.1,22.48,83380.0,82996.66666666667,43215.0,43040.333333333336,50.31875,16.843402777777776,0.5,,0.8,,6.3,212.62847222222223
2025-08-25,E-2,10.0,5.0,False,False,0,0.3,29.0,19.2,227,22.68,78950.0,42659,,,43.74236111111111,122.96180555555556,16.48784722222222,,0.4,,0.7,,7.3,224.20833333333331,23.14548611111111,1011.5288194444444,,2025,8,0,0.8,0.9000000000000853,1.6,2.5999999999999712,0,0,29.3,15.1,22.48,83380.0,82996.66666666667,43215.0,43040.333333333336,50.31875,16.843402777777776,0.5,,0.8,,6.3,212.62847222222223
2025-09-08,A-1,10.0,1.0,False,False,0,0.2,27.2,9.2,335,17.46,79410.0,41036,,,41.94305555555556,121.70833333333331,19.84861111111111,,0.5,,0.9,,4.7,128.78472222222223,24.31631944444445,1010.546875,,2025,9,0,1.1,1.9000000000000854,1.9000000000000001,4.799999999999976,0,0,28.6,20.9,17.65,81920.0,80453.33333333333,42473.0,41887.666666666664,72.8,23.4,0.6,,0.9,,6.0,218.0
2025-09-08,A-2,20.0,1.0,False,False,0,0.2,27.2,9.2,335,17.46,79410.0,41036,,,41.94305555555556,121.70833333333331,19.84861111111111,,0.5,,0.9,,4.7,128.78472222222223,24.31631944444445,1010.546875,,2025,9,0,1.1,1.9000000000000854,1.9000000000000001,4.799999999999976,0,0,28.6,20.9,17.65,81920.0,80453.33333333333,42473.0,41887.666666666664,72.8,23.4,0.6,,0.9,,6.0,218.0
2025-09-08,B-1,20.0,10.0,False,False,0,0.2,27.2,9.2,335,17.46,79410.0,41036,,,41.94305555555556,121.70833333333331,19.84861111111111,,0.5,,0.9,,4.7,128.78472222222223,24.31631944444445,1010.546875,,2025,9,0,1.1,1.9000000000000854,1.9000000000000001,4.799999999999976,0,0,28.6,20.9,17.65,81920.0,80453.33333333333,42473.0,41887.666666666664,72.8,23.4,0.6,,0.9,,6.0,218.0
2025-09-08,B-2,10.0,5.0,False,False,0,0.2,27.2,9.2,335,17.46,79410.0,41036,,,41.94305555555556,121.70833333333331,19.84861111111111,,0.5,,0.9,,4.7,128.78472222222223,24.31631944444445,1010.546875,,2025,9,0,1.1,1.9000000000000854,1.9000000000000001,4.799999999999976,0,0,28.6,20.9,17.65,81920.0,80453.33333333333,42473.0,41887.666666666664,72.8,23.4,0.6,,0.9,,6.0,218.0
2025-09-08,C-1,10.0,1.0,False,False,0,0.2,27.2,9.2,335,17.46,79410.0,41036,,,41.94305555555556,121.70833333333331,19.84861111111111,,0.5,,0.9,,4.7,128.78472222222223,24.31631944444445,1010.546875,,2025,9,0,1.1,1.9000000000000854,1.9000000000000001,4.799999999999976,0,0,28.6,20.9,17.65,81920.0,80453.33333333333,42473.0,41887.666666666664,72.8,23.4,0.6,,0.9,,6.0,218.0
2025-09-08,C-2,1.0,1.0,False,False,0,0.2,27.2,9.2,335,17.46,79410.0,41036,,,41.94305555555556,121.70833333333331,19.84861111111111,,0.5,,0.9,,4.7,128.78472222222223,24.31631944444445,1010.546875,,2025,9,0,1.1,1.9000000000000854,1.9000000000000001,4.799999999999976,0,0,28.6,20.9,17.65,81920.0,80453.33333333333,42473.0,41887.666666666664,72.8,23.4,0.6,,0.9,,6.0,218.0
2025-09-08,D-1,10.0,1.0,False,False,0,0.2,27.2,9.2,335,17.46,79410.0,41036,,,41.94305555555556,121.70833333333331,19.84861111111111,,0.5,,0.9,,4.7,128.78472222222223,24.31631944444445,1010.546875,,2025,9,0,1.1,1.9000000000000854,1.9000000000000001,4.799999999999976,0,0,28.6,20.9,17.65,81920.0,80453.33333333333,42473.0,41887.666666666664,72.8,23.4,0.6,,0.9,,6.0,218.0
2025-09-08,D-2,10.0,1.0,False,False,0,0.2,27.2,9.2,335,17.46,79410.0,41036,,,41.94305555555556,121.70833333333331,19.84861111111111,,0.5,,0.9,,4.7,128.78472222222223,24.31631944444445,1010.546875,,2025,9,0,1.1,1.9000000000000854,1.9000000000000001,4.799999999999976,0,0,28.6,20.9,17.65,81920.0,80453.33333333333,42473.0,41887.666666666664,72.8,23.4,0.6,,0.9,,6.0,218.0
2025-09-08,E-1,10.0,5.0,False,False,0,0.2,27.2,9.2,335,17.46,79410.0,41036,,,41.94305555555556,121.70833333333331,19.84861111111111,,0.5,,0.9,,4.7,128.78472222222223,24.31631944444445,1010.546875,,2025,9,0,1.1,1.9000000000000854,1.9000000000000001,4.799999999999976,0,0,28.6,20.9,17.65,81920.0,80453.33333333333,42473.0,41887.666666666664,72.8,23.4,0.6,,0.9,,6.0,218.0
2025-09-08,E-2,1.0,1.0,False,False,0,0.2,27.2,9.2,335,17.46,79410.0,41036,,,41.94305555555556,121.70833333333331,19.84861111111111,,0.5,,0.9,,4.7,128.78472222222223,24.31631944444445,1010.546875,,2025,9,0,1.1,1.9000000000000854,1.9000000000000001,4.799999999999976,0,0,28.6,20.9,17.65,81920.0,80453.33333333333,42473.0,41887.666666666664,72.8,23.4,0.6,,0.9,,6.0,218.0
2026-06-18,A-1,1.0,1.0,False,False,0,2.4,24.5,13.3,191,24.27,74100.0,39481,,,,,,,,,,,,,,,,2026,6,0,0.0,0.0,0.0,0.0,0,0,23.6,14.4,25.55,75810.0,73613.33333333333,39379.0,39327.333333333336,,,,,,,,
2026-06-18,A-2,1.0,1.0,False,False,0,2.4,24.5,13.3,191,24.27,74100.0,39481,,,,,,,,,,,,,,,,2026,6,0,0.0,0.0,0.0,0.0,0,0,23.6,14.4,25.55,75810.0,73613.33333333333,39379.0,39327.333333333336,,,,,,,,
2026-06-18,B-1,1.0,1.0,False,False,0,2.4,24.5,13.3,191,24.27,74100.0,39481,,,,,,,,,,,,,,,,2026,6,0,0.0,0.0,0.0,0.0,0,0,23.6,14.4,25.55,75810.0,73613.33333333333,39379.0,39327.333333333336,,,,,,,,
2026-06-18,B-2,1.0,1.0,False,False,0,2.4,24.5,13.3,191,24.27,74100.0,39481,,,,,,,,,,,,,,,,2026,6,0,0.0,0.0,0.0,0.0,0,0,23.6,14.4,25.55,75810.0,73613.33333333333,39379.0,39327.333333333336,,,,,,,,
2026-06-18,C-1,1.0,1.0,False,False,0,2.4,24.5,13.3,191,24.27,74100.0,39481,,,,,,,,,,,,,,,,2026,6,0,0.0,0.0,0.0,0.0,0,0,23.6,14.4,25.55,75810.0,73613.33333333333,39379.0,39327.333333333336,,,,,,,,
2026-06-18,C-2,1.0,5.0,False,False,0,2.4,24.5,13.3,191,24.27,74100.0,39481,,,,,,,,,,,,,,,,2026,6,0,0.0,0.0,0.0,0.0,0,0,23.6,14.4,25.55,75810.0,73613.33333333333,39379.0,39327.333333333336,,,,,,,,
2026-06-18,D-1,1.0,1.0,False,False,0,2.4,24.5,13.3,191,24.27,74100.0,39481,,,,,,,,,,,,,,,,2026,6,0,0.0,0.0,0.0,0.0,0,0,23.6,14.4,25.55,75810.0,73613.33333333333,39379.0,39327.333333333336,,,,,,,,
2026-06-18,D-2,1.0,1.0,False,False,0,2.4,24.5,13.3,191,24.27,74100.0,39481,,,,,,,,,,,,,,,,2026,6,0,0.0,0.0,0.0,0.0,0,0,23.6,14.4,25.55,75810.0,73613.33333333333,39379.0,39327.333333333336,,,,,,,,
2026-06-18,E-1,10.0,1.0,False,False,0,2.4,24.5,13.3,191,24.27,74100.0,39481,,,,,,,,,,,,,,,,2026,6,0,0.0,0.0,0.0,0.0,0,0,23.6,14.4,25.55,75810.0,73613.33333333333,39379.0,39327.333333333336,,,,,,,,
2026-06-18,E-2,20.0,1.0,False,False,0,2.4,24.5,13.3,191,24.27,74100.0,39481,,,,,,,,,,,,,,,,2026,6,0,0.0,0.0,0.0,0.0,0,0,23.6,14.4,25.55,75810.0,73613.33333333333,39379.0,39327.333333333336,,,,,,,,
2026-07-01,A-1,1.0,5.0,False,False,0,62.1,20.4,28.0,23,5.16,93210.0,51903,,,,,,,,,,,,,,,,2026,7,0,0.0,0.0,0.0,1.0999999999999859,1,0,21.8,11.9,25.32,73000.0,74876.66666666667,39636.0,40641.0,,,,,,,,
2026-07-01,A-2,20.0,1.0,False,False,0,62.1,20.4,28.0,23,5.16,93210.0,51903,,,,,,,,,,,,,,,,2026,7,0,0.0,0.0,0.0,1.0999999999999859,1,0,21.8,11.9,25.32,73000.0,74876.66666666667,39636.0,40641.0,,,,,,,,
2026-07-01,B-1,1.0,1.0,False,False,0,62.1,20.4,28.0,23,5.16,93210.0,51903,,,,,,,,,,,,,,,,2026,7,0,0.0,0.0,0.0,1.0999999999999859,1,0,21.8,11.9,25.32,73000.0,74876.66666666667,39636.0,40641.0,,,,,,,,
2026-07-01,B-2,1.0,1.0,False,False,0,62.1,20.4,28.0,23,5.16,93210.0,51903,,,,,,,,,,,,,,,,2026,7,0,0.0,0.0,0.0,1.0999999999999859,1,0,21.8,11.9,25.32,73000.0,74876.66666666667,39636.0,40641.0,,,,,,,,
2026-07-01,C-1,1.0,539.0,False,True,1,62.1,20.4,28.0,23,5.16,93210.0,51903,,,,,,,,,,,,,,,,2026,7,0,0.0,0.0,0.0,1.0999999999999859,1,0,21.8,11.9,25.32,73000.0,74876.66666666667,39636.0,40641.0,,,,,,,,
2026-07-01,C-2,10.0,48.0,False,False,0,62.1,20.4,28.0,23,5.16,93210.0,51903,,,,,,,,,,,,,,,,2026,7,0,0.0,0.0,0.0,1.0999999999999859,1,0,21.8,11.9,25.32,73000.0,74876.66666666667,39636.0,40641.0,,,,,,,,
2026-07-01,D-1,1.0,5.0,False,False,0,62.1,20.4,28.0,23,5.16,93210.0,51903,,,,,,,,,,,,,,,,2026,7,0,0.0,0.0,0.0,1.0999999999999859,1,0,21.8,11.9,25.32,73000.0,74876.66666666667,39636.0,40641.0,,,,,,,,
2026-07-01,D-2,1.0,1.0,False,False,0,62.1,20.4,28.0,23,5.16,93210.0,51903,,,,,,,,,,,,,,,,2026,7,0,0.0,0.0,0.0,1.0999999999999859,1,0,21.8,11.9,25.32,73000.0,74876.66666666667,39636.0,40641.0,,,,,,,,
2026-07-01,E-1,1.0,20.0,False,False,0,62.1,20.4,28.0,23,5.16,93210.0,51903,,,,,,,,,,,,,,,,2026,7,0,0.0,0.0,0.0,1.0999999999999859,1,0,21.8,11.9,25.32,73000.0,74876.66666666667,39636.0,40641.0,,,,,,,,
2026-07-01,E-2,1.0,489.0,False,True,1,62.1,20.4,28.0,23,5.16,93210.0,51903,,,,,,,,,,,,,,,,2026,7,0,0.0,0.0,0.0,1.0999999999999859,1,0,21.8,11.9,25.32,73000.0,74876.66666666667,39636.0,40641.0,,,,,,,,
2026-07-14,A-1,1.0,1.0,False,False,0,3.0,27.1,27.6,220,22.64,79350.0,40311,,,,,,,,,,,,,,,,2026,7,0,0.1,0.10000000000008527,0.1,0.1999999999999858,1,0,27.8,20.8,26.2,78120.0,78173.33333333333,41946.0,43077.0,,,,,,,,
2026-07-14,A-2,1.0,1.0,False,False,0,3.0,27.1,27.6,220,22.64,79350.0,40311,,,,,,,,,,,,,,,,2026,7,0,0.1,0.10000000000008527,0.1,0.1999999999999858,1,0,27.8,20.8,26.2,78120.0,78173.33333333333,41946.0,43077.0,,,,,,,,
2026-07-14,B-1,10.0,1.0,False,False,0,3.0,27.1,27.6,220,22.64,79350.0,40311,,,,,,,,,,,,,,,,2026,7,0,0.1,0.10000000000008527,0.1,0.1999999999999858,1,0,27.8,20.8,26.2,78120.0,78173.33333333333,41946.0,43077.0,,,,,,,,
2026-07-14,B-2,1.0,1.0,False,False,0,3.0,27.1,27.6,220,22.64,79350.0,40311,,,,,,,,,,,,,,,,2026,7,0,0.1,0.10000000000008527,0.1,0.1999999999999858,1,0,27.8,20.8,26.2,78120.0,78173.33333333333,41946.0,43077.0,,,,,,,,
2026-07-14,C-1,1.0,1.0,False,False,0,3.0,27.1,27.6,220,22.64,79350.0,40311,,,,,,,,,,,,,,,,2026,7,0,0.1,0.10000000000008527,0.1,0.1999999999999858,1,0,27.8,20.8,26.2,78120.0,78173.33333333333,41946.0,43077.0,,,,,,,,
2026-07-14,C-2,1.0,1.0,False,False,0,3.0,27.1,27.6,220,22.64,79350.0,40311,,,,,,,,,,,,,,,,2026,7,0,0.1,0.10000000000008527,0.1,0.1999999999999858,1,0,27.8,20.8,26.2,78120.0,78173.33333333333,41946.0,43077.0,,,,,,,,
2026-07-14,D-1,1.0,1.0,False,False,0,3.0,27.1,27.6,220,22.64,79350.0,40311,,,,,,,,,,,,,,,,2026,7,0,0.1,0.10000000000008527,0.1,0.1999999999999858,1,0,27.8,20.8,26.2,78120.0,78173.33333333333,41946.0,43077.0,,,,,,,,
2026-07-14,D-2,1.0,5.0,False,False,0,3.0,27.1,27.6,220,22.64,79350.0,40311,,,,,,,,,,,,,,,,2026,7,0,0.1,0.10000000000008527,0.1,0.1999999999999858,1,0,27.8,20.8,26.2,78120.0,78173.33333333333,41946.0,43077.0,,,,,,,,
2026-07-14,E-1,1.0,5.0,False,False,0,3.0,27.1,27.6,220,22.64,79350.0,40311,,,,,,,,,,,,,,,,2026,7,0,0.1,0.10000000000008527,0.1,0.1999999999999858,1,0,27.8,20.8,26.2,78120.0,78173.33333333333,41946.0,43077.0,,,,,,,,
2026-07-14,E-2,1.0,1.0,False,False,0,3.0,27.1,27.6,220,22.64,79350.0,40311,,,,,,,,,,,,,,,,2026,7,0,0.1,0.10000000000008527,0.1,0.1999999999999858,1,0,27.8,20.8,26.2,78120.0,78173.33333333333,41946.0,43077.0,,,,,,,,
