date,임랑해수욕장_정점명,임랑해수욕장_정점코드,임랑해수욕장_유속(cm/s),임랑해수욕장_유향(deg),임랑해수욕장_수온(℃),임랑해수욕장_염분(PSU),임랑해수욕장_유의파고(m),임랑해수욕장_유의파주기(sec),임랑해수욕장_최대파고(m),임랑해수욕장_최대파주기(sec),임랑해수욕장_풍속(m/s),임랑해수욕장_풍향(deg),임랑해수욕장_기온(℃),임랑해수욕장_기압(hPa),임랑해수욕장_시정(m),송정_정점명,송정_정점코드,송정_유속(cm/s),송정_유향(deg),송정_수온(℃),송정_염분(PSU),송정_유의파고(m),송정_유의파주기(sec),송정_최대파고(m),송정_최대파주기(sec),송정_풍속(m/s),송정_풍향(deg),송정_기온(℃),송정_기압(hPa),송정_시정(m)
2019-01-01,,,,,,,,,,,,,,,,,,,,,,,,,,,,,,
2019-01-02,,,,,,,,,,,,,,,,,,,,,,,,,,,,,,
2019-01-03,,,,,,,,,,,,,,,,,,,,,,,,,,,,,,
2019-01-04,,,,,,,,,,,,,,,,,,,,,,,,,,,,,,
2019-01-05,,,,,,,,,,,,,,,,,,,,,,,,,,,,,,
2019-01-06,,,,,,,,,,,,,,,,,,,,,,,,,,,,,,
2019-01-07,,,,,,,,,,,,,,,,,,,,,,,,,,,,,,
2019-01-08,,,,,,,,,,,,,,,,,,,,,,,,,,,,,,
2019-01-09,,,,,,,,,,,,,,,,,,,,,,,,,,,,,,
2019-01-10,,,,,,,,,,,,,,,,,,,,,,,,,,,,,,
2019-01-11,,,,,,,,,,,,,,,,,,,,,,,,,,,,,,
2019-01-12,,,,,,,,,,,,,,,,,,,,,,,,,,,,,,
2019-01-13,,,,,,,,,,,,,,,,,,,,,,,,,,,,,,
2019-01-14,,,,,,,,,,,,,,,,,,,,,,,,,,,,,,
2019-01-15,,,,,,,,,,,,,,,,,,,,,,,,,,,,,,
2019-01-16,,,,,,,,,,,,,,,,,,,,,,,,,,,,,,
2019-01-17,,,,,,,,,,,,,,,,,,,,,,,,,,,,,,
2019-01-18,,,,,,,,,,,,,,,,,,,,,,,,,,,,,,
2019-01-19,,,,,,,,,,,,,,,,,,,,,,,,,,,,,,
2019-01-20,,,,,,,,,,,,,,,,,,,,,,,,,,,,,,
2019-01-21,,,,,,,,,,,,,,,,,,,,,,,,,,,,,,
2019-01-22,,,,,,,,,,,,,,,,,,,,,,,,,,,,,,
2019-01-23,,,,,,,,,,,,,,,,,,,,,,,,,,,,,,
2019-01-24,,,,,,,,,,,,,,,,,,,,,,,,,,,,,,
2019-01-25,,,,,,,,,,,,,,,,,,,,,,,,,,,,,,
2019-01-26,,,,,,,,,,,,,,,,,,,,,,,,,,,,,,
2019-01-27,,,,,,,,,,,,,,,,,,,,,,,,,,,,,,
2019-01-28,,,,,,,,,,,,,,,,,,,,,,,,,,,,,,
2019-01-29,,,,,,,,,,,,,,,,,,,,,,,,,,,,,,
2019-01-30,,,,,,,,,,,,,,,,,,,,,,,,,,,,,,
2019-01-31,,,,,,,,,,,,,,,,,,,,,,,,,,,,,,
2019-02-01,,,,,,,,,,,,,,,,,,,,,,,,,,,,,,
2019-02-02,,,,,,,,,,,,,,,,,,,,,,,,,,,,,,
2019-02-03,,,,,,,,,,,,,,,,,,,,,,,,,,,,,,
2019-02-04,,,,,,,,,,,,,,,,,,,,,,,,,,,,,,
2019-02-05,,,,,,,,,,,,,,,,,,,,,,,,,,,,,,
2019-02-06,,,,,,,,,,,,,,,,,,,,,,,,,,,,,,
2019-02-07,,,,,,,,,,,,,,,,,,,,,,,,,,,,,,
2019-02-08,,,,,,,,,,,,,,,,,,,,,,,,,,,,,,
2019-02-09,,,,,,,,,,,,,,,,,,,,,,,,,,,,,,
2019-02-10,,,,,,,,,,,,,,,,,,,,,,,,,,,,,,
2019-02-11,,,,,,,,,,,,,,,,,,,,,,,,,,,,,,
2019-02-12,,,,,,,,,,,,,,,,,,,,,,,,,,,,,,
2019-02-13,,,,,,,,,,,,,,,,,,,,,,,,,,,,,,
2019-02-14,,,,,,,,,,,,,,,,,,,,,,,,,,,,,,
2019-02-15,,,,,,,,,,,,,,,,,,,,,,,,,,,,,,
2019-02-16,,,,,,,,,,,,,,,,,,,,,,,,,,,,,,
2019-02-17,,,,,,,,,,,,,,,,,,,,,,,,,,,,,,
2019-02-18,,,,,,,,,,,,,,,,,,,,,,,,,,,,,,
2019-02-19,,,,,,,,,,,,,,,,,,,,,,,,,,,,,,
2019-02-20,,,,,,,,,,,,,,,,,,,,,,,,,,,,,,
2019-02-21,,,,,,,,,,,,,,,,,,,,,,,,,,,,,,
2019-02-22,,,,,,,,,,,,,,,,,,,,,,,,,,,,,,
2019-02-23,,,,,,,,,,,,,,,,,,,,,,,,,,,,,,
2019-02-24,,,,,,,,,,,,,,,,,,,,,,,,,,,,,,
2019-02-25,,,,,,,,,,,,,,,,,,,,,,,,,,,,,,
2019-02-26,,,,,,,,,,,,,,,,,,,,,,,,,,,,,,
2019-02-27,,,,,,,,,,,,,,,,,,,,,,,,,,,,,,
2019-02-28,,,,,,,,,,,,,,,,,,,,,,,,,,,,,,
2019-03-01,,,,,,,,,,,,,,,,,,,,,,,,,,,,,,
2019-03-02,,,,,,,,,,,,,,,,,,,,,,,,,,,,,,
2019-03-03,,,,,,,,,,,,,,,,,,,,,,,,,,,,,,
2019-03-04,,,,,,,,,,,,,,,,,,,,,,,,,,,,,,
2019-03-05,,,,,,,,,,,,,,,,,,,,,,,,,,,,,,
2019-03-06,,,,,,,,,,,,,,,,,,,,,,,,,,,,,,
2019-03-07,,,,,,,,,,,,,,,,,,,,,,,,,,,,,,
2019-03-08,,,,,,,,,,,,,,,,,,,,,,,,,,,,,,
2019-03-09,,,,,,,,,,,,,,,,,,,,,,,,,,,,,,
2019-03-10,,,,,,,,,,,,,,,,,,,,,,,,,,,,,,
2019-03-11,,,,,,,,,,,,,,,,,,,,,,,,,,,,,,
2019-03-12,,,,,,,,,,,,,,,,,,,,,,,,,,,,,,
2019-03-13,,,,,,,,,,,,,,,,,,,,,,,,,,,,,,
2019-03-14,,,,,,,,,,,,,,,,,,,,,,,,,,,,,,
2019-03-15,,,,,,,,,,,,,,,,,,,,,,,,,,,,,,
2019-03-16,,,,,,,,,,,,,,,,,,,,,,,,,,,,,,
2019-03-17,,,,,,,,,,,,,,,,,,,,,,,,,,,,,,
2019-03-18,,,,,,,,,,,,,,,,,,,,,,,,,,,,,,
2019-03-19,,,,,,,,,,,,,,,,,,,,,,,,,,,,,,
2019-03-20,,,,,,,,,,,,,,,,,,,,,,,,,,,,,,
2019-03-21,,,,,,,,,,,,,,,,,,,,,,,,,,,,,,
2019-03-22,,,,,,,,,,,,,,,,,,,,,,,,,,,,,,
2019-03-23,,,,,,,,,,,,,,,,,,,,,,,,,,,,,,
2019-03-24,,,,,,,,,,,,,,,,,,,,,,,,,,,,,,
2019-03-25,,,,,,,,,,,,,,,,,,,,,,,,,,,,,,
2019-03-26,,,,,,,,,,,,,,,,,,,,,,,,,,,,,,
2019-03-27,,,,,,,,,,,,,,,,,,,,,,,,,,,,,,
2019-03-28,,,,,,,,,,,,,,,,,,,,,,,,,,,,,,
2019-03-29,,,,,,,,,,,,,,,,,,,,,,,,,,,,,,
2019-03-30,,,,,,,,,,,,,,,,,,,,,,,,,,,,,,
2019-03-31,,,,,,,,,,,,,,,,,,,,,,,,,,,,,,
2019-04-01,,,,,,,,,,,,,,,,,,,,,,,,,,,,,,
2019-04-02,,,,,,,,,,,,,,,,,,,,,,,,,,,,,,
2019-04-03,,,,,,,,,,,,,,,,,,,,,,,,,,,,,,
2019-04-04,,,,,,,,,,,,,,,,,,,,,,,,,,,,,,
2019-04-05,,,,,,,,,,,,,,,,,,,,,,,,,,,,,,
2019-04-06,,,,,,,,,,,,,,,,,,,,,,,,,,,,,,
2019-04-07,,,,,,,,,,,,,,,,,,,,,,,,,,,,,,
2019-04-08,,,,,,,,,,,,,,,,,,,,,,,,,,,,,,
2019-04-09,,,,,,,,,,,,,,,,,,,,,,,,,,,,,,
2019-04-10,,,,,,,,,,,,,,,,,,,,,,,,,,,,,,
2019-04-11,,,,,,,,,,,,,,,,,,,,,,,,,,,,,,
2019-04-12,,,,,,,,,,,,,,,,,,,,,,,,,,,,,,
2019-04-13,,,,,,,,,,,,,,,,,,,,,,,,,,,,,,
2019-04-14,,,,,,,,,,,,,,,,,,,,,,,,,,,,,,
2019-04-15,,,,,,,,,,,,,,,,,,,,,,,,,,,,,,
2019-04-16,,,,,,,,,,,,,,,,,,,,,,,,,,,,,,
2019-04-17,,,,,,,,,,,,,,,,,,,,,,,,,,,,,,
2019-04-18,,,,,,,,,,,,,,,,,,,,,,,,,,,,,,
2019-04-19,,,,,,,,,,,,,,,,,,,,,,,,,,,,,,
2019-04-20,,,,,,,,,,,,,,,,,,,,,,,,,,,,,,
2019-04-21,,,,,,,,,,,,,,,,,,,,,,,,,,,,,,
2019-04-22,,,,,,,,,,,,,,,,,,,,,,,,,,,,,,
2019-04-23,,,,,,,,,,,,,,,,,,,,,,,,,,,,,,
2019-04-24,,,,,,,,,,,,,,,,,,,,,,,,,,,,,,
2019-04-25,,,,,,,,,,,,,,,,,,,,,,,,,,,,,,
2019-04-26,,,,,,,,,,,,,,,,,,,,,,,,,,,,,,
2019-04-27,,,,,,,,,,,,,,,,,,,,,,,,,,,,,,
2019-04-28,,,,,,,,,,,,,,,,,,,,,,,,,,,,,,
2019-04-29,,,,,,,,,,,,,,,,,,,,,,,,,,,,,,
2019-04-30,,,,,,,,,,,,,,,,,,,,,,,,,,,,,,
2019-05-01,,,,,,,,,,,,,,,,,,,,,,,,,,,,,,
2019-05-02,,,,,,,,,,,,,,,,,,,,,,,,,,,,,,
2019-05-03,,,,,,,,,,,,,,,,,,,,,,,,,,,,,,
2019-05-04,,,,,,,,,,,,,,,,,,,,,,,,,,,,,,
2019-05-05,,,,,,,,,,,,,,,,,,,,,,,,,,,,,,
2019-05-06,,,,,,,,,,,,,,,,,,,,,,,,,,,,,,
2019-05-07,,,,,,,,,,,,,,,,,,,,,,,,,,,,,,
2019-05-08,,,,,,,,,,,,,,,,,,,,,,,,,,,,,,
2019-05-09,,,,,,,,,,,,,,,,,,,,,,,,,,,,,,
2019-05-10,,,,,,,,,,,,,,,,,,,,,,,,,,,,,,
2019-05-11,,,,,,,,,,,,,,,,,,,,,,,,,,,,,,
2019-05-12,,,,,,,,,,,,,,,,,,,,,,,,,,,,,,
2019-05-13,,,11.71032608695652,166.42391304347825,16.18591397849462,33.83543010752688,0.7,4.834408602150538,1.23,4.844086021505376,6.7,124.43548387096774,16.661827956989246,1015.352688172043,,,,,,,,,,,,,,,,
2019-05-14,,,13.275347222222223,114.42013888888889,16.785243055555554,33.88444444444444,0.51,5.122916666666667,0.97,5.269097222222222,7.8,203.34375,18.30034722222222,1012.8944444444444,,,,,,,,,,,,,,,,
2019-05-15,,,19.177777777777777,166.42361111111111,16.961006944444446,33.914513888888884,0.46,4.220833333333333,0.75,4.210069444444445,4.0,227.64930555555554,19.234722222222224,1013.296875,,,,,,,,,,,,,,,,
2019-05-16,,,22.444097222222222,166.01388888888889,16.85802083333333,33.93659722222222,0.43,3.8989583333333337,0.66,3.8524305555555554,3.5,230.99652777777777,19.34201388888889,1012.7496527777779,,,,,,,,,,,,,,,,
2019-05-17,,,24.386458333333334,159.22569444444446,16.583819444444444,33.96440972222222,0.79,4.171875,1.16,4.133680555555555,4.3,166.04513888888889,19.45763888888889,1013.7090277777778,,,,,,,,,,,,,,,,
2019-05-18,,,25.385664335664337,173.1853146853147,16.469615384615388,33.88006993006993,1.59,5.409407665505227,2.51,5.339024390243902,7.7,42.59581881533101,17.9787456445993,1013.2895470383274,,,,,,,,,,,,,,,,
2019-05-19,,,22.323344947735194,154.12543554006967,17.008501742160277,33.9198606271777,2.38,5.863194444444444,3.56,5.75,9.9,123.45138888888889,19.122916666666665,1011.4225694444444,,,,,,,,,,,,,,,,
2019-05-20,,,23.67013888888889,119.36805555555556,16.426319444444445,33.93059027777778,2.49,5.647916666666666,3.63,5.574652777777778,9.1,230.85763888888889,18.482986111111114,1003.8670138888889,,,,,,,,,,,,,,,,
2019-05-21,,,20.073851590106006,136.74204946996466,15.776325088339222,34.00780918727915,0.73,4.372280701754385,1.26,4.460701754385965,11.3,234.11228070175437,16.55824561403509,1006.1242105263159,,,,,,,,,,,,,,,,
2019-05-22,,,21.140625,142.63888888888889,15.55048611111111,34.07975694444444,1.01,3.9972222222222222,1.52,3.9322916666666665,10.3,224.13541666666666,17.900347222222223,1006.5072916666666,,,,,,,,,,,,,,,,
2019-05-23,,,18.890972222222224,130.72569444444446,15.432951388888888,34.12756944444445,0.86,3.813888888888889,1.38,3.765625,12.2,203.37152777777777,17.139583333333334,1007.8927083333333,,,,,,,,,,,,,,,,
2019-05-24,,,19.596515679442508,123.15679442508711,15.463763066202091,34.125191637630664,0.79,3.9878048780487805,1.27,3.917770034843206,11.6,218.6445993031359,17.270383275261324,1010.6634146341464,,,,,,,,,,,,,,,,
2019-05-25,,,13.743402777777778,150.54513888888889,15.968333333333334,34.105381944444446,0.64,3.963194444444445,1.05,3.8836805555555554,8.1,190.13541666666666,20.17465277777778,1013.2663194444444,,,,,,,,,,,,,,,,
2019-05-26,,,16.739930555555556,110.19791666666667,16.244479166666665,34.07902777777778,0.51,2.9989583333333334,0.9,3.0069444444444446,9.4,210.97569444444446,18.775,1015.4913194444445,,,,,,,,,,,,,,,,
2019-05-27,,,15.489895470383276,126.53310104529616,16.306689895470384,33.991777003484316,2.42,4.707291666666666,3.53,4.692708333333333,15.7,205.05208333333334,18.083333333333332,1008.1833333333333,,,,,,,,,,,,,,,,
2019-05-28,,,13.589895470383276,189.8048780487805,16.278257839721253,33.90066202090592,1.54,6.477003484320558,2.15,6.52787456445993,7.9,189.40766550522648,18.28710801393728,1008.816724738676,,,,,,,,,,,,,,,,
2019-05-29,,,8.853124999999999,161.76388888888889,16.934652777777778,33.84059027777778,0.72,4.499652777777778,1.23,4.590277777777778,11.1,241.83680555555554,18.593055555555555,1009.0583333333333,,,,,,,,,,,,,,,,
2019-05-30,,,14.479861111111111,172.05902777777777,16.8659375,33.84809027777778,0.62,3.8114583333333334,1.04,3.765625,10.6,231.63194444444446,19.48263888888889,1010.0586805555556,,,,,,,,,,,,,,,,
2019-05-31,,,12.214982578397212,179.1219512195122,16.87547038327526,33.86358885017422,0.76,3.224652777777778,1.29,3.1788194444444446,10.6,240.89236111111111,18.28576388888889,1009.9065972222221,,,,,,,,,,,,,,,,
2019-06-01,,,21.739583333333332,184.60416666666666,16.39625,33.894618055555554,0.52,3.398263888888889,0.95,3.3524305555555554,7.8,203.76041666666666,17.911458333333332,1009.6173611111111,,,,,,,,,,,,,,,,
2019-06-02,,,21.357491289198606,156.14285714285714,16.41526132404181,33.871602787456446,0.29,3.375261324041812,0.52,3.3101045296167246,6.0,212.26480836236934,17.938675958188153,1007.0864111498257,,,,,,,,,,,,,,,,
2019-06-03,,,25.08736842105263,146.84912280701755,16.18101754385965,33.79129824561404,0.51,3.561888111888112,0.82,3.4933566433566434,7.7,222.8006993006993,18.14965034965035,1007.6678321678322,,,,,,,,,,,,,,,,
2019-06-04,,,27.172222222222224,145.1875,16.07625,33.789340277777775,0.35,3.3020833333333335,0.58,3.1649305555555554,5.6,203.34375,19.482291666666665,1008.6968750000001,,,,,,,,,,,,,,,,
2019-06-05,,,31.441549295774646,140.6549295774648,16.151795774647887,33.78700704225352,0.69,4.404878048780488,1.11,4.371080139372823,6.1,183.3588850174216,19.64425087108014,1011.1996515679442,,,,,,,,,,,,,,,,
2019-06-06,,,28.899651567944254,122.74912891986062,16.47794425087108,33.74965156794425,0.34,4.618118466898955,0.51,4.676306620209059,7.2,219.09407665505228,18.76411149825784,1011.0198606271778,,,,,,,,,,,,,,,,
2019-06-07,,,32.0198606271777,112.41114982578397,17.274564459930314,33.18867595818815,2.19,6.098954703832753,3.17,6.005226480836237,7.7,136.0731707317073,18.643205574912894,1001.5742160278745,,,,,,,,,,,,,,,,
2019-06-08,,,32.81363636363637,157.7762237762238,18.421048951048952,33.22447552447553,2.34,6.982867132867132,3.26,6.822027972027971,8.9,125.25524475524476,18.64825174825175,1008.7769230769231,,,,,,,,,,,,,,,,
2019-06-09,,,22.82439024390244,176.66202090592336,18.562020905923344,33.10247386759582,1.29,6.092334494773519,2.02,6.119163763066203,9.0,64.61672473867596,18.033101045296167,1006.9365853658536,,,,,,,,,,,,,,,,
2019-06-10,,,19.8808362369338,220.14285714285714,18.896550522648084,32.82156794425087,1.23,5.380836236933797,2.05,5.366550522648084,11.7,90.46341463414635,18.231010452961673,1006.7261324041813,,,,,,,,,,,,,,,,
2019-06-11,,,21.01951219512195,234.26829268292684,19.488188153310105,32.229268292682924,1.54,5.961805555555555,2.18,5.934027777777778,11.4,89.47222222222223,18.00277777777778,1008.71875,,,,,,,,,,,,,,,,
2019-06-12,,,19.169122807017544,194.23157894736843,20.576140350877193,30.02084210526316,1.07,5.798606271777004,1.65,5.7397212543554,7.4,80.57839721254355,18.555052264808364,1011.0348432055749,,,,,,,,,,,,,,,,
2019-06-13,,,15.496167247386758,177.77003484320556,21.188919860627177,32.225853658536586,0.57,4.906968641114982,0.85,4.968641114982578,4.4,208.47038327526133,18.901045296167247,1010.9167247386758,,,,,,,,,,,,,,,,
2019-06-14,,,16.143971631205677,179.4964539007092,21.333049645390073,31.663120567375888,0.42,4.330851063829787,0.73,4.274822695035461,7.0,221.0886524822695,19.97340425531915,1005.8127659574468,,,,,,,,,,,,,,,,
2019-06-15,,,20.469026548672566,175.09734513274336,20.89894736842105,31.269649122807017,1.06,5.129203539823009,1.55,5.030973451327434,7.2,107.76106194690266,19.28141592920354,999.8530973451327,,,,,,,,,,,,,,,,
2019-06-16,,,27.901769911504427,210.7797356828194,20.69546255506608,32.34713656387665,1.16,6.08590308370044,1.74,6.02863436123348,7.9,133.1762114537445,19.270925110132158,1006.5290748898678,,,,,,,,,,,,,,,,
2019-06-17,,,21.427573529411767,178.1985294117647,20.64378676470588,32.4802205882353,1.67,9.38860294117647,2.25,10.118382352941175,10.8,223.9558823529412,19.95110294117647,1011.8143382352941,,,,,,,,,,,,,,,,
2019-06-18,,,28.878214285714286,161.84642857142856,19.314285714285713,33.10307142857143,1.56,8.624642857142858,2.02,9.083928571428572,8.2,204.37857142857143,20.565714285714286,1009.6992857142857,,,,,,,,,,,,,,,,
2019-06-19,,,30.18028169014085,174.93661971830986,17.978063380281693,32.957535211267604,0.91,6.169366197183098,1.2,6.780633802816902,6.1,201.47535211267606,20.926056338028168,1006.5260563380283,,,,,,,,,,,,,,,,
2019-06-20,,,25.86598360655738,152.35655737704917,17.857786885245904,32.351229508196724,0.5,5.145081967213115,0.85,5.399590163934426,9.1,226.95081967213116,20.61926229508197,1005.7413934426229,,,,,,,,,,,,,,,,
2019-06-21,,,32.717021276595744,228.86170212765958,18.342736842105264,32.41947368421052,0.54,3.721276595744681,0.79,3.6648936170212765,9.2,80.63157894736842,20.332631578947368,1005.4387096774194,,,,,,,,,,,,,,,,
2019-06-22,,,23.292657342657343,137.62237762237763,18.762342657342657,31.54027972027972,1.15,5.138327526132405,1.84,5.134146341463414,9.3,102.21254355400697,19.59616724738676,1007.1686411149826,,,,,,,,,,,,,,,,
2019-06-23,,,19.335540069686413,180.82578397212544,19.842160278745645,31.0502787456446,1.0,4.879790940766551,1.72,4.8,10.8,56.55749128919861,19.566202090592334,1008.4341463414634,,,,,,,,,,,,,,,,
2019-06-24,,,12.739583333333334,142.36458333333334,20.416354166666665,30.42795138888889,0.72,5.016666666666667,1.12,4.986111111111111,5.8,174.24305555555554,20.078472222222224,1013.2118055555555,,,,,,,,,,,,,,,,
2019-06-25,,,10.296875,173.20138888888889,21.21375,30.003715277777776,0.48,4.828472222222222,1.0,4.897569444444445,4.0,175.60416666666666,20.64548611111111,1015.5760416666667,,,,,,,,,,,,,,,,
2019-06-26,,,12.933916083916083,213.83566433566435,21.458356643356645,28.802237762237763,1.2,4.244599303135889,1.96,4.188153310104529,9.4,171.73867595818814,20.500348432055752,1010.3675958188153,,,,,,,,,,,,,,,,
2019-06-27,,,11.824561403508772,163.43859649122808,21.74480701754386,26.957894736842107,1.33,4.944405594405594,1.94,4.926223776223776,8.3,180.26223776223776,22.196153846153848,1001.1363636363636,,,,,,,,,,,,,,,,
2019-06-28,,,19.628124999999997,214.50694444444446,21.12826388888889,27.526666666666667,0.71,4.410763888888889,1.08,4.366319444444445,7.5,123.76041666666667,21.545833333333334,1003.1017361111111,,,,,,,,,,,,,,,,
2019-06-29,,,26.50175438596491,207.80701754385964,20.883368421052634,26.9179298245614,1.87,5.18006993006993,2.54,5.325174825174825,14.0,190.4965034965035,21.081818181818182,999.027972027972,,,,,,,,,,,,,,,,
2019-06-30,,,17.91602787456446,179.3170731707317,20.755574912891987,27.18149825783972,1.35,6.32822299651568,2.04,6.296864111498258,9.1,203.80836236933797,21.81114982578397,999.577700348432,,,,,,,,,,,,,,,,
2019-07-01,,,17.56527777777778,169.21875,19.58013888888889,28.154131944444444,0.67,4.813194444444445,1.14,4.848958333333333,8.8,203.81944444444446,21.150694444444444,1004.5187500000001,,,,,,,,,,,,,,,,
2019-07-02,,,31.033333333333335,119.25,17.789965277777778,31.680347222222224,0.64,4.519791666666666,1.02,4.602430555555555,8.4,193.71875,21.021527777777777,1007.8972222222224,,,,,,,,,,,,,,,,
2019-07-03,,,40.52013888888889,162.08333333333334,17.37065972222222,31.91465277777778,0.4,4.760416666666667,0.61,4.84375,7.3,191.30555555555554,19.556597222222223,1007.6135416666667,,,,,,,,,,,,,,,,
2019-07-04,,,37.43356643356643,169.94055944055944,17.644510489510488,31.528776223776223,0.48,6.802097902097902,0.72,7.025524475524476,3.7,214.38111888111888,20.822727272727274,1005.8646853146853,,,,,,,,,,,,,,,,
2019-07-05,,,42.13205574912892,184.00696864111498,17.848606271777005,30.96278745644599,0.5,6.610763888888889,0.78,6.901041666666667,4.6,137.51736111111111,19.87951388888889,1003.8315972222222,,,,,,,,,,,,,,,,
2019-07-06,,,44.530902777777776,186.10763888888889,19.2009375,31.195277777777775,1.45,5.153472222222223,2.47,5.126736111111111,12.0,53.49305555555556,22.015972222222224,1004.7003472222223,,,,,,,,,,,,,,,,
2019-07-07,,,22.331944444444446,207.54513888888889,20.95590277777778,31.11607638888889,1.62,5.876736111111111,2.41,5.878472222222222,10.3,45.923611111111114,21.84375,1008.0760416666667,,,,,,,,,,,,,,,,
2019-07-08,,,17.373684210526317,155.42456140350876,21.443719298245615,30.662947368421055,1.1,5.50979020979021,1.95,5.549300699300699,9.7,59.27972027972028,21.613636363636363,1007.4678321678322,,,,,,,,,,,,,,,,
2019-07-09,,,16.762587412587415,171.80769230769232,21.77,30.112307692307695,1.06,5.246503496503497,1.63,5.2622377622377625,10.5,53.36013986013986,21.63006993006993,1006.7216783216784,,,,,,,,,,,,,,,,
2019-07-10,,,18.582042253521127,206.01408450704224,21.840352112676054,29.60387323943662,1.01,5.026315789473684,1.87,5.047719298245614,11.9,48.18245614035088,21.712280701754388,1005.5031578947369,,,,,,,,,,,,,,,,
2019-07-11,,,16.60211267605634,139.67957746478874,22.376549295774648,29.376901408450706,1.87,5.898245614035088,3.1,5.792982456140351,10.2,194.5157894736842,23.052982456140352,1002.0129824561404,,,,,,,,,,,,,,,,
2019-07-12,,,10.083157894736841,126.36842105263158,22.458947368421054,29.272631578947372,1.07,5.642657342657342,1.85,5.802797202797202,7.2,133.56293706293707,22.498251748251747,1005.9979020979022,,,,,,,,,,,,,,,,
2019-07-13,,,16.092957746478874,133.04577464788733,22.222359154929578,29.480140845070423,0.65,5.093684210526316,1.15,5.527368421052631,8.1,221.35438596491227,22.17157894736842,1002.1508771929824,,,,,,,,,,,,,,,,
2019-07-14,,,21.793379790940765,145.55052264808361,22.088885017421603,29.513031358885016,0.75,5.58815331010453,1.2,5.653310104529616,6.9,141.10452961672473,22.066202090592334,1002.7006968641114,,,,,,,,,,,,,,,,
2019-07-15,,,19.267132867132865,171.43006993006992,22.84951048951049,29.353776223776226,0.83,6.0895470383275265,1.17,6.505226480836237,5.3,111.89198606271778,22.799651567944252,1007.8947735191638,,,,,,,,,,,,,,,,
2019-07-16,,,16.880782918149468,167.10320284697508,23.293950177935944,28.89526690391459,0.73,5.136971830985916,1.26,5.247535211267605,5.7,113.36267605633803,22.963732394366197,1011.4823943661971,,,,,,,,,,,,,,,,
2019-07-17,,,15.74835164835165,167.0,23.477362637362635,28.62978021978022,0.82,4.433333333333334,1.14,4.32140350877193,6.3,89.49824561403508,23.152982456140354,1012.4515789473685,,,,,,,,,,,,,,,,
2019-07-18,,,20.847719298245615,160.22456140350877,23.222842105263158,28.177298245614033,0.6,4.951929824561403,0.89,4.926315789473684,4.5,235.8035087719298,22.467719298245616,1010.4052631578948,,,,,,,,,,,,,,,,
2019-07-19,,,31.985409252669037,178.61921708185054,22.672775800711744,27.511459074733096,2.26,5.453191489361702,3.12,5.422340425531915,9.3,183.8758865248227,23.44858156028369,1008.5656028368794,,,,,,,,,,,,,,,,
2019-07-20,,,29.630419580419577,212.7027972027972,22.30534965034965,26.531328671328673,3.84,8.176223776223777,5.66,8.241258741258742,14.8,142.6993006993007,23.62832167832168,1003.4111888111887,,,,,,,,,,,,,,,,
2019-07-21,,,22.81316725978648,128.30960854092527,20.927758007117436,26.29288256227758,2.86,6.1807829181494665,4.1,6.193238434163701,12.2,197.62633451957296,22.673309608540926,1004.0743772241993,,,,,,,,,,,,,,,,
2019-07-22,,,23.154063604240285,139.01766784452298,18.09236749116608,26.95236749116608,0.8,4.659010600706714,1.15,4.742049469964664,10.7,209.1660777385159,22.049823321554772,1005.8498233215548,,,,,,,,,,,,,,,,
2019-07-23,,,14.372438162544169,135.4946996466431,17.68190812720848,26.7795406360424,0.74,4.002826855123675,1.25,4.019434628975265,10.0,198.84805653710248,21.14593639575972,1005.1512367491166,,,,,,,,,,,,,,,,
2019-07-24,,,10.787900355871887,170.52669039145908,17.896370106761566,26.38508896797153,0.69,3.8722419928825618,1.16,3.98220640569395,9.9,206.31316725978647,21.330249110320285,1005.2060498220642,,,,,,,,,,,,,,,,
2019-07-25,,,9.450883392226148,138.76325088339223,16.64339222614841,25.988021201413428,0.6,3.8281690140845073,1.01,3.7940140845070425,8.4,196.68309859154928,20.77781690140845,1006.181338028169,,,,,,,,,,,,,,,,
2019-07-26,,,9.43584229390681,143.90322580645162,16.65673835125448,25.4715770609319,0.51,3.5085714285714285,0.93,3.5067857142857144,8.7,204.18214285714285,21.25464285714286,1005.6182142857142,,,,,,,,,,,,,,,,
2019-07-27,,,15.488070175438597,196.11929824561403,17.648070175438598,24.42982456140351,0.46,3.7898245614035084,0.74,3.772631578947369,8.2,207.57543859649124,22.282456140350877,1006.8673684210527,,,,,,,,,,,,,,,,
2019-07-28,,,15.278745644599303,163.3588850174216,19.293519163763065,23.258013937282232,0.87,3.912891986062718,1.37,3.951219512195122,10.0,202.25783972125436,23.301045296167246,1010.1219512195122,,,,,,,,,,,,,,,,
2019-07-29,,,21.367957746478872,169.58802816901408,19.982042253521126,21.333204225352112,0.68,4.0602112676056334,1.21,4.154929577464789,10.5,203.11267605633802,23.74718309859155,1010.606338028169,,,,,,,,,,,,,,,,
2019-07-30,,,30.25649122807018,129.97543859649122,20.353658536585368,20.029790940766553,0.91,3.388850174216028,1.67,3.3634146341463413,10.5,202.97560975609755,23.542857142857144,1009.1912891986063,,,,,,,,,,,,,,,,
2019-07-31,,,36.97789473684211,127.16491228070176,19.787754385964913,18.744561403508772,0.65,3.540701754385965,1.15,3.5228070175438595,10.3,202.95087719298246,23.806315789473686,1010.1231578947368,,,,,,,,,,,,,,,,
2019-08-01,,,37.609219858156024,151.94326241134752,20.44744680851064,18.325283687943262,0.63,3.582685512367491,0.92,3.5731448763250886,9.7,204.5547703180212,24.368904593639574,1011.2491166077739,,,,,,,,,,,,,,,,
2019-08-02,,,37.25300353356891,149.67137809187278,20.049010600706712,17.41879858657244,0.35,4.20565371024735,0.57,4.2286219081272085,3.3,235.226148409894,25.908480565371026,1011.1731448763251,,,,,,,,,,,,,,,,
2019-08-03,,,40.12355072463768,162.3586956521739,21.042671480144403,16.99018050541516,0.36,3.8949999999999996,0.62,3.7910714285714286,5.0,138.19642857142858,25.04785714285714,1011.5617857142856,,,,,,,,,,,,,,,,
2019-08-04,,,42.418661971830986,134.2288732394366,22.78637323943662,16.594612676056336,0.43,4.016549295774648,0.7,3.9228873239436615,3.9,200.71830985915494,25.804577464788732,1010.9271126760563,,,,,,,,,,,,,,,,
2019-08-05,,,41.17544483985765,173.97864768683274,23.816868327402133,16.21661921708185,0.53,3.8911347517730497,0.82,3.8067375886524824,7.3,134.61702127659575,25.668439716312058,1009.8152482269504,,,,,,,,,,,,,,,,
2019-08-06,,,22.538214285714286,198.84642857142856,24.72875,15.58307142857143,3.16,5.353191489361702,4.31,5.2613475177304965,17.2,61.255319148936174,25.829432624113473,1004.5308510638298,,,,,,,,,,,,,,,,
2019-08-07,,,23.828771929824562,92.21052631578948,25.5159649122807,15.06178947368421,2.04,4.61578947368421,2.88,4.571929824561403,10.6,201.84912280701755,26.19543859649123,1006.0231578947368,,,,,,,,,,,,,,,,
2019-08-08,,,23.705599999999997,121.832,25.283187250996015,14.857290836653386,0.54,4.022304832713755,0.95,3.9810408921933087,5.1,222.74632352941177,26.666176470588233,1008.3705882352941,,,,,,,,,,,,,,,,
2019-08-09,,,14.904838709677419,131.44354838709677,24.99274193548387,14.725725806451614,0.51,6.163779527559055,0.79,6.777165354330709,3.4,273.15748031496065,26.318897637795274,1007.9897637795275,,,,,,,,,,,,,,,,
2019-08-10,,,10.6,200.6,24.599999999999998,14.815,,,,,3.7,55.6,26.660000000000004,1007.9666666666667,,,,,,,,,,,,,,,,
2019-08-11,,,,,,,,,,,,,,,,,,,,,,,,,,,,,,
2019-08-12,,,,,,,,,,,,,,,,,,,,,,,,,,,,,,
2019-08-13,,,,,,,,,,,,,,,,,,,,,,,,,,,,,,
2019-08-14,,,,,,,,,,,,,,,,,,,,,,,,,,,,,,
2019-08-15,,,,,,,,,,,,,,,,,,,,,,,,,,,,,,
2019-08-16,,,,,,,,,,,,,,,,,,,,,,,,,,,,,,
2019-08-17,,,,,,,,,,,,,,,,,,,,,,,,,,,,,,
2019-08-18,,,,,,,,,,,,,,,,,,,,,,,,,,,,,,
2019-08-19,,,,,,,,,,,,,,,,,,,,,,,,,,,,,,
2019-08-20,,,,,,,,,,,,,,,,,,,,,,,,,,,,,,
2019-08-21,,,11.417204301075268,132.70967741935485,26.545483870967743,15.670860215053764,0.53,5.10752688172043,0.84,5.075268817204301,5.8,211.13978494623655,26.131182795698923,1008.9978260869566,,,,,,,,,,,,,,,,
2019-08-22,,,16.23843416370107,95.6049822064057,25.885871886121,15.619395017793595,1.72,5.232028469750889,2.53,5.183274021352313,11.2,216.12099644128114,26.672597864768683,1005.7526690391459,,,,,,,,,,,,,,,,
2019-08-23,,,12.585355648535565,210.5481171548117,25.104771784232366,15.451410788381743,0.98,4.968595041322314,1.42,4.863223140495868,5.7,250.6122448979592,25.648571428571426,1007.8163265306123,,,,,,,,,,,,,,,,
2019-08-24,,,13.591304347826087,181.5169082125604,25.289380952380956,15.043000000000001,0.46,4.019431279620854,0.98,3.9616113744075827,5.0,289.35648148148147,24.825462962962963,1010.1120370370371,,,,,,,,,,,,,,,,
2019-08-25,,,16.316541353383457,118.93984962406014,25.8192700729927,15.505912408759123,0.5,3.820408163265306,0.67,4.261224489795918,6.6,265.53205128205127,23.853846153846153,1012.5224358974359,,,,,,,,,,,,,,,,
2019-08-26,,,13.02962962962963,67.48148148148148,25.9553125,15.4321875,0.59,3.728947368421052,0.82,4.118421052631579,4.5,275.7142857142857,23.478048780487807,1012.6738095238096,,,,,,,,,,,,,,,,
2019-08-27,,,24.42,81.25714285714285,25.52285714285714,32.189142857142855,0.0,5.68235294117647,0.0,5.606060606060606,4.0,101.28571428571429,23.814285714285713,1008.2199999999999,,,,,,,,,,,,,,,,
2019-08-28,,,25.72689075630252,170.85294117647058,25.237238493723847,32.152384937238494,0.77,5.956066945606694,1.36,6.156903765690377,5.9,235.87029288702928,24.01506276150628,1007.9125523012552,,,,,,,,,,,,,,,,
2019-08-29,,,22.1402390438247,126.03187250996017,24.784860557768923,32.25374501992032,0.76,4.9282868525896415,14.43,5.282868525896414,6.6,238.70517928286853,23.9601593625498,1007.815139442231,,,,,,,,,,,,,,,,
2019-08-30,,,26.25091743119266,103.80275229357798,23.496330275229358,32.51775229357798,0.54,3.479816513761468,1.07,3.8394495412844036,7.6,231.02293577981652,24.21559633027523,1009.1165137614679,,,,,,,,,,,,,,,,
2019-08-31,,,29.568,180.408,21.694,32.88904,0.45,3.4688000000000003,0.84,3.93,7.5,248.472,23.022,1013.7676,,,,,,,,,,,,,,,,
2019-09-01,,,39.2,185.06451612903226,21.028225806451612,33.01064516129033,0.37,3.5725806451612905,0.74,3.685483870967742,2.7,229.76612903225808,22.13790322580645,1017.8637096774194,,,,,,,,,,,,,,,,
2019-09-02,,,34.61042471042471,192.7027027027027,21.459073359073358,32.745444015444015,0.43,3.65019305019305,0.75,3.6505791505791505,4.1,160.1119691119691,21.08918918918919,1018.0451737451738,,,,,,,,,,,,,,,,
2019-09-03,,,21.433088235294118,194.83823529411765,21.67904411764706,23.666985294117648,0.46,3.7746323529411767,0.73,3.6378676470588234,6.0,125.55514705882354,22.51139705882353,1016.1055147058823,,,,,,,,,,,,,,,,
2019-09-04,,,19.858362989323844,227.36654804270464,22.981032028469752,13.132170818505337,0.75,5.297153024911032,1.13,5.142348754448399,4.1,161.66548042704628,23.82846975088968,1013.9886120996441,,,,,,,,,,,,,,,,
2019-09-05,,,8.799645390070921,180.10283687943263,23.792836879432624,12.75450354609929,0.84,6.010283687943263,1.33,5.99468085106383,4.2,218.12056737588654,25.137234042553192,1012.5659574468084,,,,,,,,,,,,,,,,
2019-09-06,,,10.06725352112676,178.01760563380282,24.209330985915493,12.156232394366198,1.28,6.069718309859155,2.08,6.068661971830986,7.7,84.83450704225352,25.844718309859154,1009.7852112676056,,,,,,,,,,,,,,,,
2019-09-07,,,14.647857142857141,137.26071428571427,24.734321428571427,11.49832142857143,4.06,8.66357142857143,5.77,8.846428571428572,13.1,167.2642857142857,26.17142857142857,1004.6278571428571,,,,,,,,,,,,,,,,
2019-09-08,,,14.166192170818505,110.65480427046263,22.994021352313165,11.618718861209965,1.01,6.78896797153025,1.52,6.868327402135232,4.8,203.42348754448398,24.502846975088968,1007.9953736654804,,,,,,,,,,,,,,,,
2019-09-09,,,15.47883211678832,155.04014598540147,22.791021897810218,11.500109489051095,0.85,6.552919708029197,1.42,6.682481751824818,2.4,200.94525547445255,25.665328467153284,1010.1178832116788,,,,,,,,,,,,,,,,
2019-09-10,,,10.93309090909091,200.3890909090909,22.42083636363636,11.242727272727272,1.19,5.920363636363636,1.7,5.950909090909091,6.7,209.95636363636365,24.708,1012.9825454545455,,,,,,,,,,,,,,,,
2019-09-11,,,21.997153024911032,206.66903914590748,20.94252669039146,11.163665480427046,0.86,4.59645390070922,1.27,4.648936170212766,10.4,67.86879432624113,23.21276595744681,1014.9829787234042,,,,,,,,,,,,,,,,
2019-09-12,,,22.03942652329749,163.98566308243727,22.66336917562724,10.655089605734767,1.94,5.959856630824373,2.67,5.949820788530466,10.6,84.72043010752688,22.70752688172043,1016.4759856630824,,,,,,,,,,,,,,,,
2019-09-13,,,17.889818181818182,153.24727272727273,23.353018181818182,10.480981818181817,1.55,6.026545454545454,2.34,5.954545454545454,10.4,131.57818181818183,22.753818181818183,1013.5025454545455,,,,,,,,,,,,,,,,
2019-09-14,,,16.93879003558719,108.48754448398577,23.535943060498223,10.37355871886121,1.05,5.871174377224199,1.57,5.752669039145908,5.8,226.711743772242,23.133807829181496,1011.0366548042704,,,,,,,,,,,,,,,,
2019-09-15,,,19.664516129032258,124.33333333333333,23.735770609318994,10.399749103942654,0.93,4.9544802867383515,1.46,4.867383512544803,10.6,154.45878136200716,23.736200716845875,1010.047670250896,,,,,,,,,,,,,,,,
2019-09-16,,,16.279636363636364,184.66181818181818,24.139636363636363,10.091818181818182,1.05,5.274181818181819,1.79,5.247636363636364,11.6,173.1818181818182,22.555272727272726,1010.0669090909091,,,,,,,,,,,,,,,,
2019-09-17,,,16.617948717948718,175.1135531135531,23.786630036630036,9.920989010989011,1.59,6.6560439560439555,2.33,6.626739926739926,12.2,109.04395604395604,22.457509157509158,1013.6340659340658,,,,,,,,,,,,,,,,
2019-09-18,,,15.0028880866426,143.1624548736462,23.860830324909745,9.895198555956679,1.38,6.27725631768953,1.75,6.191335740072202,9.4,173.70036101083033,22.73537906137184,1014.4563176895308,,,,,,,,,,,,,,,,
2019-09-19,,,14.262318840579711,174.7173913043478,23.832427536231883,9.760144927536233,1.75,5.957246376811594,2.46,5.9021739130434785,10.9,103.8768115942029,21.618840579710145,1017.5434782608696,,,,,,,,,,,,,,,,
2019-09-20,,,12.512132352941178,177.3014705882353,23.786323529411764,9.781286764705882,2.23,6.012132352941176,3.14,5.832720588235294,10.8,108.22426470588235,21.73235294117647,1016.5367647058823,,,,,,,,,,,,,,,,
2019-09-21,,,11.58201438848921,225.17985611510792,23.504460431654675,9.779244604316547,3.06,6.723381294964028,4.44,6.618705035971223,15.5,78.12949640287769,20.29568345323741,1017.5787769784173,,,,,,,,,,,,,,,,
2019-09-22,,,35.96775362318841,233.53623188405797,23.136159420289854,9.413840579710143,5.0,9.807246376811595,6.96,9.58876811594203,20.1,38.18115942028985,19.467391304347824,1006.6413043478261,,,,,,,,,,,,,,,,
2019-09-23,,,19.1507299270073,151.1094890510949,22.742591240875914,9.101496350364963,5.78,10.322545454545454,8.61,10.234545454545454,14.5,195.94181818181818,19.394545454545455,1011.6923636363637,,,,,,,,,,,,,,,,
2019-09-24,,,12.83971119133574,186.42960288808663,22.708916967509026,9.297111913357401,2.23,9.562815884476535,3.0,9.333935018050541,5.6,228.67870036101084,19.3057761732852,1017.8194945848376,,,,,,,,,,,,,,,,
2019-09-25,,,13.403249097472923,150.71480144404333,22.700794223826716,9.433826714801445,1.15,7.16115107913669,2.02,7.140287769784172,8.2,168.84172661870502,20.238129496402877,1021.4388489208633,,,,,,,,,,,,,,,,
2019-09-26,,,12.692565055762083,174.81784386617102,22.920594795539035,9.4917843866171,1.01,5.256296296296297,1.71,5.177777777777778,8.7,120.51481481481481,22.226296296296297,1023.372962962963,,,,,,,,,,,,,,,,
2019-09-27,,,12.086940298507463,164.9402985074627,23.06634328358209,9.409253731343282,0.87,4.924253731343284,1.52,4.872761194029851,7.0,73.17910447761194,22.190298507462686,1022.4567164179106,,,,,,,,,,,,,,,,
2019-09-28,,,11.684671532846714,160.85766423357666,22.948795620437956,9.071131386861314,0.67,4.394525547445255,1.13,4.293795620437956,5.6,167.75182481751824,22.253649635036496,1018.365693430657,,,,,,,,,,,,,,,,
2019-09-29,,,11.207246376811593,167.3913043478261,23.027065217391304,8.741050724637683,0.4,3.829241877256318,0.61,3.7382671480144403,4.3,225.40794223826714,23.207220216606498,1015.6241877256318,,,,,,,,,,,,,,,,
2019-09-30,,,10.422932330827068,140.6766917293233,22.986052631578946,8.807368421052633,0.31,3.5706766917293233,0.48,3.5150375939849625,6.0,224.703007518797,23.27894736842105,1016.3473684210527,,,,,,,,,,,,,,,,
2019-10-01,,,10.998175182481752,153.6824817518248,22.32419708029197,8.86682481751825,0.3,4.842335766423357,0.47,5.324817518248175,4.2,242.1058394160584,22.57007299270073,1018.4682481751825,,,,,,,,,,,,,,,,
2019-10-02,,,10.639194139194139,168.2014652014652,22.482417582417582,8.7492673992674,4.01,9.004029304029304,5.51,10.194139194139193,16.1,103.10622710622711,23.051648351648353,1011.6157509157508,,,,,,,,,,,,,,,,
2019-10-03,,,12.095571955719558,120.68265682656826,21.943800738007383,8.792177121771218,4.19,7.770479704797049,6.53,7.69889298892989,17.3,250.2509225092251,24.20036900369004,1002.7974169741697,,,,,,,,,,,,,,,,
2019-10-04,,,6.455185185185186,198.92222222222222,21.065592592592594,9.122370370370371,0.84,7.057037037037038,1.22,7.377777777777778,5.0,182.0888888888889,21.634814814814813,1013.0481481481481,,,,,,,,,,,,,,,,
2019-10-05,,,7.944964028776978,214.068345323741,21.447949640287767,9.332949640287769,1.33,8.300719424460432,1.85,9.124460431654676,11.5,155.10071942446044,21.320503597122304,1014.6431654676259,,,,,,,,,,,,,,,,
2019-10-06,,,10.522382671480143,193.0,21.587581227436825,9.364657039711192,1.37,7.487003610108304,2.19,7.787364620938628,11.6,91.80505415162455,18.736462093862816,1022.7036101083033,,,,,,,,,,,,,,,,
2019-10-07,,,9.838113207547169,135.03396226415094,21.461509433962267,9.461169811320755,1.15,6.978195488721805,1.75,7.000375939849624,6.7,246.21804511278197,18.46766917293233,1017.4214285714285,,,,,,,,,,,,,,,,
2019-10-08,,,9.891851851851852,176.3,21.958259259259258,9.616296296296296,0.75,5.779999999999999,1.04,5.85,7.0,272.8333333333333,19.565555555555555,1015.7240740740741,,,,,,,,,,,,,,,,
2019-10-09,,,10.28233082706767,186.25563909774436,22.122180451127818,9.783646616541352,0.55,5.62593984962406,0.82,5.635338345864661,6.4,253.50375939849624,17.616917293233083,1018.1477443609023,,,,,,,,,,,,,,,,
2019-10-10,,,9.639179104477613,190.73507462686567,22.419179104477614,9.806902985074627,0.46,5.27276119402985,0.66,5.375,5.0,273.1529850746269,18.95149253731343,1014.9473880597016,,,,,,,,,,,,,,,,
2019-10-11,,,10.060377358490566,210.50566037735848,22.411849056603774,9.556867924528303,1.21,4.735849056603773,2.13,4.75433962264151,12.9,154.49056603773585,20.365283018867924,1012.8422641509435,,,,,,,,,,,,,,,,
2019-10-12,,,8.706985294117647,153.1139705882353,22.17860294117647,9.237647058823528,3.34,8.123897058823529,4.82,8.185661764705882,16.9,24.801470588235293,20.519485294117647,1013.0573529411764,,,,,,,,,,,,,,,,
2019-10-13,,,9.789705882352942,150.41544117647058,22.00279411764706,9.399338235294117,3.58,10.592647058823529,4.6,10.564338235294118,12.4,68.66911764705883,18.398529411764706,1021.0536764705881,,,,,,,,,,,,,,,,
2019-10-14,,,10.58188679245283,201.75471698113208,22.117056603773587,9.885509433962264,2.16,8.563157894736843,3.08,8.592105263157896,6.8,262.1390977443609,18.16766917293233,1022.7398496240601,,,,,,,,,,,,,,,,
2019-10-15,,,11.697407407407407,149.90740740740742,21.91185185185185,9.645407407407408,2.28,7.124074074074074,3.48,7.152222222222222,13.5,100.31851851851852,16.793333333333333,1027.2218518518519,,,,,,,,,,,,,,,,
2019-10-16,,,12.542857142857143,194.10902255639098,21.40424812030075,9.138082706766918,1.21,5.873684210526316,2.12,5.787593984962406,5.3,240.1954887218045,15.809398496240602,1025.716917293233,,,,,,,,,,,,,,,,
2019-10-17,,,13.02089552238806,171.67164179104478,21.49097014925373,9.21813432835821,1.27,4.989591078066915,2.05,4.949814126394052,10.1,103.8364312267658,17.695167286245354,1023.550185873606,,,,,,,,,,,,,,,,
2019-10-18,,,11.264750957854405,162.17624521072796,21.55536398467433,9.939885057471264,2.41,6.880076628352491,3.69,6.814176245210728,12.2,57.22222222222222,18.35287356321839,1019.9842911877396,,,,,,,,,,,,,,,,
2019-10-19,,,11.971217712177122,150.52767527675277,21.56690036900369,9.649151291512915,2.07,7.4029520295202955,3.0,7.2380073800738005,8.8,97.2140221402214,18.871586715867156,1018.7756457564576,,,,,,,,,,,,,,,,
2019-10-20,,,11.966544117647059,196.25,21.593308823529412,10.099191176470589,1.09,5.898161764705883,1.55,5.821691176470588,5.7,191.625,18.550367647058824,1020.74375,,,,,,,,,,,,,,,,
2019-10-21,,,12.195880149812735,167.82771535580525,21.505842696629216,10.23310861423221,1.78,5.546441947565543,2.53,5.450936329588015,10.6,90.89513108614233,18.88239700374532,1017.3460674157304,,,,,,,,,,,,,,,,
2019-10-22,,,10.831716417910448,178.44402985074626,21.62436567164179,9.913358208955225,1.64,6.253358208955224,3.03,6.1809701492537314,8.7,64.70522388059702,19.10597014925373,1016.5011194029851,,,,,,,,,,,,,,,,
2019-10-23,,,11.546641791044776,171.6492537313433,21.45955223880597,9.40936567164179,1.77,5.952611940298508,2.5,5.878731343283582,11.7,132.1082089552239,19.244776119402985,1017.4940298507463,,,,,,,,,,,,,,,,
2019-10-24,,,11.832824427480915,167.3740458015267,21.32671755725191,9.228435114503817,1.58,6.0683206106870236,2.65,5.942748091603053,9.6,106.80916030534351,18.581679389312974,1016.2408396946564,,,,,,,,,,,,,,,,
2019-10-25,,,12.043726235741445,198.9277566539924,21.204866920152092,9.328403041825094,1.39,6.560456273764259,2.03,6.447908745247148,11.2,193.31178707224333,19.458935361216728,1015.209505703422,,,,,,,,,,,,,,,,
2019-10-26,,,14.634328358208956,193.59701492537314,21.42660447761194,9.37455223880597,0.79,5.996641791044776,1.11,5.93544776119403,6.1,222.98134328358208,18.31082089552239,1015.0559701492538,,,,,,,,,,,,,,,,
2019-10-27,,,18.498449612403103,224.03875968992247,20.857093023255814,9.356860465116279,0.92,6.8465116279069775,1.45,6.757751937984496,5.1,261.4186046511628,14.220930232558139,1017.2918604651162,,,,,,,,,,,,,,,,
2019-10-28,,,17.099621212121214,188.7159090909091,20.370265151515152,9.439469696969697,0.66,5.418490566037736,1.04,5.490566037735849,9.3,264.6943396226415,15.024905660377359,1016.6705660377359,,,,,,,,,,,,,,,,
2019-10-29,,,16.67818181818182,149.66181818181818,20.144181818181817,9.822145454545455,0.46,3.812274368231047,0.8,3.700361010830325,7.3,265.0902527075812,17.08231046931408,1014.6971119133573,,,,,,,,,,,,,,,,
2019-10-30,,,17.535,187.69615384615383,19.913,9.936538461538461,0.36,4.504230769230769,0.58,4.520384615384615,4.5,271.7692307692308,14.773461538461538,1019.4942307692307,,,,,,,,,,,,,,,,
2019-10-31,,,18.79296875,178.07421875,19.487578125,9.9678515625,0.4,4.271484375,0.77,4.21484375,7.3,259.34765625,16.26875,1019.616796875,,,,,,,,,,,,,,,,
2019-11-01,,,17.663909774436092,158.65413533834587,19.429736842105264,9.970112781954889,0.55,4.05827067669173,0.96,4.041353383458647,6.6,218.2406015037594,17.072932330827065,1020.6357142857142,,,,,,,,,,,,,,,,
2019-11-02,,,16.395864661654137,171.89473684210526,19.60800751879699,9.928308270676691,0.81,5.104511278195488,1.24,5.036466165413534,5.0,182.61278195488723,17.46954887218045,1019.9902255639099,,,,,,,,,,,,,,,,
2019-11-03,,,17.669811320754718,154.04528301886793,19.760490566037735,9.887283018867924,0.86,4.911698113207547,1.3,4.918867924528302,9.4,216.011320754717,16.793584905660378,1018.1290566037736,,,,,,,,,,,,,,,,
2019-11-04,,,19.21123595505618,184.42322097378278,20.271123595505617,9.646629213483147,1.2,5.98501872659176,1.89,6.002247191011236,8.3,106.55805243445693,14.994756554307116,1021.6782771535579,,,,,,,,,,,,,,,,
2019-11-05,,,20.63932584269663,171.5880149812734,20.17,9.58438202247191,0.7,5.5902621722846435,1.01,5.784644194756554,6.2,280.4456928838951,14.836704119850188,1018.3902621722847,,,,,,,,,,,,,,,,
2019-11-06,,,21.005243445692884,202.02621722846442,19.81265917602996,9.58940074906367,0.4,5.685393258426966,0.65,5.737827715355805,6.7,260.3071161048689,15.317228464419475,1015.6797752808989,,,,,,,,,,,,,,,,
2019-11-07,,,20.514068441064637,231.9125475285171,19.875703422053235,9.570570342205324,0.43,5.757414448669202,0.65,5.9543726235741445,7.2,242.79467680608366,15.621292775665397,1014.9653992395438,,,,,,,,,,,,,,,,
2019-11-08,,,22.90959409594096,215.94464944649445,19.5049815498155,9.38509225092251,1.11,7.031734317343173,1.57,7.020295202952029,5.9,254.9040590405904,14.216236162361623,1018.0461254612546,,,,,,,,,,,,,,,,
2019-11-09,,,22.209230769230768,244.9269230769231,19.72703846153846,9.567269230769229,0.92,5.617307692307692,1.19,5.620384615384615,6.4,276.9653846153846,14.145,1019.2026923076924,,,,,,,,,,,,,,,,
2019-11-10,,,22.83320610687023,206.49236641221373,19.18374045801527,9.680572519083968,1.75,5.8381679389312975,2.49,5.790076335877862,17.5,265.1793893129771,15.190076335877864,1013.2847328244274,,,,,,,,,,,,,,,,
2019-11-11,,,22.595471698113208,163.0943396226415,18.986943396226415,9.41766037735849,1.38,6.087547169811321,2.05,6.055471698113208,11.2,274.63396226415097,15.429433962264152,1009.4830188679246,,,,,,,,,,,,,,,,
2019-11-12,,,23.895833333333332,244.2840909090909,19.064810606060604,9.632007575757575,0.58,5.782954545454546,1.01,5.706439393939394,5.7,266.7916666666667,13.979545454545454,1019.3844696969697,,,,,,,,,,,,,,,,
2019-11-13,,,22.30115384615385,189.95,19.001038461538464,9.826923076923077,0.92,5.258846153846154,1.5,5.315384615384615,9.2,277.5846153846154,14.607692307692307,1016.7076923076924,,,,,,,,,,,,,,,,
2019-11-14,,,21.31685393258427,227.73033707865167,18.29438202247191,9.709513108614232,0.52,6.225842696629213,0.87,6.295880149812734,10.2,244.31460674157304,9.088014981273409,1021.2520599250936,,,,,,,,,,,,,,,,
2019-11-15,,,21.755426356589147,168.36046511627907,17.954108527131783,9.706007751937985,0.65,5.804263565891473,1.03,5.950387596899225,9.1,248.8217054263566,12.182945736434108,1019.9782945736436,,,,,,,,,,,,,,,,
2019-11-16,,,22.779766536964978,164.94163424124514,17.547937743190662,9.815136186770427,0.65,3.6743190661478597,1.01,3.611284046692607,8.9,258.26070038910507,15.242412451361869,1019.5416342412452,,,,,,,,,,,,,,,,
2019-11-17,,,23.625190839694657,194.15267175572518,17.413320610687023,10.117824427480915,1.63,4.731178707224334,2.42,4.841825095057034,11.2,225.18250950570342,16.530798479087455,1019.7676806083651,,,,,,,,,,,,,,,,
2019-11-18,,,20.51921568627451,121.07058823529412,17.33756862745098,10.09043137254902,2.5,6.393725490196079,3.76,6.294117647058823,15.2,271.9372549019608,15.123529411764705,1014.1678431372549,,,,,,,,,,,,,,,,
2019-11-19,,,14.718039215686273,138.10588235294117,16.8461568627451,10.136,0.51,6.092941176470588,0.7,6.152941176470589,9.2,269.9019607843137,7.840392156862745,1022.843137254902,,,,,,,,,,,,,,,,
2019-11-20,,,19.075984251968503,187.9291338582677,16.57342519685039,10.265826771653543,0.67,6.666535433070866,1.04,6.959842519685039,7.6,241.56692913385828,7.083070866141732,1028.8228346456692,,,,,,,,,,,,,,,,
2019-11-21,,,20.666666666666668,169.17670682730923,16.502771084337347,9.87578313253012,0.75,6.3664,1.17,6.4736,7.6,198.66,10.5892,1030.7808,,,,,,,,,,,,,,,,
2019-11-22,,,22.635573122529646,168.57707509881422,16.50913043478261,23.673517786561263,0.82,5.8786561264822135,1.32,5.762845849802371,7.7,170.21343873517787,14.40790513833992,1027.1727272727273,,,,,,,,,,,,,,,,
2019-11-23,,,21.2125,129.53125,16.8483203125,33.5519140625,0.9,5.148828125,1.52,5.02734375,6.5,215.6015625,15.255859375,1024.0734375,,,,,,,,,,,,,,,,
2019-11-24,,,19.468924302788842,182.5019920318725,17.584701195219125,33.655537848605576,0.81,5.27410358565737,1.47,5.181274900398407,5.8,280.41434262948206,17.1203187250996,1017.7693227091634,,,,,,,,,,,,,,,,
2019-11-25,,,31.717959183673468,176.71020408163264,17.297102040816327,33.73273469387755,2.24,6.192244897959183,3.28,6.4346938775510205,12.2,126.95510204081633,12.239591836734693,1024.3832653061224,,,,,,,,,,,,,,,,
2019-11-26,,,21.973046875,159.234375,17.6886328125,33.84828125,2.45,7.11796875,3.17,7.0546875,9.5,117.1171875,11.93984375,1028.454296875,,,,,,,,,,,,,,,,
2019-11-27,,,28.44412955465587,170.76518218623482,17.785587044534413,33.863157894736844,0.95,5.834008097165992,1.5,5.823886639676114,9.1,194.4493927125506,11.109311740890687,1024.357085020243,,,,,,,,,,,,,,,,
2019-11-28,,,25.36614785992218,163.9727626459144,17.260544747081713,33.80824902723735,2.63,7.428015564202335,3.59,7.476264591439689,11.0,137.87548638132296,9.368093385214008,1026.5194552529183,,,,,,,,,,,,,,,,
2019-11-29,,,23.263673469387758,164.52244897959184,17.304081632653062,33.81012244897959,1.51,6.704878048780488,2.05,6.717479674796748,6.6,249.9308943089431,9.244715447154471,1028.5361788617886,,,,,,,,,,,,,,,,
2019-11-30,,,31.705533596837945,131.2608695652174,17.29905138339921,33.838774703557306,1.66,6.271541501976285,2.42,6.219367588932807,8.2,235.23320158102766,11.84387351778656,1027.3592885375494,,,,,,,,,,,,,,,,
2019-12-01,,,20.89156626506024,183.5421686746988,17.285020080321285,33.809759036144584,0.62,5.083600000000001,1.06,5.008,10.0,175.488,10.244399999999999,1019.934,,,,,,,,,,,,,,,,
2019-12-02,,,15.854918032786886,164.77459016393442,16.84016393442623,33.623688524590165,0.63,5.925,1.04,5.870081967213115,10.0,258.5163934426229,8.407786885245901,1017.4852459016394,,,,,,,,,,,,,,,,
2019-12-03,,,15.62392156862745,163.9607843137255,15.859372549019607,33.31756862745098,0.75,6.36796875,1.15,6.527734375,9.5,239.62109375,5.97265625,1025.000390625,,,,,,,,,,,,,,,,
2019-12-04,,,10.923046875,185.36328125,15.906953125,33.03375,0.46,6.407421875,0.74,6.630859375,6.5,288.7890625,8.137109375,1027.61328125,,,,,,,,,,,,,,,,
2019-12-05,,,8.637051792828686,200.9003984063745,15.763824701195219,32.667091633466136,0.52,6.561354581673307,0.8,6.745019920318725,11.4,259.59362549800795,6.233466135458167,1031.3509960159363,,,,,,,,,,,,,,,,
2019-12-06,,,22.590283400809717,82.5910931174089,16.455222672064778,32.250485829959516,1.21,7.411336032388664,1.72,7.421052631578948,8.9,309.748987854251,2.410121457489878,1032.0331983805668,,,,,,,,,,,,,,,,
2019-12-07,,,9.913385826771654,138.05905511811022,16.99303149606299,31.73740157480315,0.83,7.009055118110236,1.16,7.300393700787401,5.9,276.11417322834643,4.330708661417323,1027.5669291338584,,,,,,,,,,,,,,,,
2019-12-08,,,12.756390977443608,133.5375939849624,16.96045112781955,31.441278195488717,0.37,5.8752808988764045,0.59,6.102996254681648,5.1,287.94007490636704,6.677528089887641,1026.676404494382,,,,,,,,,,,,,,,,
2019-12-09,,,15.011507936507936,136.13888888888889,16.416785714285712,31.278333333333336,0.41,5.567857142857142,0.65,5.815476190476191,5.6,250.25,8.549603174603174,1023.9015873015874,,,,,,,,,,,,,,,,
2019-12-10,,,17.031451612903226,125.53225806451613,16.161290322580644,30.97770161290323,0.33,3.7532258064516126,0.53,3.600806451612903,9.6,241.36290322580646,12.67741935483871,1020.6620967741936,,,,,,,,,,,,,,,,
2019-12-11,,,20.369960474308304,140.4584980237154,16.017549407114625,30.556877470355733,0.68,3.828853754940712,1.07,3.7371541501976284,9.4,250.81422924901185,13.877865612648222,1015.5296442687747,,,,,,,,,,,,,,,,
2019-12-12,,,21.191769547325105,161.81893004115227,15.840205761316872,30.7180658436214,0.92,6.421810699588478,1.44,6.329218106995885,9.6,253.0493827160494,6.470781893004116,1025.7345679012346,,,,,,,,,,,,,,,,
2019-12-13,,,23.095081967213115,156.63934426229508,15.841024590163935,30.53831967213115,0.64,6.89016393442623,0.99,7.473360655737705,7.9,280.09016393442624,7.2536885245901646,1026.3344262295082,,,,,,,,,,,,,,,,
2019-12-14,,,21.73786008230453,151.96296296296296,15.744485596707818,30.257201646090536,0.76,4.807377049180328,1.31,4.829918032786885,8.0,233.35245901639345,10.067213114754098,1025.2409836065574,,,,,,,,,,,,,,,,
2019-12-15,,,24.95744680851064,121.00851063829788,15.59212765957447,29.964170212765957,1.18,5.925106382978724,1.78,5.777872340425532,8.6,135.9063829787234,9.792340425531915,1029.0348936170212,,,,,,,,,,,,,,,,
2019-12-16,,,25.748333333333335,148.73333333333332,15.756916666666665,29.600416666666668,0.76,6.1658333333333335,1.27,6.220833333333333,4.8,255.8375,10.95,1023.5370833333333,,,,,,,,,,,,,,,,
2019-12-17,,,21.724050632911393,144.47679324894514,16.078818565400844,29.358945147679325,0.6,4.959071729957806,0.94,4.874261603375528,7.0,237.8523206751055,14.251898734177214,1014.2443037974683,,,,,,,,,,,,,,,,
2019-12-18,,,20.535714285714285,190.83193277310923,16.01731092436975,29.242100840336136,1.01,6.2365546218487395,1.43,6.19327731092437,8.5,217.609243697479,11.78109243697479,1018.5260504201681,,,,,,,,,,,,,,,,
2019-12-19,,,15.010699588477365,187.23045267489712,15.920041152263375,29.136049382716052,1.01,6.705349794238684,1.47,6.526748971193416,6.4,190.61316872427983,8.722633744855967,1020.8,,,,,,,,,,,,,,,,
2019-12-20,,,12.290869565217392,184.41739130434783,15.772043478260871,29.01726086956522,0.63,6.797391304347826,1.07,6.926086956521739,6.8,221.69130434782608,6.121304347826087,1027.2956521739131,,,,,,,,,,,,,,,,
2019-12-21,,,14.49549180327869,184.4016393442623,15.666967213114754,28.907049180327867,0.71,6.898770491803279,0.99,7.163934426229508,6.0,247.89754098360655,5.8786885245901646,1026.5262295081966,,,,,,,,,,,,,,,,
2019-12-22,,,12.47622950819672,158.89344262295083,15.455327868852459,28.774631147540983,0.42,5.082857142857143,0.69,5.073469387755102,7.9,273.6734693877551,7.8244897959183675,1020.0591836734694,,,,,,,,,,,,,,,,
2019-12-23,,,17.849350649350647,155.7792207792208,15.325238095238095,28.654675324675324,0.39,5.168398268398269,0.62,5.282683982683983,7.2,293.0779220779221,9.604761904761904,1019.591341991342,,,,,,,,,,,,,,,,
2019-12-24,,,26.35042372881356,101.67372881355932,15.099661016949153,28.656779661016948,1.18,6.320338983050847,1.88,6.27542372881356,6.7,232.09745762711864,8.714406779661017,1024.7237288135593,,,,,,,,,,,,,,,,
2019-12-25,,,24.854852320675107,99.41772151898734,14.860801687763715,28.511223628691983,1.19,6.440506329113925,1.7,6.324894514767933,6.9,261.9324894514768,11.164978902953585,1021.5227848101266,,,,,,,,,,,,,,,,
2019-12-26,,,28.458189655172415,107.53879310344827,15.110948275862068,28.34202586206897,0.62,5.138793103448276,1.06,5.0969827586206895,10.4,257.32758620689657,10.043103448275861,1012.9499999999999,,,,,,,,,,,,,,,,
2019-12-27,,,37.93175965665236,102.11587982832619,15.219141630901287,28.22480686695279,1.41,7.202575107296138,2.3,7.184549356223176,9.1,272.3390557939914,5.536051502145924,1020.9540772532189,,,,,,,,,,,,,,,,
2019-12-28,,,29.008474576271187,98.77966101694915,15.92199152542373,28.138389830508473,1.3,8.122881355932204,2.04,7.9576271186440675,6.3,231.5635593220339,5.005508474576271,1027.781779661017,,,,,,,,,,,,,,,,
2019-12-29,,,20.37061224489796,158.3469387755102,15.672448979591836,27.837755102040816,0.88,6.917886178861789,1.32,6.973577235772358,5.9,293.4593495934959,7.766666666666667,1026.2772357723577,,,,,,,,,,,,,,,,
2019-12-30,,,21.813502109704643,188.72573839662448,15.694303797468356,27.803291139240507,1.02,5.5139240506329115,1.62,5.405063291139241,6.5,286.957805907173,11.575527426160338,1019.6822784810128,,,,,,,,,,,,,,,,
2019-12-31,,,15.342857142857142,174.47058823529412,15.197899159663866,27.773991596638655,0.8,6.817647058823529,1.19,6.90546218487395,8.9,239.23529411764707,2.399159663865546,1028.159243697479,,,,,,,,,,,,,,,,
2020-01-01,,,7.146808510638297,159.89361702127658,12.75531914893617,32.5531914893617,,,,,,,,,,,,12.657446808510638,139.91489361702128,14.910638297872339,27.79148936170213,0.7,,1.1,,5.9,270.3191489361702,3.7531914893617024,1029.2978723404256,
2020-01-02,,,6.154166666666666,146.91666666666666,12.6,32.5,,,,,,,,,,,,18.508695652173913,126.8695652173913,15.056521739130435,27.882608695652173,0.4,,0.6,,8.4,280.10869565217394,5.565217391304348,1026.9782608695652,
2020-01-03,,,6.704166666666667,141.58333333333334,12.472916666666668,32.425,,,,,,,,,,,,22.89767441860465,105.06976744186046,15.546511627906977,28.21627906976744,0.4,,0.7,,9.0,282.9767441860465,8.213953488372093,1023.5558139534884,
2020-01-04,,,4.833333333333333,178.75,12.34375,32.4,,,,,,,,,,,,14.204347826086956,126.8913043478261,15.202173913043477,28.26086956521739,0.4,,0.7,,9.7,251.80434782608697,7.373913043478261,1023.0043478260869,
2020-01-05,,,5.229787234042553,140.40425531914894,12.253191489361702,32.33617021276596,,,,,,,,,,,,27.37826086956522,65.17391304347827,15.165217391304349,28.39782608695652,1.0,,1.6,,6.2,263.8478260869565,7.856521739130434,1028.695652173913,
2020-01-06,,,5.291666666666667,130.47916666666666,12.372916666666667,32.322916666666664,,,,,,,,,,,,16.112765957446808,73.82978723404256,15.253191489361702,28.717021276595744,0.8,,1.4,,4.8,253.5744680851064,9.161702127659575,1026.868085106383,
2020-01-07,,,8.216666666666667,134.91666666666666,12.5375,32.225,,,,,,,,,,,,22.280434782608697,169.04347826086956,15.267391304347825,29.019565217391307,2.5,,3.6,,15.7,215.41304347826087,14.858695652173912,1012.5673913043478,
2020-01-08,,,7.4543478260869565,171.6304347826087,12.508695652173913,32.05,,,,,,,,,,,,16.56222222222222,129.86666666666667,14.504444444444445,29.395555555555553,2.1,,3.4,,13.2,272.26666666666665,10.782222222222222,1010.3977777777778,
2020-01-09,,,10.270833333333334,166.5625,12.685416666666667,31.974999999999998,,,,,,,,,,,,31.438636363636363,74.0909090909091,15.234090909090908,29.75,2.2,,2.8,,9.1,272.6363636363636,7.195454545454546,1019.9545454545455,
2020-01-10,,,11.125,205.39583333333334,12.804166666666667,31.870833333333334,,,,,,,,,,,,27.104255319148937,97.1063829787234,15.187234042553191,29.663829787234043,1.5,,1.9,,5.2,268.1914893617021,6.702127659574468,1021.1744680851064,
2020-01-11,,,12.450000000000001,207.39583333333334,12.9125,31.833333333333332,,,,,,,,,,,,22.930434782608696,155.7608695652174,15.299999999999999,29.593478260869563,0.6,,1.0,,6.0,206.08695652173913,7.178260869565217,1017.195652173913,
2020-01-12,,,12.017021276595743,190.38297872340425,12.98936170212766,31.74468085106383,,,,,,,,,,,,24.700000000000003,174.0212765957447,15.236170212765957,29.20851063829787,0.4,,0.7,,9.3,248.36170212765958,6.497872340425531,1014.4659574468085,
2020-01-13,,,10.918750000000001,186.875,12.960416666666667,31.66875,,,,,,,,,,,,24.05,178.97916666666666,15.022916666666667,29.318749999999998,0.6,,1.0,,10.3,275.9166666666667,4.920833333333333,1019.81875,
2020-01-14,,,10.091666666666667,205.125,12.914583333333333,31.58541666666667,,,,,,,,,,,,22.634090909090908,148.1590909090909,14.765909090909092,30.056818181818183,0.4,,0.7,,7.3,223.0222222222222,4.295555555555556,1023.1644444444445,
2020-01-15,,,10.277083333333334,197.54166666666666,12.799999999999999,31.472916666666666,,,,,,,,,,,,20.651063829787233,156.53191489361703,14.591489361702127,30.387234042553192,1.1,,1.6,,6.6,276.531914893617,4.002127659574468,1025.4914893617022,
2020-01-16,,,11.876086956521737,197.54347826086956,12.730434782608697,31.367391304347823,,,,,,,,,,,,17.508695652173913,158.47826086956522,14.467391304347826,30.619565217391305,0.8,,1.2,,6.6,275.7608695652174,4.589130434782609,1024.295652173913,
2020-01-17,,,7.923404255319149,167.63829787234042,12.648936170212766,31.248936170212765,,,,,,,,,,,,14.082608695652173,168.7173913043478,14.378260869565217,30.48913043478261,0.5,,0.8,,5.7,216.56521739130434,7.406521739130435,1020.1565217391304,
2020-01-18,,,5.576086956521739,155.80434782608697,12.521739130434783,31.11304347826087,,,,,,,,,,,,12.319148936170214,166.27659574468086,14.25744680851064,30.746808510638296,1.7,,2.8,,9.7,162.17021276595744,6.770212765957447,1017.9510638297871,
2020-01-19,,,5.420833333333333,98.6875,12.439583333333333,30.995833333333334,,,,,,,,,,,,12.26304347826087,136.2391304347826,14.13695652173913,30.72391304347826,0.8,,1.2,,7.1,286.9782608695652,6.478260869565218,1017.8086956521738,
2020-01-20,,,6.522916666666667,143.97916666666666,12.40625,30.88333333333333,,,,,,,,,,,,12.806666666666665,130.9777777777778,14.024444444444445,30.322222222222223,0.7,,0.9,,6.4,277.75555555555553,6.655555555555556,1020.6,
2020-01-21,,,8.158333333333333,152.95833333333334,12.314583333333333,30.8125,,,,,,,,,,,,14.95909090909091,102.75,13.8,30.602272727272727,0.5,,0.8,,6.6,226.8695652173913,5.189130434782609,1028.2217391304348,
2020-01-22,,,8.191489361702128,173.91489361702128,12.338297872340425,30.825531914893617,,,,,,,,,,,,21.09565217391304,104.58695652173913,13.860869565217392,30.654347826086955,0.6,,0.9,,7.1,313.0217391304348,8.284782608695652,1024.454347826087,
2020-01-23,,,10.706521739130435,181.82608695652175,12.5,30.786956521739132,,,,,,,,,,,,23.99318181818182,101.20454545454545,14.506818181818181,30.650000000000002,1.1,,1.7,,7.1,260.52272727272725,9.393181818181818,1021.0681818181819,
2020-01-24,,,13.220833333333333,181.70833333333334,12.793750000000001,30.708333333333332,,,,,,,,,,,,19.702272727272728,173.25,14.443181818181818,30.686363636363637,1.4,,1.9,,10.0,150.8409090909091,10.295454545454545,1027.4750000000001,
2020-01-25,,,9.214583333333334,169.72916666666666,13.018749999999999,30.61666666666667,,,,,,,,,,,,20.695652173913043,167.8913043478261,14.347826086956522,30.52608695652174,1.9,,2.8,,10.1,80.73913043478261,10.304347826086957,1028.682608695652,
2020-01-26,,,8.652083333333334,148.60416666666666,13.06875,30.5125,,,,,,,,,,,,23.056818181818183,179.22727272727272,14.456818181818182,30.520454545454548,2.0,,2.8,,13.6,63.54545454545455,10.261363636363637,1025.3,
2020-01-27,,,8.2,160.0,13.0,30.5,,,,,,,,,,,,31.372727272727275,233.4090909090909,14.493181818181819,30.481818181818184,4.8,,7.0,,17.7,56.0,9.48409090909091,1015.3659090909091,
2020-01-28,,,8.783333333333333,197.1875,12.802083333333334,30.40416666666667,,,,,,,,,,,,22.204545454545453,193.88636363636363,14.320454545454545,30.163636363636364,4.9,,6.8,,11.8,74.02272727272727,9.206818181818182,1014.5636363636364,
2020-01-29,,,8.553191489361701,192.53191489361703,12.810638297872341,30.414893617021278,,,,,,,,,,,,19.174358974358974,185.25641025641025,14.307692307692308,30.11794871794872,1.6,,2.7,,9.4,72.35897435897436,8.95897435897436,1014.0564102564102,
2020-01-30,,,8.148936170212766,188.89361702127658,12.763829787234043,30.351063829787233,,,,,,,,,,,,16.11904761904762,191.5,14.342857142857142,30.12857142857143,1.6,,2.3,,9.4,84.5952380952381,7.352380952380953,1013.2761904761904,
2020-01-31,,,6.827083333333333,146.0625,12.783333333333333,30.375,,,,,,,,,,,,,,,,,,,,,,,,
2020-02-01,,,5.039583333333334,147.125,12.152083333333332,30.139583333333334,,,,,,,,,,,,10.68108108108108,168.97297297297297,14.381081081081081,30.056756756756755,1.1,,1.7,,9.1,269.5945945945946,6.951351351351351,1022.5054054054053,
2020-02-02,,,5.608510638297873,163.31914893617022,11.689361702127659,29.906382978723403,,,,,,,,,,,,14.65,131.5,14.35,30.055,1.0,,1.3,,8.7,257.05,7.9275,1023.25,
2020-02-03,,,4.84375,148.58333333333334,11.977083333333333,29.93541666666667,,,,,,,,,,,,8.029411764705882,132.94117647058823,14.602941176470589,30.058823529411764,0.6,,1.0,,5.9,314.79411764705884,6.847058823529412,1023.6058823529411,
2020-02-04,,,4.129787234042553,147.91489361702128,12.310638297872341,29.993617021276595,,,,,,,,,,,,8.607692307692307,147.35897435897436,14.205128205128204,30.171794871794873,0.6,,0.8,,6.6,245.87179487179486,5.851282051282051,1024.1948717948717,
2020-02-05,,,5.512499999999999,188.25,12.25,29.933333333333334,,,,,,,,,,,,8.728947368421052,162.1315789473684,14.039473684210526,30.089473684210528,0.6,,0.8,,8.3,162.94736842105263,2.9631578947368418,1025.9526315789474,
2020-02-06,,,6.15625,151.8125,12.116666666666667,29.770833333333332,,,,,,,,,,,,19.141025641025642,89.61538461538461,14.471794871794872,30.16153846153846,1.1,,1.8,,8.3,225.74358974358975,3.1487179487179486,1030.823076923077,
2020-02-07,,,10.495833333333334,162.6875,12.158333333333333,29.789583333333336,,,,,,,,,,,,18.62,134.31428571428572,14.657142857142857,30.185714285714287,1.0,,1.4,,7.3,254.54285714285714,6.742857142857143,1025.9257142857143,
2020-02-08,,,10.216666666666667,192.52083333333334,12.18125,29.883333333333336,,,,,,,,,,,,22.316666666666666,152.11111111111111,14.516666666666667,30.105555555555554,0.6,,0.9,,7.4,254.19444444444446,5.808333333333334,1023.4527777777779,
2020-02-09,,,10.829787234042554,192.25531914893617,12.138297872340425,29.836170212765957,,,,,,,,,,,,27.9972972972973,87.45945945945945,14.27027027027027,30.0027027027027,1.5,,2.2,,7.6,251.59459459459458,5.621621621621622,1023.118918918919,
2020-02-10,,,12.372340425531915,191.38297872340425,12.146808510638298,29.92127659574468,,,,,,,,,,,,25.271428571428572,147.62857142857143,14.151428571428571,29.859999999999996,0.6,,0.9,,7.3,254.88571428571427,7.517142857142858,1022.5400000000001,
2020-02-11,,,12.972916666666668,193.35416666666666,12.293750000000001,29.847916666666666,,,,,,,,,,,,27.797435897435896,150.71794871794873,13.98205128205128,29.72051282051282,0.7,,1.2,,6.8,226.84615384615384,10.107692307692307,1027.8,
2020-02-12,,,10.408333333333333,186.0,12.404166666666667,29.797916666666666,,,,,,,,,,,,30.475,171.125,13.9575,29.7075,2.3,,3.7,,9.1,234.925,12.6775,1017.2149999999999,
2020-02-13,,,10.327659574468084,186.63829787234042,12.363829787234042,29.663829787234043,,,,,,,,,,,,26.97222222222222,163.47222222222223,14.205555555555556,29.650000000000002,1.3,,1.8,,11.1,237.16666666666666,12.616666666666667,1016.7277777777776,
2020-02-14,,,8.970212765957447,232.7872340425532,12.582978723404254,29.59787234042553,,,,,,,,,,,,23.561764705882354,150.55882352941177,14.655882352941177,29.64117647058824,0.7,,1.3,,4.7,218.76470588235293,12.120588235294118,1019.4823529411765,
2020-02-15,,,7.34375,239.52083333333334,12.670833333333334,29.608333333333334,,,,,,,,,,,,21.155882352941177,183.91176470588235,14.882352941176471,29.75294117647059,0.5,,0.8,,6.2,107.3529411764706,12.823529411764707,1019.3205882352942,
2020-02-16,,,8.73404255319149,144.63829787234042,12.334042553191491,29.593617021276597,,,,,,,,,,,,16.92820512820513,156.64102564102564,14.946153846153846,29.664102564102567,0.9,,1.5,,11.6,274.79487179487177,9.356410256410255,1008.8282051282052,
2020-02-17,,,5.739583333333333,163.10416666666666,11.833333333333334,29.400000000000002,,,,,,,,,,,,11.868571428571428,106.11428571428571,13.74,29.917142857142853,1.1,,1.6,,10.9,292.6857142857143,1.925714285714286,1013.9571428571429,
2020-02-18,,,7.1375,152.29166666666666,11.870833333333332,29.5125,,,,,,,,,,,,21.605882352941176,84.61764705882354,13.508823529411766,29.897058823529413,1.6,,2.4,,7.1,240.85294117647058,2.976470588235294,1023.4529411764706,
2020-02-19,,,5.282608695652174,113.54347826086956,12.141304347826088,29.599999999999998,,,,,,,,,,,,19.26,98.28571428571429,13.285714285714286,29.545714285714283,1.9,,2.4,,3.9,238.37142857142857,6.914285714285715,1027.8485714285714,
2020-02-20,,,7.961702127659574,203.46808510638297,12.161702127659575,29.576595744680848,,,,,,,,,,,,13.917948717948716,160.10256410256412,13.612820512820512,29.833333333333332,0.7,,1.0,,5.0,225.35,9.1325,1032.2675,
2020-02-21,,,9.372916666666667,176.91666666666666,12.289583333333333,29.51875,,,,,,,,,,,,20.36842105263158,139.68421052631578,13.836842105263157,29.928947368421053,0.8,,1.3,,6.0,241.31578947368422,11.221052631578948,1030.4842105263158,
2020-02-22,,,7.319148936170213,184.12765957446808,12.36808510638298,29.5,,,,,,,,,,,,19.51842105263158,145.5,14.044736842105264,29.605263157894736,1.0,,1.5,,11.5,268.0,11.023684210526316,1022.3052631578947,
2020-02-23,,,11.258695652173913,184.3913043478261,12.23913043478261,29.367391304347827,,,,,,,,,,,,19.197560975609758,145.14634146341464,13.653658536585365,29.78048780487805,0.6,,0.8,,10.8,253.97560975609755,7.653658536585366,1027.1878048780486,
2020-02-24,,,10.641666666666667,183.0625,12.285416666666668,29.47083333333333,,,,,,,,,,,,21.281578947368423,160.1578947368421,13.673684210526316,29.76842105263158,0.9,,1.4,,11.3,242.44736842105263,11.621052631578948,1023.1131578947369,
2020-02-25,,,11.395833333333334,189.91666666666666,12.372916666666667,29.485416666666666,,,,,,,,,,,,26.24,183.11111111111111,13.624444444444444,29.91333333333333,1.1,,2.0,,8.4,131.33333333333334,9.524444444444445,1016.7444444444444,
2020-02-26,,,8.51063829787234,183.6595744680851,12.397872340425533,29.621276595744682,,,,,,,,,,,,23.116666666666664,188.6875,13.385416666666666,29.79375,1.1,,1.6,,7.9,33.25,9.69375,1021.1354166666666,
2020-02-27,,,12.7,117.0,12.3,29.9,,,,,,,,,,,,20.21875,181.9375,13.362499999999999,29.672916666666666,1.3,,1.9,,8.9,85.22916666666667,7.166666666666667,1027.8354166666666,
2020-02-28,,,6.53125,216.77083333333334,12.245833333333332,29.65833333333333,,,,,,,,,,,,19.129166666666666,158.5,13.414583333333333,29.547916666666666,0.7,,1.2,,3.9,256.4375,7.360416666666667,1024.1875,
2020-02-29,,,5.129166666666666,217.91666666666666,12.102083333333333,29.570833333333336,,,,,,,,,,,,16.308333333333334,165.89583333333334,13.635416666666666,29.708333333333332,0.8,,1.2,,8.5,129.29166666666666,9.635416666666666,1017.2145833333334,
2020-03-01,,,5.214583333333334,132.60416666666666,12.185416666666667,29.641666666666666,,,,,,,,,,,,14.991666666666667,183.16666666666666,13.71875,29.616666666666664,0.7,,1.0,,5.0,201.77083333333334,10.65625,1017.9875000000001,
2020-03-02,,,5.706382978723404,127.14893617021276,11.938297872340426,29.58936170212766,,,,,,,,,,,,15.5,241.0,13.9,29.6,0.4,,0.6,,2.6,284.0,11.2,1016.5,
2020-03-03,,,3.9458333333333333,212.4375,12.060416666666667,29.5125,,,,,,,,,,,,10.822916666666666,190.04166666666666,13.964583333333332,29.329166666666666,0.9,,1.5,,7.2,92.875,8.918750000000001,1024.54375,
2020-03-04,,,5.876595744680851,154.29787234042553,12.110638297872338,29.523404255319146,,,,,,,,,,,,12.856250000000001,145.08333333333334,14.177083333333334,29.222916666666666,0.9,,1.3,,10.5,287.6666666666667,9.266666666666667,1018.5666666666666,
2020-03-05,,,5.997826086956521,152.91304347826087,11.856521739130434,29.319565217391304,,,,,,,,,,,,10.961702127659576,112.46808510638297,13.591489361702127,29.18723404255319,0.7,,1.1,,8.5,245.10638297872342,5.146808510638298,1022.7744680851064,
2020-03-06,,,5.997916666666666,143.91666666666666,12.022916666666667,29.452083333333334,,,,,,,,,,,,17.066666666666666,115.39583333333333,13.643749999999999,28.9875,1.7,,2.3,,11.4,262.8958333333333,8.152083333333334,1021.4729166666666,
2020-03-07,,,8.146808510638298,191.38297872340425,12.059574468085106,29.427659574468084,,,,,,,,,,,,20.464583333333334,180.77083333333334,13.627083333333333,28.679166666666664,1.0,,1.5,,5.7,248.89583333333334,9.170833333333333,1017.84375,
2020-03-08,,,8.793750000000001,159.75,12.047916666666666,29.429166666666664,,,,,,,,,,,,23.99791666666667,177.02083333333334,13.554166666666667,28.50208333333333,1.2,,1.7,,9.9,169.95833333333334,10.310416666666667,1018.1708333333332,
2020-03-09,,,12.44468085106383,168.10638297872342,12.065957446808511,29.380851063829788,,,,,,,,,,,,26.212500000000002,154.47916666666666,13.477083333333333,28.160416666666666,0.7,,1.0,,8.0,199.27083333333334,11.179166666666667,1014.6583333333333,
2020-03-10,,,11.539583333333333,205.47916666666666,12.052083333333334,29.191666666666666,,,,,,,,,,,,30.445833333333336,153.875,14.004166666666668,28.010416666666668,1.2,,1.9,,7.5,173.0625,11.4625,1003.9458333333333,
2020-03-11,,,10.510416666666666,170.8125,12.089583333333332,29.15625,,,,,,,,,,,,30.74791666666667,140.54166666666666,13.858333333333334,27.75208333333333,0.9,,1.2,,8.5,258.4375,8.785416666666666,1014.55625,
2020-03-12,,,9.31842105263158,177.26315789473685,12.226315789473684,29.150000000000002,,,,,,,,,,,,24.517500000000002,122.7,13.444999999999999,27.4075,1.1,,1.5,,12.8,245.0,9.997499999999999,1021.0899999999999,
2020-03-13,,,10.772916666666667,175.08333333333334,12.38125,29.099999999999998,,,,,,,,,,,,27.90416666666667,152.875,13.504166666666668,26.941666666666666,0.6,,1.0,,7.9,205.08333333333334,11.739583333333334,1018.6875,
2020-03-14,,,9.77659574468085,181.82978723404256,12.374468085106383,28.993617021276595,,,,,,,,,,,,21.568749999999998,152.72916666666666,13.370833333333332,22.383333333333336,0.6,,0.9,,7.6,177.64583333333334,8.829166666666667,1013.7791666666667,
2020-03-15,,,8.331111111111111,174.11111111111111,12.18,28.96222222222222,,,,,,,,,,,,16.943749999999998,146.91666666666666,13.222916666666668,24.854166666666668,0.9,,1.6,,12.6,259.625,8.65,1009.9645833333334,
2020-03-16,,,6.685106382978723,213.80851063829786,12.112765957446808,29.01063829787234,,,,,,,,,,,,11.043750000000001,178.75,12.845833333333333,28.139583333333334,1.4,,2.0,,10.3,230.5,6.935416666666666,1019.7958333333332,
2020-03-17,,,4.652083333333334,151.16666666666666,12.135416666666666,29.01875,,,,,,,,,,,,11.564583333333333,101.45833333333333,12.94375,27.87708333333333,1.7,,2.3,,10.6,233.60416666666666,11.129166666666668,1015.3208333333333,
2020-03-18,,,4.25531914893617,176.36170212765958,12.363829787234042,28.904255319148938,,,,,,,,,,,,15.9,99.79166666666667,13.327083333333334,27.733333333333334,1.7,,2.3,,11.0,246.66666666666666,11.920833333333334,1014.4770833333333,
2020-03-19,,,6.619148936170213,96.8936170212766,12.423404255319149,28.825531914893617,,,,,,,,,,,,18.26875,102.625,12.837499999999999,27.616666666666664,1.9,,2.8,,15.2,241.16666666666666,13.174999999999999,1006.475,
2020-03-20,,,6.504255319148936,221.51063829787233,12.45531914893617,28.768085106382976,,,,,,,,,,,,20.341666666666665,104.77083333333333,12.25,27.474999999999998,1.1,,1.6,,12.3,241.3125,10.891666666666666,1013.3479166666666,
2020-03-21,,,6.508510638297872,168.5531914893617,12.546808510638298,28.689361702127663,,,,,,,,,,,,23.243750000000002,110.5,11.958333333333334,27.25208333333333,1.0,,1.6,,11.7,205.875,13.235416666666666,1012.1687499999999,
2020-03-22,,,11.395555555555555,218.15555555555557,12.76222222222222,28.60888888888889,,,,,,,,,,,,15.189583333333333,153.0625,12.702083333333334,27.349999999999998,1.2,,1.8,,11.6,110.39583333333333,13.039583333333333,1012.0791666666668,
2020-03-23,,,9.225,228.27083333333334,12.727083333333333,28.6375,,,,,,,,,,,,23.993750000000002,97.54166666666667,13.025,27.48125,0.8,,1.2,,11.1,199.39583333333334,11.714583333333332,1015.8458333333333,
2020-03-24,,,9.27872340425532,224.3404255319149,12.751063829787233,28.574468085106382,,,,,,,,,,,,22.208333333333332,158.5,13.497916666666667,27.50208333333333,0.8,,1.2,,5.3,182.625,11.435416666666667,1020.6583333333333,
2020-03-25,,,11.0625,183.89583333333334,12.802083333333334,28.547916666666666,,,,,,,,,,,,26.054166666666664,162.5625,13.745833333333332,27.506249999999998,0.5,,0.9,,6.3,252.5,11.866666666666667,1021.6645833333333,
2020-03-26,,,12.339583333333332,192.66666666666666,12.893749999999999,28.46875,,,,,,,,,,,,27.260416666666668,159.66666666666666,13.597916666666668,27.358333333333334,1.0,,1.5,,4.0,233.47916666666666,13.75625,1017.5666666666666,
2020-03-27,,,10.4,198.5,12.93913043478261,28.48695652173913,,,,,,,,,,,,26.375,164.8125,13.354166666666666,27.075,1.5,,1.9,,10.0,131.02083333333334,13.414583333333333,1010.7291666666666,
2020-03-28,,,5.991489361702128,204.4255319148936,12.838297872340425,28.46382978723404,,,,,,,,,,,,15.854166666666666,170.9375,13.927083333333334,27.133333333333336,1.3,,1.9,,10.2,115.72916666666667,10.025,1018.7729166666667,
2020-03-29,,,1.8,97.0,12.9,28.4,,,,,,,,,,,,19.483333333333334,179.6875,14.125,27.181250000000002,1.6,,2.5,,8.1,131.9375,10.070833333333333,1021.3312500000001,
2020-03-30,,,10.4,214.0212765957447,12.910638297872339,28.21276595744681,,,,,,,,,,,,17.079166666666666,175.375,14.372916666666667,27.089583333333334,1.2,,1.6,,4.9,182.95833333333334,11.177083333333334,1020.7833333333333,
2020-03-31,,,13.627083333333333,235.875,13.043750000000001,28.21875,,,,,,,,,,,,14.56875,147.16666666666666,14.789583333333333,26.991666666666664,0.8,,1.2,,6.3,190.375,11.820833333333333,1017.4,
2020-04-01,,,19.045833333333334,185.45833333333334,13.225,28.416666666666668,,,,,,,,,,,,9.772916666666667,125.45833333333333,14.8125,26.860416666666666,0.9,,1.3,,10.7,179.95833333333334,13.1625,1011.9958333333334,
2020-04-02,,,14.459574468085107,160.04255319148936,13.214893617021277,28.429787234042553,,,,,,,,,,,,26.2,245.0,15.0,26.9,0.7,,0.9,,8.2,20.0,9.3,1016.2,
2020-04-03,,,27.251063829787235,153.5531914893617,13.348936170212765,28.47446808510638,,,,,,,,,,,,13.245833333333332,107.1875,15.022916666666667,26.416666666666668,0.7,,1.0,,10.8,239.95833333333334,13.383333333333333,1019.1979166666666,
2020-04-04,,,14.429787234042553,216.25531914893617,13.529787234042553,28.47446808510638,,,,,,,,,,,,18.661702127659574,179.17021276595744,14.334042553191491,26.351063829787233,1.1,,1.6,,14.7,180.0,12.747916666666667,1016.96875,
2020-04-05,,,17.504255319148935,173.08510638297872,13.314893617021276,28.419148936170213,,,,,,,,,,,,32.989583333333336,81.875,14.479166666666666,26.045833333333334,1.2,,2.1,,6.7,245.27083333333334,9.489583333333334,1020.875,
2020-04-06,,,29.183333333333334,216.97916666666666,13.254166666666668,28.34583333333333,,,,,,,,,,,,24.277083333333334,94.39583333333333,14.5375,25.391666666666666,1.1,,1.7,,11.3,234.25,11.029166666666667,1019.3729166666667,
2020-04-07,,,27.022916666666664,147.8125,13.370833333333332,28.270833333333332,,,,,,,,,,,,24.53125,157.79166666666666,14.558333333333332,25.577083333333334,0.9,,1.5,,9.9,253.66666666666666,14.485416666666666,1013.86875,
2020-04-08,,,32.452083333333334,144.79166666666666,13.495833333333332,28.114583333333332,,,,,,,,,,,,30.254166666666666,156.39583333333334,14.477083333333333,25.572916666666668,0.9,,1.3,,11.9,158.52083333333334,13.266666666666666,1015.6791666666667,
2020-04-09,,,13.72127659574468,188.27659574468086,13.53191489361702,28.095744680851062,,,,,,,,,,,,29.76875,155.125,14.4375,25.412499999999998,0.9,,1.3,,8.9,192.27083333333334,11.454166666666666,1020.88125,
2020-04-10,,,18.349999999999998,176.375,13.49375,28.095833333333335,,,,,,,,,,,,26.72083333333333,170.625,14.197916666666666,25.277083333333334,0.9,,1.5,,7.4,140.60416666666666,10.627083333333333,1025.3083333333334,
2020-04-11,,,12.739583333333334,184.41666666666666,13.514583333333334,28.099999999999998,,,,,,,,,,,,24.62708333333333,144.16666666666666,14.060416666666667,25.229166666666668,0.7,,1.0,,8.6,251.20833333333334,10.908333333333333,1019.8479166666666,
2020-04-12,,,25.633333333333336,184.77083333333334,13.445833333333333,28.177083333333332,,,,,,,,,,,,29.291666666666668,107.4375,13.577083333333334,25.016666666666666,3.5,,4.9,,14.7,99.77083333333333,10.410416666666666,1011.2354166666668,
2020-04-13,,,11.619148936170212,164.14893617021278,13.395744680851065,28.01063829787234,,,,,,,,,,,,16.635416666666668,107.02083333333333,14.03125,25.066666666666666,3.6,,5.5,,12.3,248.25,10.80625,1010.5666666666666,
2020-04-14,,,13.456249999999999,227.66666666666666,13.683333333333332,28.068749999999998,,,,,,,,,,,,25.754166666666666,94.6875,14.133333333333333,24.758333333333336,3.3,,4.5,,9.6,232.8125,13.354166666666666,1014.6916666666666,
2020-04-15,,,9.945652173913043,190.54347826086956,13.950000000000001,28.084782608695654,,,,,,,,,,,,14.608333333333334,92.08333333333333,14.397916666666667,24.45625,1.3,,1.8,,11.1,199.0,14.122916666666667,1013.5791666666668,
2020-04-16,,,4.9437500000000005,247.14583333333334,14.0,28.03333333333333,,,,,,,,,,,,10.272916666666667,132.375,14.135416666666666,24.41875,0.9,,1.5,,10.0,43.104166666666664,12.579166666666666,1019.1104166666668,
2020-04-17,,,61.66595744680851,157.36170212765958,13.727659574468083,27.93617021276596,,,,,,,,,,,,10.841666666666667,110.35416666666667,14.329166666666666,24.474999999999998,1.4,,2.1,,5.8,189.4375,12.779166666666667,1015.1729166666668,
2020-04-18,,,26.166666666666668,171.47916666666666,13.991666666666667,27.745833333333334,,,,,,,,,,,,8.581249999999999,132.27083333333334,14.652083333333332,24.20625,1.4,,1.7,,8.2,190.1875,14.49375,1014.13125,
2020-04-19,,,7.0375000000000005,229.04166666666666,13.9375,27.714583333333334,,,,,,,,,,,,12.029166666666667,175.08333333333334,14.841666666666667,24.18541666666667,1.4,,1.9,,9.3,71.5,12.610416666666666,1015.3145833333333,
2020-04-20,,,22.497872340425534,137.5531914893617,14.014893617021277,27.71914893617021,,,,,,,,,,,,15.583333333333334,137.14583333333334,15.2125,23.802083333333332,1.2,,2.1,,12.2,212.89583333333334,14.291666666666666,1008.5395833333333,
2020-04-21,,,10.5,145.85416666666666,14.179166666666667,27.920833333333334,,,,,,,,,,,,17.352083333333333,136.16666666666666,14.635416666666666,23.81458333333333,1.1,,1.7,,10.5,267.2708333333333,13.704166666666666,1012.2541666666666,
2020-04-22,,,16.51914893617021,203.06382978723406,13.895744680851065,28.121276595744682,,,,,,,,,,,,17.627083333333335,129.5,13.841666666666667,23.84166666666667,0.7,,1.0,,10.3,273.2916666666667,9.927083333333334,1014.4770833333333,
2020-04-23,,,32.27872340425532,160.82978723404256,13.868085106382978,28.178723404255322,,,,,,,,,,,,20.622916666666665,148.1875,13.979166666666666,23.910416666666666,0.7,,1.1,,9.8,285.6666666666667,10.700000000000001,1014.4083333333333,
2020-04-24,,,51.081250000000004,136.27083333333334,13.814583333333333,28.212500000000002,,,,,,,,,,,,19.70212765957447,124.70212765957447,13.729787234042552,23.76595744680851,1.5,,2.1,,13.5,246.1875,11.44375,1014.8520833333333,
2020-04-25,,,70.07906976744187,172.6086956521739,13.745652173913042,27.308695652173913,,,,,,,,,,,,23.514583333333334,98.9375,13.589583333333332,23.43541666666667,2.1,,3.0,,13.3,229.66666666666666,14.885416666666666,1011.9187499999999,
2020-04-26,,,35.09787234042553,192.04166666666666,14.006250000000001,27.31458333333333,,,,,,,,,,,,21.427083333333332,117.95833333333333,13.960416666666667,23.320833333333336,1.5,,2.1,,10.7,177.79166666666666,13.63125,1015.8083333333334,
2020-04-27,,,42.451351351351356,149.84615384615384,14.169999999999998,27.057499999999997,,,,,,,,,,,,20.934883720930234,74.72093023255815,14.316279069767443,23.432558139534883,0.6,,1.1,,8.8,217.86046511627907,12.727906976744185,1018.9860465116279,
2020-04-28,,,33.99333333333333,186.2608695652174,14.443478260869565,26.891304347826086,,,,,,,,,,,,15.230434782608697,107.56521739130434,14.56086956521739,23.415217391304346,0.9,,1.3,,12.0,236.6304347826087,13.493478260869566,1019.3869565217392,
2020-04-29,,,84.5,271.0,14.3,27.0,,,,,,,,,,,,13.789583333333333,120.85416666666667,14.508333333333333,23.202083333333334,0.7,,1.1,,10.0,224.14583333333334,14.860416666666666,1018.40625,
2020-04-30,,,21.804255319148936,184.53191489361703,14.889361702127658,26.706382978723404,,,,,,,,,,,,19.483333333333334,78.6875,14.362499999999999,23.00208333333333,1.0,,1.7,,13.3,218.08333333333334,15.758333333333333,1016.2208333333333,
2020-05-01,,,23.156521739130437,196.7391304347826,15.128260869565217,26.71521739130435,,,,,,,,,,,,20.5,70.04166666666667,14.485416666666666,22.835416666666664,0.8,,1.3,,11.8,204.64583333333334,16.697916666666668,1013.5645833333333,
2020-05-02,,,25.763829787234044,178.48936170212767,14.94468085106383,26.672340425531914,,,,,,,,,,,,17.258333333333333,77.5625,14.660416666666668,22.789583333333336,0.8,,1.1,,10.5,203.47916666666666,16.697916666666668,1011.65,
2020-05-03,,,45.648936170212764,179.375,14.689583333333333,26.514583333333334,,,,,,,,,,,,9.4,261.0,14.3,23.1,0.3,,0.4,,3.7,219.0,17.2,1010.9,
2020-05-04,,,47.12916666666666,198.0,14.829166666666666,26.40833333333333,,,,,,,,,,,,14.066666666666665,152.39583333333334,14.987499999999999,22.704166666666666,1.5,,2.0,,9.3,155.54166666666666,16.235416666666666,1007.0854166666667,
2020-05-05,,,55.153333333333336,210.79166666666666,14.731250000000001,26.3875,,,,,,,,,,,,23.68541666666667,166.85416666666666,15.2125,23.162499999999998,0.7,,1.1,,7.7,80.47916666666667,14.74375,1012.4791666666666,
2020-05-06,,,19.028125,154.6875,14.858333333333334,26.364583333333332,,,,,,,,,,,,24.027083333333334,159.52083333333334,15.362499999999999,23.24791666666667,1.4,,2.1,,12.3,115.45833333333333,15.614583333333334,1013.4562500000001,
2020-05-07,,,36.61860465116279,154.125,14.764583333333333,26.464583333333334,,,,,,,,,,,,29.472916666666666,166.58333333333334,15.833333333333334,23.085416666666664,1.3,,2.2,,9.9,35.645833333333336,14.560416666666667,1019.2291666666666,
2020-05-08,,,38.284615384615385,198.36363636363637,14.872727272727273,30.213636363636365,,,,,,,,,,,,28.43958333333333,156.64583333333334,16.414583333333333,22.943749999999998,1.3,,2.1,,7.1,196.02083333333334,15.664583333333333,1016.725,
2020-05-09,,,9.360416666666667,192.375,14.854166666666666,33.927083333333336,,,,,,,,,,,,25.864583333333332,139.16666666666666,15.847916666666668,22.895833333333332,2.3,,3.4,,10.7,205.89583333333334,16.15625,1008.8874999999999,
2020-05-10,,,11.154166666666667,194.625,15.077083333333334,33.84791666666666,,,,,,,,,,,,25.410416666666666,125.0625,14.889583333333334,22.72083333333333,1.8,,2.7,,10.7,211.08333333333334,16.847916666666666,1004.5333333333333,
2020-05-11,,,7.715000000000001,178.29545454545453,15.194444444444445,33.827777777777776,,,,,,,,,,,,14.891666666666667,97.5,14.710416666666667,22.743750000000002,0.8,,1.4,,10.2,238.58333333333334,17.15625,1006.6041666666666,
2020-05-12,,,9.061363636363636,219.6818181818182,15.79767441860465,33.89302325581395,,,,,,,,,,,,24.504166666666666,92.08333333333333,14.3375,22.660416666666666,1.3,,1.9,,12.9,208.83333333333334,16.381249999999998,1003.7291666666666,
2020-05-13,,,7.05,233.14583333333334,15.904166666666667,33.952083333333334,,,,,,,,,,,,17.995833333333334,75.625,14.69375,23.027083333333334,0.9,,1.1,,10.7,246.60416666666666,17.195833333333333,1013.5604166666667,
2020-05-14,,,5.58125,221.54166666666666,15.708333333333334,33.985416666666666,,,,,,,,,,,,26.3125,77.27083333333333,14.722916666666668,23.670833333333334,0.5,,0.8,,9.2,240.625,16.835416666666667,1016.68125,
2020-05-15,,,7.363043478260869,107.52173913043478,15.567391304347826,33.92826086956522,,,,,,,,,,,,21.119148936170212,113.57446808510639,15.074468085106384,23.66595744680851,1.1,,1.6,,6.2,186.19148936170214,15.814893617021276,1011.9319148936171,
2020-05-16,,,5.466666666666666,176.16666666666666,15.793750000000001,33.895833333333336,,,,,,,,,,,,20.460416666666667,124.02083333333333,15.63125,23.52916666666667,1.1,,1.7,,6.1,80.79166666666667,16.291666666666668,1006.5291666666667,
2020-05-17,,,4.354166666666667,210.41666666666666,16.21875,33.891666666666666,,,,,,,,,,,,8.94375,126.04166666666667,16.985416666666666,23.639583333333334,0.5,,0.8,,6.1,148.20833333333334,16.8875,1006.375,
2020-05-18,,,4.79375,166.9375,16.029166666666665,33.885416666666664,,,,,,,,,,,,19.654166666666665,176.29166666666666,17.464583333333334,23.954166666666666,0.6,,1.0,,5.1,94.41666666666667,16.89375,1002.1604166666666,
2020-05-19,,,5.2875000000000005,187.10416666666666,16.25,33.81666666666667,,,,,,,,,,,,9.697916666666666,127.08333333333333,16.983333333333334,26.320833333333336,1.4,,2.1,,10.7,231.4375,16.889583333333334,998.13125,
2020-05-20,,,6.971739130434782,197.84782608695653,15.93913043478261,33.86521739130435,,,,,,,,,,,,14.35,199.22916666666666,16.09375,26.722916666666666,1.3,,1.8,,8.7,127.375,14.477083333333333,1010.1,
2020-05-21,,,6.064583333333334,228.45833333333334,15.754166666666668,33.824999999999996,,,,,,,,,,,,18.9125,201.39583333333334,16.277083333333334,26.066666666666666,1.0,,1.5,,6.5,66.47916666666667,14.427083333333334,1016.1395833333332,
2020-05-22,,,6.8125,203.16666666666666,15.727083333333333,33.766666666666666,,,,,,,,,,,,27.045833333333334,189.91666666666666,16.477083333333333,26.010416666666668,0.7,,1.1,,7.6,63.0,14.616666666666667,1015.4895833333334,
2020-05-23,,,9.6,178.41666666666666,15.914583333333333,33.65833333333334,,,,,,,,,,,,28.5125,182.22916666666666,16.820833333333333,25.479166666666668,0.7,,1.0,,5.2,134.625,16.039583333333333,1012.7854166666666,
2020-05-24,,,8.922916666666667,203.3125,16.345833333333335,33.53958333333333,,,,,,,,,,,,29.195833333333336,138.29166666666666,16.510416666666668,24.697916666666668,0.7,,1.2,,11.3,207.5625,17.045833333333334,1009.4020833333334,
2020-05-25,,,7.497916666666666,234.875,16.287499999999998,33.40208333333333,,,,,,,,,,,,25.58125,151.97916666666666,16.212500000000002,24.327083333333334,0.4,,0.7,,7.5,213.16666666666666,17.733333333333334,1010.1645833333333,
2020-05-26,,,8.810416666666667,224.77083333333334,16.224999999999998,33.3625,,,,,,,,,,,,24.81458333333333,174.35416666666666,15.904166666666667,24.150000000000002,0.7,,1.1,,9.5,228.5625,16.752083333333335,1007.8395833333334,
2020-05-27,,,9.084782608695651,190.47826086956522,16.389130434782608,33.302173913043475,,,,,,,,,,,,25.26222222222222,156.86666666666667,15.71111111111111,29.92222222222222,0.7,,1.0,,6.2,214.25,18.370833333333334,1007.81875,
2020-05-28,,,7.84375,191.04166666666666,16.8625,33.28958333333333,,,,,,,,,,,,16.610416666666666,138.20833333333334,16.010416666666668,34.37291666666666,0.6,,1.0,,10.2,226.02083333333334,16.866666666666667,1008.3854166666666,
2020-05-29,,,7.377083333333334,215.45833333333334,16.974999999999998,33.32083333333333,,,,,,,,,,,,22.552083333333332,143.08333333333334,16.34375,34.324999999999996,0.5,,0.8,,5.5,156.75,17.289583333333333,1014.5041666666666,
2020-05-30,,,9.9,71.0,16.9,33.4,,,,,,,,,,,,14.733333333333334,134.45833333333334,16.745833333333334,34.19166666666667,0.4,,0.7,,4.5,179.3125,17.497916666666665,1017.8395833333334,
2020-05-31,,,5.86595744680851,172.40425531914894,16.85531914893617,33.4531914893617,,,,,,,,,,,,17.833333333333332,187.79166666666666,17.533333333333335,34.24375,0.7,,0.9,,4.4,213.35416666666666,18.4375,1012.7770833333334,
2020-06-01,,,6.199999999999999,146.0,17.376595744680852,33.306382978723406,,,,,,,,,,,,14.393749999999999,121.77083333333333,17.627083333333335,34.28333333333333,0.7,,1.1,,9.9,221.625,19.397916666666667,1008.0708333333333,
2020-06-02,,,5.772916666666667,194.83333333333334,17.295833333333334,33.36875,,,,,,,,,,,,16.704166666666666,180.22916666666666,17.241666666666667,34.295833333333334,0.7,,1.1,,9.7,220.3125,18.90625,1007.56875,
2020-06-03,,,6.208333333333333,224.25,16.90625,33.30833333333333,,,,,,,,,,,,13.7,216.0,17.9,34.2,0.3,,0.5,,2.3,251.0,21.6,1005.9,
2020-06-04,,,7.522916666666667,187.91666666666666,16.933333333333334,33.354166666666664,,,,,,,,,,,,21.45625,154.125,16.166666666666668,34.4125,0.9,,1.3,,10.2,198.29166666666666,18.139583333333334,1002.9541666666668,
2020-06-05,,,8.558333333333334,198.625,17.14375,33.30625,,,,,,,,,,,,28.78333333333333,166.89583333333334,15.793750000000001,34.44375,0.6,,0.9,,6.2,139.10416666666666,19.320833333333333,1006.7875,
2020-06-06,,,9.336170212765957,217.93617021276594,17.07659574468085,33.32765957446808,,,,,,,,,,,,34.46875,114.04166666666667,16.933333333333334,34.21666666666667,0.7,,1.2,,9.0,64.9375,18.681250000000002,1009.8729166666667,
2020-06-07,,,9.450000000000001,218.54166666666666,17.29375,33.229166666666664,,,,,,,,,,,,34.31041666666667,163.89583333333334,18.072916666666668,33.96875,1.1,,1.8,,5.6,135.6875,18.789583333333333,1012.50625,
2020-06-08,,,10.942553191489361,199.9787234042553,17.327659574468086,33.138297872340424,,,,,,,,,,,,26.508333333333336,168.875,18.495833333333334,33.96458333333333,0.6,,1.0,,5.4,244.33333333333334,19.747916666666665,1014.775,
2020-06-09,,,9.714893617021277,215.10638297872342,17.57659574468085,33.03191489361702,,,,,,,,,,,,27.46666666666667,161.0,18.229166666666668,34.0,0.6,,0.9,,5.6,244.125,20.402083333333334,1014.9,
2020-06-10,,,8.565957446808511,208.14893617021278,18.059574468085106,32.85531914893617,,,,,,,,,,,,17.217021276595744,147.25531914893617,18.314893617021276,34.02978723404256,0.9,,1.3,,6.6,226.29787234042553,21.41063829787234,1010.2617021276596,
2020-06-11,,,6.4125000000000005,189.5,18.058333333333334,32.49375,,,,,,,,,,,,17.095744680851062,155.87234042553192,17.77872340425532,33.98510638297872,0.7,,0.9,,6.5,161.45833333333334,20.131249999999998,1003.3874999999999,
2020-06-12,,,6.1937500000000005,189.8125,18.368750000000002,32.114583333333336,,,,,,,,,,,,10.754166666666668,141.91666666666666,18.260416666666668,33.7875,0.9,,1.2,,9.7,179.20833333333334,19.585416666666667,1004.8874999999999,
2020-06-13,,,4.533333333333333,157.5625,18.304166666666667,31.68958333333333,,,,,,,,,,,,16.152083333333334,129.02083333333334,18.675,33.025,0.8,,1.2,,6.9,147.25,20.3,1005.2916666666666,
2020-06-14,,,9.870212765957445,204.5744680851064,19.193617021276598,30.85531914893617,,,,,,,,,,,,10.545833333333333,101.625,18.566666666666666,32.61666666666667,1.1,,1.8,,10.0,211.0,21.039583333333333,1003.1458333333334,
2020-06-15,,,4.76595744680851,205.51063829787233,19.374468085106383,30.19148936170213,,,,,,,,,,,,9.418750000000001,121.79166666666667,18.058333333333334,32.4125,1.0,,2.0,,9.0,239.33333333333334,21.08125,1004.9854166666668,
2020-06-16,,,5.587234042553192,154.59574468085106,19.5468085106383,29.893617021276597,,,,,,,,,,,,8.295833333333333,164.125,17.860416666666666,32.454166666666666,0.6,,1.0,,7.9,165.1875,20.4875,1005.8666666666667,
2020-06-17,,,5.593617021276596,239.04255319148936,19.43404255319149,29.151063829787233,,,,,,,,,,,,17.691666666666666,137.16666666666666,19.591666666666665,31.60625,0.4,,0.8,,4.4,226.08333333333334,20.45625,1006.1083333333332,
2020-06-18,,,9.297872340425531,213.08510638297872,18.825531914893617,28.427659574468084,,,,,,,,,,,,20.870833333333334,143.0,19.40625,31.8125,1.2,,1.7,,8.1,141.54166666666666,18.868750000000002,1003.2312499999999,
2020-06-19,,,8.139583333333333,165.54166666666666,18.383333333333333,27.43958333333333,,,,,,,,,,,,23.79375,199.16666666666666,19.40625,31.118750000000002,1.7,,2.3,,10.9,37.166666666666664,20.302083333333332,1005.2083333333334,
2020-06-20,,,10.06875,193.5625,18.464583333333334,26.208333333333332,,,,,,,,,,,,18.337500000000002,133.97916666666666,20.095833333333335,30.566666666666666,1.0,,1.5,,4.9,73.70833333333333,20.439583333333335,1011.4125,
2020-06-21,,,10.046808510638298,239.0212765957447,18.631914893617022,24.895744680851063,,,,,,,,,,,,23.34375,210.1875,20.685416666666665,30.93541666666667,0.9,,1.3,,8.3,105.95833333333333,20.075,1009.1854166666667,
2020-06-22,,,11.568085106382979,210.85106382978722,18.906382978723403,23.419148936170213,,,,,,,,,,,,20.414583333333333,167.3125,21.083333333333332,31.16875,0.8,,1.4,,4.6,231.16666666666666,20.908333333333335,1009.1125000000001,
2020-06-23,,,10.740425531914894,189.10638297872342,18.99787234042553,22.60851063829787,,,,,,,,,,,,26.795833333333334,197.77083333333334,20.939583333333335,31.335416666666664,0.4,,0.6,,2.9,190.97916666666666,21.929166666666664,1010.1458333333334,
2020-06-24,,,11.889583333333334,205.1875,18.927083333333332,22.333333333333332,,,,,,,,,,,,23.804255319148936,196.68085106382978,20.851063829787233,31.43191489361702,0.9,,1.3,,5.0,198.3125,21.416666666666668,1006.94375,
2020-06-25,,,11.527083333333332,167.47916666666666,19.029166666666665,21.89375,,,,,,,,,,,,23.506249999999998,180.29166666666666,19.885416666666668,30.631249999999998,1.5,,2.1,,8.3,204.8125,20.904166666666665,1002.4895833333334,
2020-06-26,,,8.839583333333334,217.47916666666666,19.295833333333334,21.53333333333333,,,,,,,,,,,,19.691666666666666,151.91666666666666,19.164583333333333,29.34166666666667,0.7,,1.1,,9.6,205.9375,21.05,1005.0625,
2020-06-27,,,7.78125,210.70833333333334,19.104166666666668,21.275000000000002,,,,,,,,,,,,22.858333333333334,140.0,17.806250000000002,25.820833333333336,0.6,,0.9,,6.6,209.3125,20.614583333333332,1004.8145833333333,
2020-06-28,,,6.685106382978723,193.53191489361703,19.22340425531915,20.951063829787234,,,,,,,,,,,,22.43958333333333,201.70833333333334,17.900000000000002,27.075,0.5,,0.8,,2.9,145.125,21.537499999999998,1003.9916666666667,
2020-06-29,,,7.085416666666667,139.20833333333334,19.208333333333332,20.4875,,,,,,,,,,,,19.575,188.22916666666666,18.585416666666667,26.947916666666668,1.7,,2.3,,11.6,109.33333333333333,20.520833333333332,1004.8354166666667,
2020-06-30,,,11.6,46.0,18.6,20.4,,,,,,,,,,,,24.34375,123.20833333333333,18.433333333333334,26.610416666666666,2.4,,4.1,,16.2,205.39583333333334,20.46875,991.7687500000001,
2020-07-01,,,9.074468085106384,258.6170212765957,19.64468085106383,20.02978723404255,,,,,,,,,,,,17.116666666666667,156.70833333333334,16.372916666666665,27.24791666666667,1.1,,1.7,,6.3,160.54166666666666,18.662499999999998,1003.2833333333333,
2020-07-02,,,6.760416666666667,182.08333333333334,19.164583333333333,20.10833333333333,,,,,,,,,,,,24.037499999999998,177.35416666666666,16.939583333333335,26.589583333333334,0.9,,1.3,,4.0,189.04166666666666,19.577083333333334,1011.2270833333333,
2020-07-03,,,9.039583333333333,219.22916666666666,18.5625,19.693749999999998,,,,,,,,,,,,31.96808510638298,212.2127659574468,17.227659574468085,25.929787234042553,0.8,,1.2,,8.3,75.47916666666667,19.760416666666668,1011.19375,
2020-07-04,,,10.352083333333333,188.39583333333334,18.489583333333332,19.443749999999998,,,,,,,,,,,,28.0,96.0,17.8,23.9,0.7,,1.0,,5.5,14.0,19.3,1008.2,
2020-07-05,,,11.835416666666667,204.20833333333334,18.722916666666666,18.947916666666668,,,,,,,,,,,,21.764583333333334,154.75,19.064583333333335,24.239583333333332,0.8,,1.1,,5.3,197.14583333333334,20.077083333333334,1005.0812500000001,
2020-07-06,,,9.62127659574468,207.08510638297872,18.54468085106383,18.71489361702128,,,,,,,,,,,,28.24791666666667,106.04166666666667,18.21875,24.212500000000002,0.6,,0.8,,6.0,201.85416666666666,20.452083333333334,1001.8458333333333,
2020-07-07,,,10.320833333333333,204.02083333333334,18.568749999999998,18.579166666666666,,,,,,,,,,,,23.368750000000002,150.125,17.833333333333332,24.802083333333332,0.9,,1.3,,12.0,202.77083333333334,20.185416666666665,1003.1895833333333,
2020-07-08,,,11.011111111111111,203.06666666666666,18.793333333333333,18.38222222222222,,,,,,,,,,,,30.03333333333333,205.04166666666666,16.945833333333333,25.0,0.9,,1.2,,4.4,176.72916666666666,20.420833333333334,1004.525,
2020-07-09,,,9.55531914893617,231.74468085106383,18.717021276595744,18.112765957446808,,,,,,,,,,,,24.085416666666664,160.52083333333334,17.333333333333332,26.81458333333333,0.7,,1.1,,6.2,56.458333333333336,19.822916666666668,1005.7958333333332,
2020-07-10,,,8.21875,179.58333333333334,18.8625,17.941666666666666,,,,,,,,,,,,18.938297872340424,165.5744680851064,18.159574468085108,27.595744680851062,2.4,,3.6,,9.4,157.83333333333334,21.097916666666666,1001.7479166666667,
2020-07-11,,,8.470833333333333,222.39583333333334,19.383333333333333,17.464583333333334,,,,,,,,,,,,15.820833333333333,187.89583333333334,17.935416666666665,27.633333333333336,1.8,,2.1,,8.6,128.97916666666666,20.335416666666667,1006.6458333333334,
2020-07-12,,,8.491489361702127,142.9787234042553,19.27446808510638,17.129787234042553,,,,,,,,,,,,36.05833333333333,229.5625,18.895833333333332,27.33125,0.6,,0.9,,7.4,56.916666666666664,19.720833333333335,1011.4541666666668,
2020-07-13,,,7.602083333333333,87.375,19.45625,16.589583333333334,,,,,,,,,,,,22.527083333333334,243.29166666666666,19.652083333333334,25.275000000000002,1.6,,2.5,,8.8,153.5,19.629166666666666,1004.2354166666668,
2020-07-14,,,8.581249999999999,182.08333333333334,20.004166666666666,16.693749999999998,,,,,,,,,,,,19.787499999999998,232.27083333333334,20.10625,23.554166666666664,1.4,,2.1,,4.8,73.45833333333333,19.672916666666666,1002.9083333333333,
2020-07-15,,,7.954166666666667,198.58333333333334,20.068749999999998,16.702083333333334,,,,,,,,,,,,22.183333333333334,219.125,20.929166666666667,23.489583333333332,0.8,,1.2,,5.6,39.6875,19.922916666666666,1005.8833333333333,
2020-07-16,,,12.247916666666667,140.29166666666666,20.70625,15.96875,,,,,,,,,,,,12.049999999999999,173.20833333333334,21.572916666666668,23.21666666666667,0.8,,1.2,,5.2,137.91666666666666,20.724999999999998,1007.3270833333332,
2020-07-17,,,10.333333333333334,218.70833333333334,21.34583333333333,14.829166666666666,,,,,,,,,,,,13.041666666666666,188.9375,22.40833333333333,22.558333333333334,0.7,,1.0,,6.8,144.52083333333334,20.991666666666667,1009.2854166666666,
2020-07-18,,,10.606250000000001,191.08333333333334,21.508333333333336,14.61875,,,,,,,,,,,,15.833333333333334,186.5625,22.660416666666666,22.289583333333336,0.7,,1.0,,5.1,157.89583333333334,21.691666666666666,1010.3020833333334,
2020-07-19,,,9.452083333333333,144.85416666666666,21.585416666666664,14.529166666666667,,,,,,,,,,,,20.33191489361702,175.63829787234042,22.85531914893617,22.572340425531916,0.8,,1.1,,10.7,88.29166666666667,23.12291666666667,1008.9604166666667,
2020-07-20,,,10.040425531914893,219.38297872340425,21.417021276595744,14.834042553191491,,,,,,,,,,,,21.93541666666667,105.89583333333333,21.78333333333333,21.604166666666668,1.3,,2.1,,10.9,206.0,23.839583333333334,1007.225,
2020-07-21,,,8.010416666666666,171.85416666666666,20.90625,14.866666666666667,,,,,,,,,,,,30.460416666666664,134.625,19.622916666666665,22.193749999999998,1.2,,1.6,,6.9,190.9375,22.462500000000002,1011.0749999999999,
2020-07-22,,,11.366666666666667,203.16666666666666,20.095833333333335,15.102083333333333,,,,,,,,,,,,21.602083333333336,193.35416666666666,20.104166666666668,21.427083333333332,0.8,,0.9,,4.7,95.27083333333333,21.727083333333336,1010.5166666666668,
2020-07-23,,,11.131914893617022,157.6595744680851,19.47872340425532,15.28936170212766,,,,,,,,,,,,21.520833333333332,184.5625,20.685416666666665,21.181250000000002,1.9,,2.6,,10.8,72.25,21.633333333333336,1008.1895833333333,
2020-07-24,,,8.287234042553191,215.40425531914894,19.61063829787234,15.72127659574468,,,,,,,,,,,,15.272916666666667,132.66666666666666,20.872916666666665,20.037499999999998,2.0,,2.6,,9.9,202.4375,21.868750000000002,998.93125,
2020-07-25,,,7.8021276595744675,217.63829787234042,19.651063829787233,15.678723404255319,,,,,,,,,,,,14.720833333333333,142.85416666666666,19.002083333333335,22.8,1.5,,1.9,,8.4,199.27083333333334,20.114583333333332,1001.8083333333334,
2020-07-26,,,8.333333333333334,165.64583333333334,19.55,15.210416666666667,,,,,,,,,,,,15.289583333333333,159.52083333333334,18.099999999999998,24.089583333333334,1.0,,1.3,,6.5,208.91666666666666,20.789583333333333,1007.725,
2020-07-27,,,12.870833333333332,209.29166666666666,19.310416666666665,14.897916666666667,,,,,,,,,,,,17.2375,191.1875,18.14375,24.004166666666666,0.7,,1.0,,6.3,78.47916666666667,20.572916666666668,1008.9812499999999,
2020-07-28,,,19.78723404255319,108.82978723404256,20.261702127659575,14.185106382978724,,,,,,,,,,,,13.804166666666667,175.9375,19.029166666666665,21.033333333333335,0.9,,1.5,,4.5,87.54166666666667,20.879166666666666,1011.1208333333334,
2020-07-29,,,14.908510638297873,185.19148936170214,20.619148936170212,13.680851063829786,,,,,,,,,,,,15.3125,216.27083333333334,20.114583333333332,21.077083333333334,0.5,,0.8,,4.7,103.79166666666667,21.379166666666666,1013.3229166666666,
2020-07-30,,,10.711627906976744,142.95348837209303,21.3,20.82790697674419,,,,,,,,,,,,14.902083333333332,189.16666666666666,21.127083333333335,22.05,0.4,,0.7,,6.0,212.79166666666666,22.6125,1014.2604166666666,
2020-07-31,,,14.4,320.0,21.3,30.7,,,,,,,,,,,,14.308333333333332,148.89583333333334,21.004166666666666,22.287499999999998,0.6,,0.9,,6.9,184.08333333333334,23.816666666666666,1013.2020833333332,
2020-08-01,,,14.385106382978725,243.46808510638297,21.897872340425533,30.582978723404256,,,,,,,,,,,,12.272916666666667,186.47916666666666,20.4375,22.71666666666667,0.7,,1.0,,8.9,201.0,23.447916666666668,1011.4104166666666,
2020-08-02,,,13.491666666666667,222.08333333333334,21.662499999999998,30.868750000000002,,,,,,,,,,,,14.8125,205.16666666666666,19.220833333333335,22.852083333333336,0.7,,1.2,,9.7,201.79166666666666,22.447916666666668,1010.0625,
2020-08-03,,,12.542553191489361,220.72340425531914,21.52340425531915,31.131914893617022,,,,,,,,,,,,18.935416666666665,188.60416666666666,17.039583333333333,22.620833333333334,0.7,,1.2,,9.4,208.04166666666666,21.710416666666664,1010.0041666666666,
2020-08-04,,,12.4125,184.91666666666666,20.462500000000002,31.766666666666666,,,,,,,,,,,,5.9,179.0,16.9,23.1,0.3,,0.4,,3.9,226.0,22.3,1011.0,
2020-08-05,,,14.029166666666667,185.29166666666666,20.766666666666666,31.881249999999998,,,,,,,,,,,,21.554166666666664,103.89583333333333,16.320833333333333,33.550000000000004,1.0,,1.3,,9.3,205.83333333333334,22.34166666666667,1013.8770833333333,
2020-08-06,,,17.852083333333333,192.70833333333334,21.216666666666665,31.620833333333334,,,,,,,,,,,,23.958333333333332,109.20833333333333,15.708333333333334,33.75208333333333,1.3,,1.8,,12.1,209.79166666666666,21.579166666666666,1008.6208333333334,
2020-08-07,,,9.591489361702127,223.6595744680851,20.71276595744681,31.69148936170213,,,,,,,,,,,,25.652083333333334,161.08333333333334,14.702083333333334,33.956250000000004,1.1,,1.5,,7.5,195.625,20.058333333333334,1007.1333333333333,
2020-08-08,,,13.23191489361702,198.72340425531914,21.06382978723404,31.134042553191488,,,,,,,,,,,,20.0,184.22916666666666,15.049999999999999,33.229166666666664,1.0,,1.8,,7.6,193.1875,20.474999999999998,1004.6479166666667,
2020-08-09,,,11.9375,250.25,21.256249999999998,30.822916666666668,,,,,,,,,,,,12.887500000000001,134.66666666666666,15.641666666666666,33.00625,1.3,,1.9,,9.8,210.8125,21.3875,1006.30625,
2020-08-10,,,11.904255319148936,174.40425531914894,21.959574468085105,30.48936170212766,,,,,,,,,,,,17.849999999999998,122.83333333333333,15.229166666666666,33.583333333333336,3.1,,4.4,,14.0,195.02083333333334,22.535416666666666,1005.0083333333333,
2020-08-11,,,8.370212765957447,197.91489361702128,22.1468085106383,29.92127659574468,,,,,,,,,,,,12.779166666666667,132.77083333333334,15.822916666666666,33.422916666666666,1.6,,2.5,,9.2,204.85416666666666,20.056250000000002,1010.3729166666667,
2020-08-12,,,6.71875,195.64583333333334,22.804166666666664,29.147916666666664,,,,,,,,,,,,15.768749999999999,146.20833333333334,15.629166666666668,33.518750000000004,1.1,,1.6,,7.6,198.22916666666666,21.135416666666668,1012.9270833333334,
2020-08-13,,,6.875,220.5625,23.414583333333336,28.866666666666664,,,,,,,,,,,,12.664583333333333,123.41666666666667,15.320833333333333,33.725,0.9,,1.3,,8.3,212.54166666666666,21.62291666666667,1010.6104166666668,
2020-08-14,,,10.795744680851064,224.5531914893617,24.863829787234042,28.19148936170213,,,,,,,,,,,,11.283333333333333,110.52083333333333,14.758333333333333,33.93958333333333,0.9,,1.6,,9.7,204.16666666666666,20.3875,1007.2291666666666,
2020-08-15,,,11.064583333333333,203.9375,24.6375,28.566666666666666,,,,,,,,,,,,11.3375,101.89583333333333,14.554166666666667,34.233333333333334,0.9,,1.5,,9.0,207.41666666666666,19.868750000000002,1008.5729166666666,
2020-08-16,,,12.30625,216.27083333333334,23.452083333333334,29.620833333333334,,,,,,,,,,,,16.633333333333333,135.625,15.606250000000001,34.270833333333336,0.6,,1.1,,8.7,206.20833333333334,21.118750000000002,1010.3895833333332,
2020-08-17,,,13.708510638297872,192.74468085106383,22.527659574468085,30.159574468085108,,,,,,,,,,,,22.806250000000002,118.375,16.395833333333332,34.18125,0.4,,0.7,,3.7,184.5625,23.052083333333332,1012.6229166666667,
2020-08-18,,,14.870833333333332,217.89583333333334,21.1125,30.931250000000002,,,,,,,,,,,,29.150000000000002,173.91666666666666,18.095833333333335,33.97083333333333,0.3,,0.5,,4.2,206.5,22.589583333333334,1011.9208333333332,
2020-08-19,,,16.43191489361702,151.82978723404256,20.4468085106383,31.285106382978725,,,,,,,,,,,,31.03125,155.08333333333334,18.766666666666666,33.8125,0.5,,0.7,,6.3,221.3125,23.329166666666666,1009.7104166666667,
2020-08-20,,,14.768749999999999,197.6875,19.922916666666666,31.368750000000002,,,,,,,,,,,,35.260416666666664,149.375,17.712500000000002,33.704166666666666,0.3,,0.6,,4.7,204.79166666666666,24.5125,1011.4291666666667,
2020-08-21,,,11.65,173.47826086956522,19.15869565217391,31.495652173913044,,,,,,,,,,,,28.264583333333334,151.64583333333334,19.354166666666668,33.135416666666664,0.7,,1.2,,8.2,61.5625,23.35625,1014.3375,
2020-08-22,,,11.360416666666666,203.16666666666666,19.037499999999998,31.40833333333333,,,,,,,,,,,,28.083333333333332,94.75,24.256249999999998,31.78125,0.9,,1.4,,7.3,44.375,25.21666666666667,1012.8958333333334,
2020-08-23,,,10.539583333333333,191.45833333333334,19.495833333333334,31.02916666666667,,,,,,,,,,,,25.1125,139.4375,25.491666666666664,30.760416666666668,0.7,,1.1,,4.7,224.95833333333334,26.006249999999998,1008.475,
2020-08-24,,,9.421276595744681,153.89361702127658,19.908510638297873,30.629787234042553,,,,,,,,,,,,20.64375,145.58333333333334,25.65625,30.943749999999998,0.9,,1.3,,3.3,234.66666666666666,26.64375,1006.24375,
2020-08-25,,,8.34375,176.35416666666666,19.83125,30.539583333333336,,,,,,,,,,,,12.238297872340427,128.89361702127658,24.746808510638296,31.317021276595746,1.6,,2.1,,3.5,211.22916666666666,27.235416666666666,1005.7208333333333,
2020-08-26,,,10.275,106.27083333333333,20.829166666666666,30.09166666666667,,,,,,,,,,,,13.44375,176.14583333333334,24.84375,30.87708333333333,2.3,,3.3,,7.0,123.77083333333333,27.48125,1004.8395833333334,
2020-08-27,,,12.4375,149.14583333333334,22.46875,28.97083333333333,,,,,,,,,,,,13.414583333333333,125.60416666666667,23.722916666666666,30.224999999999998,2.2,,3.5,,8.9,204.16666666666666,25.902083333333334,1005.0520833333334,
2020-08-28,,,9.86595744680851,182.08510638297872,22.668085106382982,28.31276595744681,,,,,,,,,,,,12.31875,147.27083333333334,22.070833333333336,30.702083333333334,1.0,,1.4,,5.6,212.4375,25.2625,1008.0395833333333,
2020-08-29,,,11.572340425531914,272.0425531914894,22.693617021276594,27.661702127659574,,,,,,,,,,,,19.154166666666665,141.60416666666666,20.681250000000002,30.954166666666666,0.5,,0.8,,7.6,208.20833333333334,24.59166666666667,1009.7041666666668,
2020-08-30,,,9.808333333333334,213.35416666666666,22.808333333333334,27.870833333333334,,,,,,,,,,,,27.87708333333333,145.58333333333334,21.23125,30.379166666666666,0.7,,0.9,,8.4,156.02083333333334,25.510416666666668,1010.8791666666666,
2020-08-31,,,19.6,307.0,23.1,27.4,,,,,,,,,,,,25.610416666666666,205.14583333333334,24.710416666666664,28.489583333333332,1.7,,2.4,,10.7,134.16666666666666,25.489583333333332,1012.4416666666666,
2020-09-01,,,17.670833333333334,174.14583333333334,23.416666666666668,27.20625,,,,,,,,,,,,15.938297872340426,196.48936170212767,27.1,27.806382978723406,1.4,,1.8,,7.1,117.79166666666667,25.7,1009.6,
2020-09-02,,,16.691666666666666,171.875,25.454166666666666,26.425,,,,,,,,,,,,29.352083333333336,160.35416666666666,27.758333333333336,27.568749999999998,4.0,,5.1,,17.7,49.3125,27.777083333333334,1000.7020833333332,
2020-09-03,,,13.766666666666666,160.25,25.23125,26.616666666666664,,,,,,,,,,,,28.34255319148936,88.2127659574468,25.376595744680852,27.559574468085106,7.9,,10.8,,26.9,207.58333333333334,26.73125,973.0833333333334,
2020-09-04,,,8.30625,212.75,25.097916666666666,26.429166666666664,,,,,,,,,,,,59.7,38.0,21.2,29.1,0.9,,1.3,,4.0,196.0,24.0,,
2020-09-05,,,10.910416666666668,201.02083333333334,24.410416666666666,26.389583333333334,,,,,,,,,,,,30.235416666666666,204.08333333333334,20.23125,29.506249999999998,0.6,,1.3,,7.6,222.52083333333334,20.127083333333335,,
2020-09-06,,,7.431914893617021,226.14893617021278,23.451063829787234,26.363829787234042,,,,,,,,,,,,29.597916666666666,182.125,22.339583333333334,26.84375,1.9,,3.1,,12.9,61.6875,21.108333333333334,,
2020-09-07,,,11.708333333333334,210.64583333333334,22.79375,25.993750000000002,,,,,,,,,,,,39.21041666666667,118.375,22.15833333333333,27.802083333333332,7.1,,8.9,,23.5,153.52083333333334,23.45625,997.6722222222221,
2020-09-08,,,8.795744680851064,222.63829787234042,22.799999999999997,25.955319148936173,,,,,,,,,,,,30.15416666666667,66.64583333333333,20.8875,30.01875,1.8,,2.3,,10.6,205.89583333333334,23.429166666666664,1010.3541666666666,
2020-09-09,,,10.238888888888889,325.0,22.98888888888889,25.87777777777778,,,,,,,,,,,,22.4375,113.375,20.966666666666665,30.2375,0.7,,1.1,,10.2,213.5,22.4375,1010.7958333333332,
2020-09-10,,,11.788235294117648,279.05882352941177,23.48235294117647,31.1375,,,,,,,,,,,,13.333333333333334,138.29166666666666,21.6875,29.966666666666665,0.5,,0.6,,7.0,201.91666666666666,22.46666666666667,1008.9395833333333,
2020-09-11,,,10.308510638297872,247.0212765957447,23.470212765957445,31.204255319148935,,,,,,,,,,,,19.714583333333334,195.52083333333334,22.229166666666668,29.37708333333333,0.9,,1.5,,9.6,90.22916666666667,22.60625,1013.125,
2020-09-12,,,8.891666666666667,185.89583333333334,23.327083333333334,30.991666666666664,,,,,,,,,,,,21.318749999999998,150.02083333333334,22.6375,28.491666666666664,2.0,,3.4,,11.4,44.8125,21.202083333333334,1012.9395833333333,
2020-09-13,,,12.027083333333332,208.3125,23.570833333333336,30.71666666666667,,,,,,,,,,,,17.502083333333335,92.04166666666667,22.85625,27.964583333333334,2.3,,3.7,,8.1,103.27083333333333,20.322916666666668,1015.4166666666666,
2020-09-14,,,14.793750000000001,185.39583333333334,23.839583333333334,30.51875,,,,,,,,,,,,19.852083333333333,143.75,22.325,28.922916666666666,1.5,,2.1,,7.3,260.2708333333333,21.258333333333333,1014.0875,
2020-09-15,,,12.623404255319148,184.25531914893617,23.84255319148936,30.495744680851065,,,,,,,,,,,,21.837500000000002,143.625,22.422916666666666,29.43541666666667,0.9,,1.4,,4.2,173.66666666666666,22.195833333333336,1013.44375,
2020-09-16,,,11.85,227.08333333333334,23.572916666666668,30.78125,,,,,,,,,,,,23.995833333333334,197.5625,22.72083333333333,29.104166666666668,0.7,,1.0,,5.4,180.58333333333334,22.45625,1010.2958333333332,
2020-09-17,,,10.19375,233.41666666666666,23.195833333333336,30.960416666666664,,,,,,,,,,,,23.891666666666666,145.89583333333334,22.34166666666667,29.1375,0.5,,0.8,,5.2,265.9791666666667,21.81458333333333,1009.8333333333334,
2020-09-18,,,9.772916666666667,221.4375,22.71875,31.160416666666666,,,,,,,,,,,,23.349999999999998,132.0,22.047916666666666,29.275000000000002,0.4,,0.7,,5.8,255.14583333333334,20.347916666666666,1012.9791666666666,
2020-09-19,,,8.735416666666667,182.83333333333334,22.291666666666668,31.308333333333334,,,,,,,,,,,,25.508333333333336,124.35416666666667,21.618750000000002,29.010416666666668,0.4,,0.7,,7.4,256.2708333333333,21.662499999999998,1015.6687499999999,
2020-09-20,,,9.189583333333333,217.29166666666666,21.891666666666666,31.477083333333336,,,,,,,,,,,,24.991666666666664,154.22916666666666,21.527083333333334,28.891666666666666,0.3,,0.5,,5.6,227.25,20.912499999999998,1015.7291666666666,
2020-09-21,,,7.714583333333334,193.04166666666666,21.48125,31.599999999999998,,,,,,,,,,,,24.606250000000003,184.83333333333334,21.854166666666668,27.712500000000002,0.9,,1.6,,9.4,157.6875,19.579166666666666,1017.6583333333333,
2020-09-22,,,9.445833333333333,230.625,21.072916666666668,31.629166666666666,,,,,,,,,,,,14.366666666666667,210.1875,22.2375,25.71875,1.6,,2.3,,11.2,81.10416666666667,19.960416666666667,1017.3791666666666,
2020-09-23,,,8.923404255319149,186.70212765957447,20.948936170212768,31.482978723404255,,,,,,,,,,,,12.747916666666667,175.22916666666666,22.2375,25.820833333333336,1.8,,2.5,,11.7,30.770833333333332,20.4875,1015.8395833333334,
2020-09-24,,,8.53125,160.9375,21.058333333333334,31.285416666666666,,,,,,,,,,,,12.0625,164.3125,22.28958333333333,25.789583333333336,1.9,,2.4,,12.0,57.9375,21.085416666666667,1013.3937500000001,
2020-09-25,,,7.470833333333334,243.16666666666666,21.3125,30.98125,,,,,,,,,,,,11.052083333333334,143.375,22.152083333333334,25.485416666666666,1.6,,2.5,,10.2,20.833333333333332,20.89375,1010.2291666666666,
2020-09-26,,,7.908333333333334,224.33333333333334,21.610416666666666,30.45,,,,,,,,,,,,14.785106382978723,198.06382978723406,22.121276595744682,24.882978723404257,1.9,,2.8,,10.0,68.375,20.485416666666666,1013.975,
2020-09-27,,,6.520833333333333,243.75,21.741666666666664,29.852083333333336,,,,,,,,,,,,14.664583333333333,182.45833333333334,22.099999999999998,24.114583333333332,2.0,,2.7,,11.5,104.64583333333333,19.670833333333334,1017.5083333333333,
2020-09-28,,,8.206249999999999,147.83333333333334,21.822916666666668,29.09375,,,,,,,,,,,,14.514583333333334,156.10416666666666,22.152083333333334,23.868750000000002,1.7,,2.5,,9.2,129.29166666666666,19.227083333333333,1016.86875,
2020-09-29,,,7.772916666666667,150.70833333333334,21.87291666666667,28.20625,,,,,,,,,,,,13.450000000000001,146.5,22.243750000000002,23.443749999999998,0.9,,1.5,,5.6,232.45833333333334,19.395833333333332,1011.1479166666667,
2020-09-30,,,8.304166666666667,179.60416666666666,21.99791666666667,27.2625,,,,,,,,,,,,16.48125,161.10416666666666,22.233333333333334,22.541666666666668,1.1,,1.4,,9.9,160.54166666666666,20.064583333333335,1009.7312499999999,
2020-10-01,,,8.1,254.0,22.0,26.8,,,,,,,,,,,,20.185416666666665,177.77083333333334,22.393749999999997,22.181250000000002,1.1,,1.3,,7.1,194.70833333333334,19.610416666666666,1013.8083333333334,
2020-10-02,,,8.602083333333333,151.39583333333334,22.2375,25.714583333333334,,,,,,,,,,,,19.804166666666667,128.875,22.40625,21.816666666666666,0.7,,1.2,,8.6,261.6666666666667,20.412499999999998,1014.9020833333334,
2020-10-03,,,7.333333333333333,152.16666666666666,22.391666666666666,25.070833333333336,,,,,,,,,,,,17.125,141.625,22.45625,21.854166666666668,0.3,,0.5,,4.1,214.20833333333334,21.395833333333332,1014.6875,
2020-10-04,,,6.910416666666666,193.45833333333334,22.460416666666664,24.558333333333334,,,,,,,,,,,,16.302083333333332,139.64583333333334,22.537499999999998,21.279166666666665,0.8,,1.0,,9.0,248.45833333333334,21.854166666666668,1010.6729166666668,
2020-10-05,,,7.479166666666667,185.97916666666666,22.289583333333336,24.12291666666667,,,,,,,,,,,,8.9,104.0,22.5,21.5,0.6,,0.9,,4.0,303.0,20.9,1010.9,
2020-10-06,,,5.577083333333333,222.58333333333334,22.037499999999998,23.81458333333333,,,,,,,,,,,,17.991666666666667,176.02083333333334,21.858333333333334,21.258333333333333,0.8,,1.2,,7.5,170.6875,17.304166666666667,1020.1020833333333,
2020-10-07,,,6.96875,216.22916666666666,21.858333333333334,23.56458333333333,,,,,,,,,,,,12.685416666666667,160.39583333333334,21.72083333333333,20.506249999999998,2.1,,2.9,,11.8,91.29166666666667,18.566666666666666,1023.6791666666667,
2020-10-08,,,7.323404255319149,210.74468085106383,21.51063829787234,23.406382978723403,,,,,,,,,,,,15.514583333333334,225.0,21.65625,20.147916666666667,3.0,,3.9,,15.1,50.770833333333336,19.441666666666666,1023.9625,
2020-10-09,,,5.777083333333334,138.97916666666666,21.260416666666668,23.172916666666666,,,,,,,,,,,,19.875,228.625,21.472916666666666,19.997916666666665,3.5,,4.7,,15.4,45.458333333333336,19.552083333333332,1020.8458333333333,
2020-10-10,,,5.154166666666667,141.0,21.135416666666668,22.947916666666668,,,,,,,,,,,,12.708333333333334,184.875,21.3875,19.866666666666667,2.6,,3.5,,11.2,51.5625,18.704166666666666,1018.0479166666668,
2020-10-11,,,4.689583333333333,139.29166666666666,21.1125,22.645833333333332,,,,,,,,,,,,14.602083333333333,179.22916666666666,21.214583333333334,19.78125,1.5,,2.2,,7.8,110.5,17.952083333333334,1015.7770833333334,
2020-10-12,,,6.3999999999999995,148.79166666666666,21.170833333333334,22.320833333333336,,,,,,,,,,,,11.858333333333334,163.0625,21.522916666666664,20.189583333333335,1.2,,1.7,,3.2,240.625,18.45625,1013.7541666666666,
2020-10-13,,,7.020833333333333,172.95833333333334,21.172916666666666,22.04375,,,,,,,,,,,,10.63125,194.35416666666666,21.556250000000002,23.708333333333332,0.7,,1.0,,7.8,237.5625,18.010416666666668,1017.8145833333333,
2020-10-14,,,8.052083333333334,149.95833333333334,21.0625,21.956249999999997,,,,,,,,,,,,25.560526315789474,181.57894736842104,21.349999999999998,32.21842105263158,0.6,,1.0,,7.1,209.89473684210526,17.73421052631579,1022.5815789473684,
2020-10-15,,,9.735416666666667,187.5625,21.04375,21.652083333333334,,,,,,,,,,,,23.264583333333334,146.875,21.335416666666664,32.208333333333336,0.9,,1.2,,10.7,199.5625,16.55,1023.0833333333334,
2020-10-16,,,7.069565217391304,154.8913043478261,21.019565217391303,21.57608695652174,,,,,,,,,,,,19.166666666666668,158.08333333333334,21.108333333333334,32.06041666666667,1.3,,2.1,,7.1,129.20833333333334,17.341666666666665,1022.2291666666666,
2020-10-17,,,10.241666666666667,201.125,21.01875,21.458333333333332,,,,,,,,,,,,22.51063829787234,155.80851063829786,21.10625,32.1,0.6,,0.8,,6.0,223.54166666666666,16.860416666666666,1021.6625,
2020-10-18,,,10.806382978723404,200.9787234042553,20.97659574468085,21.372340425531913,,,,,,,,,,,,22.62826086956522,138.3695652173913,21.04375,31.912499999999998,0.4,,0.5,,4.2,254.77083333333334,16.645833333333332,1022.35,
2020-10-19,,,9.4625,241.8125,20.8875,21.818749999999998,,,,,,,,,,,,20.402083333333334,136.85416666666666,20.90625,31.53125,0.5,,0.8,,7.2,194.375,17.064583333333335,1023.56875,
2020-10-20,,,9.37872340425532,217.12765957446808,20.738297872340425,21.863829787234042,,,,,,,,,,,,27.875,57.875,20.682978723404254,31.112765957446808,0.8,,1.1,,7.1,175.375,17.333333333333332,1025.5020833333333,
2020-10-21,,,6.702083333333333,222.20833333333334,20.5375,21.941666666666666,,,,,,,,,,,,,,20.868750000000002,30.758333333333336,0.7,,1.1,,4.9,241.75,17.835416666666667,1019.4791666666666,
2020-10-22,,,7.9937499999999995,218.4375,20.3625,22.135416666666668,,,,,,,,,,,,,,20.79375,30.6875,0.5,,0.9,,6.1,155.5,16.808333333333334,1011.63125,
2020-10-23,,,6.189583333333334,178.02083333333334,20.095833333333335,22.118750000000002,,,,,,,,,,,,,,20.491666666666667,30.702083333333334,0.5,,0.9,,8.1,262.6666666666667,13.822916666666666,1011.3916666666668,
2020-10-24,,,5.695744680851064,171.31914893617022,19.836170212765957,21.846808510638297,,,,,,,,,,,,,,20.070833333333333,30.724999999999998,0.7,,1.1,,10.0,278.2291666666667,13.727083333333333,1015.5500000000001,
2020-10-25,,,4.702083333333333,199.39583333333334,19.770833333333332,21.79375,,,,,,,,,,,,,,19.945833333333333,30.697916666666668,0.8,,1.1,,5.2,270.75,14.935416666666667,1017.9333333333334,
2020-10-26,,,5.23125,198.64583333333334,19.539583333333333,21.870833333333334,,,,,,,,,,,,,,19.704166666666666,30.858333333333334,0.4,,0.7,,4.7,254.08333333333334,15.433333333333332,1018.6708333333332,
2020-10-27,,,5.379166666666666,245.41666666666666,19.439583333333335,21.860416666666666,,,,,,,,,,,,32.67619047619048,164.0952380952381,20.0,31.864583333333332,0.4,,0.5,,4.2,267.9583333333333,16.279166666666665,1019.6604166666666,
2020-10-28,,,6.545833333333333,215.3125,19.23125,21.804166666666664,,,,,,,,,,,,22.97083333333333,184.29166666666666,19.962500000000002,33.135416666666664,0.4,,0.6,,4.3,268.1041666666667,17.0,1020.2541666666666,
2020-10-29,,,6.404166666666666,212.3125,18.947916666666668,21.645833333333332,,,,,,,,,,,,23.666666666666668,185.27083333333334,19.483333333333334,33.1,0.6,,1.0,,7.8,196.41666666666666,15.491666666666667,1021.74375,
2020-10-30,,,6.555555555555555,203.51111111111112,18.61777777777778,26.782222222222224,,,,,,,,,,,,19.685416666666665,194.02083333333334,19.535416666666666,33.110416666666666,1.5,,2.0,,11.4,101.95833333333333,15.387500000000001,1023.8625000000001,
2020-10-31,,,7.908333333333334,194.72916666666666,18.391666666666666,32.68333333333334,,,,,,,,,,,,21.037499999999998,143.1875,19.566666666666666,32.979166666666664,1.5,,2.1,,7.4,136.27083333333334,14.941666666666668,1025.3354166666666,
2020-11-01,,,7.6,171.0,18.4,32.7,,,,,,,,,,,,23.866666666666664,167.75,19.777083333333334,32.775,0.5,,0.9,,4.4,262.3958333333333,16.46875,1020.6750000000001,
2020-11-02,,,7.797916666666667,218.27083333333334,18.3125,32.60625,,,,,,,,,,,,21.95625,159.625,19.485416666666666,32.327083333333334,0.3,,0.5,,6.9,290.3333333333333,15.19375,1018.9375,
2020-11-03,,,7.464583333333334,193.04166666666666,18.175,32.608333333333334,,,,,,,,,,,,24.391666666666666,170.16666666666666,19.243750000000002,31.795833333333334,0.5,,0.9,,9.6,297.625,11.34375,1018.3166666666666,
2020-11-04,,,7.995744680851064,197.72340425531914,17.94255319148936,32.67446808510638,,,,,,,,,,,,24.683333333333334,175.16666666666666,18.997916666666665,31.441666666666666,0.5,,0.7,,7.2,261.2916666666667,9.670833333333333,1022.8416666666667,
2020-11-05,,,6.91875,191.52083333333334,17.8125,32.68541666666667,,,,,,,,,,,,6.8,260.0,19.3,31.4,0.4,,0.5,,1.4,322.0,9.4,1024.8,
2020-11-06,,,6.7875000000000005,211.64583333333334,17.802083333333332,32.67291666666667,,,,,,,,,,,,28.25208333333333,139.85416666666666,18.133333333333333,31.208333333333332,0.5,,0.8,,7.0,247.97916666666666,16.724999999999998,1021.9812499999999,
2020-11-07,,,6.842553191489362,189.40425531914894,17.819148936170212,32.6,,,,,,,,,,,,24.1125,195.125,18.527083333333334,30.933333333333334,0.7,,1.0,,8.1,237.97916666666666,18.416666666666668,1016.4895833333334,
2020-11-08,,,3.85,167.8125,17.752083333333335,32.50625,,,,,,,,,,,,17.1,218.08333333333334,18.900000000000002,30.956249999999997,0.8,,1.0,,9.1,271.5208333333333,15.160416666666668,1018.8541666666666,
2020-11-09,,,5.638297872340425,160.25531914893617,17.393617021276597,32.41489361702128,,,,,,,,,,,,11.370833333333332,189.35416666666666,18.604166666666668,31.01875,0.9,,1.3,,11.1,244.29166666666666,10.660416666666666,1022.8666666666667,
2020-11-10,,,4.3062499999999995,227.875,17.349999999999998,32.481249999999996,,,,,,,,,,,,13.085416666666667,198.33333333333334,18.427083333333332,31.15833333333333,0.5,,0.9,,5.3,234.875,11.19375,1026.4750000000001,
2020-11-11,,,5.427083333333333,164.20833333333334,17.1875,32.489583333333336,,,,,,,,,,,,17.247916666666665,173.22916666666666,18.25,31.141666666666666,0.7,,0.9,,4.9,214.52083333333334,12.191666666666668,1030.9895833333333,
2020-11-12,,,6.427083333333333,176.47916666666666,17.139583333333334,32.49791666666667,,,,,,,,,,,,25.037499999999998,156.66666666666666,18.158333333333335,30.87708333333333,0.7,,1.1,,4.7,252.72916666666666,14.029166666666667,1029.575,
2020-11-13,,,8.981250000000001,193.52083333333334,17.052083333333332,32.481249999999996,,,,,,,,,,,,21.637500000000003,174.41666666666666,18.266666666666666,30.5,0.4,,0.9,,6.2,230.70833333333334,15.041666666666666,1026.7770833333334,
2020-11-14,,,8.339583333333334,165.0,17.027083333333334,32.458333333333336,,,,,,,,,,,,25.625,137.75,18.527083333333334,30.802083333333332,1.4,,2.1,,8.8,117.16666666666667,15.929166666666667,1028.8708333333334,
2020-11-15,,,9.018749999999999,180.45833333333334,16.9875,32.479166666666664,,,,,,,,,,,,22.985416666666666,163.9375,18.185416666666665,30.506249999999998,1.1,,1.8,,8.4,280.6875,15.737499999999999,1026.2416666666666,
2020-11-16,,,11.766666666666666,208.625,16.98125,32.458333333333336,,,,,,,,,,,,31.1125,155.33333333333334,17.660416666666666,31.691666666666666,0.6,,0.9,,7.4,187.5625,15.360416666666666,1025.3770833333333,
2020-11-17,,,10.145833333333334,194.8125,17.054166666666667,32.427083333333336,,,,,,,,,,,,23.878723404255318,154.12765957446808,17.57872340425532,32.68936170212766,1.0,,1.5,,6.8,196.0,17.564583333333335,1025.0083333333334,
2020-11-18,,,10.247916666666667,196.6875,17.07916666666667,32.485416666666666,,,,,,,,,,,,27.291666666666668,177.52083333333334,17.639583333333334,32.427083333333336,0.9,,1.4,,6.4,243.72916666666666,18.066666666666666,1019.8729166666667,
2020-11-19,,,12.514583333333334,191.10416666666666,17.245833333333334,32.579166666666666,,,,,,,,,,,,23.2,173.58333333333334,17.150000000000002,32.21041666666667,2.7,,4.2,,15.0,220.0625,19.712500000000002,1008.9166666666666,
2020-11-20,,,7.416666666666667,192.89583333333334,17.177083333333332,32.40625,,,,,,,,,,,,24.200000000000003,163.46808510638297,16.5468085106383,31.970212765957445,0.9,,1.3,,7.9,224.70833333333334,13.78125,1013.525,
2020-11-21,,,6.074468085106383,180.87234042553192,16.93404255319149,32.304255319148936,,,,,,,,,,,,19.354166666666668,174.875,16.645833333333332,31.59375,1.5,,2.3,,9.4,133.14583333333334,11.285416666666668,1022.65,
2020-11-22,,,5.2749999999999995,159.95833333333334,16.820833333333333,32.31458333333333,,,,,,,,,,,,19.239583333333332,210.77083333333334,17.566666666666666,31.227083333333336,1.2,,1.6,,7.4,265.9583333333333,12.770833333333334,1019.4895833333334,
2020-11-23,,,7.291666666666667,152.66666666666666,16.470833333333335,32.18333333333334,,,,,,,,,,,,9.89787234042553,185.85106382978722,17.45531914893617,31.351063829787233,0.7,,1.0,,6.5,264.2916666666667,10.095833333333333,1023.7541666666666,
2020-11-24,,,5.03125,138.0,16.34375,32.24791666666667,,,,,,,,,,,,13.4375,215.1875,16.833333333333332,31.493750000000002,0.8,,1.2,,6.3,234.79166666666666,9.99375,1025.4708333333333,
2020-11-25,,,7.110416666666667,142.79166666666666,16.2,32.295833333333334,,,,,,,,,,,,15.029166666666667,183.29166666666666,17.087500000000002,31.53125,0.4,,0.6,,5.9,265.125,11.583333333333334,1024.1416666666667,
2020-11-26,,,6.445652173913044,126.73913043478261,16.33913043478261,32.26304347826087,,,,,,,,,,,,18.341666666666665,170.8125,16.868750000000002,31.504166666666666,0.4,,0.6,,6.7,250.125,10.741666666666667,1024.7104166666666,
2020-11-27,,,6.433333333333334,110.375,16.3125,32.27916666666666,,,,,,,,,,,,15.225,165.10416666666666,17.068749999999998,31.52916666666667,0.8,,1.0,,7.9,287.6458333333333,12.035416666666668,1021.8937500000001,
2020-11-28,,,5.885416666666667,147.75,16.002083333333335,32.25,,,,,,,,,,,,24.1125,172.95833333333334,17.639583333333334,31.745833333333334,1.3,,1.9,,7.7,264.4166666666667,6.872916666666666,1024.6937500000001,
2020-11-29,,,8.8,188.31914893617022,15.610638297872342,32.12765957446808,,,,,,,,,,,,19.083333333333332,162.0,17.554166666666667,31.7,1.1,,1.6,,5.6,273.2708333333333,6.285416666666666,1026.59375,
2020-11-30,,,6.959574468085107,173.87234042553192,15.48936170212766,32.04468085106383,,,,,,,,,,,,20.658333333333335,154.5625,17.020833333333332,31.564583333333335,0.5,,0.8,,6.0,250.47916666666666,6.6000000000000005,1031.3208333333334,
2020-12-01,,,6.829787234042553,208.0,15.274468085106383,31.944680851063833,,,,,,,,,,,,20.772916666666667,179.0625,16.566666666666666,31.48125,0.7,,0.9,,6.6,223.14583333333334,7.389583333333333,1032.4520833333333,
2020-12-02,,,7.5,167.0,14.9,31.8,,,,,,,,,,,,19.708333333333332,166.6875,16.520833333333332,31.516666666666666,0.7,,1.0,,7.2,140.72916666666666,9.49375,1027.5666666666666,
2020-12-03,,,9.602083333333333,189.16666666666666,15.139583333333334,31.72083333333333,,,,,,,,,,,,21.177083333333332,158.54166666666666,16.970833333333335,31.639583333333334,0.6,,0.9,,6.5,246.89583333333334,7.9624999999999995,1026.0083333333334,
2020-12-04,,,10.658333333333333,184.5,14.893749999999999,31.47083333333333,,,,,,,,,,,,20.89375,178.45833333333334,16.977083333333333,31.65625,0.7,,1.1,,6.3,298.4583333333333,6.366666666666667,1026.76875,
2020-12-05,,,11.272916666666667,176.39583333333334,14.68125,31.304166666666664,,,,,,,,,,,,18.572916666666668,174.41666666666666,16.89375,31.652083333333334,0.5,,0.7,,7.3,276.7083333333333,6.689583333333334,1028.0062500000001,
2020-12-06,,,9.704166666666667,192.58333333333334,14.835416666666667,31.020833333333332,,,,,,,,,,,,7.3,174.0,17.3,31.7,0.3,,0.4,,6.8,305.0,8.1,1027.5,
2020-12-07,,,7.527083333333334,122.29166666666667,14.685416666666667,30.806250000000002,,,,,,,,,,,,17.466666666666665,187.4375,16.375,31.64375,0.4,,0.6,,6.1,278.3125,8.86875,1025.6645833333334,
2020-12-08,,,7.408333333333334,102.66666666666667,14.56875,30.29375,,,,,,,,,,,,16.79574468085106,174.53191489361703,16.11063829787234,31.617021276595743,0.4,,0.6,,7.2,245.6875,6.1125,1026.2562500000001,
2020-12-09,,,7.364583333333333,141.16666666666666,14.335416666666667,30.177083333333332,,,,,,,,,,,,13.331249999999999,193.35416666666666,16.108333333333334,31.58125,0.5,,0.7,,5.2,280.5833333333333,6.2625,1024.89375,
2020-12-10,,,6.397916666666667,118.35416666666667,14.229166666666666,30.010416666666668,,,,,,,,,,,,15.460416666666667,201.70833333333334,15.983333333333334,31.483333333333334,0.4,,0.8,,4.0,277.6875,8.847916666666666,1021.0958333333333,
2020-12-11,,,6.91875,137.5,14.254166666666668,29.70625,,,,,,,,,,,,18.839583333333334,160.75,15.620833333333332,31.4375,0.3,,0.7,,6.1,288.7708333333333,10.34375,1018.6374999999999,
2020-12-12,,,8.577083333333333,153.83333333333334,14.149999999999999,29.370833333333334,,,,,,,,,,,,21.818749999999998,150.64583333333334,15.575000000000001,31.456249999999997,0.5,,0.6,,5.4,236.66666666666666,8.933333333333334,1016.6104166666668,
2020-12-13,,,11.664583333333333,167.70833333333334,14.1,29.243750000000002,,,,,,,,,,,,23.60625,160.16666666666666,15.106250000000001,31.616666666666664,0.7,,1.0,,9.8,262.2291666666667,7.822916666666667,1016.56875,
2020-12-14,,,10.897872340425533,175.93617021276594,13.87872340425532,29.06808510638298,,,,,,,,,,,,27.900000000000002,131.8125,14.383333333333333,31.8,1.6,,2.3,,11.3,246.25,1.3791666666666667,1023.7666666666668,
2020-12-15,,,12.351063829787234,177.19148936170214,13.580851063829787,28.851063829787233,,,,,,,,,,,,27.166666666666668,152.5625,14.450000000000001,31.71875,0.9,,1.4,,6.9,234.4375,1.5125,1027.9895833333333,
2020-12-16,,,11.504166666666668,187.58333333333334,13.397916666666667,28.943749999999998,,,,,,,,,,,,23.99791666666667,168.0625,14.477083333333333,31.697916666666668,0.7,,0.8,,8.8,280.9375,1.03125,1027.5520833333333,
2020-12-17,,,11.833333333333334,164.125,13.260416666666666,28.954166666666666,,,,,,,,,,,,22.989583333333332,148.64583333333334,14.225,31.816666666666666,0.8,,1.1,,7.2,277.9375,2.71875,1027.8979166666666,
2020-12-18,,,10.016666666666667,167.08333333333334,13.129166666666668,28.808333333333334,,,,,,,,,,,,23.922916666666666,127.8125,14.135416666666666,31.920833333333334,0.8,,1.1,,7.7,281.25,4.78125,1026.1499999999999,
2020-12-19,,,9.733333333333333,195.77083333333334,12.902083333333332,28.41875,,,,,,,,,,,,16.141666666666666,162.625,14.1625,31.991666666666664,1.0,,1.4,,9.8,224.95833333333334,3.03125,1027.96875,
2020-12-20,,,8.348936170212765,111.85106382978724,12.642553191489363,28.282978723404256,,,,,,,,,,,,22.931250000000002,127.0625,14.466666666666667,32.00416666666667,0.8,,1.2,,6.9,275.875,3.389583333333333,1029.5229166666666,
2020-12-21,,,7.5375000000000005,120.0,12.583333333333334,28.047916666666666,,,,,,,,,,,,27.860416666666666,72.89583333333333,15.460416666666667,32.05416666666667,0.6,,0.9,,8.1,268.2708333333333,4.65625,1027.7791666666667,
2020-12-22,,,6.2,121.4375,12.477083333333333,27.860416666666666,,,,,,,,,,,,10.879166666666668,115.14583333333333,16.520833333333332,32.06458333333334,0.5,,0.9,,7.4,260.6666666666667,6.55,1025.71875,
2020-12-23,,,5.40625,124.875,12.358333333333334,27.62708333333333,,,,,,,,,,,,9.752083333333333,179.625,16.83125,32.13333333333333,0.5,,0.8,,8.1,257.0625,7.914583333333333,1023.3395833333334,
2020-12-24,,,6.585416666666667,120.0625,12.325000000000001,27.485416666666666,,,,,,,,,,,,7.902083333333334,161.9375,17.25,32.06875,0.4,,0.7,,8.7,281.3958333333333,10.677083333333334,1015.4083333333333,
2020-12-25,,,4.812765957446809,141.25531914893617,12.004255319148937,27.06382978723404,,,,,,,,,,,,8.945833333333333,154.9375,16.462500000000002,32.05833333333333,0.6,,0.9,,7.7,298.5416666666667,4.902083333333334,1021.3645833333334,
2020-12-26,,,7.316666666666666,133.14583333333334,11.995833333333332,26.554166666666664,,,,,,,,,,,,11.533333333333333,153.875,15.5875,31.868750000000002,0.5,,0.7,,10.3,293.1666666666667,7.03125,1024.9270833333333,
2020-12-27,,,7.89375,165.83333333333334,12.077083333333334,26.397916666666664,,,,,,,,,,,,14.114583333333334,175.85416666666666,15.2875,31.73125,0.4,,0.6,,5.4,259.6666666666667,8.479166666666666,1022.13125,
2020-12-28,,,10.9125,184.39583333333334,12.200000000000001,26.264583333333334,,,,,,,,,,,,16.135416666666668,139.1875,14.8375,31.722916666666666,0.4,,0.7,,5.7,242.375,9.620833333333334,1022.1541666666667,
2020-12-29,,,8.989583333333334,194.22916666666666,12.414583333333333,25.84375,,,,,,,,,,,,26.727083333333336,113.3125,14.741666666666667,31.6875,0.4,,0.7,,8.3,298.4375,10.502083333333333,1017.6354166666666,
2020-12-30,,,10.71875,177.875,12.341666666666667,25.712500000000002,,,,,,,,,,,,21.631249999999998,122.66666666666667,14.266666666666666,31.506249999999998,1.3,,1.5,,13.0,283.8125,2.408333333333333,1015.7083333333334,
2020-12-31,,,13.072916666666666,175.04166666666666,12.09375,25.74791666666667,,,,,,,,,,,,31.014583333333334,97.125,14.141666666666666,31.46875,1.6,,2.2,,13.5,278.2916666666667,2.904166666666667,1022.7291666666666,
2021-01-01,,,11.408333333333333,171.79166666666666,12.089583333333332,25.59375,,,,,,,,,,,,24.266666666666666,115.5,13.952083333333334,31.404166666666665,0.9,,1.2,,7.6,259.4375,2.3270833333333334,1025.3125,
2021-01-02,,,6.2,104.0,12.1,25.5,,,,,,,,,,,,28.929166666666664,102.85416666666667,14.3375,31.454166666666666,0.9,,1.5,,7.6,289.8958333333333,2.8208333333333333,1026.04375,
2021-01-03,,,11.262500000000001,181.0625,12.1,25.272916666666664,,,,,,,,,,,,27.46382978723404,106.48936170212765,14.610638297872342,31.5531914893617,0.9,,1.5,,8.2,216.875,1.98125,1030.8062499999999,
2021-01-04,,,9.727083333333333,166.16666666666666,12.168750000000001,25.233333333333334,,,,,,,,,,,,28.75208333333333,101.91666666666667,14.891666666666666,31.635416666666668,1.0,,1.6,,6.6,253.72916666666666,4.052083333333333,1029.95,
2021-01-05,,,7.5562499999999995,197.22916666666666,12.137500000000001,25.037499999999998,,,,,,,,,,,,18.55,118.22916666666667,15.089583333333332,31.650000000000002,0.7,,1.0,,7.7,275.6875,5.189583333333333,1025.5833333333333,
2021-01-06,,,7.422916666666667,134.1875,11.827083333333334,24.75208333333333,,,,,,,,,,,,8.3,172.0,15.3,31.7,0.4,,0.5,,5.9,319.0,0.3,1025.1,
2021-01-07,,,8.293750000000001,130.625,11.297916666666666,24.50208333333333,,,,,,,,,,,,14.129166666666668,122.25,14.420833333333334,27.12708333333333,1.0,,1.3,,12.3,295.9375,4.15625,1020.75,
2021-01-08,,,9.527083333333334,130.64583333333334,10.950000000000001,24.375,,,,,,,,,,,,14.043750000000001,125.08333333333333,14.041666666666666,31.579166666666666,0.8,,1.2,,9.4,281.1458333333333,5.766666666666667,1021.7916666666666,
2021-01-09,,,8.285416666666666,109.83333333333333,11.020833333333334,24.295833333333334,,,,,,,,,,,,17.849999999999998,117.5625,13.602083333333333,31.52916666666667,0.7,,1.1,,10.2,288.6458333333333,3.345833333333333,1021.3645833333334,
2021-01-10,,,11.720833333333333,143.85416666666666,11.075000000000001,24.2375,,,,,,,,,,,,18.2,124.31914893617021,13.546808510638298,31.455319148936173,0.9,,1.2,,8.8,294.9583333333333,2.375,1025.3645833333333,
2021-01-11,,,11.625,185.77083333333334,11.1875,24.068749999999998,,,,,,,,,,,,27.15416666666667,104.95833333333333,13.458333333333334,31.4875,0.8,,1.4,,6.6,273.6666666666667,2.2708333333333335,1024.8166666666666,
2021-01-12,,,11.549999999999999,162.41666666666666,11.200000000000001,24.072916666666668,,,,,,,,,,,,33.329166666666666,103.04166666666667,14.135416666666666,31.462500000000002,0.5,,0.8,,7.1,275.8958333333333,2.6833333333333336,1018.1916666666666,
2021-01-13,,,12.804255319148934,170.91489361702128,11.229787234042552,24.0,,,,,,,,,,,,23.833333333333332,123.83333333333333,14.472916666666668,31.539583333333336,1.0,,1.4,,10.3,245.8125,7.8500000000000005,1016.4416666666666,
2021-01-14,,,10.477083333333333,186.04166666666666,11.325000000000001,23.954166666666666,,,,,,,,,,,,22.73125,159.70833333333334,14.554166666666667,31.522916666666664,1.0,,1.3,,5.4,216.85416666666666,9.497916666666667,1021.0770833333332,
2021-01-15,,,12.397916666666667,172.375,11.46875,24.022916666666664,,,,,,,,,,,,22.068749999999998,132.33333333333334,14.762500000000001,31.493750000000002,1.0,,1.4,,10.7,271.25,12.639583333333334,1016.2270833333333,
2021-01-16,,,9.995833333333334,196.375,11.61875,23.947916666666668,,,,,,,,,,,,20.3625,165.02083333333334,14.450000000000001,31.422916666666666,0.7,,1.1,,7.8,147.64583333333334,7.672916666666667,1018.8166666666666,
2021-01-17,,,10.68125,208.54166666666666,11.477083333333333,23.835416666666664,,,,,,,,,,,,18.485416666666666,153.52083333333334,14.414583333333333,30.10625,0.8,,1.2,,7.7,290.2708333333333,1.6104166666666666,1024.7895833333334,
2021-01-18,,,8.064583333333333,146.625,11.329166666666666,23.73125,,,,,,,,,,,,17.516666666666666,153.16666666666666,13.960416666666667,31.366666666666664,0.9,,1.2,,9.9,272.3333333333333,3.3645833333333335,1020.2291666666666,
2021-01-19,,,8.7875,115.125,11.116666666666667,23.695833333333336,,,,,,,,,,,,12.970833333333333,179.66666666666666,13.625,31.28125,0.8,,1.1,,6.8,146.375,2.0124999999999997,1029.5770833333333,
2021-01-20,,,6.1812499999999995,148.70833333333334,11.027083333333332,23.452083333333334,,,,,,,,,,,,16.28125,110.39583333333333,13.697916666666666,31.28125,0.8,,1.3,,5.0,264.3541666666667,5.797916666666667,1029.6791666666666,
2021-01-21,,,5.579166666666667,151.70833333333334,11.133333333333333,23.3125,,,,,,,,,,,,15.291666666666666,96.10416666666667,13.49375,31.204166666666666,0.6,,0.9,,8.1,249.875,9.65625,1023.8895833333332,
2021-01-22,,,2.733333333333333,170.02083333333334,11.377083333333333,23.15416666666667,,,,,,,,,,,,5.785416666666666,178.79166666666666,13.7125,31.1375,0.5,,0.9,,5.7,175.75,10.997916666666667,1018.24375,
2021-01-23,,,6.3125,176.47916666666666,11.458333333333334,22.912499999999998,,,,,,,,,,,,27.979166666666668,238.97916666666666,14.708333333333334,31.53125,3.2,,4.7,,14.8,48.0,11.741666666666667,1017.8041666666667,
2021-01-24,,,4.45625,142.64583333333334,11.275,22.879166666666666,,,,,,,,,,,,18.339583333333334,230.58333333333334,14.9375,31.722916666666666,2.6,,4.2,,13.1,47.75,10.804166666666667,1023.625,
2021-01-25,,,5.0562499999999995,216.29166666666666,11.264583333333334,22.777083333333334,,,,,,,,,,,,14.00625,212.08333333333334,15.041666666666666,31.704166666666666,1.5,,2.1,,9.1,58.9375,10.489583333333334,1026.53125,
2021-01-26,,,8.185416666666667,211.5,11.200000000000001,22.672916666666666,,,,,,,,,,,,16.318749999999998,165.91666666666666,15.227083333333333,31.575,1.2,,2.2,,8.2,195.10416666666666,9.579166666666667,1017.8270833333332,
2021-01-27,,,8.36875,196.70833333333334,11.266666666666666,22.650000000000002,,,,,,,,,,,,14.36875,150.83333333333334,14.670833333333334,31.489583333333332,0.7,,1.1,,12.0,210.5,8.049999999999999,1020.1145833333334,
2021-01-28,,,9.833333333333334,181.85416666666666,11.262500000000001,22.64375,,,,,,,,,,,,22.683333333333334,149.70833333333334,14.672916666666666,31.41875,0.8,,1.2,,12.4,297.0625,6.5874999999999995,1014.1541666666667,
2021-01-29,,,11.835416666666667,185.45833333333334,11.066666666666668,22.9375,,,,,,,,,,,,22.891666666666666,135.77083333333334,13.810416666666667,31.208333333333332,0.9,,1.5,,9.4,287.4166666666667,2.0416666666666665,1022.1125000000001,
2021-01-30,,,10.914583333333333,171.54166666666666,11.102083333333333,22.78125,,,,,,,,,,,,31.25208333333333,102.875,13.466666666666667,27.09166666666667,1.2,,1.7,,8.9,250.0625,4.814583333333333,1025.54375,
2021-01-31,,,10.560416666666667,175.375,11.235416666666666,22.75208333333333,,,,,,,,,,,,28.849999999999998,107.4375,13.322916666666666,31.412499999999998,1.7,,2.3,,9.0,238.83333333333334,8.166666666666666,1028.20625,
2021-02-01,,,10.504166666666666,170.52083333333334,11.299999999999999,23.025000000000002,,,,,,,,,,,,21.6125,129.45833333333334,13.091666666666667,31.787499999999998,1.8,,2.5,,11.0,212.5625,11.970833333333333,1016.0187500000001,
2021-02-02,,,2.9,179.0,11.1,23.1,,,,,,,,,,,,21.235416666666666,145.83333333333334,13.4625,31.75208333333333,1.0,,1.5,,8.3,289.8958333333333,4.660416666666666,1020.7083333333334,
2021-02-03,,,7.3374999999999995,167.125,11.208333333333334,23.14375,,,,,,,,,,,,21.26875,117.66666666666667,13.835416666666667,31.764583333333334,0.8,,1.2,,7.0,246.5625,2.2687500000000003,1025.2916666666667,
2021-02-04,,,6.5874999999999995,156.52083333333334,11.154166666666667,22.993750000000002,,,,,,,,,,,,17.285416666666666,141.25,14.002083333333333,31.77916666666667,0.7,,1.1,,7.5,238.8125,6.2437499999999995,1023.0895833333334,
2021-02-05,,,5.102083333333334,144.41666666666666,11.079166666666666,22.739583333333332,,,,,,,,,,,,12.177083333333334,141.3125,14.022916666666667,31.75208333333333,0.6,,0.9,,7.8,262.4166666666667,6.891666666666667,1021.28125,
2021-02-06,,,7.104166666666667,145.0,11.168750000000001,22.520833333333332,,,,,,,,,,,,15.0,237.0,13.3,31.8,0.5,,1.0,,3.2,222.0,8.8,1017.7,
2021-02-07,,,7.26875,137.5,11.289583333333333,22.370833333333334,,,,,,,,,,,,15.231250000000001,98.375,13.38125,31.74791666666667,0.7,,1.0,,6.5,252.52083333333334,10.635416666666666,1017.6687499999999,
2021-02-08,,,7.695833333333333,179.8125,11.24375,22.160416666666666,,,,,,,,,,,,21.477083333333336,104.39583333333333,12.914583333333333,31.62291666666667,1.3,,2.0,,7.5,188.375,4.866666666666666,1022.7833333333333,
2021-02-09,,,8.589583333333334,203.9375,11.168750000000001,22.008333333333336,,,,,,,,,,,,27.327083333333334,101.33333333333333,13.354166666666666,31.683333333333334,1.1,,1.7,,7.8,211.72916666666666,3.9875000000000003,1026.0458333333333,
2021-02-10,,,9.339583333333334,188.625,11.168750000000001,21.875,,,,,,,,,,,,18.029166666666665,175.14583333333334,13.647916666666667,31.51875,0.6,,0.9,,4.4,222.75,7.520833333333333,1023.4541666666668,
2021-02-11,,,10.014583333333333,192.04166666666666,11.158333333333333,21.883333333333336,,,,,,,,,,,,22.116666666666664,182.5625,13.495833333333332,31.520833333333332,0.5,,0.8,,5.4,211.9375,8.358333333333333,1024.6583333333333,
2021-02-12,,,12.185416666666667,175.29166666666666,11.210416666666667,21.87291666666667,,,,,,,,,,,,21.2625,162.0625,13.31875,31.383333333333336,0.4,,0.7,,6.1,267.1458333333333,10.541666666666666,1023.4645833333334,
2021-02-13,,,9.214583333333334,194.3125,11.360416666666666,21.787499999999998,,,,,,,,,,,,28.900000000000002,116.97916666666667,13.85,31.354166666666668,0.5,,0.7,,4.2,265.3541666666667,11.643749999999999,1023.3541666666666,
2021-02-14,,,11.591666666666667,206.125,11.354166666666666,21.670833333333334,,,,,,,,,,,,21.62291666666667,158.47916666666666,14.18125,30.458333333333332,0.7,,1.0,,3.4,243.54166666666666,13.049999999999999,1015.7166666666667,
2021-02-15,,,7.547916666666667,172.02083333333334,11.387500000000001,21.735416666666666,,,,,,,,,,,,22.277083333333334,163.97916666666666,14.354166666666666,31.277083333333334,0.6,,1.1,,15.0,258.0625,10.489583333333334,1005.8312500000001,
2021-02-16,,,9.597916666666666,193.85416666666666,11.19375,22.577083333333334,,,,,,,,,,,,18.79791666666667,138.0625,13.606250000000001,31.23125,0.9,,1.5,,10.2,262.6041666666667,3.247916666666667,1013.5875,
2021-02-17,,,7.79375,169.1875,10.954166666666666,22.597916666666666,,,,,,,,,,,,15.5875,127.14583333333333,13.245833333333332,31.09166666666667,0.9,,1.2,,13.8,293.8958333333333,1.4875,1014.4645833333334,
2021-02-18,,,8.791666666666666,160.64583333333334,10.566666666666666,22.433333333333334,,,,,,,,,,,,17.204166666666666,113.35416666666667,12.789583333333333,30.958333333333332,1.2,,1.6,,10.0,224.89583333333334,2.466666666666667,1018.6270833333333,
2021-02-19,,,6.4375,118.66666666666667,10.616666666666667,22.227083333333336,,,,,,,,,,,,26.625,35.5625,12.791666666666666,30.989583333333332,1.6,,2.0,,11.0,246.9375,5.58125,1017.09375,
2021-02-20,,,5.179166666666666,146.64583333333334,10.760416666666666,22.37291666666667,,,,,,,,,,,,23.46666666666667,65.58333333333333,12.774999999999999,30.941666666666666,1.6,,2.4,,10.9,212.16666666666666,12.379166666666668,1010.8604166666668,
2021-02-21,,,6.154166666666666,77.29166666666667,11.054166666666667,22.547916666666666,,,,,,,,,,,,12.862499999999999,65.33333333333333,13.112499999999999,30.900000000000002,1.6,,2.3,,11.7,209.02083333333334,14.372916666666667,1011.3458333333333,
2021-02-22,,,5.541666666666667,127.125,11.485416666666666,22.785416666666666,,,,,,,,,,,,14.541666666666666,89.875,13.102083333333333,30.724999999999998,1.4,,1.9,,11.1,181.52083333333334,14.414583333333333,1011.2354166666668,
2021-02-23,,,7.120833333333334,178.375,11.614583333333334,22.12291666666667,,,,,,,,,,,,14.052083333333334,117.8125,13.299999999999999,30.522916666666664,0.9,,1.4,,6.7,181.375,8.575000000000001,1021.3937500000001,
2021-02-24,,,7.716666666666666,181.85416666666666,11.460416666666667,21.770833333333332,,,,,,,,,,,,17.625,125.41666666666667,13.112499999999999,30.412499999999998,1.0,,1.5,,8.4,139.60416666666666,7.6499999999999995,1024.4458333333334,
2021-02-25,,,7.4937499999999995,169.14583333333334,11.460416666666667,21.510416666666668,,,,,,,,,,,,19.35625,123.625,13.785416666666668,30.3625,1.0,,1.6,,7.4,132.77083333333334,9.158333333333333,1023.1041666666666,
2021-02-26,,,9.168750000000001,214.77083333333334,11.404166666666667,21.414583333333336,,,,,,,,,,,,20.516666666666666,207.91666666666666,14.047916666666666,30.318749999999998,2.1,,3.3,,14.1,46.770833333333336,10.308333333333334,1021.9187499999999,
2021-02-27,,,8.95625,228.02083333333334,11.239583333333334,21.37708333333333,,,,,,,,,,,,23.568749999999998,199.0,14.264583333333334,30.297916666666666,3.1,,5.0,,14.4,61.145833333333336,8.910416666666666,1029.0916666666667,
2021-02-28,,,9.9625,197.79166666666666,11.185416666666667,21.256249999999998,,,,,,,,,,,,23.28333333333333,161.66666666666666,14.560416666666667,30.141666666666666,1.9,,3.2,,7.5,78.70833333333333,10.518749999999999,1026.8895833333333,
2021-07-01,,,23.115277777777777,197.35069444444446,23.578125,31.596527777777776,1.0,,1.5,,9.0,95.82986111111111,23.01388888888889,1006.9920138888889,,,,40.30763888888889,95.74305555555556,23.452777777777776,31.993750000000002,1.4,,2.2,,10.1,37.076388888888886,22.93576388888889,1006.9576388888888,
2021-07-02,,,10.502083333333333,178.72569444444446,24.021875,30.823611111111113,0.8,,1.4,,9.3,62.18055555555556,23.578472222222224,1009.0920138888889,,,,31.113888888888887,58.673611111111114,23.83090277777778,31.85590277777778,1.6,,2.5,,10.9,34.6875,23.477083333333333,1008.9326388888888,
2021-07-03,,,12.629166666666666,148.08680555555554,23.93298611111111,30.238888888888887,1.1,,1.9,,8.9,54.94097222222222,23.04340277777778,1009.1333333333334,,,,28.5411149825784,113.97909407665506,23.937979094076656,31.952613240418117,1.5,,2.3,,10.1,58.56794425087108,23.018466898954703,1009.0728222996516,
2021-07-04,,,16.447569444444444,112.67361111111111,24.490625,29.743402777777778,2.4,,3.7,,16.4,208.86805555555554,24.799999999999997,1005.0336805555556,,,,49.762369337979095,60.961672473867594,23.257142857142856,31.52229965156794,3.1,,4.7,,17.0,221.25783972125436,23.898606271777002,1005.5905923344948,
2021-07-05,,,12.894444444444444,164.54513888888889,22.6875,30.497222222222224,1.0,,1.5,,7.3,225.5,23.347569444444446,1009.7802083333333,,,,44.082578397212544,67.7630662020906,21.12752613240418,32.38641114982578,1.2,,1.8,,10.5,231.62020905923345,22.74459930313589,1010.0581881533102,
2021-07-06,,,23.95540069686411,120.98954703832753,19.521951219512196,30.7397212543554,1.4,,2.2,,12.4,210.72916666666666,22.630555555555556,1007.5701388888889,,,,51.560069444444444,81.13194444444444,19.597916666666666,32.13368055555556,1.6,,2.6,,15.2,231.12152777777777,22.451736111111114,1007.9524305555556,
2021-07-07,,,11.5,88.0,18.6,30.0,0.8,,1.0,,5.5,200.0,21.4,1008.9,,,,52.09512195121951,89.8362369337979,19.18327526132404,31.77247386759582,1.1,,1.8,,9.2,225.10069444444446,22.383333333333333,1008.4760416666666,
2021-07-08,,,22.66132404181185,158.3623693379791,18.210452961672473,29.939721254355405,0.8,,1.2,,6.4,151.97569444444446,21.625694444444445,1005.9034722222223,,,,62.28194444444445,92.85416666666667,20.744444444444444,30.275694444444444,1.0,,1.7,,7.6,142.84375,13.31140350877193,1006.0559027777776,
2021-07-09,,,30.47291666666667,182.12152777777777,20.021180555555556,29.174652777777776,0.9,,1.2,,4.2,116.66319444444444,21.702777777777776,1005.9145833333334,,,,66.99479166666667,88.83333333333333,21.081944444444446,30.20555555555556,1.3,,1.7,,6.5,96.02083333333333,,1005.9864583333333,
2021-07-10,,,11.770486111111111,176.03125,20.433680555555554,28.538541666666667,0.9,,1.5,,9.3,210.63888888888889,22.97048611111111,1008.1402777777779,,,,55.427083333333336,95.86805555555556,20.666319444444444,30.145833333333332,1.0,,1.7,,8.5,227.17708333333334,,1008.5861111111111,
2021-07-11,,,23.976041666666667,150.05902777777777,19.342708333333334,28.975347222222222,0.8,,1.2,,10.6,195.47222222222223,22.68125,1010.2204861111111,,,,77.0,60.0,19.5,31.1,0.8,,1.0,,4.0,236.0,,1010.9,
2021-07-12,,,24.02334494773519,139.68641114982577,18.598257839721253,29.18780487804878,0.7,,1.1,,8.8,200.91319444444446,22.411805555555556,1010.0364583333334,,,,63.78006993006993,77.17132867132867,20.625874125874127,30.467132867132868,0.7,,1.2,,8.5,227.92307692307693,,1010.4381118881118,
2021-07-13,,,32.920833333333334,144.38194444444446,18.188888888888886,29.174652777777776,0.6,,1.0,,9.5,201.03819444444446,22.384027777777778,1010.8760416666667,,,,65.92534722222223,63.14930555555556,20.51111111111111,30.297222222222224,0.7,,1.0,,7.2,231.3006993006993,24.211111111111112,1011.3642361111112,
2021-07-14,,,31.624652777777776,148.07986111111111,17.719791666666666,28.891666666666666,0.5,,0.9,,9.6,200.32638888888889,22.767708333333335,1012.5489583333333,,,,61.327083333333334,67.88541666666667,20.308680555555554,29.94965277777778,0.6,,1.0,,7.9,227.74305555555554,23.920486111111114,1012.9680555555556,
2021-07-15,,,24.833449477351916,162.81533101045295,18.17247386759582,28.409756097560976,0.4,,0.7,,4.4,122.84722222222223,24.009375,1015.0243055555555,,,,64.15,58.56293706293706,20.99895104895105,30.21748251748252,0.6,,0.8,,5.9,122.5909090909091,24.43006993006993,1015.0604895104894,
2021-07-16,,,29.033797909407667,170.18118466898954,20.292334494773517,27.52404181184669,0.5,,0.9,,5.4,113.30555555555556,24.696527777777778,1015.0749999999999,,,,80.96759581881534,47.153310104529616,23.35505226480836,29.5212543554007,0.7,,1.2,,8.7,63.420138888888886,24.606250000000003,1015.0878472222222,
2021-07-17,,,20.992361111111112,159.42361111111111,23.321875,26.414583333333333,1.5,,2.5,,6.7,83.76736111111111,25.49652777777778,1012.8791666666667,,,,78.19131944444445,42.15625,25.214930555555554,28.622916666666665,1.7,,2.8,,9.8,83.49652777777777,25.785416666666666,1012.8145833333333,
2021-07-18,,,19.405555555555555,215.48611111111111,24.54409722222222,26.271527777777777,0.7,,1.2,,5.4,99.77430555555556,25.880902777777777,1012.2631944444444,,,,55.153819444444444,51.25347222222222,25.578125,28.773958333333333,0.9,,1.7,,5.9,90.68055555555556,25.886805555555554,1012.2736111111111,
2021-07-19,,,14.857142857142858,178.5574912891986,25.41149825783972,26.327177700348432,0.6,,1.0,,3.4,139.26388888888889,26.241319444444443,1013.6020833333334,,,,56.57534722222223,59.479166666666664,25.806597222222223,27.413888888888888,0.6,,1.2,,5.2,118.07638888888889,26.081944444444446,1013.6173611111111,
2021-07-20,,,18.42787456445993,209.1602787456446,26.437630662020908,25.309407665505226,0.6,,1.2,,7.4,47.43055555555556,27.277430555555554,1014.4354166666667,,,,56.38701754385965,85.6280701754386,26.36140350877193,24.60456140350877,0.7,,1.4,,7.4,42.04912280701755,27.08035087719298,1014.4305263157895,
2021-07-21,,,21.002083333333335,211.59722222222223,26.678125,26.120833333333334,0.9,,1.4,,9.0,74.03472222222223,26.986805555555556,1012.8690972222222,,,,53.874652777777776,92.64930555555556,26.33888888888889,23.72222222222222,1.2,,1.9,,9.6,36.829861111111114,26.787847222222222,1012.7576388888889,
2021-07-22,,,23.902083333333334,196.54166666666666,26.4625,26.398611111111112,0.9,,1.6,,8.8,46.982638888888886,26.733333333333334,1011.4527777777779,,,,57.51631944444445,102.65277777777777,26.335416666666667,22.798958333333335,1.2,,1.8,,9.6,38.829861111111114,26.54201388888889,1011.3562499999999,
2021-07-23,,,33.403819444444444,195.58680555555554,26.553472222222222,26.84548611111111,0.7,,1.2,,8.0,79.25694444444444,26.536458333333332,1009.9093750000001,,,,62.03741258741259,100.78321678321679,26.30874125874126,22.344755244755245,0.8,,1.4,,8.1,35.42508710801394,26.38850174216028,1009.8703832752612,
2021-07-24,,,29.313541666666666,208.26736111111111,26.663888888888888,27.277430555555554,0.7,,0.9,,6.5,83.05902777777777,26.679861111111112,1009.1277777777777,,,,66.9090909090909,101.86363636363636,26.396153846153847,21.861888111888113,0.9,,1.2,,8.1,37.43205574912892,26.46759581881533,1009.0599303135889,
2021-07-25,,,29.35121951219512,189.75261324041813,26.74947735191638,27.269686411149824,1.3,,1.9,,5.9,58.59375,27.124652777777776,1007.6805555555555,,,,63.324210526315795,97.90526315789474,26.371478873239436,21.127464788732393,1.6,,2.3,,7.2,38.8815331010453,26.85191637630662,1007.6233449477353,
2021-07-26,,,25.75104895104895,218.35664335664336,26.587762237762238,26.763636363636362,1.3,,2.1,,5.0,74.11458333333333,27.135416666666668,1005.5878472222222,,,,70.19027777777778,104.40625,26.32534722222222,20.509027777777778,1.7,,2.7,,5.5,61.5625,28.106944444444444,1005.5718750000001,
2021-07-27,,,33.969097222222224,208.87847222222223,26.674305555555556,26.99513888888889,1.1,,1.5,,7.5,153.44097222222223,26.791666666666668,1003.5045138888888,,,,59.53894736842105,97.55438596491229,26.510526315789473,20.788771929824563,1.2,,1.6,,8.1,38.319298245614036,26.876491228070176,1003.5340350877193,
2021-07-28,,,20.416319444444444,158.18402777777777,26.936805555555555,27.24375,0.8,,1.2,,5.8,171.32986111111111,27.05798611111111,1003.2197916666667,,,,53.1616724738676,90.65853658536585,26.706271777003483,20.93240418118467,0.8,,1.4,,5.7,105.02090592334494,26.861324041811844,1003.2797909407665,
2021-07-29,,,16.72951388888889,166.66319444444446,27.386805555555554,27.831249999999997,0.8,,1.2,,3.8,224.875,26.76215277777778,1002.6427083333333,,,,41.20243055555555,73.27777777777777,26.957142857142856,21.34494773519164,1.0,,1.6,,4.0,207.30555555555554,28.094791666666666,1002.7729166666666,
2021-07-30,,,14.464930555555554,131.5,26.978125,27.433680555555554,0.8,,1.3,,10.0,223.09722222222223,26.740277777777777,1001.0930555555556,,,,51.737412587412585,52.33566433566433,26.4513986013986,21.454195804195802,0.9,,1.5,,8.8,227.21678321678323,39.53286713286713,1001.4548951048951,
2021-07-31,,,11.540277777777778,130.40277777777777,25.916319444444444,28.54930555555556,0.5,,0.8,,7.5,202.28472222222223,26.671875,1000.5732638888888,,,,69.12534722222222,46.642361111111114,25.49375,19.779166666666665,0.6,,1.0,,7.0,221.78472222222223,32.20381944444445,1000.842361111111,
2021-08-01,,,12.235069444444443,158.34722222222223,24.802083333333332,28.770833333333332,0.4,,0.8,,4.9,199.46527777777777,27.37326388888889,1000.5336805555556,,,,89.54405594405594,46.0,25.942307692307693,18.614685314685314,0.5,,0.9,,5.8,196.7027972027972,27.572727272727274,1000.6398601398602,
2021-08-02,,,14.991666666666667,185.60416666666666,25.105208333333334,28.890277777777776,0.4,,0.7,,7.3,225.21875,27.185416666666665,1003.2552083333334,,,,96.95121951219512,42.20557491289198,27.15923344947735,18.71602787456446,0.4,,0.7,,6.7,228.21951219512195,29.874564459930312,1003.4916376306619,
2021-08-03,,,16.689198606271777,237.54703832752614,25.18466898954704,28.448432055749127,0.7,,1.0,,8.6,235.16319444444446,26.363541666666666,1007.9288194444445,,,,80.39930555555556,44.989583333333336,27.070383275261324,18.92090592334495,0.9,,1.5,,10.5,238.14930555555554,30.62673611111111,1008.0690972222224,
2021-08-04,,,19.123611111111114,240.09722222222223,25.897916666666667,28.097916666666666,0.6,,1.0,,3.4,250.6875,27.589930555555554,1009.0927083333333,,,,66.71631944444444,93.84722222222223,26.680208333333333,18.99513888888889,0.9,,1.6,,3.5,233.79861111111111,34.66150793650794,1009.1999999999999,
2021-08-05,,,19.260069444444444,206.36111111111111,26.765972222222224,27.880902777777777,0.5,,0.9,,3.6,235.78472222222223,27.93298611111111,1006.3510416666666,,,,66.1079861111111,87.61111111111111,27.79201388888889,19.31423611111111,0.6,,0.9,,4.5,191.97916666666666,28.099305555555556,1006.4100694444444,
2021-08-06,,,16.280555555555555,212.71527777777777,27.464583333333334,27.433680555555554,0.5,,0.9,,5.5,157.35416666666666,28.131944444444443,1003.0527777777778,,,,65.0090909090909,80.34615384615384,27.93076923076923,24.806643356643356,0.7,,1.3,,5.4,132.609756097561,29.683508771929823,1003.0968641114982,
2021-08-07,,,17.0,31.0,27.7,27.7,0.4,,0.5,,2.0,318.0,27.8,1002.4,,,,65.83937282229965,105.4808362369338,27.9595818815331,34.093031358885014,0.8,,1.1,,6.0,114.68641114982579,28.3602787456446,1002.4418118466898,
2021-08-08,,,29.80034722222222,231.375,28.220833333333335,27.177430555555556,1.5,,2.1,,11.6,118.4375,26.13125,1002.2041666666667,,,,60.93066202090592,94.6829268292683,28.077700348432057,33.86620209059234,1.8,,2.7,,14.5,81.06271777003484,26.16341463414634,1002.0770034843205,
2021-08-09,,,30.850871080139374,223.09059233449477,27.848083623693377,27.14146341463415,2.5,,3.6,,10.0,200.17013888888889,26.314930555555556,1001.2440972222222,,,,52.33929824561404,102.21052631578948,27.49122807017544,33.86842105263158,3.3,,4.5,,10.1,182.3951048951049,26.607692307692307,1001.4405594405595,
2021-08-10,,,22.68397212543554,218.42857142857142,27.737630662020905,26.585365853658537,2.3,,3.0,,4.7,184.72569444444446,25.561805555555555,1009.0513888888888,,,,51.29825783972125,90.42857142857143,27.38780487804878,33.78745644599303,3.3,,4.7,,8.4,92.39024390243902,25.864111498257838,1009.0655052264808,
2021-08-11,,,17.081944444444446,137.09375,27.63576388888889,26.19027777777778,1.8,,2.6,,9.0,249.08333333333334,25.797569444444445,1010.6784722222224,,,,110.4,53.0,26.9,33.9,2.0,,2.9,,0.5,315.0,26.4,1010.8,
2021-08-12,,,12.206597222222221,116.6875,27.37152777777778,24.868055555555557,1.4,,2.1,,6.1,138.90625,26.049999999999997,1009.8413194444444,,,,39.498263888888886,103.82638888888889,26.97048611111111,33.75694444444444,1.9,,2.6,,6.3,106.03819444444444,26.05798611111111,1009.8663194444445,
2021-08-13,,,17.178048780487806,134.8397212543554,27.158885017421603,24.009407665505226,1.0,,1.6,,8.0,54.732638888888886,25.975,1005.9354166666667,,,,46.59756097560975,84.78048780487805,27.06829268292683,33.284668989547036,1.5,,2.3,,10.1,50.825783972125436,25.96376306620209,1005.8756097560976,
2021-08-14,,,10.600000000000001,170.96180555555554,27.01111111111111,23.999652777777776,1.8,,2.9,,10.1,108.75694444444444,24.836111111111112,1006.1996527777778,,,,30.202777777777776,111.29513888888889,26.672916666666666,33.189930555555556,2.5,,3.9,,11.8,39.49652777777778,25.021180555555556,1006.0538194444445,
2021-08-15,,,15.596527777777778,206.44791666666666,26.98263888888889,24.226388888888888,1.3,,2.0,,9.1,145.91319444444446,24.47951388888889,1013.0642361111111,,,,38.10486111111111,133.73958333333334,26.459375,33.300694444444446,1.6,,2.5,,9.6,28.836805555555557,24.84097222222222,1012.9614583333334,
2021-08-16,,,14.728472222222223,165.33333333333334,26.544791666666665,25.373958333333334,1.3,,2.0,,9.7,66.77083333333333,24.71388888888889,1014.2447916666666,,,,43.327777777777776,220.26041666666666,26.517013888888886,33.04791666666667,1.3,,2.1,,10.2,41.458333333333336,25.01215277777778,1014.0659722222222,
2021-08-17,,,11.102430555555555,130.34375,26.291666666666668,24.577083333333334,2.1,,3.3,,11.6,109.64236111111111,23.597569444444446,1008.2944444444444,,,,32.392361111111114,178.31944444444446,26.319791666666667,32.48923611111111,2.1,,3.0,,12.6,24.84375,23.793055555555554,1008.0934027777779,
2021-08-18,,,13.754355400696864,128.72822299651568,26.163414634146342,24.618466898954704,2.2,,3.5,,12.5,138.35763888888889,24.140277777777776,1008.3086805555556,,,,31.510104529616722,184.9651567944251,26.172822299651568,32.24355400696864,3.1,,5.0,,13.9,38.65625,24.219097222222224,1008.2076388888888,
2021-08-19,,,14.795789473684211,171.56491228070175,26.305263157894736,24.595438596491228,1.8,,2.8,,9.0,101.84722222222223,24.82361111111111,1010.4902777777778,,,,36.29651567944251,159.00696864111498,26.062369337979096,32.059581881533106,3.1,,4.3,,11.3,55.420138888888886,24.923958333333335,1010.5423611111112,
2021-08-20,,,27.688888888888886,91.37152777777777,26.25347222222222,24.60763888888889,0.7,,1.1,,5.5,195.00347222222223,24.989930555555556,1013.3465277777777,,,,43.5,133.07692307692307,26.103496503496505,31.71258741258741,1.4,,2.1,,4.8,179.15384615384616,24.92132867132867,1013.4122377622379,
2021-08-21,,,28.545993031358886,132.72473867595818,25.85609756097561,25.653310104529616,2.2,,3.3,,18.9,190.06271777003485,25.133797909407665,1007.4337979094076,,,,47.445296167247385,95.51219512195122,25.85104895104895,31.6013986013986,3.4,,5.6,,20.5,193.4878048780488,25.181533101045297,1007.7644599303137,
2021-08-22,,,25.97986111111111,176.81944444444446,24.818402777777777,26.467708333333334,1.7,,2.1,,9.6,203.82986111111111,26.109375,1008.1288194444444,,,,51.96585365853659,75.96864111498257,24.76411149825784,32.01080139372822,2.1,,3.5,,13.6,226.89930555555554,25.89513888888889,1008.4020833333333,
2021-08-23,,,28.063541666666666,157.14236111111111,22.836805555555557,27.069791666666667,0.9,,1.5,,10.9,198.82638888888889,23.84027777777778,1009.8347222222224,,,,56.26909722222222,76.5,22.594405594405593,31.795104895104895,1.2,,1.9,,14.3,157.60763888888889,23.752430555555556,1009.8371527777776,
2021-08-24,,,23.958391608391608,106.27622377622377,22.016433566433566,26.817132867132866,3.8,,5.4,,17.9,201.50347222222223,24.781944444444445,1001.1434027777777,,,,47.87986111111111,100.47569444444444,21.635416666666668,31.03888888888889,3.8,,5.2,,19.7,222.16666666666666,24.674305555555556,1001.5854166666666,
2021-08-25,,,27.427777777777777,151.48958333333334,19.365972222222222,27.29513888888889,1.7,,2.4,,12.3,196.08333333333334,22.367013888888888,1007.1086805555556,,,,41.653125,137.55555555555554,19.62326388888889,30.430902777777778,1.8,,2.9,,10.9,230.50347222222223,23.140972222222224,1007.3940972222222,
2021-08-26,,,21.716319444444444,193.71527777777777,19.370833333333334,26.951736111111114,1.5,,2.5,,8.3,170.86805555555554,22.896875,1011.7309027777778,,,,30.34006968641115,150.73170731707316,18.09547038327526,31.050871080139373,1.8,,2.8,,7.6,229.57142857142858,21.68362369337979,1012.0564459930314,
2021-08-27,,,15.97777777777778,159.11111111111111,20.925694444444446,27.123958333333334,1.1,,1.8,,10.3,168.72916666666666,23.50486111111111,1012.1763888888888,,,,29.97177700348432,167.25435540069685,18.949825783972127,30.519860627177703,1.1,,1.8,,9.3,229.38888888888889,23.234027777777776,1012.5774305555556,
2021-08-28,,,15.000696864111498,121.26132404181185,21.107317073170734,27.263414634146343,0.8,,1.3,,4.6,178.91666666666666,23.940624999999997,1012.9468750000001,,,,27.497909407665503,146.77351916376307,20.174564459930316,28.75644599303136,1.1,,1.8,,8.2,199.03135888501743,23.80278745644599,1013.0257839721255,
2021-08-29,,,18.610452961672472,224.7595818815331,22.570731707317073,27.097909407665508,0.7,,1.3,,8.9,102.71875,24.102083333333333,1012.701736111111,,,,21.46597222222222,116.44097222222223,21.154166666666665,27.227083333333333,0.9,,1.3,,8.8,209.34375,24.436805555555555,1012.8826388888889,
2021-08-30,,,25.153819444444444,258.15625,24.193055555555556,26.752430555555556,0.5,,0.9,,3.8,185.5625,24.932291666666668,1014.9805555555556,,,,28.17062937062937,198.30769230769232,22.711888111888115,27.397902097902097,0.5,,0.9,,5.0,149.3881118881119,24.68951048951049,1015.0503496503497,
2021-08-31,,,19.445833333333333,180.89583333333334,24.945138888888888,26.047916666666666,0.4,,0.6,,8.6,198.3125,24.528819444444444,1014.9138888888889,,,,27.442160278745643,157.20905923344947,24.61149825783972,28.950871080139372,0.4,,0.7,,7.2,127.4006968641115,24.53205574912892,1014.9557491289198,
2021-09-01,,,10.510069444444445,160.69444444444446,25.057291666666668,,1.2,,2.0,,9.8,149.13194444444446,24.025694444444444,1009.6986111111112,,,,30.82881944444445,104.06597222222223,25.826480836236932,,1.4,,2.4,,12.0,147.40625,24.429513888888888,1009.7524305555556,
2021-09-02,,,17.08923611111111,199.34375,25.306597222222223,,1.4,,2.0,,8.5,145.34722222222223,22.555208333333333,1010.2302083333333,,,,46.43626373626374,189.83576642335765,25.091970802919707,,1.7,,2.3,,10.1,36.269090909090906,22.719272727272728,1010.0905454545456,
2021-09-03,,,16.85853658536585,120.26829268292683,25.19233449477352,,1.4,,2.2,,10.2,168.0801393728223,22.058885017421602,1009.0177700348431,,,,34.98006993006993,102.52447552447552,25.273426573426573,,1.8,,2.8,,12.3,23.18815331010453,22.629965156794427,1008.734843205575,
2021-09-04,,,21.137282229965155,132.54703832752614,25.25609756097561,,1.6,,2.3,,10.9,184.20138888888889,23.057291666666668,1014.3000000000001,,,,46.98506944444445,102.72569444444444,25.140277777777776,,2.3,,3.2,,11.5,40.06944444444444,23.335069444444443,1014.1701388888889,
2021-09-05,,,19.693379790940767,130.54006968641116,25.465853658536584,,1.1,,1.8,,9.7,163.95138888888889,23.30902777777778,1017.5256944444445,,,,42.03205574912892,97.59233449477352,25.10034843205575,,1.6,,2.6,,11.4,32.1219512195122,23.531358885017422,1017.3951219512196,
2021-09-06,,,21.180902777777778,193.07986111111111,25.286805555555556,,1.6,,3.0,,10.2,108.31597222222223,23.880208333333332,1017.1694444444444,,,,39.90833333333333,122.38541666666667,24.992361111111112,,2.1,,3.2,,10.9,46.12847222222222,24.059375000000003,1017.0576388888888,
2021-09-07,,,33.0,56.0,25.2,,1.2,,1.5,,6.7,47.0,24.4,1015.2,,,,40.037499999999994,123.87847222222223,25.013194444444444,,2.2,,3.1,,10.4,161.76041666666666,25.181597222222223,1010.1246527777779,
2021-09-08,,,21.323076923076922,132.24125874125875,25.113286713286712,,0.9,,1.3,,5.6,168.9651567944251,24.6390243902439,1009.1543554006968,,,,47.58229166666667,91.63194444444444,24.76445993031359,,1.1,,1.7,,7.2,175.88888888888889,24.677430555555556,1009.3010416666667,
2021-09-09,,,27.541608391608392,121.3881118881119,25.195454545454545,,0.5,,0.8,,3.7,228.0871080139373,23.47491289198606,1013.687456445993,,,,51.59754385964912,80.65263157894736,24.81684210526316,,0.8,,1.2,,3.9,206.74035087719298,23.579298245614037,1013.7642105263158,
2021-09-10,,,22.097552447552445,90.78321678321679,24.5,,0.5,,0.7,,6.9,265.16083916083915,23.346503496503498,1013.6258741258741,,,,40.05594405594405,89.9895104895105,24.654895104895104,,0.6,,0.8,,6.3,258.1048951048951,23.566083916083915,1013.809090909091,
2021-09-11,,,20.491319444444443,133.95833333333334,24.18472222222222,,0.3,,0.5,,5.8,250.11805555555554,24.209027777777777,1012.532638888889,,,,62.4,55.0,24.3,,0.2,,0.3,,5.7,248.0,23.8,1013.6,
2021-09-12,,,17.77902097902098,181.76573426573427,23.96888111888112,,0.6,,0.9,,6.6,149.62717770034843,23.829616724738678,1012.7585365853658,,,,36.196875000000006,91.25,23.782638888888886,,0.8,,1.3,,7.2,108.13888888888889,23.799999999999997,1012.7791666666667,
2021-09-13,,,13.971527777777778,228.33333333333334,23.976736111111112,,1.7,,2.2,,8.6,53.27430555555556,23.984375,1017.28125,,,,30.853658536585368,132.794425087108,24.070383275261324,,2.7,,3.4,,9.9,45.98257839721254,24.085365853658537,1017.0358885017421,
2021-09-14,,,16.29163763066202,182.4843205574913,24.29303135888502,,2.2,,3.2,,13.0,71.97212543554006,22.425783972125434,1015.0993031358885,,,,41.68815331010453,109.3170731707317,24.517770034843206,,3.1,,4.2,,14.9,43.197916666666664,22.583680555555556,1014.7868055555555,
2021-09-15,,,20.531818181818185,218.83216783216784,24.386713286713288,,2.4,,3.7,,13.7,42.05244755244755,23.65944055944056,1015.406993006993,,,,32.83741258741259,147.30769230769232,24.35909090909091,,3.4,,4.9,,15.4,53.57839721254356,23.70348432055749,1014.9783972125435,
2021-09-16,,,19.344405594405593,195.62587412587413,24.462937062937062,,1.8,,2.8,,9.6,70.2132867132867,23.557692307692307,1012.8499999999999,,,,33.201388888888886,129.81944444444446,24.234375,,2.6,,3.7,,12.0,53.71180555555556,23.803472222222222,1012.5552083333334,
2021-09-17,,,24.09686411149826,169.66898954703834,24.31533101045296,,3.4,,5.0,,15.0,23.21254355400697,21.366898954703835,1007.4062717770034,,,,32.146153846153844,147.3986013986014,24.057342657342655,,3.5,,5.0,,18.6,29.67132867132867,21.478321678321677,1006.7506993006994,
2021-09-18,,,18.217894736842105,204.0421052631579,24.068421052631578,,2.9,,4.5,,10.5,140.70877192982456,22.77122807017544,1013.4185964912281,,,,28.336111111111112,129.03819444444446,23.89027777777778,,2.9,,4.0,,10.9,57.541666666666664,22.864583333333332,1013.4333333333333,
2021-09-19,,,20.990243902439023,127.17421602787456,23.97177700348432,,1.4,,2.2,,9.9,111.13240418118467,22.624738675958188,1015.995818815331,,,,33.307317073170736,139.89547038327527,23.818815331010452,,1.7,,2.8,,10.3,32.63414634146341,22.73623693379791,1015.8905923344947,
2021-09-20,,,20.953873239436618,169.4049295774648,24.086267605633804,,1.2,,2.1,,7.6,142.58245614035087,22.87157894736842,1013.4905263157895,,,,38.76864111498258,148.4006968641115,23.777351916376308,,1.6,,2.4,,8.6,80.59722222222223,23.05902777777778,1013.4177083333333,
2021-09-21,,,17.55993031358885,115.84320557491289,23.94529616724739,,1.6,,2.4,,11.1,225.02787456445992,23.741463414634147,1007.5073170731706,,,,47.38286713286713,108.4895104895105,23.60909090909091,,2.0,,2.9,,11.1,227.93728222996515,23.749825783972124,1007.7679442508712,
2021-09-22,,,17.88661971830986,128.69366197183098,23.693661971830984,,1.0,,1.4,,14.9,216.79649122807018,23.42842105263158,1008.8652631578947,,,,54.560763888888886,48.65277777777778,23.47152777777778,,1.0,,1.6,,12.3,229.43402777777777,23.398263888888888,1009.0895833333333,
2021-09-23,,,16.61263157894737,136.51228070175438,23.32771929824561,,0.6,,1.0,,7.6,245.58041958041957,23.157692307692308,1015.4472027972029,,,,54.843402777777776,46.09375,23.456249999999997,,0.8,,1.2,,7.9,281.02777777777777,23.534374999999997,1015.5427083333333,
2021-09-24,,,15.34877192982456,178.54736842105262,23.288771929824563,,0.8,,1.4,,10.6,191.9859649122807,21.605263157894736,1021.7231578947368,,,,32.44444444444444,60.46180555555556,23.20798611111111,,1.3,,2.0,,10.2,131.44097222222223,21.88888888888889,1021.6614583333334,
2021-09-25,,,18.12288732394366,206.55633802816902,23.591901408450706,,2.0,,2.9,,10.2,70.5859649122807,23.12456140350877,1021.8712280701754,,,,33.81428571428572,106.8362369337979,23.451219512195124,,2.6,,4.1,,10.7,57.03819444444444,23.055902777777778,1021.7430555555555,
2021-09-26,,,13.41060070671378,242.9399293286219,23.735689045936397,,1.6,,2.4,,10.3,78.20070422535211,22.445774647887326,1019.9577464788732,,,,36.73368421052632,119.74385964912281,23.40982456140351,,2.4,,3.4,,11.5,43.4808362369338,22.489547038327526,1019.8240418118467,
2021-09-27,,,21.77703180212014,214.98586572438163,23.73992932862191,,1.3,,2.0,,9.2,103.19718309859155,21.60387323943662,1016.0915492957746,,,,30.247552447552444,133.83216783216784,23.39965034965035,,2.0,,3.1,,9.6,31.634146341463413,21.85853658536585,1015.9839721254356,
2021-09-28,,,9.03006993006993,216.6153846153846,23.81993006993007,,0.8,,1.3,,7.0,161.43006993006992,22.336013986013988,1013.4527972027972,,,,35.476491228070174,109.27368421052631,23.548070175438596,,1.1,,1.8,,7.6,27.72473867595819,22.454703832752614,1013.4031358885018,
2021-09-29,,,15.758741258741258,165.91608391608392,23.97097902097902,,0.8,,1.4,,9.3,242.6818181818182,23.762937062937063,1008.9076923076922,,,,42.71468531468531,106.92657342657343,23.663636363636364,,0.9,,1.6,,8.1,202.993006993007,23.596503496503498,1009.1314685314685,
2021-09-30,,,14.36338028169014,197.00704225352112,23.804577464788732,,0.8,,1.3,,9.2,126.69718309859155,22.448591549295774,1007.8095070422536,,,,41.28541666666667,126.48958333333333,23.535069444444442,,1.2,,1.6,,10.4,82.92708333333333,22.484722222222224,1007.7197916666667,
2021-10-01,,,28.05,206.23758865248226,24.152127659574468,,0.6,,1.0,,6.7,216.53710247349824,21.987985865724383,1008.2681978798587,,,,27.936013986013986,116.36013986013987,23.701748251748253,,0.8,,1.3,,5.6,217.8885017421603,22.181184668989548,1008.3682926829268,
2021-10-02,,,11.814642857142857,135.70714285714286,23.906071428571426,,0.6,,1.0,,6.0,255.91785714285714,22.309285714285714,1013.2585714285715,,,,46.58292682926829,107.50174216027875,23.730877192982458,,0.7,,1.3,,7.0,265.8397212543554,22.499651567944248,1013.351567944251,
2021-10-03,,,18.399645390070923,165.59929078014184,24.19468085106383,,0.5,,0.8,,5.6,252.96099290780143,22.586170212765957,1020.4329787234042,,,,36.89119718309859,105.4225352112676,23.925088339222615,,0.7,,1.0,,3.9,265.7412587412587,23.08041958041958,1020.5825174825173,
2021-10-04,,,22.149469964664313,127.77031802120142,23.902826855123674,,1.0,,1.5,,11.0,218.8838028169014,24.2693661971831,1021.3295774647886,,,,55.494773519163765,51.714285714285715,23.850174216027874,,1.2,,1.9,,9.1,232.3588850174216,24.386411149825783,1021.7376306620209,
2021-10-05,,,26.864874551971326,148.67741935483872,23.620430107526882,,0.6,,0.9,,9.7,186.99283154121864,23.90394265232975,1020.7462365591398,,,,67.49290780141844,49.819148936170215,23.940860215053764,,0.7,,1.2,,8.9,194.92280701754385,24.017192982456137,1021.0245614035088,
2021-10-06,,,33.75921985815603,160.52836879432624,24.393262411347518,,1.4,,2.1,,5.9,152.51418439716312,22.76985815602837,1019.5460992907801,,,,58.00985915492957,61.559859154929576,24.070422535211268,,2.1,,2.4,,7.2,83.29824561403508,22.885964912280702,1019.6136842105263,
2021-10-07,,,15.16042402826855,144.4946996466431,24.12685512367491,,1.0,,1.5,,8.9,264.0424028268551,22.88127208480565,1016.5872791519434,,,,53.519512195121955,66.10104529616724,23.843205574912893,,1.9,,2.5,,7.4,255.93055555555554,23.038541666666667,1016.7885416666666,
2021-10-08,,,8.1,149.0,24.0,,0.5,,0.7,,2.6,348.0,21.5,1017.7,,,,48.684615384615384,90.06643356643356,23.693356643356644,,1.0,,1.5,,8.3,61.55244755244755,22.78006993006993,1019.7716783216783,
2021-10-09,,,19.0209219858156,155.54609929078015,23.95780141843972,,1.2,,1.7,,6.7,117.9290780141844,23.909929078014187,1021.9138297872341,,,,50.73784722222222,116.26388888888889,24.071527777777778,,1.4,,2.4,,7.3,47.00347222222222,23.923958333333335,1021.8479166666667,
2021-10-10,,,22.191397849462366,158.82437275985663,24.053763440860216,,1.1,,1.7,,9.0,240.36559139784947,23.759498207885304,1018.1713261648745,,,,64.34877192982457,87.82456140350877,24.06561403508772,,1.5,,2.4,,7.1,259.9614035087719,23.84140350877193,1018.4877192982456,
2021-10-11,,,33.971276595744676,230.5744680851064,23.708510638297874,,1.7,,2.2,,11.4,136.10283687943263,21.05354609929078,1018.6414893617022,,,,47.05191637630662,133.41463414634146,23.514285714285716,,1.8,,3.0,,13.5,89.3205574912892,21.356794425087106,1018.4226480836237,
2021-10-12,,,32.61115107913669,139.4388489208633,23.79244604316547,,2.3,,3.9,,11.5,72.65107913669065,18.41690647482014,1023.9535971223021,,,,11.6,241.0,22.9,,1.9,,2.5,,12.3,55.0,19.7,1021.1,
2021-10-13,,,17.443214285714287,120.91785714285714,23.498571428571427,,1.9,,2.9,,8.9,131.17142857142858,19.76892857142857,1023.8617857142857,,,,33.771328671328675,123.83566433566433,23.404195804195805,,2.2,,3.4,,10.9,24.68402777777778,20.213541666666668,1023.6152777777778,
2021-10-14,,,12.660854092526689,160.44128113879003,23.577224199288256,,1.5,,2.3,,5.5,260.38434163701066,21.181494661921707,1019.1512455516014,,,,41.51149825783972,120.99303135888502,23.52229965156794,,2.0,,2.7,,7.0,220.04513888888889,21.60590277777778,1019.2440972222222,
2021-10-15,,,12.824820143884892,139.82374100719426,23.61546762589928,,0.7,,1.4,,8.9,218.45323741007195,20.947122302158274,1016.3719424460432,,,,26.047916666666666,120.34375,23.58090277777778,,1.1,,1.7,,8.9,144.03472222222223,21.39548611111111,1016.3798611111112,
2021-10-16,,,11.418928571428571,164.26785714285714,23.64892857142857,,1.0,,1.4,,8.0,231.18571428571428,16.806785714285713,1017.5949999999999,,,,20.860069444444445,123.58333333333333,23.44375,,1.5,,2.9,,9.0,252.76736111111111,17.279861111111114,1017.5958333333333,
2021-10-17,,,13.784172661870503,147.55755395683454,23.150359712230216,,1.3,,1.9,,11.6,274.76978417266184,11.630575539568346,1023.3176258992805,,,,26.335540069686413,160.05923344947735,23.096874999999997,,1.9,,3.2,,9.2,235.27083333333334,12.284722222222221,1023.3062500000001,
2021-10-18,,,16.74568345323741,165.70863309352518,23.20863309352518,,0.9,,1.5,,6.7,268.96043165467626,13.442086330935252,1022.6661870503598,,,,36.50972222222222,145.77777777777777,22.780902777777776,,1.3,,2.0,,5.7,269.7395833333333,14.082638888888889,1022.6961805555555,
2021-10-19,,,16.300727272727272,156.4909090909091,23.176727272727273,,0.5,,0.7,,6.5,272.08363636363634,15.57090909090909,1017.6189090909091,,,,39.206944444444446,135.9375,22.34494773519164,,0.6,,1.0,,6.8,284.78472222222223,16.12777777777778,1017.7239583333334,
2021-10-20,,,17.194160583941606,160.82481751824818,22.5514598540146,,1.0,,1.7,,7.5,210.68,14.268363636363636,1019.7810909090908,,,,37.250522648083624,124.68989547038328,21.961324041811846,,1.5,,2.4,,7.2,172.54006968641116,14.340069686411152,1019.7783972125436,
2021-10-21,,,19.377372262773722,135.7810218978102,22.04963503649635,,1.3,,1.9,,6.7,227.56569343065692,13.903649635036496,1018.466788321168,,,,33.13776223776224,142.55594405594405,21.88006993006993,,1.9,,3.0,,7.9,129.3846153846154,14.015734265734265,1018.3713286713287,
2021-10-22,,,20.305797101449276,124.59057971014492,22.31195652173913,,2.7,,3.2,,9.4,273.27536231884056,14.681159420289855,1019.1101449275363,,,,32.64878048780488,100.98257839721255,21.67132867132867,,2.6,,3.5,,9.7,268.74564459930315,14.973170731707318,1019.0543554006967,
2021-10-23,,,21.757246376811594,150.83333333333334,22.39061371841155,,2.0,,2.8,,8.8,231.7942238267148,15.557039711191337,1026.642238267148,,,,32.99268292682927,117.90592334494774,21.819512195121952,,2.4,,3.8,,8.5,175.60627177700349,16.05261324041812,1026.6191637630664,
2021-10-24,,,16.394565217391303,159.56521739130434,21.848188405797103,,1.1,,1.7,,4.7,265.2274368231047,16.15595667870036,1025.5490974729241,,,,39.953658536585365,111.14982578397212,21.425524475524476,,1.3,,1.8,,5.2,254.79790940766551,16.49233449477352,1025.5728222996518,
2021-10-25,,,19.809747292418773,110.64259927797833,21.906859205776172,,0.6,,0.9,,5.4,248.40794223826714,16.907942238267147,1021.2469314079423,,,,44.477003484320555,109.74216027874564,21.786062717770037,,0.7,,1.2,,4.8,245.11498257839722,17.404878048780485,1021.2766550522649,
2021-10-26,,,21.228363636363635,162.1418181818182,21.972363636363635,,0.4,,0.7,,6.8,275.7418181818182,16.215999999999998,1019.1214545454546,,,,51.99791666666667,94.32638888888889,21.46423611111111,,0.6,,1.0,,5.0,224.07986111111111,16.627430555555556,1019.1565972222221,
2021-10-27,,,24.12463768115942,188.0253623188406,21.841304347826085,,0.3,,0.5,,4.5,253.04693140794222,17.34440433212996,1017.7393501805054,,,,48.27013888888889,108.86805555555556,21.17909407665505,,0.4,,0.7,,5.4,277.40625,17.974652777777777,1017.779861111111,
2021-10-28,,,8.69087591240876,138.77372262773721,21.54963503649635,,1.2,,10.3,,10.6,218.20727272727274,16.849090909090908,1021.2745454545454,,,,43.76770833333333,107.1875,21.04006968641115,,1.7,,2.7,,11.9,107.61458333333333,17.732291666666665,1021.1159722222224,
2021-10-29,,,16.20035842293907,196.584229390681,21.531541218637994,,1.2,,1.8,,10.7,118.87813620071685,17.31075268817204,1024.4956989247312,,,,32.541463414634144,112.88153310104529,21.14355400696864,,1.8,,2.9,,11.7,63.285714285714285,17.582229965156795,1024.337282229965,
2021-10-30,,,15.564444444444444,212.03333333333333,20.921481481481482,,1.2,,1.7,,6.5,250.55719557195573,17.063837638376384,1023.3369003690036,,,,30.762020905923347,91.60627177700349,20.73170731707317,,1.5,,2.4,,6.2,204.86111111111111,17.240625,1023.3378472222222,
2021-10-31,,,15.615579710144926,141.9855072463768,20.617391304347827,,0.8,,1.2,,5.3,242.31768953068593,16.590613718411554,1023.1740072202166,,,,34.99014084507043,101.78169014084507,20.408070175438596,,0.9,,1.4,,4.8,225.84912280701755,17.08561403508772,1023.2526315789473,
2021-11-01,,,14.573260073260073,139.44688644688645,21.020146520146522,,0.4,,0.7,,6.8,272.25274725274727,17.156410256410254,1021.8545787545787,,,,28.723693379790944,93.01393728222996,20.88780487804878,,0.5,,0.8,,6.6,308.9024390243902,17.78432055749129,1021.9494773519164,
2021-11-02,,,25.126199261992618,152.85239852398524,21.31070110701107,,0.4,,0.7,,6.4,254.04059040590406,15.354243542435425,1019.9549815498154,,,,32.044755244755244,119.72727272727273,21.041958041958043,,0.6,,1.1,,6.1,231.2822299651568,15.671080139372824,1020.0257839721255,
2021-11-03,,,25.68058608058608,174.996336996337,21.15604395604396,,0.9,,1.3,,9.9,246.97445255474452,15.426277372262774,1017.5952554744524,,,,33.67964285714285,124.27857142857142,20.456603773584906,,1.7,,2.5,,7.9,238.69964664310953,15.806007067137811,1017.6830388692579,
2021-11-04,,,23.79040590405904,156.60516605166052,21.018819188191884,,0.9,,1.4,,5.9,224.3210332103321,15.981180811808116,1018.6007380073801,,,,40.23135888501742,142.1184668989547,,,1.3,,1.9,,5.0,229.6875,16.48923611111111,1018.7010416666667,
2021-11-05,,,33.35410447761194,158.22014925373134,20.523880597014923,,0.9,,1.3,,7.3,180.8097014925373,17.3410447761194,1020.5220149253732,,,,39.566319444444446,128.99652777777777,,,1.1,,1.6,,7.3,133.00347222222223,17.430902777777778,1020.5256944444445,
2021-11-06,,,26.60597014925373,167.30223880597015,19.66044776119403,,1.4,,2.2,,9.3,98.4275092936803,17.618587360594795,1019.9063197026022,,,,43.13832752613241,121.21951219512195,,,1.8,,2.7,,11.0,37.181184668989545,17.948083623693382,1019.7560975609756,
2021-11-07,,,25.195167286245354,165.6728624535316,19.844981412639406,,1.8,,2.9,,10.0,79.97397769516729,18.91524163568773,1019.9914498141264,,,,36.67979094076655,140.3588850174216,,,2.2,,3.6,,11.1,71.93379790940766,19.142857142857142,1019.890243902439,
2021-11-08,,,29.3,21.0,20.0,,1.3,,1.9,,5.5,149.0,20.3,1016.6,,,,37.50833333333333,116.57638888888889,,,2.6,,3.8,,15.4,230.99652777777777,16.64340277777778,1011.6586805555556,
2021-11-09,,,23.10631970260223,204.62453531598513,18.97546468401487,,1.0,,1.6,,7.0,262.2453531598513,11.222304832713755,1011.3085501858736,,,,48.3602787456446,115.25087108013938,,,1.3,,2.2,,11.1,265.03484320557493,11.282578397212543,1011.5271777003484,
2021-11-10,,,17.72761194029851,165.06716417910448,17.973507462686566,,1.3,,2.0,,9.2,257.2379182156134,10.884014869888476,1007.4747211895912,,,,39.155944055944055,113.03846153846153,,,1.7,,2.5,,8.5,271.0383275261324,11.009059233449477,1007.6937282229965,
2021-11-11,,,19.62851851851852,197.85185185185185,17.47925925925926,,1.0,,1.5,,8.6,274.5037037037037,11.44925925925926,1010.5362962962962,,,,39.88715277777778,121.41666666666667,,,1.3,,1.8,,8.7,276.27430555555554,11.586805555555555,1010.6927083333334,
2021-11-12,,,13.278438661710037,179.06691449814127,17.224907063197026,,0.7,,1.1,,9.8,267.1561338289963,9.723791821561338,1016.0907063197027,,,,9.8,178.0,,,0.6,,0.9,,3.1,256.0,9.8,1012.8,
2021-11-13,,,12.797435897435896,124.45787545787546,16.76849816849817,,0.5,,0.9,,7.2,257.35531135531136,11.163736263736263,1018.5857142857144,,,,22.447916666666668,117.69097222222223,,,0.6,,1.0,,7.5,263.18055555555554,11.347222222222221,1018.8902777777779,
2021-11-14,,,11.395910780669144,161.35315985130111,16.666914498141267,,0.6,,1.0,,8.2,258.6654275092937,13.397769516728625,1018.5981412639406,,,,23.734027777777776,116.36805555555556,,,0.7,,1.1,,7.1,264.3333333333333,13.855555555555556,1018.8319444444444,
2021-11-15,,,20.055882352941175,155.75,16.577573529411765,,0.5,,0.7,,4.5,259.74632352941177,13.29154411764706,1020.6966911764706,,,,34.76619718309859,128.2887323943662,16.399253731343283,,0.5,,0.9,,4.2,251.78947368421052,13.821052631578947,1020.7831578947369,
2021-11-16,,,19.01245283018868,165.65660377358492,16.58188679245283,,0.3,,0.5,,4.4,260.7622641509434,13.226037735849056,1022.4807547169812,,,,42.04216027874565,110.43554006968641,16.37177700348432,,0.6,,1.0,,4.5,253.89930555555554,13.768055555555556,1022.4902777777778,
2021-11-17,,,19.849063670411983,162.2546816479401,16.397752808988763,,0.4,,0.7,,6.8,278.22846441947564,12.475280898876404,1022.5389513108615,,,,43.256249999999994,110.28472222222223,16.183333333333334,,0.6,,1.0,,6.7,254.96527777777777,13.127083333333333,1022.6975694444445,
2021-11-18,,,18.07689393939394,150.5719696969697,16.270075757575757,,0.6,,0.9,,9.3,260.40377358490565,13.127924528301888,1018.872075471698,,,,47.82140350877193,97.94385964912281,16.245263157894737,,0.6,,1.0,,8.3,239.89473684210526,13.821052631578947,1019.1049122807018,
2021-11-19,,,22.146992481203007,161.44736842105263,16.27105263157895,,0.3,,0.5,,4.7,274.593984962406,13.710526315789474,1017.601127819549,,,,40.84861111111111,112.72916666666667,15.98263888888889,,0.4,,0.6,,7.2,291.1666666666667,14.226388888888888,1017.7239583333334,
2021-11-20,,,22.752107279693487,144.2911877394636,16.43793103448276,,0.5,,0.8,,4.3,244.53256704980842,14.928352490421457,1019.711111111111,,,,50.43087719298245,110.87017543859649,16.50526315789474,,0.9,,1.5,,4.0,217.66433566433565,14.963286713286713,1019.7255244755245,
2021-11-21,,,21.4123595505618,162.24719101123594,16.655805243445695,,0.9,,1.3,,4.9,252.51119402985074,15.45410447761194,1016.8529850746268,,,,43.235540069686415,120.42508710801394,16.202439024390245,,1.0,,1.4,,6.9,214.47916666666666,15.57986111111111,1017.0222222222224,
2021-11-22,,,24.60936329588015,125.68539325842697,16.283520599250934,,0.9,,1.4,,11.1,289.67041198501875,11.720973782771535,1011.9022471910113,,,,38.267361111111114,115.50694444444444,15.761111111111111,,1.0,,1.6,,11.0,296.14930555555554,11.848958333333334,1012.0489583333333,
2021-11-23,,,19.254511278195487,140.28571428571428,15.581203007518798,,0.7,,1.1,,11.0,259.796992481203,6.804511278195489,1016.246992481203,,,,34.09791666666667,120.77430555555556,15.125,,1.4,,1.8,,11.1,281.28472222222223,6.990277777777778,1016.5399305555555,
2021-11-24,,,22.05581395348837,168.7015503875969,15.417441860465116,,1.2,,1.7,,8.2,254.51162790697674,10.023255813953488,1017.484496124031,,,,39.48666666666667,118.40701754385965,14.781754385964913,,1.4,,2.2,,9.1,262.11538461538464,10.18916083916084,1017.6573426573426,
2021-11-25,,,26.709926470588236,169.49632352941177,15.300367647058822,,1.2,,1.7,,9.1,249.79779411764707,13.145220588235293,1017.0540441176471,,,,27.41083916083916,138.25874125874125,14.698951048951047,,1.4,,2.3,,9.7,260.79442508710804,13.221254355400697,1017.2526132404181,
2021-11-26,,,35.35034722222222,215.71527777777777,15.196180555555555,,0.6,,0.9,,7.9,235.79166666666666,10.383333333333333,1024.021527777778,,,,21.073076923076922,132.2902097902098,14.518181818181818,,1.0,,1.3,,8.5,254.30662020905925,10.556445993031359,1024.1198606271778,
2021-11-27,,,29.774305555555557,222.89236111111111,15.285069444444446,,0.9,,1.5,,8.1,239.72222222222223,8.648263888888888,1032.3326388888888,,,,29.97087719298246,107.43157894736842,14.739649122807018,,1.1,,1.7,,6.5,217.70034843205576,9.175261324041813,1032.4038327526134,
2021-11-28,,,35.53391608391609,211.73426573426573,15.496503496503497,,0.7,,1.0,,5.8,268.43402777777777,10.552430555555555,1033.3718749999998,,,,26.6397212543554,129.03135888501743,15.378397212543556,,0.9,,1.5,,4.7,274.8815331010453,10.993031358885018,1033.4491289198606,
2021-11-29,,,32.65555555555555,153.97222222222223,15.913888888888888,,0.8,,1.3,,9.6,260.6354166666667,11.802083333333334,1026.6065972222223,,,,19.090940766550524,149.02090592334494,14.96759581881533,,0.8,,1.2,,7.9,265.87108013937285,12.410801393728223,1026.851219512195,
2021-11-30,,,56.41458333333333,126.3125,15.899999999999999,,2.6,,3.6,,12.6,257.56944444444446,12.867361111111112,1012.0986111111112,,,,32.985314685314684,96.56293706293707,15.118881118881118,,2.8,,4.0,,15.3,253.01048951048952,13.144405594405596,1012.1639860139861,
2021-12-01,,,15.635069444444444,139.04513888888889,15.198611111111111,,1.1,,1.5,,11.5,290.74652777777777,5.489236111111111,1017.3454861111111,,,,28.933449477351914,146.42857142857142,14.494773519163763,,1.6,,2.4,,10.3,305.2369337979094,5.477700348432055,1017.6756097560976,
2021-12-02,,,17.291666666666668,153.50694444444446,14.84861111111111,,0.8,,1.4,,7.5,251.14583333333334,5.039930555555555,1019.6225694444444,,,,37.610489510489515,133.55944055944056,14.243706293706293,,1.4,,1.8,,8.1,274.3379790940767,5.3602787456445995,1019.8331010452961,
2021-12-03,,,34.58472222222222,162.30555555555554,14.79201388888889,,0.8,,1.3,,9.8,266.16319444444446,8.946874999999999,1016.5500000000001,,,,39.73951048951049,155.58391608391608,14.087412587412587,,1.1,,1.8,,9.0,278.0699300699301,9.229020979020978,1016.8195804195805,
2021-12-04,,,29.29270833333333,143.68055555555554,14.422916666666667,,0.8,,1.1,,12.9,292.375,6.865625,1024.1083333333333,,,,40.876041666666666,151.16319444444446,13.850694444444445,,0.9,,1.3,,13.9,287.2673611111111,6.667708333333334,1024.4711805555555,
2021-12-05,,,50.98854166666667,172.27083333333334,14.309375000000001,,0.7,,1.1,,6.3,240.17361111111111,8.879513888888889,1028.1722222222222,,,,55.412543554006966,138.39372822299651,14.241463414634147,,1.2,,1.6,,4.4,226.65505226480838,9.058885017421604,1028.1885017421603,
2021-12-06,,,37.016027874564465,170.72822299651568,14.437979094076654,,0.7,,1.0,,4.5,280.75694444444446,10.973958333333334,1025.6680555555556,,,,42.88784722222223,153.31944444444446,14.749652777777776,,0.9,,1.2,,4.3,241.97916666666666,11.498958333333333,1025.6666666666667,
2021-12-07,,,45.99756097560975,193.38327526132403,14.513240418118468,,1.4,,2.3,,10.0,203.23611111111111,11.919791666666667,1025.8253472222223,,,,40.1609756097561,145.801393728223,15.300696864111499,,2.1,,3.4,,11.1,54.361111111111114,12.460763888888888,1025.7430555555557,
2021-12-08,,,31.96944444444445,183.10763888888889,15.359027777777776,,1.6,,2.3,,8.8,213.18055555555554,11.161111111111111,1030.7611111111112,,,,40.66445993031359,139.0766550522648,15.368641114982578,,2.4,,3.7,,9.8,37.23693379790941,11.59198606271777,1030.6620209059233,
2021-12-09,,,12.6,139.0,15.6,,1.0,,1.3,,7.0,351.0,10.6,1031.2,,,,32.49860627177701,142.4006968641115,15.4801393728223,,1.6,,2.2,,7.9,82.59581881533101,12.795470383275262,1028.9602787456445,
2021-12-10,,,35.28472222222222,196.29861111111111,16.035416666666666,,0.7,,1.1,,7.7,276.9236111111111,13.061458333333333,1024.1159722222224,,,,23.43263888888889,151.78472222222223,15.389930555555557,,1.0,,1.6,,6.6,270.72222222222223,13.20138888888889,1024.2416666666666,
2021-12-11,,,42.39791666666667,187.61805555555554,16.05138888888889,,0.4,,0.6,,6.3,267.25694444444446,12.238541666666666,1023.8850694444445,,,,19.747916666666665,120.80555555555556,15.480555555555554,,0.6,,1.0,,5.7,245.64930555555554,12.65486111111111,1023.9430555555555,
2021-12-12,,,26.95034722222222,189.57986111111111,16.05173611111111,,0.4,,0.7,,10.0,256.87152777777777,10.794444444444444,1020.6909722222222,,,,14.797569444444443,127.875,14.984722222222224,,0.9,,1.3,,8.7,296.05555555555554,10.844791666666667,1020.8979166666666,
2021-12-13,,,11.249305555555557,160.73958333333334,15.735416666666667,,1.0,,1.4,,7.1,268.125,3.9618055555555554,1024.3864583333334,,,,5.9,258.0,14.8,,0.9,,1.2,,4.5,332.0,4.7,1023.1,
2021-12-14,,,18.217421602787454,184.93728222996515,15.734494773519165,,0.6,,0.9,,7.5,260.64930555555554,5.778472222222223,1021.7059027777777,,,,27.71149825783972,87.09059233449477,14.386411149825783,,1.0,,1.7,,7.4,276.59581881533103,6.397909407665505,1021.865156794425,
2021-12-15,,,18.861458333333335,173.98611111111111,15.25,,0.5,,0.7,,7.0,244.39930555555554,10.471527777777778,1021.2437500000001,,,,28.376678445229683,91.56183745583039,14.310992907801419,,0.7,,1.0,,8.8,250.32631578947368,10.730526315789474,1021.4536842105263,
2021-12-16,,,16.06875,187.88541666666666,15.117708333333333,,0.4,,0.8,,4.6,272.5138888888889,10.28298611111111,1017.6854166666667,,,,35.45104166666667,116.75694444444444,14.6198606271777,,0.5,,0.9,,6.0,251.88541666666666,10.633333333333333,1017.7420138888889,
2021-12-17,,,16.57177700348432,154.390243902439,14.90731707317073,,1.7,,2.7,,13.6,300.5296167247387,5.434146341463414,1017.2379790940766,,,,29.46748251748252,110.41958041958041,16.28951048951049,,2.0,,2.8,,13.7,301.90909090909093,5.572377622377623,1017.5486013986015,
2021-12-18,,,12.653125,168.03819444444446,15.90625,,1.6,,2.2,,10.3,245.72916666666666,2.712152777777778,1024.6850694444445,,,,30.184375000000003,147.6875,14.988194444444446,,1.8,,2.7,,8.9,276.74305555555554,2.6104166666666666,1024.8947916666666,
2021-12-19,,,17.111805555555556,164.55902777777777,15.638541666666665,,0.9,,1.4,,9.1,277.86805555555554,5.301388888888889,1021.2881944444445,,,,35.67122807017544,127.20350877192982,14.356842105263157,,1.0,,1.6,,9.7,285.3017543859649,5.477894736842106,1021.4670175438596,
2021-12-20,,,29.43170731707317,144.17421602787456,15.147386759581883,,0.9,,1.3,,10.6,243.73170731707316,8.88397212543554,1019.1519163763065,,,,34.28146853146853,129.04195804195805,14.0006993006993,,1.2,,1.8,,12.0,257.36013986013984,9.207692307692309,1019.356993006993,
2021-12-21,,,23.86875,156.37847222222223,14.848263888888889,,0.9,,1.4,,6.5,264.88194444444446,11.651388888888889,1015.9600694444445,,,,31.225783972125434,140.65505226480838,14.021254355400696,,1.0,,1.7,,6.2,269.03125,11.57986111111111,1016.2027777777779,
2021-12-22,,,24.90836236933798,162.0731707317073,14.920905923344948,,1.0,,1.8,,8.5,212.82229965156793,9.73205574912892,1020.4487804878048,,,,31.52638888888889,141.26041666666666,14.403819444444444,,1.3,,1.8,,7.5,190.10069444444446,10.004166666666666,1020.4458333333334,
2021-12-23,,,19.946180555555557,158.22569444444446,14.888541666666665,,1.2,,1.7,,5.1,257.16319444444446,9.009374999999999,1022.8000000000001,,,,29.715034965034967,144.1013986013986,14.461754385964914,,1.5,,2.3,,5.0,285.43706293706293,9.759090909090908,1022.7769230769231,
2021-12-24,,,19.038327526132406,186.56445993031357,15.32787456445993,,1.0,,1.5,,5.7,249.84375,9.507986111111112,1019.2861111111112,,,,28.438111888111887,145.62937062937064,14.638947368421054,,1.2,,1.8,,5.6,251.15034965034965,9.963286713286713,1019.2888111888111,
2021-12-25,,,17.41909722222222,169.61458333333334,15.056597222222223,,1.3,,1.8,,9.3,209.88541666666666,2.537847222222222,1023.7833333333333,,,,24.802439024390246,147.93728222996515,14.579442508710802,,2.0,,2.8,,10.2,275.6411149825784,2.4648083623693378,1024.2111498257839,
2021-12-26,,,22.147569444444443,169.71875,14.918402777777779,,0.9,,1.3,,11.7,272.15277777777777,2.692013888888889,1029.5246527777776,,,,21.066433566433567,148.67832167832168,14.06958041958042,,1.6,,2.4,,11.2,290.4634146341463,3.2121951219512193,1030.1233449477352,
2021-12-27,,,15.43263888888889,189.72569444444446,15.051388888888889,,1.2,,1.9,,8.7,257.75347222222223,2.870486111111111,1028.5048611111113,,,,34.10520833333333,102.36458333333333,14.019444444444444,,1.9,,3.0,,9.3,280.2395833333333,2.9204861111111113,1028.9677083333333,
2021-12-28,,,32.70243055555555,132.27083333333334,15.511111111111111,,1.0,,1.5,,7.5,240.01041666666666,5.323263888888889,1026.782986111111,,,,23.77673611111111,101.30208333333333,15.652430555555554,,1.5,,2.4,,7.0,252.38541666666666,5.600347222222222,1026.9996527777778,
2022-01-01,,,21.535069444444446,163.13888888888889,14.607986111111112,,1.2,,1.7,,8.0,271.8229166666667,3.3354166666666667,1028.6541666666667,,,,43.90418118466899,111.88153310104529,14.333101045296168,,1.7,,2.4,,4.9,220.46689895470382,3.0787456445993033,1028.6731707317074,
2022-01-02,,,24.78815331010453,145.05923344947735,14.62020905923345,,1.1,,1.9,,6.6,281.27430555555554,6.352083333333334,1024.6829861111112,,,,38.699305555555554,160.12152777777777,14.252083333333335,,1.3,,1.8,,6.6,284.30902777777777,6.854166666666667,1024.865625,
2022-01-03,,,22.388194444444444,183.64583333333334,15.089583333333334,,0.9,,1.2,,8.1,267.60069444444446,6.524652777777778,1023.6152777777778,,,,41.451567944250876,163.74564459930315,14.14703832752613,,1.0,,1.6,,9.5,261.2439024390244,6.908362369337979,1023.7111498257839,
2022-01-04,,,18.961111111111112,166.65277777777777,15.333333333333334,,0.6,,0.9,,8.4,247.46527777777777,6.238541666666666,1024.8579861111111,,,,43.96302816901409,162.42605633802816,14.145422535211269,,0.7,,1.1,,7.3,257.9859649122807,6.087719298245614,1025.037894736842,
2022-01-05,,,14.660416666666666,166.27777777777777,15.110069444444443,,1.1,,1.7,,7.7,232.24305555555554,6.177777777777778,1025.6715277777778,,,,40.03937282229965,152.55052264808361,14.190940766550524,,1.4,,2.2,,9.6,113.88153310104529,6.657491289198607,1025.5487804878048,
2022-01-06,,,21.851541850220265,174.46696035242292,15.042290748898678,,1.1,,1.6,,7.4,228.12334801762114,7.862995594713657,1023.9185022026431,,,,43.158928571428575,139.34375,14.318303571428572,,1.1,,1.8,,6.5,234.33928571428572,7.977232142857143,1024.0008928571428,
2022-01-07,,,17.503135888501742,151.58885017421602,14.867944250871082,,1.1,,1.8,,7.2,286.8576388888889,6.816666666666666,1027.4645833333334,,,,32.73031358885017,150.46341463414635,14.211149825783972,,1.3,,2.2,,6.0,276.63194444444446,7.298611111111111,1027.568402777778,
2022-01-08,,,18.819791666666667,159.90625,15.071874999999999,,0.8,,1.3,,6.1,271.71527777777777,7.03125,1022.4958333333333,,,,27.47142857142857,144.390243902439,13.962369337979094,,1.1,,1.5,,7.2,287.34027777777777,7.591319444444445,1022.6399305555556,
2022-01-09,,,5.0,130.0,14.6,,0.4,,0.6,,3.6,336.0,5.5,1021.7,,,,8.637142857142857,136.71428571428572,13.82,,0.6,,0.9,,6.5,320.4,6.348571428571428,1021.2514285714286,
2022-01-10,,,,,,,,,,,,,,,,,,,,,,,,,,,,,,
2022-01-11,,,15.281481481481482,190.30864197530863,14.542168674698795,,0.6,,1.0,,10.5,300.9146341463415,2.591463414634146,1016.0439024390245,,,,11.405714285714286,188.71428571428572,13.141558441558441,,0.9,,1.5,,9.7,305.27272727272725,2.71038961038961,1016.2948051948051,
2022-01-12,,,13.94452296819788,190.09893992932862,14.317667844522969,,0.9,,1.6,,7.5,254.6042402826855,2.2042402826855123,1018.7975265017668,,,,23.075971731448764,113.45936395759718,12.926148409893992,,1.4,,2.1,,8.1,271.37455830388694,1.9946996466431095,1019.03074204947,
2022-01-13,,,14.683189655172415,168.70689655172413,14.34206008583691,,1.1,,1.6,,10.4,285.01724137931035,1.3758620689655172,1017.4445887445888,,,,8.1,359.0,13.8,,1.0,,1.2,,2.5,261.0,1.4,1017.6,
2022-01-14,,,14.076241134751774,190.93262411347519,14.448936170212766,,1.6,,2.3,,6.6,224.62056737588654,3.101418439716312,1023.1507092198582,,,,24.389399293286218,134.36749116607774,14.412720848056537,,2.0,,3.1,,6.6,241.18021201413427,3.0579505300353356,1023.2102473498234,
2022-01-15,,,15.142553191489363,185.74468085106383,15.088297872340425,,1.4,,1.8,,5.0,278.86170212765956,4.006382978723405,1022.6691489361701,,,,27.804347826086957,210.44565217391303,13.917391304347827,,1.6,,2.2,,5.4,292.18279569892474,4.640860215053763,1022.7075268817205,
2022-01-16,,,,,,,,,,,,,,,,,,,,,,,,,,,,,,
2022-01-17,,,14.393693693693693,180.52252252252254,14.145333333333335,,0.7,,1.1,,8.8,284.09777777777776,3.028888888888889,1023.9764444444445,,,,39.49363636363636,120.97309417040358,13.259641255605382,,1.2,,1.7,,8.5,278.8161434977578,2.951121076233184,1024.267264573991,
2022-01-18,,,16.866015625,184.75,13.744921875,,1.3,,2.0,,8.4,196.71484375,1.9140625,1025.783984375,,,,37.29960784313725,122.05098039215686,13.550588235294118,,1.6,,2.6,,7.8,263.5686274509804,1.9062745098039218,1025.7956862745098,
2022-01-19,,,16.70974358974359,183.94358974358974,14.137185929648242,,1.7,,2.2,,6.1,257.41326530612247,3.8656565656565656,1022.2363636363635,,,,32.67179487179487,150.24747474747474,14.228140703517589,,1.7,,2.2,,6.6,252.06565656565655,4.265151515151516,1022.279797979798,
2022-01-20,,,15.6141592920354,163.81858407079645,14.029515418502202,,2.4,,3.4,,9.9,217.08407079646017,3.0650442477876108,1025.624778761062,,,,29.87117117117117,156.19730941704037,13.886160714285714,,3.0,,4.3,,11.3,141.07174887892376,3.412556053811659,1025.6201793721973,
2022-01-21,,,17.033962264150944,151.5132075471698,14.178947368421053,,1.8,,2.9,,5.5,247.45318352059925,4.389138576779026,1029.3011235955057,,,,34.429770992366414,148.04562737642587,13.952471482889734,,2.0,,2.6,,5.1,239.47148288973384,4.7965779467680605,1029.270342205323,
2022-01-22,,,27.173711340206186,131.19072164948454,14.277948717948718,,1.4,,2.2,,5.0,222.7577319587629,7.593298969072165,1026.2067708333334,,,,31.501015228426397,124.6497461928934,13.925757575757578,,1.6,,2.3,,5.1,217.497461928934,7.811675126903554,1026.2390862944162,
2022-01-23,,,,,,,,,,,,,,,,,,,,,,,,,,,,,,
2022-01-24,,,12.019711538461538,167.71153846153845,14.538862559241707,,1.9,,3.0,,11.4,92.40284360189574,7.286255924170616,1021.3772511848341,,,,28.186666666666667,162.14084507042253,13.738028169014084,,2.8,,4.5,,13.3,25.328638497652584,7.400938967136151,1021.1295774647888,
2022-01-25,,,13.94051282051282,179.97948717948717,14.633838383838384,,1.0,,1.6,,5.5,249.3622448979592,7.760714285714285,1020.7671794871795,,,,18.485937500000002,164.11917098445596,13.718461538461538,,1.5,,1.9,,5.3,240.3419689119171,7.944559585492228,1020.7941176470588,
2022-01-26,,,17.5390977443609,174.8045112781955,14.815413533834587,,0.4,,0.6,,6.9,270.3045112781955,7.273308270676692,1021.913909774436,,,,17.726119402985077,150.17537313432837,13.67313432835821,,0.6,,1.0,,8.3,258.07835820895525,7.664925373134328,1021.988432835821,
2022-01-27,,,18.59090909090909,200.57438016528926,14.727272727272727,,0.5,,0.8,,6.3,257.3264462809917,6.733471074380165,1021.6586776859504,,,,19.86223175965665,134.343347639485,13.456652360515022,,0.6,,1.0,,4.6,229.23456790123456,7.203292181069959,1021.6374485596707,
2022-01-28,,,14.422887323943664,186.75352112676057,14.596126760563381,,0.5,,0.8,,7.1,239.55985915492957,5.680633802816901,1020.768309859155,,,,26.678947368421053,121.33333333333333,13.263859649122807,,0.8,,1.6,,7.1,248.6421052631579,6.2449122807017545,1020.7947368421053,
2022-01-29,,,13.902554744525547,187.97810218978103,14.35985401459854,,0.6,,1.0,,7.5,248.9817518248175,4.87956204379562,1018.2945255474453,,,,26.87709090909091,153.25454545454545,13.11490909090909,,0.9,,1.3,,7.9,220.13090909090909,5.322181818181818,1018.302909090909,
2022-01-30,,,16.262857142857143,176.41071428571428,13.707142857142857,,0.9,,1.6,,8.6,253.575,4.478571428571429,1018.4467857142856,,,,34.14710144927536,146.84420289855072,13.027173913043478,,1.1,,1.7,,7.8,224.81159420289856,4.732608695652174,1018.4873188405797,
2022-01-31,,,15.51017543859649,182.84561403508772,13.61719298245614,,0.8,,1.2,,8.2,248.20701754385965,4.604912280701755,1022.1652631578946,,,,41.05703971119134,149.985559566787,12.76317689530686,,0.9,,1.4,,8.4,235.56989247311827,5.050179211469534,1022.2229390681003,
2022-02-01,,,14.451079136690648,187.32014388489208,13.53021582733813,,0.8,,1.2,,8.9,286.91007194244605,4.926978417266187,1022.7967625899281,,,,43.90216606498195,148.5595667870036,12.625270758122744,,0.9,,1.6,,9.8,279.09747292418774,4.774368231046932,1023.0350180505416,
2022-02-02,,,17.7693661971831,194.9049295774648,13.245422535211267,,0.5,,0.8,,6.9,285.8978873239437,3.307746478873239,1025.1228873239438,,,,43.64542253521127,157.45422535211267,12.600352112676056,,0.8,,1.0,,7.2,279.6619718309859,3.6556338028169018,1025.3161971830984,
2022-02-03,,,17.923674911660775,181.96113074204948,13.166784452296818,,0.7,,1.1,,7.3,246.53169014084506,3.6746478873239434,1024.01161971831,,,,45.135689045936395,154.13427561837455,12.526148409893993,,0.9,,1.5,,8.6,290.30742049469967,3.6604240282685514,1024.1233215547704,
2022-02-04,,,16.248409893992932,170.36749116607774,13.071378091872791,,0.5,,0.8,,10.9,269.0388692579505,2.9614840989399296,1021.6632508833923,,,,43.10669014084507,148.99295774647888,12.373591549295774,,0.7,,1.3,,10.4,287.0633802816901,2.99330985915493,1021.8338028169013,
2022-02-05,,,16.610676156583633,189.3879003558719,12.749466192170818,,0.6,,1.0,,12.0,289.94661921708183,1.220996441281139,1022.846619217082,,,,37.995759717314485,147.62897526501766,12.075618374558305,,0.6,,1.1,,9.5,286.095406360424,1.2487632508833921,1023.1540636042402,
2022-02-06,,,12.992932862190813,177.80565371024736,12.692226148409894,,0.5,,0.9,,11.6,290.52296819787983,2.7,1025.8144876325089,,,,32.211191335740075,156.26714801444044,11.867148014440435,,0.8,,1.2,,8.5,289.1696750902527,2.576173285198556,1026.1888086642598,
2022-02-07,,,13.981205673758865,133.67375886524823,12.415602836879431,,0.8,,1.0,,6.5,255.12056737588654,2.993262411347518,1025.8794326241134,,,,23.86057347670251,143.8494623655914,11.825089605734766,,0.9,,1.3,,5.4,270.1899641577061,3.0949820788530467,1025.9874551971327,
2022-02-08,,,20.110408921933086,124.23791821561338,12.671111111111111,,0.7,,1.1,,6.3,255.74204946996466,4.595406360424028,1025.1964664310954,,,,20.42652329749104,146.2688172043011,11.86272401433692,,0.7,,1.2,,5.4,221.831541218638,4.770609318996415,1025.236200716846,
2022-02-09,,,7.7,247.0,13.0,,0.5,,0.7,,6.0,346.0,4.7,1026.4,,,,12.647482014388489,226.0251798561151,12.16546762589928,,0.8,,1.3,,5.9,182.0071942446043,6.632374100719424,1024.319784172662,
2022-02-10,,,9.950533807829181,180.05338078291814,14.171530249110319,,0.7,,1.0,,5.8,243.32740213523132,8.14626334519573,1020.4964412811388,,,,13.849295774647887,171.93309859154928,12.476408450704225,,0.8,,1.4,,6.3,225.2112676056338,8.286267605633803,1020.5249999999999,
2022-02-11,,,11.493286219081272,197.4487632508834,14.007420494699646,,0.7,,0.9,,6.8,234.21201413427562,7.060424028268551,1024.303180212014,,,,18.604255319148933,198.39716312056737,12.597872340425532,,0.9,,1.4,,5.7,211.59929078014184,7.2287234042553195,1024.3560283687943,
2022-02-12,,,13.536559139784945,191.62724014336916,13.877419354838711,,0.6,,1.0,,8.7,192.63571428571427,8.430357142857142,1023.9835714285715,,,,20.53942652329749,182.95340501792114,12.563440860215053,,1.0,,1.7,,9.5,151.93189964157705,8.710394265232974,1023.9548387096775,
2022-02-13,,,17.804626334519575,197.91814946619218,13.735231316725978,,1.5,,2.4,,10.7,148.56227758007117,8.674377224199288,1020.406049822064,,,,26.6,225.0,12.4,,0.9,,1.2,,6.5,21.0,8.6,1022.6,
2022-02-14,,,16.931448763250884,151.547703180212,13.508127208480566,,1.9,,2.8,,8.0,214.31095406360424,9.086925795053004,1018.7144876325088,,,,30.405673758865248,141.9468085106383,12.701423487544483,,2.1,,2.9,,7.8,116.17021276595744,9.35177304964539,1018.7932624113475,
2022-02-15,,,18.79136690647482,139.61870503597123,13.499640287769784,,1.0,,1.4,,9.3,274.61870503597123,4.792086330935252,1017.0111510791367,,,,30.190322580645162,149.63799283154123,12.475985663082438,,1.0,,1.4,,10.0,284.5448028673835,4.418279569892474,1017.3724014336918,
2022-02-16,,,23.45399061032864,146.1032863849765,13.046009389671362,,0.7,,1.1,,9.9,274.61971830985914,1.6018779342723004,1019.7723004694835,,,,38.37169811320755,154.96698113207546,12.221698113207546,,1.0,,1.7,,10.1,279.0377358490566,1.694811320754717,1020.1443396226415,
2022-02-17,,,22.18447653429603,144.74729241877256,12.670397111913356,,1.5,,1.9,,9.1,215.24187725631768,2.3000000000000003,1025.2101083032492,,,,37.32740213523132,151.41637010676158,11.981138790035587,,2.1,,2.9,,8.2,243.65836298932385,2.2252669039145907,1025.5081850533807,
2022-02-18,,,23.00427046263345,163.30604982206407,12.672241992882563,,1.9,,3.0,,7.6,207.79078014184398,4.026241134751773,1028.9184397163122,,,,37.12077464788732,158.63732394366198,11.954577464788732,,2.4,,3.3,,7.2,121.03873239436619,4.145070422535212,1028.8693661971831,
2022-02-19,,,24.232374100719426,152.07553956834533,12.776258992805756,,1.2,,1.7,,8.1,254.4496402877698,6.3931654676258995,1020.738489208633,,,,40.351985559566785,152.1768953068592,11.956317689530687,,1.6,,2.1,,9.5,258.7184115523466,6.788086642599278,1020.7162454873647,
2022-02-20,,,25.24718309859155,159.46830985915494,12.5306338028169,,0.5,,0.8,,11.0,298.51056338028167,1.8003521126760564,1021.8207746478872,,,,40.90571428571429,149.7107142857143,11.809285714285714,,0.7,,1.4,,13.7,302.875,1.7457142857142858,1022.0892857142857,
2022-02-21,,,21.941342756183744,149.0,12.383745583038868,,0.9,,1.3,,11.5,244.01766784452298,2.9314487632508834,1027.0685512367493,,,,36.206338028169014,153.06338028169014,11.86338028169014,,1.1,,1.6,,10.5,264.7676056338028,2.715845070422535,1027.425704225352,
2022-02-22,,,21.666666666666668,117.2831541218638,12.36021505376344,,1.0,,1.4,,7.8,236.4857142857143,2.593928571428571,1028.7760714285714,,,,32.506737588652484,153.6950354609929,12.043416370106762,,1.2,,1.9,,9.0,293.69718309859155,2.5468309859154927,1028.9848591549296,
2022-02-23,,,16.004593639575972,125.18727915194346,12.478445229681979,,1.1,,1.7,,7.0,208.37102473498234,1.4636042402826854,1029.3466431095405,,,,25.516140350877194,149.13684210526316,12.060701754385965,,1.3,,2.0,,9.6,254.43508771929825,1.7210526315789474,1029.3294736842106,
2022-02-24,,,14.047703180212014,137.773851590106,12.647349823321553,,0.9,,1.3,,7.3,230.5441696113074,3.6455830388692583,1027.8805653710249,,,,21.576678445229682,135.85512367491165,11.735335689045936,,1.1,,1.6,,8.1,280.1696113074205,3.6780918727915197,1028.0233215547703,
2022-02-25,,,11.293214285714285,153.63214285714287,12.943214285714285,,0.6,,1.1,,9.0,251.49642857142857,6.0721428571428575,1025.5860714285714,,,,23.02753623188406,122.93115942028986,11.573913043478262,,1.0,,1.6,,9.8,287.60869565217394,6.491304347826087,1025.8398550724637,
2022-02-26,,,19.530465949820787,97.35483870967742,12.568458781362008,,1.3,,2.1,,13.0,243.46594982078852,8.651612903225807,1019.4720430107527,,,,25.998901098901097,97.1025641025641,12.275457875457874,,2.1,,3.3,,13.2,249.1058394160584,8.477007299270072,1020.0160583941607,
2022-02-27,,,20.83381294964029,93.02877697841727,12.599640287769784,,1.3,,2.1,,10.2,213.33453237410072,8.231654676258993,1019.4744604316547,,,,26.544244604316546,141.0791366906475,11.823021582733812,,1.8,,2.6,,12.0,256.33812949640287,8.021223021582735,1019.7309352517987,
2022-02-28,,,23.866785714285715,105.41071428571429,12.614285714285714,,0.6,,1.0,,9.7,241.8357142857143,10.018928571428573,1021.2325,,,,34.84306049822064,140.19217081850533,12.272953736654804,,0.8,,1.4,,9.4,232.12455516014234,9.887544483985765,1021.4750889679715,
2022-03-01,,,20.94113475177305,133.9113475177305,12.74822695035461,,0.7,,1.2,,9.2,227.2659574468085,11.88900709219858,1012.8205673758866,,,,36.612949640287766,149.1726618705036,12.214440433212996,,1.0,,1.5,,10.4,246.95373665480426,11.672953736654804,1013.0010676156584,
2022-03-02,,,24.6725,153.57142857142858,12.892882562277581,,0.8,,1.3,,9.4,263.3049645390071,8.189716312056738,1014.9602836879433,,,,41.840989399293285,146.68197879858658,12.123674911660778,,1.1,,1.8,,9.7,235.81625441696113,8.346289752650177,1015.1402826855124,
2022-03-03,,,24.45179856115108,148.96043165467626,12.773381294964029,,0.7,,1.1,,10.1,267.5287769784173,9.234892086330936,1017.1273381294965,,,,42.44064748201439,146.49640287769785,11.996402877697841,,1.0,,1.6,,9.7,255.34408602150538,8.76415770609319,1017.5935483870967,
2022-03-04,,,25.65457746478873,137.0281690140845,12.500352112676056,,1.4,,2.2,,12.6,243.4049295774648,10.726760563380282,1014.2278169014085,,,,42.677580071174376,137.23843416370107,11.883985765124555,,1.8,,2.5,,12.7,252.34751773049646,10.542198581560283,1014.6475177304964,
2022-03-05,,,25.06701754385965,161.20701754385965,12.236842105263158,,1.4,,2.3,,12.5,279.9438596491228,10.083508771929825,1011.038947368421,,,,40.81872791519435,148.23321554770317,11.6773851590106,,1.7,,2.7,,12.8,277.3851590106007,9.879505300353356,1011.4321554770318,
2022-03-06,,,21.66594982078853,162.64874551971326,12.145878136200716,,0.7,,1.2,,8.0,201.75985663082437,5.457706093189964,1019.1767025089605,,,,35.74404332129964,149.84837545126354,11.452346570397113,,1.0,,1.6,,8.3,244.1263537906137,5.295667870036102,1019.3335740072202,
2022-03-07,,,18.755438596491228,152.6140350877193,12.306666666666667,,0.8,,1.0,,6.3,245.22105263157894,6.968070175438597,1019.8491228070176,,,,33.25265017667844,145.0565371024735,11.501413427561838,,1.0,,1.5,,6.0,200.65371024734984,7.480212014134276,1019.8812720848057,
2022-03-08,,,17.02720848056537,165.67844522968198,12.34487632508834,,1.4,,1.7,,10.4,242.5,9.152816901408451,1017.8605633802817,,,,27.306338028169016,143.25704225352112,11.447535211267605,,1.3,,1.9,,8.9,258.63380281690144,9.563028169014085,1017.9904929577465,
2022-03-09,,,11.720567375886525,156.48936170212767,12.409929078014184,,0.8,,1.2,,8.8,203.2695035460993,9.88191489361702,1021.0531914893617,,,,25.05978647686833,119.94306049822065,12.244483985765125,,0.9,,1.5,,6.8,192.97517730496455,9.954255319148936,1021.0897163120567,
2022-03-10,,,15.191134751773049,93.07446808510639,12.404964539007091,,0.7,,1.1,,10.7,246.59574468085106,10.995390070921985,1020.8528368794326,,,,18.05693950177936,91.0355871886121,12.42099644128114,,1.0,,1.6,,9.7,259.19217081850536,11.180782918149466,1021.2370106761565,
2022-03-11,,,13.596478873239437,92.28169014084507,12.199295774647887,,0.5,,0.7,,9.0,222.0,12.928521126760563,1017.893661971831,,,,16.703928571428573,110.05,12.203214285714287,,0.6,,1.0,,7.3,227.90714285714284,13.030000000000001,1018.2814285714285,
2022-03-12,,,17.1,247.0,11.9,,0.4,,0.5,,2.7,244.0,14.7,1017.4,,,,17.118439716312057,117.06028368794327,12.251063829787235,,0.8,,1.3,,10.5,183.58510638297872,13.808156028368794,1017.2354609929079,
2022-03-13,,,17.076241134751772,99.8581560283688,12.549999999999999,,1.2,,1.8,,10.9,175.78014184397162,13.987943262411347,1012.3918439716313,,,,17.48525179856115,106.56474820143885,12.167266187050359,,1.8,,2.5,,10.8,194.7921146953405,13.62437275985663,1012.7286738351254,
2022-03-14,,,17.220494699646643,115.84098939929329,12.416961130742049,,1.0,,1.5,,8.4,141.226148409894,11.424734982332154,1012.583038869258,,,,25.437142857142856,142.89285714285714,12.339285714285714,,1.9,,3.1,,11.5,118.05,11.293928571428571,1012.6678571428571,
2022-03-15,,,16.676512455516015,113.87188612099644,12.655160142348754,,0.8,,1.3,,5.2,196.15302491103202,11.356227758007117,1013.1501779359431,,,,26.009285714285717,148.81785714285715,12.22607142857143,,1.0,,1.5,,6.3,208.81138790035587,11.577580071174378,1013.2519572953736,
2022-03-16,,,15.855555555555554,128.91039426523298,12.725089605734768,,0.5,,0.8,,7.4,200.99283154121864,12.440860215053764,1014.8089605734767,,,,19.6,30.0,12.3,,0.5,,0.6,,3.0,257.0,12.0,1013.2,
2022-03-17,,,22.262142857142855,214.24285714285713,12.708928571428572,,2.2,,3.3,,12.2,45.77142857142857,10.96,1019.8964285714286,,,,31.03584229390681,170.5627240143369,12.134172661870505,,2.6,,4.2,,14.6,48.17921146953405,10.930824372759856,1019.4544802867383,
2022-03-18,,,25.477659574468085,195.87943262411346,12.798226950354609,,3.9,,5.8,,13.6,60.283687943262414,8.300354609929077,1010.6911347517731,,,,40.12517730496454,190.20567375886526,12.320212765957448,,4.2,,6.6,,16.7,37.687943262411345,8.417375886524821,1010.1265957446809,
2022-03-19,,,25.484172661870506,166.01438848920864,13.102517985611511,,2.2,,3.3,,9.2,227.0251798561151,6.570143884892087,1008.7237410071942,,,,43.74787234042553,158.67730496453902,12.235106382978724,,2.4,,3.7,,10.1,163.06737588652481,7.023758865248227,1008.7432624113475,
2022-03-20,,,23.838652482269502,155.84751773049646,13.251418439716312,,1.3,,1.9,,6.7,241.84098939929328,7.930742049469965,1017.9240282685512,,,,42.63060498220641,154.80782918149467,12.233807829181494,,1.7,,2.4,,6.2,213.2836879432624,8.023404255319148,1017.995744680851,
2022-03-21,,,24.210394265232974,152.15412186379928,13.308960573476702,,0.9,,1.3,,8.0,190.13620071684588,8.908960573476703,1022.5218637992831,,,,40.723214285714285,151.96785714285716,12.2725,,1.2,,1.6,,7.2,122.87142857142857,9.020357142857142,1022.5267857142857,
2022-03-22,,,24.003508771929823,175.48771929824562,13.231929824561403,,1.4,,2.3,,12.8,200.5859649122807,9.461754385964912,1020.5838596491229,,,,40.828368794326245,153.12056737588654,12.806382978723404,,2.2,,3.2,,13.9,132.42198581560282,9.568794326241136,1020.5368794326242,
2022-03-23,,,18.852363636363634,150.47636363636363,13.160363636363636,,0.8,,1.3,,7.3,288.04347826086956,9.32427536231884,1017.491304347826,,,,30.914748201438847,142.26978417266187,13.221223021582734,,1.2,,2.0,,7.7,250.52158273381295,9.576618705035973,1017.5352517985611,
2022-03-24,,,19.568592057761734,143.8736462093863,13.245848375451263,,0.8,,1.2,,9.9,238.19494584837545,10.615162454873646,1019.6379061371841,,,,28.26142857142857,129.175,13.084642857142857,,0.8,,1.2,,9.9,252.88214285714287,11.0,1019.8585714285715,
2022-03-25,,,13.214893617021277,124.75886524822695,13.342198581560284,,1.0,,1.3,,10.0,215.8368794326241,13.025177304964538,1019.0471631205673,,,,24.310000000000002,119.95,13.201785714285714,,1.2,,2.1,,7.0,219.01071428571427,13.131071428571428,1019.2199999999999,
2022-03-26,,,25.885563380281692,127.94718309859155,13.123591549295774,,3.4,,5.1,,14.2,154.21830985915494,13.870774647887325,1002.4147887323943,,,,27.59225352112676,116.72535211267606,13.167605633802816,,4.0,,7.5,,15.5,171.6443661971831,13.552464788732395,1002.88838028169,
2022-03-27,,,18.7140350877193,113.31929824561404,13.292631578947368,,1.2,,1.7,,12.0,243.76923076923077,12.823776223776223,1012.7286713286715,,,,22.12902097902098,105.82167832167832,12.794755244755246,,1.7,,2.9,,11.2,248.6083916083916,12.878671328671329,1013.0548951048952,
2022-03-28,,,22.199290780141844,110.69148936170212,12.284397163120566,,1.3,,2.0,,10.1,151.52482269503545,9.789361702127659,1025.1801418439716,,,,27.652836879432627,159.2304964539007,12.511702127659575,,1.9,,2.7,,10.1,74.82332155477032,10.191872791519435,1025.0982332155477,
2022-03-29,,,22.004609929078015,105.03900709219859,12.581205673758866,,0.9,,1.5,,5.2,231.34397163120568,10.911702127659574,1025.2840425531915,,,,33.15698924731183,146.17562724014337,12.508960573476703,,1.0,,1.5,,5.3,220.88530465949822,11.091397849462366,1025.373476702509,
2022-03-30,,,22.699290780141844,112.7517730496454,12.573404255319149,,0.6,,1.1,,8.0,190.62056737588654,13.301773049645389,1020.5439716312057,,,,34.00498220640569,145.47330960854092,12.521708185053381,,0.6,,1.1,,6.7,212.30249110320284,13.248042704626334,1020.8715302491104,
2022-03-31,,,24.120701754385962,152.34736842105264,12.994736842105263,,1.7,,2.6,,9.8,33.50526315789474,11.068070175438598,1022.720701754386,,,,38.015034965034964,167.3846153846154,12.745454545454544,,1.9,,3.0,,12.5,42.58041958041958,11.194055944055943,1022.4797202797204,
2022-04-01,,,23.03799283154122,149.9641577060932,13.381362007168459,,2.0,,3.1,,9.4,171.5857142857143,9.4775,1028.5657142857144,,,,37.68207885304659,161.5448028673835,13.16810035842294,,2.6,,3.3,,10.8,46.86379928315412,9.81326164874552,1028.4448028673835,
2022-04-02,,,24.123843416370107,147.46975088967972,13.47153024911032,,1.3,,2.2,,6.4,245.37722419928826,9.819217081850534,1027.175800711744,,,,41.16917562724014,142.6415770609319,12.941577060931898,,1.3,,2.0,,5.9,246.9641577060932,10.272401433691757,1027.2551971326166,
2022-04-03,,,21.08409893992933,129.40989399293287,13.196113074204947,,0.6,,0.8,,5.3,202.97173144876325,10.858303886925796,1027.237809187279,,,,39.10281690140845,143.61267605633802,12.863028169014084,,0.6,,1.2,,5.2,185.29577464788733,11.11549295774648,1027.2732394366196,
2022-04-04,,,22.720567375886525,112.81914893617021,12.96985815602837,,0.8,,1.2,,6.2,242.71985815602838,11.571985815602838,1027.140780141844,,,,36.43487544483986,147.94661921708186,12.806761565836299,,0.7,,1.3,,5.9,246.47517730496455,12.021631205673758,1027.2677304964539,
2022-04-05,,,22.545357142857142,79.45714285714286,12.678928571428571,,1.0,,1.4,,11.5,237.66548042704628,12.661209964412812,1020.8786476868328,,,,33.53812949640288,135.568345323741,12.788129496402878,,1.2,,2.1,,10.7,239.56428571428572,12.850357142857142,1021.3728571428572,
2022-04-06,,,17.36561403508772,93.65263157894736,12.659298245614035,,1.0,,1.5,,5.7,210.76140350877193,13.86982456140351,1019.7087719298246,,,,27.569202898550724,139.84057971014494,12.697463768115941,,1.1,,1.7,,6.3,216.56317689530687,13.947653429602887,1019.8559566787003,
2022-04-07,,,19.927816901408452,48.7112676056338,12.573591549295775,,0.8,,1.2,,9.7,232.85211267605635,14.174647887323943,1015.7542253521127,,,,23.90604982206406,131.25978647686833,12.66797153024911,,0.9,,1.4,,8.8,223.94306049822063,13.94270462633452,1016.085053380783,
2022-04-08,,,19.497894736842103,72.52982456140352,12.819649122807018,,1.1,,1.8,,8.9,183.3578947368421,13.654736842105264,1019.541754385965,,,,22.98197879858657,90.86219081272085,12.77314487632509,,0.9,,1.4,,7.9,163.53710247349824,13.726501766784452,1019.712367491166,
2022-04-09,,,17.136727272727274,88.38909090909091,12.611272727272727,,0.9,,1.5,,11.3,218.96363636363637,15.7,1015.7407272727273,,,,21.8975,72.04642857142858,12.693214285714285,,1.0,,1.6,,12.4,227.93571428571428,14.76357142857143,1016.3932142857142,
2022-04-10,,,19.664184397163122,79.71631205673759,12.693617021276596,,0.6,,1.1,,12.0,216.7173144876325,16.08833922261484,1016.4583038869258,,,,23.071731448763252,75.6713780918728,12.668551236749115,,0.9,,1.2,,10.3,227.85159010600708,15.434628975265017,1017.1519434628975,
2022-04-11,,,22.536654804270462,74.64768683274022,12.930960854092527,,0.6,,1.0,,6.9,205.8185053380783,15.81814946619217,1014.7007117437723,,,,22.37102473498233,64.91166077738517,12.98904593639576,,0.7,,1.2,,7.7,218.5053003533569,15.493286219081273,1015.0434628975264,
2022-04-12,,,10.9,4.0,12.9,,0.5,,0.7,,5.3,234.0,16.9,1013.1,,,,24.548409893992932,118.19787985865725,13.047349823321555,,0.8,,1.3,,10.5,223.70671378091873,14.966784452296821,1011.3911660777386,
2022-04-13,,,15.447535211267606,214.10915492957747,13.050704225352113,,1.4,,2.3,,11.8,38.75438596491228,12.279298245614035,1015.7533333333333,,,,21.445683453237407,177.00359712230215,13.270143884892086,,2.6,,3.6,,15.3,42.776978417266186,12.37661870503597,1015.456474820144,
2022-04-14,,,17.208602150537633,167.81720430107526,13.866666666666667,,2.1,,3.9,,11.2,39.2831541218638,11.179928315412186,1017.604659498208,,,,31.03021582733813,166.26258992805757,13.443525179856115,,2.7,,3.9,,15.6,30.6415770609319,11.296057347670251,1017.0602150537634,
2022-04-15,,,21.02304964539007,180.91489361702128,14.168439716312056,,2.6,,3.7,,13.5,47.847517730496456,11.391489361702128,1016.7744680851065,,,,37.74716312056738,170.25531914893617,13.441489361702128,,2.6,,4.0,,14.6,36.11347517730496,11.343617021276597,1016.5918439716313,
2022-04-16,,,23.145357142857144,170.0,14.712857142857144,,1.4,,2.2,,7.7,200.60357142857143,11.502857142857144,1017.4021428571427,,,,,,,,,,,,,,,,
2022-04-17,,,24.223943661971834,149.30281690140845,14.889084507042254,,0.9,,1.5,,10.2,230.98239436619718,13.784859154929578,1017.0774647887324,,,,41.88194945848375,150.63898916967509,13.650541516245486,,1.1,,1.6,,9.8,222.69675090252707,13.911552346570398,1017.3014440433213,
2022-04-18,,,25.741197183098592,154.59859154929578,14.822887323943661,,0.6,,1.0,,6.3,240.0211267605634,14.738732394366197,1016.7397887323942,,,,42.22304964539007,141.61347517730496,13.554255319148936,,0.7,,1.0,,5.4,223.39361702127658,14.652836879432625,1016.8964539007092,
2022-04-19,,,25.89390681003584,154.03225806451613,14.521146953405019,,0.3,,0.6,,6.4,228.41071428571428,15.417142857142858,1016.5703571428572,,,,38.61330935251799,154.71223021582733,13.81223021582734,,0.6,,0.9,,4.8,236.60791366906474,15.204676258992805,1016.7492805755395,
2022-04-20,,,24.504710144927536,137.96014492753622,14.086231884057971,,0.5,,0.9,,9.5,226.8884892086331,15.356474820143886,1015.7737410071942,,,,36.261151079136695,144.13669064748203,13.826714801444043,,0.6,,1.0,,7.5,239.0,15.43525179856115,1016.1694244604315,
2022-04-21,,,24.263120567375886,136.79432624113474,13.798226950354609,,0.4,,0.7,,6.1,244.69148936170214,14.76099290780142,1013.6397163120569,,,,32.292226148409895,138.547703180212,13.615547703180212,,0.6,,0.8,,5.8,239.00706713780917,14.532862190812722,1013.8575971731449,
2022-04-22,,,20.56950354609929,102.80141843971631,13.552127659574467,,0.9,,1.3,,12.6,204.72340425531914,14.835460992907803,1011.4460992907801,,,,26.702491103202846,118.29181494661921,13.461565836298933,,1.2,,1.8,,12.8,227.45744680851064,14.692553191489363,1012.0744680851063,
2022-04-23,,,12.041342756183745,142.6113074204947,13.458303886925794,,0.9,,1.3,,6.2,166.97526501766785,15.730742049469965,1013.0240282685512,,,,22.56173285198556,123.5812274368231,13.428519855595667,,1.2,,1.8,,9.5,129.5667870036101,15.043682310469315,1013.0469314079422,
2022-04-24,,,22.2339222614841,85.44876325088339,13.796819787985866,,0.6,,1.1,,10.2,211.36395759717314,15.375265017667845,1010.4042402826856,,,,23.923049645390073,101.19148936170212,13.898581560283688,,0.9,,1.5,,9.8,223.7773851590106,15.50035335689046,1010.7219081272084,
2022-04-25,,,12.2725,103.97142857142858,14.505,,0.6,,0.8,,7.3,203.48754448398577,15.869395017793595,1011.5096085409253,,,,27.88763250883392,87.4982332155477,13.787279151943464,,0.6,,1.0,,8.1,203.39084507042253,15.680985915492956,1011.7626760563379,
2022-04-26,,,17.72127659574468,145.70212765957447,14.65886524822695,,1.5,,2.3,,8.8,173.13829787234042,15.953191489361704,1002.7219858156028,,,,30.012811387900356,110.46975088967972,13.981138790035587,,2.3,,3.2,,9.6,170.04240282685512,15.609893992932863,1002.8826855123674,
2022-04-27,,,16.02340425531915,211.15602836879432,14.487943262411347,,1.3,,2.1,,11.5,100.04964539007092,15.70354609929078,1013.9195035460992,,,,28.022064056939502,147.45195729537366,13.779715302491104,,1.9,,2.8,,11.2,88.1814946619217,15.718861209964412,1013.8896797153025,
2022-04-28,,,19.619786096256686,207.1764705882353,14.623529411764705,,1.4,,1.9,,7.8,180.53439153439155,14.271957671957672,1018.4015873015873,,,,28.841489361702127,159.68617021276594,13.897872340425533,,1.7,,2.8,,9.9,67.88297872340425,14.230851063829787,1018.2606382978723,
2022-04-29,,,23.908960573476705,201.0394265232975,15.626164874551971,,2.8,,4.8,,11.6,93.6049822064057,11.919217081850535,1014.932384341637,,,,33.66726618705036,169.87769784172662,14.680935251798562,,3.5,,5.0,,13.5,28.676258992805757,11.996762589928057,1014.6737410071942,
2022-04-30,,,19.753333333333334,162.9719298245614,15.962807017543858,,2.1,,3.1,,8.2,215.49473684210525,12.935087719298245,1017.7354385964911,,,,33.54055944055944,160.66433566433565,14.486013986013987,,2.6,,4.3,,6.8,152.44405594405595,13.112937062937064,1017.8167832167832,
2022-05-01,,,20.674911660777386,161.97526501766785,16.13462897526502,,1.0,,1.4,,6.6,213.46315789473684,14.611228070175438,1013.1189473684211,,,,37.50323741007194,145.92446043165467,14.568345323741006,,1.3,,1.7,,6.8,200.8136200716846,14.811469534050177,1013.2627240143369,
2022-05-02,,,18.328014184397162,158.8404255319149,15.74468085106383,,0.6,,0.9,,8.8,210.13829787234042,14.101063829787234,1013.6028368794326,,,,31.75357142857143,141.68214285714285,14.23857142857143,,1.0,,1.4,,12.9,216.1779359430605,14.023843416370106,1013.6462633451956,
2022-05-03,,,14.815194346289752,149.84098939929328,14.990106007067137,,0.6,,1.0,,11.1,240.18727915194347,13.285512367491167,1018.8844522968197,,,,31.51170212765957,133.61702127659575,14.13581560283688,,0.8,,1.3,,9.3,260.88652482269504,13.180496453900709,1019.3251773049645,
2022-05-04,,,20.120640569395018,137.04626334519574,14.495729537366548,,0.8,,1.2,,12.6,213.75800711743773,15.323487544483985,1018.8092526690392,,,,26.081272084805654,120.80918727915194,14.18339222614841,,1.0,,1.6,,11.3,227.08480565371025,15.14381625441696,1019.5561837455831,
2022-05-05,,,22.848387096774193,115.49820788530467,14.338709677419354,,0.6,,0.9,,10.9,207.65591397849462,15.849103942652329,1019.0315412186379,,,,31.558844765342958,110.28519855595668,14.429963898916967,,0.6,,1.1,,8.3,223.48028673835125,15.806810035842295,1019.5827956989247,
2022-05-06,,,25.560424028268553,113.89399293286219,14.631802120141343,,0.6,,1.0,,7.5,219.43309859154928,16.341549295774648,1016.4380281690142,,,,37.49964285714285,79.2,14.823214285714286,,0.9,,1.3,,5.9,223.68571428571428,16.821428571428573,1016.7074999999999,
2022-05-07,,,30.450179211469536,111.49462365591398,14.925806451612903,,1.1,,1.8,,12.1,125.91428571428571,16.84,1016.2199999999999,,,,37.46630434782609,82.28260869565217,14.88586956521739,,2.0,,3.2,,12.9,169.22382671480145,16.905415162454876,1016.2324909747293,
2022-05-08,,,18.30141843971631,134.9078014184397,15.060283687943262,,1.2,,2.0,,8.2,44.685512367491164,15.037102473498233,1019.7522968197881,,,,22.025795053003534,104.23321554770318,14.89399293286219,,1.6,,2.7,,10.3,47.69964664310954,14.930742049469963,1019.5537102473498,
2022-05-09,,,9.774551971326165,223.33333333333334,15.419354838709678,,1.5,,2.6,,9.6,75.3584229390681,15.067383512544804,1018.5340501792115,,,,25.409964412811387,60.56583629893238,14.933451957295373,,2.0,,3.1,,9.9,32.48398576512456,14.98861209964413,1018.3672597864769,
2022-05-10,,,10.881720430107526,238.72759856630825,15.617204301075269,,1.5,,2.6,,9.1,101.77777777777777,15.39641577060932,1017.6301075268817,,,,20.02355072463768,101.06884057971014,14.95,,1.8,,3.1,,9.9,34.34657039711191,15.338628158844767,1017.4447653429603,
2022-05-11,,,13.937823834196891,195.33160621761658,16.23678756476684,,1.2,,2.1,,3.9,235.45077720207254,16.6720207253886,1015.6601036269429,,,,31.6125,137.98125,15.401875,,1.4,,2.4,,5.2,138.9875,16.16875,1015.9662500000001,
2022-05-12,,,,,,,0.2,,0.3,,7.5,206.8,17.546666666666667,1009.8496240601504,,,,,,,,0.2,,0.4,,8.7,189.86029411764707,17.46029411764706,1009.8786764705883,
2022-05-13,,,,,,,0.0,,0.1,,1.2,300.0,18.0,1009.9,,,,,,,,0.1,,0.1,,4.1,257.3723404255319,17.47659574468085,1008.2303191489361,
2022-05-14,,,,,,,,,,,,,,,,,,,,,,,,,,,,,,
2022-05-15,,,,,,,0.1,,0.2,,1.8,191.81927710843374,16.70602409638554,1012.3457831325301,,,,,,,,,,,,,,,,
2022-05-16,,,24.646052631578947,186.81578947368422,19.114473684210527,,0.2,,0.4,,2.5,266.1387900355872,17.581494661921706,1012.0839857651245,,,,9.892134831460673,182.03370786516854,20.940449438202247,,0.5,,0.8,,2.1,153.38297872340425,18.384285714285717,1011.6154411764707,
2022-05-17,,,31.152877697841728,237.79136690647482,20.249640287769783,,0.1,,0.2,,2.4,227.2394366197183,18.325704225352112,1014.1968309859155,,,,21.2,59.0,17.2,,0.1,,0.1,,0.1,157.0,16.1,1012.8,
2022-05-18,,,23.799209486166006,241.22529644268775,18.182677165354328,,0.6,,1.2,,9.0,202.99283154121864,17.933333333333334,1017.1060931899641,,,,26.934630350194553,149.08139534883722,16.944573643410852,,1.1,,1.6,,8.5,188.8846153846154,17.415,1017.5311538461538,
2022-05-19,,,15.759649122807017,167.89122807017543,15.553684210526317,,0.7,,3.1,,8.8,159.44210526315788,17.87719298245614,1016.9757894736841,,,,33.461484098939934,129.6643109540636,14.824381625441697,,0.8,,1.2,,9.5,225.55633802816902,17.010915492957746,1017.7126760563381,
2022-05-20,,,25.944802867383515,88.60573476702508,14.736559139784946,,0.6,,0.9,,9.9,222.75357142857143,17.792857142857144,1013.3792857142857,,,,35.63525179856115,109.96402877697842,14.871942446043164,,0.6,,0.8,,6.9,229.59139784946237,17.14014336917563,1013.9068100358423,
2022-05-21,,,28.7725,93.38928571428572,14.877857142857144,,0.5,,0.8,,7.3,223.4078014184397,17.29645390070922,1008.1755319148937,,,,35.51505376344086,121.15053763440861,15.185304659498208,,0.6,,1.1,,6.8,222.50537634408602,17.644086021505377,1008.5372759856632,
2022-05-22,,,27.063120567375886,91.62765957446808,15.227659574468085,,0.7,,1.1,,11.1,207.57801418439718,18.449290780141844,1006.313475177305,,,,31.68064516129032,90.93189964157706,15.29068100358423,,1.0,,1.5,,11.1,201.59856630824373,18.49820788530466,1006.7559139784947,
2022-05-23,,,20.69644128113879,127.26334519572954,15.777580071174377,,0.4,,0.7,,6.3,223.81560283687944,18.55531914893617,1012.3216312056738,,,,50.025874125874125,53.41958041958042,15.918881118881119,,0.8,,1.4,,4.8,201.020979020979,18.69090909090909,1012.5832167832167,
2022-05-24,,,17.884751773049647,142.60992907801418,16.139361702127662,,0.3,,0.6,,5.8,221.46453900709218,19.00141843971631,1013.1677304964538,,,,47.684397163120565,51.05673758865248,16.406382978723407,,0.4,,0.8,,4.9,224.54063604240284,19.099293286219083,1013.417667844523,
2022-05-25,,,12.880286738351254,117.40860215053763,16.350537634408603,,0.7,,1.2,,11.0,216.2293906810036,18.25448028673835,1008.5813620071685,,,,42.9236559139785,49.18279569892473,16.15340501792115,,0.8,,1.3,,8.7,225.61428571428573,18.281428571428574,1009.2996428571429,
2022-05-26,,,15.991071428571429,158.49285714285713,16.42142857142857,,3.7,,22.3,,8.1,203.46428571428572,17.959285714285716,1003.7396428571428,,,,39.922340425531914,60.89007092198582,15.781560283687941,,0.7,,1.5,,7.5,220.44169611307422,17.886572438162542,1004.1625441696114,
2022-05-27,,,13.938028169014085,151.99295774647888,16.058098591549296,,1.0,,1.7,,12.5,227.42605633802816,19.85281690140845,1000.5165492957747,,,,34.8468085106383,46.322695035460995,15.444839857651246,,1.2,,2.2,,10.5,237.4787234042553,19.272340425531915,1001.2010638297872,
2022-05-28,,,12.188028169014085,164.2887323943662,15.773943661971831,,1.0,,1.7,,11.2,233.3298245614035,20.919298245614034,1005.1592982456141,,,,35.32937062937063,89.9965034965035,15.494055944055944,,1.0,,1.6,,10.1,230.33216783216784,19.623076923076923,1005.7527972027972,
2022-05-29,,,20.011347517730496,137.82269503546098,15.51808510638298,,0.6,,0.9,,9.0,213.81272084805653,19.074204946996467,1005.7060070671378,,,,36.346931407942236,108.49458483754513,15.558844765342961,,0.7,,1.1,,8.1,229.60649819494586,18.464981949458483,1006.2166064981949,
2022-05-30,,,22.04718309859155,155.8661971830986,15.86443661971831,,0.6,,1.0,,3.5,162.17957746478874,18.605281690140846,1001.7735915492958,,,,41.536524822695036,121.16312056737588,15.83758865248227,,0.8,,1.2,,3.9,201.39007092198582,18.597163120567373,1001.9695035460994,
2022-05-31,,,23.922101449275363,139.22826086956522,16.287681159420288,,0.5,,0.9,,8.0,180.08695652173913,18.53333333333333,1007.0739130434783,,,,43.05547445255475,129.992700729927,16.076923076923077,,0.8,,1.5,,6.8,190.66788321167883,18.267883211678832,1007.4204379562044,
2022-06-01,,,25.06195652173913,122.2536231884058,16.380434782608695,,0.7,,1.2,,7.6,198.415770609319,19.08888888888889,1006.8849462365592,,,,40.56857142857143,114.25714285714285,16.148214285714285,,0.8,,1.4,,7.0,224.56071428571428,18.705714285714286,1007.2778571428571,
2022-06-02,,,26.91067615658363,91.39145907473309,15.936654804270463,,0.8,,1.4,,11.9,215.76156583629893,18.069750889679717,1006.2473309608541,,,,35.719855595667866,106.14801444043322,15.959420289855073,,0.9,,1.5,,11.1,227.4568345323741,17.916546762589928,1007.0053956834532,
2022-06-03,,,26.06761565836299,140.91459074733095,16.102491103202848,,0.9,,1.7,,10.8,112.86925795053004,18.21095406360424,1010.3618374558305,,,,39.09014084507042,127.06338028169014,16.584154929577462,,1.7,,2.7,,10.3,96.60350877192982,17.83298245614035,1010.5266666666665,
2022-06-04,,,34.948239436619716,104.23591549295774,18.067957746478875,,1.1,,1.7,,6.9,43.859154929577464,18.909154929577465,1012.8985915492958,,,,44.221985815602835,96.96808510638297,18.358214285714286,,1.3,,1.9,,8.1,36.726950354609926,18.635106382978726,1012.7659574468086,
2022-06-05,,,28.2540350877193,176.1859649122807,18.55894736842105,,2.5,,3.7,,10.5,85.1993006993007,18.25944055944056,1004.8650349650351,,,,46.264056939501785,80.82918149466192,18.37142857142857,,2.8,,4.4,,11.7,45.41696113074205,18.037102473498233,1004.7038869257951,
2022-06-06,,,21.818571428571428,209.75714285714287,18.75,,2.7,,4.3,,10.9,100.13167259786476,18.54768683274021,999.5412811387899,,,,40.79752650176679,100.93992932862191,18.424822695035463,,3.0,,3.9,,11.7,53.92226148409894,18.570318021201413,999.5257950530035,
2022-06-07,,,8.725531914893617,228.53191489361703,19.041843971631206,,1.7,,2.5,,8.8,102.69148936170212,17.004609929078015,1008.4911347517731,,,,32.901779359430606,90.58362989323844,18.66797153024911,,2.2,,3.7,,9.1,38.76868327402135,17.130604982206407,1008.5160142348755,
2022-06-08,,,8.829302325581395,203.39069767441862,19.273488372093023,,1.2,,1.9,,7.4,87.13824884792626,16.826728110599078,1012.4341013824885,,,,26.76082949308756,67.8110599078341,18.616129032258065,,1.6,,2.8,,7.5,37.1520737327189,16.83410138248848,1012.510599078341,
2022-06-09,,,15.346376811594205,185.8586956521739,19.706521739130434,,0.8,,1.3,,5.9,156.1485507246377,17.9981884057971,1014.4228260869565,,,,36.97644927536232,82.6340579710145,19.1463768115942,,1.3,,1.8,,6.6,79.15884476534296,18.009025270758123,1014.4963898916967,
2022-06-10,,,18.444604316546762,189.5107913669065,20.305395683453238,,0.5,,0.9,,4.2,220.57706093189964,19.148745519713263,1014.5172043010753,,,,28.640727272727272,110.51636363636364,19.259272727272727,,0.8,,1.3,,4.1,200.05454545454546,19.002545454545455,1014.6730909090908,
2022-06-11,,,23.684587813620073,190.88888888888889,20.25412186379928,,0.9,,1.4,,11.4,134.1899641577061,19.91146953405018,1012.6440860215055,,,,34.019636363636366,126.36363636363636,18.91781818181818,,1.5,,2.5,,12.2,101.58909090909091,19.436363636363637,1012.6214545454546,
2022-06-12,,,24.6059649122807,183.72280701754386,20.042105263157893,,1.0,,1.8,,10.6,60.1719298245614,19.35017543859649,1013.8891228070177,,,,35.33156028368794,127.25886524822695,19.115248226950353,,1.8,,2.7,,10.4,45.755319148936174,19.21241134751773,1013.8627659574468,
2022-06-13,,,10.0,123.0,20.1,,0.8,,1.0,,4.4,34.0,19.3,1013.6,,,,46.17714285714286,105.65357142857142,19.25642857142857,,2.4,,3.6,,12.5,39.786476868327405,19.133451957295375,1010.7060498220642,
2022-06-14,,,23.802456140350877,163.76842105263157,19.93438596491228,,2.1,,3.3,,11.5,30.894736842105264,17.960701754385966,1008.4136842105264,,,,42.067499999999995,161.34642857142856,19.639285714285716,,3.2,,4.9,,14.1,41.15714285714286,18.036785714285713,1008.1157142857144,
2022-06-15,,,24.365734265734268,121.6048951048951,20.175174825174828,,1.8,,2.4,,10.5,187.72727272727272,19.177622377622377,1007.3164335664336,,,,51.86183745583039,101.75618374558304,19.892579505300354,,2.3,,3.0,,11.0,195.46643109540636,19.262190812720846,1007.6664310954063,
2022-06-16,,,26.199288256227756,116.22775800711744,20.179359430604983,,1.1,,1.8,,11.7,216.9572953736655,21.11423487544484,1007.3622775800711,,,,54.44218181818182,102.02545454545455,19.566545454545455,,1.4,,2.3,,10.4,228.9927536231884,20.417391304347824,1007.9815217391305,
2022-06-17,,,31.066431095406358,179.24381625441697,19.022614840989398,,1.1,,2.0,,12.2,210.1625441696113,20.941342756183744,1008.0519434628976,,,,82.1,51.0,19.3,,1.0,,1.4,,7.9,243.0,20.1,1008.5,
2022-06-18,,,21.773118279569893,176.79928315412187,18.43046594982079,,1.0,,1.5,,11.6,212.26334519572953,20.795017793594305,1006.5145907473309,,,,53.83024911032028,114.45907473309609,17.620640569395018,,1.0,,1.5,,9.6,229.92170818505338,20.29964412811388,1007.2256227758008,
2022-06-19,,,24.433093525179856,115.69424460431655,17.487410071942445,,0.9,,1.4,,10.7,208.97841726618705,19.966187050359714,1007.0017985611511,,,,47.828469750889674,115.57295373665481,17.444483985765125,,1.0,,1.5,,8.4,226.91814946619218,20.083985765124556,1007.7419928825623,
2022-06-20,,,25.08374558303887,132.85159010600708,17.017314487632508,,0.5,,0.8,,6.0,209.02464788732394,20.348943661971834,1004.9112676056337,,,,55.51648745519714,58.666666666666664,17.976344086021506,,0.4,,0.7,,6.2,236.39642857142857,21.005714285714287,1005.2864285714286,
2022-06-21,,,24.7864768683274,175.02846975088968,17.427046263345197,,0.4,,0.6,,3.6,143.34751773049646,21.688652482269504,1004.3241134751773,,,,60.653260869565216,47.85507246376812,18.86521739130435,,0.4,,0.8,,3.8,75.37906137184116,21.32851985559567,1004.4584837545126,
2022-06-22,,,15.88607142857143,134.4142857142857,18.140714285714285,,1.0,,1.7,,10.9,218.86832740213524,21.08896797153025,1006.787900355872,,,,68.3,51.956989247311824,18.962589928057554,,1.0,,1.7,,10.9,231.3548387096774,21.330824372759857,1007.5,
2022-06-23,,,9.99783393501805,160.5523465703971,18.143321299638988,,1.7,,2.3,,10.3,213.07553956834533,21.21546762589928,1004.5737410071943,,,,61.10071174377224,51.20640569395018,18.42607142857143,,2.1,,2.9,,11.4,229.47330960854092,21.01814946619217,1005.2010676156584,
2022-06-24,,,15.776140350877192,114.0,16.622456140350877,,2.2,,3.3,,12.1,213.6877192982456,20.034035087719296,999.3228070175438,,,,56.19468085106383,52.45744680851064,16.930141843971633,,2.7,,4.6,,13.0,226.79787234042553,18.49230769230769,1000.2943262411347,
2022-06-25,,,16.706382978723404,124.62765957446808,16.01063829787234,,1.3,,1.9,,11.8,216.2421052631579,20.286666666666665,1006.1256140350877,,,,56.97473684210526,51.498245614035085,17.251929824561405,,1.3,,2.0,,11.8,232.5298245614035,,1006.8329824561405,
2022-06-26,,,23.306761565836297,128.70106761565836,15.837722419928824,,0.9,,1.5,,10.0,213.28521126760563,20.853521126760562,1010.9369718309858,,,,50.85340501792115,52.458781362007166,16.936200716845878,,1.2,,2.0,,10.4,235.68458781362008,20.78076923076923,1011.7229390681003,
2022-06-27,,,20.439929328621908,173.20141342756185,15.628621908127208,,1.1,,1.7,,9.9,212.32394366197184,20.852464788732394,1011.4485915492959,,,,58.980427046263344,53.21708185053381,17.897508896797152,,1.3,,1.8,,10.1,235.9288256227758,20.97081850533808,1011.9035587188613,
2022-06-28,,,30.00176056338028,98.9225352112676,15.36830985915493,,1.2,,2.0,,12.1,222.63732394366198,22.465492957746477,1008.0820422535211,,,,61.33476702508961,55.85304659498208,17.291397849462367,,1.4,,2.3,,12.1,235.10035842293908,19.032616487455197,1008.6985663082438,
2022-06-29,,,30.61779359430605,96.43416370106762,15.049466192170817,,1.2,,2.0,,12.3,220.05338078291814,21.95729537366548,1008.1832740213523,,,,54.3711743772242,67.80071174377224,17.012811387900356,,1.4,,2.1,,11.6,234.12455516014234,20.795017793594305,1008.8398576512456,
2022-06-30,,,28.07992957746479,108.45070422535211,15.330985915492958,,0.9,,1.4,,9.2,205.76760563380282,20.286267605633803,1012.169014084507,,,,55.42155477031802,51.791519434628974,17.643109540636043,,1.0,,1.7,,9.6,234.14840989399292,21.10035335689046,1012.8367491166077,
2022-07-01,,,41.478928571428575,149.01071428571427,16.425357142857145,,0.4,,0.5,,6.8,208.83928571428572,20.93392857142857,1014.7835714285715,,,,55.5463768115942,81.31884057971014,18.234782608695653,,0.5,,0.9,,5.4,239.47101449275362,20.270652173913042,1015.2126811594203,
2022-07-02,,,45.42114695340502,149.51612903225808,17.27132616487455,,0.3,,0.5,,4.2,149.7107142857143,22.77,1013.3392857142857,,,,63.478091872791516,50.17314487632509,19.964664310954063,,0.5,,0.9,,4.6,78.53356890459364,23.11872791519435,1013.4922261484098,
2022-07-03,,,38.574909090909095,155.01454545454544,18.575636363636363,,0.4,,0.7,,5.4,208.6195652173913,24.281521739130433,1009.5452898550725,,,,68.65128205128205,58.65567765567766,21.256569343065696,,0.5,,0.8,,4.5,218.2753623188406,24.705434782608695,1009.7713768115943,
2022-07-04,,,34.551971326164875,176.32258064516128,19.247670250896057,,0.7,,1.1,,4.6,186.70967741935485,24.459498207885304,1006.4505376344086,,,,60.53879003558719,62.50177935943061,20.75373665480427,,0.9,,1.4,,4.3,145.21708185053382,24.64626334519573,1006.6423487544484,
2022-07-05,,,27.687676056338027,162.72535211267606,20.059154929577467,,0.7,,1.1,,4.7,122.28873239436619,24.094718309859154,1005.6887323943661,,,,58.69290780141844,57.59219858156028,22.101418439716312,,0.8,,1.2,,4.2,44.88652482269504,24.167375886524823,1005.8340425531916,
2022-07-06,,,18.212455516014234,190.89679715302492,21.015302491103203,,0.4,,0.6,,2.6,137.97153024911032,24.54270462633452,1009.3078291814946,,,,61.62743682310469,52.7870036101083,22.16823104693141,,0.5,,0.8,,3.0,163.03237410071944,25.043525179856115,1009.498561151079,
2022-07-07,,,15.324734982332155,151.68551236749116,21.25053003533569,,0.5,,0.8,,7.9,210.07773851590105,24.707773851590108,1008.7335689045935,,,,64.12811387900356,49.120996441281136,21.940569395017793,,0.5,,0.9,,7.8,232.60498220640568,24.484341637010676,1009.1836298932384,
2022-07-08,,,8.760357142857144,149.58928571428572,20.97642857142857,,1.3,,9.2,,10.0,213.85053380782918,23.604626334519573,1003.1715302491103,,,,53.017605633802816,48.71478873239437,20.18374558303887,,1.0,,1.6,,9.7,234.18309859154928,22.94929577464789,1003.7507042253521,
2022-07-09,,,13.484476534296029,207.08303249097472,20.49927797833935,,0.5,,0.7,,5.2,165.42446043165467,25.064388489208632,1001.5528776978417,,,,56.307067137809184,51.20494699646643,20.839929328621906,,0.7,,0.9,,5.0,149.53356890459364,25.31731448763251,1001.8194346289754,
2022-07-10,,,28.025622775800713,142.48042704626334,21.54982206405694,,0.5,,0.9,,6.2,91.45551601423487,24.240569395017793,1006.185053380783,,,,76.78758865248227,43.836879432624116,25.47340425531915,,0.7,,1.3,,6.5,76.97163120567376,25.04042553191489,1006.3219858156028,
2022-07-11,,,33.03071428571429,183.07142857142858,23.25785714285714,,0.5,,0.7,,7.5,238.90070921985816,24.8177304964539,1006.3943262411348,,,,69.22759856630825,92.6774193548387,24.679928315412187,,0.8,,1.1,,4.4,230.84642857142856,24.84892857142857,1006.5978571428573,
2022-07-12,,,33.27077464788732,192.17957746478874,23.87042253521127,,1.1,,1.5,,8.8,56.00704225352113,24.076760563380283,1009.2031690140846,,,,57.870289855072464,99.8768115942029,24.38478260869565,,1.7,,2.7,,9.9,46.460431654676256,23.99748201438849,1009.2715827338129,
2022-07-13,,,39.41236749116608,190.26148409893992,24.074911660777385,,0.7,,1.2,,5.0,196.5211267605634,23.874647887323942,1006.7721830985915,,,,71.60321428571429,95.99642857142857,24.1125,,1.0,,1.9,,5.0,132.44128113879003,23.950889679715303,1006.9800711743773,
2022-07-14,,,72.8,46.0,23.9,,0.4,,0.6,,1.7,189.0,24.8,1002.5,,,,69.39503546099291,102.48226950354609,23.00355871886121,,1.5,,2.0,,9.3,165.74468085106383,24.422340425531917,1000.0709219858156,
2022-07-15,,,34.36464285714286,195.73214285714286,22.409285714285716,,0.8,,1.3,,7.3,212.175,23.424642857142857,999.2189285714285,,,,72.79748201438849,101.32374100719424,21.508992805755394,,1.1,,1.7,,8.4,227.6115107913669,23.235611510791365,999.4712230215828,
2022-07-16,,,29.848561151079135,189.26258992805757,20.701079136690645,,0.7,,1.2,,5.8,134.475,23.778214285714284,998.2989285714286,,,,72.48226950354609,102.65248226950355,20.28368794326241,,0.8,,1.3,,5.6,146.1060070671378,23.51272084805654,998.5144876325088,
2022-07-17,,,22.763214285714284,185.25357142857143,20.468571428571426,,0.6,,0.9,,7.2,222.47142857142856,22.978928571428572,1000.3057142857142,,,,59.98303249097473,96.04693140794224,19.764981949458484,,1.2,,1.7,,8.2,201.9025270758123,22.510108303249098,1000.5819494584838,
2022-07-18,,,23.837906137184117,160.985559566787,19.15162454873646,,1.2,,2.0,,6.0,170.66546762589928,21.541726618705038,1000.9992805755395,,,,26.9,168.0,18.1,,1.0,,1.6,,6.6,228.0,22.0,1002.4,
2022-07-19,,,18.47517730496454,170.56028368794327,19.147872340425533,,1.6,,2.5,,5.7,171.87943262411346,22.25177304964539,1001.6716312056739,,,,48.51223021582734,80.69424460431655,19.356474820143887,,1.9,,3.1,,5.9,192.21146953405017,21.154744525547443,1001.9842293906809,
2022-07-20,,,12.545323741007193,188.82014388489208,19.511151079136692,,0.8,,1.4,,7.8,225.3525179856115,22.944964028776976,1005.8640287769784,,,,44.07304964539007,67.55319148936171,19.201063829787234,,1.3,,1.9,,7.3,222.19148936170214,22.748936170212765,1006.2170212765958,
2022-07-21,,,9.738129496402877,156.26258992805757,19.128057553956836,,1.4,,2.2,,10.8,198.47670250896059,22.55985663082437,1001.3906810035842,,,,34.46376811594203,82.71014492753623,18.514492753623188,,1.4,,2.1,,12.7,240.70758122743683,23.033574007220217,1001.8938628158844,
2022-07-22,,,25.783098591549294,180.80633802816902,19.649295774647886,,1.3,,1.8,,4.8,173.4788732394366,23.007394366197186,1005.3218309859155,,,,39.1862676056338,184.21830985915494,17.99330985915493,,1.4,,2.2,,7.3,141.16549295774647,22.566901408450704,1005.606690140845,
2022-07-23,,,31.532857142857146,144.06785714285715,21.89392857142857,,0.8,,1.4,,2.8,188.95357142857142,22.935000000000002,1007.1303571428572,,,,71.88714285714286,215.57142857142858,21.502142857142857,,1.0,,1.5,,3.5,91.42857142857143,22.816428571428574,1007.3382142857143,
2022-07-24,,,24.620701754385962,85.8,22.836140350877194,,1.4,,2.0,,9.7,204.8736842105263,23.711228070175437,1003.0978947368421,,,,38.552669039145904,181.2455516014235,22.633451957295375,,1.4,,2.4,,9.8,221.72597864768684,23.330249110320285,1003.5459074733097,
2022-07-25,,,23.551063829787232,158.4964539007092,21.80141843971631,,0.9,,1.6,,6.4,112.29078014184397,23.57127659574468,1008.5911347517731,,,,34.91834532374101,128.71223021582733,21.438489208633094,,0.9,,1.7,,6.3,86.46043165467626,23.208992805755397,1008.7920863309353,
2022-07-26,,,20.654416961130742,174.29328621908127,22.66678445229682,,0.3,,0.5,,5.5,91.26501766784452,23.94028268551237,1010.803886925795,,,,32.34784172661871,138.4496402877698,21.842805755395684,,0.5,,1.0,,6.4,47.18637992831541,23.27741935483871,1010.9519713261648,
2022-07-27,,,15.42867383512545,171.02867383512546,23.127598566308244,,0.6,,1.0,,7.6,49.91756272401434,24.64551971326165,1011.0265232974912,,,,36.52795698924731,144.752688172043,22.787455197132616,,0.8,,1.4,,8.4,36.34767025089606,23.956272401433694,1011.0849462365592,
2022-07-28,,,16.53936170212766,156.36879432624113,23.656382978723407,,0.8,,1.3,,6.7,44.797872340425535,24.886524822695037,1012.0950354609929,,,,46.5612676056338,100.02464788732394,23.709154929577462,,1.1,,1.7,,7.4,37.521126760563384,24.267605633802816,1012.1926056338028,
2022-07-29,,,26.056896551724137,137.31896551724137,24.200858369098714,,0.6,,1.1,,8.8,93.03879310344827,25.4618025751073,1013.0672413793104,,,,48.457192982456135,120.65263157894736,24.53943661971831,,1.0,,1.6,,10.3,43.21678321678322,25.255244755244757,1013.0024475524476,
2022-07-30,,,23.103214285714284,163.7892857142857,25.058571428571426,,1.0,,1.6,,9.9,41.04642857142857,26.814999999999998,1010.2460714285716,,,,40.52313167259786,121.94661921708185,25.35693950177936,,1.2,,2.2,,10.3,40.66548042704626,26.08825622775801,1010.2281138790034,
2022-07-31,,,28.28843930635838,64.39884393063583,25.283815028901735,,1.5,,2.3,,7.9,128.35838150289018,26.424277456647395,1008.6231213872832,,,,35.05035460992908,104.12765957446808,25.640780141843972,,1.9,,3.0,,8.7,118.36749116607774,26.554063604240284,1008.5406360424029,
2022-08-01,,,23.24793388429752,108.47107438016529,25.18312757201646,,2.0,,3.1,,11.2,216.93388429752065,27.143801652892563,1008.7636363636364,,,,35.01837455830389,77.9469964664311,25.236749116607776,,3.1,,4.3,,11.2,184.20494699646642,27.068551236749116,1008.9667844522968,
2022-08-02,,,28.318861209964414,63.245551601423486,23.49644128113879,,2.1,,2.8,,10.8,215.50533807829183,26.03629893238434,1010.912099644128,,,,37.71028368794326,92.79078014184397,23.754609929078015,,2.1,,3.5,,10.2,228.4078014184397,25.697163120567378,1011.454964539007,
2022-08-03,,,18.71387900355872,118.17081850533808,21.174021352313165,,0.9,,1.6,,10.3,214.0,24.663345195729537,1010.7768683274021,,,,51.81964285714286,76.4,21.49642857142857,,1.0,,1.4,,8.7,227.95373665480426,24.89252669039146,1011.3234875444841,
2022-08-04,,,16.53607142857143,146.09642857142856,19.066428571428574,,0.6,,1.0,,8.2,216.51785714285714,24.212857142857143,1009.0078571428572,,,,48.41290322580645,74.56989247311827,19.736559139784948,,0.7,,1.3,,8.3,233.00711743772243,24.585765124555163,1009.5377224199287,
2022-08-05,,,17.364768683274022,166.82562277580072,17.323487544483985,,0.6,,1.0,,8.1,213.71985815602838,23.851773049645388,1006.3067375886525,,,,42.804577464788736,96.48591549295774,19.27218309859155,,0.6,,1.1,,8.3,238.95070422535213,24.273591549295773,1006.7964788732395,
2022-08-06,,,19.365357142857142,154.89642857142857,16.265714285714285,,0.7,,1.1,,8.1,204.91071428571428,22.382142857142856,1005.5853571428572,,,,37.61003584229391,119.52329749103943,18.557706093189964,,0.7,,1.2,,7.9,230.8100358422939,24.24336917562724,1006.0677419354839,
2022-08-07,,,20.01696750902527,133.11552346570397,15.989891696750902,,0.8,,1.3,,9.7,209.96750902527077,22.439350180505414,1007.2281588447654,,,,41.21228070175439,80.97894736842105,18.79157894736842,,0.8,,1.3,,8.8,235.0,24.32561403508772,1007.9126315789473,
2022-08-08,,,19.76142857142857,146.32142857142858,15.267857142857142,,1.1,,1.6,,9.8,219.31071428571428,22.52357142857143,1008.36,,,,54.78776978417266,51.95323741007194,18.978057553956834,,1.1,,1.7,,10.1,231.78136200716847,24.177419354838708,1009.0182795698923,
2022-08-09,,,17.819928825622775,157.01779359430606,13.870106761565836,,0.8,,1.3,,8.2,210.5709219858156,20.73439716312057,1008.4049645390071,,,,44.021660649819495,95.46209386281589,16.950541516245487,,0.9,,1.7,,8.3,231.78853046594983,22.961648745519714,1008.9440860215054,
2022-08-10,,,21.420567375886527,146.06028368794327,14.217021276595744,,0.7,,1.2,,7.4,208.0531914893617,20.29468085106383,1007.4556737588653,,,,46.784507042253516,131.54225352112675,17.265492957746478,,0.9,,1.3,,9.1,230.34859154929578,23.12042253521127,1007.943309859155,
2022-08-11,,,30.649450549450545,148.63003663003664,13.864102564102565,,0.6,,1.0,,6.5,207.13138686131387,19.822627737226277,1006.0656934306569,,,,49.21227436823104,123.56317689530685,17.63898916967509,,0.8,,1.3,,7.7,236.37769784172662,22.677697841726616,1006.531654676259,
2022-08-12,,,31.124642857142856,154.80714285714285,14.19142857142857,,0.6,,1.1,,8.7,180.5,20.372500000000002,1005.3467857142856,,,,49.73943661971831,138.08098591549296,16.95105633802817,,0.8,,1.3,,6.7,224.8661971830986,22.741197183098592,1005.7714788732394,
2022-08-13,,,29.89357142857143,147.3892857142857,14.629999999999999,,0.6,,1.0,,9.0,192.22340425531914,20.854609929078013,1006.2875886524822,,,,47.98745519713262,127.80645161290323,16.559498207885305,,0.7,,1.1,,8.1,193.36785714285713,16.498790322580643,1006.6678571428571,
2022-08-14,,,39.7,10.0,16.7,,0.3,,0.4,,1.3,202.0,21.4,1006.9,,,,43.587857142857146,128.50714285714287,15.929285714285713,,0.9,,1.3,,8.4,226.6832740213523,4.738095238095238,1007.1982206405694,
2022-08-15,,,26.4268115942029,141.42391304347825,15.675,,0.9,,1.6,,9.2,210.27173913043478,21.594202898550726,1004.3695652173913,,,,30.550179211469533,142.89247311827958,15.366308243727598,,1.1,,1.8,,10.0,230.68817204301075,,1005.1444444444444,
2022-08-16,,,24.170397111913356,162.04693140794222,14.571841155234658,,1.3,,1.8,,10.8,210.82857142857142,21.569285714285712,1004.435,,,,38.18960573476702,141.10752688172042,15.259498207885303,,1.7,,2.3,,8.3,226.65232974910396,21.61825396825397,1004.8465949820788,
2022-08-17,,,23.086813186813185,113.71428571428571,14.382783882783883,,1.4,,1.9,,0.5,145.54014598540147,20.385766423357662,1007.0051094890512,,,,62.748042704626336,67.07473309608541,20.092170818505338,,1.4,,2.2,,6.4,84.56227758007117,18.010970464135024,1007.1274021352313,
2022-08-18,,,16.059363957597174,189.26855123674912,15.675265017667845,,0.9,,1.4,,0.6,157.63250883392226,22.159010600706715,1007.9809187279151,,,,85.2,55.0,23.6,,0.9,,1.4,,0.8,311.0,23.5,1007.6,
2022-08-19,,,13.546209386281589,149.3826714801444,16.807581227436824,,0.7,,1.2,,9.5,222.7841726618705,21.944604316546762,1004.513309352518,,,,59.770714285714284,65.07142857142857,19.61642857142857,,0.8,,1.2,,9.0,231.17142857142858,23.072142857142858,1005.0257142857143,
2022-08-20,,,12.988967971530249,156.46619217081852,15.257295373665482,,1.0,,1.4,,5.6,195.355871886121,21.795373665480426,1002.635587188612,,,,67.68776978417266,47.80935251798561,19.760791366906474,,1.0,,1.7,,9.2,196.30575539568346,22.8726618705036,1002.9586330935252,
2022-08-21,,,24.12815884476534,185.26714801444044,18.222382671480144,,1.0,,1.4,,4.8,198.5740072202166,23.685920577617328,1005.5638989169676,,,,80.396,42.85090909090909,22.51890909090909,,1.8,,2.6,,8.9,35.64363636363636,23.307636363636366,1005.5519999999999,
2022-08-22,,,17.510752688172044,197.63799283154123,22.148028673835125,,1.0,,1.4,,0.3,129.78214285714284,24.018571428571427,1004.9946428571428,,,,75.41459074733096,45.256227758007114,24.231899641577062,,1.4,,2.3,,5.0,203.37722419928826,24.610676156583633,1005.2441281138789,
2022-08-23,,,17.46559139784946,215.63440860215053,23.22652329749104,,0.5,,0.8,,1.2,173.13214285714287,25.175357142857145,1005.5574999999999,,,,49.242446043165465,116.06115107913669,22.69136690647482,,0.8,,1.3,,9.7,174.25806451612902,24.27741935483871,1005.8390681003583,
2022-08-24,,,28.78447653429603,216.8158844765343,22.98014440433213,,1.7,,2.5,,9.8,237.57761732851986,22.444404332129967,1008.3527075812275,,,,44.398916967509024,97.24548736462094,23.9985559566787,,2.2,,3.7,,12.1,41.191335740072205,22.462454873646212,1008.1581227436823,
2022-08-25,,,20.99247311827957,173.63440860215053,24.836559139784946,,1.3,,1.9,,0.6,167.98928571428573,24.409642857142856,1006.9714285714285,,,,58.677738515901055,107.96466431095406,25.159010600706715,,1.8,,2.5,,7.7,257.64664310954066,24.363250883392226,1007.2427561837457,
2022-08-26,,,16.962589928057554,156.28776978417267,25.317625899280575,,0.5,,0.9,,3.0,209.3785046728972,24.955357142857142,1006.3800000000001,,,,51.254316546762595,82.34892086330935,25.616906474820144,,0.7,,1.1,,5.2,147.20863309352518,25.063309352517987,1006.5971223021583,
2022-08-27,,,23.454642857142858,167.85,25.52,,0.5,,0.8,,7.5,235.49466192170817,24.302135231316726,1008.4857651245552,,,,51.4202846975089,100.32384341637011,24.16405693950178,,0.6,,1.0,,9.0,173.55516014234877,24.54270462633452,1008.6562277580072,
2022-08-28,,,18.95,181.94642857142858,24.466785714285713,,0.9,,1.4,,9.6,164.3167259786477,22.904982206405695,1014.5444839857652,,,,41.74199288256228,130.41992882562278,24.416370106761565,,1.3,,2.0,,10.8,37.95729537366548,23.177580071174376,1014.5366548042704,
2022-08-29,,,17.67340425531915,163.77224199288256,25.308480565371024,,1.2,,2.1,,7.9,145.85865724381625,24.13886925795053,1014.9590106007068,,,,47.1709219858156,92.98936170212765,25.099999999999998,,1.6,,2.4,,7.9,35.03886925795053,24.3226148409894,1014.978445229682,
2022-08-30,,,15.032857142857143,161.36428571428573,25.754285714285714,,0.7,,1.0,,6.6,227.09285714285716,23.52357142857143,1011.2964285714286,,,,53.19892086330935,81.00719424460432,26.03956834532374,,0.9,,1.6,,8.5,36.44964028776978,23.928057553956833,1011.3575539568346,
2022-08-31,,,16.79890510948905,137.53284671532847,26.433576642335765,,0.9,,1.5,,6.4,138.72,22.911272727272728,1007.5007272727273,,,,51.65201465201465,107.48351648351648,26.346886446886447,,1.2,,1.7,,8.7,67.4065934065934,23.303296703296702,1007.5556776556778,
2022-09-01,,,13.946071428571429,192.87857142857143,26.491071428571427,,1.1,,1.8,,8.1,210.13571428571427,22.97607142857143,1012.6125,,,,40.24107142857143,151.31071428571428,25.73046594982079,,1.6,,2.4,,9.5,25.910714285714285,23.307142857142857,1012.5485714285713,
2022-09-02,,,13.874285714285715,186.42857142857142,26.203214285714285,,1.9,,2.8,,12.3,119.72857142857143,22.547142857142855,1015.4796428571428,,,,22.070609318996414,150.95698924731184,25.815053763440858,,2.5,,3.6,,12.2,46.07885304659498,22.80573476702509,1015.321146953405,
2022-09-03,,,17.385714285714286,196.79928315412187,26.108540925266905,,2.2,,3.3,,10.9,49.59074733096085,23.86085409252669,1014.4213523131673,,,,24.469534050179213,124.35125448028674,25.52258064516129,,2.6,,4.8,,12.0,57.45,24.114285714285714,1014.2757142857143,
2022-09-04,,,18.283274021352316,190.48754448398577,26.370462633451957,,1.6,,2.3,,8.1,110.06405693950178,25.89679715302491,1010.9843416370106,,,,32.657295373665484,128.40213523131672,25.662989323843416,,2.1,,2.9,,9.7,62.93617021276596,25.7145390070922,1011.0290780141844,
2022-09-05,,,16.76161971830986,211.26760563380282,26.531338028169014,,3.6,,4.8,,12.0,151.45774647887325,26.97887323943662,1005.3422535211268,,,,62.16702127659574,126.4645390070922,25.54822695035461,,4.5,,6.3,,13.2,128.226148409894,26.51554770318021,1005.2342756183746,
2022-09-06,,,25.844839857651245,226.44839857651246,25.585765124555163,,8.0,,10.4,,25.3,231.93617021276594,25.231205673758865,997.9375,,,,71.24306049822064,129.02846975088968,25.308849557522123,,10.5,,13.6,,29.5,125.15068493150685,25.15943060498221,995.6040650406504,
2022-09-07,,,29.003521126760564,148.03521126760563,25.403521126760566,,1.2,,1.7,,7.8,241.75,22.501408450704226,1015.7080985915492,,,,74.35352112676057,171.15140845070422,25.336619718309862,,2.0,,3.1,,,,23.216901408450706,1017.3627906976744,
2022-09-08,,,25.537373737373734,139.9747474747475,25.289949748743716,,1.0,,1.5,,10.3,182.34,22.7245,1017.4155000000001,,,,46.1288256227758,118.59430604982207,25.18291814946619,,1.4,,2.3,,,,23.10391459074733,1017.3982206405694,
2022-09-09,,,25.613661202185792,139.8087431693989,25.039130434782606,,1.3,,1.9,,11.0,37.016304347826086,23.957065217391307,1017.3309782608695,,,,54.041992882562276,102.37010676156584,24.7864768683274,,1.7,,2.7,,,,23.22811387900356,1017.1117437722421,
2022-09-10,,,21.802611940298508,180.47761194029852,24.93059701492537,,2.1,,2.5,,12.0,85.44402985074628,23.305223880597016,1017.1156716417911,,,,46.41258992805756,143.95323741007195,24.203237410071942,,2.5,,3.5,,,,23.205376344086023,1017.078494623656,
2022-09-11,,,18.313261648745517,146.68458781362008,24.656989247311827,,1.0,,1.8,,9.1,93.94265232974911,23.59032258064516,1015.0315412186379,,,,52.087188612099645,133.4590747330961,23.777224199288256,,1.7,,2.8,,,,23.42064056939502,1015.0658362989324,
2022-09-12,,,23.124822695035462,169.0,24.43758865248227,,0.8,,2.3,,6.9,116.76241134751773,23.6968085106383,1014.0890070921985,,,,48.390492957746474,114.5,23.46443661971831,,1.4,,2.1,,,,23.450704225352112,1014.0609154929577,
2022-09-13,,,20.422419928825622,178.1423487544484,24.251601423487543,,1.4,,2.0,,12.0,35.288256227758005,24.202135231316728,1015.0985765124556,,,,45.581914893617025,150.24822695035462,23.438297872340428,,2.5,,3.7,,,,23.843617021276593,1014.8737588652483,
2022-09-14,,,17.2,134.0,24.1,,,,,,9.7,21.0,23.9,1016.6,,,,27.984154929577464,162.6443661971831,23.44612676056338,,2.7,,3.8,,,,23.710915492957746,1015.6176056338029,
2022-09-15,,,14.284341637010677,184.28113879003558,23.958362989323845,,1.8,,3.1,,11.5,31.326241134751772,23.68439716312057,1013.3514184397162,,,,20.79749103942652,159.49820788530465,23.435842293906813,,2.5,,3.7,,,,23.448387096774194,1013.1240143369175,
2022-09-16,,,10.498233215547703,183.01413427561837,24.333568904593637,,1.3,,1.9,,6.4,108.84098939929329,23.6113074204947,1010.1197879858659,,,,40.06294964028777,99.30935251798562,23.394244604316548,,1.8,,2.6,,,,23.309677419354838,1010.1197132616488,
2022-09-17,,,9.320848056537104,171.3321554770318,23.99893992932862,,0.7,,1.1,,7.3,122.53356890459364,24.91625441696113,1008.0296819787986,,,,51.23107142857143,92.71428571428571,23.6975,,1.1,,1.7,,,,24.318861209964414,1008.0519572953735,
2022-09-18,,,34.48732394366197,209.4612676056338,24.31830985915493,,2.4,,3.9,,16.4,48.63380281690141,26.135211267605634,1000.4904929577465,,,,48.6,52.0,23.8,,0.5,,0.7,,,,26.4,1005.8,
2022-09-19,,,21.54404332129964,191.9025270758123,24.269314079422383,,5.6,,6.8,,19.2,122.25270758122744,23.464259927797837,995.8787735849056,,,,36.21469534050179,173.08602150537635,24.10931899641577,,5.6,,7.2,,,,23.247142857142858,993.8074999999999,
2022-09-20,,,28.121276595744682,206.98581560283688,23.915248226950357,,3.7,,5.1,,12.9,152.84751773049646,19.99113475177305,1012.399645390071,,,,42.64290780141844,141.91843971631207,23.73404255319149,,4.2,,6.1,,,,20.228014184397164,1012.4578014184397,
2022-09-21,,,13.00391459074733,168.2491103202847,23.723131672597866,,3.0,,3.9,,10.2,162.52669039145908,19.21708185053381,1017.4341637010676,,,,25.316725978647685,138.3594306049822,23.390747330960856,,3.0,,3.8,,,,19.674021352313165,1017.402846975089,
2022-09-22,,,12.311071428571429,220.46785714285716,23.385,,1.7,,2.8,,8.0,168.15357142857144,21.013571428571428,1015.115,,,,37.29644128113879,111.29181494661921,23.175800711743772,,1.9,,2.9,,,,21.176868327402136,1015.1715302491103,
2022-09-23,,,12.489492753623187,151.07246376811594,23.87427536231884,,0.7,,1.0,,8.2,278.7003610108303,22.619855595667868,1011.4212996389892,,,,27.94290909090909,110.02545454545455,23.297090909090908,,0.7,,1.2,,,,22.393818181818183,1011.6756363636363,
2022-09-24,,,11.27773851590106,166.6077738515901,23.76077738515901,,0.4,,0.7,,6.7,218.8268551236749,19.631448763250884,1015.2236749116607,,,,36.33892857142857,94.19285714285714,23.192831541218638,,0.8,,1.2,,5.0,179.3875,20.137142857142855,1015.4092857142856,
2022-09-25,,,20.21111111111111,158.6415770609319,23.56200716845878,,0.8,,1.3,,5.8,228.49820788530465,20.780645161290323,1016.1204301075268,,,,39.34424460431655,85.84892086330935,23.023741007194246,,0.9,,1.6,,6.7,98.94982078853046,21.05663082437276,1016.11541218638,
2022-09-26,,,13.237543859649122,136.0842105263158,23.415087719298246,,0.6,,1.0,,5.2,282.1578947368421,20.892280701754387,1016.2891228070176,,,,49.34685314685315,72.82517482517483,23.14090909090909,,0.7,,1.2,,5.1,178.17482517482517,21.094055944055942,1016.3024475524476,
2022-09-27,,,14.90565371024735,191.89752650176678,23.66077738515901,,0.7,,1.2,,9.0,227.68197879858658,21.896113074204948,1015.3929328621908,,,,44.88485915492957,44.86619718309859,23.36549295774648,,1.2,,1.7,,10.2,76.5,21.99154929577465,1015.3408450704225,
2022-09-28,,,15.425978647686833,161.34519572953738,23.483985765124554,,1.1,,1.6,,6.9,214.81138790035587,21.76334519572954,1013.5818505338078,,,,64.87741935483871,47.516129032258064,22.98494623655914,,1.2,,1.8,,6.8,99.63214285714285,21.743928571428572,1013.6199999999999,
2022-09-29,,,18.208185053380785,182.15658362989325,23.838078291814945,,0.8,,1.2,,4.1,253.15658362989325,21.95943060498221,1014.0459074733097,,,,59.33949275362319,84.33333333333333,23.06340579710145,,0.9,,1.2,,3.5,269.87725631768956,21.8942238267148,1014.1018050541517,
2022-09-30,,,19.23794326241135,141.63120567375887,23.635335689045938,,0.4,,0.6,,4.0,263.58657243816253,21.67950530035336,1015.7795053003533,,,,64.98107142857143,77.275,23.25857142857143,,0.4,,0.7,,3.3,266.00714285714287,21.810714285714287,1015.8967857142857,
2022-10-01,,,28.071272727272728,145.33695652173913,23.362142857142857,,0.3,,0.5,,6.0,272.125,21.858571428571427,1017.0260714285714,,,,68.34856115107914,97.08992805755396,23.254676258992806,,0.3,,0.5,,6.9,267.47482014388487,22.114028776978415,1017.1514388489207,
2022-10-02,,,33.12791519434629,187.15194346289752,23.253356890459365,,0.3,,0.5,,4.8,212.69257950530036,22.719787985865725,1018.2727915194347,,,,67.49181494661921,94.6797153024911,23.14946619217082,,0.3,,0.5,,3.9,194.35231316725978,22.737010676156586,1018.3597864768683,
2022-10-03,,,34.26077738515901,150.37455830388691,22.583392226148412,,1.7,,2.5,,10.4,200.1660777385159,24.290459363957595,1015.4727915194346,,,,69.3376811594203,62.80434782608695,22.89890909090909,,1.4,,2.0,,11.8,225.93478260869566,23.92572463768116,1015.8532608695652,
2022-10-04,,,19.6925,186.69642857142858,21.395357142857144,,1.8,,2.8,,11.9,216.40714285714284,21.75857142857143,1012.1892857142857,,,,55.67625899280576,44.280575539568346,21.882374100719424,,2.6,,3.6,,12.8,158.16546762589928,21.81258992805755,1012.4514388489208,
2022-10-05,,,25.491843971631205,207.93617021276594,22.501063829787235,,1.9,,2.9,,8.2,299.12056737588654,17.76382978723404,1019.0624113475177,,,,59.046289752650175,113.90459363957598,22.013427561837457,,2.8,,3.8,,9.3,21.045936395759718,18.31519434628975,1018.8862190812721,
2022-10-06,,,27.123843416370107,178.22419928825622,22.92740213523132,,1.6,,2.5,,7.2,265.75618374558303,18.71731448763251,1018.3220640569396,,,,57.66443661971831,102.46830985915493,22.691872791519437,,2.1,,3.4,,8.3,143.5387323943662,18.94507042253521,1018.3316901408451,
2022-10-07,,,25.97364864864865,224.76351351351352,22.892666666666667,,1.3,,1.9,,8.6,274.52,18.685333333333336,1015.884,,,,50.41907894736842,72.38815789473684,22.50921052631579,,1.5,,2.2,,6.1,290.3092105263158,18.657236842105263,1016.0657894736842,
2022-10-08,,,22.18136200716846,169.52329749103941,22.407885304659498,,2.3,,3.7,,10.3,148.08960573476702,17.685663082437276,1023.8648745519713,,,,38.51546762589928,119.83093525179856,22.590287769784172,,3.4,,4.7,,11.3,44.17562724014337,18.122222222222224,1023.6878136200718,
2022-10-09,,,19.489788732394366,145.59010600706713,22.563286713286715,,1.5,,2.2,,6.9,268.1013986013986,18.19125874125874,1017.6590909090909,,,,41.14,143.53684210526316,22.10598591549296,,1.9,,2.8,,8.8,100.21052631578948,19.06947368421053,1017.6175438596491,
2022-10-10,,,17.80802919708029,135.05839416058393,22.285512367491165,,1.0,,1.5,,12.4,263.12720848056534,16.303180212014134,1012.7031802120141,,,,49.17821428571428,88.73214285714286,21.653928571428573,,1.0,,1.4,,12.2,283.29285714285714,16.058571428571426,1013.2046428571429,
2022-10-11,,,18.67844522968198,147.40282685512366,21.33957597173145,,0.8,,1.2,,10.8,220.96466431095408,15.124381625441696,1019.1416961130741,,,,42.79929577464789,148.2605633802817,20.698591549295774,,0.9,,1.6,,11.0,249.5211267605634,14.991901408450703,1019.3179577464788,
2022-10-12,,,15.491901408450703,179.57394366197184,21.028521126760566,,1.4,,2.2,,9.6,151.92605633802816,17.417957746478873,1025.3366197183097,,,,38.101773049645395,141.30851063829786,20.421276595744683,,1.5,,2.5,,10.4,123.65602836879432,17.49290780141844,1025.268439716312,
2022-10-13,,,17.625795053003536,193.5123674911661,20.948056537102474,,1.9,,2.7,,10.0,44.28621908127209,19.771731448763248,1024.0155477031803,,,,49.15780141843972,94.66666666666667,21.1968085106383,,2.6,,3.7,,11.5,51.985865724381625,19.950176678445228,1023.8074204946996,
2022-10-14,,,19.58273381294964,163.33453237410072,21.542142857142856,,2.0,,2.5,,8.8,217.95744680851064,19.002836879432625,1019.7722419928825,,,,54.606428571428566,77.32142857142857,21.578214285714285,,1.8,,2.7,,9.9,29.585714285714285,19.41821428571429,1019.6589285714285,
2022-10-15,,,25.0,45.0,21.6,,0.9,,1.2,,4.9,333.0,18.6,1018.5,,,,50.90739436619719,106.79929577464789,21.474204946996466,,1.4,,2.4,,9.3,105.84912280701755,19.709122807017547,1018.8470175438597,
2022-10-16,,,14.749600000000001,194.02822580645162,22.374285714285715,,0.8,,1.7,,6.5,233.5444839857651,20.30427046263345,1017.4246428571429,,,,51.09672727272727,102.96363636363637,21.468,,1.0,,1.5,,5.7,188.94927536231884,20.111956521739128,1017.5,
2022-10-17,,,23.6760162601626,219.04526748971193,21.64166666666667,,0.4,,0.7,,10.7,240.68345323741008,18.614748201438847,1014.9007194244605,,,,37.206909090909086,130.05818181818182,21.26690909090909,,0.7,,1.3,,10.9,253.32608695652175,18.984782608695653,1014.8978260869565,
2022-10-18,,,11.657347670250896,157.1290322580645,21.348214285714285,,1.1,,2.1,,9.4,256.4946619217082,14.140569395017794,1019.7523131672599,,,,34.45964285714286,108.78571428571429,20.522142857142857,,1.7,,2.6,,8.6,217.76868327402136,14.338790035587188,1019.8487544483986,
2022-10-19,,,23.5443661971831,203.19014084507043,20.68661971830986,,0.7,,1.0,,7.3,261.03169014084506,13.456690140845069,1023.9464788732394,,,,56.9,56.0,20.2,,1.1,,1.6,,3.4,344.0,13.2,1021.8,
2022-10-20,,,22.473741007194246,162.62230215827338,21.18453237410072,,0.6,,0.9,,6.0,244.1505376344086,15.381003584229392,1026.829856115108,,,,56.39430604982206,109.37366548042705,21.25302491103203,,1.1,,1.8,,5.2,249.864768683274,16.426690391459072,1026.9153024911031,
2022-10-21,,,10.11834061135371,132.19383259911893,21.652112676056337,,0.4,,0.7,,8.6,247.98591549295776,18.325704225352112,1024.0457746478874,,,,29.217499999999998,97.71428571428571,20.812142857142856,,0.5,,0.8,,9.7,262.9,18.841428571428573,1024.1953571428571,
2022-10-22,,,17.56359649122807,160.24890829694323,21.695289855072463,,0.4,,0.7,,7.4,223.04676258992805,19.693525179856117,1019.2425992779783,,,,35.14007220216606,99.81949458483754,20.473285198555956,,0.7,,1.0,,8.3,273.0,19.469424460431654,1019.3996402877697,
2022-10-23,,,17.161194029850744,174.77037037037036,21.447670250896056,,0.9,,1.4,,11.2,274.575,17.21785714285714,1016.6528571428571,,,,32.90921985815603,89.20567375886525,20.211702127659574,,1.1,,2.0,,11.8,148.63120567375887,17.388652482269507,1016.7251773049645,
2022-10-24,,,16.606617647058822,162.36764705882354,20.95642857142857,,1.1,,1.5,,9.2,303.1,14.422500000000001,1018.5942857142858,,,,39.11352313167259,78.38434163701068,20.69964412811388,,1.7,,2.5,,9.4,245.9644128113879,14.816370106761564,1018.6345195729536,
2022-10-25,,,20.3,144.23529411764707,21.05812274368231,,1.4,,2.5,,10.4,292.98916967509024,13.663176895306858,1026.0234657039712,,,,32.50573476702509,151.92831541218638,20.208602150537633,,2.4,,3.1,,12.1,24.781362007168457,14.20752688172043,1025.9788530465948,
2022-10-26,,,26.427338129496402,157.20938628158845,21.0636690647482,,1.5,,2.2,,7.7,264.1546762589928,15.877338129496401,1027.0107913669065,,,,38.77003610108303,147.985559566787,20.22274368231047,,2.4,,3.8,,7.2,133.89169675090253,16.1028880866426,1027.0119133574008,
2022-10-27,,,23.56258992805755,142.59712230215828,20.7275,,0.8,,1.2,,4.7,243.04285714285714,17.3075,1024.1153571428572,,,,47.787142857142854,101.38571428571429,20.098214285714285,,1.1,,1.6,,4.8,244.93571428571428,17.621071428571426,1024.149642857143,
2022-10-28,,,24.670609318996416,169.33333333333334,20.76063829787234,,1.4,,2.3,,11.7,179.46453900709218,16.851773049645388,1025.1932624113474,,,,40.167605633802815,142.81338028169014,20.505281690140844,,2.3,,3.3,,11.9,133.82042253521126,17.215845070422535,1025.155985915493,
2022-10-29,,,18.65326086956522,169.32116788321167,20.878776978417267,,1.6,,2.3,,8.4,192.63309352517985,16.263309352517986,1026.501438848921,,,,43.415,100.49285714285715,20.183571428571426,,2.1,,3.2,,9.8,47.003571428571426,16.663214285714286,1026.3771428571429,
2022-10-30,,,17.96413043478261,174.3768115942029,20.95144927536232,,1.4,,2.1,,10.0,215.36231884057972,15.817753623188405,1025.5702898550726,,,,39.23357142857143,111.47857142857143,19.9325,,1.9,,3.1,,10.6,54.8,16.111785714285716,1025.4685714285715,
2022-10-31,,,14.78494623655914,186.25089605734766,20.85304659498208,,1.3,,2.1,,8.3,219.81720430107526,16.424014336917562,1024.032616487455,,,,45.1187725631769,103.6028880866426,19.852346570397113,,2.3,,3.4,,10.2,30.974729241877256,16.912635379061374,1023.8880866425993,
2022-11-01,,,14.333818181818183,181.0036496350365,20.84551971326165,,0.8,,1.3,,7.1,258.0857142857143,17.018214285714286,1020.3616487455198,,,,43.123404255319144,98.21985815602837,20.023758865248226,,1.2,,1.9,,6.0,217.17375886524823,16.995390070921985,1020.4198581560285,
2022-11-02,,,16.068796992481204,179.7433962264151,20.676156583629894,,0.5,,0.8,,5.9,246.7473309608541,16.553736654804272,1019.4797153024911,,,,39.128928571428574,110.56071428571428,20.01142857142857,,0.8,,1.3,,4.0,218.02857142857144,16.733214285714286,1019.5892857142857,
2022-11-03,,,19.923846153846153,189.31153846153848,20.665836298932387,,0.4,,0.5,,5.3,226.932384341637,16.165836298932387,1016.9348754448399,,,,31.127758007117436,107.38434163701068,19.834519572953738,,0.5,,0.9,,6.9,224.02135231316726,16.96797153024911,1017.0327402135232,
2022-11-04,,,21.31863799283154,122.04659498207886,20.02831541218638,,0.7,,0.9,,6.8,294.23214285714283,13.3,1018.9530465949822,,,,40.980633802816904,108.79577464788733,19.442605633802817,,1.3,,1.7,,10.7,261.01056338028167,13.945070422535212,1018.9464788732394,
2022-11-05,,,26.8910394265233,131.59498207885304,20.11899641577061,,0.7,,1.1,,8.5,296.9964157706093,11.275985663082437,1022.6763440860216,,,,54.71557971014493,80.41666666666667,19.869927536231884,,1.6,,2.3,,5.9,257.6823104693141,11.950902527075813,1022.7606498194946,
2022-11-06,,,19.846099290780142,180.5744680851064,20.059219858156027,,0.6,,1.0,,5.7,262.6099290780142,12.097163120567377,1023.9787234042553,,,,48.84321428571429,76.83928571428571,19.311785714285715,,1.0,,1.6,,4.9,286.20714285714286,12.876428571428571,1024.0339285714285,
2022-11-07,,,20.582857142857144,172.8892857142857,19.69107142857143,,0.3,,0.6,,5.4,258.72857142857146,14.088571428571429,1022.5332142857143,,,,48.211032028469745,102.4306049822064,18.663345195729537,,0.5,,0.9,,6.7,275.7722419928826,14.50284697508897,1022.6110320284698,
2022-11-08,,,22.57894736842105,165.0701754385965,18.993684210526315,,0.5,,0.7,,5.3,245.7157894736842,15.174736842105263,1024.0638596491228,,,,61.12836879432624,102.97872340425532,19.129787234042553,,0.7,,1.1,,4.8,225.85211267605635,16.067605633802817,1024.1834507042254,
2022-11-09,,,29.108602150537635,130.69175627240142,18.983629893238433,,0.6,,0.9,,9.4,240.864768683274,15.583629893238435,1024.3512455516016,,,,61.133571428571436,90.91428571428571,19.175357142857145,,0.6,,1.1,,7.3,275.925,16.08178571428571,1024.590357142857,
2022-11-10,,,31.300378787878785,169.7528517110266,19.202909090909092,,0.3,,0.5,,4.6,223.4618181818182,16.305818181818182,1024.054909090909,,,,55.227436823104696,106.17689530685921,18.822743682310467,,0.5,,0.8,,5.0,237.65703971119135,16.705776173285198,1024.1007220216607,
2022-11-11,,,30.483802816901406,151.57042253521126,19.401754385964914,,0.6,,1.2,,5.8,220.1578947368421,17.335087719298247,1026.099298245614,,,,56.5612676056338,102.15492957746478,19.50985915492958,,0.8,,1.5,,6.4,104.04577464788733,17.701760563380283,1026.057042253521,
2022-11-12,,,32.95957446808511,165.31914893617022,19.329787234042552,,0.7,,1.2,,11.0,233.81625441696113,18.306713780918727,1019.5293286219081,,,,54.335789473684216,100.82105263157895,18.937894736842107,,1.0,,1.4,,11.3,242.87719298245614,18.354035087719296,1019.7614035087719,
2022-11-13,,,15.763799283154123,187.30935251798562,19.130035335689048,,1.8,,2.8,,13.7,196.83450704225353,18.529929577464788,1012.3024647887324,,,,29.96178571428571,174.25,18.232857142857142,,2.8,,4.0,,14.6,140.864768683274,18.066548042704625,1012.4644128113879,
2022-11-14,,,12.54626334519573,179.80427046263344,18.454448398576513,,2.0,,3.5,,9.8,242.38078291814946,13.778647686832741,1017.420640569395,,,,36.0075,111.54642857142858,17.954642857142858,,2.6,,3.8,,10.9,114.90714285714286,13.855714285714285,1017.4482142857142,
2022-11-15,,,1.3,306.0,18.6,,0.9,,1.1,,2.7,280.0,11.7,1015.3,,,,27.92652329749104,123.47311827956989,17.710394265232974,,1.5,,2.0,,6.2,248.3584229390681,12.741935483870968,1016.2290322580646,
2022-11-16,,,10.762544169611308,167.0,18.757950530035334,,0.5,,0.7,,6.5,271.41696113074204,13.529681978798587,1019.5480565371024,,,,28.398226950354612,116.57446808510639,17.669148936170213,,0.7,,1.1,,7.0,283.29787234042556,13.743262411347517,1019.7145390070922,
2022-11-17,,,11.064835164835165,206.05128205128204,18.646209386281587,,0.4,,0.7,,5.0,251.43525179856115,13.06115107913669,1023.156834532374,,,,56.40567375886525,47.9113475177305,18.884642857142858,,0.7,,1.3,,5.3,205.36879432624113,13.736879432624114,1023.1542553191489,
2022-11-18,,,20.504626334519575,196.49110320284697,18.965836298932384,,0.5,,1.0,,6.8,237.1241134751773,14.433333333333334,1025.4109929078015,,,,48.898916967509024,48.187725631768956,19.27725631768953,,0.9,,1.2,,7.3,158.74368231046932,15.063898916967508,1025.3231046931407,
2022-11-19,,,19.128113879003557,203.864768683274,18.885053380782917,,1.9,,2.8,,9.4,168.7163120567376,16.48617021276596,1022.614590747331,,,,34.4,37.0,18.6,,1.0,,1.3,,6.3,23.0,15.9,1025.0,
2022-11-20,,,16.225357142857145,199.15714285714284,19.180714285714288,,1.6,,2.4,,6.6,212.34642857142856,16.158571428571427,1019.6557142857142,,,,26.621631205673758,83.32624113475177,18.136879432624117,,1.6,,2.6,,7.0,82.52296819787986,16.406007067137807,1019.6477031802119,
2022-11-21,,,22.064727272727275,181.22545454545454,18.964363636363636,,0.5,,0.8,,5.2,248.2753623188406,15.58804347826087,1020.3636363636364,,,,31.721818181818183,119.51636363636364,18.102919708029198,,0.7,,1.2,,4.9,249.63636363636363,15.837090909090909,1020.5156363636363,
2022-11-22,,,19.494285714285713,172.62142857142857,18.89785714285714,,1.3,,2.2,,7.6,310.84697508896795,15.858007117437724,1019.4185053380783,,,,33.274460431654674,146.92805755395685,18.262589928057555,,1.6,,2.9,,8.2,80.00716845878136,16.263440860215052,1019.4125448028673,
2022-11-23,,,22.164157706093192,177.50537634408602,18.7168458781362,,1.7,,2.3,,8.7,312.3010752688172,15.8247311827957,1014.5010752688172,,,,42.74626334519573,145.46619217081852,18.087857142857143,,2.5,,3.6,,8.4,260.94306049822063,15.695729537366548,1014.6234875444841,
2022-11-24,,,27.475451263537906,186.95306859205778,18.574729241877257,,1.1,,1.6,,6.6,249.54151624548737,13.686642599277977,1019.5631768953068,,,,41.00836363636363,137.66545454545454,17.553818181818183,,2.1,,3.1,,5.4,228.51272727272726,14.074181818181819,1019.6498181818182,
2022-11-25,,,29.29136690647482,169.26978417266187,18.042086330935252,,0.8,,1.2,,9.1,245.17562724014337,15.051254480286739,1018.9669064748201,,,,48.96546762589928,130.58273381294964,17.1841726618705,,1.0,,1.6,,6.6,284.00359712230215,15.341726618705035,1019.1971223021583,
2022-11-26,,,33.52851985559567,131.4548736462094,17.686642599277977,,0.4,,0.6,,7.2,227.48561151079136,15.833812949640288,1015.4769784172661,,,,49.28387096774194,103.36200716845879,16.984229390681005,,0.5,,0.9,,8.4,263.5357142857143,16.177857142857142,1015.5967857142856,
2022-11-27,,,35.82142857142857,156.06428571428572,17.231785714285714,,0.8,,1.4,,6.0,229.37722419928826,12.350533807829182,1020.3792857142857,,,,44.27194244604317,137.5359712230216,16.932374100719425,,1.1,,1.7,,6.7,188.23021582733813,13.442086330935252,1020.3381294964029,
2022-11-28,,,29.28494623655914,169.64874551971326,17.359139784946237,,1.6,,2.3,,9.2,239.05376344086022,17.203942652329747,1017.5544802867383,,,,43.39749103942652,108.21146953405018,17.03189964157706,,1.6,,2.6,,8.9,254.80645161290323,17.320071684587813,1017.6293906810035,
2022-11-29,,,24.125714285714285,187.74285714285713,17.590714285714284,,2.5,,3.8,,12.1,260.135231316726,16.827402135231317,1010.6410714285714,,,,36.47813620071685,107.14336917562724,16.697491039426524,,3.0,,4.7,,12.0,200.87813620071685,16.95268817204301,1010.6200716845879,
2022-11-30,,,22.206737588652484,170.98581560283688,16.879787234042553,,0.6,,1.1,,8.9,300.62056737588654,5.387588652482269,1024.8851063829786,,,,36.22517730496454,133.70212765957447,16.556382978723402,,1.4,,1.9,,11.8,242.2340425531915,5.658865248226951,1024.9992907801418,
2022-12-01,,,14.030797101449275,179.2391304347826,16.628985507246377,,0.6,,0.9,,6.4,267.5289855072464,2.8485507246376813,1028.3865942028986,,,,44.93046594982079,112.7921146953405,16.968817204301075,,1.1,,1.8,,8.9,300.4623655913978,2.987096774193548,1028.6132616487455,
2022-12-02,,,16.9339222614841,209.16666666666666,17.879858657243815,,0.7,,1.0,,5.1,248.08450704225353,3.5950704225352115,1029.4742049469965,,,,37.54748201438849,45.669064748201436,18.015107913669063,,1.0,,1.4,,6.5,244.56474820143885,4.176978417266187,1029.5877697841727,
2022-12-03,,,17.95729537366548,192.51245551601423,17.910283687943263,,0.5,,0.7,,6.8,241.78014184397162,8.820567375886526,1025.0744680851064,,,,19.583928571428572,126.19642857142857,16.641428571428573,,0.8,,1.2,,7.0,269.7142857142857,8.931071428571428,1025.3457142857142,
2022-12-04,,,23.68607142857143,169.69642857142858,17.08892857142857,,0.5,,0.9,,8.3,307.48571428571427,8.0675,1026.1367857142857,,,,53.727402135231316,86.9288256227758,17.37864768683274,,1.0,,1.6,,6.4,170.02846975088968,8.786476868327401,1026.1740213523133,
2022-12-05,,,16.88485915492958,152.31690140845072,16.77112676056338,,0.9,,1.3,,9.8,322.2842105263158,5.203859649122807,1025.0828070175437,,,,30.826334519572956,106.02846975088968,16.472241992882562,,1.3,,2.1,,7.4,196.77224199288256,6.42135231316726,1025.0419928825622,
2022-12-06,,,19.518374558303886,159.25441696113074,16.798939929328622,,0.7,,1.1,,10.1,261.74911660777383,5.960424028268551,1023.2240282685514,,,,34.1,108.76760563380282,15.694366197183099,,1.2,,1.9,,8.0,205.58098591549296,6.103169014084507,1023.4552816901409,
2022-12-07,,,21.6125,172.24642857142857,16.42892857142857,,0.7,,1.0,,8.2,250.49285714285713,8.555714285714286,1023.3392857142857,,,,49.13629893238434,105.28825622775801,16.129893238434164,,1.1,,1.8,,8.6,274.11032028469754,9.00284697508897,1023.5017793594307,
2022-12-08,,,32.41142857142857,112.17857142857143,16.47392857142857,,0.7,,1.0,,8.0,255.37010676156584,9.196797153024912,1024.9310714285714,,,,46.4575,99.28571428571429,17.63,,0.9,,1.5,,6.6,274.62142857142857,9.7125,1025.0332142857142,
2022-12-09,,,28.011971830985914,151.48239436619718,17.192605633802817,,0.6,,0.8,,4.6,269.6901408450704,10.23556338028169,1022.0637323943661,,,,28.0363309352518,133.88129496402877,17.24208633093525,,0.8,,1.2,,5.9,285.6379928315412,11.242293906810035,1022.1193548387097,
2022-12-10,,,23.517818181818182,171.34181818181818,17.20072727272727,,0.4,,0.7,,7.2,240.55434782608697,10.295289855072463,1018.3105454545455,,,,36.014545454545456,148.50545454545454,16.358545454545457,,0.5,,0.9,,6.7,217.81521739130434,10.98731884057971,1018.354347826087,
2022-12-11,,,20.434982332155478,139.35689045936397,16.987632508833922,,1.7,,2.7,,9.6,281.2650176678445,8.870671378091872,1019.8148409893992,,,,39.82517730496454,107.34397163120568,17.131914893617022,,2.5,,11.3,,8.9,113.08865248226951,9.624113475177305,1019.8063829787235,
2022-12-12,,,20.185559566787003,170.81949458483754,17.023104693140795,,2.1,,3.0,,8.8,249.4620938628159,9.71552346570397,1019.2512635379061,,,,26.664727272727273,124.23272727272727,16.33018181818182,,2.3,,3.9,,8.3,136.33695652173913,9.806159420289855,1019.3394927536232,
2022-12-13,,,20.435018050541515,144.73285198555956,16.81985559566787,,1.0,,1.7,,11.6,259.5503597122302,8.147841726618704,1016.8985611510791,,,,28.957761732851985,120.72563176895306,16.44620938628159,,1.5,,2.2,,9.1,268.39350180505414,8.130685920577617,1017.2209386281589,
2022-12-14,,,18.175,133.18928571428572,16.01464285714286,,0.9,,1.7,,10.9,278.87188612099646,1.7758007117437722,1024.2032142857145,,,,26.50035335689046,101.16254416961131,15.778091872791519,,1.6,,2.8,,10.7,297.9366197183099,1.6746478873239437,1024.5066901408452,
2022-12-15,,,16.836785714285714,127.49642857142857,15.8425,,0.7,,1.0,,8.2,237.85,3.790714285714286,1025.1657142857143,,,,26.19377289377289,97.84981684981685,15.437728937728938,,1.0,,1.5,,9.3,253.5595667870036,3.596028880866426,1025.3945848375452,
2022-12-16,,,1.3,99.0,15.5,,0.4,,0.6,,3.6,234.0,6.0,1023.9,,,,25.192,84.84,15.293090909090907,,1.1,,1.7,,9.2,264.30434782608694,5.618840579710144,1026.169927536232,
2022-12-17,,,7.53884892086331,142.29496402877697,15.443884892086329,,0.9,,1.6,,10.4,266.4568345323741,2.533453237410072,1022.8712230215828,,,,14.253237410071943,115.06474820143885,14.828417266187051,,1.1,,1.6,,10.9,267.5647482014389,2.895323741007194,1023.0413669064748,
2022-12-18,,,11.99136690647482,180.6043165467626,15.539208633093525,,0.8,,1.5,,10.3,279.1438848920863,1.669064748201439,1021.4453237410072,,,,19.957347670250897,142.5663082437276,14.364874551971328,,1.0,,1.5,,12.1,302.8745519713262,1.5949820788530467,1021.6612903225806,
2022-12-19,,,12.265232974910393,138.168458781362,15.13942652329749,,0.7,,1.0,,8.3,251.96428571428572,2.613928571428571,1025.7275,,,,30.819133574007218,85.0072202166065,14.55306859205776,,0.9,,1.4,,7.1,278.4208633093525,2.5327338129496404,1025.9543165467626,
2022-12-20,,,15.575088967971531,178.48398576512454,15.238434163701067,,0.6,,0.9,,5.4,237.28469750889678,3.6893238434163704,1025.9092526690392,,,,12.8,280.0,14.5,,0.5,,0.7,,4.1,324.0,3.2,1027.4,
2022-12-21,,,19.75464285714286,171.99642857142857,15.517142857142858,,1.0,,1.6,,8.4,286.9003558718861,7.097508896797153,1012.5435714285715,,,,24.8,147.1,14.688530465949823,,1.2,,1.9,,7.8,274.37142857142857,7.554642857142857,1012.6232142857143,
2022-12-22,,,22.920216606498194,149.8519855595668,15.146931407942237,,0.6,,1.0,,12.5,275.57761732851986,2.96101083032491,1006.8259927797834,,,,34.92872727272727,142.84363636363636,14.092727272727272,,0.9,,1.4,,11.0,294.2290909090909,2.907636363636364,1007.2080000000001,
2022-12-23,,,22.63892857142857,138.65,14.305,,1.1,,1.7,,17.5,265.52142857142854,1.7657142857142856,1007.7664285714285,,,,35.18664259927798,145.15162454873646,13.825992779783395,,2.0,,2.9,,15.6,279.63440860215053,2.109677419354839,1008.8591397849463,
2022-12-24,,,32.2831541218638,114.45878136200717,14.73584229390681,,3.2,,4.3,,8.9,285.22939068100357,3.556989247311828,1015.5322580645161,,,,37.979783393501805,142.65342960288808,13.953429602888086,,2.9,,4.3,,6.6,291.59205776173286,2.959927797833935,1015.7512635379061,
2022-12-25,,,31.316,116.26181818181819,15.353090909090911,,2.1,,3.7,,7.8,287.3007246376812,4.14963768115942,1019.0574545454544,,,,37.30290909090909,168.9781818181818,13.742909090909091,,2.8,,3.4,,7.8,310.3090909090909,4.671272727272727,1019.2421818181817,
2022-12-26,,,24.366666666666667,154.54964539007094,16.17872340425532,,1.7,,2.4,,7.6,281.10283687943263,4.306382978723405,1022.7652482269503,,,,37.81357142857143,165.1107142857143,14.945714285714287,,2.3,,10.5,,5.2,266.5857142857143,5.948571428571428,1022.7703571428572,
2022-12-27,,,21.04136690647482,149.79496402877697,16.4794964028777,,1.2,,1.8,,6.6,277.95340501792117,5.9487455197132615,1025.7903225806451,,,,36.148561151079136,158.12589928057554,15.516187050359711,,1.3,,2.1,,5.6,286.8781362007168,6.4415770609319,1025.8516129032257,
2022-12-28,,,21.4339222614841,145.04240282685512,16.422968197879857,,0.9,,1.4,,7.3,291.3886925795053,4.759010600706714,1027.2265017667844,,,,32.09535714285715,146.75357142857143,15.475357142857144,,1.0,,1.3,,7.2,261.0857142857143,5.232857142857143,1027.4917857142857,
2022-12-29,,,19.33201438848921,146.64028776978418,16.33992805755396,,0.6,,0.9,,6.2,271.33807829181495,3.1451957295373663,1030.6875,,,,24.713028169014084,141.88028169014083,15.252650176678445,,0.8,,1.2,,7.1,282.2323943661972,3.5926056338028167,1030.811267605634,
2022-12-30,,,14.191397849462366,174.6594982078853,16.268817204301076,,0.5,,0.8,,7.0,278.94642857142856,3.9800000000000004,1030.5889285714286,,,,21.943525179856117,134.8705035971223,14.799640287769785,,0.8,,1.1,,7.1,292.5575539568345,4.220143884892087,1030.8579136690648,
2022-12-31,,,12.224113475177305,175.93617021276594,15.913475177304965,,0.5,,0.7,,6.8,252.7836879432624,4.373404255319149,1028.8031914893618,,,,16.15340501792115,142.16487455197134,14.670967741935483,,0.7,,1.2,,9.8,299.24014336917566,4.580286738351255,1029.0025089605736,
2023-01-01,,,12.032280701754384,192.8035087719298,15.478947368421053,,0.5,,0.7,,7.2,232.7824561403509,5.7575438596491235,1028.1126315789472,,,,16.494405594405592,132.35314685314685,14.304561403508773,,0.6,,1.1,,7.4,284.94055944055947,5.904195804195804,1028.4157342657343,
2023-01-02,,,15.02781690140845,170.45774647887325,15.638028169014083,,0.5,,0.8,,9.0,293.7112676056338,5.124295774647887,1027.751056338028,,,,21.603533568904595,132.91519434628975,14.153900709219858,,0.8,,1.2,,9.0,307.0669014084507,5.4105633802816895,1027.9091549295774,
2023-01-03,,,15.45880281690141,158.80985915492957,15.411267605633803,,0.5,,0.9,,10.3,258.9964788732394,3.7799295774647885,1026.6679577464788,,,,22.7225,121.26071428571429,13.891397849462365,,0.8,,1.3,,9.0,282.6892857142857,4.648214285714285,1026.7849999999999,
2023-01-04,,,17.88853046594982,160.921146953405,15.068100358422939,,0.5,,0.8,,10.5,261.1111111111111,4.564874551971326,1028.2534050179213,,,,26.71236749116608,142.43816254416961,13.645229681978797,,0.7,,1.0,,8.3,296.68904593639576,4.8678445229681975,1028.6208480565372,
2023-01-05,,,18.85253623188406,165.36231884057972,15.041666666666666,,0.5,,0.7,,8.2,281.04347826086956,6.429347826086956,1029.2384057971014,,,,30.989530685920577,151.5595667870036,13.390974729241877,,0.7,,1.0,,9.9,285.06498194945846,6.338628158844765,1029.5324909747292,
2023-01-06,,,19.511827956989247,178.26164874551972,14.830465949820788,,0.5,,0.8,,6.2,269.0,6.429285714285714,1022.74229390681,,,,29.370143884892084,157.28057553956833,13.431294964028778,,0.7,,1.1,,6.1,284.5,7.107913669064748,1022.8338129496402,
2023-01-07,,,21.45268817204301,168.5483870967742,14.714336917562724,,0.7,,1.2,,9.7,269.6928571428571,7.674285714285715,1016.9709677419356,,,,31.30709219858156,158.20212765957447,13.310283687943262,,0.8,,1.4,,9.1,281.6914893617021,7.435106382978723,1017.4450354609929,
2023-01-08,,,20.7675,160.93214285714285,14.430357142857142,,0.7,,1.1,,8.7,257.36785714285713,7.218214285714286,1023.7332142857142,,,,35.20611510791367,154.76258992805757,13.176258992805755,,0.7,,1.1,,8.9,259.4856115107914,7.456834532374101,1023.9388489208633,
2023-01-09,,,22.738078291814944,172.61565836298934,14.39644128113879,,0.4,,0.6,,9.7,266.98220640569394,10.782562277580071,1022.1658362989323,,,,32.14963768115942,137.29347826086956,13.444202898550724,,0.9,,1.3,,9.0,219.31407942238266,10.959566787003611,1022.3364620938629,
2023-01-10,,,25.1325,126.47857142857143,13.8375,,1.3,,1.8,,8.0,241.8220640569395,8.301067615658363,1027.527046263345,,,,34.30321428571428,130.68214285714285,13.63,,1.7,,2.8,,8.4,119.20640569395017,8.665124555160142,1027.5697508896797,
2023-01-11,,,21.00886524822695,153.70921985815602,14.013475177304965,,1.0,,1.5,,7.3,234.68085106382978,10.356382978723405,1024.9446808510638,,,,27.42964285714286,152.63214285714287,13.405714285714286,,1.2,,1.9,,7.4,264.5800711743772,10.255160142348753,1025.285409252669,
2023-01-12,,,24.797849462365594,185.01075268817203,14.525089605734767,,0.5,,0.6,,6.6,230.70714285714286,11.652857142857144,1023.0523297491038,,,,27.923655913978493,145.752688172043,13.216129032258063,,0.5,,0.7,,5.7,241.19285714285715,11.797857142857143,1023.2325,
2023-01-13,,,13.631448763250884,217.08833922261485,14.879858657243815,,3.2,,4.1,,9.6,198.14840989399292,14.849823321554771,1012.775265017668,,,,24.860791366906476,142.4568345323741,13.387769784172663,,3.1,,4.7,,13.3,220.5863309352518,14.484172661870502,1012.8838129496403,
2023-01-14,,,17.6678445229682,239.4310954063604,14.840989399293287,,1.4,,2.2,,9.1,224.58657243816253,10.901766784452295,1012.5388692579505,,,,15.678798586572439,165.34982332155477,13.354063604240284,,2.3,,3.8,,12.1,40.93992932862191,11.131802120141343,1012.3946996466432,
2023-01-15,,,12.14432624113475,220.85106382978722,14.703191489361704,,1.5,,2.6,,8.2,332.1843971631206,7.37482269503546,1014.7379432624112,,,,14.700714285714286,149.00714285714287,13.246428571428572,,2.4,,3.3,,8.4,129.98932384341637,8.005338078291816,1014.7298932384341,
2023-01-16,,,25.4,247.0,14.2,,0.8,,1.0,,6.6,342.0,3.7,1015.1,,,,12.904285714285713,159.95357142857142,13.0475,,1.9,,2.8,,6.2,243.34519572953738,4.4711743772242,1019.7281138790034,
2023-01-17,,,11.309782608695652,170.30072463768116,14.418478260869565,,1.1,,1.8,,6.7,265.4528985507246,3.366304347826087,1023.3471014492753,,,,16.554285714285715,155.5857142857143,12.914285714285715,,1.6,,2.6,,6.6,283.7188612099644,4.223843416370107,1023.2854092526691,
2023-01-18,,,12.732746478873239,162.34859154929578,14.196478873239437,,0.5,,0.8,,8.1,268.40492957746477,3.7929577464788733,1024.63661971831,,,,26.482042253521126,107.06338028169014,12.883802816901408,,1.0,,1.5,,8.0,265.89084507042253,4.251056338028169,1024.7021126760565,
2023-01-19,,,16.067259786476868,147.49466192170817,13.850533807829182,,1.1,,1.6,,6.6,261.7304964539007,4.087943262411347,1023.6889679715301,,,,28.006761565836296,156.25622775800713,12.976156583629894,,1.0,,1.6,,6.9,293.5017793594306,4.548042704626335,1023.8758007117436,
2023-01-20,,,20.465836298932384,163.72953736654804,13.751957295373666,,0.8,,1.3,,9.9,262.8291814946619,4.98220640569395,1023.7736654804271,,,,5.0,260.0,12.9,,0.4,,0.8,,5.6,287.0,5.4,1023.4,
2023-01-21,,,33.13936170212766,110.24113475177305,14.336170212765959,,1.0,,1.6,,8.6,284.031914893617,2.9134751773049645,1028.3478723404255,,,,38.92,173.24727272727273,14.015272727272727,,1.2,,1.8,,8.5,281.77338129496405,2.854676258992806,1028.3697841726619,
2023-01-22,,,25.50711743772242,142.36654804270464,14.882562277580071,,1.4,,2.1,,6.1,311.5978647686833,5.152669039145908,1025.6135231316728,,,,41.40642857142857,162.78571428571428,14.205714285714285,,1.2,,1.7,,6.7,196.8892857142857,5.936071428571428,1025.5485714285714,
2023-01-23,,,26.764130434782608,164.45652173913044,14.932971014492754,,0.8,,1.2,,10.3,256.47292418772565,7.344404332129964,1020.1115523465705,,,,42.50938628158845,166.1552346570397,14.264981949458484,,1.3,,10.3,,8.8,255.9892086330935,7.828057553956834,1020.1708633093525,
2023-01-24,,,26.21003584229391,168.41935483870967,14.660931899641577,,1.0,,1.6,,16.5,288.7491039426523,4.570609318996416,1020.8501792114696,,,,44.86474820143885,160.30935251798562,13.75863309352518,,1.6,,2.3,,15.8,309.2114695340502,4.6476702508960575,1021.2132616487455,
2023-01-25,,,24.498576512455518,158.88256227758006,14.229537366548042,,1.1,,1.6,,7.3,267.1814946619217,4.3028469750889675,1027.4391459074734,,,,36.159712230215824,154.86690647482015,13.053956834532373,,1.8,,2.7,,10.6,263.9714285714286,4.073571428571428,1027.6839285714286,
2023-01-26,,,20.759856630824373,167.5448028673835,14.084229390681003,,0.7,,1.1,,8.0,280.4910394265233,3.730824372759857,1023.4767025089606,,,,35.98345323741007,137.74100719424462,13.130215827338128,,1.1,,1.9,,7.0,256.636690647482,3.256834532374101,1023.5820143884891,
2023-01-27,,,16.703956834532374,149.4640287769784,13.83021582733813,,0.5,,0.9,,12.2,308.568345323741,1.7615107913669064,1017.9219424460431,,,,30.106521739130432,154.08333333333334,13.917391304347825,,0.9,,1.4,,14.2,310.33812949640287,1.7888489208633094,1018.1316546762589,
2023-01-28,,,13.45017793594306,138.644128113879,13.44982206405694,,1.0,,1.5,,15.4,283.43060498220643,2.0943060498220643,1020.3007117437722,,,,20.633214285714285,156.71785714285716,13.478214285714285,,1.5,,2.5,,12.0,296.36785714285713,2.29,1020.6489285714287,
2023-01-29,,,10.196466431095406,156.21554770318022,13.553356890459364,,0.6,,0.8,,8.2,264.6148409893993,3.091872791519435,1019.5095406360424,,,,20.062323943661973,122.78169014084507,13.046830985915491,,1.0,,1.7,,9.9,288.50704225352115,3.0193661971830985,1019.8552816901409,
2023-01-30,,,10.391166077738514,140.73144876325088,13.652296819787985,,0.8,,1.2,,9.5,269.1943462897527,4.603886925795053,1021.116961130742,,,,22.819642857142856,115.88571428571429,12.837142857142858,,1.2,,2.1,,8.1,300.7366548042705,4.447330960854092,1021.4281138790035,
2023-01-31,,,19.02302158273381,121.35971223021583,13.047482014388489,,0.7,,1.3,,9.0,258.04676258992805,5.664388489208633,1019.7852517985611,,,,21.470967741935482,95.74910394265233,13.070609318996414,,1.1,,1.7,,9.8,262.65232974910396,6.309677419354839,1020.0043010752688,
2023-02-01,,,12.868705035971223,182.1978417266187,13.317985611510792,,0.7,,1.1,,11.4,267.92446043165467,10.232014388489208,1015.4859712230215,,,,16.913768115942027,111.51449275362319,12.70072463768116,,0.9,,1.4,,10.1,284.31159420289856,10.398913043478261,1015.6398550724637,
2023-02-02,,,15.654121863799283,158.18279569892474,12.62043010752688,,1.2,,1.7,,9.4,246.6107142857143,4.916428571428571,1023.7390681003585,,,,37.06057347670251,97.07885304659499,13.274551971326165,,1.7,,2.6,,8.9,125.63799283154121,5.516129032258065,1023.7594982078854,
2023-02-03,,,22.164157706093192,132.72401433691758,13.621146953405018,,1.0,,1.4,,6.2,260.1505376344086,6.1587813620071685,1020.8143369175627,,,,27.464885496183207,162.08778625954199,13.535114503816793,,1.3,,1.9,,5.4,149.96564885496184,6.823282442748091,1020.9282442748092,
2023-02-04,,,17.077112676056338,172.57746478873239,13.684507042253522,,0.7,,1.1,,5.7,258.3380281690141,4.853169014084507,1022.5538732394366,,,,27.294890510948907,156.2,12.910181818181819,,0.9,,1.5,,8.6,303.7517985611511,5.546402877697842,1022.5874100719424,
2023-02-05,,,16.468197879858657,160.7703180212014,13.680918727915193,,0.7,,1.0,,9.3,244.99293286219083,5.77809187279152,1023.9865724381626,,,,30.75197132616487,152.11469534050178,12.443010752688172,,0.9,,1.4,,9.2,280.9893992932862,6.393992932862191,1024.1395759717313,
2023-02-06,,,20.365703971119135,183.4837545126354,13.628880866425993,,0.4,,0.6,,4.3,248.69424460431654,7.339928057553957,1021.6115107913669,,,,36.08741007194244,143.36690647482015,12.475451263537906,,0.5,,0.9,,4.6,248.81294964028777,7.929136690647483,1021.6446043165469,
2023-02-07,,,23.480645161290322,147.49462365591398,13.836917562724015,,1.1,,1.8,,11.5,224.79928315412187,9.30967741935484,1019.4487455197133,,,,32.52391304347826,157.0108695652174,13.93804347826087,,1.8,,2.7,,11.1,45.9963768115942,9.930797101449276,1019.3721014492754,
2023-02-08,,,19.99679715302491,139.68683274021353,14.22846975088968,,1.0,,1.4,,6.2,217.75177304964538,8.791843971631206,1023.7053191489363,,,,34.34982332155477,165.91519434628975,13.743816254416961,,0.9,,1.5,,6.9,76.42756183745583,9.331448763250885,1023.7441696113074,
2023-02-09,,,19.607773851590107,186.1095406360424,14.122968197879858,,1.9,,2.8,,11.0,171.66901408450704,8.158802816901408,1027.205633802817,,,,31.280281690140846,161.85915492957747,13.459507042253522,,2.1,,2.8,,11.1,61.971830985915496,8.402112676056337,1027.1218309859155,
2023-02-10,,,19.902877697841728,184.16906474820144,14.197841726618705,,1.7,,2.6,,10.3,231.03237410071944,7.474100719424461,1018.4712230215828,,,,28.210469314079422,155.81949458483754,13.381588447653431,,2.5,,3.8,,11.1,74.28158844765343,7.844404332129964,1018.4397111913357,
2023-02-11,,,13.704444444444446,84.75555555555556,14.357777777777779,,0.8,,1.2,,6.3,327.8666666666667,6.213333333333334,1021.3933333333333,,,,33.732608695652175,59.391304347826086,13.273913043478261,,1.1,,1.9,,4.6,84.56521739130434,6.345652173913043,1021.5,
2023-02-12,,,,,,,,,,,,,,,,,,,,,,,,,,,,,,
2023-02-13,,,6.707692307692308,158.47435897435898,14.096103896103898,,1.5,,2.4,,10.5,149.55128205128204,8.205128205128204,1016.1282051282051,,,,8.7825,124.15,13.255,,2.5,,3.7,,12.5,30.7375,8.3125,1016.0151898734177,
2023-02-14,,,10.11841155234657,204.78700361010831,14.050541516245488,,1.6,,2.4,,13.1,186.12996389891697,6.303610108303249,1020.784476534296,,,,18.894160583941606,164.22627737226279,13.393795620437956,,2.2,,3.4,,14.3,86.2992700729927,6.577007299270073,1020.7361313868613,
2023-02-15,,,11.459430604982206,201.1423487544484,13.824199288256228,,1.8,,2.8,,11.0,220.51957295373666,3.7508896797153026,1028.846975088968,,,,16.008214285714285,165.04642857142858,13.422142857142857,,2.2,,3.6,,12.0,36.36071428571429,4.263928571428572,1028.6425000000002,
2023-02-16,,,23.3,234.0,13.5,,1.1,,1.6,,5.5,340.0,4.4,1032.1,,,,24.386785714285715,121.38214285714285,13.578214285714287,,1.5,,2.6,,7.2,159.65714285714284,6.978928571428571,1030.4807142857142,
2023-02-17,,,16.378629032258065,158.24696356275302,14.0,,0.6,,0.9,,6.1,230.74545454545455,8.301818181818183,1027.129927007299,,,,26.074181818181817,160.71636363636364,13.443999999999999,,0.8,,1.2,,4.4,259.37454545454545,8.459272727272728,1027.3054545454545,
2023-02-18,,,21.729562043795617,123.06569343065694,14.066423357664233,,1.0,,1.6,,5.9,256.8649635036496,10.334306569343065,1020.0094890510948,,,,33.76978417266187,152.10071942446044,13.36474820143885,,1.3,,2.2,,6.4,165.2652329749104,10.567025089605734,1020.168100358423,
2023-02-19,,,22.513432835820897,161.67415730337078,14.285663082437276,,1.0,,1.4,,9.1,254.82078853046596,11.463082437275984,1014.994982078853,,,,38.62765957446808,154.25531914893617,13.302127659574468,,1.3,,10.1,,8.2,292.2269503546099,11.259929078014185,1015.3202127659574,
2023-02-20,,,24.90359712230216,165.72661870503597,13.928776978417266,,0.7,,0.9,,11.1,233.68705035971223,5.430935251798561,1022.9917266187051,,,,24.4,69.0,13.2,,0.6,,0.7,,7.1,336.0,7.0,1020.1,
2023-02-21,,,27.727758007117437,163.90391459074732,13.727758007117437,,1.5,,2.3,,10.0,216.51601423487546,3.2576512455516013,1032.1220640569395,,,,44.82365591397849,160.89247311827958,12.89820788530466,,1.9,,2.7,,9.6,91.15053763440861,3.56415770609319,1032.2301075268817,
2023-02-22,,,26.73886925795053,162.36395759717314,13.657950530035334,,1.0,,1.4,,6.5,233.5547703180212,6.29434628975265,1030.1434628975264,,,,44.16842105263158,157.90175438596492,12.807719298245615,,1.4,,2.3,,6.5,177.26315789473685,6.588070175438596,1030.2242105263158,
2023-02-23,,,25.22129963898917,160.06859205776172,13.549819494584838,,0.6,,0.9,,8.9,227.28519855595667,9.455595667870035,1021.9527075812275,,,,42.23586956521739,152.67753623188406,12.792391304347827,,0.7,,1.0,,8.6,247.8985507246377,9.505434782608695,1022.1695652173912,
2023-02-24,,,23.461596958174905,171.08365019011407,13.69809885931559,,0.6,,0.8,,8.8,206.24187725631768,9.364259927797834,1021.1579710144927,,,,36.191335740072205,158.985559566787,12.854151624548736,,1.0,,1.6,,9.7,155.23381294964028,9.846402877697843,1021.2046762589929,
2023-02-25,,,17.421126760563382,180.55633802816902,13.77007042253521,,1.4,,2.0,,11.1,248.58450704225353,5.81830985915493,1028.125,,,,29.77375886524823,159.77304964539007,12.808510638297872,,2.0,,3.1,,9.7,74.38652482269504,6.123404255319149,1028.2241134751773,
2023-02-26,,,14.13525179856115,159.42446043165467,13.651079136690647,,1.0,,1.5,,6.9,245.5071942446043,6.08453237410072,1034.9672661870504,,,,24.610714285714284,147.825,12.782499999999999,,1.3,,2.1,,5.2,171.39642857142857,6.307857142857143,1035.0921428571428,
2023-02-27,,,11.065357142857144,151.41071428571428,13.79892857142857,,0.8,,1.2,,11.0,237.0427046263345,8.494661921708184,1033.4199288256227,,,,19.337545126353792,119.07942238267148,12.630324909747292,,0.8,,1.3,,8.1,275.00361010830323,8.723826714801444,1033.821299638989,
2023-02-28,,,12.228113879003558,110.34163701067615,13.034519572953736,,1.1,,1.7,,11.2,224.48398576512454,10.620284697508897,1026.7594306049823,,,,18.731316725978647,100.27758007117438,12.52491103202847,,1.2,,1.7,,11.3,254.58362989323842,10.848398576512455,1027.1544483985765,
2023-03-01,,,9.069611307420494,116.08480565371025,13.082685512367492,,0.7,,1.1,,11.5,258.23674911660777,11.394346289752649,1019.7318021201413,,,,15.719434628975266,138.96819787985865,12.473144876325089,,0.9,,1.5,,9.9,270.41901408450707,11.525352112676055,1019.9943661971831,
2023-03-02,,,13.757597173144877,116.26501766784452,13.013780918727916,,0.8,,1.4,,9.1,258.1590106007067,6.347349823321554,1024.9618374558304,,,,20.177816901408452,146.97535211267606,12.368309859154929,,1.6,,2.2,,9.1,274.693661971831,6.55,1025.1971830985915,
2023-03-03,,,12.593571428571428,130.75714285714287,13.158214285714287,,0.7,,1.1,,9.3,246.92142857142858,8.112142857142857,1025.98,,,,18.631182795698926,143.74551971326164,12.262724014336918,,1.0,,1.7,,10.2,241.25089605734766,8.519713261648745,1026.168458781362,
2023-03-04,,,16.26950354609929,205.52836879432624,13.256028368794325,,0.8,,1.2,,9.7,188.55830388692578,10.623321554770317,1027.487632508834,,,,28.903180212014135,132.68551236749116,12.96007067137809,,1.3,,2.2,,9.7,127.8943661971831,10.969014084507041,1027.5426056338026,
2023-03-05,,,19.657608695652176,133.58695652173913,13.61123188405797,,1.1,,1.7,,5.4,219.06521739130434,10.328985507246378,1027.5565217391304,,,,23.942960288808663,158.84115523465704,13.35036231884058,,1.4,,2.1,,6.0,176.03971119133573,10.41985559566787,1027.6119133574007,
2023-03-06,,,22.29781818181818,131.15636363636364,13.531636363636363,,0.8,,1.2,,11.9,238.1014492753623,11.472101449275362,1023.1822463768116,,,,33.63823529411765,143.70955882352942,12.825735294117647,,1.1,,1.5,,9.3,262.29411764705884,11.62205882352941,1023.5720588235293,
2023-03-07,,,28.138652482269507,106.85460992907801,13.209574468085107,,1.1,,1.8,,10.4,209.9113475177305,13.773758865248226,1021.081560283688,,,,31.668817204301078,142.6021505376344,12.964516129032258,,1.4,,2.1,,11.6,249.5268817204301,13.08673835125448,1021.6200716845879,
2023-03-08,,,26.551785714285714,109.41785714285714,13.256785714285714,,0.9,,1.5,,10.5,215.0,14.973309608540925,1020.2174377224198,,,,33.65054151624549,150.8014440433213,12.98158844765343,,1.0,,1.8,,10.9,244.65703971119135,14.16101083032491,1020.8285198555957,
2023-03-09,,,24.580575539568343,127.13669064748201,13.16798561151079,,1.7,,14.5,,10.2,208.30575539568346,14.713309352517987,1015.705035971223,,,,35.52563176895307,145.4043321299639,13.143321299638988,,1.2,,1.9,,8.7,241.98194945848377,14.465342960288808,1016.1967509025271,
2023-03-10,,,27.29398148148148,114.13888888888889,13.988532110091743,,0.8,,1.3,,5.1,180.91244239631337,13.4,1020.7190697674419,,,,33.200796812749005,172.65873015873015,13.453174603174602,,1.0,,1.6,,6.8,156.22924901185772,13.288537549407115,1020.3722222222221,
2023-03-11,,,25.30913043478261,93.33478260869565,13.51861471861472,,0.7,,1.2,,10.5,224.07391304347826,13.614347826086957,1022.0399082568808,,,,34.028623188405795,142.93840579710144,13.370289855072464,,0.7,,1.1,,8.9,237.8673835125448,13.836559139784947,1022.6559139784946,
2023-03-12,,,24.914388489208633,112.49280575539568,13.475179856115108,,1.0,,1.5,,12.8,231.32374100719426,12.607553956834533,1018.2323741007193,,,,34.67854545454546,146.88363636363636,13.52007299270073,,1.4,,2.1,,12.2,258.3527272727273,12.469454545454544,1018.5861818181819,
2023-03-13,,,18.5825,130.36785714285713,13.386071428571428,,0.8,,1.2,,11.3,233.88571428571427,5.98,1021.7585714285715,,,,25.12392857142857,148.88214285714287,13.213928571428571,,1.2,,1.8,,9.7,273.8285714285714,6.092142857142857,1022.0375,
2023-03-14,,,15.461921708185054,99.55160142348754,13.233451957295374,,0.8,,1.4,,10.4,218.83274021352312,10.511032028469751,1020.5124555160143,,,,23.092391304347824,131.2572463768116,13.072826086956521,,1.1,,1.8,,8.8,254.4927536231884,10.716304347826087,1020.8771739130434,
2023-03-15,,,18.467625899280577,77.83812949640287,13.215107913669064,,1.8,,3.0,,11.8,217.36917562724014,13.932616487455196,1020.6874551971325,,,,18.808214285714286,114.02857142857142,13.143214285714285,,1.9,,2.7,,9.9,246.7508896797153,13.959430604982206,1021.1010676156584,
2023-03-16,,,13.966071428571428,75.19285714285714,13.159285714285714,,1.0,,1.5,,8.4,126.25978647686833,12.058007117437723,1024.8419928825622,,,,19.64187725631769,133.47292418772562,13.614801444043321,,1.3,,2.0,,9.3,127.06498194945848,12.232851985559567,1024.8628158844765,
2023-03-17,,,17.76099290780142,99.85106382978724,13.63758865248227,,1.2,,1.9,,8.3,161.88652482269504,10.254609929078015,1023.4751773049645,,,,19.086690647482015,153.18705035971223,13.766187050359711,,1.4,,2.2,,9.7,63.681003584229394,10.51899641577061,1023.3544802867384,
2023-03-18,,,18.49820788530466,90.66666666666667,13.847670250896057,,1.3,,1.9,,7.6,226.00716845878136,10.678494623655915,1017.7541218637994,,,,26.06120996441281,142.52313167259786,13.783629893238434,,1.3,,2.1,,7.0,93.40569395017793,10.890747330960854,1017.8227758007118,
2023-03-19,,,14.6,222.0,14.0,,0.6,,0.9,,2.5,297.0,9.3,1018.6,,,,32.60328467153285,156.33941605839416,13.686496350364964,,0.9,,1.5,,7.0,208.67636363636365,11.90690909090909,1019.2483636363636,
2023-03-20,,,31.591111111111108,157.09444444444443,13.921111111111113,,0.4,,0.6,,9.1,241.89444444444445,11.456666666666665,1017.0627777777777,,,,37.55431654676259,152.4496402877698,13.639350180505415,,1.0,,1.6,,8.8,247.78776978417267,13.06474820143885,1016.3672661870503,
2023-03-21,,,30.87579365079365,141.78968253968253,13.745454545454544,,0.6,,1.1,,3.7,113.41666666666667,14.433333333333332,1012.7656,,,,42.46200716845878,152.59139784946237,13.551254480286739,,0.7,,1.2,,5.4,88.59856630824373,14.075985663082436,1012.9494623655914,
2023-03-22,,,27.02226148409894,116.31448763250883,13.906360424028268,,0.8,,1.4,,4.1,86.33568904593639,15.20989399293286,1011.6219081272085,,,,41.5644128113879,158.37722419928826,13.6355871886121,,0.9,,1.6,,6.1,39.6085409252669,14.71779359430605,1011.573665480427,
2023-03-23,,,30.20212014134276,155.46289752650176,15.010954063604242,,1.3,,2.2,,8.4,68.59363957597174,15.144876325088338,1005.8932862190812,,,,65.7,62.0,13.5,,0.6,,0.8,,4.3,33.0,14.5,1008.5,
2023-03-24,,,32.37711267605634,197.71478873239437,15.182042253521127,,1.4,,2.0,,12.3,59.25704225352113,12.844718309859156,1015.344366197183,,,,37.99787985865724,167.65017667844523,14.355123674911662,,2.4,,3.4,,13.3,48.409893992932865,12.779505300353357,1015.2639575971732,
2023-03-25,,,19.757243816254416,174.6113074204947,14.973498233215548,,1.5,,2.6,,10.5,113.06007067137809,11.3886925795053,1019.2219081272084,,,,32.4584229390681,169.32616487455198,14.666666666666666,,2.2,,3.2,,11.6,45.69534050179212,11.494982078853047,1019.1114695340501,
2023-03-26,,,19.865690376569034,171.14644351464435,15.176150627615062,,1.0,,1.6,,5.9,234.0836820083682,11.607112970711297,1016.350209205021,,,,27.927464788732394,148.65140845070422,14.582042253521127,,1.4,,2.3,,5.3,131.36267605633802,11.784859154929578,1016.1975352112676,
2023-03-27,,,15.882142857142858,170.28174603174602,15.186111111111112,,0.5,,0.8,,7.5,213.43650793650792,11.327380952380953,1020.1928571428572,,,,24.18881118881119,145.65034965034965,14.552797202797205,,0.8,,1.6,,5.7,125.38461538461539,11.355594405594404,1019.9898601398601,
2023-03-28,,,12.899082568807339,128.71100917431193,15.171100917431193,,0.5,,1.0,,8.4,247.11009174311926,11.444954128440367,1023.8160550458715,,,,27.215302491103202,103.64056939501779,14.78612099644128,,0.7,,1.1,,7.5,251.80141843971631,12.560638297872341,1023.6595744680851,
2023-03-29,,,15.617667844522968,118.02120141342756,14.503886925795054,,0.4,,0.6,,4.7,226.32155477031802,12.948409893992933,1022.3084805653709,,,,21.53687943262411,98.38652482269504,14.51595744680851,,0.6,,1.0,,3.9,229.29432624113474,13.204255319148936,1022.4205673758864,
2023-03-30,,,16.198251748251746,102.63636363636364,14.431818181818182,,0.3,,0.5,,6.2,243.3846153846154,13.80034965034965,1019.1527972027973,,,,20.151245551601424,98.69039145907473,14.568683274021353,,0.4,,0.7,,4.8,228.7340425531915,14.627304964539006,1019.3858156028368,
2023-03-31,,,14.037894736842105,99.8280701754386,14.478947368421053,,0.5,,0.8,,4.8,209.81052631578947,14.990175438596491,1017.88,,,,22.06241134751773,80.50354609929079,14.50711743772242,,0.6,,1.0,,4.0,123.17667844522968,15.465017667844524,1017.9674911660777,
2023-04-01,,,19.29432624113475,63.659574468085104,15.013829787234041,,0.8,,1.3,,8.7,132.95035460992906,13.722340425531915,1017.3216312056738,,,,20.580714285714286,91.96071428571429,15.668571428571427,,1.4,,2.0,,10.0,77.275,14.162857142857142,1017.2117857142857,
2023-04-02,,,9.853787878787879,190.43560606060606,15.850757575757576,,2.3,,3.5,,13.3,139.3030303030303,14.06060606060606,1019.2916666666666,,,,16.678214285714283,178.9607142857143,15.702857142857143,,2.9,,4.1,,14.9,41.57142857142857,14.17,1019.0432142857142,
2023-04-03,,,17.801809954751132,201.0316742081448,16.070135746606336,,2.0,,3.2,,12.1,23.63348416289593,13.974660633484163,1023.4271493212669,,,,21.861702127659573,168.8404255319149,15.712056737588654,,2.8,,4.4,,13.0,55.06713780918728,13.862897526501767,1023.5427561837455,
2023-04-04,,,19.244230769230768,187.71153846153845,16.446153846153845,,1.3,,2.1,,5.4,201.88076923076923,14.453076923076924,1021.7911538461539,,,,29.193406593406593,152.50915750915752,15.684249084249085,,1.9,,3.0,,10.6,85.31021897810218,14.522262773722627,1021.9218978102189,
2023-04-05,,,23.92676056338028,130.7711267605634,15.984859154929577,,2.9,,4.5,,14.5,197.85915492957747,15.663028169014085,1013.2492957746479,,,,31.838078291814945,146.30249110320284,15.427659574468086,,4.1,,6.1,,15.4,207.7208480565371,15.659010600706713,1013.6632508833923,
2023-04-06,,,19.621830985915494,135.09859154929578,14.086619718309858,,2.2,,2.8,,12.5,223.16549295774647,14.067605633802817,1009.4059859154929,,,,28.80565371024735,158.86572438162545,14.379505300353356,,2.6,,3.5,,11.8,249.74204946996466,13.690106007067138,1010.0706713780919,
2023-04-07,,,22.98409893992933,126.13074204946996,13.90565371024735,,0.8,,1.4,,10.5,233.1731448763251,13.880212014134274,1011.4303886925794,,,,31.751957295373664,152.87900355871886,13.999288256227759,,1.1,,1.8,,10.3,262.64539007092196,13.828368794326241,1011.6971631205673,
2023-04-08,,,23.165248226950357,155.07801418439718,13.460283687943264,,1.0,,1.6,,11.2,276.4432624113475,11.915248226950354,1017.4400709219857,,,,31.62142857142857,152.175,13.65857142857143,,1.1,,1.7,,10.3,288.74642857142857,12.017857142857142,1017.8282142857144,
2023-04-09,,,23.024825174825175,114.45804195804196,13.18951048951049,,1.0,,1.6,,12.5,230.14335664335664,12.194405594405595,1018.8653846153846,,,,35.33802816901409,137.69718309859155,13.554225352112676,,1.1,,2.0,,11.6,235.70526315789473,12.876140350877192,1019.2996491228071,
2023-04-10,,,17.718309859154928,86.73239436619718,12.983561643835616,,0.9,,1.3,,7.6,217.77777777777777,13.07638888888889,1017.7161764705882,,,,30.681205673758868,143.29432624113474,13.35744680851064,,1.1,,1.8,,10.8,245.8049645390071,14.183333333333334,1017.4070921985815,
2023-04-11,,,25.7288256227758,95.70462633451957,12.93202846975089,,1.8,,8.4,,14.0,212.55516014234877,16.226690391459073,1012.5498220640569,,,,26.179432624113478,119.76241134751773,13.437588652482269,,2.1,,3.3,,13.7,246.23674911660777,15.81696113074205,1013.0893992932862,
2023-04-12,,,23.185714285714287,82.41463414634147,13.14390243902439,,1.6,,2.5,,10.1,187.99303135888502,14.343554006968642,1015.2101045296167,,,,26.662323943661974,136.0105633802817,13.829225352112676,,1.7,,2.5,,9.4,197.25352112676057,14.857042253521126,1015.4760563380282,
2023-04-13,,,24.866122448979592,75.34285714285714,13.282926829268293,,0.7,,1.1,,12.0,210.8089430894309,13.383333333333335,1017.4824489795919,,,,20.534519572953737,103.6049822064057,13.927402135231317,,0.7,,1.2,,9.0,215.8932384341637,14.510320284697508,1017.7473309608541,
2023-04-14,,,17.30785714285714,88.51071428571429,13.426785714285714,,0.6,,1.0,,8.3,208.475,15.036785714285715,1014.4596428571429,,,,22.852346570397113,89.49458483754513,13.935507246376812,,0.9,,1.3,,7.8,217.58273381294964,14.942446043165468,1014.7284172661871,
2023-04-15,,,25.197526501766784,91.773851590106,14.242049469964664,,1.6,,2.4,,9.1,146.8374558303887,13.530742049469964,1004.6028268551236,,,,23.314999999999998,132.95714285714286,14.356071428571427,,1.8,,2.9,,10.8,92.19572953736655,13.630249110320284,1004.5348754448398,
2023-04-16,,,20.26276595744681,159.46099290780143,14.253900709219858,,0.7,,1.2,,8.6,205.74204946996466,12.161130742049469,1004.9003546099292,,,,20.220701754385964,145.27719298245614,14.223859649122806,,1.2,,1.8,,10.8,182.9438596491228,12.755087719298245,1004.8922807017543,
2023-04-17,,,22.380165289256198,140.82231404958677,14.238683127572017,,1.0,,1.3,,10.5,226.6694214876033,13.093388429752066,1015.4165289256198,,,,29.299288256227758,149.71530249110322,14.180427046263345,,1.5,,1.9,,8.2,260.968085106383,13.66063829787234,1016.1868794326242,
2023-04-18,,,23.814869888475837,151.6914498141264,14.097026022304833,,1.5,,2.7,,12.4,199.19330855018586,16.197026022304833,1012.596654275093,,,,30.686666666666664,147.02592592592592,14.182222222222222,,2.0,,3.0,,12.2,233.95238095238096,15.861172161172162,1013.1435897435898,
2023-04-19,,,19.0,53.0,13.8,,1.3,,1.9,,3.7,206.0,17.5,1010.9,,,,34.309893992932864,153.14487632508835,14.242049469964664,,1.5,,2.5,,7.7,119.92932862190813,15.412367491166076,1011.1982332155476,
2023-04-20,,,26.81923076923077,148.08041958041957,14.413986013986012,,0.7,,1.1,,10.7,199.23076923076923,16.926573426573427,1008.6083916083916,,,,39.58678571428571,148.74642857142857,14.391428571428571,,0.9,,1.4,,7.8,235.13571428571427,16.818214285714287,1009.0696428571429,
2023-04-21,,,30.398947368421055,199.3438596491228,14.66140350877193,,1.8,,2.5,,13.7,75.0421052631579,15.922456140350876,1012.1210526315789,,,,35.556338028169016,178.98591549295776,14.22394366197183,,2.6,,4.3,,15.2,58.46830985915493,15.304225352112676,1011.9538732394367,
2023-04-22,,,23.1,198.06293706293707,15.022027972027972,,2.4,,3.5,,11.4,31.174825174825173,14.06958041958042,1020.0409090909092,,,,32.11087719298246,175.68421052631578,14.861052631578946,,2.9,,4.3,,13.0,64.10877192982456,14.015438596491228,1019.8901754385965,
2023-04-23,,,17.795804195804198,172.43356643356643,15.120979020979023,,2.5,,3.9,,9.1,75.42657342657343,13.455944055944057,1023.9916083916083,,,,54.1,55.0,14.7,,2.4,,3.2,,10.1,68.0,13.4,1022.2,
2023-04-24,,,18.51118881118881,181.9265734265734,15.171678321678323,,2.5,,3.4,,8.4,70.86713286713287,14.102097902097901,1024.5555944055945,,,,25.97385159010601,164.4558303886926,14.88904593639576,,2.2,,3.6,,9.7,68.28975265017668,14.259363957597174,1024.4257246376812,
2023-04-25,,,21.305445544554455,165.6980198019802,15.123152709359607,,1.7,,2.8,,9.2,285.13366336633663,11.533663366336635,1015.7915841584158,,,,24.03321554770318,157.4558303886926,14.833450704225351,,1.7,,2.5,,8.0,85.11971830985915,11.939436619718311,1015.7408450704227,
2023-04-26,,,12.122222222222222,146.57037037037037,15.155555555555555,,0.9,,1.4,,8.8,248.37638376383765,13.77011070110701,1011.9837638376383,,,,22.1260162601626,116.26422764227642,14.845714285714287,,1.4,,2.1,,9.6,165.0,13.68658536585366,1012.3365853658536,
2023-04-27,,,13.376855895196508,114.6943231441048,15.082608695652175,,0.7,,1.0,,7.5,213.79039301310044,13.73201754385965,1020.6,,,,17.51083916083916,93.9055944055944,14.997902097902097,,1.1,,1.7,,6.2,144.46153846153845,14.525174825174824,1020.6601398601398,
2023-04-28,,,18.335335689045934,116.30742049469964,14.91590106007067,,0.7,,1.1,,10.7,206.73498233215548,15.346289752650177,1017.9766784452297,,,,18.167375886524823,81.7127659574468,15.136170212765956,,0.7,,1.0,,8.3,238.4078014184397,15.645035460992906,1018.4336879432624,
2023-04-29,,,19.462369337979094,93.97212543554006,14.941811846689896,,1.3,,2.0,,10.7,211.99303135888502,16.270383275261324,1007.6895470383276,,,,21.79581881533101,55.52264808362369,15.142160278745646,,1.8,,2.5,,11.2,243.71428571428572,16.17491289198606,1008.0418118466899,
2023-04-30,,,7.737179487179487,158.84615384615384,14.862820512820512,,0.6,,0.9,,8.4,249.84615384615384,13.691025641025643,1007.8051282051282,,,,11.185135135135136,112.8108108108108,14.843243243243245,,0.9,,1.6,,7.9,284.2432432432432,13.971621621621622,1008.3675675675676,
2023-05-01,,,26.074770642201834,89.61009174311927,14.725570776255708,,0.8,,1.2,,10.2,197.02293577981652,15.657798165137615,1014.8174311926606,,,,21.222299651567944,107.58188153310104,14.757839721254355,,1.0,,1.7,,10.2,240.57839721254356,15.470034843205573,1016.0731707317074,
2023-05-02,,,16.706666666666667,128.18947368421053,14.83543859649123,,0.6,,0.9,,4.9,244.09473684210528,14.745263157894735,1023.7140350877193,,,,22.709893992932862,138.29681978798587,14.755830388692578,,0.8,,1.2,,4.1,233.6077738515901,9.939473684210526,1023.853003533569,
2023-05-03,,,16.12369337979094,160.0,14.961324041811846,,0.6,,1.0,,7.5,231.78745644599303,15.74355400696864,1022.5919860627179,,,,24.762020905923343,131.14634146341464,14.629268292682928,,0.6,,1.1,,7.3,245.76306620209058,5.544262295081967,1022.9567944250871,
2023-05-04,,,20.634965034965035,156.16433566433565,14.832167832167832,,0.9,,1.6,,8.9,194.006993006993,16.646853146853147,1017.4895104895105,,,,31.123404255319148,145.89361702127658,14.5135231316726,,1.3,,2.0,,8.2,237.83333333333334,,1017.7021276595744,
2023-05-05,,,35.224812030075185,50.24812030075188,14.267407407407406,,2.3,,3.7,,13.1,202.99248120300751,16.934586466165413,1008.3435114503817,,,,29.05528169014085,134.25352112676057,14.529577464788732,,3.3,,4.7,,14.5,217.92253521126761,,1007.8010563380282,
2023-05-06,,,28.16725978647687,181.86832740213524,14.259786476868328,,2.1,,3.1,,12.3,245.66548042704628,14.495373665480427,1006.7583629893238,,,,32.48158844765343,164.60649819494586,14.435018050541517,,3.3,,4.7,,12.9,93.55035971223022,14.656818181818181,1006.6043165467626,
2023-05-07,,,25.002142857142857,200.46428571428572,14.355,,2.1,,2.9,,12.8,97.07857142857142,13.211785714285716,1010.6760714285714,,,,33.98374558303887,177.26855123674912,14.280918727915195,,2.9,,4.4,,14.9,39.70774647887324,12.764673913043477,1010.3531690140844,
2023-05-08,,,17.637373737373736,155.96969696969697,14.142000000000001,,2.4,,3.7,,8.4,343.3979591836735,12.163636363636364,1014.4444444444445,,,,32.512367491166074,170.97879858657245,14.355123674911662,,3.3,,4.4,,11.2,56.73851590106007,13.879858657243815,1015.9512367491167,
2023-05-09,,,20.96888888888889,110.52222222222223,14.496666666666668,,1.1,,1.7,,3.7,315.76666666666665,11.067777777777778,1017.7377777777778,,,,32.0756183745583,151.5512367491166,14.686219081272084,,1.1,,1.9,,6.8,262.11660777385157,14.783038869257952,1016.2307420494699,
2023-05-10,,,17.915981735159818,188.84931506849315,15.143181818181818,,0.5,,0.8,,5.6,134.90366972477065,16.30593607305936,1016.561214953271,,,,30.87288732394366,139.98239436619718,15.034507042253521,,0.8,,1.2,,5.2,115.32042253521126,16.463380281690142,1016.293661971831,
2023-05-11,,,21.265140845070423,109.49295774647888,15.655985915492959,,1.3,,2.1,,7.8,157.02464788732394,15.720070422535212,1019.8478873239436,,,,28.438297872340428,108.40425531914893,15.60177304964539,,1.3,,2.0,,9.1,40.8758865248227,15.86631205673759,1019.7042553191488,
2023-05-12,,,25.62981651376147,106.04587155963303,15.962272727272726,,1.4,,2.4,,10.4,201.13698630136986,16.020091324200912,1018.293607305936,,,,29.820588235294117,69.05882352941177,15.666666666666666,,1.3,,2.0,,11.9,132.25641025641025,15.143356643356643,1018.2456521739131,
2023-05-13,,,22.517408906882594,197.9068825910931,15.836693548387096,,0.9,,1.4,,5.9,167.76209677419354,15.129838709677419,1014.2076923076922,,,,30.259154929577463,70.03755868544602,,,0.9,,1.4,,5.1,89.72689075630252,14.06969696969697,1014.3949367088608,
2023-05-14,,,16.417142857142856,188.55,16.02642857142857,,0.9,,1.3,,6.3,231.275,16.026785714285715,1009.550357142857,,,,25.42488038277512,100.37619047619047,,,1.1,,1.9,,6.1,250.92376681614348,15.816591928251121,1009.8707207207207,
2023-05-15,,,17.529545454545456,140.14772727272728,15.897358490566038,,0.6,,1.0,,10.4,229.3056603773585,16.629056603773584,1009.2215094339623,,,,23.065909090909088,147.12878787878788,,,0.5,,0.8,,7.1,230.03571428571428,15.992142857142857,1009.5827338129496,
2023-05-16,,,11.703960396039603,183.31683168316832,15.609900990099009,,0.5,,0.7,,11.2,195.52742616033754,17.80590717299578,1011.1962025316456,,,,,,,,0.3,,0.4,,9.6,213.92198581560282,17.73900709219858,1011.5666666666666,
2023-05-17,,,,,,,0.1,,0.2,,2.5,222.24822695035462,19.046808510638296,1014.9804964539007,,,,,,,,0.1,,0.1,,2.9,236.29929577464787,18.979225352112678,1015.0158450704225,
2023-05-18,,,,,,,0.1,,0.2,,1.2,260.4552845528455,19.412195121951218,1011.0854609929078,,,,,,,,0.1,,0.2,,1.3,197.5772357723577,19.347154471544712,1012.960975609756,
2023-05-19,,,,,,,,,,,,,,1007.2787709497206,,,,,,,,,,,,,,,,
2023-05-20,,,,,,,,,,,,,,,,,,,,,,,,,,,,,,
2023-05-21,,,12.81344537815126,221.1596638655462,24.505882352941175,,0.1,,0.2,,1.4,169.0764331210191,19.871337579617837,1007.5216560509554,,,,37.73012048192771,270.3614457831325,18.20722891566265,,0.4,,0.8,,,269.5731707317073,17.289655172413795,1007.335632183908,
2023-05-22,,,16.217957746478874,199.8556338028169,18.50457746478873,,0.1,,0.1,,2.4,224.99649122807017,19.200350877192985,1007.3512280701754,,,,31.160098522167488,223.06896551724137,17.64207920792079,,0.7,,0.9,,2.1,171.74074074074073,18.056967213114753,1007.5233606557377,
2023-05-23,,,11.374642857142858,162.28214285714284,18.65892857142857,,0.6,,0.9,,10.2,190.6042402826855,17.342049469964664,1009.9226148409894,,,,13.488928571428572,176.39285714285714,18.244285714285713,,1.2,,1.6,,5.1,179.69395017793593,17.598576512455516,1010.1544483985766,
2023-05-24,,,19.002573529411762,194.875,16.128676470588236,,0.5,,0.9,,4.3,198.31428571428572,16.968214285714286,1015.3028571428571,,,,58.3,70.0,16.4,,0.5,,0.5,,0.6,351.0,16.0,1013.2,
2023-05-25,,,15.681138790035586,212.34875444839858,16.597864768683273,,0.7,,1.1,,5.7,244.38078291814946,17.365836298932386,1017.5829181494662,,,,42.57528089887641,89.5505617977528,16.591760299625467,,0.7,,1.1,,5.2,201.56179775280899,17.46142322097378,1017.6456928838952,
2023-05-26,,,18.013732394366198,145.95070422535213,16.628169014084506,,0.6,,1.0,,8.5,206.69718309859155,18.283098591549294,1019.2397887323942,,,,48.47256317689531,58.29963898916967,16.71191335740072,,0.9,,1.4,,6.9,232.78700361010831,17.405054151624547,1019.4675090252707,
2023-05-27,,,16.20177304964539,130.72695035460993,16.391489361702128,,0.6,,0.8,,8.5,209.13475177304966,18.694326241134753,1018.8709219858155,,,,47.22043795620438,58.18248175182482,16.713186813186812,,0.8,,1.3,,7.1,234.51636363636365,19.019636363636362,1019.1563636363636,
2023-05-28,,,13.613523131672599,142.37722419928826,16.483985765124554,,0.7,,1.2,,8.6,221.03191489361703,19.222695035460994,1014.5773049645389,,,,51.27809187279152,58.56890459363957,16.790812720848056,,1.0,,1.8,,8.4,242.61484098939928,18.895759717314487,1014.856183745583,
2023-05-29,,,11.126501766784452,136.9964664310954,16.285159010600704,,0.7,,1.1,,8.8,145.28975265017667,18.236395759717315,1011.1667844522968,,,,37.89064748201439,56.093525179856115,15.897841726618706,,0.9,,1.6,,9.2,159.99283154121864,14.297448979591838,1011.2630824372761,
2023-05-30,,,20.997552447552447,190.37762237762237,16.762237762237763,,0.9,,1.5,,9.1,52.83916083916084,17.88076923076923,1011.8108391608392,,,,37.028014184397165,50.95744680851064,17.555673758865247,,1.4,,2.2,,10.4,39.794326241134755,8.525352112676055,1011.6195035460993,
2023-05-31,,,21.793617021276596,78.98305084745763,17.958510638297874,,1.4,,2.1,,9.1,180.59322033898306,18.344680851063828,1012.0666666666666,,,,31.14857142857143,38.96491228070175,18.18642857142857,,1.5,,2.5,,10.4,94.36842105263158,1.9073170731707318,1011.8114285714286,
2023-06-01,,,21.74330985915493,183.2394366197183,18.495774647887323,,1.2,,1.9,,4.2,224.6056338028169,17.609859154929577,1007.9415492957747,,,,37.379003558718864,102.90747330960853,18.069750889679717,,1.4,,2.0,,4.9,181.11743772241994,14.147685185185185,1007.9202846975088,
2023-06-02,,,21.610830324909745,184.1985559566787,18.54404332129964,,0.7,,1.0,,5.0,125.61010830324909,20.687364620938627,1001.3400722021661,,,,46.58607142857143,89.725,18.088214285714287,,0.7,,1.2,,5.7,135.56737588652481,11.873958333333334,1001.3070921985815,
2023-06-03,,,26.11672473867596,138.794425087108,19.151916376306623,,0.6,,0.9,,7.6,203.89198606271776,19.865505226480835,1007.3672473867597,,,,47.32679245283019,84.72452830188679,18.556818181818183,,0.9,,1.3,,7.4,192.8450184501845,18.306603773584907,1007.429520295203,
2023-06-04,,,31.022261484098937,167.67491166077738,18.242756183745584,,0.5,,0.8,,8.0,252.7208480565371,21.27102473498233,1009.9766784452297,,,,36.329850746268654,123.30845771144278,17.618905472636815,,0.6,,1.0,,8.0,239.92537313432837,21.487562189054728,1010.1945273631841,
2023-06-05,,,30.249300699300697,173.16783216783216,17.826923076923077,,0.5,,0.8,,5.8,247.94055944055944,21.24090909090909,1010.3874125874125,,,,,,,,,,,,,,,,
2023-06-06,,,33.45492957746479,147.94718309859155,17.225704225352114,,0.6,,1.1,,7.0,207.33450704225353,19.050352112676055,1007.4869718309859,,,,53.012280701754385,105.56140350877193,16.997076023391813,,0.7,,1.1,,6.3,202.83040935672514,18.905952380952378,1006.9538011695906,
2023-06-07,,,35.719858156028366,108.19858156028369,16.715602836879434,,0.8,,1.5,,11.6,204.7836879432624,18.500709219858155,1008.6269503546099,,,,52.2125,112.03571428571429,16.6475,,1.0,,1.7,,9.0,213.07142857142858,18.88142857142857,1009.0017857142857,
2023-06-08,,,30.97711267605634,131.90140845070422,16.275352112676057,,0.8,,1.1,,8.7,197.16197183098592,18.275352112676057,1006.3457746478873,,,,46.74542253521127,121.61619718309859,16.50985915492958,,0.8,,1.3,,9.8,217.11267605633802,18.84225352112676,1006.5461267605633,
2023-06-09,,,25.633333333333333,50.276729559748425,15.995625,,0.7,,1.0,,10.7,207.22641509433961,18.161635220125785,1003.851572327044,,,,39.48678571428571,104.28214285714286,16.565714285714286,,0.8,,1.3,,9.6,213.65714285714284,18.655714285714286,1004.7489285714286,
2023-06-10,,,20.079225352112676,105.92957746478874,16.289788732394367,,0.6,,1.0,,7.0,210.0387323943662,19.048239436619717,1006.9700704225352,,,,43.36866197183099,96.71478873239437,17.051943462897526,,0.8,,1.4,,7.1,184.55087719298245,19.903859649122808,1007.1108771929823,
2023-06-11,,,23.42508960573477,135.9784946236559,16.796057347670253,,1.1,,1.7,,6.3,165.59642857142856,19.237857142857145,1006.3449999999999,,,,50.38647686832741,50.98220640569395,17.488967971530247,,1.1,,1.7,,6.5,139.83629893238435,19.585053380782917,1006.4035587188613,
2023-06-12,,,14.773665480427045,149.30960854092527,17.19679715302491,,0.5,,0.8,,6.6,124.40569395017793,19.173665480427047,1006.1338078291814,,,,51.159498207885306,40.54480286738351,18.31111111111111,,0.7,,1.2,,6.1,130.34767025089604,19.97132616487455,1006.148028673835,
2023-06-13,,,21.882625482625485,113.99227799227799,18.28115384615385,,0.3,,0.6,,7.0,182.86923076923077,20.405,1004.5450000000001,,,,51.33639575971732,45.27208480565371,19.469611307420493,,0.5,,1.0,,6.0,207.95759717314488,21.000706713780918,1004.7303886925796,
2023-06-14,,,22.829577464788734,179.6338028169014,18.682394366197183,,0.3,,0.7,,5.4,192.3122807017544,20.106666666666666,1005.9842105263158,,,,41.56398601398601,74.0,18.678321678321677,,0.6,,0.9,,7.2,103.02797202797203,20.41048951048951,1005.9664335664337,
2023-06-15,,,23.662105263157894,198.86666666666667,19.031228070175437,,0.3,,0.6,,4.2,211.2,19.893333333333334,1008.8726315789474,,,,54.6475352112676,57.683098591549296,19.909154929577465,,0.6,,0.9,,4.1,186.34154929577466,20.320422535211268,1008.8771126760563,
2023-06-16,,,32.079787234042556,156.83333333333334,18.99148936170213,,0.7,,1.4,,8.9,212.98581560283688,20.672695035460993,1012.2726950354611,,,,50.34361702127659,96.29432624113475,19.120921985815603,,0.9,,1.6,,8.0,219.22340425531914,20.881560283687943,1012.4709219858156,
2023-06-17,,,28.08041958041958,104.15384615384616,17.811888111888113,,0.8,,1.3,,11.7,198.3111888111888,20.477272727272727,1011.8825174825175,,,,50.696140350877194,100.62456140350878,18.1940350877193,,0.9,,1.4,,10.3,213.98947368421054,20.606315789473683,1012.3101754385966,
2023-06-18,,,31.470967741935482,153.2688172043011,16.920071684587814,,0.6,,0.9,,6.8,187.89285714285714,20.252857142857142,1007.4225,,,,45.88772563176895,121.38989169675091,17.508333333333333,,0.7,,1.0,,7.4,207.30935251798562,20.603956834532372,1007.5082733812949,
2023-06-19,,,38.880782918149464,141.87900355871886,18.194306049822064,,0.8,,1.3,,10.4,50.65836298932384,21.287188612099644,1007.9555160142348,,,,50.138297872340424,128.86524822695034,19.150354609929078,,1.4,,2.2,,11.1,55.748226950354606,20.951418439716313,1007.7063829787235,
2023-06-20,,,92.0,37.0,19.9,,0.5,,0.6,,5.3,33.0,20.9,1008.8,,,,48.58085106382978,96.60992907801419,21.21985815602837,,1.7,,2.7,,9.1,27.95390070921986,21.351063829787233,1007.1117021276596,
2023-06-21,,,26.707089552238806,172.16044776119404,20.906319702602232,,1.9,,3.2,,9.3,213.19702602230484,20.738661710037174,1002.8657992565056,,,,60.333333333333336,89.51612903225806,20.702877697841725,,2.3,,3.5,,9.3,186.77857142857144,20.88,1002.7907142857143,
2023-06-22,,,24.98857142857143,207.21428571428572,20.058214285714286,,1.0,,1.5,,6.1,139.89679715302492,20.93594306049822,1003.2149466192171,,,,56.208270676691725,98.04887218045113,19.99132075471698,,1.1,,1.7,,6.2,151.03676470588235,21.220588235294116,1003.2613970588235,
2023-06-23,,,25.333067729083666,185.0996015936255,19.806746031746034,,0.7,,1.4,,7.9,176.4183266932271,21.715537848605578,1009.7521912350597,,,,51.25198555956678,80.31407942238268,19.761371841155235,,1.1,,1.8,,5.1,112.60071942446044,21.433093525179856,1009.8456834532374,
2023-06-24,,,20.799651567944252,203.71080139372822,20.15261324041812,,0.6,,1.1,,6.4,147.83275261324042,20.761324041811847,1015.6432055749128,,,,10.6,113.0,19.3,,0.7,,0.9,,1.9,356.0,20.1,1014.0,
2023-06-25,,,17.128873239436622,183.26408450704224,20.754929577464786,,0.4,,0.7,,3.3,226.8842105263158,21.543508771929822,1014.6175438596491,,,,57.36654545454545,70.59272727272727,20.945818181818183,,0.7,,1.0,,4.9,189.47272727272727,21.45781818181818,1014.5410909090908,
2023-06-26,,,9.491071428571429,190.89285714285714,20.639285714285712,,0.9,,1.5,,5.1,247.07142857142858,21.40892857142857,1011.35,,,,53.356737588652486,49.4822695035461,19.99078014184397,,1.3,,2.1,,11.0,217.14893617021278,21.997517730496455,1010.5617021276596,
2023-06-27,,,8.64390243902439,196.9512195121951,18.192682926829267,,0.8,,1.4,,8.0,214.09756097560975,20.60731707317073,1011.7447368421053,,,,60.51560283687944,45.265957446808514,18.537943262411346,,1.8,,2.4,,11.7,219.60638297872342,21.48262411347518,1010.5106382978723,
2023-06-28,,,15.467424242424244,114.18560606060606,17.56754716981132,,0.6,,1.1,,9.5,219.9056603773585,20.61584905660377,1009.5196226415095,,,,61.89572953736655,43.362989323843415,18.636298932384342,,0.8,,1.4,,10.2,223.82562277580072,21.008896797153024,1009.9259786476869,
2023-06-29,,,15.436524822695036,162.37234042553192,16.834397163120567,,1.3,,2.0,,10.2,201.32155477031802,21.22473498233216,1004.6611307420494,,,,74.54964539007092,43.812056737588655,18.612056737588652,,1.7,,2.7,,11.4,217.99290780141843,21.668439716312058,1004.9592198581561,
2023-06-30,,,8.04782608695652,196.67391304347825,16.015217391304347,,1.3,,1.9,,8.4,199.33333333333334,19.63550724637681,1001.473188405797,,,,60.54718309859155,50.90845070422535,17.903521126760566,,1.7,,2.4,,10.4,175.84859154929578,20.634154929577466,1002.0348591549297,
2023-07-01,,,30.064804469273746,192.89944134078212,17.563333333333333,,1.0,,1.3,,4.8,143.73743016759778,21.04413407821229,1007.7407821229051,,,,57.91205673758866,67.85106382978724,18.648226950354612,,1.3,,2.1,,6.0,103.82042253521126,21.014788732394365,1006.6380281690141,
2023-07-02,,,36.14028268551237,174.38162544169612,17.52614840989399,,0.7,,1.1,,10.1,202.25441696113074,21.069257950530037,1008.2883392226148,,,,70.71870503597123,69.87050359712231,19.525539568345327,,1.4,,2.0,,9.0,213.76344086021504,21.975268817204302,1008.5290322580644,
2023-07-03,,,56.60982456140351,125.79649122807018,18.689473684210526,,0.6,,1.0,,5.6,105.92280701754386,21.46421052631579,1007.3708771929824,,,,66.5193661971831,87.05281690140845,19.525704225352115,,1.1,,1.8,,5.9,101.80633802816901,21.865845070422534,1007.3151408450705,
2023-07-04,,,48.99893992932862,164.0,19.759010600706713,,0.7,,1.1,,4.0,172.91519434628975,22.58515901060071,1004.0194346289753,,,,67.78833922261484,96.13427561837456,19.83745583038869,,0.9,,1.3,,3.5,169.70318021201413,22.350883392226148,1004.0349823321556,
2023-07-05,,,33.59222614840989,165.19434628975264,18.890106007067136,,1.1,,1.7,,10.4,209.62190812720848,22.892226148409893,996.1901060070671,,,,77.45195729537366,85.83985765124555,19.427046263345197,,1.3,,2.0,,11.6,216.95035460992906,22.178014184397163,996.4992907801418,
2023-07-06,,,25.870833333333334,196.64930555555554,17.237499999999997,,1.2,,1.6,,9.8,201.69444444444446,21.178472222222222,1002.7624999999999,,,,57.79893617021276,117.41843971631205,17.414893617021278,,1.2,,2.0,,11.0,212.71985815602838,20.867375886524822,1003.1308510638298,
2023-07-07,,,33.62269503546099,168.30141843971631,15.661347517730496,,1.3,,1.8,,7.1,197.63829787234042,19.618794326241133,1004.3510638297872,,,,52.861702127659576,101.83333333333333,17.00212765957447,,1.4,,2.0,,8.6,147.39361702127658,20.358865248226948,1004.2939716312057,
2023-07-08,,,40.128975265017665,176.42756183745584,17.03462897526502,,1.2,,2.2,,4.5,153.38162544169612,20.031802120141343,1004.0134275618374,,,,61.00960854092527,74.99288256227759,18.369395017793593,,1.4,,2.1,,4.7,120.32978723404256,20.30354609929078,1003.9989361702128,
2023-07-09,,,19.51418439716312,184.15602836879432,17.661347517730498,,1.2,,1.7,,9.3,171.7218309859155,20.871478873239436,1004.7260563380282,,,,61.86901408450704,48.25704225352113,19.041549295774647,,1.6,,2.1,,8.8,201.19718309859155,21.583098591549298,1004.9616197183097,
2023-07-10,,,16.48926829268293,128.71219512195123,16.65776699029126,,1.0,,2.0,,10.4,196.11707317073171,20.733170731707318,1005.9570731707317,,,,55.6,53.767605633802816,18.104577464788733,,1.3,,2.0,,9.4,217.45774647887325,21.91056338028169,1006.0795774647886,
2023-07-11,,,11.29051724137931,111.41379310344827,16.711111111111112,,0.9,,1.4,,8.5,195.52586206896552,20.27758620689655,1007.1594827586207,,,,57.166784452296824,44.28975265017668,17.82756183745583,,1.3,,2.2,,11.6,211.91519434628975,21.598939929328623,1007.7893992932864,
2023-07-12,,,13.19014598540146,154.3832116788321,15.757299270072993,,0.8,,1.3,,9.2,211.02554744525548,21.477007299270074,1006.4364963503649,,,,61.86099290780142,41.87234042553192,17.209608540925267,,1.0,,1.5,,9.3,221.4113475177305,21.729787234042554,1006.7354609929079,
2023-07-13,,,21.09719298245614,158.09473684210528,14.819298245614036,,0.8,,1.3,,8.1,199.61754385964912,20.255087719298245,1006.8631578947368,,,,57.81428571428572,45.21785714285714,17.292142857142856,,1.0,,1.5,,10.5,222.63120567375887,21.54964539007092,1007.1737588652483,
2023-07-14,,,18.685454545454547,103.05454545454545,13.843181818181819,,1.5,,2.3,,13.6,208.94545454545454,21.667272727272728,1003.6563636363636,,,,73.17762237762237,43.30769230769231,16.68982456140351,,1.6,,2.7,,13.5,213.4090909090909,21.363986013986015,1004.0716783216783,
2023-07-15,,,,,,,,,,,,,,,,,,62.70282685512368,42.67137809187279,15.78339222614841,,1.6,,2.6,,12.1,217.40282685512366,20.97279151943463,1004.0826855123676,
2023-07-16,,,45.62605042016807,169.57142857142858,14.250420168067226,,0.8,,1.5,,6.2,194.7983193277311,0.0,1010.7008403361344,,,,50.261428571428574,64.18214285714286,15.599285714285715,,1.1,,2.0,,8.0,211.26071428571427,21.236785714285716,1009.1742857142857,
2023-07-17,,,33.71791666666667,206.725,15.461825726141079,,0.9,,1.3,,9.2,195.2780082987552,,1012.6423236514522,,,,50.294326241134755,92.46808510638297,15.957446808510639,,1.0,,1.6,,7.0,225.3404255319149,21.825531914893617,1013.1609929078015,
2023-07-18,,,26.538333333333334,187.03333333333333,16.04273858921162,,1.0,,1.5,,6.7,158.66390041493776,,1012.0390041493775,,,,53.218374558303886,97.46643109540636,16.924734982332154,,1.5,,2.3,,12.2,188.1338028169014,22.197183098591548,1011.4063380281691,
2023-07-19,,,27.5484,214.476,16.44541832669323,,1.1,,1.7,,6.8,53.156,16.72482269503546,1008.1072289156627,,,,50.551760563380284,102.87323943661971,17.546126760563382,,1.5,,2.5,,5.8,64.90845070422536,21.16056338028169,1007.9394366197183,
2023-07-20,,,23.387857142857143,152.29642857142858,17.441428571428574,,0.8,,1.3,,1.9,184.55357142857142,,1009.7439285714286,,,,56.65017793594306,87.64056939501779,17.713167259786477,,0.8,,1.5,,2.3,219.16725978647688,22.16405693950178,1009.7427046263346,
2023-07-21,,,30.7,113.0,18.0,,0.3,,0.5,,0.7,316.0,,1011.4,,,,63.00883392226148,78.74204946996467,18.302826855123673,,0.6,,0.9,,5.5,53.78445229681979,21.91696113074205,1013.4763250883392,
2023-07-22,,,22.15824561403509,176.99298245614034,17.717543859649123,,0.6,,1.0,,4.1,196.26760563380282,22.159507042253523,1015.2090592334495,,,,60.81619718309859,86.2394366197183,19.368661971830985,,0.7,,1.2,,4.1,102.9894366197183,23.049647887323946,1015.1644366197183,
2023-07-23,,,14.58256227758007,145.9288256227758,17.081850533807827,,0.9,,1.5,,10.0,199.86170212765958,22.483333333333334,1011.5216312056737,,,,31.13,134.09285714285716,18.239784946236558,,1.2,,2.0,,6.8,228.90714285714284,23.357142857142858,1011.7089285714286,
2023-07-24,,,22.877972027972028,104.65734265734265,16.18041958041958,,1.0,,1.8,,9.9,202.58041958041957,21.82062937062937,1010.4870629370629,,,,28.810211267605634,100.02464788732394,16.732042253521126,,1.2,,1.7,,11.6,224.40845070422534,22.51161971830986,1010.6999999999999,
2023-07-25,,,27.536140350877194,139.06315789473683,15.46,,0.6,,1.0,,8.6,200.27272727272728,21.41153846153846,1013.8895104895106,,,,13.0,266.0,15.3,,0.6,,0.8,,3.8,212.0,22.3,1012.0,
2023-07-26,,,20.187368421052632,144.4701754385965,15.308421052631578,,0.4,,0.6,,6.6,201.38947368421051,22.11122807017544,1015.5936842105264,,,,51.78480565371025,69.79151943462898,18.824734982332153,,0.5,,0.8,,5.3,215.20494699646642,25.142049469964665,1015.7784452296819,
2023-07-27,,,17.61766784452297,169.34982332155477,15.650883392226147,,0.5,,0.8,,5.8,209.53684210526316,23.013333333333335,1014.8575438596492,,,,35.932857142857145,90.67857142857143,17.781428571428574,,0.7,,1.0,,5.1,202.84697508896798,25.59608540925267,1014.92384341637,
2023-07-28,,,16.33274647887324,192.21830985915494,16.13661971830986,,0.6,,0.9,,3.9,196.21830985915494,24.413380281690138,1014.6588028169014,,,,39.53333333333333,77.37275985663082,19.080645161290324,,0.8,,1.1,,4.0,193.96785714285716,26.63142857142857,1014.6667857142858,
2023-07-29,,,25.008960573476703,182.9426523297491,17.048387096774192,,0.9,,1.4,,2.9,237.7347670250896,24.837275985663084,1014.9845878136201,,,,52.982608695652175,67.28623188405797,20.957608695652176,,1.1,,1.5,,3.8,231.89169675090253,27.094945848375453,1015.0057761732851,
2023-07-30,,,24.549624060150375,172.86466165413535,18.221348314606743,,0.7,,1.2,,5.1,224.95149253731344,25.06902985074627,1014.0085820895522,,,,53.2,87.25714285714285,20.596785714285716,,0.8,,1.2,,3.7,229.3607142857143,26.859642857142855,1014.0303571428572,
2023-07-31,,,24.937762237762236,132.64685314685315,18.627272727272725,,0.5,,0.8,,3.6,234.13240418118468,25.565505226480838,1012.954355400697,,,,61.2202846975089,104.81138790035587,20.691428571428574,,0.6,,0.9,,3.0,222.97879858657245,26.435689045936396,1012.9310954063604,
2023-08-01,,,24.301423487544483,150.76156583629893,18.47508896797153,,0.6,,0.9,,4.0,184.1418439716312,24.95177304964539,1011.5751773049645,,,,66.05166051660517,60.6309963099631,22.53962962962963,,0.6,,1.0,,4.4,135.41454545454545,25.996363636363636,1011.4643636363637,
2023-08-02,,,34.87314487632509,157.0565371024735,19.976325088339223,,0.8,,1.1,,4.4,219.41549295774647,26.087676056338026,1008.6165492957746,,,,72.98812949640288,62.37410071942446,25.752158273381298,,0.8,,1.4,,5.4,205.81720430107526,28.12437275985663,1008.5537634408602,
2023-08-03,,,42.74172661870504,133.5071942446043,19.584172661870504,,1.0,,1.4,,6.5,230.76618705035972,25.218705035971222,1006.8014388489208,,,,80.37174721189591,72.72862453531599,22.566914498141266,,1.2,,1.7,,4.3,237.2355072463768,27.479347826086958,1006.8742753623188,
2023-08-04,,,37.61017543859649,160.9859649122807,18.69017543859649,,1.1,,1.5,,5.2,247.2,25.354035087719296,1005.0442105263157,,,,67.75984555984556,64.70769230769231,21.157692307692308,,2.1,,2.4,,5.4,260.8679245283019,27.01245283018868,1005.0128301886793,
2023-08-05,,,31.879078014184397,132.75531914893617,18.81737588652482,,1.2,,1.9,,4.0,249.97163120567376,26.579787234042552,1001.1400709219859,,,,68.24981818181818,49.516363636363636,22.77781818181818,,1.6,,2.2,,3.3,165.45,26.66821428571429,1001.0807142857142,
2023-08-06,,,28.30421052631579,117.51228070175439,23.216842105263158,,1.0,,1.7,,8.1,132.7122807017544,27.632280701754386,998.7252631578948,,,,60.31748251748252,61.13636363636363,26.145804195804196,,1.7,,2.3,,8.4,49.05594405594405,28.003496503496503,998.543006993007,
2023-08-07,,,23.11766784452297,226.6113074204947,27.48445229681979,,1.3,,2.2,,10.8,87.96819787985866,28.677031802120144,999.2272084805653,,,,34.199999999999996,100.88297872340425,28.552313167259786,,1.9,,2.6,,12.1,33.212765957446805,28.690070921985818,998.9131205673759,
2023-08-08,,,18.12456140350877,215.86666666666667,28.59684210526316,,1.6,,2.1,,11.2,168.80701754385964,27.7340350877193,1002.1368421052632,,,,25.064310954063604,142.0600706713781,28.210283687943264,,2.2,,3.6,,13.9,30.395759717314487,27.592932862190814,1001.6261484098941,
2023-08-09,,,11.882296650717704,202.17224880382776,28.173684210526318,,1.7,,2.4,,11.7,187.39712918660288,26.296172248803828,1002.2200956937799,,,,25.99609929078014,187.5,27.99217081850534,,2.4,,3.8,,16.9,22.042402826855124,26.345936395759715,1000.7201413427562,
2023-08-10,,,25.44662576687117,100.41717791411043,27.202439024390245,,7.3,,9.2,,0.0,309.24074074074076,4.292592592592592,992.8628048780488,,,,32.97473309608541,155.96797153024912,27.4125,,6.0,,7.9,,20.6,152.17081850533808,26.679359430604983,991.9056939501779,
2023-08-11,,,17.781754385964913,69.58947368421053,25.431578947368422,,1.3,,2.0,,,288.95438596491226,9.448771929824561,1002.2150877192983,,,,60.24929078014184,110.09929078014184,25.869148936170212,,1.7,,2.4,,11.6,215.35335689045937,26.925088339222615,1002.4116607773851,
2023-08-12,,,18.79785714285714,168.27142857142857,25.304285714285715,,0.5,,0.8,,,206.79285714285714,20.784285714285716,1004.3800000000001,,,,42.309999999999995,131.19285714285715,24.83178571428571,,0.7,,1.1,,5.3,223.65124555160142,26.315658362989325,1004.4117437722421,
2023-08-13,,,19.328214285714285,217.41071428571428,25.6975,,0.7,,1.1,,7.1,96.6117216117216,25.14029304029304,1005.4453571428572,,,,48.52269503546099,114.66666666666667,25.377304964539007,,0.9,,1.3,,7.8,130.17375886524823,25.59078014184397,1005.3773049645391,
2023-08-14,,,26.13886925795053,194.31095406360424,26.939575971731447,,0.9,,1.3,,10.7,155.1696113074205,26.414487632508834,1006.0282685512367,,,,47.93333333333333,156.03157894736842,26.80140350877193,,1.3,,1.9,,10.5,71.00701754385965,26.623157894736842,1005.8736842105263,
2023-08-15,,,13.847887323943663,185.13028169014083,26.746478873239436,,1.6,,2.4,,11.4,168.98591549295776,26.27323943661972,1004.4140845070422,,,,40.10704225352112,133.46830985915494,26.412323943661974,,2.0,,3.0,,11.7,44.771126760563384,26.296478873239437,1004.3249999999999,
2023-08-16,,,13.984265734265735,185.13986013986013,26.837062937062935,,1.3,,2.0,,5.4,107.1013986013986,25.39895104895105,1004.8797202797202,,,,38.47298245614035,148.65964912280702,26.423859649122807,,1.8,,2.8,,5.6,94.73076923076923,25.63006993006993,1004.8625874125875,
2023-08-17,,,23.473239436619718,118.0,26.067605633802817,,1.1,,1.5,,7.9,86.6013986013986,25.34090909090909,1005.9090909090909,,,,42.011428571428574,91.125,26.345,,1.3,,2.0,,8.6,77.64642857142857,25.488214285714285,1005.7832142857143,
2023-08-18,,,22.255594405594408,145.65034965034965,26.40944055944056,,0.7,,1.0,,6.5,135.3916083916084,25.966433566433565,1007.2398601398601,,,,42.571875000000006,92.6875,26.388194444444444,,1.0,,1.5,,7.2,49.454861111111114,26.013194444444444,1007.1399305555556,
2023-08-19,,,15.427622377622379,122.06643356643356,26.373426573426574,,0.8,,1.3,,6.3,139.77972027972027,26.784965034965033,1010.2972027972028,,,,36.91236749116608,97.59010600706713,26.485865724381625,,1.3,,2.2,,6.2,127.9894366197183,26.728521126760562,1010.2288732394367,
2023-08-20,,,20.365964912280702,120.03508771929825,26.055087719298246,,0.6,,1.2,,5.8,147.32631578947368,27.24350877192982,1011.7,,,,39.07727272727273,87.5909090909091,25.992307692307694,,0.6,,1.3,,6.4,188.8397212543554,27.32020905923345,1011.6951219512196,
2023-08-21,,,9.3,82.0,26.8,,0.2,,0.3,,2.8,50.0,26.3,1011.8,,,,25.642253521126758,121.80281690140845,25.79540636042403,,0.4,,0.7,,4.3,207.30877192982456,27.500350877192982,1009.8607017543859,
2023-08-22,,,9.90801393728223,119.50871080139373,26.653658536585368,,0.6,,0.9,,8.4,212.62369337979095,27.405226480836237,1006.8519163763066,,,,22.944285714285712,150.8,25.420357142857142,,0.7,,1.2,,6.9,220.83928571428572,27.502857142857142,1007.0053571428572,
2023-08-23,,,8.991785714285713,129.13571428571427,26.396071428571428,,0.6,,1.0,,6.5,186.1387900355872,27.491103202846976,1006.8355871886121,,,,22.052857142857142,137.93571428571428,25.11107142857143,,0.7,,1.2,,7.6,212.37142857142857,27.55107142857143,1006.8992857142857,
2023-08-24,,,17.297173144876325,122.09540636042402,26.143462897526504,,1.6,,3.0,,13.3,165.41696113074204,26.241342756183744,1007.7477031802119,,,,21.88357142857143,65.83214285714286,25.338214285714287,,1.8,,2.8,,13.2,177.8607142857143,26.662142857142857,1007.6975,
2023-08-25,,,19.73439716312057,132.3368794326241,25.325531914893617,,1.6,,2.1,,8.8,218.43617021276594,26.465248226950354,1007.6404255319148,,,,36.6,52.0,24.9,,1.4,,2.0,,10.2,219.0,26.8,1006.9,
2023-08-26,,,21.48220640569395,151.44483985765123,25.26690391459075,,0.4,,0.6,,5.2,195.12811387900356,26.18540925266904,1009.2384341637011,,,,30.99786476868327,126.98220640569394,24.847330960854094,,0.5,,0.8,,4.6,109.11387900355872,26.32918149466192,1009.2071174377224,
2023-08-27,,,20.64507042253521,188.85915492957747,26.246126760563378,,1.0,,1.5,,9.5,149.94718309859155,26.225352112676056,1008.8799295774648,,,,36.45473684210526,133.58245614035087,25.931338028169016,,1.1,,1.9,,10.1,45.757894736842104,26.293333333333333,1008.7038596491227,
2023-08-28,,,18.91048951048951,169.15384615384616,26.674825174825173,,0.7,,1.3,,9.3,137.72027972027973,26.115384615384617,1008.6416083916084,,,,43.947535211267606,139.92253521126761,26.24542253521127,,1.2,,1.9,,10.2,28.760563380281692,26.22042253521127,1008.431690140845,
2023-08-29,,,29.97632508833922,88.14134275618375,26.526855123674913,,1.5,,2.3,,12.3,219.99293286219083,27.05583038869258,1008.1911660777384,,,,41.229032258064514,87.40860215053763,26.413620071684587,,2.3,,3.3,,13.8,222.8896797153025,27.150889679715302,1008.2523131672599,
2023-08-30,,,34.32007042253521,146.30985915492957,25.836619718309862,,0.9,,1.5,,6.8,200.79225352112675,26.83169014084507,1009.2957746478874,,,,59.58842105263158,99.44912280701755,25.706315789473685,,1.3,,2.0,,8.9,216.3298245614035,27.004210526315788,1009.3249122807017,
2023-08-31,,,26.396099290780143,153.31560283687944,25.51205673758865,,1.1,,1.6,,6.2,119.29078014184397,25.841843971631203,1009.6932624113475,,,,43.478853046594985,101.00716845878136,25.17921146953405,,1.1,,1.8,,7.1,136.37809187279152,26.130035335689048,1009.6424028268551,
2023-09-01,,,28.32346570397112,142.75451263537906,25.01985559566787,,1.5,,2.6,,14.4,157.07581227436822,23.985559566787003,1011.4187725631768,,,,59.503571428571426,89.30357142857143,24.676785714285714,,1.8,,2.9,,14.0,115.14285714285714,24.253214285714286,1011.3324999999999,
2023-09-02,,,20.372438162544167,166.85512367491165,24.137809187279153,,1.1,,1.5,,6.9,212.10247349823322,24.164664310954066,1012.2180212014134,,,,27.552650176678444,131.4982332155477,24.619787985865724,,1.0,,1.5,,6.5,143.59717314487634,24.46537102473498,1012.1759717314487,
2023-09-03,,,26.510791366906474,173.76618705035972,24.58776978417266,,0.5,,0.8,,6.3,155.69892473118279,25.215770609318994,1012.9770609318996,,,,23.451459854014598,150.62408759124088,25.075182481751828,,0.7,,1.0,,6.6,96.6509090909091,25.41709090909091,1012.882909090909,
2023-09-04,,,18.833568904593637,165.08480565371025,25.691872791519437,,1.0,,2.0,,9.7,143.72791519434628,26.236749116607776,1012.0371024734982,,,,23.475789473684213,174.53333333333333,25.49719298245614,,1.3,,2.1,,10.4,49.32517482517483,26.115034965034965,1011.8849650349649,
2023-09-05,,,11.390681003584229,154.20430107526883,26.174551971326164,,2.5,,3.3,,11.6,175.86379928315412,26.15268817204301,1011.0154121863799,,,,30.89887640449438,179.66417910447763,25.89063670411985,,2.3,,3.6,,13.3,26.078358208955223,26.19813432835821,1010.7794776119404,
2023-09-06,,,14.216101694915254,115.0635593220339,26.51561181434599,,2.1,,3.2,,11.5,182.0677966101695,25.67076271186441,1011.1351694915254,,,,24.998744769874477,182.3305439330544,26.219583333333333,,2.5,,4.2,,12.5,23.175732217573223,25.96485355648536,1010.8309623430963,
2023-09-07,,,15.287234042553191,103.81914893617021,26.421985815602838,,1.7,,2.7,,12.7,123.71985815602837,25.05,1013.7117021276596,,,,20.148561151079136,143.41726618705036,26.285971223021583,,2.4,,3.5,,14.0,21.921146953405017,25.273835125448027,1013.4021505376345,
2023-09-08,,,13.961702127659574,148.97517730496455,26.328723404255317,,1.9,,3.7,,10.9,206.81560283687944,24.506028368794325,1012.8340425531916,,,,20.882624113475178,150.1418439716312,26.30141843971631,,2.2,,3.4,,10.8,90.58510638297872,24.836524822695033,1012.7106382978724,
2023-09-09,,,15.437323943661971,176.5105633802817,26.451408450704225,,1.2,,1.9,,6.9,186.80985915492957,23.55669014084507,1011.8665492957746,,,,20.888732394366198,140.94718309859155,26.378521126760564,,1.2,,1.8,,6.7,176.80633802816902,23.989788732394366,1011.8112676056339,
2023-09-10,,,17.86113074204947,134.37455830388691,26.41024734982332,,0.8,,1.3,,7.3,188.53356890459364,24.064664310954065,1011.1636042402827,,,,23.595454545454547,91.2937062937063,26.505944055944056,,1.1,,1.7,,7.0,164.84965034965035,24.50839160839161,1011.0493006993006,
2023-09-11,,,17.219572953736655,147.12455516014234,26.812099644128114,,0.5,,0.8,,5.3,212.644128113879,25.060498220640568,1009.7437722419929,,,,17.291872791519435,90.99293286219081,26.657950530035336,,0.7,,1.1,,4.8,192.70671378091873,25.37809187279152,1009.7077738515901,
2023-09-12,,,20.943682310469313,119.5956678700361,26.918050541516248,,0.4,,0.6,,3.6,234.31768953068593,25.75667870036101,1011.0851985559566,,,,10.06101083032491,108.92418772563177,26.703971119133573,,0.5,,0.9,,3.0,229.8014440433213,25.907942238267147,1011.0736462093863,
2023-09-13,,,16.826760563380283,185.95422535211267,27.194014084507042,,0.6,,1.1,,8.6,129.3943661971831,25.885915492957746,1010.9781690140844,,,,11.665124555160142,96.15302491103203,26.810676156583632,,0.6,,1.1,,8.1,113.96808510638297,26.013120567375886,1010.8900709219859,
2023-09-14,,,23.24310954063604,168.5053003533569,26.86113074204947,,0.8,,1.2,,6.1,239.92579505300353,23.912720848056537,1012.4356890459363,,,,15.580782918149465,113.15302491103203,26.423843416370108,,1.0,,1.5,,7.9,50.270462633451956,24.38220640569395,1012.2042704626335,
2023-09-15,,,26.365098039215688,108.46274509803922,26.33490196078431,,0.8,,1.4,,7.1,168.70980392156864,24.721960784313726,1013.8121568627452,,,,17.532411067193674,132.61660079051384,26.295256916996046,,0.9,,1.6,,8.0,39.608695652173914,25.059683794466405,1013.602766798419,
2023-09-16,,,19.674193548387098,154.80286738351253,26.549820788530464,,0.6,,0.9,,7.8,254.19928825622776,24.224199288256226,1013.449822064057,,,,9.687292817679559,122.49171270718232,26.10386740331492,,0.8,,1.4,,6.9,224.05524861878453,24.566298342541437,1013.7143646408839,
2023-09-17,,,16.783783783783782,121.75225225225225,26.158558558558557,,1.2,,2.0,,9.0,243.81981981981983,24.88783783783784,1011.3954954954954,,,,,,,,,,,,,,,,
2023-09-18,,,21.437722419928825,119.97153024911032,26.216014234875445,,1.0,,1.5,,8.1,238.18021201413427,25.263604240282685,1012.825441696113,,,,61.199122807017545,73.3913043478261,27.413846153846155,,0.6,,1.2,,6.7,205.5107913669065,26.530935251798564,1012.8105263157894,
2023-09-19,,,22.74341637010676,127.46975088967972,26.012455516014235,,0.7,,1.0,,9.7,225.6120996441281,25.62170818505338,1013.5999999999999,,,,51.99475524475525,68.43706293706293,25.707692307692305,,0.5,,0.9,,7.7,229.83916083916083,25.655594405594407,1013.793006993007,
2023-09-20,,,21.603146853146853,142.41958041958043,25.48986013986014,,2.2,,3.5,,14.0,191.82867132867133,24.743356643356645,1010.841958041958,,,,50.207368421052635,81.83508771929824,25.316491228070173,,1.8,,3.1,,14.3,159.7859649122807,25.288070175438598,1010.8315789473684,
2023-09-21,,,42.0,54.0,24.6,,2.3,,3.2,,12.0,193.0,26.6,1003.7,,,,54.02972027972028,170.36713286713288,23.904895104895104,,2.7,,4.3,,14.6,56.15384615384615,22.31013986013986,1009.4363636363636,
2023-09-22,,,8.74842105263158,169.4,25.041052631578946,,1.6,,2.2,,6.9,201.26315789473685,22.01298245614035,1015.3908771929825,,,,42.35851063829787,180.01418439716312,24.49964412811388,,1.8,,2.5,,7.8,124.62190812720848,22.272791519434627,1015.3604240282685,
2023-09-23,,,16.36642857142857,145.53571428571428,25.403214285714284,,1.7,,2.4,,11.4,143.54804270462634,22.46085409252669,1018.8448398576513,,,,29.529328621908125,168.20141342756185,24.86148409893993,,2.5,,3.7,,13.0,109.31448763250883,22.736749116607776,1018.5964664310953,
2023-09-24,,,14.810394265232976,176.02867383512546,25.183870967741935,,2.4,,3.4,,12.6,22.316725978647685,23.51779359430605,1019.2021352313167,,,,42.18842105263158,145.9438596491228,24.672631578947367,,2.8,,4.1,,14.7,38.371929824561406,23.55719298245614,1018.7557894736843,
2023-09-25,,,16.944366197183097,187.16901408450704,25.187323943661973,,1.8,,2.8,,8.9,241.83508771929826,23.40877192982456,1016.1435087719299,,,,43.3,37.0,24.5,,2.1,,2.5,,9.4,38.0,24.3,1017.3,
2023-09-26,,,16.99432624113475,157.27304964539007,25.349290780141843,,0.8,,1.4,,5.5,243.26855123674912,23.228268551236752,1013.6321554770319,,,,38.26276595744681,115.33333333333333,24.79432624113475,,1.3,,2.1,,5.9,97.2482269503546,23.616666666666667,1013.5840425531916,
2023-09-27,,,20.098932384341637,149.83629893238435,25.27829181494662,,0.7,,1.1,,8.5,234.08185053380782,24.73523131672598,1011.0886120996443,,,,48.1321554770318,93.64664310954063,24.969964664310954,,0.9,,1.5,,7.7,239.113074204947,24.94946996466431,1011.2049469964664,
2023-09-28,,,25.536524822695036,149.98936170212767,25.349645390070922,,0.4,,0.8,,5.1,264.20494699646645,25.073144876325088,1012.4378091872792,,,,45.52711267605634,114.11619718309859,25.222887323943663,,0.5,,0.9,,5.9,254.38732394366198,25.317605633802817,1012.5214788732394,
2023-09-29,,,21.41760563380282,157.4718309859155,25.51298245614035,,0.4,,0.6,,5.4,235.40350877192984,23.211578947368423,1013.958245614035,,,,52.57473684210526,115.52280701754385,24.952280701754386,,0.3,,0.6,,3.8,222.07719298245615,23.50175438596491,1013.9978947368422,
2023-09-30,,,16.291901408450702,95.87323943661971,24.783098591549294,,0.5,,0.8,,7.7,275.280701754386,21.51263157894737,1010.541754385965,,,,40.01742160278746,130.10801393728224,24.254703832752615,,0.7,,1.1,,6.7,265.3135888501742,22.05993031358885,1010.6463414634146,
2023-10-01,,,19.36148409893993,165.06713780918727,24.242049469964666,,0.4,,0.7,,8.0,257.2579505300353,21.00106007067138,1012.9024734982333,,,,42.7356890459364,105.28621908127208,23.26077738515901,,0.6,,1.1,,7.0,250.9469964664311,21.391166077738514,1013.0060070671378,
2023-10-02,,,18.15618374558304,139.47703180212014,23.908127208480565,,0.7,,1.1,,7.8,247.14134275618375,20.398586572438163,1017.3088339222616,,,,59.11443661971831,71.44014084507042,23.75457746478873,,0.9,,1.7,,7.3,205.0211267605634,21.090492957746477,1017.2757042253521,
2023-10-03,,,29.026690391459073,135.34519572953738,23.743772241992882,,0.7,,1.0,,7.5,311.0782918149466,20.398576512455517,1017.4266903914591,,,,58.30491228070176,90.05614035087719,23.81122807017544,,0.8,,1.6,,8.2,161.69122807017544,21.10280701754386,1017.2933333333333,
2023-10-04,,,26.458947368421054,148.6701754385965,24.100350877192984,,0.6,,1.0,,5.0,240.15438596491228,21.25122807017544,1013.260350877193,,,,60.75853658536585,82.43205574912892,23.63658536585366,,0.8,,1.2,,5.4,262.76655052264806,21.642857142857142,1013.2780487804878,
2023-10-05,,,27.44822695035461,207.37234042553192,23.5209219858156,,0.7,,1.1,,9.6,274.7517730496454,19.229787234042554,1013.5078014184397,,,,58.38496503496503,111.76573426573427,23.161888111888114,,1.2,,1.8,,7.1,263.93356643356645,19.363636363636363,1013.5902097902098,
2023-10-06,,,16.756643356643355,141.64685314685315,23.194055944055943,,0.8,,1.2,,5.8,251.34615384615384,18.427622377622377,1017.9017482517484,,,,41.14823943661972,114.66901408450704,23.188028169014082,,1.2,,1.9,,5.5,252.94014084507043,18.575,1017.9485915492959,
2023-10-07,,,13.927402135231317,202.40925266903915,23.001779359430603,,2.0,,2.8,,10.4,200.90391459074732,19.942704626334518,1021.4185053380783,,,,40.975971731448766,105.58303886925795,22.518727915194347,,2.4,,3.8,,10.7,166.2226148409894,20.24982332155477,1021.2975265017668,
2023-10-08,,,12.774814814814814,231.1888888888889,22.882592592592594,,2.1,,3.1,,10.9,145.18382352941177,20.170588235294115,1021.8952205882352,,,,33.37147887323944,120.16549295774648,22.695774647887326,,3.1,,4.8,,11.9,45.54577464788732,20.499295774647887,1021.725704225352,
2023-10-09,,,9.17781690140845,197.17957746478874,23.299647887323946,,1.3,,2.0,,9.2,269.7263157894737,19.65157894736842,1018.8466666666666,,,,31.396853146853147,90.76573426573427,22.844405594405593,,1.9,,2.9,,10.3,92.85314685314685,20.15874125874126,1018.6856643356642,
2023-10-10,,,10.83263157894737,172.50526315789475,23.22,,1.4,,2.0,,10.9,198.35438596491227,19.55333333333333,1019.4164912280702,,,,24.71725352112676,104.21830985915493,22.845774647887325,,1.6,,2.5,,11.8,134.49295774647888,19.86056338028169,1019.4299295774647,
2023-10-11,,,14.063082437275986,173.7168458781362,23.098207885304657,,1.4,,2.2,,10.0,222.3942652329749,19.864516129032257,1023.5437275985663,,,,31.16561403508772,138.79298245614035,22.710526315789473,,2.0,,2.8,,10.3,74.18181818181819,20.332167832167833,1023.3804195804196,
2023-10-12,,,14.87517730496454,153.04609929078015,22.956737588652484,,1.0,,1.6,,8.7,221.65248226950354,19.742198581560285,1023.7673758865249,,,,37.36,128.79298245614035,22.482807017543863,,1.5,,2.7,,9.2,197.03157894736842,19.79859649122807,1023.6877192982456,
2023-10-13,,,20.433566433566433,160.0944055944056,22.853496503496505,,1.1,,1.6,,6.0,199.4055944055944,19.852097902097903,1018.1353146853147,,,,36.61408450704225,109.83450704225352,22.246830985915494,,1.3,,2.0,,7.0,174.36971830985917,20.02288732394366,1018.0859154929578,
2023-10-14,,,22.584912280701754,144.4561403508772,22.553684210526317,,0.7,,1.1,,9.3,256.3578947368421,19.747719298245617,1010.28,,,,43.363157894736844,59.31578947368421,22.063859649122808,,0.8,,1.4,,8.7,269.22105263157897,20.096140350877192,1010.3887719298245,
2023-10-15,,,25.840213523131673,163.6120996441281,22.30284697508897,,0.5,,0.7,,7.0,282.0035587188612,19.225978647686834,1009.5284697508897,,,,39.7918439716312,126.17021276595744,21.733333333333334,,0.6,,0.9,,8.1,295.57092198581563,19.27446808510638,1009.7212765957447,
2023-10-16,,,26.52332155477032,162.79505300353358,21.768904593639576,,0.5,,0.7,,5.3,246.80281690140845,18.341901408450706,1013.8091549295774,,,,59.81209964412812,48.62633451957296,21.47473309608541,,0.6,,1.0,,8.0,251.4468085106383,19.284397163120566,1013.7918439716311,
2023-10-17,,,35.08041958041958,161.9020979020979,21.112937062937064,,0.9,,1.4,,6.0,273.9755244755245,16.783216783216783,1017.9807692307693,,,,67.1356890459364,77.89399293286219,21.13427561837456,,1.5,,2.1,,7.5,223.39788732394365,17.38450704225352,1018.0338028169014,
2023-10-18,,,32.111971830985915,155.7605633802817,20.853169014084507,,0.9,,1.7,,10.7,246.859649122807,18.658947368421053,1019.6385964912281,,,,65.48631578947368,93.57543859649122,20.81017543859649,,0.9,,1.3,,9.3,258.00350877192983,19.194736842105264,1019.7866666666667,
2023-10-19,,,30.57456445993031,188.58536585365854,20.660975609756097,,0.6,,1.1,,7.8,225.9163763066202,19.99756097560976,1016.0550522648083,,,,59.99303135888502,76.42857142857143,20.698257839721254,,0.8,,1.6,,9.7,235.36805555555554,20.084027777777777,1016.2406249999999,
2023-10-20,,,24.55104895104895,179.97202797202797,20.796503496503497,,0.5,,0.8,,10.6,279.82167832167835,16.208041958041957,1014.2629370629371,,,,59.760839160839154,99.3041958041958,20.51923076923077,,0.9,,1.3,,10.3,306.15034965034965,16.554545454545455,1014.4062937062937,
2023-10-21,,,20.797894736842103,167.36140350877193,20.586666666666666,,0.7,,1.1,,9.7,270.51929824561404,14.45719298245614,1019.798596491228,,,,58.72787456445994,98.30662020905923,19.697560975609754,,1.2,,1.8,,10.0,289.6111111111111,14.363541666666666,1020.0295138888889,
2023-10-22,,,25.6,243.0,20.9,,0.4,,0.6,,3.2,325.0,13.9,1021.9,,,,51.682291666666664,106.86805555555556,19.439930555555556,,1.0,,1.4,,6.6,274.40277777777777,16.230555555555554,1022.6319444444445,
2023-10-23,,,19.95531914893617,179.82978723404256,19.820921985815602,,0.7,,1.0,,7.2,256.8445229681979,16.45618374558304,1022.6049469964664,,,,45.696167247386754,123.89198606271778,19.35993031358885,,0.4,,0.9,,6.8,253.66202090592336,17.470731707317075,1022.7083623693379,
2023-10-24,,,29.225964912280702,199.13333333333333,19.13859649122807,,0.6,,1.0,,8.2,250.01398601398603,16.926223776223775,1020.0958041958042,,,,60.51354166666667,97.57986111111111,19.72222222222222,,0.5,,0.8,,7.8,260.68055555555554,17.500694444444445,1020.2041666666667,
2023-10-25,,,32.409824561403504,194.58947368421053,19.335087719298247,,0.3,,0.5,,4.1,256.6771929824561,17.359649122807017,1017.7726315789474,,,,57.084722222222226,63.763888888888886,19.703819444444445,,0.4,,0.7,,5.3,242.18402777777777,18.17638888888889,1017.8666666666666,
2023-10-26,,,33.28923611111111,169.38541666666666,19.294444444444444,,0.8,,1.1,,6.3,244.35416666666666,18.117708333333333,1014.6083333333333,,,,23.8,23.0,19.4,,0.2,,0.3,,4.0,234.0,18.5,1017.0,
2023-10-27,,,27.663194444444443,164.96180555555554,19.117708333333333,,1.0,,1.4,,10.4,282.5173611111111,17.639236111111114,1013.0854166666666,,,,46.44409722222222,82.97569444444444,19.20763888888889,,1.5,,2.2,,11.3,204.88888888888889,17.858333333333334,1013.1201388888888,
2023-10-28,,,23.009027777777778,160.11111111111111,19.221180555555556,,0.8,,1.3,,5.4,237.81597222222223,16.106250000000003,1018.232986111111,,,,62.12534722222222,52.87152777777778,19.47247386759582,,1.3,,2.4,,4.9,221.04861111111111,16.86388888888889,1018.2659722222221,
2023-10-29,,,26.086111111111112,161.80555555555554,19.428472222222222,,1.3,,2.1,,6.6,222.63541666666666,16.216319444444444,1021.8565972222223,,,,53.18819444444445,92.94444444444444,18.83937282229965,,1.6,,2.3,,7.1,155.90277777777777,16.750347222222224,1021.8329861111112,
2023-10-30,,,31.967361111111114,168.375,19.015625,,0.7,,1.1,,5.6,253.5625,16.666666666666668,1022.1972222222222,,,,64.25555555555555,75.44444444444444,18.927777777777777,,1.0,,1.5,,5.8,274.41319444444446,17.360416666666666,1022.2645833333333,
2023-10-31,,,34.24076655052265,159.9651567944251,19.140766550522645,,0.5,,0.8,,7.4,241.625,17.903819444444444,1021.5861111111111,,,,62.89756944444444,85.14236111111111,19.159374999999997,,0.7,,0.9,,8.5,259.9826388888889,18.092361111111114,1021.7048611111111,
2023-11-01,,,36.77638888888889,180.3125,18.77777777777778,,1.1,,1.6,,10.2,215.99305555555554,18.959027777777777,1019.2784722222223,,,,56.77048611111111,94.42361111111111,18.46701388888889,,0.9,,1.5,,10.1,226.40277777777777,19.009027777777778,1019.5579861111112,
2023-11-02,,,29.12090592334495,156.50522648083623,18.248780487804876,,0.8,,1.3,,9.8,207.00347222222223,19.54340277777778,1017.9267361111112,,,,49.681250000000006,95.82291666666667,18.061111111111114,,0.7,,1.1,,8.7,226.35416666666666,19.158333333333335,1018.3083333333333,
2023-11-03,,,15.424041811846688,188.94773519163763,18.637282229965155,,0.6,,1.0,,8.7,199.34843205574913,19.785365853658536,1016.4313588850174,,,,40.93611111111111,107.0625,17.554513888888888,,0.6,,0.9,,6.9,225.16319444444446,19.292708333333334,1016.7371527777777,
2023-11-04,,,14.319444444444445,189.25694444444446,18.474305555555556,,0.5,,0.8,,8.5,215.77430555555554,19.363541666666666,1020.6354166666666,,,,55.884375000000006,117.70138888888889,17.69826388888889,,0.8,,1.2,,8.7,101.80902777777777,18.822222222222223,1020.6437500000001,
2023-11-05,,,15.848083623693379,173.13937282229966,18.578397212543553,,0.9,,1.5,,5.7,200.32291666666666,19.461458333333333,1020.0791666666667,,,,43.407986111111114,77.82291666666667,19.062152777777776,,1.3,,1.9,,5.1,98.875,19.596180555555556,1020.0430555555556,
2023-11-06,,,12.920905923344948,140.94076655052265,18.32020905923345,,2.7,,4.4,,13.7,225.48263888888889,19.697916666666668,1008.4864583333333,,,,63.65694444444445,47.63194444444444,17.532291666666666,,2.7,,4.2,,14.6,234.71875,19.484027777777776,1008.8135416666667,
2023-11-07,,,10.067361111111111,107.67013888888889,16.299999999999997,,1.4,,2.1,,12.2,239.22916666666666,13.854166666666666,1017.8038194444445,,,,29.13993055555555,106.35763888888889,15.03611111111111,,1.8,,2.7,,11.9,266.41319444444446,14.234375,1018.0374999999999,
2023-11-08,,,22.75125448028674,194.2437275985663,16.031182795698925,,1.1,,1.7,,5.8,215.41218637992833,12.975627240143368,1022.3279569892474,,,,55.50931899641577,41.46236559139785,16.75125448028674,,1.8,,2.2,,5.8,209.415770609319,13.693906810035841,1022.2232974910394,
2023-11-09,,,22.52013888888889,188.4375,16.586805555555557,,0.6,,0.9,,7.7,241.46875,16.382291666666667,1020.2909722222222,,,,54.527430555555554,45.329861111111114,17.31527777777778,,1.6,,2.5,,6.5,265.88194444444446,16.936458333333334,1020.4395833333333,
2023-11-10,,,20.09175257731959,161.22164948453607,16.540721649484535,,0.4,,0.7,,9.3,221.97948717948717,16.64205128205128,1017.6184615384616,,,,29.547179487179488,171.73333333333332,16.53076923076923,,0.7,,1.0,,9.0,146.00512820512822,16.933846153846154,1017.6194871794871,
2023-11-11,,,24.829513888888886,143.34722222222223,16.548263888888886,,1.2,,1.8,,9.4,240.375,10.537152777777777,1024.8086805555556,,,,66.28048780487805,63.069686411149824,17.429616724738676,,2.0,,3.1,,8.6,164.43554006968643,11.457491289198607,1024.8073170731707,
2023-11-12,,,33.999650349650345,204.2902097902098,17.08111888111888,,0.9,,1.4,,6.9,282.8432055749129,7.798606271777003,1023.9006968641115,,,,31.139583333333334,133.21527777777777,16.420486111111114,,1.2,,1.7,,8.8,300.93402777777777,8.39375,1023.9364583333333,
2023-11-13,,,26.838541666666668,151.83680555555554,16.884375,,1.3,,1.7,,5.6,289.81597222222223,7.789583333333334,1024.90625,,,,47.755208333333336,135.8125,16.500347222222224,,2.5,,3.8,,7.0,279.1701388888889,8.402083333333334,1024.990625,
2023-11-14,,,22.173170731707316,156.2439024390244,16.645993031358884,,0.8,,1.3,,5.9,257.0625,9.570833333333333,1024.9496527777778,,,,39.19722222222222,137.61805555555554,16.215625000000003,,1.2,,1.6,,7.1,280.21527777777777,10.606597222222222,1024.9444444444443,
2023-11-15,,,25.168771929824562,149.43508771929825,16.61017543859649,,0.5,,0.8,,5.2,264.1666666666667,10.894097222222221,1026.8486111111113,,,,48.35625,104.35069444444444,16.228472222222223,,0.6,,0.9,,6.8,263.52777777777777,11.792013888888889,1026.834027777778,
2023-11-16,,,23.475,128.04166666666666,16.524305555555557,,0.6,,1.0,,9.1,274.5104166666667,11.855208333333334,1020.1822916666666,,,,55.918055555555554,106.86805555555556,16.525,,0.7,,1.3,,9.9,274.93402777777777,12.051736111111111,1020.3086805555556,
2023-11-17,,,17.73263888888889,139.41319444444446,16.093402777777776,,0.7,,1.4,,10.4,265.31944444444446,9.100347222222222,1012.5736111111112,,,,47.94216027874565,91.7212543554007,17.190592334494774,,0.8,,1.3,,9.8,278.28125,9.230208333333334,1012.8989583333334,
2023-11-18,,,22.39721254355401,107.20557491289199,16.07700348432056,,0.7,,1.1,,11.7,269.74305555555554,6.282986111111111,1014.3597222222221,,,,45.98888888888889,106.41666666666667,16.09861111111111,,1.0,,1.8,,11.6,266.0,6.155208333333333,1014.9840277777779,
2023-11-19,,,18.256944444444443,137.94444444444446,15.960416666666667,,0.8,,1.4,,8.9,262.8229166666667,10.489930555555555,1017.0840277777778,,,,43.247569444444444,102.95833333333333,15.567247386759583,,1.2,,2.1,,8.8,253.24652777777777,10.655902777777778,1017.420486111111,
2023-11-20,,,14.153472222222222,196.98611111111111,16.029861111111114,,0.9,,1.5,,7.7,233.19097222222223,11.193055555555555,1022.1072916666667,,,,39.23519163763066,132.23693379790942,15.524390243902438,,0.9,,1.5,,6.4,206.02777777777777,11.695833333333333,1022.2097222222224,
2023-11-21,,,12.587499999999999,147.92361111111111,16.21527777777778,,0.8,,1.1,,8.9,249.22569444444446,13.005208333333334,1021.1739583333333,,,,26.838194444444444,128.26736111111111,15.761458333333334,,1.0,,1.4,,7.8,264.88194444444446,13.546180555555557,1021.4402777777777,
2023-11-22,,,17.9,215.0,16.1,,0.3,,0.4,,4.4,229.0,12.9,1019.7,,,,26.417421602787456,109.25435540069687,15.53554006968641,,0.4,,0.8,,7.8,243.16724738675958,15.676306620209061,1017.3390243902438,
2023-11-23,,,15.487847222222221,133.34027777777777,15.665972222222223,,1.3,,2.1,,10.8,231.96875,17.345138888888886,1011.9670138888889,,,,27.346341463414632,127.65853658536585,15.363066202090591,,1.4,,2.4,,10.8,246.70138888888889,16.728819444444444,1012.3618055555556,
2023-11-24,,,18.59826388888889,149.42708333333334,15.362499999999999,,1.0,,1.7,,9.4,287.09722222222223,7.944791666666666,1023.5777777777779,,,,34.07526132404181,135.22299651567945,15.004529616724739,,1.3,,1.9,,8.9,314.88850174216026,8.099303135888501,1023.7662020905924,
2023-11-25,,,20.79409722222222,153.8125,15.181597222222223,,0.8,,1.3,,8.0,239.29861111111111,4.471527777777777,1030.4475694444445,,,,45.47430555555556,119.73611111111111,15.402083333333334,,1.6,,2.6,,6.8,209.08333333333334,4.984027777777778,1030.4170138888887,
2023-11-26,,,21.556097560975612,153.27177700348432,15.218466898954704,,0.8,,1.2,,5.1,250.6411149825784,8.247038327526132,1024.6926829268293,,,,10.2,82.0,15.3,,1.1,,1.8,,4.3,348.0,7.4,1028.6,
2023-11-27,,,22.414583333333333,156.25694444444446,15.457638888888889,,0.5,,0.7,,8.5,252.8125,12.719097222222222,1014.9934027777776,,,,37.31909722222222,131.92708333333334,16.734027777777776,,0.8,,1.2,,9.1,273.6736111111111,13.07951388888889,1015.2013888888889,
2023-11-28,,,24.338111888111886,164.6083916083916,15.498951048951048,,0.7,,1.1,,9.8,257.07342657342656,10.085664335664335,1018.6793706293706,,,,38.1578947368421,135.07719298245615,15.12140350877193,,1.2,,1.8,,9.7,284.6923076923077,10.237062937062937,1018.9849650349651,
2023-11-29,,,22.430555555555557,168.96875,15.140625,,0.9,,1.3,,7.2,257.0416666666667,7.8024305555555555,1023.1975694444445,,,,58.47569444444444,102.58333333333333,15.57152777777778,,1.2,,1.9,,8.0,230.82638888888889,8.309375,1023.3326388888888,
2023-11-30,,,21.094791666666666,152.51388888888889,14.969097222222224,,0.6,,0.9,,9.2,273.9201388888889,4.389236111111111,1024.5197916666666,,,,38.798611111111114,110.67013888888889,15.23263888888889,,1.1,,1.4,,9.5,297.8576388888889,4.772222222222222,1024.6302083333333,
2023-12-01,,,18.55859649122807,179.7017543859649,15.007368421052632,,0.7,,1.0,,11.1,282.2986111111111,4.155555555555555,1023.5854166666666,,,,35.76202090592335,152.97560975609755,14.577700348432057,,1.0,,1.5,,10.0,294.1979166666667,4.248958333333333,1023.8996527777776,
2023-12-02,,,15.382517482517482,149.42307692307693,14.925174825174826,,0.7,,1.2,,8.4,247.95818815331012,6.273170731707317,1025.28362369338,,,,35.34878048780488,94.0418118466899,14.212543554006968,,1.0,,1.5,,11.5,282.74564459930315,6.565505226480836,1025.4188153310106,
2023-12-03,,,14.9375,133.79166666666666,15.063541666666667,,0.8,,1.2,,5.2,225.77777777777777,8.679166666666667,1024.842013888889,,,,26.79965277777778,146.26041666666666,14.096527777777778,,1.0,,1.5,,5.6,260.3229166666667,9.091666666666667,1024.9097222222222,
2023-12-04,,,16.085069444444443,166.71180555555554,15.22048611111111,,0.7,,1.1,,7.8,251.51041666666666,9.858333333333333,1021.126388888889,,,,19.70140350877193,127.07368421052631,14.062807017543859,,0.7,,1.1,,7.6,269.3964912280702,9.981052631578947,1021.2754385964912,
2023-12-05,,,11.755555555555555,185.03819444444446,15.400694444444444,,0.4,,0.7,,6.0,240.00347222222223,10.402430555555556,1017.1642361111111,,,,19.038888888888888,143.77430555555554,14.341319444444444,,0.4,,0.7,,4.6,226.21180555555554,10.68888888888889,1017.1673611111112,
2023-12-06,,,9.032517482517482,137.96853146853147,15.449650349650351,,1.1,,1.6,,9.6,261.90972222222223,11.67013888888889,1011.234375,,,,24.57534722222222,130.50347222222223,14.344791666666667,,1.1,,1.7,,10.5,274.64930555555554,12.02951388888889,1011.4968749999999,
2023-12-07,,,12.056445993031359,164.2404181184669,15.116724738675957,,1.1,,1.6,,9.8,238.74305555555554,10.578472222222222,1015.1545138888889,,,,23.439583333333335,97.45486111111111,14.673958333333335,,1.3,,2.0,,10.2,258.5138888888889,10.56076388888889,1015.5017361111111,
2023-12-08,,,12.788541666666667,112.64930555555556,14.671875,,1.5,,2.0,,13.7,221.16666666666666,14.619444444444444,1016.8732638888889,,,,29.514583333333334,80.4375,14.366550522648083,,1.4,,2.1,,12.6,240.1875,14.720138888888888,1017.2510416666667,
2023-12-09,,,9.827083333333333,132.72569444444446,14.533333333333335,,1.0,,1.5,,8.7,239.60763888888889,16.617361111111112,1018.0500000000001,,,,45.122569444444444,39.395833333333336,15.24826388888889,,1.2,,1.9,,9.6,243.38541666666666,16.657638888888886,1018.2583333333334,
2023-12-10,,,20.502097902097905,146.67482517482517,15.23811188811189,,0.8,,1.3,,9.1,180.70833333333334,14.024305555555555,1022.8881944444444,,,,36.80416666666667,112.94444444444444,15.919791666666665,,1.5,,2.2,,10.0,82.78472222222223,14.779861111111112,1022.7218750000001,
2023-12-11,,,26.294773519163765,166.39372822299651,15.741114982578397,,3.4,,4.8,,11.7,127.08680555555556,15.470138888888888,1016.1295138888888,,,,36.20902777777778,131.61805555555554,16.150694444444444,,3.6,,5.1,,10.9,74.54513888888889,15.36597222222222,1015.9593749999999,
2023-12-12,,,27.38784722222222,189.27083333333334,16.150347222222223,,2.5,,3.7,,11.9,281.09722222222223,10.79513888888889,1018.3409722222223,,,,43.312847222222224,148.45138888888889,16.187152777777776,,3.6,,5.1,,12.9,16.79513888888889,11.422916666666667,1017.8402777777778,
2023-12-13,,,20.114285714285714,144.45296167247386,16.26062717770035,,1.9,,2.7,,7.9,204.5609756097561,11.205226480836238,1027.9508710801394,,,,38.79790940766551,148.2404181184669,16.756794425087108,,2.1,,3.1,,9.4,88.78397212543554,11.866202090592335,1027.8031358885016,
2023-12-14,,,21.345296167247387,151.31358885017423,16.3602787456446,,1.0,,1.7,,7.4,296.3449477351916,12.450174216027873,1024.362369337979,,,,48.25993031358885,138.6341463414634,16.68362369337979,,1.5,,2.0,,9.1,41.5609756097561,12.888850174216028,1024.1202090592335,
2023-12-15,,,18.289236111111112,184.05208333333334,16.671875,,1.5,,2.5,,9.8,143.06597222222223,11.075,1012.7829861111111,,,,40.436458333333334,149.40972222222223,17.236458333333335,,2.3,,3.5,,10.1,80.18402777777777,12.125,1012.6239583333333,
2023-12-16,,,24.21423611111111,132.34375,16.372916666666665,,1.6,,2.4,,13.2,265.9513888888889,5.954166666666667,1017.4208333333333,,,,37.613194444444446,141.23958333333334,16.62673611111111,,1.7,,2.9,,13.6,265.25694444444446,5.960763888888889,1017.8493055555555,
2023-12-17,,,18.541666666666668,136.92361111111111,15.684722222222222,,0.9,,1.2,,11.1,284.60069444444446,1.2694444444444446,1030.117361111111,,,,34.44479166666667,142.73958333333334,15.744097222222223,,1.1,,1.6,,8.0,302.5486111111111,1.1350694444444445,1030.4302083333334,
2023-12-18,,,18.732752613240418,153.1951219512195,15.674912891986063,,0.8,,1.0,,6.2,259.1736111111111,2.3138888888888887,1032.3416666666667,,,,32.018055555555556,145.17708333333334,15.482986111111112,,1.0,,1.6,,5.8,267.8576388888889,2.433333333333333,1032.2958333333333,
2023-12-19,,,16.278819444444444,183.14930555555554,15.624652777777776,,0.9,,1.3,,6.3,237.25347222222223,3.8989583333333337,1027.0395833333334,,,,28.318402777777777,140.77430555555554,15.36597222222222,,1.3,,1.8,,8.2,229.83333333333334,4.327083333333333,1027.0458333333333,
2023-12-20,,,13.474216027874563,155.9268292682927,15.608710801393727,,0.6,,1.0,,9.4,286.4459930313589,3.0289198606271777,1023.4243902439024,,,,20.54125874125874,150.1083916083916,15.174125874125874,,0.9,,1.6,,10.0,294.25435540069685,3.3282229965156795,1023.5547038327527,
2023-12-21,,,11.201041666666667,132.81944444444446,15.528819444444444,,0.7,,1.0,,10.4,278.75,2.611111111111111,1027.2232638888888,,,,22.28576388888889,145.36111111111111,14.822916666666666,,0.9,,1.6,,11.6,300.8020833333333,2.5999999999999996,1027.4975694444445,
2023-12-22,,,14.04390243902439,108.7979094076655,15.76062717770035,,0.7,,1.2,,11.8,271.3645833333333,2.439583333333333,1031.9934027777776,,,,24.044250871080138,155.49477351916377,15.35226480836237,,0.9,,1.4,,9.6,295.0696864111498,2.432404181184669,1032.496864111498,
2023-12-23,,,2.1,328.0,15.6,,0.7,,0.9,,4.8,285.0,1.7,1035.2,,,,27.716666666666665,138.51736111111111,15.780902777777776,,1.1,,1.7,,9.2,295.33680555555554,2.476736111111111,1034.845486111111,
2023-12-24,,,20.040277777777778,119.77430555555556,16.005902777777777,,0.7,,1.2,,6.2,264.2673611111111,3.6041666666666665,1030.4027777777778,,,,30.75574912891986,121.22996515679442,15.55574912891986,,0.8,,1.2,,7.5,270.2986111111111,3.9381944444444446,1030.4656249999998,
2023-12-25,,,18.634027777777778,164.01388888888889,15.91701388888889,,0.4,,0.7,,7.0,264.12152777777777,4.014236111111111,1028.3336805555555,,,,32.65763888888889,130.10763888888889,14.972222222222221,,0.6,,1.0,,8.1,279.09027777777777,4.040625,1028.640625,
2023-12-26,,,18.627177700348433,144.47038327526133,15.604529616724738,,0.5,,0.8,,8.1,265.5226480836237,5.906271777003484,1028.6048780487804,,,,35.11958041958042,135.979020979021,14.324475524475526,,0.6,,1.0,,7.0,272.3636363636364,6.124825174825175,1028.8937062937061,
2023-12-27,,,18.425694444444446,152.98263888888889,15.302083333333334,,0.4,,0.7,,6.4,253.01388888888889,7.82361111111111,1030.0475694444444,,,,43.0,44.0,13.9,,0.3,,0.3,,3.7,333.0,7.2,1030.2,
2023-12-28,,,21.059375000000003,165.3125,15.306944444444444,,0.6,,0.9,,7.1,280.7951388888889,9.512847222222222,1026.4375,,,,36.141114982578394,132.09059233449477,14.306968641114985,,0.7,,1.0,,5.9,278.397212543554,9.987804878048781,1026.5794425087108,
2023-12-29,,,19.224390243902437,142.59233449477352,15.086411149825784,,0.6,,0.9,,7.9,274.3588850174216,7.352961672473868,1025.5839721254354,,,,35.76223776223776,143.34615384615384,14.11958041958042,,0.5,,0.8,,7.3,255.01398601398603,7.9,1025.697902097902,
2023-12-30,,,19.82369337979094,165.37979094076655,15.16341463414634,,0.5,,0.7,,8.3,269.30313588850174,8.797212543554007,1018.3174216027874,,,,36.57700348432056,145.81533101045295,14.275261324041812,,0.4,,0.6,,7.6,255.4878048780488,9.386411149825785,1018.4167247386758,
2023-12-31,,,16.608362369337982,165.05574912891987,14.934494773519162,,0.8,,1.4,,10.7,288.09722222222223,9.750347222222222,1014.8107638888889,,,,28.97797202797203,142.78671328671328,14.268881118881119,,1.2,,1.8,,10.4,279.8466898954704,10.13588850174216,1015.0048780487806,
2024-01-01,,,15.387456445993031,129.4773519163763,14.533449477351917,,1.6,,2.4,,8.4,207.84668989547038,7.8595818815331,1026.8846689895472,,,,27.280139372822298,147.28919860627178,14.438327526132404,,2.2,,3.5,,9.8,95.28819444444444,8.586111111111112,1026.7395833333333,
2024-01-02,,,12.539024390243902,156.70383275261324,14.70034843205575,,1.4,,2.1,,6.3,274.21180555555554,9.624652777777778,1020.9090277777777,,,,24.305574912891984,136.59233449477352,14.077351916376307,,1.9,,2.8,,7.2,279.6979166666667,10.065277777777778,1021.0635416666667,
2024-01-03,,,11.318055555555555,154.28125,14.693402777777777,,0.5,,0.8,,8.3,291.9375,7.312847222222222,1017.2708333333334,,,,20.194444444444443,164.46527777777777,13.949305555555556,,0.6,,0.9,,8.2,284.21527777777777,7.802083333333333,1017.4121527777778,
2024-01-04,,,9.822377622377621,146.3006993006993,14.554545454545456,,0.7,,1.1,,7.2,258.2473867595819,6.3724738675958195,1021.6101045296166,,,,25.99160839160839,99.22727272727273,14.251398601398602,,0.9,,1.4,,8.7,265.8181818181818,7.031468531468532,1021.7912587412587,
2024-01-05,,,7.001041666666667,171.85416666666666,14.423263888888888,,0.7,,1.2,,8.1,268.00694444444446,9.391319444444443,1020.2920138888888,,,,16.5,128.13888888888889,13.375694444444443,,1.0,,1.4,,10.1,263.1770833333333,10.386111111111111,1020.3600694444444,
2024-01-06,,,11.75609756097561,136.38675958188153,14.209756097560975,,0.4,,0.8,,5.4,260.58188153310107,8.04459930313589,1019.8477351916376,,,,17.03101045296167,153.63066202090593,13.54425087108014,,0.7,,1.2,,7.8,250.205574912892,9.136585365853659,1019.8923344947734,
2024-01-07,,,9.876306620209059,136.56445993031357,14.209756097560975,,0.5,,0.7,,10.2,287.98606271777004,3.5888501742160277,1023.1379790940766,,,,23.25191637630662,89.18815331010452,13.198606271777004,,0.6,,0.9,,8.8,314.3240418118467,4.055749128919861,1023.3108013937283,
2024-01-08,,,12.772822299651569,147.5261324041812,13.836933797909406,,0.9,,1.4,,7.6,260.5226480836237,2.716376306620209,1025.7247386759582,,,,35.59090909090909,90.6048951048951,13.49965034965035,,1.3,,2.0,,8.8,271.73426573426576,2.7003496503496502,1025.8353146853149,
2024-01-09,,,16.6013986013986,131.24475524475525,13.78041958041958,,0.6,,0.9,,6.1,273.7762237762238,4.960839160839161,1020.0409090909092,,,,31.280902777777776,141.83333333333334,13.103472222222223,,0.7,,1.0,,6.6,252.56944444444446,5.836458333333334,1020.1385416666667,
2024-01-10,,,18.961111111111112,182.44444444444446,13.702777777777778,,1.6,,2.3,,9.6,212.27777777777777,6.323958333333334,1017.2934027777778,,,,32.10905923344947,151.8780487804878,13.01672473867596,,1.9,,3.1,,10.9,79.06597222222223,7.1819444444444445,1017.1559027777779,
2024-01-11,,,21.293706293706293,141.58391608391608,13.644405594405596,,2.0,,2.8,,7.9,280.18815331010455,7.610801393728224,1016.8090592334495,,,,38.08710801393728,154.20905923344947,13.023344947735193,,2.5,,3.7,,7.7,246.8048780487805,7.7801393728223,1017.029268292683,
2024-01-12,,,22.500347222222224,155.98958333333334,13.469444444444445,,0.6,,1.0,,7.2,262.30555555555554,7.998263888888889,1016.951736111111,,,,41.85381944444444,156.51388888888889,12.905208333333334,,1.2,,2.0,,6.0,285.72222222222223,8.062847222222222,1017.2298611111112,
2024-01-13,,,23.34285714285714,158.90940766550523,13.401742160278745,,0.9,,1.3,,8.7,222.11805555555554,5.456597222222222,1023.6069444444444,,,,42.607638888888886,150.10416666666666,12.786111111111111,,1.0,,1.7,,6.9,229.80555555555554,6.380902777777778,1023.7645833333333,
2024-01-14,,,24.565853658536586,151.95818815331012,13.197560975609756,,1.4,,2.1,,11.6,260.6979166666667,9.504861111111111,1021.123611111111,,,,41.177083333333336,140.64583333333334,12.9875,,1.8,,2.9,,10.3,275.30555555555554,10.304861111111112,1021.3236111111112,
2024-01-15,,,27.170833333333334,143.55555555555554,13.171527777777778,,1.2,,2.0,,10.4,217.62152777777777,6.709722222222222,1022.9104166666667,,,,39.59444444444445,151.28472222222223,12.960416666666667,,1.4,,2.1,,7.7,234.60416666666666,7.793402777777778,1022.8822916666666,
2024-01-16,,,21.864583333333332,136.84027777777777,13.12326388888889,,1.0,,1.5,,8.9,241.48611111111111,5.202083333333333,1030.9538194444444,,,,36.38536585365854,131.86062717770034,12.815331010452962,,1.3,,2.0,,8.3,171.83275261324042,6.041811846689895,1030.9581881533102,
2024-01-17,,,16.796875,154.9375,13.289583333333333,,0.9,,1.4,,6.8,245.61458333333334,9.537500000000001,1026.4375,,,,28.063541666666666,140.36458333333334,12.777083333333334,,1.2,,1.9,,6.8,263.40625,10.022222222222222,1026.6010416666666,
2024-01-18,,,14.523958333333333,183.32291666666666,13.220833333333333,,1.4,,1.8,,10.9,107.09375,11.987847222222221,1021.4524305555556,,,,22.168641114982577,144.7212543554007,12.722299651567944,,2.1,,3.0,,15.0,140.82578397212544,12.008362369337979,1021.2233449477351,
2024-01-19,,,14.833797909407666,223.3170731707317,13.157142857142857,,2.1,,2.9,,13.4,52.201388888888886,8.100694444444445,1027.8121527777778,,,,20.278819444444444,204.23263888888889,13.622569444444444,,3.0,,4.4,,15.7,35.541666666666664,8.705208333333333,1027.1847222222223,
2024-01-20,,,13.629616724738675,231.20209059233449,13.18815331010453,,2.7,,4.0,,13.6,68.11458333333333,9.128125,1023.873611111111,,,,23.787847222222222,236.66319444444446,13.802430555555555,,3.6,,5.8,,16.1,48.25,9.062152777777778,1023.1232638888889,
2024-01-21,,,11.536458333333334,174.70138888888889,13.46701388888889,,2.8,,3.9,,9.5,221.74652777777777,7.71875,1022.4982638888889,,,,25.00486111111111,176.82638888888889,13.544097222222222,,3.0,,4.3,,12.2,32.458333333333336,8.616319444444445,1022.1729166666667,
2024-01-22,,,14.174125874125874,153.34265734265733,13.584615384615384,,1.6,,2.2,,10.5,292.7692307692308,4.115034965034965,1021.9835664335664,,,,25.200352112676054,129.4788732394366,13.561971830985915,,2.1,,3.7,,7.9,298.6280701754386,4.428070175438597,1022.2768421052632,
2024-01-23,,,13.8,200.0,14.0,,0.5,,0.6,,5.1,285.0,2.4,1024.1,,,,28.384722222222223,135.32986111111111,13.236458333333333,,1.1,,1.6,,12.3,286.5798611111111,2.8920138888888887,1022.3361111111111,
2024-01-24,,,18.52847222222222,137.09027777777777,12.914930555555555,,1.6,,2.2,,12.3,277.84722222222223,2.337847222222222,1022.2309027777778,,,,35.21503496503497,143.4265734265734,12.906643356643357,,1.8,,2.7,,13.6,299.52097902097904,2.2587412587412588,1022.6437062937063,
2024-01-25,,,22.064930555555556,111.23611111111111,12.784375,,1.6,,2.5,,6.9,252.86805555555554,3.0225694444444446,1026.099652777778,,,,33.21114982578397,157.26829268292684,12.68780487804878,,2.3,,3.2,,7.9,288.4320557491289,2.870731707317073,1026.2268292682927,
2024-01-26,,,26.53111888111888,110.25524475524476,12.814685314685315,,1.8,,2.5,,7.1,278.0034843205575,3.3982578397212544,1026.797212543554,,,,32.53391608391609,151.96153846153845,12.734265734265735,,2.0,,3.3,,6.7,224.1083916083916,4.9185314685314685,1026.8468531468532,
2024-01-27,,,21.285714285714285,109.06968641114983,12.800696864111499,,1.7,,2.5,,7.3,276.2752613240418,5.053658536585366,1025.351219512195,,,,43.4,48.0,12.5,,1.4,,1.7,,1.0,37.0,4.9,1026.6,
2024-01-28,,,20.88715277777778,158.61111111111111,13.337152777777778,,1.3,,1.7,,7.3,259.53819444444446,5.637847222222223,1026.0121527777778,,,,34.92717770034843,152.8432055749129,12.777351916376306,,1.3,,2.1,,6.2,198.7212543554007,6.745993031358885,1025.980487804878,
2024-01-29,,,19.596180555555556,163.93402777777777,13.977083333333333,,0.7,,1.1,,7.0,274.75694444444446,4.957638888888889,1029.0364583333333,,,,33.33541666666667,146.66666666666666,12.680555555555555,,1.0,,1.3,,6.6,246.63888888888889,6.168749999999999,1029.095486111111,
2024-01-30,,,17.41533101045296,159.93031358885017,14.082926829268294,,0.5,,0.8,,5.9,238.41114982578398,6.838675958188153,1028.9421602787456,,,,29.226041666666667,152.09027777777777,12.727777777777778,,0.6,,0.9,,5.7,153.51041666666666,7.82361111111111,1028.8961805555555,
2024-01-31,,,13.661188811188811,150.42307692307693,14.481118881118883,,0.4,,0.7,,4.9,251.50871080139373,10.088501742160279,1023.2285714285714,,,,27.131010452961675,149.49477351916377,13.037282229965156,,0.4,,0.7,,4.6,197.22648083623693,10.522648083623693,1023.2895470383274,
2024-02-01,,,13.962937062937064,170.87412587412587,14.297902097902098,,2.1,,3.4,,13.1,125.09407665505226,8.867247386759582,1023.6170731707316,,,,26.932167832167835,169.62587412587413,13.142307692307691,,2.4,,3.5,,14.3,90.44055944055944,9.325874125874126,1023.2926573426574,
2024-02-02,,,9.418402777777779,172.15277777777777,14.128125,,2.2,,3.1,,11.2,175.82986111111111,6.455902777777777,1027.2256944444443,,,,20.42013888888889,189.85069444444446,13.898611111111112,,2.7,,3.9,,13.4,31.631944444444443,7.4385416666666675,1026.929513888889,
2024-02-03,,,8.43859649122807,170.21052631578948,14.011578947368422,,1.8,,2.8,,8.4,223.66319444444446,7.785416666666666,1027.6625,,,,14.424999999999999,163.95833333333334,13.755555555555555,,1.8,,3.2,,10.1,42.41319444444444,8.771180555555555,1027.3909722222222,
2024-02-04,,,9.11602787456446,203.6445993031359,14.14843205574913,,1.4,,2.1,,9.5,166.43205574912892,8.038675958188152,1025.2121951219513,,,,16.03611111111111,206.20833333333334,13.615277777777777,,2.1,,3.0,,13.2,30.84375,8.945138888888888,1024.8628472222222,
2024-02-05,,,15.161805555555556,227.75694444444446,13.994097222222223,,3.8,,5.5,,15.1,110.66319444444444,8.202777777777778,1018.8954861111112,,,,24.417770034843205,238.05574912891987,13.73588850174216,,4.6,,6.5,,16.6,50.26480836236934,8.388501742160278,1018.2585365853658,
2024-02-06,,,13.57972027972028,160.979020979021,13.531118881118882,,2.3,,3.0,,7.4,200.020979020979,5.000699300699301,1023.9552447552448,,,,24.286013986013987,161.9125874125874,13.567832167832169,,2.4,,3.4,,9.2,47.68881118881119,6.106643356643357,1023.8206293706294,
2024-02-07,,,16.796153846153846,167.75874125874125,13.573426573426573,,1.1,,1.7,,9.3,193.44755244755245,5.21958041958042,1021.6444055944055,,,,28.60209059233449,157.87456445993033,13.570034843205574,,1.4,,2.0,,8.4,106.15679442508711,6.065853658536586,1021.6759581881533,
2024-02-08,,,19.49375,118.32638888888889,13.571874999999999,,0.7,,1.3,,6.0,246.45833333333334,6.148611111111111,1020.1812500000001,,,,34.48888888888889,150.25694444444446,13.534027777777778,,1.1,,1.8,,5.0,195.60069444444446,7.038194444444445,1020.1812500000001,
2024-02-09,,,21.514285714285716,168.17770034843207,13.748432055749129,,0.5,,0.8,,8.7,294.7177700348432,7.066202090592334,1019.967944250871,,,,41.338541666666664,150.74652777777777,13.389583333333334,,0.7,,1.2,,8.3,199.60416666666666,8.071874999999999,1019.9847222222221,
2024-02-10,,,26.118055555555557,158.98611111111111,13.712499999999999,,0.5,,0.7,,8.0,268.5104166666667,6.369791666666667,1022.3944444444444,,,,44.41979166666667,154.82638888888889,13.215625,,0.6,,1.0,,8.8,263.2673611111111,7.167013888888889,1022.5861111111111,
2024-02-11,,,26.07986111111111,154.88888888888889,13.546527777777778,,0.6,,1.0,,8.2,288.3576388888889,6.436111111111111,1022.9020833333333,,,,47.29581881533101,149.93728222996515,13.091608391608391,,0.9,,1.6,,9.8,291.6829268292683,7.1404181184669,1023.1651567944251,
2024-02-12,,,26.74421052631579,145.39649122807018,13.290526315789474,,0.7,,1.3,,11.1,248.44097222222223,6.669444444444444,1029.5357638888888,,,,47.153125,147.22916666666666,12.957986111111111,,0.9,,1.4,,9.2,255.47569444444446,7.6864583333333325,1029.6982638888887,
2024-02-13,,,25.175261324041813,143.83623693379792,13.08362369337979,,1.1,,1.8,,12.6,235.14285714285714,12.40766550522648,1026.9268292682927,,,,45.93472222222223,142.61458333333334,12.872222222222224,,1.4,,2.1,,11.8,249.17708333333334,12.783333333333333,1027.2371527777777,
2024-02-14,,,24.431365313653135,144.75276752767527,13.11549815498155,,1.0,,1.5,,9.0,206.5719557195572,13.90479704797048,1023.0280442804427,,,,43.217777777777776,150.04428044280442,12.704428044280442,,1.1,,1.8,,7.3,234.37269372693726,14.074907749077491,1023.2800738007381,
2024-02-15,,,22.9625,178.52430555555554,13.31423611111111,,1.2,,2.2,,13.6,160.1875,12.260069444444445,1016.5850694444445,,,,37.24270833333333,150.70833333333334,12.502777777777778,,2.1,,3.4,,13.8,175.75,12.744791666666666,1016.7003472222223,
2024-02-16,,,11.124825174825174,201.06993006993008,13.097552447552449,,1.8,,2.6,,8.9,233.11458333333334,5.965277777777778,1024.5989583333333,,,,20.636363636363637,170.3951048951049,12.402447552447551,,1.9,,2.6,,9.4,88.47902097902097,6.71993006993007,1024.4681818181818,
2024-02-17,,,11.347735191637632,117.14285714285714,13.239024390243902,,1.4,,2.3,,9.7,249.14236111111111,8.328819444444443,1022.3135416666667,,,,21.735416666666666,103.08680555555556,12.699651567944251,,1.4,,2.3,,8.0,268.75347222222223,9.235069444444443,1022.5211805555555,
2024-02-18,,,9.35979020979021,136.17132867132867,13.206993006993006,,1.0,,1.6,,5.4,246.88194444444446,11.406944444444443,1021.2753472222222,,,,18.915277777777778,108.12152777777777,12.888541666666667,,1.2,,1.8,,4.1,259.68402777777777,12.288194444444445,1021.3309027777777,
2024-02-19,,,11.675261324041813,173.09059233449477,13.367595818815332,,3.0,,4.1,,10.8,210.88194444444446,15.82638888888889,1011.4211805555556,,,,18.832291666666666,102.03819444444444,13.129861111111111,,3.0,,4.4,,12.6,225.64236111111111,15.194791666666667,1011.5809027777777,
2024-02-20,,,16.698606271777003,220.39372822299651,13.442857142857143,,1.8,,2.9,,11.8,26.21875,9.636111111111111,1022.2069444444444,,,,22.193055555555556,211.90277777777777,13.7625,,2.7,,4.3,,14.5,46.21527777777778,10.303819444444445,1021.5513888888888,
2024-02-21,,,19.076306620209056,213.63066202090593,13.143205574912892,,2.6,,4.3,,13.3,28.773519163763066,8.041463414634146,1021.3114982578398,,,,31.28710801393728,211.9198606271777,13.561672473867596,,3.3,,4.7,,16.2,47.99651567944251,8.772125435540069,1020.3247386759582,
2024-02-22,,,18.833333333333332,179.48958333333334,13.184027777777779,,3.1,,3.9,,12.7,58.298611111111114,5.357986111111111,1024.8545138888887,,,,34.359722222222224,175.55555555555554,13.174652777777778,,3.8,,5.7,,15.9,28.305555555555557,5.748611111111111,1024.0326388888889,
2024-02-23,,,7.9,349.0,13.3,,1.8,,2.2,,8.0,347.0,3.8,1027.0,,,,33.270833333333336,163.14236111111111,13.15625,,2.3,,3.1,,11.8,22.072916666666668,5.397916666666666,1028.2468749999998,
2024-02-24,,,18.58397212543554,169.83623693379792,13.543554006968641,,1.6,,2.8,,10.2,204.55555555555554,5.737500000000001,1028.321875,,,,35.47361111111111,168.08333333333334,13.034722222222221,,2.3,,3.3,,12.1,29.59722222222222,6.736805555555556,1027.9680555555556,
2024-02-25,,,20.694425087108016,167.12891986062718,13.62361111111111,,1.2,,1.8,,10.0,258.0486111111111,6.726388888888889,1021.4555555555556,,,,37.81080139372823,154.97909407665506,12.976306620209058,,1.5,,2.6,,9.0,44.072916666666664,7.770486111111111,1021.3166666666667,
2024-02-26,,,20.280902777777776,169.47222222222223,13.733680555555557,,1.6,,2.3,,12.5,193.10763888888889,6.611458333333333,1026.4069444444444,,,,35.43680555555555,158.99652777777777,12.909756097560976,,2.2,,3.5,,13.5,43.94444444444444,7.426041666666666,1026.1687499999998,
2024-02-27,,,19.39409722222222,164.96527777777777,13.705902777777776,,1.9,,3.2,,10.0,216.55208333333334,5.861458333333333,1030.5465277777778,,,,51.8,40.0,12.9,,1.5,,2.4,,6.5,15.0,6.3,1029.0,
2024-02-28,,,17.777700348432056,152.390243902439,14.026480836236933,,1.7,,2.4,,7.6,188.03135888501743,7.7386759581881535,1029.1296167247388,,,,30.613888888888887,165.27777777777777,14.434722222222222,,1.7,,2.7,,8.2,63.65277777777778,8.791319444444445,1028.994097222222,
2024-02-29,,,16.037430167597766,138.20670391061452,14.194444444444445,,1.4,,1.9,,8.6,294.8491620111732,6.61731843575419,1019.1870786516853,,,,27.21117318435754,145.08379888268158,14.114444444444445,,1.5,,2.3,,9.9,85.21787709497207,6.932960893854749,1019.0798882681563,
2024-03-01,,,16.8,152.6759776536313,13.885474860335195,,1.2,,2.0,,10.9,296.6611111111111,4.065555555555555,1019.3505555555556,,,,27.82277777777778,141.5388888888889,13.61111111111111,,1.3,,1.8,,10.6,306.3666666666667,4.732777777777778,1019.5849999999999,
2024-03-02,,,15.831010452961673,97.9198606271777,13.325783972125436,,1.1,,1.6,,10.9,230.89547038327527,3.1034843205574916,1021.5529616724739,,,,24.676655052264806,139.39721254355402,13.368989547038328,,1.1,,1.6,,9.8,200.14634146341464,3.4484320557491293,1021.906968641115,
2024-03-03,,,19.099305555555556,80.15972222222223,13.166319444444445,,0.8,,1.3,,8.2,241.73611111111111,7.7086805555555555,1018.9736111111112,,,,19.766666666666666,122.40350877192982,13.046315789473683,,1.1,,1.6,,9.0,258.8636363636364,8.462937062937064,1019.2374125874127,
2024-03-04,,,11.149825783972126,88.18815331010452,13.302787456445992,,0.8,,1.2,,5.8,189.7560975609756,10.247038327526132,1021.3369337979094,,,,20.04320557491289,94.51219512195122,13.08745644599303,,1.0,,1.5,,7.0,189.81881533101046,11.021951219512196,1021.3710801393728,
2024-03-05,,,12.132638888888888,247.79861111111111,13.506250000000001,,2.8,,4.1,,13.8,52.763888888888886,9.479861111111111,1013.8666666666666,,,,20.688194444444445,220.85416666666666,13.126041666666666,,3.9,,5.3,,15.6,53.75694444444444,10.340277777777779,1013.2434027777776,
2024-03-06,,,12.683333333333334,182.10763888888889,13.284375,,3.0,,5.2,,12.2,281.9548611111111,8.031597222222222,1015.0753472222223,,,,22.817708333333332,188.84027777777777,13.146875000000001,,3.4,,5.1,,13.8,20.48611111111111,9.077083333333333,1014.592361111111,
2024-03-07,,,15.018055555555556,191.21875,13.49826388888889,,1.8,,2.5,,7.3,247.09027777777777,7.077430555555555,1016.8013888888888,,,,27.605208333333334,143.41666666666666,13.149652777777778,,2.2,,3.5,,8.5,102.49305555555556,8.695833333333333,1016.6805555555555,
2024-03-08,,,19.820138888888888,154.39236111111111,13.637152777777779,,0.6,,1.0,,9.6,282.2048611111111,6.919097222222223,1015.7145833333333,,,,36.53055555555555,136.14236111111111,13.200347222222222,,0.9,,1.4,,9.2,261.47222222222223,7.820486111111112,1015.9899305555555,
2024-03-09,,,23.076736111111114,148.41666666666666,13.523263888888888,,1.4,,2.1,,6.9,234.55555555555554,4.919097222222223,1022.9739583333334,,,,42.07735191637631,136.81881533101046,13.209407665505227,,1.4,,2.1,,7.0,231.71080139372822,5.813588850174216,1023.0693379790941,
2024-03-10,,,24.803146853146853,137.71328671328672,13.397552447552448,,1.2,,1.6,,10.7,249.21602787456445,7.820905923344948,1027.3912891986063,,,,45.93867595818815,139.25435540069685,13.205226480836238,,1.1,,1.7,,8.8,264.03484320557493,9.085714285714285,1027.5543554006967,
2024-03-11,,,28.330555555555556,144.86458333333334,13.465277777777779,,1.0,,1.4,,9.8,241.44097222222223,10.202430555555557,1021.6100694444444,,,,49.510416666666664,143.21180555555554,13.252083333333333,,0.8,,1.2,,8.7,241.42013888888889,10.827777777777778,1021.8236111111112,
2024-03-12,,,28.06814516129032,148.4233870967742,13.410441767068273,,0.9,,1.1,,8.6,250.29317269076304,8.332530120481929,1014.2955823293173,,,,47.27235772357724,149.00404858299595,13.305668016194332,,1.4,,2.3,,11.7,165.2914979757085,8.946153846153845,1014.3623481781376,
2024-03-13,,,23.483333333333334,142.76736111111111,13.488541666666666,,1.0,,1.6,,11.6,252.85763888888889,9.075694444444444,1019.7510416666667,,,,43.96818181818182,139.0909090909091,13.277272727272727,,1.3,,1.9,,11.2,260.8327526132404,9.938675958188153,1020.0794425087107,
2024-03-14,,,21.945138888888888,144.67013888888889,13.492708333333333,,0.8,,1.4,,10.4,208.42361111111111,11.789930555555555,1020.4739583333334,,,,38.46006944444444,141.93402777777777,13.196874999999999,,1.1,,1.6,,10.6,258.1979166666667,12.34375,1020.7451388888888,
2024-03-15,,,17.512891986062716,127.7630662020906,13.467247386759581,,0.8,,1.2,,11.0,250.86805555555554,13.125347222222222,1021.9809027777778,,,,31.048958333333335,131.11111111111111,13.225694444444445,,0.8,,1.6,,10.1,234.92013888888889,13.500347222222222,1022.3454861111111,
2024-03-16,,,12.471180555555556,119.55208333333333,13.695486111111112,,0.7,,1.1,,7.2,201.35069444444446,13.286805555555555,1021.2579861111111,,,,22.549999999999997,124.17361111111111,13.32986111111111,,0.7,,1.1,,7.4,170.06944444444446,14.22048611111111,1021.3874999999999,
2024-03-17,,,19.090625000000003,101.45138888888889,13.481597222222222,,1.2,,2.2,,14.0,174.92013888888889,13.434722222222222,1014.0920138888889,,,,25.71254355400697,101.29965156794425,13.398606271777004,,1.9,,2.8,,13.8,159.30313588850174,14.343205574912892,1014.1184668989547,
2024-03-18,,,17.040972222222223,96.38541666666667,13.401041666666666,,1.3,,2.2,,7.4,216.45138888888889,9.510763888888889,1021.4704861111111,,,,21.703472222222224,90.06944444444444,13.270138888888889,,1.8,,2.5,,8.1,99.85069444444444,10.577083333333333,1021.4760416666666,
2024-03-19,,,10.984615384615385,117.79807692307692,14.098076923076924,,1.1,,1.5,,6.5,229.51923076923077,11.131730769230769,1018.9817307692308,,,,19.908333333333335,92.61458333333333,13.215277777777779,,1.6,,2.7,,13.4,254.22916666666666,12.57951388888889,1015.7263888888889,
2024-03-20,,,,,,,,,,,,,,,,,,18.492361111111112,143.89930555555554,13.248958333333333,,2.1,,3.0,,13.1,277.99652777777777,8.599305555555555,1017.7743055555555,
2024-03-21,,,,,,,,,,,,,,,,,,23.750347222222224,147.38194444444446,13.15451388888889,,1.8,,2.7,,8.6,241.0625,8.164930555555555,1018.6878472222221,
2024-03-22,,,,,,,,,,,,,,,,,,27.558188153310105,135.2822299651568,13.109407665505227,,2.0,,2.8,,10.8,203.9198606271777,12.371080139372822,1017.4787456445994,
2024-03-23,,,,,,,,,,,,,,,,,,26.179861111111112,137.47916666666666,13.257638888888888,,2.8,,4.5,,14.0,169.83680555555554,15.318055555555556,1014.142013888889,
2024-03-24,,,,,,,,,,,,,,,,,,34.19340277777778,151.36805555555554,13.386111111111113,,2.4,,3.4,,13.7,31.270833333333332,12.412847222222222,1018.0430555555556,
2024-03-25,,,,,,,,,,,,,,,,,,33.56319444444445,155.76041666666666,13.520833333333334,,3.0,,4.2,,15.5,30.395833333333332,12.044097222222222,1015.6993055555556,
2024-03-26,,,,,,,,,,,,,,,,,,38.34320557491289,169.84668989547038,13.424738675958189,,4.1,,5.6,,15.8,68.21254355400697,9.879442508710802,1016.6121951219512,
2024-03-27,,,,,,,,,,,,,,,,,,36.22152777777777,149.96180555555554,13.568750000000001,,2.2,,3.2,,4.0,234.16319444444446,10.960763888888888,1024.2611111111112,
2024-03-28,,,,,,,,,,,,,,,,,,34.286458333333336,143.88541666666666,13.472916666666666,,3.6,,4.8,,10.3,192.07291666666666,13.362152777777778,1010.5541666666666,
2024-03-29,,,,,,,,,,,,,,,,,,45.6,43.0,13.5,,2.2,,3.1,,5.4,297.0,14.3,1004.7,
2024-03-30,,,,,,,,,,,,,,,,,,27.725783972125438,129.4006968641115,13.45993031358885,,1.8,,2.6,,9.4,243.21254355400697,14.413240418118468,1012.294425087108,
2024-03-31,,,,,,,,,,,,,,,,,,27.810069444444444,146.73263888888889,13.495833333333334,,1.4,,2.3,,8.2,118.83333333333333,13.393402777777778,1011.8774305555556,
2024-04-01,,,,,,,,,,,,,,,,,,25.805902777777778,83.67361111111111,13.561805555555557,,0.5,,1.1,,7.6,236.14583333333334,14.223958333333334,1013.7927083333333,
2024-04-02,,,,,,,,,,,,,,,,,,24.34548611111111,75.48611111111111,13.531597222222222,,0.6,,0.9,,6.4,218.53846153846155,15.084265734265735,1014.7607638888888,
2024-04-03,,,,,,,,,,,,,,,,,,21.206249999999997,141.82291666666666,13.838888888888889,,1.6,,2.2,,10.5,37.37847222222222,12.983333333333333,1006.9045138888889,
2024-04-04,,,,,,,,,,,,,,,,,,27.321951219512194,176.94076655052265,13.977003484320559,,2.0,,3.0,,12.8,31.250871080139373,12.954703832752614,1015.2860627177699,
2024-04-05,,,,,,,,,,,,,,,,,,30.186411149825783,154.25435540069685,14.089547038327526,,1.4,,2.3,,8.9,78.41811846689896,13.140766550522649,1019.8250871080139,
2024-04-06,,,,,,,,,,,,,,,,,,37.669444444444444,139.89930555555554,14.172569444444443,,1.0,,1.5,,5.0,225.42013888888889,13.464583333333334,1018.6479166666666,
2024-04-07,,,,,,,,,,,,,,,,,,40.785714285714285,152.57839721254356,14.136933797909409,,0.4,,0.6,,4.3,246.125,14.875347222222224,1017.1190972222222,
2024-04-08,,,27.320710059171596,142.77514792899407,14.923275862068964,,0.2,,0.4,,3.8,126.16568047337279,16.87455621301775,1015.1668674698795,,,,42.16840277777778,148.96180555555554,14.208680555555555,,0.3,,0.6,,4.3,179.70486111111111,15.137152777777779,1015.6954861111111,
2024-04-09,,,29.187847222222224,173.53125,14.47951388888889,,1.8,,2.4,,14.4,94.00347222222223,12.735416666666667,1021.6670138888888,,,,47.075,171.75694444444446,14.186805555555555,,2.8,,4.4,,14.7,43.729166666666664,12.8125,1021.2222222222222,
2024-04-10,,,25.830208333333335,151.23263888888889,14.894791666666666,,1.5,,2.1,,5.7,214.18402777777777,11.578125,1026.5145833333333,,,,47.321951219512194,143.02787456445992,14.201393728222996,,1.9,,2.9,,6.5,175.30313588850174,11.549128919860626,1026.4912891986062,
2024-04-11,,,21.704513888888886,152.02083333333334,14.96701388888889,,1.1,,1.7,,8.2,230.02083333333334,13.926388888888889,1022.4510416666667,,,,39.73923611111111,145.77777777777777,14.316319444444446,,1.1,,1.6,,6.2,248.40625,13.844097222222222,1022.6298611111112,
2024-04-12,,,22.347916666666666,147.84722222222223,14.967708333333333,,0.7,,1.2,,4.0,212.07986111111111,15.336111111111112,1018.5972222222222,,,,35.98432055749129,158.3205574912892,14.46759581881533,,0.6,,1.0,,4.5,230.74305555555554,15.241666666666667,1018.6979166666666,
2024-04-13,,,19.915277777777778,118.55902777777777,15.25173611111111,,0.3,,0.5,,3.7,240.82291666666666,15.766666666666667,1017.9798611111112,,,,31.473263888888887,136.13194444444446,14.71701388888889,,0.3,,0.7,,2.9,260.1388888888889,15.73263888888889,1018.0340277777777,
2024-04-14,,,14.273170731707316,132.00696864111498,15.278745644599303,,0.4,,0.7,,3.5,218.84027777777777,16.319097222222222,1019.2673611111111,,,,26.47326388888889,119.43402777777777,14.998611111111112,,0.5,,0.9,,3.4,189.97222222222223,15.764236111111112,1019.2694444444444,
2024-04-15,,,16.8125,126.11805555555556,15.376388888888888,,2.1,,3.5,,5.4,234.69444444444446,15.862847222222221,1013.3871527777778,,,,32.46388888888889,77.18402777777777,15.149305555555555,,2.6,,3.3,,5.0,217.10416666666666,15.866666666666667,1013.3760416666667,
2024-04-16,,,16.262717770034843,98.17073170731707,15.060627177700347,,1.4,,2.3,,10.4,200.13240418118468,16.06480836236934,1010.8271777003486,,,,29.836458333333333,92.71875,15.065972222222221,,1.8,,2.6,,9.9,238.26388888888889,15.888194444444444,1011.1472222222224,
2024-04-17,,,21.348056537102472,108.1660777385159,15.366077738515902,,0.5,,0.9,,5.3,218.7137809187279,15.604593639575974,1011.5848056537102,,,,26.218794326241134,68.68794326241135,15.185815602836879,,0.5,,1.0,,4.5,180.51418439716312,16.014893617021276,1011.6039007092198,
2024-04-18,,,22.67719298245614,70.46315789473684,15.882105263157893,,0.8,,1.2,,7.8,182.96842105263158,15.469824561403508,1010.098596491228,,,,31.592605633802815,76.98591549295774,15.722887323943663,,0.8,,1.2,,6.4,161.44561403508771,15.521052631578947,1010.1491228070175,
2024-04-19,,,16.22112676056338,93.91197183098592,16.05387323943662,,0.7,,1.2,,13.3,212.69122807017544,15.963859649122806,1011.8950877192982,,,,29.11232394366197,68.58098591549296,15.775618374558304,,0.7,,1.2,,9.8,226.2605633802817,16.37957746478873,1012.2454225352113,
2024-04-20,,,12.919298245614035,180.86315789473684,15.73263157894737,,1.9,,2.9,,10.7,90.05263157894737,15.494035087719299,1011.700701754386,,,,31.085664335664337,142.6013986013986,15.254195804195804,,1.9,,3.2,,10.7,79.62587412587412,15.158741258741257,1011.6314685314685,
2024-04-21,,,23.55625,193.39930555555554,15.635416666666666,,1.7,,2.7,,9.7,67.39236111111111,15.52638888888889,1010.3850694444445,,,,23.73623693379791,158.14634146341464,15.268292682926829,,1.9,,2.6,,10.9,29.03472222222222,15.223958333333334,1010.0621527777779,
2024-04-22,,,21.166083916083917,184.44405594405595,15.679020979020978,,1.6,,2.3,,11.2,131.8815331010453,15.121951219512194,1013.6292682926828,,,,31.730662020905925,160.33101045296166,15.2191637630662,,2.2,,3.4,,12.6,27.51736111111111,15.184722222222222,1013.1916666666667,
2024-04-23,,,21.843205574912893,180.62717770034843,15.704529616724738,,1.7,,2.7,,13.5,62.43205574912892,14.345296167247389,1012.6303135888503,,,,35.22752613240418,184.14634146341464,15.353310104529616,,2.3,,3.8,,14.3,48.54355400696864,14.369686411149827,1012.0515679442508,
2024-04-24,,,19.35763888888889,140.77777777777777,15.740625000000001,,1.6,,2.7,,9.0,213.61805555555554,13.893055555555556,1007.9395833333333,,,,32.205923344947735,146.5121951219512,15.4801393728223,,1.8,,2.7,,7.8,173.34843205574913,14.41637630662021,1007.9923344947734,
2024-04-26,,,16.828472222222224,166.57986111111111,15.844097222222224,,0.6,,1.0,,10.3,220.64583333333334,15.796875,1009.9576388888888,,,,29.84685314685315,122.73076923076923,15.301748251748252,,0.7,,1.1,,8.5,212.006993006993,15.761538461538462,1010.2227272727273,
2024-04-27,,,22.5734693877551,138.93367346938774,15.63502538071066,,0.4,,0.7,,5.9,230.72081218274113,15.736040609137056,1010.6647959183673,,,,30.942307692307693,109.73076923076923,15.381118881118882,,0.4,,0.6,,5.5,222.46153846153845,16.105594405594406,1010.6377622377623,
2024-04-28,,,23.821180555555557,143.63194444444446,15.542361111111111,,0.9,,1.4,,9.2,149.30902777777777,16.55972222222222,1014.3145833333333,,,,34.003819444444446,129.5,15.579166666666667,,1.3,,1.8,,10.7,125.39930555555556,16.96388888888889,1014.2965277777779,
2024-04-29,,,22.93986013986014,160.54895104895104,15.830769230769231,,1.0,,1.6,,11.5,213.794425087108,14.894076655052267,1010.0599303135889,,,,8.3,80.0,15.4,,0.9,,1.4,,8.9,31.0,15.9,1014.1,
2024-04-30,,,17.431929824561404,162.99298245614034,16.34,,0.9,,1.3,,8.8,170.53310104529618,15.596515679442508,1007.1686411149826,,,,30.005574912891987,124.3588850174216,15.852447552447552,,1.2,,2.0,,10.9,101.28919860627178,15.985365853658537,1007.0738675958189,
2024-05-01,,,16.142013888888886,193.05555555555554,16.390972222222224,,1.3,,2.2,,12.8,113.23611111111111,14.234722222222224,1012.7097222222224,,,,26.387500000000003,196.08333333333334,15.80173611111111,,2.0,,3.1,,13.7,26.760416666666668,14.374652777777776,1012.2902777777776,
2024-05-02,,,13.70418118466899,162.78048780487805,16.293379790940765,,1.1,,1.7,,7.7,200.10069444444446,14.039236111111112,1018.7704861111112,,,,28.109407665505227,130.12543554006967,15.82439024390244,,1.3,,2.2,,7.7,109.03135888501743,14.224041811846691,1018.7275261324041,
2024-05-03,,,13.705902777777778,112.86805555555556,16.78472222222222,,0.7,,1.3,,5.3,245.54513888888889,14.666319444444444,1018.7534722222222,,,,32.00451388888889,115.81597222222223,16.19201388888889,,0.9,,1.3,,3.6,258.4791666666667,15.004166666666666,1018.8263888888889,
2024-05-04,,,15.439583333333335,142.52777777777777,16.679861111111112,,0.4,,0.7,,6.5,233.67013888888889,16.338541666666668,1017.9239583333333,,,,32.984027777777776,116.60763888888889,16.311111111111114,,0.4,,0.7,,3.8,261.0138888888889,16.961111111111112,1018.09375,
2024-05-05,,,19.492682926829268,164.3658536585366,16.948083623693382,,1.7,,2.6,,7.5,202.54006968641116,17.495121951219513,1014.6313588850174,,,,35.23916083916084,119.67832167832168,15.824125874125874,,2.5,,3.2,,6.1,215.1013986013986,17.202097902097904,1014.6755244755245,
2024-05-06,,,17.977430555555557,144.61805555555554,16.132986111111112,,2.4,,3.6,,13.7,205.49305555555554,17.293055555555554,1007.8354166666666,,,,30.03368055555556,119.83333333333333,15.230208333333334,,2.9,,4.5,,10.8,223.41319444444446,16.97326388888889,1008.2809027777779,
2024-05-07,,,25.089930555555554,167.67013888888889,15.222916666666666,,1.3,,1.9,,11.0,190.57291666666666,15.160763888888889,1011.2944444444444,,,,33.15555555555555,156.25347222222223,15.127083333333335,,2.2,,3.3,,11.7,131.66666666666666,14.934027777777779,1011.2861111111112,
2024-05-08,,,26.117421602787456,142.31010452961672,15.953658536585365,,1.9,,2.9,,13.3,183.22996515679444,13.168641114982579,1017.3895470383275,,,,38.08216783216783,159.16083916083917,15.964685314685317,,2.6,,4.6,,12.5,64.18881118881119,13.436363636363637,1017.1776223776224,
2024-05-09,,,23.679513888888888,120.29861111111111,16.041666666666668,,2.0,,2.9,,11.0,231.90277777777777,14.443402777777777,1018.2270833333334,,,,41.56597222222222,129.38541666666666,15.738888888888889,,1.8,,2.6,,9.3,245.39930555555554,14.610763888888888,1018.5152777777779,
2024-05-10,,,24.344097222222224,151.30902777777777,16.081944444444446,,1.0,,1.6,,12.4,200.82291666666666,17.670486111111114,1017.9315972222222,,,,37.26818181818182,127.26923076923077,15.387412587412587,,1.0,,1.5,,10.4,210.14930555555554,17.43402777777778,1018.4142361111111,
2024-05-11,,,28.487762237762237,118.17132867132867,15.143706293706295,,1.5,,2.3,,13.6,202.390243902439,18.371080139372822,1015.0174216027874,,,,42.05644599303136,82.18815331010452,15.295818815331009,,1.6,,2.4,,10.0,223.14634146341464,17.450871080139372,1015.4801393728222,
2024-05-12,,,32.62167832167832,137.7027972027972,14.534965034965035,,1.5,,2.4,,12.1,187.09407665505228,16.898606271777002,1008.9714285714285,,,,33.75505226480836,81.8780487804878,15.442508710801393,,1.8,,3.0,,10.8,218.62717770034843,16.81498257839721,1009.0522648083623,
2024-05-13,,,38.79479166666667,99.15277777777777,15.862152777777778,,0.8,,1.2,,8.7,190.46180555555554,16.338541666666668,1013.9100694444444,,,,42.11388888888889,55.10069444444444,16.048958333333335,,1.0,,1.5,,8.3,163.89583333333334,16.304166666666667,1013.9625000000001,
2024-05-14,,,17.20798611111111,159.70486111111111,16.50347222222222,,0.5,,1.0,,9.2,212.97569444444446,16.29409722222222,1015.5659722222222,,,,50.09930555555556,51.18402777777778,16.503819444444446,,0.7,,1.0,,7.8,243.93402777777777,16.911458333333332,1015.7694444444444,
2024-05-15,,,13.504166666666666,105.80902777777777,16.81076388888889,,0.9,,1.6,,12.0,220.22569444444446,16.96527777777778,1010.1427083333333,,,,53.97291666666667,47.75347222222222,16.554006968641115,,1.1,,1.8,,10.7,222.6875,17.355555555555554,1010.4902777777778,
2024-05-16,,,9.237630662020905,156.37979094076655,16.588850174216027,,1.2,,2.0,,9.9,248.82638888888889,15.780555555555557,1007.8420138888889,,,,31.489583333333332,60.55902777777778,15.505208333333334,,2.3,,3.4,,12.2,243.42708333333334,15.545486111111112,1008.1048611111112,
2024-05-17,,,8.622299651567944,131.39721254355402,16.176655052264806,,1.5,,2.3,,13.8,196.55208333333334,17.352430555555557,1014.5826388888888,,,,35.13784722222223,69.52430555555556,15.3808362369338,,2.0,,2.9,,12.5,219.88888888888889,17.069791666666667,1014.9225694444444,
2024-05-18,,,11.277083333333334,93.73611111111111,16.230555555555554,,0.8,,1.2,,11.5,204.64930555555554,17.797916666666666,1016.5437499999999,,,,37.00659722222222,40.857638888888886,15.637152777777779,,0.6,,1.0,,8.7,216.71875,17.569444444444443,1017.0250000000001,
2024-05-19,,,13.593006993006993,214.43006993006992,16.106993006993008,,0.4,,0.8,,5.7,210.13888888888889,17.816666666666666,1014.6770833333334,,,,35.334146341463416,55.65505226480836,16.10452961672474,,0.4,,0.7,,5.4,233.22299651567945,18.063066202090592,1014.7442508710801,
2024-05-20,,,24.694425087108016,174.72822299651568,16.930313588850176,,0.7,,1.1,,8.7,153.390243902439,17.760278745644598,1015.0055749128919,,,,38.89756097560976,98.90592334494774,16.78362369337979,,0.6,,1.0,,8.3,156.70731707317074,17.877700348432054,1014.9250871080139,
2024-05-21,,,25.194076655052264,187.15331010452962,17.049477351916376,,0.7,,1.2,,11.3,78.5625,16.617361111111112,1020.2989583333333,,,,37.71215277777778,116.54513888888889,17.19826388888889,,1.4,,2.4,,11.5,34.65972222222222,16.75451388888889,1020.0357638888888,
2024-05-22,,,19.950694444444444,148.52430555555554,17.648958333333333,,0.7,,1.1,,6.8,190.60763888888889,16.82465277777778,1016.8118055555556,,,,45.89131944444445,104.67708333333333,17.130208333333332,,0.9,,1.4,,6.3,152.65625,16.84201388888889,1016.9236111111111,
2024-05-23,,,23.253819444444446,170.49652777777777,17.68923611111111,,0.7,,1.2,,10.1,205.55208333333334,18.90972222222222,1009.8173611111112,,,,49.52822299651568,102.38327526132404,16.989198606271774,,0.7,,1.2,,7.4,206.07291666666666,18.761458333333334,1010.032638888889,
2024-05-24,,,25.52508710801394,188.62717770034843,16.970383275261323,,0.9,,1.4,,11.8,81.01736111111111,17.856944444444444,1012.7552083333334,,,,38.50208333333333,125.0,17.321180555555557,,1.8,,2.8,,10.1,73.28125,17.854166666666668,1012.6881944444444,
2024-05-25,,,31.463541666666668,205.86458333333334,17.85763888888889,,0.8,,1.3,,8.3,68.31944444444444,17.602777777777778,1017.8156250000001,,,,43.34791666666667,107.86458333333333,17.72152777777778,,1.1,,1.7,,8.5,32.64930555555556,17.586111111111112,1017.5868055555555,
2024-05-26,,,11.3,54.0,18.1,,0.6,,0.7,,4.2,19.0,17.0,1016.6,,,,48.19233449477352,86.88850174216027,17.534146341463416,,1.5,,2.1,,12.6,199.93055555555554,18.351041666666667,1009.7510416666667,
2024-05-27,,,31.910069444444446,162.88888888888889,17.36388888888889,,1.9,,2.6,,9.4,234.81944444444446,21.196180555555557,1001.9281249999999,,,,39.810069444444444,104.75,17.294791666666665,,1.9,,2.8,,11.5,240.32986111111111,20.382291666666667,1002.1947916666666,
2024-05-28,,,14.901041666666666,215.18402777777777,17.10590277777778,,1.4,,2.3,,13.1,152.90277777777777,18.435416666666665,1005.0371527777778,,,,35.05381944444444,145.5,17.203472222222224,,2.6,,3.7,,13.7,85.48958333333333,18.308680555555554,1004.8975694444445,
2024-05-29,,,28.452083333333334,117.05902777777777,17.638194444444444,,1.1,,1.8,,8.8,238.375,16.990625,1012.9166666666666,,,,45.47282229965157,86.91289198606272,17.62020905923345,,1.2,,1.9,,8.1,254.3658536585366,17.12369337979094,1013.1013937282229,
2024-05-30,,,10.709407665505227,190.09407665505228,18.225783972125438,,0.5,,0.8,,5.0,225.63194444444446,18.203125,1011.7767361111112,,,,37.5,242.0,17.5,,0.5,,0.6,,1.1,340.0,16.8,1013.6,
2024-05-31,,,19.096515679442508,122.19163763066202,17.678397212543555,,0.6,,0.9,,9.0,198.83623693379792,18.729616724738676,1009.0961672473867,,,,45.89826388888889,72.85069444444444,17.602083333333333,,0.6,,0.9,,7.8,221.16319444444446,18.825694444444444,1009.3618055555556,
2024-06-01,,,15.65261324041812,149.98954703832752,17.718466898954702,,0.5,,0.9,,6.6,152.85763888888889,19.125,1009.7604166666666,,,,48.99651567944251,58.815331010452965,17.94773519163763,,0.7,,1.1,,5.8,130.57142857142858,19.55679442508711,1009.7783972125436,
2024-06-02,,,15.18701754385965,147.83508771929826,18.176491228070176,,0.7,,1.0,,6.6,108.01041666666667,18.221874999999997,1010.7302083333333,,,,45.78993055555556,41.864583333333336,18.485069444444445,,0.7,,1.2,,5.9,105.92361111111111,18.470138888888886,1010.7381944444444,
2024-06-03,,,27.62847222222222,200.11458333333334,18.751388888888886,,0.9,,1.6,,9.6,59.736111111111114,18.208680555555556,1012.0815972222222,,,,38.325,98.71875,18.662847222222222,,1.0,,4.3,,9.1,118.87152777777777,18.140625,1012.0559027777776,
2024-06-04,,,26.603472222222223,184.4375,19.274305555555557,,0.8,,1.3,,10.3,187.22569444444446,18.125347222222224,1016.4038194444444,,,,49.33797909407666,102.67247386759581,18.853658536585368,,1.1,,2.0,,9.4,115.35191637630662,18.246689895470382,1016.4010452961671,
2024-06-05,,,24.797916666666666,181.34375,19.625347222222224,,0.6,,1.1,,5.6,148.17361111111111,18.069444444444443,1019.5746527777778,,,,52.221180555555556,95.82291666666667,19.106944444444444,,1.0,,1.4,,5.7,128.45138888888889,18.239583333333332,1019.5,
2024-06-06,,,33.240624999999994,192.1875,19.304166666666667,,0.9,,1.5,,4.5,191.05902777777777,19.305555555555557,1017.8552083333333,,,,54.92717770034843,86.57839721254355,18.914285714285715,,0.9,,1.5,,5.5,174.6376306620209,19.281881533101043,1017.8763066202091,
2024-06-07,,,27.577777777777776,131.43055555555554,18.94201388888889,,0.5,,0.8,,6.2,206.82986111111111,19.68298611111111,1014.6329861111111,,,,54.66689895470383,116.4390243902439,18.590592334494772,,0.5,,0.7,,3.9,217.80902777777777,19.686111111111114,1014.7788194444444,
2024-06-08,,,33.41493055555556,165.14930555555554,18.496180555555554,,0.7,,1.2,,6.0,212.76041666666666,19.430208333333333,1011.3677083333334,,,,54.627526132404185,129.55052264808361,18.236585365853657,,0.8,,1.3,,6.2,184.89198606271776,19.220209059233447,1011.4243902439024,
2024-06-09,,,30.20313588850174,164.4878048780488,18.03170731707317,,1.7,,2.3,,4.8,134.82986111111111,34.42534722222222,1008.3482638888888,,,,57.00590277777778,89.81944444444444,18.3375,,1.4,,2.4,,4.4,108.04166666666667,19.196180555555557,1008.3375000000001,
2024-06-10,,,16.90625,169.88541666666666,17.86111111111111,,0.8,,1.1,,12.0,200.42361111111111,37.56006944444445,1007.6409722222221,,,,46.82152777777778,99.58680555555556,17.63888888888889,,0.8,,1.2,,9.6,219.94791666666666,19.378819444444446,1008.0215277777778,
2024-06-11,,,12.879020979020979,156.71678321678323,16.932517482517483,,0.8,,1.2,,11.4,187.6853146853147,34.743706293706296,1006.7381118881118,,,,52.63090277777778,63.28472222222222,17.63576388888889,,0.7,,1.2,,9.4,213.75694444444446,19.59548611111111,1007.2319444444444,
2024-06-12,,,22.453819444444445,152.81597222222223,16.080555555555556,,0.5,,0.8,,9.8,185.97569444444446,35.77777777777778,1005.0135416666667,,,,61.00555555555555,48.24305555555556,17.915972222222223,,0.5,,1.0,,8.5,214.54513888888889,19.97222222222222,1005.3125,
2024-06-13,,,17.563763066202092,163.7212543554007,16.089895470383276,,0.4,,1.1,,4.9,188.90277777777777,36.126736111111114,1004.6204861111112,,,,66.76458333333333,44.35069444444444,18.45138888888889,,0.4,,0.7,,4.4,207.69097222222223,21.621875000000003,1004.6958333333334,
2024-06-14,,,10.914236111111112,154.25347222222223,17.419791666666665,,0.4,,0.6,,6.6,206.88194444444446,36.76006944444444,1006.1097222222221,,,,63.869791666666664,46.763888888888886,18.94027777777778,,0.5,,0.8,,5.1,221.06597222222223,21.67638888888889,1006.2621527777778,
2024-06-15,,,17.153125000000003,165.43402777777777,18.518749999999997,,0.5,,1.0,,9.4,167.13541666666666,37.87847222222222,1003.4697916666667,,,,60.91180555555555,41.85069444444444,19.60486111111111,,0.5,,0.9,,7.0,181.18402777777777,22.36111111111111,1003.6135416666667,
2024-06-16,,,16.494097222222223,209.26736111111111,19.276041666666668,,0.6,,0.9,,8.3,199.28125,38.04375,1005.3336805555555,,,,52.83888888888889,43.954861111111114,20.23784722222222,,0.6,,0.8,,7.4,196.68402777777777,22.216319444444444,1005.4690972222221,
2024-06-17,,,13.422222222222222,166.78819444444446,19.419791666666665,,0.6,,0.9,,8.0,235.4375,30.726041666666667,1007.8663194444445,,,,52.01076388888889,46.513888888888886,19.68923611111111,,0.7,,1.2,,8.0,223.14583333333334,21.74375,1008.0354166666667,
2024-06-18,,,16.116319444444443,158.74652777777777,18.564930555555556,,0.6,,1.1,,6.9,201.28472222222223,30.52951388888889,1005.8166666666667,,,,60.65625,44.91319444444444,19.87152777777778,,0.7,,1.1,,6.5,222.07291666666666,22.304513888888888,1006.0229166666666,
2024-06-19,,,23.378745644599302,162.8885017421603,17.777003484320556,,0.8,,1.1,,10.1,201.52777777777777,27.989930555555556,1008.4618055555555,,,,58.630208333333336,54.229166666666664,19.624652777777776,,0.6,,1.0,,8.0,209.53819444444446,22.331249999999997,1008.7423611111111,
2024-06-20,,,26.285416666666666,155.55208333333334,17.27951388888889,,1.4,,2.1,,7.5,160.47916666666666,37.77986111111111,1006.5659722222222,,,,56.657291666666666,87.04513888888889,19.18576388888889,,1.4,,2.0,,7.7,159.91666666666666,21.15277777777778,1006.6642361111111,
2024-06-21,,,35.92264808362369,158.41811846689896,18.78745644599303,,1.7,,2.4,,5.1,142.39583333333334,39.47777777777778,1003.9715277777777,,,,65.66944444444444,93.57638888888889,20.196527777777778,,1.5,,2.4,,3.9,146.59375,22.09861111111111,1004.0406250000001,
2024-06-22,,,36.62404181184669,153.89198606271776,18.582578397212544,,1.8,,2.9,,10.9,198.9616724738676,39.541463414634144,1000.7522648083625,,,,66.85400696864112,80.23344947735191,19.87317073170732,,2.2,,3.3,,11.6,215.23693379790942,21.599999999999998,1000.9655052264808,
2024-06-23,,,36.35208333333333,139.56944444444446,17.311458333333334,,1.5,,2.4,,10.4,192.77083333333334,39.53854166666667,998.578125,,,,50.515625,96.44791666666667,17.54513888888889,,1.6,,2.5,,9.8,212.52083333333334,20.41909722222222,998.938888888889,
2024-06-24,,,19.288850174216027,114.55052264808363,16.593031358885018,,1.0,,1.5,,10.9,196.19444444444446,39.51145833333334,1003.6142361111112,,,,53.297222222222224,120.5,16.68298611111111,,1.2,,2.0,,10.6,217.81944444444446,19.84201388888889,1004.2319444444444,
2024-06-25,,,22.583680555555556,179.38888888888889,16.27951388888889,,0.9,,1.5,,9.1,217.92013888888889,27.430902777777778,1009.7243055555555,,,,51.701388888888886,116.32986111111111,16.383333333333333,,1.1,,1.6,,7.3,209.01388888888889,20.537152777777777,1009.9559027777777,
2024-06-26,,,11.1,52.0,16.9,,0.5,,0.7,,1.2,320.0,19.6,1013.4,,,,46.74055944055944,119.2867132867133,16.38076923076923,,0.9,,1.4,,4.2,229.51048951048952,20.865734265734268,1015.351048951049,
2024-06-27,,,19.721180555555556,176.10069444444446,16.716319444444444,,0.5,,0.8,,3.9,219.1875,35.692013888888894,1013.1611111111112,,,,43.77272727272727,130.7237762237762,16.495104895104895,,0.6,,1.0,,4.8,166.67482517482517,19.066433566433567,1013.1818181818181,
2024-06-28,,,18.64738675958188,161.01393728222996,16.437630662020908,,0.5,,0.9,,6.2,190.44599303135888,39.47456445993031,1008.3017421602786,,,,42.59651567944251,88.74216027874564,17.582229965156795,,0.5,,0.8,,5.2,180.82578397212544,20.42822299651568,1008.4477351916377,
2024-06-29,,,14.84390243902439,130.66898954703834,16.73484320557491,,1.7,,2.5,,13.4,188.01041666666666,39.45173611111111,1007.1270833333333,,,,55.440418118466894,46.99651567944251,18.08432055749129,,2.2,,3.0,,13.4,214.18118466898954,20.822648083623694,1007.3836236933797,
2024-06-30,,,14.992708333333333,112.82291666666667,15.222222222222221,,2.0,,3.4,,14.0,194.08680555555554,39.56840277777778,1000.4940972222222,,,,38.7,55.0,17.1,,1.9,,2.7,,10.3,220.0,20.7,1003.3,
2024-07-01,,,15.805208333333333,184.07638888888889,15.039930555555555,,1.3,,2.0,,9.9,186.58333333333334,39.56944444444444,1003.5590277777778,,,,35.468989547038326,63.36585365853659,15.676655052264808,,1.6,,2.5,,8.5,219.09059233449477,19.220905923344947,1003.9108013937283,
2024-07-02,,,19.109756097560975,168.42160278745644,14.496515679442508,,1.1,,1.9,,10.2,144.60627177700349,39.58432055749129,1007.8961672473868,,,,46.19151943462898,79.64310954063605,16.26996466431095,,1.1,,1.9,,7.7,151.75704225352112,19.867605633802814,1008.0260563380283,
2024-07-03,,,17.645454545454548,131.53146853146853,13.776573426573426,,6.8,,19.6,,10.3,189.60627177700349,39.5390243902439,1009.6118466898954,,,,39.70530035335689,93.09540636042402,14.863250883392228,,1.5,,2.3,,11.6,218.2791519434629,19.947349823321556,1010.0533568904593,
2024-07-04,,,21.62847222222222,155.07291666666666,12.935416666666667,,1.0,,1.8,,11.3,186.14236111111111,39.55347222222222,1008.4534722222221,,,,44.109756097560975,105.0801393728223,14.017421602787456,,1.0,,1.6,,9.4,215.13588850174216,19.53344947735192,1009.0372822299652,
2024-07-05,,,25.832404181184668,119.91637630662021,11.993031358885018,,1.0,,1.9,,11.7,182.28819444444446,39.451388888888886,1004.923263888889,,,,46.42777777777778,104.85416666666667,13.684375,,1.1,,1.7,,10.4,219.95486111111111,19.144444444444446,1005.7118055555555,
2024-07-06,,,25.13170731707317,134.53310104529618,11.701393728222998,,1.2,,1.9,,11.2,186.57142857142858,39.534843205574916,1006.5522648083623,,,,46.216724738675964,101.15679442508711,13.967944250871081,,1.2,,1.7,,9.7,219.8780487804878,19.626132404181185,1007.212543554007,
2024-07-07,,,28.281944444444445,94.52083333333333,11.387152777777779,,1.1,,2.0,,10.7,192.93055555555554,39.44236111111111,1006.0104166666666,,,,42.36783216783217,90.9055944055944,13.58986013986014,,1.2,,1.9,,10.2,221.23776223776224,19.596853146853146,1006.7804195804197,
2024-07-08,,,27.654703832752613,116.87456445993031,11.000696864111498,,1.1,,1.5,,9.6,181.0487804878049,39.57665505226481,1005.1383275261325,,,,39.73017543859649,85.25263157894737,14.407719298245613,,1.1,,1.8,,10.3,229.84912280701755,19.65017543859649,1005.78,
2024-07-09,,,22.92090592334495,157.45296167247386,10.597909407665504,,1.4,,2.1,,8.9,202.53310104529618,39.59233449477352,1006.0104529616725,,,,42.42902097902098,71.73426573426573,14.620279720279719,,1.3,,2.1,,10.5,229.3041958041958,20.301748251748254,1006.236013986014,
2024-07-10,,,27.561672473867596,143.8397212543554,10.790243902439025,,1.7,,2.6,,14.9,154.14930555555554,39.597569444444446,1001.7993055555556,,,,54.98606271777003,71.39372822299651,14.511846689895469,,1.9,,2.7,,13.9,170.3554006968641,19.73554006968641,1002.0184668989547,
2024-07-11,,,20.545644599303138,179.49477351916377,11.525435540069687,,1.1,,1.6,,4.8,188.4006968641115,39.5808362369338,1002.7644599303137,,,,43.332867132867136,63.87412587412587,15.917832167832168,,1.1,,1.8,,4.9,161.16376306620208,19.822299651567945,1002.8696864111497,
2024-07-12,,,19.44826388888889,171.93055555555554,12.561805555555557,,0.6,,0.8,,5.8,205.89236111111111,37.895833333333336,1002.8107638888889,,,,45.56458333333333,49.625,16.572222222222223,,0.6,,1.0,,5.3,221.67708333333334,20.73090277777778,1002.9118055555555,
2024-07-13,,,19.877700348432054,167.14634146341464,13.026480836236933,,0.6,,0.8,,4.0,124.98263888888889,39.493750000000006,1007.2871527777778,,,,36.52762237762238,81.58391608391608,17.00034965034965,,0.7,,1.1,,4.7,74.1951219512195,20.450174216027875,1007.2494773519163,
2024-07-14,,,20.762500000000003,184.59027777777777,14.603819444444444,,0.9,,1.6,,5.9,152.96875,39.53784722222222,1010.9097222222222,,,,52.74722222222223,39.56597222222222,19.202777777777776,,1.0,,1.4,,6.4,97.84027777777777,21.392708333333335,1010.8170138888888,
2024-07-15,,,19.55034722222222,203.95138888888889,17.383680555555557,,0.7,,1.1,,6.5,45.083333333333336,39.51840277777777,1013.1170138888889,,,,44.43275261324042,43.038327526132406,20.937282229965156,,1.0,,1.8,,6.7,24.222996515679444,21.017073170731706,1013.0285714285715,
2024-07-16,,,18.62986111111111,172.375,20.194097222222222,,0.9,,1.4,,8.3,156.4375,39.317708333333336,1012.8729166666667,,,,37.63298611111111,51.71180555555556,20.543750000000003,,0.9,,1.2,,8.1,133.13541666666666,22.025694444444444,1012.9791666666666,
2024-07-17,,,19.515972222222224,170.86111111111111,18.47951388888889,,0.8,,1.2,,9.2,194.88194444444446,39.494791666666664,1011.2083333333334,,,,48.00416666666667,67.84722222222223,19.8375,,0.6,,1.1,,8.3,222.63888888888889,22.373611111111114,1011.577543859649,
2024-07-18,,,22.088541666666668,177.02430555555554,15.72048611111111,,1.4,,2.2,,10.7,193.45138888888889,39.51423611111111,1006.5555555555555,,,,62.467247386759574,46.386759581881535,19.40836236933798,,1.2,,1.8,,10.9,222.96864111498257,22.617421602787456,1007.0167247386759,
2024-07-19,,,20.427526132404182,174.05923344947735,14.578397212543553,,1.0,,1.5,,9.4,196.2334494773519,38.767247386759585,1006.3233449477351,,,,61.00209059233449,42.98606271777003,19.40313588850174,,1.1,,5.3,,8.9,221.93379790940767,22.486411149825784,1006.3927884615385,
2024-07-20,,,19.53240418118467,164.0871080139373,15.91672473867596,,1.0,,1.4,,11.3,187.6341463414634,39.3390243902439,1008.9780487804878,,,,51.390625,70.74305555555556,18.364930555555556,,0.8,,1.4,,10.0,220.4375,22.589583333333334,1009.5304347826087,
2024-07-21,,,23.173263888888886,158.5625,15.42673611111111,,0.9,,1.3,,9.5,188.94097222222223,38.57222222222222,1008.5934027777779,,,,57.611149825783976,88.07317073170732,17.62787456445993,,0.7,,1.3,,9.7,219.53125,22.238194444444446,1008.857894736842,
2024-07-22,,,20.657491289198607,163.8432055749129,15.41080139372822,,0.6,,1.0,,9.6,193.92013888888889,39.46319444444444,1008.5784722222221,,,,57.21111111111111,92.18402777777777,17.547222222222224,,0.7,,1.0,,9.8,223.01041666666666,22.412847222222222,,
2024-07-23,,,22.27847222222222,160.67708333333334,14.668750000000001,,0.7,,1.1,,9.7,184.79861111111111,39.46458333333334,1006.3854166666666,,,,54.46215277777778,103.92708333333333,16.772916666666667,,0.6,,0.9,,9.0,227.63541666666666,22.197222222222223,,
2024-07-24,,,21.2125,178.23611111111111,13.535763888888889,,0.7,,1.0,,11.4,193.51736111111111,39.492361111111116,1006.4250000000001,,,,54.498958333333334,94.76736111111111,17.128819444444446,,0.6,,1.0,,12.0,222.38541666666666,21.870833333333334,,
2024-07-25,,,21.86794425087108,173.56445993031357,13.47595818815331,,0.9,,1.2,,6.8,204.30208333333334,39.404513888888886,1007.8093749999999,,,,53.526480836236935,109.14634146341463,16.65121951219512,,1.2,,1.7,,5.3,233.95486111111111,24.49722222222222,,
2024-07-26,,,17.945644599303133,175.79094076655053,13.718815331010454,,1.4,,2.1,,4.6,205.83333333333334,39.442708333333336,1012.5138888888889,,,,61.30836236933798,61.850174216027874,19.406968641114982,,1.8,,2.7,,7.2,208.72822299651568,25.771080139372824,,
2024-07-27,,,14.9,189.0,13.0,,0.9,,1.2,,3.3,192.0,39.5,1015.7,,,,56.60104166666667,100.76041666666667,18.907291666666666,,2.0,,3.0,,7.0,234.99652777777777,24.453472222222224,,
2024-07-28,,,22.133449477351917,183.6794425087108,14.047386759581881,,1.1,,1.5,,9.4,198.03819444444446,37.79756944444445,1014.8204861111111,,,,62.76689895470383,63.05226480836237,19.14738675958188,,1.2,,1.7,,8.2,222.4738675958188,23.682926829268293,,
2024-07-29,,,19.709756097560977,174.85365853658536,14.077351916376307,,0.9,,1.3,,8.7,192.44791666666666,39.48923611111111,1009.5913194444444,,,,75.52256944444444,39.763888888888886,20.808333333333334,,0.8,,1.4,,9.5,218.57986111111111,24.281944444444445,,
2024-07-30,,,18.799305555555556,185.57986111111111,14.795486111111112,,0.8,,1.2,,7.3,179.02777777777777,36.78819444444444,1006.9597222222224,,,,56.39895833333333,39.31944444444444,18.816319444444446,,0.7,,1.0,,8.7,222.36805555555554,24.657638888888886,,
2024-07-31,,,19.50451388888889,171.875,15.183680555555554,,0.7,,1.1,,8.1,195.42013888888889,38.373958333333334,1006.748611111111,,,,36.7,21.0,17.9,,0.5,,0.8,,0.3,231.0,25.6,,
2024-08-01,,,20.645644599303136,183.68641114982577,14.807317073170731,,0.7,,1.1,,9.3,201.72822299651568,38.63275261324042,1005.374912891986,,,,64.03333333333333,55.93055555555556,19.70798611111111,,0.6,,0.9,,8.1,219.76388888888889,24.210763888888888,,
2024-08-02,,,20.033680555555556,166.78819444444446,14.519097222222221,,0.6,,0.9,,10.1,193.79166666666666,38.089930555555554,1004.7013888888889,,,,67.22682926829268,54.78745644599303,20.628571428571426,,0.5,,0.8,,8.2,217.09027777777777,24.71423611111111,,
2024-08-03,,,19.404166666666665,176.00694444444446,15.991319444444445,,0.7,,0.9,,5.5,185.32986111111111,37.69305555555556,1007.0416666666666,,,,53.06724738675958,93.67247386759581,19.62822299651568,,0.5,,0.7,,6.0,222.70486111111111,25.670833333333334,,
2024-08-04,,,28.35659722222222,174.02430555555554,16.7875,,0.5,,0.7,,5.8,121.33333333333333,31.00590277777778,1008.8118055555556,,,,55.538327526132406,72.78745644599303,20.532752613240415,,0.4,,0.8,,6.2,43.385416666666664,24.225,,
2024-08-05,,,26.314930555555556,147.39930555555554,22.18298611111111,,0.8,,1.1,,4.9,118.79861111111111,26.835069444444443,1008.9302083333334,,,,72.54703832752614,58.76306620209059,27.385714285714286,,1.0,,1.6,,5.0,42.52777777777778,27.769791666666666,1008.3152046783625,
2024-08-06,,,22.63135888501742,158.60627177700349,24.967247386759585,,0.8,,1.3,,3.9,175.24738675958187,27.613937282229966,1008.2344947735191,,,,57.939372822299646,90.5993031358885,25.88951048951049,,1.0,,1.4,,3.8,140.44599303135888,27.519163763066203,1008.0745644599303,
2024-08-07,,,20.755052264808363,144.7665505226481,25.321602787456445,,0.7,,1.0,,3.8,234.55555555555554,27.361458333333335,1006.6881944444444,,,,42.74236111111111,89.66666666666667,26.464583333333334,,0.9,,1.4,,3.0,230.39583333333334,28.371875000000003,1006.6017361111111,
2024-08-08,,,21.834146341463413,124.07665505226481,25.182229965156797,,0.4,,0.7,,9.6,229.96875,27.265625,1004.6326388888889,,,,40.33819444444444,75.58680555555556,25.093055555555555,,0.6,,0.8,,10.5,205.82291666666666,27.602777777777778,1004.5357638888888,
2024-08-09,,,18.570731707317073,128.54355400696863,24.198606271777003,,0.4,,0.6,,4.6,154.93402777777777,27.127083333333335,1004.5934027777779,,,,36.93472222222223,94.88194444444444,25.143749999999997,,0.4,,0.8,,3.8,119.25694444444444,27.193055555555556,1004.4659722222223,
2024-08-10,,,20.811458333333334,133.01736111111111,24.76840277777778,,0.5,,0.8,,6.5,143.47222222222223,27.029861111111114,1004.6760416666667,,,,54.278819444444444,65.74652777777777,27.412152777777777,,0.6,,1.0,,5.7,132.42708333333334,27.686805555555555,1004.4895833333334,
2024-08-11,,,14.064583333333333,181.22222222222223,25.84652777777778,,1.1,,1.6,,4.9,119.15277777777777,27.508333333333333,1004.3447916666667,,,,36.355555555555554,88.44791666666667,26.908333333333335,,1.1,,1.7,,5.7,96.70486111111111,27.919444444444444,1004.1395833333333,
2024-08-12,,,17.249825783972124,213.29965156794424,27.469337979094075,,1.1,,1.9,,7.3,162.09722222222223,27.576736111111114,1005.5597222222223,,,,39.81944444444444,89.53819444444444,27.681597222222223,,1.2,,1.8,,7.6,119.90277777777777,27.844791666666666,1005.329513888889,
2024-08-13,,,14.867708333333333,221.99305555555554,28.725694444444443,,1.2,,1.9,,10.3,164.68402777777777,27.928472222222222,1008.376388888889,,,,35.076388888888886,90.46180555555556,29.119444444444444,,1.6,,2.3,,9.9,47.951388888888886,28.272916666666667,1008.1121527777777,
2024-08-14,,,12.382638888888888,166.06944444444446,29.30277777777778,,1.1,,1.6,,10.7,150.38888888888889,28.125347222222224,1008.6975694444445,,,,29.504195804195806,91.50699300699301,29.261888111888112,,1.4,,2.3,,9.7,55.930313588850176,28.29581881533101,1008.4487804878048,
2024-08-15,,,11.705208333333333,158.32638888888889,29.505555555555556,,0.9,,1.6,,9.2,145.45138888888889,27.901041666666668,1008.4878472222222,,,,35.770833333333336,72.80555555555556,29.68506944444444,,1.3,,1.9,,9.3,26.22222222222222,28.216319444444444,1008.2100694444445,
2024-08-16,,,13.599652777777777,157.20138888888889,29.66597222222222,,1.0,,1.7,,9.3,150.12152777777777,28.430208333333333,1009.0753472222223,,,,49.85381944444444,101.84027777777777,29.85451388888889,,1.2,,1.8,,8.7,102.76388888888889,28.613888888888887,1008.8687500000001,
2024-08-17,,,21.9,155.13541666666666,29.93993055555556,,0.8,,1.4,,7.9,145.52083333333334,28.52048611111111,1010.938888888889,,,,55.307291666666664,106.14236111111111,29.72673611111111,,1.2,,1.6,,7.7,99.98611111111111,28.663194444444443,1010.7791666666667,
2024-08-18,,,26.61423611111111,215.98958333333334,29.76319444444444,,0.9,,1.5,,7.6,128.44791666666666,28.322916666666668,1010.7336805555556,,,,44.99166666666667,86.84375,29.561111111111114,,1.2,,2.5,,7.8,69.68402777777777,28.673958333333335,1010.5079861111111,
2024-08-19,,,27.791666666666668,175.71875,29.105555555555554,,1.2,,1.8,,7.4,155.1875,28.771874999999998,1009.5232638888889,,,,45.86794425087108,106.96515679442508,29.128571428571426,,1.3,,1.8,,8.1,121.1875,28.99930555555555,1009.3343749999999,
2024-08-20,,,32.708362369337976,87.99303135888502,27.013588850174216,,2.2,,3.2,,13.9,184.01045296167248,28.328919860627177,1010.8714285714285,,,,62.333797909407664,79.05574912891986,27.162020905923345,,2.1,,2.9,,13.7,192.12543554006967,28.7588850174216,1010.7313588850175,
2024-08-21,,,30.571875000000002,105.72916666666667,21.631597222222222,,2.3,,3.1,,13.6,195.53472222222223,25.51840277777778,1010.8048611111111,,,,74.55917159763314,48.59171597633136,24.087573964497043,,2.3,,2.9,,14.4,215.5680473372781,27.271005917159766,1011.4733727810651,
2024-08-22,,,30.037959183673472,142.68979591836734,17.04612244897959,,1.2,,1.9,,9.0,201.11020408163265,24.03469387755102,1007.8828571428571,,,,,,,,,,,,,,,,
2024-08-23,,,,,,,,,,,,,,,,,,,,,,,,,,,,,,
2024-08-24,,,,,,,,,,,,,,,,,,,,,,,,,,,,,,
2024-08-25,,,,,,,,,,,,,,,,,,,,,,,,,,,,,,
2024-08-26,,,25.09256198347107,175.86776859504133,18.28677685950413,,0.4,,0.6,,3.5,119.22131147540983,25.27704918032787,1006.7622950819672,,,,,,,,,,,,,,,,
2024-08-27,,,19.5,326.0,18.2,,0.2,,0.5,,2.7,318.0,23.9,1006.3,,,,30.316666666666666,81.31360946745562,24.939644970414204,,1.7,,2.4,,10.7,27.105882352941176,24.42058823529412,1006.5770588235295,
2024-08-28,,,25.24513888888889,221.45486111111111,22.713541666666668,,1.7,,2.5,,11.7,19.30902777777778,26.07638888888889,1007.8545138888888,,,,40.54340277777778,110.71527777777777,26.704166666666666,,2.4,,3.5,,12.3,23.680555555555557,26.299999999999997,1007.2555555555555,
2024-08-29,,,20.787152777777777,156.36111111111111,25.054166666666667,,3.2,,4.9,,15.0,21.604166666666668,27.55034722222222,1003.3524305555555,,,,45.78188153310104,191.12543554006967,25.857142857142858,,2.9,,4.3,,15.3,26.885017421602786,27.31114982578397,1002.6930313588852,
2024-08-30,,,27.70486111111111,180.73958333333334,25.791319444444444,,2.7,,4.2,,14.0,177.69444444444446,27.8125,1002.142013888889,,,,49.62916666666667,182.98263888888889,26.04236111111111,,3.6,,5.0,,12.6,37.44444444444444,27.835069444444443,1001.9364583333333,
2024-08-31,,,15.886805555555554,123.18402777777777,26.233680555555555,,1.2,,1.8,,9.2,180.93402777777777,26.366666666666667,1006.6725694444444,,,,27.2,57.0,26.0,,1.0,,1.4,,2.6,8.0,27.4,1004.1,
2024-09-01,,,25.13888888888889,98.39236111111111,26.617361111111112,,0.8,,1.5,,5.1,219.87847222222223,26.20763888888889,1008.1579861111111,,,,52.71145833333333,76.65277777777777,27.106250000000003,,1.1,,1.7,,4.5,216.97916666666666,26.73159722222222,1008.0930555555556,
2024-09-02,,,16.479094076655052,157.97909407665506,26.74808362369338,,0.5,,0.9,,7.1,188.01742160278746,26.944947735191636,1009.3087108013937,,,,47.303124999999994,83.19444444444444,27.206249999999997,,0.7,,1.0,,7.1,160.87847222222223,27.26215277777778,1009.2121527777776,
2024-09-03,,,25.415277777777778,172.41666666666666,26.860763888888886,,1.1,,1.6,,12.0,171.25,25.29409722222222,1012.592361111111,,,,40.640277777777776,128.11111111111111,27.041319444444444,,1.7,,2.5,,12.3,28.680555555555557,25.634375,1012.2118055555555,
2024-09-04,,,19.493055555555557,190.89236111111111,27.163194444444443,,0.9,,1.6,,7.9,197.39583333333334,25.340625000000003,1010.9649305555556,,,,37.15087108013937,100.2787456445993,26.73693379790941,,1.2,,1.9,,9.0,93.21180555555556,25.844444444444445,1010.6791666666666,
2024-09-05,,,22.67630662020906,120.17770034843205,27.309059233449478,,0.7,,1.2,,10.6,241.404181184669,26.117421602787456,1008.3595818815331,,,,48.0625,46.670138888888886,27.36875,,0.8,,1.4,,8.0,252.25,26.420833333333334,1008.4472222222222,
2024-09-06,,,15.897814207650274,111.82513661202186,27.42622950819672,,0.6,,0.9,,7.4,156.2622950819672,27.121311475409836,1010.5043715846994,,,,42.80601092896175,47.2896174863388,26.927868852459017,,0.6,,1.0,,6.6,131.87431693989072,27.075409836065575,1010.4284153005464,
2024-09-07,,,16.608275862068965,110.95172413793104,27.698630136986303,,0.6,,1.0,,5.1,201.60689655172413,27.62896551724138,1013.8993103448275,,,,44.59655172413793,34.813793103448276,27.65753424657534,,0.8,,1.3,,5.1,209.5448275862069,27.755172413793105,1013.851724137931,
2024-09-08,,,14.705208333333335,144.99652777777777,27.623958333333334,,0.5,,0.9,,7.1,138.75694444444446,27.072569444444444,1014.1645833333334,,,,40.508391608391605,78.97902097902097,27.602447552447554,,0.7,,1.4,,8.2,90.02097902097903,27.22902097902098,1014.0101398601399,
2024-09-09,,,13.706271777003483,222.56794425087108,27.926480836236934,,0.8,,1.4,,8.4,135.18466898954705,27.461672473867594,1014.0372822299652,,,,38.671080139372826,54.80487804878049,28.064111498257837,,1.3,,1.7,,8.4,29.689895470383274,27.689547038327525,1013.7310104529616,
2024-09-10,,,17.833566433566432,145.22027972027973,28.244055944055944,,0.8,,1.4,,6.3,193.8181818181818,27.705244755244756,1014.2188811188811,,,,49.93414634146342,90.92334494773519,28.201393728222996,,0.9,,1.5,,7.3,73.12543554006969,27.928571428571427,1014.0003484320557,
2024-09-11,,,41.69512195121951,212.87108013937282,28.13275261324042,,0.5,,0.8,,5.1,217.6376306620209,27.94773519163763,1016.522299651568,,,,44.546341463414635,81.97909407665506,28.348083623693377,,0.7,,1.1,,5.8,187.9268292682927,28.09686411149826,1016.415331010453,
2024-09-12,,,34.85435540069687,199.609756097561,28.263414634146343,,0.6,,0.9,,7.2,134.21602787456445,27.62404181184669,1015.8700348432056,,,,48.3027972027972,107.60839160839161,28.277972027972027,,0.8,,1.5,,6.4,71.6993006993007,27.958391608391608,1015.7314685314685,
2024-09-13,,,24.00979020979021,217.33916083916083,28.405594405594407,,0.6,,0.9,,5.2,170.37630662020905,28.15505226480836,1010.4975609756098,,,,59.27142857142858,112.8362369337979,28.446341463414637,,0.9,,1.5,,4.5,141.2334494773519,28.37665505226481,1010.4327526132405,
2024-09-14,,,27.13611111111111,212.11805555555554,28.65034722222222,,0.5,,0.9,,7.4,174.09375,28.511805555555554,1007.0836805555555,,,,43.766666666666666,117.36458333333333,28.509375000000002,,0.8,,1.3,,8.8,140.66666666666666,28.45069444444444,1006.9128472222224,
2024-09-15,,,24.088541666666668,202.97569444444446,28.428819444444443,,1.8,,2.6,,11.2,141.86458333333334,27.397916666666667,1010.1184027777776,,,,46.42465277777777,134.48611111111111,28.539583333333333,,1.4,,2.7,,12.5,24.260416666666668,27.626041666666666,1009.6423611111111,
2024-09-16,,,18.779166666666665,155.67013888888889,28.157638888888886,,1.7,,2.4,,10.1,207.875,26.147916666666667,1015.8375000000001,,,,44.45972222222222,134.57986111111111,28.220138888888886,,1.6,,2.6,,11.6,20.413194444444443,26.76909722222222,1015.3895833333333,
2024-09-17,,,27.303819444444443,96.44791666666667,28.45729166666667,,1.1,,1.9,,4.3,195.97916666666666,27.984027777777776,1015.4392361111111,,,,46.13298611111111,117.05555555555556,28.33263888888889,,1.3,,2.1,,5.3,100.32986111111111,28.24548611111111,1015.3118055555556,
2024-09-18,,,24.970138888888886,107.24652777777777,28.771874999999998,,0.6,,1.0,,5.0,200.09027777777777,28.390972222222224,1014.7763888888888,,,,50.50557491289199,89.48780487804878,28.21958041958042,,0.7,,0.9,,4.0,164.59233449477352,28.48780487804878,1014.6682926829268,
2024-09-19,,,21.458188153310104,119.72473867595819,28.672822299651568,,0.5,,0.9,,4.4,215.31358885017423,28.2006968641115,1015.0421602787455,,,,54.45609756097561,59.397212543554005,28.25574912891986,,0.6,,0.9,,4.5,190.18815331010452,28.253658536585366,1014.9324041811846,
2024-09-20,,,24.17638888888889,111.38194444444444,28.514583333333334,,1.3,,1.8,,11.4,229.58680555555554,28.071527777777778,1012.2295138888888,,,,55.69964912280702,78.89824561403509,27.42140350877193,,1.5,,2.5,,12.9,240.8982456140351,27.92140350877193,1012.2168421052631,
2024-09-21,,,33.05438596491228,172.70877192982456,26.405263157894737,,1.6,,2.4,,11.2,204.03508771929825,22.95298245614035,1007.0656140350877,,,,44.71458333333333,133.88541666666666,25.173958333333335,,2.2,,3.6,,14.5,93.49652777777777,23.126041666666666,1006.6381944444444,
2024-09-22,,,30.33958333333333,202.53472222222223,26.564930555555556,,2.2,,3.6,,11.2,214.82986111111111,22.20659722222222,1010.8069444444445,,,,46.087500000000006,123.95833333333333,26.249305555555555,,3.8,,5.4,,13.4,31.84722222222222,22.945486111111112,1010.2586805555555,
2024-09-23,,,17.449128919860627,157.9128919860627,26.918815331010453,,2.3,,3.7,,12.5,139.54006968641116,21.491637630662023,1017.6519163763065,,,,31.182986111111113,135.27777777777777,25.941319444444446,,2.8,,4.2,,13.6,32.892361111111114,22.039583333333333,1017.1416666666667,
2024-09-24,,,14.296527777777776,148.67361111111111,26.789895470383275,,1.6,,2.8,,10.7,274.00694444444446,22.05763888888889,1016.2534722222222,,,,28.852777777777778,121.46527777777777,25.998958333333334,,1.9,,3.3,,11.8,68.74305555555556,22.878819444444446,1015.8555555555556,
2024-09-25,,,16.176041666666666,127.8125,26.56597222222222,,1.2,,2.0,,7.2,221.35069444444446,24.247916666666665,1014.7010416666667,,,,35.65763888888889,140.31597222222223,25.96388888888889,,1.4,,2.2,,8.4,79.96180555555556,24.915277777777778,1014.4274305555555,
2024-09-26,,,16.292307692307695,130.97202797202797,26.594055944055942,,0.6,,1.0,,5.3,208.92307692307693,24.503146853146852,1013.3804195804196,,,,29.29581881533101,120.47386759581882,26.098257839721253,,0.8,,1.3,,5.1,190.03135888501743,25.048780487804876,1013.2383275261325,
2024-09-27,,,24.6,55.0,26.4,,0.4,,0.6,,3.8,331.0,23.5,1012.7,,,,31.44355400696864,164.31010452961672,26.05261324041812,,1.2,,1.8,,9.9,139.2822299651568,25.040766550522648,1012.7271777003484,
2024-09-28,,,14.863194444444446,181.11111111111111,26.68715277777778,,1.7,,2.7,,10.7,255.4375,23.758333333333333,1017.1906250000001,,,,25.692708333333332,145.17361111111111,25.876041666666666,,2.5,,3.4,,11.4,21.305555555555557,24.5,1016.7906250000001,
2024-09-29,,,19.974564459930313,196.0766550522648,26.480836236933797,,2.1,,3.1,,11.6,185.9233449477352,23.55261324041812,1019.8655052264809,,,,26.0375,171.36805555555554,25.726388888888888,,3.2,,5.0,,12.3,31.430555555555557,24.295486111111114,1019.4222222222221,
2024-09-30,,,16.97142857142857,119.50522648083624,26.219860627177702,,1.6,,2.2,,7.7,218.85714285714286,23.27177700348432,1016.1174216027875,,,,26.96062717770035,139.70034843205576,25.73937282229965,,1.6,,3.1,,8.1,113.76655052264809,23.813588850174217,1015.9665505226482,
2024-10-01,,,12.854861111111111,143.35763888888889,26.128124999999997,,0.7,,1.1,,9.8,264.1770833333333,24.11388888888889,1010.4288194444445,,,,62.5,40.0,25.6,,0.7,,0.9,,1.5,326.0,22.9,1013.7,
2024-10-02,,,18.080701754385966,148.3859649122807,25.461052631578948,,1.1,,1.9,,12.3,248.93333333333334,19.724561403508773,1015.6414035087719,,,,34.32604166666667,138.92013888888889,25.255555555555556,,1.6,,2.7,,11.8,117.90277777777777,20.265972222222224,1015.3625000000001,
2024-10-03,,,19.31114982578397,171.9616724738676,24.9588850174216,,2.5,,3.3,,12.8,277.2369337979094,18.605226480836237,1019.0017421602787,,,,28.406620209059234,139.18815331010452,24.8602787456446,,3.5,,4.9,,13.9,32.69337979094077,19.42090592334495,1018.3811846689896,
2024-10-04,,,19.984912280701753,145.5298245614035,24.69263157894737,,2.9,,4.0,,9.9,228.87456445993033,19.74773519163763,1023.0188153310105,,,,25.19581881533101,134.64808362369337,24.75644599303136,,3.3,,4.7,,10.4,106.57491289198606,20.392682926829266,1022.7554006968641,
2024-10-05,,,16.53611111111111,162.58680555555554,24.549305555555556,,1.7,,2.7,,9.6,224.74652777777777,21.311805555555555,1022.3305555555556,,,,28.460069444444443,104.29861111111111,24.509722222222223,,1.9,,3.0,,9.8,96.08333333333333,21.781597222222224,1022.0163194444444,
2024-10-06,,,17.490625,159.73958333333334,24.520833333333332,,1.1,,1.7,,7.6,329.7361111111111,20.741666666666667,1019.482986111111,,,,31.838541666666668,102.74305555555556,24.488541666666666,,1.3,,1.9,,8.0,153.43402777777777,21.271875,1019.2361111111111,
2024-10-07,,,15.994791666666666,172.63541666666666,24.372916666666665,,0.7,,1.0,,7.7,325.65625,18.527430555555554,1016.5076388888889,,,,42.13402777777778,101.56944444444444,24.455555555555556,,0.9,,1.5,,5.8,280.72222222222223,18.900694444444444,1016.4197916666667,
2024-10-08,,,13.54006968641115,191.38675958188153,24.51567944250871,,1.0,,1.7,,9.6,260.38327526132406,20.350174216027874,1015.5571428571429,,,,38.4787456445993,99.09059233449477,24.30034843205575,,1.8,,2.7,,11.4,136.53658536585365,20.463414634146343,1015.4020905923346,
2024-10-09,,,15.96388888888889,148.53819444444446,24.05972222222222,,1.6,,2.9,,11.6,219.60763888888889,19.78472222222222,1016.3256944444444,,,,40.266666666666666,91.37152777777777,23.977083333333333,,2.3,,3.3,,11.9,20.225694444444443,20.488194444444446,1015.892013888889,
2024-10-10,,,19.853819444444444,186.40277777777777,24.035069444444446,,1.4,,2.3,,8.2,227.01041666666666,20.23611111111111,1014.8708333333333,,,,39.831944444444446,83.49305555555556,24.001388888888886,,2.0,,2.9,,7.1,185.26736111111111,20.701736111111114,1014.7468749999999,
2024-10-11,,,14.145138888888889,132.85069444444446,23.882291666666664,,0.8,,1.1,,4.3,235.88194444444446,20.13125,1017.8958333333334,,,,43.300694444444446,92.07986111111111,23.698958333333334,,1.2,,1.8,,4.2,224.32986111111111,20.804513888888888,1017.8034722222224,
2024-10-12,,,19.19027777777778,193.32638888888889,23.742361111111112,,0.7,,1.1,,4.9,231.96527777777777,20.415625,1022.4652777777778,,,,44.4787456445993,100.26829268292683,23.565156794425086,,0.8,,1.2,,4.0,215.82229965156793,21.07456445993031,1022.3616724738675,
2024-10-13,,,22.483275261324042,174.31010452961672,23.78815331010453,,1.7,,3.0,,9.7,149.20209059233449,21.48885017421603,1023.4442508710802,,,,40.046341463414635,110.8048780487805,23.530662020905925,,1.6,,2.4,,9.9,124.2020905923345,21.974564459930313,1023.1334494773519,
2024-10-14,,,25.031597222222224,193.5,23.973958333333332,,1.6,,2.3,,8.5,180.77083333333334,22.481944444444444,1019.8215277777776,,,,40.37986111111111,82.65972222222223,23.383680555555557,,1.9,,2.9,,8.4,123.34722222222223,22.628819444444446,1019.6246527777779,
2024-10-15,,,21.137500000000003,176.73263888888889,24.044444444444444,,1.6,,2.2,,9.9,232.55902777777777,22.36875,1017.188888888889,,,,52.45,58.33680555555556,23.287847222222222,,1.8,,2.6,,10.9,196.36805555555554,22.726041666666667,1017.1350694444445,
2024-10-16,,,26.836458333333333,205.65625,23.819791666666667,,1.0,,1.5,,9.3,155.9375,22.41701388888889,1021.4420138888888,,,,41.18362369337979,88.52961672473867,23.19233449477352,,1.3,,2.2,,10.3,116.18118466898954,22.672125435540067,1021.1996515679442,
2024-10-17,,,20.254166666666666,165.29166666666666,23.601041666666667,,1.3,,2.0,,9.4,119.76388888888889,22.0875,1022.4465277777776,,,,31.041319444444444,115.25347222222223,22.909375,,1.5,,2.5,,10.3,34.854166666666664,22.36423611111111,1022.0614583333333,
2024-10-18,,,24.031944444444445,144.19791666666666,23.454513888888886,,2.2,,3.3,,15.8,232.90277777777777,23.021875,1015.6875,,,,47.254006968641114,81.2439024390244,22.940418118466898,,2.0,,3.0,,14.0,94.63541666666667,23.287847222222222,1015.5565972222222,
2024-10-19,,,34.782578397212546,171.32404181184668,23.25052264808362,,2.4,,3.4,,17.0,73.06620209059234,20.68710801393728,1016.694425087108,,,,48.47491289198606,123.92682926829268,22.551567944250873,,3.8,,5.1,,18.1,92.70034843205575,21.043902439024393,1016.0358885017421,
2024-10-20,,,28.500347222222224,177.45486111111111,22.463194444444444,,2.6,,4.1,,16.1,32.81597222222222,17.677430555555556,1029.4031249999998,,,,37.42951388888889,156.92361111111111,22.150347222222223,,3.8,,5.8,,16.6,44.0,17.893749999999997,1028.6256944444444,
2024-10-21,,,21.351929824561402,141.1578947368421,22.38,,2.4,,3.3,,11.8,144.9298245614035,20.142456140350877,1023.9628070175439,,,,39.46608391608391,101.79020979020979,21.703496503496503,,3.1,,4.3,,11.2,37.10489510489511,20.44965034965035,1023.6493006993007,
2024-10-22,,,17.219791666666666,201.875,22.440624999999997,,2.4,,3.9,,11.6,139.13888888888889,21.146875,1015.3697916666666,,,,35.3479020979021,133.38111888111888,22.417832167832167,,2.5,,3.6,,11.8,135.22727272727272,21.403146853146854,1015.1472027972027,
2024-10-23,,,9.376041666666667,164.88888888888889,22.598958333333332,,1.7,,2.6,,9.7,256.52430555555554,19.711458333333333,1013.6076388888889,,,,37.17909407665505,105.87456445993031,22.19965156794425,,1.5,,2.5,,10.0,265.45644599303137,19.914982578397215,1013.8742160278747,
2024-10-24,,,13.276736111111111,186.74652777777777,22.680902777777774,,0.5,,0.9,,7.6,252.96527777777777,17.071875,1020.3128472222221,,,,44.530902777777776,142.21180555555554,22.017073170731706,,0.8,,1.3,,8.1,166.92361111111111,17.835069444444443,1020.1166666666666,
2024-10-25,,,24.914236111111112,198.30208333333334,22.353310104529616,,1.7,,2.4,,10.4,218.75347222222223,19.258333333333333,1024.4562500000002,,,,28.634375000000002,167.07291666666666,21.51736111111111,,1.7,,2.6,,12.2,22.979166666666668,20.06701388888889,1023.9704861111111,
2024-10-26,,,10.604513888888889,134.89930555555554,22.170486111111114,,1.6,,2.5,,9.9,202.55555555555554,20.045486111111114,1021.3656249999999,,,,18.046527777777776,148.85416666666666,21.42673611111111,,2.1,,3.0,,10.6,42.93055555555556,20.705555555555556,1021.0194444444444,
2024-10-27,,,9.792708333333334,150.01041666666666,22.082291666666666,,1.0,,1.4,,6.0,275.4479166666667,18.639583333333334,1014.5791666666667,,,,19.256597222222222,149.03472222222223,21.518055555555556,,1.1,,1.7,,7.2,289.38194444444446,18.85590277777778,1014.5173611111111,
2024-10-28,,,13.1,49.0,22.0,,0.4,,0.6,,2.6,239.0,17.3,1012.2,,,,28.762717770034843,150.42160278745644,21.578048780487805,,2.5,,3.9,,14.1,138.68641114982577,18.614285714285714,1013.9233449477352,
2024-10-29,,,23.47595818815331,177.20905923344947,21.776655052264807,,1.5,,2.1,,11.2,222.81533101045295,17.92891986062718,1018.3177700348432,,,,29.62013888888889,139.02430555555554,21.401041666666668,,2.0,,3.3,,13.7,101.99305555555556,18.555902777777778,1017.8673611111111,
2024-10-30,,,20.310416666666665,105.96875,21.512500000000003,,1.2,,1.9,,9.6,234.52777777777777,18.196180555555557,1021.4871527777777,,,,37.85734265734266,77.24125874125875,21.165734265734265,,1.3,,2.0,,9.1,206.64685314685315,18.622727272727275,1021.3604895104894,
2024-10-31,,,21.668717948717948,154.68205128205128,21.404102564102566,,1.1,,1.8,,8.0,250.16923076923078,18.975384615384616,1023.3051282051282,,,,30.525510204081634,117.61734693877551,20.891836734693875,,1.2,,2.0,,9.4,30.25,19.68877551020408,1022.9948979591836,
2024-11-01,,,17.252551020408163,143.18974358974359,21.225,,1.0,,1.7,,8.4,292.23979591836735,16.091282051282054,1019.1247422680412,,,,,,,,,,,,,,,,
2024-11-02,,,25.944912280701754,194.0280701754386,21.243859649122808,,2.1,,3.2,,15.5,229.97894736842105,18.775438596491227,1015.501403508772,,,,38.40627177700348,135.44947735191639,20.58675958188153,,3.4,,4.6,,15.1,28.27177700348432,19.081881533101047,1014.9794425087107,
2024-11-03,,,14.678947368421053,173.35438596491227,21.077543859649126,,1.9,,2.5,,7.9,238.1263157894737,17.86245614035088,1022.5733333333334,,,,40.436619718309856,97.54225352112677,20.52007042253521,,2.7,,4.2,,8.1,115.55985915492958,18.49154929577465,1022.3947183098591,
2024-11-04,,,21.854166666666668,165.45833333333334,21.218055555555555,,0.8,,1.3,,8.7,281.78125,18.0875,1019.6329861111111,,,,38.77847222222223,101.55208333333333,20.658680555555556,,1.2,,1.9,,6.8,277.6423611111111,18.84027777777778,1019.6385416666667,
2024-11-05,,,30.24236111111111,139.32986111111111,21.172916666666666,,1.2,,1.9,,8.5,295.1111111111111,16.54340277777778,1018.5270833333333,,,,43.138888888888886,108.875,20.839930555555554,,1.7,,2.7,,7.9,278.3888888888889,16.98611111111111,1018.4468750000001,
2024-11-06,,,14.43263888888889,141.47916666666666,20.955208333333335,,1.6,,2.3,,9.7,312.59722222222223,12.945833333333333,1023.3159722222222,,,,41.63611111111111,111.53819444444444,20.50625,,2.3,,3.9,,10.2,301.62152777777777,13.588888888888889,1023.2715277777778,
2024-11-07,,,27.850522648083626,124.64808362369338,20.542857142857144,,1.3,,2.1,,8.6,196.83623693379792,15.365156794425088,1028.5365853658536,,,,47.189547038327525,92.49825783972125,20.27595818815331,,2.0,,3.0,,7.8,170.08680555555554,15.819791666666667,1028.3579861111111,
2024-11-08,,,20.404676258992804,145.20143884892087,20.74928057553957,,1.4,,2.1,,5.8,196.25179856115108,16.587410071942447,1028.2071942446041,,,,42.75806451612903,94.65591397849462,20.310394265232976,,1.7,,2.7,,7.3,97.5089605734767,17.663082437275985,1027.9767025089607,
2024-11-09,,,10.921602787456447,190.70731707317074,20.69721254355401,,1.1,,1.8,,7.8,249.74912891986062,17.137630662020907,1026.087804878049,,,,37.83923611111111,104.43402777777777,20.337847222222223,,1.4,,2.1,,8.5,126.03472222222223,17.882638888888888,1025.8083333333334,
2024-11-10,,,8.409059233449478,133.36933797909407,20.8609756097561,,1.2,,1.9,,6.0,309.2013888888889,17.73923611111111,1022.0645833333333,,,,23.130555555555556,118.57986111111111,20.55972222222222,,1.5,,2.1,,5.8,194.09722222222223,18.188888888888886,1021.8847222222222,
2024-11-11,,,16.637500000000003,241.88541666666666,21.438888888888886,,0.6,,1.2,,8.7,204.74652777777777,17.546180555555555,1019.6305555555555,,,,30.904861111111114,128.98263888888889,20.62986111111111,,0.9,,1.5,,8.9,183.18402777777777,18.089583333333334,1019.4628472222222,
2024-11-12,,,13.744097222222223,158.19791666666666,21.266319444444445,,0.7,,1.1,,7.3,252.39236111111111,17.54409722222222,1018.1277777777777,,,,25.435888501742163,126.09059233449477,20.530662020905925,,0.8,,1.4,,5.7,255.87847222222223,18.443055555555556,1018.0333333333333,
2024-11-13,,,16.320138888888888,173.88541666666666,20.888194444444444,,1.4,,2.2,,9.2,151.89236111111111,18.15798611111111,1022.5152777777779,,,,31.657291666666666,142.41319444444446,20.318055555555553,,1.8,,2.8,,8.9,52.638888888888886,18.505555555555556,1022.2611111111112,
2024-11-14,,,20.818402777777777,149.74652777777777,20.62048611111111,,1.3,,1.9,,7.5,169.95486111111111,17.74375,1021.3152777777777,,,,31.83055555555556,143.44097222222223,19.97986111111111,,1.6,,2.4,,8.1,120.30555555555556,18.149305555555557,1021.0711805555555,
2024-11-15,,,25.537847222222222,152.40625,20.222916666666666,,1.0,,1.5,,8.6,160.12152777777777,18.08298611111111,1019.1225694444444,,,,40.658680555555556,122.05208333333333,19.722569444444446,,1.2,,1.8,,9.2,161.91666666666666,18.172916666666666,1018.8958333333334,
2024-11-16,,,27.003832752613242,172.89895470383274,19.914285714285715,,1.1,,1.6,,8.3,177.42508710801394,19.220209059233447,1016.6993031358885,,,,51.328125,107.83333333333333,19.859722222222224,,1.4,,2.1,,9.5,98.58333333333333,19.519791666666666,1016.5302083333333,
2024-11-17,,,28.594425087108014,168.98954703832752,19.981881533101046,,0.6,,0.9,,8.5,267.0313588850174,16.58432055749129,1017.7679442508712,,,,59.60659722222223,89.21875,19.783680555555556,,1.4,,2.3,,7.7,278.38194444444446,17.38888888888889,1017.6673611111112,
2024-11-18,,,29.057142857142857,155.41114982578398,19.836933797909406,,1.6,,2.5,,12.1,308.4006968641115,9.678397212543553,1027.929268292683,,,,51.50699300699301,97.36713286713287,19.76958041958042,,2.4,,3.4,,10.2,182.25524475524475,10.4493006993007,1027.6727272727273,
2024-11-19,,,23.578169014084505,180.79577464788733,19.416549295774647,,1.3,,1.9,,9.9,255.71830985915494,10.930281690140845,1029.4985915492957,,,,43.911929824561405,99.6842105263158,19.210526315789473,,2.1,,3.8,,10.5,137.56842105263158,11.616842105263158,1029.2522807017544,
2024-11-20,,,19.669454545454546,189.28,19.354545454545455,,0.8,,1.2,,6.6,265.64,12.592,1023.0716363636365,,,,37.09384057971015,100.39492753623189,18.98514492753623,,1.2,,1.8,,6.3,277.2789855072464,12.978623188405797,1022.9880434782609,
2024-11-21,,,20.337638376383765,154.17343173431735,19.230514705882353,,0.4,,0.6,,7.2,259.4871794871795,12.867765567765568,1020.0252747252748,,,,32.76268115942029,139.8953068592058,18.89350180505415,,0.5,,0.7,,7.2,262.3718411552347,13.900361010830325,1020.0285198555957,
2024-11-22,,,10.13976833976834,104.61389961389962,18.98957528957529,,0.6,,1.0,,8.3,265.976833976834,12.627027027027028,1020.9528957528958,,,,26.20076923076923,100.99230769230769,18.615384615384617,,0.9,,1.5,,8.8,287.6730769230769,12.981923076923078,1020.8684615384615,
2024-11-23,,,8.54367816091954,180.81226053639847,18.801908396946565,,1.3,,2.0,,11.4,230.22137404580153,10.90763358778626,1026.354961832061,,,,19.449624060150377,125.21722846441948,18.8876404494382,,2.0,,3.4,,11.3,132.7378277153558,11.673408239700375,1026.0258426966293,
2024-11-24,,,10.546180555555557,191.81597222222223,18.866666666666667,,1.2,,1.9,,8.4,237.13541666666666,11.851041666666667,1029.0930555555556,,,,18.809375000000003,111.34375,19.1,,1.8,,2.8,,8.2,136.35763888888889,12.526388888888889,1028.8996527777776,
2024-11-25,,,9.218402777777778,137.14583333333334,18.561805555555555,,1.1,,2.1,,8.1,180.13194444444446,13.709722222222222,1026.798611111111,,,,15.818055555555556,175.06597222222223,18.86215277777778,,1.2,,2.1,,7.7,178.64930555555554,14.317708333333334,1026.603125,
2024-11-26,,,12.817073170731707,151.61324041811847,18.46794425087108,,3.0,,5.3,,18.3,225.95818815331012,14.029965156794425,1012.2822299651568,,,,30.235191637630663,73.14982578397212,19.010452961672474,,3.0,,4.4,,16.8,235.79166666666666,13.932638888888889,1012.5097222222222,
2024-11-27,,,15.9284046692607,146.56420233463035,18.46342412451362,,1.2,,1.7,,14.4,250.4941634241245,8.221789883268482,1012.7245136186771,,,,19.824124513618678,122.62403100775194,18.36937984496124,,1.6,,2.5,,13.6,257.83720930232556,8.756976744186048,1012.8100775193799,
2024-11-28,,,,,,,,,,,,,,,,,,24.605574912891985,141.09407665505228,17.778048780487804,,1.6,,2.4,,12.4,255.37630662020905,8.486411149825784,1012.0714285714286,
2024-11-29,,,19.550522648083625,158.10801393728224,17.599651567944253,,1.1,,1.8,,9.2,264.1463414634146,7.90801393728223,1011.8090592334495,,,,30.744947735191634,145.32404181184668,17.42020905923345,,1.2,,1.9,,8.5,270.3958333333333,8.022916666666667,1011.9812499999999,
2024-11-30,,,20.482986111111114,173.23263888888889,17.301041666666666,,0.7,,1.3,,9.6,223.10416666666666,10.015972222222222,1014.8760416666667,,,,33.43680555555555,132.45486111111111,17.060627177700347,,1.0,,1.7,,7.3,267.15972222222223,10.254166666666666,1015.0642361111111,
2024-12-01,,,20.050174216027873,123.79442508710801,17.02229965156794,,0.5,,0.9,,7.0,250.6724738675958,12.076655052264808,1016.8174216027874,,,,36.18333333333333,124.58680555555556,16.894791666666666,,0.6,,0.8,,6.9,255.23958333333334,12.77986111111111,1016.8510416666666,
2024-12-02,,,22.299999999999997,147.58333333333334,16.947222222222223,,0.8,,1.4,,10.1,240.89236111111111,15.046527777777776,1016.1041666666666,,,,41.0,48.0,16.6,,0.3,,0.4,,3.1,287.0,13.6,1016.7,
2024-12-03,,,22.39293286219081,164.9964664310954,16.730388692579506,,0.5,,0.9,,7.4,234.95422535211267,11.029577464788733,1019.6014084507042,,,,39.707394366197185,133.08802816901408,16.250704225352113,,0.6,,0.9,,10.1,267.53169014084506,11.629225352112675,1019.5556338028168,
2024-12-04,,,23.077777777777776,155.9375,16.4625,,0.7,,1.1,,9.0,285.4201388888889,8.033333333333333,1020.5697916666666,,,,46.783680555555556,104.38888888888889,15.997916666666669,,0.7,,1.1,,10.0,278.97222222222223,8.3875,1020.6340277777776,
2024-12-05,,,22.02013888888889,156.90277777777777,16.09722222222222,,0.6,,1.0,,9.0,248.27430555555554,8.862847222222221,1016.8024305555555,,,,40.52708333333333,100.92361111111111,15.664236111111112,,0.7,,1.2,,10.7,265.87152777777777,9.038194444444445,1016.9152777777776,
2024-12-06,,,18.813194444444445,188.06597222222223,15.881250000000001,,0.6,,1.0,,8.8,259.21875,9.241666666666667,1018.6572916666667,,,,45.73993055555556,90.85763888888889,15.787500000000001,,0.7,,1.2,,9.4,274.8298611111111,9.379166666666666,1018.7298611111112,
2024-12-07,,,19.290243902439023,137.05226480836237,15.775261324041812,,0.5,,0.8,,9.5,271.0383275261324,6.654355400696864,1022.429268292683,,,,32.03611111111111,119.76388888888889,15.409722222222221,,0.9,,1.4,,6.9,283.08680555555554,6.642013888888889,1022.6364583333333,
2024-12-08,,,20.37986111111111,180.51388888888889,15.717361111111112,,0.7,,1.0,,9.8,239.94791666666666,5.787152777777778,1022.9475694444445,,,,39.48745644599303,119.97560975609755,15.746689895470384,,1.3,,1.8,,9.0,300.39930555555554,6.035069444444444,1023.0347222222222,
2024-12-09,,,20.811888111888113,176.4020979020979,16.23006993006993,,1.0,,1.4,,4.5,267.1637630662021,5.504878048780488,1023.4944250871081,,,,26.876041666666666,121.41666666666667,16.148611111111112,,1.4,,2.0,,6.6,300.1458333333333,6.542361111111111,1023.3885416666667,
2024-12-10,,,17.734265734265733,227.54545454545453,16.96083916083916,,0.6,,1.0,,5.2,259.1602787456446,7.201393728222997,1021.8456445993032,,,,18.41149825783972,153.12891986062718,17.16480836236934,,0.8,,1.2,,6.6,271.5574912891986,8.109756097560975,1021.7533101045296,
2024-12-11,,,17.85590277777778,159.18055555555554,17.09826388888889,,1.5,,2.1,,7.9,295.0625,8.43576388888889,1020.2340277777779,,,,20.694791666666667,148.71180555555554,16.207291666666666,,1.6,,2.1,,6.1,231.71527777777777,9.097569444444444,1020.1538194444444,
2024-12-12,,,15.271478873239438,160.70422535211267,16.86830985915493,,1.6,,2.8,,7.2,268.2112676056338,8.109154929577464,1021.6496478873239,,,,29.044097222222224,127.73958333333333,15.926736111111113,,1.9,,2.8,,5.9,290.1423611111111,8.693402777777777,1021.5493055555556,
2024-12-13,,,18.82439024390244,140.85017421602788,16.381533101045296,,0.6,,1.0,,7.2,305.7142857142857,6.5599303135888505,1019.3742160278747,,,,32.81041666666667,134.875,15.575347222222222,,1.0,,1.5,,9.4,287.56597222222223,7.289583333333334,1019.3361111111111,
2024-12-14,,,23.193055555555556,146.67708333333334,15.977430555555555,,1.0,,1.4,,10.6,291.1041666666667,5.111805555555556,1022.2434027777776,,,,38.53715277777778,141.32638888888889,15.201041666666665,,1.8,,2.4,,11.9,282.84375,5.113888888888889,1022.4656249999999,
2024-12-15,,,21.708680555555556,162.58680555555554,15.554166666666667,,0.9,,1.4,,9.0,254.24652777777777,6.279861111111111,1020.4434027777778,,,,36.239024390243905,128.98257839721254,14.614634146341462,,1.2,,1.8,,8.9,256.13937282229966,6.5285714285714285,1020.590243902439,
2024-12-16,,,29.16840277777778,147.45138888888889,15.251041666666667,,0.9,,1.4,,8.3,275.7048611111111,6.557638888888889,1021.2947916666667,,,,40.063286713286715,147.77272727272728,14.416083916083917,,1.2,,1.8,,8.8,285.08710801393727,6.6275261324041805,1021.4850174216028,
2024-12-17,,,25.327177700348432,121.1637630662021,15.08048780487805,,0.8,,1.3,,7.9,276.609756097561,6.6153310104529615,1023.4341463414634,,,,35.235314685314684,140.19230769230768,14.145104895104895,,1.2,,1.5,,8.0,313.73519163763063,6.762020905923345,1023.4738675958188,
2024-12-18,,,23.26062717770035,130.33797909407664,15.237630662020905,,1.1,,1.7,,6.5,260.0034843205575,3.700696864111498,1023.0519163763067,,,,30.53888888888889,170.44097222222223,14.187847222222222,,1.0,,1.8,,7.3,308.3298611111111,4.130208333333333,1023.0045138888888,
2024-12-19,,,20.762020905923343,120.26480836236934,15.352613240418117,,1.6,,2.2,,9.6,292.3135888501742,5.409059233449478,1026.7602787456447,,,,29.20592334494774,150.90592334494772,14.428919860627179,,2.1,,3.3,,8.4,249.3658536585366,5.920557491289199,1026.6794425087107,
2024-12-20,,,18.608333333333334,144.96875,15.386458333333334,,0.9,,1.3,,9.3,258.65625,8.462847222222223,1022.2298611111112,,,,27.205555555555556,145.42708333333334,14.44409722222222,,1.1,,1.8,,9.8,267.6354166666667,8.604166666666666,1022.2920138888888,
2024-12-21,,,12.332945736434109,156.96124031007753,15.196138996138997,,0.7,,1.1,,13.6,275.988416988417,6.331274131274131,1016.7911196911198,,,,18.83903345724907,136.94833948339485,14.223985239852398,,1.0,,1.5,,13.5,277.1918819188192,6.696678966789667,1016.8952029520294,
2024-12-22,,,8.955084745762711,137.5593220338983,14.763559322033897,,0.8,,1.2,,13.2,295.8813559322034,1.902542372881356,1020.6033898305085,,,,15.338983050847459,144.3728813559322,14.03728813559322,,1.3,,2.0,,14.3,295.59322033898303,1.7372881355932204,1020.3,
2024-12-23,,,14.353763440860217,172.21505376344086,14.916042780748665,,0.6,,0.9,,8.4,240.2566844919786,7.424731182795699,1024.2827027027026,,,,19.414659685863874,172.87958115183247,14.723437500000001,,1.0,,1.4,,7.8,269.0732984293194,7.53979057591623,1024.4769633507854,
2024-12-24,,,11.450694444444444,203.16319444444446,14.744791666666666,,0.7,,1.1,,6.2,259.72222222222223,6.014930555555555,1026.2708333333333,,,,12.965972222222222,190.15972222222223,14.624305555555557,,1.0,,1.6,,7.0,243.46180555555554,6.595486111111111,1026.3118055555556,
2024-12-25,,,8.804513888888888,126.64930555555556,14.771527777777777,,0.8,,1.3,,8.5,263.8888888888889,8.119791666666666,1024.6263888888889,,,,15.507986111111112,162.25,14.247569444444444,,1.1,,1.4,,8.1,267.19444444444446,8.459027777777777,1024.7298611111112,
2024-12-26,,,12.411458333333334,112.94444444444444,14.694791666666667,,0.7,,1.2,,8.3,262.6701388888889,8.077777777777778,1021.5295138888889,,,,14.562152777777776,141.84375,14.181944444444444,,0.7,,1.2,,8.5,266.8923611111111,8.269791666666666,1021.6465277777778,
2024-12-27,,,13.8,113.75694444444444,14.5625,,0.6,,0.9,,8.9,249.93402777777777,3.686111111111111,1023.5930555555556,,,,21.744444444444444,126.20833333333333,14.105208333333334,,0.8,,1.2,,7.0,261.2986111111111,3.701736111111111,1023.8013888888888,
2024-12-28,,,14.41184668989547,135.9233449477352,14.347735191637632,,1.0,,1.4,,11.5,276.13588850174216,3.2421602787456445,1021.6536585365853,,,,21.863541666666666,130.54166666666666,13.787500000000001,,1.1,,1.7,,8.9,285.25694444444446,3.0923611111111113,1021.9576388888888,
2024-12-29,,,1.7,89.0,14.0,,0.4,,0.5,,8.3,279.0,2.7,1023.1,,,,27.253819444444446,132.31597222222223,13.284722222222221,,0.9,,1.6,,7.7,270.62847222222223,5.569791666666666,1025.103125,
2024-12-30,,,19.759027777777778,134.99305555555554,14.259374999999999,,0.8,,1.2,,11.0,242.02083333333334,9.3125,1020.3684027777776,,,,31.48850174216028,143.4425087108014,13.295470383275262,,1.0,,1.4,,11.4,249.84375,9.562152777777778,1020.4034722222223,
2024-12-31,,,19.222916666666666,146.16319444444446,14.1375,,0.7,,1.2,,8.5,246.86805555555554,7.8843749999999995,1017.6291666666667,,,,32.00277777777777,145.44791666666666,13.507986111111112,,1.0,,1.6,,8.3,295.8125,8.409722222222221,1017.6899305555556,
2025-01-01,,,20.347902097902097,156.23776223776224,14.06083916083916,,0.6,,1.0,,8.2,270.46153846153845,6.476923076923077,1021.8692307692307,,,,36.114583333333336,145.85416666666666,13.400694444444445,,0.8,,1.2,,8.3,261.24652777777777,7.209722222222222,1021.8555555555556,
2025-01-02,,,22.04355400696864,150.10452961672473,13.946341463414633,,0.5,,0.8,,7.6,251.8780487804878,7.19198606271777,1022.5547038327527,,,,50.9,50.0,13.3,,0.4,,0.5,,3.2,308.0,6.9,1022.4,
2025-01-03,,,20.991319444444443,155.49305555555554,13.724652777777777,,0.8,,1.1,,9.3,282.6145833333333,4.236111111111111,1024.462847222222,,,,34.185069444444444,141.26736111111111,13.764583333333333,,0.9,,1.6,,9.2,306.0729166666667,4.3538194444444445,1024.5163194444444,
2025-01-04,,,29.41111111111111,100.71527777777777,13.734722222222222,,0.7,,1.0,,5.1,250.22916666666666,4.354166666666667,1026.0256944444445,,,,33.43055555555556,156.70138888888889,13.945833333333333,,0.9,,1.5,,7.3,284.25694444444446,4.75625,1026.0482638888889,
2025-01-05,,,27.43402777777778,93.10416666666667,14.851388888888888,,0.7,,1.2,,9.9,264.53472222222223,7.013194444444444,1022.1381944444444,,,,30.545993031358886,154.13588850174216,14.066550522648082,,0.6,,1.1,,7.6,273.53472222222223,7.487847222222222,1022.1520833333333,
2025-01-06,,,16.626480836236933,142.61672473867597,14.876306620209059,,0.5,,0.9,,12.3,273.89930555555554,7.890277777777778,1014.6999999999999,,,,27.214634146341464,143.4773519163763,13.794773519163762,,0.7,,1.1,,12.1,283.1111111111111,7.959027777777777,1014.8288194444444,
2025-01-07,,,15.220905923344947,112.46341463414635,14.150871080139373,,1.3,,1.8,,14.5,272.40418118466897,3.126829268292683,1017.0247386759581,,,,21.834146341463413,130.88501742160278,13.404529616724739,,1.2,,2.0,,12.2,272.57142857142856,2.9303135888501743,1017.439024390244,
2025-01-08,,,15.4,92.52142857142857,13.942857142857143,,1.1,,1.8,,10.4,259.05357142857144,4.019642857142857,1019.1782142857144,,,,19.231428571428573,123.2,13.088571428571429,,1.2,,1.7,,10.5,270.5107142857143,4.365714285714286,1019.2471428571429,
2025-01-09,,,15.223958333333334,102.39236111111111,13.351388888888888,,0.6,,1.0,,13.0,286.25,2.15625,1022.1968750000001,,,,27.310416666666665,88.34722222222223,12.995833333333334,,1.2,,2.0,,11.8,292.1736111111111,1.973611111111111,1022.2666666666667,
2025-01-10,,,30.06829268292683,84.00696864111498,13.169686411149826,,1.2,,1.9,,8.0,284.30662020905925,3.4456445993031357,1028.637630662021,,,,36.63472222222222,87.16666666666667,13.730902777777779,,1.9,,3.0,,8.1,296.0729166666667,2.8399305555555556,1028.7329861111111,
2025-01-11,,,28.473958333333332,79.42013888888889,13.508680555555555,,1.9,,2.9,,6.4,282.46527777777777,2.151736111111111,1027.5784722222222,,,,27.831249999999997,142.23263888888889,13.344444444444443,,1.9,,2.6,,5.8,287.7048611111111,1.6552083333333334,1027.6631944444443,
2025-01-12,,,19.606944444444444,142.38888888888889,13.356944444444444,,1.4,,2.2,,10.5,282.4895833333333,2.5819444444444444,1022.2041666666667,,,,36.04947735191638,122.17770034843205,12.867247386759582,,1.3,,2.0,,9.3,293.2787456445993,2.542508710801394,1022.4439024390244,
2025-01-13,,,30.191636363636366,100.42545454545454,13.295636363636364,,0.8,,1.3,,7.5,266.4472727272727,4.343272727272727,1025.096,,,,33.084587813620075,142.19713261648747,13.481720430107528,,1.4,,2.1,,7.1,271.247311827957,5.062724014336918,1025.1333333333334,
2025-01-14,,,23.87177700348432,140.05226480836237,13.499651567944252,,0.6,,1.0,,9.0,246.30662020905925,7.9,1023.9498257839721,,,,36.51184668989547,143.4006968641115,13.026829268292682,,0.8,,1.2,,8.6,258.81881533101046,8.1191637630662,1024.0348432055748,
2025-01-15,,,22.566433566433567,144.44755244755245,13.37937062937063,,0.6,,1.0,,9.5,283.541958041958,3.3255244755244755,1025.397902097902,,,,34.63986013986014,147.85664335664336,13.127622377622378,,0.8,,1.2,,9.4,301.75524475524475,3.5562937062937063,1025.51993006993,
2025-01-16,,,23.167708333333334,130.87847222222223,13.362847222222221,,0.7,,1.0,,8.0,283.38194444444446,3.4944444444444445,1024.0399305555557,,,,34.06909722222222,151.57638888888889,13.007291666666667,,0.8,,1.3,,9.4,282.10069444444446,3.495486111111111,1024.1739583333333,
2025-01-17,,,22.4191637630662,124.16724738675958,13.363763066202091,,0.7,,1.1,,7.1,275.08710801393727,4.889547038327526,1025.652961672474,,,,32.57152777777778,154.14236111111111,13.104513888888889,,0.9,,1.4,,4.3,265.8541666666667,5.139236111111111,1025.6916666666666,
2025-01-18,,,19.81602787456446,138.27526132404182,13.37979094076655,,0.8,,1.2,,9.8,240.50871080139373,7.096515679442509,1023.2867595818815,,,,28.69722222222222,142.55555555555554,13.052430555555555,,0.8,,1.2,,8.6,258.6701388888889,7.847916666666666,1023.3083333333333,
2025-01-19,,,18.384668989547038,128.62717770034843,13.243554006968642,,0.5,,0.8,,8.6,245.29965156794424,8.775958188153309,1016.8602787456447,,,,25.063541666666666,142.52777777777777,12.973426573426574,,0.6,,1.0,,7.8,243.30902777777777,8.978124999999999,1016.9513888888889,
2025-01-20,,,18.39513888888889,99.52430555555556,13.208333333333334,,0.5,,0.8,,5.8,273.87847222222223,7.246874999999999,1015.642013888889,,,,22.368989547038325,148.0731707317073,12.996864111498258,,0.6,,1.1,,5.7,275.2752613240418,7.6797909407665506,1015.5836236933798,
2025-01-21,,,13.492708333333333,114.53125,13.243749999999999,,0.4,,0.7,,7.0,286.2013888888889,8.021180555555555,1020.3708333333333,,,,15.283333333333335,141.76041666666666,12.819444444444445,,0.6,,1.0,,6.0,244.23958333333334,8.434722222222222,1020.3208333333334,
2025-01-22,,,11.546527777777778,118.81944444444444,13.121527777777779,,0.5,,0.7,,8.4,259.40277777777777,8.45451388888889,1023.2701388888888,,,,21.42361111111111,99.81944444444444,12.970833333333333,,0.5,,0.8,,8.1,250.07638888888889,9.103819444444445,1023.3406249999999,
2025-01-23,,,16.634027777777778,119.79166666666667,13.197569444444445,,0.5,,1.0,,5.2,254.01388888888889,8.547916666666667,1023.3888888888889,,,,14.900694444444444,139.68055555555554,12.663194444444445,,0.5,,0.8,,4.1,249.11111111111111,9.096527777777778,1023.3059027777776,
2025-01-24,,,11.294755244755246,161.5909090909091,13.13951048951049,,0.9,,1.5,,8.5,173.25174825174824,8.704895104895105,1024.8692307692306,,,,17.197909407665506,153.4843205574913,12.60418118466899,,1.2,,1.9,,8.9,135.65277777777777,9.234722222222222,1024.6496527777776,
2025-01-25,,,12.830313588850174,229.82926829268294,13.489547038327526,,3.0,,4.3,,13.5,236.17421602787456,7.0425087108013935,1027.496864111498,,,,14.766550522648084,213.4425087108014,12.701045296167246,,3.3,,5.0,,13.6,31.965156794425088,7.618466898954704,1027.0731707317073,
2025-01-26,,,12.457491289198607,173.86759581881532,13.04390243902439,,1.8,,2.6,,11.4,215.86062717770034,6.870034843205575,1025.1947735191638,,,,19.372569444444444,168.57638888888889,12.884027777777778,,2.6,,3.7,,12.6,128.15972222222223,7.16076388888889,1024.8937500000002,
2025-01-27,,,17.038888888888888,138.85069444444446,12.964236111111111,,1.2,,1.7,,9.6,285.49305555555554,5.255902777777778,1015.0291666666667,,,,25.069337979094076,143.14285714285714,12.786062717770035,,1.7,,2.4,,9.6,298.7595818815331,5.418118466898955,1015.080487804878,
2025-01-28,,,18.204166666666666,130.91666666666666,12.745138888888889,,1.3,,2.1,,11.4,246.99305555555554,2.482638888888889,1015.8277777777779,,,,30.414930555555557,145.85763888888889,12.53298611111111,,1.7,,2.9,,12.4,254.61111111111111,2.852777777777778,1015.9749999999999,
2025-01-29,,,14.7,44.0,12.5,,0.8,,1.0,,8.2,237.0,1.9,1018.3,,,,35.30833333333333,145.42013888888889,12.20486111111111,,1.5,,2.1,,11.5,274.13194444444446,2.301388888888889,1021.9305555555555,
2025-01-30,,,24.28611111111111,122.74305555555556,12.39375,,0.9,,1.3,,7.4,252.27430555555554,3.023611111111111,1027.3326388888888,,,,35.951388888888886,143.89930555555554,12.086805555555555,,1.1,,1.6,,6.9,246.625,3.4368055555555554,1027.4055555555556,
2025-01-31,,,26.23784722222222,132.06597222222223,12.280555555555557,,0.8,,1.1,,7.2,262.7986111111111,6.551041666666666,1026.7319444444445,,,,39.751736111111114,137.22569444444446,12.260069444444445,,1.2,,1.5,,4.9,259.0416666666667,7.081944444444444,1026.728125,
2025-02-01,,,25.970731707317075,117.15679442508711,12.77560975609756,,1.2,,2.0,,9.4,316.8501742160279,6.850522648083623,1020.3505226480836,,,,36.24076655052265,160.9233449477352,13.123344947735191,,1.8,,2.5,,11.3,125.54006968641114,7.623344947735192,1019.9696864111498,
2025-02-02,,,25.24548611111111,141.52777777777777,13.215972222222222,,1.4,,2.1,,8.9,256.6666666666667,7.191666666666666,1016.7725694444445,,,,31.2,42.0,13.5,,1.1,,1.5,,8.8,3.0,7.7,1017.1,
2025-02-03,,,23.787152777777777,143.40625,13.222916666666666,,1.4,,2.1,,12.5,285.43055555555554,4.484722222222222,1015.1854166666667,,,,36.07083333333333,137.00347222222223,13.115277777777777,,1.3,,2.3,,12.2,279.7638888888889,4.480902777777778,1015.4149305555555,
2025-02-04,,,16.73135888501742,135.54703832752614,12.990592334494774,,1.1,,1.6,,13.3,278.91637630662024,1.3344947735191637,1015.4348432055749,,,,29.633680555555557,135.86805555555554,12.953819444444443,,1.4,,2.0,,9.6,283.19097222222223,1.604861111111111,1015.9572916666667,
2025-02-05,,,14.519097222222221,108.32291666666667,12.625694444444443,,1.1,,1.5,,13.7,275.34027777777777,1.9618055555555556,1016.1347222222222,,,,21.949825783972127,127.97909407665506,12.56341463414634,,1.8,,2.3,,15.6,285.3937282229965,1.9233449477351916,1016.2365853658538,
2025-02-06,,,19.273611111111112,88.09375,12.422569444444445,,1.0,,1.4,,11.1,264.9166666666667,1.953125,1020.6329861111111,,,,19.552777777777777,134.79513888888889,12.161805555555555,,1.5,,2.0,,9.7,271.6423611111111,2.220833333333333,1020.9753472222224,
2025-02-07,,,16.68041958041958,102.54195804195804,12.256293706293707,,0.9,,1.3,,15.7,268.57342657342656,2.1947552447552447,1017.6842657342658,,,,19.813588850174217,142.9163763066202,11.932404181184669,,1.3,,1.9,,13.7,283.78745644599303,2.6142857142857143,1017.8358885017423,
2025-02-08,,,21.058680555555554,94.92013888888889,12.212847222222223,,0.8,,1.3,,7.0,212.85069444444446,2.6729166666666666,1024.3739583333333,,,,23.97152777777778,170.72569444444446,12.024305555555555,,1.1,,2.1,,8.2,285.77777777777777,2.6430555555555557,1024.3770833333333,
2025-02-09,,,21.262500000000003,95.15277777777777,12.163194444444445,,1.1,,1.8,,5.9,258.8541666666667,2.979861111111111,1024.9788194444445,,,,24.282291666666666,137.02083333333334,11.874305555555557,,1.3,,1.7,,6.5,285.1666666666667,2.4829861111111113,1024.8416666666667,
2025-02-10,,,21.778745644599304,110.63414634146342,12.235540069686412,,0.9,,1.3,,8.6,273.006968641115,2.528571428571429,1025.2808362369337,,,,28.98680555555556,146.58333333333334,11.938541666666667,,1.1,,1.7,,8.8,293.18402777777777,2.669791666666667,1025.3406249999998,
2025-02-11,,,26.81578947368421,95.8140350877193,12.478947368421053,,0.7,,1.1,,5.1,241.96140350877192,3.762456140350877,1028.5333333333333,,,,30.960975609756094,151.1184668989547,12.261324041811847,,1.0,,1.7,,5.3,225.9268292682927,4.473170731707317,1028.4993031358886,
2025-02-12,,,21.78850174216028,132.09407665505228,12.519860627177701,,1.1,,1.9,,9.2,277.11149825783974,6.34773519163763,1015.9229965156795,,,,32.696875000000006,140.08680555555554,12.18888888888889,,1.3,,2.1,,9.8,269.62847222222223,6.550694444444444,1015.9072916666667,
2025-02-13,,,24.462152777777778,145.58333333333334,12.40486111111111,,1.0,,1.5,,9.6,228.19097222222223,4.165625,1021.5732638888888,,,,37.04125874125874,142.6118881118881,11.916083916083917,,1.3,,1.8,,11.3,286.06271777003485,4.483972125435541,1021.7310104529616,
2025-02-14,,,25.742857142857144,118.62369337979094,12.295470383275262,,0.7,,1.0,,7.4,251.9163763066202,6.657839721254355,1021.5142857142856,,,,36.0609756097561,139.11498257839722,6.1434306569343065,,0.8,,1.2,,7.3,235.595818815331,7.50383275261324,1021.5818815331011,
2025-02-15,,,22.313888888888886,154.17361111111111,12.24861111111111,,0.5,,0.9,,8.9,254.65972222222223,7.555902777777778,1017.7611111111112,,,,35.107638888888886,137.31944444444446,6.594791666666667,,0.6,,0.9,,7.9,262.4479166666667,7.909375000000001,1017.828125,
2025-02-16,,,21.720833333333335,145.97222222222223,12.25,,0.6,,1.0,,7.9,232.57638888888889,9.109375,1014.7621527777778,,,,29.870486111111113,135.79861111111111,6.53125,,1.0,,1.5,,9.9,221.83680555555554,9.51701388888889,1014.8350694444445,
2025-02-17,,,18.639930555555555,153.66666666666666,12.219791666666667,,0.7,,1.2,,10.2,304.30555555555554,6.101736111111111,1019.795486111111,,,,28.962152777777778,140.67708333333334,6.121180555555556,,1.2,,1.8,,11.6,301.1666666666667,6.121874999999999,1019.8909722222221,
2025-02-18,,,16.114930555555556,148.99305555555554,12.027083333333334,,0.7,,1.2,,11.1,298.74652777777777,2.879166666666667,1022.904861111111,,,,25.560416666666665,154.97916666666666,6.923958333333333,,1.1,,1.7,,11.9,284.24652777777777,2.8871527777777777,1023.0187500000001,
2025-02-19,,,11.77951388888889,141.86111111111111,11.937847222222222,,0.8,,1.2,,8.5,240.90277777777777,2.423611111111111,1025.6274305555555,,,,19.172222222222224,150.05902777777777,6.343402777777778,,1.2,,1.7,,7.7,299.46875,2.8541666666666665,1025.6725694444444,
2025-02-20,,,13.449825783972125,93.91289198606272,11.9794425087108,,0.9,,1.3,,5.9,245.7560975609756,2.5658536585365854,1027.3076655052264,,,,17.376041666666666,144.75347222222223,7.265625,,1.2,,1.8,,8.7,288.1875,3.103472222222222,1027.1822916666667,
2025-02-21,,,23.55,63.16783216783217,12.302447552447552,,1.0,,1.5,,6.7,197.69444444444446,2.544791666666667,1028.1618055555555,,,,17.94027777777778,100.25694444444444,7.4125000000000005,,1.2,,2.0,,7.7,253.73263888888889,2.6868055555555554,1028.1218749999998,
2025-02-22,,,11.759027777777778,92.13541666666667,12.106597222222222,,0.8,,1.1,,8.0,247.68402777777777,2.388541666666667,1030.132986111111,,,,18.513541666666665,99.89236111111111,7.245833333333334,,0.9,,1.5,,8.2,256.0798611111111,2.463888888888889,1030.2468749999998,
2025-02-23,,,11.988888888888889,133.29513888888889,12.081944444444444,,0.7,,1.1,,11.7,287.6423611111111,2.1194444444444445,1027.9503472222223,,,,22.200000000000003,86.73263888888889,8.337282229965158,,1.1,,1.6,,10.2,288.78125,2.430902777777778,1028.0826388888888,
2025-02-24,,,26.170833333333334,95.10763888888889,12.277777777777779,,0.9,,1.3,,6.4,238.45486111111111,3.278125,1029.0645833333333,,,,23.182291666666668,135.07638888888889,7.963888888888889,,0.9,,1.4,,8.0,282.35069444444446,3.6708333333333334,1029.0885416666667,
2025-02-25,,,21.0,96.30555555555556,12.278819444444444,,0.9,,1.6,,12.6,249.14583333333334,6.064930555555556,1025.795138888889,,,,23.360416666666666,131.74652777777777,7.842361111111111,,1.3,,1.8,,11.3,252.60069444444446,6.082291666666666,1026.1256944444444,
2025-02-26,,,23.270383275261324,127.89895470383276,12.217770034843205,,0.9,,1.5,,13.0,225.82926829268294,7.976655052264809,1022.9853658536585,,,,28.515277777777776,137.64236111111111,8.368402777777778,,1.1,,1.8,,9.7,232.17708333333334,8.152430555555556,1023.3010416666667,
2025-02-27,,,25.22222222222222,141.70833333333334,12.196180555555555,,0.5,,0.9,,7.7,240.10069444444446,8.544097222222222,1023.0083333333334,,,,37.592013888888886,142.13194444444446,8.671527777777778,,0.7,,1.0,,7.0,229.21180555555554,8.989930555555555,1023.0965277777777,
2025-02-28,,,26.30798611111111,139.50347222222223,12.172916666666667,,0.7,,1.0,,11.0,212.16666666666666,11.281944444444443,1019.3725694444444,,,,40.344250871080135,130.4773519163763,8.681533101045297,,0.9,,1.4,,9.7,228.50347222222223,10.989583333333334,1019.6809027777776,
2025-03-01,,,38.7,45.0,11.9,,0.5,,0.8,,1.6,304.0,10.2,1020.0,,,,43.677083333333336,139.82986111111111,8.448958333333334,,0.6,,1.0,,5.9,229.01041666666666,11.61076388888889,1018.6024305555555,
2025-03-02,,,29.74201388888889,162.56944444444446,12.190625,,1.9,,2.4,,14.9,97.18402777777777,11.644444444444444,1016.3375000000001,,,,44.738194444444446,157.28472222222223,8.472569444444444,,2.6,,3.8,,17.0,80.74305555555556,11.297569444444443,1015.8229166666666,
2025-03-03,,,29.086805555555557,205.54166666666666,11.77986111111111,,3.2,,4.4,,17.7,19.28125,6.228125,1020.8881944444444,,,,46.654513888888886,197.90277777777777,8.846180555555556,,4.1,,6.4,,20.1,37.041666666666664,6.636458333333334,1019.6027777777776,
2025-03-04,,,29.43506944444444,210.15625,11.712152777777778,,3.2,,5.2,,16.7,135.37847222222223,5.892013888888889,1019.9666666666667,,,,38.996875,197.56944444444446,8.790277777777778,,4.1,,7.0,,17.7,32.22222222222222,6.163888888888889,1019.0281249999999,
2025-03-05,,,15.992013888888888,184.09375,11.683333333333334,,2.7,,4.0,,10.8,280.97569444444446,6.514930555555555,1021.0399305555555,,,,10.3,183.0,9.2,,3.0,,4.2,,9.2,8.0,5.9,1018.3,
2025-03-06,,,13.084722222222222,181.81944444444446,11.69375,,1.4,,2.6,,10.4,228.9375,6.3125,1024.9378472222222,,,,21.632986111111112,175.16319444444446,8.585069444444445,,1.9,,3.2,,10.1,125.83680555555556,6.715624999999999,1024.775,
2025-03-07,,,11.335416666666667,169.94791666666666,11.83125,,1.3,,1.8,,6.7,172.96875,6.895833333333333,1028.3774305555555,,,,21.294791666666665,140.64583333333334,8.666666666666666,,1.6,,2.4,,6.9,159.49305555555554,7.177777777777777,1028.2541666666666,
2025-03-08,,,11.262717770034843,184.8780487804878,12.111498257839722,,1.1,,1.6,,5.9,196.85763888888889,8.350347222222222,1026.4125,,,,19.558885017421602,165.94076655052265,8.529965156794425,,1.3,,2.2,,5.7,153.4843205574913,9.14808362369338,1026.311149825784,
2025-03-09,,,13.848263888888889,129.35416666666666,12.058680555555556,,0.6,,1.0,,7.0,208.93055555555554,8.512847222222222,1029.4263888888888,,,,20.02508710801394,153.23693379790942,8.826829268292684,,0.8,,1.3,,6.0,157.8125,9.245138888888889,1029.3385416666667,
2025-03-10,,,16.748611111111114,103.70138888888889,12.05,,0.7,,1.1,,4.5,211.72916666666666,9.29861111111111,1027.2381944444444,,,,22.569791666666667,144.62847222222223,9.286805555555555,,0.7,,1.0,,5.1,204.72916666666666,9.699652777777779,1027.1604166666666,
2025-03-11,,,18.094097222222224,121.23263888888889,12.158680555555556,,0.5,,0.8,,6.3,242.98611111111111,10.386458333333334,1020.7600694444445,,,,25.766666666666666,131.27777777777777,10.790940766550523,,0.6,,1.0,,3.6,243.85763888888889,11.039583333333333,1020.7902777777776,
2025-03-12,,,20.430662020905924,142.2787456445993,12.198257839721254,,0.9,,1.3,,10.2,236.39372822299651,11.837630662020906,1015.1797909407665,,,,30.522183098591547,130.18309859154928,11.730633802816902,,1.0,,1.5,,9.1,234.93661971830986,12.253521126760564,1015.4482394366197,
2025-03-13,,,21.257291666666667,169.92708333333334,12.277777777777779,,0.7,,1.1,,8.4,188.10763888888889,11.639930555555557,1021.0805555555556,,,,30.799652777777776,151.15277777777777,11.767247386759582,,0.9,,1.7,,8.0,151.93402777777777,12.163194444444445,1020.9809027777778,
2025-03-14,,,22.063541666666666,165.85069444444446,12.305902777777778,,1.0,,1.6,,12.2,119.34375,10.75,1025.9729166666666,,,,31.005208333333332,148.85069444444446,11.810416666666667,,1.8,,2.8,,13.6,112.61458333333333,10.896875000000001,1025.539236111111,
2025-03-15,,,23.30138888888889,198.19444444444446,12.242361111111112,,3.5,,5.6,,13.8,37.048611111111114,9.836111111111112,1022.5715277777776,,,,31.954513888888886,176.20833333333334,12.003819444444444,,3.9,,5.5,,14.1,48.666666666666664,9.877777777777778,1021.9031249999999,
2025-03-16,,,18.755902777777777,151.44791666666666,12.429861111111112,,3.2,,4.3,,11.2,249.79861111111111,7.001041666666667,1012.1069444444444,,,,32.16909722222223,147.71527777777777,12.348611111111111,,3.2,,4.7,,10.3,207.11111111111111,7.0524305555555555,1012.1138888888888,
2025-03-17,,,18.054355400696867,157.6341463414634,12.480836236933797,,2.2,,3.0,,12.7,267.4076655052265,5.7282229965156795,1014.932055749129,,,,30.821180555555557,134.36805555555554,11.87673611111111,,2.4,,3.3,,15.9,261.02777777777777,5.931597222222222,1014.9802083333333,
2025-03-18,,,15.556018518518519,115.06481481481481,12.26388888888889,,2.3,,2.9,,12.8,264.93981481481484,5.253703703703703,1013.2370370370371,,,,27.17685185185185,126.9675925925926,11.648148148148149,,2.6,,3.6,,11.5,269.85648148148147,5.6476851851851855,1013.4337962962964,
2025-03-19,,,15.726829268292683,132.64878048780488,11.446601941747574,,2.3,,3.3,,11.6,221.0,6.321951219512195,1023.2220588235293,,,,24.802197802197803,136.06593406593407,11.401639344262295,,2.5,,3.8,,8.8,210.37362637362637,7.001098901098901,1023.268156424581,
2025-03-20,,,22.04055944055944,74.7027972027972,11.109440559440559,,1.2,,2.0,,11.1,227.8916083916084,9.001398601398602,1019.6206293706293,,,,22.837062937062935,125.25874125874125,11.358391608391608,,1.6,,2.4,,10.4,237.07986111111111,8.955902777777778,1020.0250000000001,
2025-03-21,,,19.074912891986063,92.02090592334494,11.188501742160279,,1.6,,2.4,,13.7,214.5993031358885,12.32787456445993,1013.2376306620209,,,,20.00625,98.22222222222223,11.439930555555556,,2.2,,3.8,,11.9,226.02430555555554,12.530208333333333,1013.7506944444444,
2025-03-22,,,19.29340277777778,71.85416666666667,11.43125,,1.5,,2.4,,12.7,201.84375,14.382638888888888,1010.3583333333333,,,,16.399652777777778,122.88194444444444,11.49826388888889,,2.2,,3.4,,10.2,211.22916666666666,13.840625,1010.6954861111111,
2025-03-23,,,21.048958333333335,58.329861111111114,11.856944444444444,,1.1,,1.8,,13.0,207.125,13.76388888888889,1010.6354166666666,,,,15.150694444444444,93.19097222222223,11.619298245614035,,1.6,,2.4,,9.6,217.39236111111111,13.26875,1011.0263888888888,
2025-03-24,,,20.78710801393728,70.18815331010452,11.878048780487806,,1.5,,2.0,,12.6,200.47038327526133,13.831358885017421,1005.7073170731708,,,,15.831249999999999,88.96180555555556,11.71951219512195,,1.8,,2.6,,11.5,223.46180555555554,13.277777777777779,1006.1847222222223,
2025-03-25,,,15.032867132867132,99.52797202797203,11.944755244755246,,1.5,,2.5,,13.7,207.67132867132867,14.595104895104894,1001.5258741258742,,,,20.810104529616726,96.40418118466899,11.765724381625441,,1.7,,3.0,,13.6,217.10763888888889,13.375694444444443,1002.2097222222224,
2025-03-26,,,17.774912891986062,161.13937282229966,12.255052264808361,,1.2,,2.1,,9.4,159.65156794425087,14.769337979094077,1007.1264808362369,,,,24.51013986013986,127.42307692307692,11.729020979020978,,1.4,,2.4,,8.6,166.46875,14.538888888888888,1007.1881944444444,
2025-03-27,,,19.023426573426573,127.9055944055944,11.98006993006993,,1.3,,1.9,,12.4,175.63636363636363,14.772727272727273,1000.9157342657344,,,,19.297163120567376,169.68085106382978,11.898920863309353,,1.1,,2.0,,11.4,185.95833333333334,14.77222222222222,1001.0062499999999,
2025-03-28,,,26.539236111111112,168.80208333333334,12.05,,1.3,,2.3,,14.3,109.88194444444444,10.412847222222222,1011.3871527777778,,,,2.4552816901408447,208.47535211267606,12.126501766784452,,0.1,,0.3,,6.7,90.85664335664336,10.641608391608392,1011.4290209790211,
2025-03-29,,,25.49375,143.6875,11.882291666666667,,1.1,,2.2,,10.0,255.93055555555554,8.421180555555557,1019.984375,,,,2.100348432055749,192.94076655052265,12.112631578947369,,0.1,,0.2,,9.0,233.04166666666666,8.32951388888889,1019.9826388888889,
2025-03-30,,,26.294791666666665,140.69791666666666,11.590972222222222,,0.8,,1.2,,9.0,230.75347222222223,5.455902777777777,1028.0743055555556,,,,1.972822299651568,218.13588850174216,11.691459074733096,,0.1,,0.1,,5.1,240.66666666666666,5.627083333333333,1028.048611111111,
2025-03-31,,,28.29409722222222,136.26388888888889,11.643055555555556,,0.6,,0.8,,7.6,243.75347222222223,7.152430555555556,1026.7788194444445,,,,1.5663194444444446,203.625,11.731095406360424,,0.0,,0.1,,5.5,228.93055555555554,6.915277777777778,1026.728472222222,
2025-04-01,,,39.4,56.0,11.6,,0.3,,0.4,,2.7,320.0,6.9,1025.1,,,,1.4314685314685314,195.9090909090909,11.796842105263158,,0.1,,0.2,,5.3,164.01388888888889,8.64201388888889,1023.1680555555556,
2025-04-02,,,22.882578397212544,157.86411149825784,11.945993031358885,,1.4,,2.3,,8.8,183.04513888888889,9.861458333333333,1019.2680555555556,,,,1.664,223.04666666666665,11.793288590604027,,0.1,,0.2,,6.5,224.32894736842104,9.61578947368421,1020.1065789473685,
2025-04-03,,,19.571527777777778,167.31597222222223,12.106944444444444,,1.2,,2.2,,10.6,193.68055555555554,9.442361111111111,1020.3538194444445,,,,2.888073394495413,178.8165137614679,10.622222222222222,,0.2,,0.4,,0.5,119.51351351351352,10.845045045045044,1020.4872727272727,
2025-04-04,,,14.628472222222221,95.78125,12.210416666666667,,0.9,,1.4,,7.8,230.39583333333334,10.136458333333334,1020.6968750000001,,,,17.135335689045938,187.01060070671377,11.008480565371025,,1.2,,2.0,,6.6,161.96875,11.075347222222222,1020.6892361111111,
2025-04-05,,,19.262717770034843,89.62369337979094,11.972473867595818,,1.1,,1.6,,10.9,216.20209059233449,12.095121951219513,1014.5749128919861,,,,26.9,203.0,11.9,,0.6,,0.8,,5.1,226.0,11.7,1019.3,
2025-04-06,,,17.045296167247386,84.70383275261324,11.858536585365854,,1.1,,1.7,,11.2,218.65505226480838,12.364459930313588,1014.273519163763,,,,19.42862190812721,119.32508833922262,11.980918727915194,,1.2,,2.0,,9.9,237.21951219512195,12.597560975609756,1014.4414634146342,
2025-04-07,,,20.011805555555554,81.11805555555556,11.892708333333333,,1.1,,1.8,,12.8,221.12152777777777,12.897916666666667,1017.4329861111112,,,,22.557839721254357,102.93728222996516,11.930662020905922,,1.2,,1.9,,10.1,218.94791666666666,13.058333333333334,1017.8454861111111,
2025-04-08,,,16.36421052631579,92.29122807017544,11.80877192982456,,1.5,,2.3,,15.8,153.43859649122808,14.05298245614035,1012.8908771929825,,,,18.16148409893993,148.3957597173145,11.833215547703182,,1.6,,2.7,,13.0,168.8397212543554,13.52020905923345,1013.2759581881534,
2025-04-09,,,16.461111111111112,127.17708333333333,12.15625,,0.9,,1.5,,7.5,190.50694444444446,12.414930555555555,1013.1319444444445,,,,30.094306049822062,139.85409252669038,12.093950177935943,,1.0,,1.5,,8.1,135.23611111111111,12.73576388888889,1013.0673611111112,
2025-04-10,,,16.444791666666667,69.01041666666667,12.06388888888889,,1.0,,1.7,,12.7,155.81944444444446,13.756250000000001,1005.8562499999999,,,,24.372027972027972,131.7762237762238,11.996853146853146,,1.3,,1.9,,11.4,172.39236111111111,13.378819444444444,1006.0718750000001,
2025-04-11,,,20.08466898954704,175.70731707317074,12.650174216027875,,0.6,,0.9,,3.8,221.25,13.031597222222222,1011.3552083333333,,,,32.62781690140845,144.39084507042253,12.089084507042255,,0.8,,1.2,,3.6,173.53125,13.175347222222221,1011.2923611111112,
2025-04-12,,,22.626041666666666,170.57638888888889,13.064930555555556,,1.5,,2.1,,11.3,188.16666666666666,12.45451388888889,1010.5538194444445,,,,36.37163120567376,132.81560283687944,11.925177304964539,,1.4,,2.2,,10.9,145.80208333333334,12.237847222222221,1010.4093750000001,
2025-04-13,,,22.455087719298245,101.64561403508772,12.318245614035087,,2.5,,3.6,,14.3,233.92631578947368,10.894385964912281,1000.337894736842,,,,36.64823943661972,125.70422535211267,11.661971830985916,,2.3,,3.6,,13.5,234.44097222222223,10.821527777777778,1000.5736111111112,
2025-04-14,,,17.408163265306122,144.89795918367346,11.215306122448979,,1.3,,1.8,,6.8,250.72448979591837,7.242857142857142,1002.8857142857144,,,,31.434628975265017,148.13427561837455,11.530742049469964,,2.5,,3.7,,9.8,185.17708333333334,8.962499999999999,999.607986111111,
2025-04-15,,,,,,,,,,,,,,,,,,29.165845070422538,139.55985915492957,11.472183098591549,,2.3,,3.3,,11.8,257.4861111111111,10.722222222222221,1004.734375,
2025-04-16,,,,,,,,,,,,,,,,,,31.491512915129153,131.80811808118082,11.581918819188191,,1.7,,2.6,,10.2,217.78676470588235,13.125735294117646,1009.7518382352941,
2025-04-17,,,,,,,,,,,,,,,,,,26.585815602836878,134.39361702127658,11.798936170212766,,1.8,,2.3,,10.5,223.26041666666666,14.801388888888889,1010.4888888888888,
2025-04-18,,,,,,,,,,,,,,,,,,24.634615384615383,118.68881118881119,11.868881118881118,,1.3,,2.2,,11.2,216.18402777777777,14.386111111111111,1010.6045138888888,
2025-04-19,,,,,,,,,,,,,,,,,,22.869122807017543,77.15087719298245,11.92140350877193,,1.0,,1.4,,10.6,218.81944444444446,14.43923611111111,1011.4184027777778,
2025-04-20,,,,,,,,,,,,,,,,,,25.144210526315792,157.6140350877193,12.010211267605634,,1.7,,2.4,,10.8,72.25347222222223,12.835416666666667,1013.798263888889,
2025-04-21,,,,,,,,,,,,,,,,,,19.919298245614034,98.08070175438597,12.562807017543859,,1.0,,1.5,,6.8,51.329861111111114,13.252777777777778,1017.2236111111112,
2025-04-22,,,,,,,,,,,,,,,,,,27.314335664335662,87.18531468531468,12.739298245614034,,1.8,,2.9,,12.1,192.73611111111111,14.316319444444446,1007.5093750000001,
2025-04-23,,,,,,,,,,,,,,,,,,21.426595744680853,171.93617021276594,12.583870967741936,,2.7,,4.0,,14.1,39.02777777777778,12.45,1007.0406250000001,
2025-04-24,,,,,,,,,,,,,,,,,,30.928321678321677,121.26573426573427,12.753003533568904,,1.0,,1.6,,10.5,206.78472222222223,13.735416666666667,1007.7569444444445,
2025-04-25,,,,,,,,,,,,,,,,,,33.32140350877193,142.40701754385964,12.597879858657244,,0.9,,1.4,,10.2,219.58680555555554,14.756944444444445,1013.5496527777777,
2025-04-26,,,,,,,,,,,,,,,,,,41.39685314685315,142.54895104895104,12.340989399293287,,1.2,,1.8,,10.6,227.74564459930315,13.863763066202091,1018.3501742160279,
2025-04-27,,,,,,,,,,,,,,,,,,41.10282685512367,146.660777385159,12.16120996441281,,0.9,,1.4,,10.7,216.16666666666666,15.131944444444445,1015.3406249999999,
2025-04-28,,,30.843715846994535,123.93989071038251,12.582513661202185,,0.9,,1.2,,12.0,138.3956043956044,15.049180327868852,1006.6972375690608,,,,39.28771929824561,141.66666666666666,12.122968197879858,,1.6,,2.5,,13.5,202.65263157894736,14.922456140350876,1008.4087719298245,
2025-04-29,,,26.354166666666668,126.51041666666667,12.254513888888889,,1.4,,2.2,,11.3,178.62152777777777,12.625,1013.8031249999999,,,,39.09649122807018,151.0140350877193,12.237102473498233,,2.2,,3.1,,13.0,142.68055555555554,12.797569444444443,1013.8600694444444,
2025-04-30,,,27.71602787456446,91.26480836236934,12.119512195121953,,1.0,,1.4,,11.2,196.98257839721254,14.0595818815331,1015.4177700348433,,,,36.85017667844523,141.57950530035336,12.438214285714285,,1.3,,1.8,,9.4,213.01393728222996,14.18432055749129,1015.822299651568,
2025-05-01,,,25.886062717770034,88.41811846689896,12.217421602787457,,1.4,,2.2,,12.7,196.57491289198606,14.686411149825783,1010.8637630662022,,,,31.683972125435538,139.05226480836237,12.725087108013938,,1.6,,2.4,,14.3,214.57291666666666,14.976736111111112,1010.9045138888889,
2025-05-02,,,18.1,82.0,12.8,,1.0,,1.3,,3.1,224.0,13.9,1007.3,,,,26.845804195804195,139.45454545454547,13.056338028169014,,0.9,,1.4,,9.5,210.22569444444446,15.69236111111111,1008.5343750000001,
2025-05-03,,,22.649128919860626,125.36585365853658,12.875609756097562,,1.0,,1.4,,7.7,212.66898954703834,13.013240418118468,1007.7993031358886,,,,23.10669014084507,144.70070422535213,13.168571428571427,,1.4,,2.1,,8.1,223.60416666666666,13.726388888888888,1007.7440972222222,
2025-05-04,,,24.261805555555554,76.81597222222223,12.992708333333333,,0.8,,1.3,,11.5,232.95486111111111,14.455555555555556,1011.9437499999999,,,,22.69929328621908,58.41696113074205,13.213523131672599,,1.1,,1.6,,9.6,239.30902777777777,14.59861111111111,1012.2114583333334,
2025-05-05,,,14.299999999999999,183.76736111111111,13.377777777777778,,0.5,,0.9,,6.4,167.95138888888889,14.011805555555556,1012.8569444444444,,,,28.5612676056338,76.69366197183099,13.325531914893618,,0.5,,0.7,,6.6,140.98611111111111,14.040277777777778,1012.720138888889,
2025-05-06,,,13.526480836236933,160.57839721254356,13.634494773519164,,0.9,,1.6,,6.9,274.2229965156794,13.247386759581882,1007.0487804878048,,,,9.4,63.0,13.8,,0.4,,0.6,,5.2,354.0,12.5,1009.3,
2025-05-07,,,14.052777777777777,192.15277777777777,13.967708333333333,,0.7,,1.0,,4.1,217.51041666666666,13.523263888888888,1013.7069444444444,,,,27.837762237762238,57.0,13.520357142857144,,1.1,,1.7,,4.2,242.94097222222223,13.719791666666667,1013.6930555555555,
2025-05-08,,,17.589930555555554,178.16319444444446,14.780902777777776,,0.5,,0.7,,3.4,234.22222222222223,15.243055555555555,1018.4892361111112,,,,22.592657342657343,137.54545454545453,13.702846975088969,,0.5,,1.1,,3.4,201.97222222222223,14.929513888888888,1018.4118055555555,
2025-05-09,,,14.001048951048952,186.6993006993007,14.578321678321677,,2.6,,4.1,,12.4,194.55244755244755,15.177972027972027,1009.2157342657343,,,,34.33929824561404,123.13333333333334,13.904225352112677,,2.8,,4.4,,11.5,181.1951219512195,15.13588850174216,1009.0480836236933,
2025-05-10,,,13.055555555555555,119.38888888888889,14.180208333333333,,2.3,,3.3,,12.3,218.74305555555554,16.56736111111111,1001.0545138888889,,,,27.292334494773517,84.2787456445993,13.044912280701755,,2.5,,4.3,,13.7,222.19444444444446,15.286458333333334,1001.5500000000001,
2025-05-11,,,17.93576388888889,144.62152777777777,13.511111111111111,,1.1,,1.7,,10.9,217.39236111111111,14.606597222222222,1006.4402777777777,,,,27.082578397212544,131.66898954703834,12.792932862190813,,1.3,,2.0,,9.1,231.76736111111111,14.575694444444444,1006.6788194444445,
2025-05-12,,,16.778125000000003,163.46180555555554,13.353819444444445,,0.9,,1.4,,10.5,218.15277777777777,16.38611111111111,1010.0225694444445,,,,37.191986062717774,113.25435540069687,12.967375886524824,,1.0,,1.6,,9.6,231.58536585365854,15.812543554006968,1010.3867595818815,
2025-05-13,,,16.447038327526133,132.73519163763066,12.939372822299651,,0.9,,1.4,,12.2,196.5156794425087,15.609756097560975,1015.4282229965157,,,,38.455244755244756,130.4825174825175,13.142105263157895,,0.7,,1.3,,10.1,212.75,15.410763888888889,1015.9267361111112,
2025-05-14,,,18.228819444444444,130.17361111111111,12.911458333333334,,0.7,,1.1,,10.9,193.50694444444446,15.410069444444446,1017.3461805555556,,,,34.35923344947735,137.18815331010452,13.333449477351916,,0.5,,0.8,,8.4,218.10763888888889,15.320138888888888,1017.7569444444445,
2025-05-15,,,23.045833333333334,124.28472222222223,12.534027777777778,,0.6,,1.0,,8.8,196.21875,16.220833333333335,1016.8708333333333,,,,36.39154929577465,97.14788732394366,13.454929577464789,,0.7,,1.1,,9.5,226.23958333333334,16.17673611111111,1017.1725694444444,
2025-05-16,,,21.78611111111111,158.49305555555554,12.867708333333333,,1.0,,1.5,,7.6,161.56597222222223,16.15277777777778,1014.3114583333333,,,,40.37031802120141,90.3321554770318,13.714840989399294,,0.9,,1.4,,7.0,169.51388888888889,16.68402777777778,1014.3479166666667,
2025-05-17,,,15.380902777777777,152.84375,13.535763888888889,,1.9,,2.9,,12.4,204.27777777777777,16.281944444444445,1005.0288194444444,,,,38.06853146853147,53.68531468531469,14.45157894736842,,2.2,,2.9,,11.6,217.55902777777777,16.24375,1005.4024305555556,
2025-05-18,,,29.381597222222222,164.42361111111111,13.474305555555555,,1.0,,1.9,,9.5,164.74305555555554,15.992013888888888,1009.748611111111,,,,39.7780487804878,49.22299651567944,14.493031358885018,,1.1,,1.6,,9.7,165.1875,16.039583333333333,1009.8399305555556,
2025-05-19,,,14.019163763066203,108.2404181184669,13.613937282229964,,1.0,,1.5,,12.5,202.9547038327526,15.806620209059233,1008.687456445993,,,,48.48456140350877,44.6140350877193,14.690845070422535,,0.9,,1.4,,11.8,216.61805555555554,16.515972222222224,1009.1843749999999,
2025-05-20,,,21.550871080139373,95.74912891986062,12.762020905923345,,0.9,,1.4,,12.5,196.41114982578398,17.23937282229965,1009.4205574912893,,,,48.555747126436785,52.32,14.331999999999999,,1.2,,1.6,,11.4,210.38983050847457,17.34858757062147,1010.0621468926554,
2025-05-21,,,23.182142857142857,65.23214285714286,13.225892857142856,,0.9,,1.7,,7.4,197.76785714285714,15.845535714285715,1009.5258928571428,,,,,,,,,,,,,,,,
2025-05-22,,,,,,,,,,,,,,,,,,,,,,,,,,,,,,
2025-05-23,,,5.70873786407767,168.16504854368932,16.05,,0.1,,0.4,,5.5,324.04237288135596,18.981355932203392,1011.5912698412699,,,,8.670192307692307,205.2403846153846,15.981904761904762,,0.1,,0.2,,5.5,313.68888888888887,19.097037037037037,1011.5507352941177,
2025-05-24,,,23.462369337979094,148.83623693379792,15.641811846689896,,0.7,,1.1,,3.5,304.6829268292683,15.589547038327526,1007.8689895470384,,,,14.782867132867132,176.47202797202797,15.665734265734265,,0.1,,0.2,,3.6,316.9479166666667,15.559375000000001,1007.8201388888889,
2025-05-25,,,81.33636363636364,128.05050505050505,14.137373737373736,,0.9,,3.2,,2.6,228.97560975609755,16.295470383275262,1014.125087108014,,,,39.323170731707314,197.27235772357724,20.215853658536588,,1.5,,2.7,,2.9,241.75694444444446,17.00173611111111,1014.0979166666667,
2025-05-26,,,,,,,0.5,,1.0,,1.9,205.14982578397212,17.825783972125436,1018.0836236933798,,,,62.44479166666666,198.86805555555554,22.214285714285715,,1.2,,1.7,,1.3,140.98611111111111,18.453819444444445,1018.092361111111,
2025-05-27,,,,,,,0.6,,1.3,,1.6,183.37979094076655,18.412543554006966,1018.7425087108013,,,,51.97291666666667,173.13194444444446,21.52013888888889,,0.6,,1.0,,0.8,152.98611111111111,19.280902777777776,1018.7468749999999,
2025-05-28,,,,,,,0.4,,0.6,,2.2,235.57839721254356,19.505923344947735,1018.0428571428571,,,,34.488850174216026,154.74564459930315,22.309059233449478,,0.2,,0.6,,2.1,121.90625,19.73923611111111,1018.0434027777778,
2025-05-29,,,,,,,1.2,,3.8,,2.9,258.31597222222223,19.263194444444444,1015.3319444444444,,,,11.37380073800738,193.53676470588235,20.154411764705884,,2.6,,6.2,,8.7,101.84558823529412,18.53125,1015.3011029411765,
2025-05-30,,,,,,,0.5,,0.7,,5.9,271.8333333333333,18.016666666666666,1012.6822916666666,,,,37.295138888888886,195.01041666666666,19.770833333333332,,0.7,,1.2,,6.4,73.83680555555556,18.205555555555556,1012.6579861111111,
2025-05-31,,,24.029629629629632,146.2469135802469,19.955555555555556,,0.5,,1.0,,7.0,207.50871080139373,18.133449477351917,1011.2379790940766,,,,44.039350180505416,155.67870036101084,16.57111913357401,,1.0,,1.7,,6.1,156.56597222222223,17.883333333333333,1011.3732638888889,
2025-06-01,,,26.166783216783216,205.3111888111888,16.362587412587413,,1.0,,2.0,,3.1,147.5625,17.63784722222222,1010.3395833333333,,,,42.21289198606272,115.59233449477352,16.56341463414634,,1.4,,1.9,,3.1,184.79166666666666,17.73715277777778,1010.4572916666667,
2025-06-02,,,13.6,176.0,17.3,,0.4,,0.6,,2.5,182.0,18.0,1008.2,,,,39.187152777777776,67.76041666666667,16.530902777777776,,1.3,,2.1,,5.9,198.39236111111111,17.8125,1005.0961805555556,
2025-06-03,,,13.48576388888889,177.90625,17.109722222222224,,1.1,,1.7,,9.7,215.74652777777777,18.371875000000003,999.1909722222222,,,,47.69825783972125,57.63066202090592,16.839024390243903,,1.4,,2.2,,6.9,136.10416666666666,18.661458333333332,999.3010416666667,
2025-06-04,,,17.86423611111111,126.60763888888889,17.078819444444445,,0.9,,1.6,,11.9,234.90277777777777,19.985069444444445,1003.8517361111111,,,,45.11701388888889,38.802083333333336,16.37777777777778,,1.1,,1.9,,10.0,239.63888888888889,20.06736111111111,1004.2701388888888,
2025-06-05,,,11.263194444444444,175.35763888888889,16.97986111111111,,0.6,,1.1,,10.1,224.67708333333334,18.772222222222222,1010.4690972222221,,,,45.911458333333336,36.15625,16.119097222222223,,0.6,,1.0,,9.1,210.56944444444446,19.177430555555556,1010.7121527777776,
2025-06-06,,,11.167361111111111,143.53819444444446,16.577083333333334,,0.8,,1.2,,10.3,205.38541666666666,19.094444444444445,1009.6340277777776,,,,48.1,36.0,15.8,,0.4,,0.6,,6.1,216.0,17.0,1010.5,
2025-06-07,,,10.665277777777778,159.14930555555554,15.693402777777777,,0.8,,1.2,,10.7,206.54513888888889,18.52673611111111,1008.8187499999999,,,,67.79722222222222,39.71527777777778,16.555208333333333,,0.6,,0.9,,9.3,211.35069444444446,18.71423611111111,1009.3246527777778,
2025-06-08,,,22.21080139372822,202.02090592334494,15.444947735191636,,0.5,,0.6,,8.0,192.875,18.88576388888889,1008.6597222222222,,,,57.74930555555555,39.03125,16.675694444444446,,0.4,,0.6,,7.0,216.78819444444446,19.277083333333334,1008.8670138888889,
2025-06-09,,,24.900348432055747,191.62717770034843,15.538675958188154,,0.7,,1.0,,4.6,218.81533101045295,18.882229965156792,1008.474912891986,,,,53.22951388888889,78.71180555555556,16.819791666666667,,0.7,,1.0,,4.5,208.87847222222223,19.63611111111111,1008.4534722222221,
2025-06-10,,,25.173263888888886,138.97569444444446,15.75,,0.7,,1.2,,10.4,196.94791666666666,18.522222222222222,1006.1201388888888,,,,55.18958333333333,67.79513888888889,17.089930555555554,,0.8,,1.2,,9.3,196.10763888888889,19.174999999999997,1006.4059027777779,
2025-06-11,,,26.757638888888888,176.14583333333334,15.437152777777776,,0.5,,0.9,,7.2,176.02777777777777,19.644444444444446,1010.2458333333333,,,,51.84513888888889,74.38888888888889,16.744791666666668,,0.5,,0.9,,6.1,203.51736111111111,20.648263888888888,1010.3454861111111,
2025-06-12,,,31.66597222222222,159.74652777777777,15.439930555555556,,0.3,,0.5,,4.8,161.93402777777777,18.585416666666667,1015.6048611111112,,,,47.74201388888889,97.85763888888889,16.359027777777776,,0.4,,0.7,,4.0,174.82291666666666,18.89340277777778,1015.5673611111112,
2025-06-13,,,31.732746478873242,131.42957746478874,15.325352112676056,,0.3,,0.5,,2.6,220.3846153846154,18.556293706293708,1014.7318181818181,,,,45.94236111111111,115.22222222222223,16.23170731707317,,0.3,,0.6,,3.8,185.22222222222223,18.858680555555555,1014.6631944444445,
2025-06-14,,,33.70729166666667,161.89583333333334,15.912152777777777,,1.1,,1.7,,9.5,143.38888888888889,19.56076388888889,1003.0447916666667,,,,51.05763888888889,88.9375,16.19097222222222,,1.3,,2.1,,12.8,186.95138888888889,19.359375,1003.0833333333334,
2025-06-15,,,17.53402777777778,123.98611111111111,15.651041666666666,,1.1,,1.7,,11.3,198.74305555555554,18.413194444444443,1001.1892361111111,,,,41.368750000000006,73.07638888888889,15.956944444444446,,1.5,,1.9,,9.0,219.8125,18.808333333333334,1001.6857638888889,
2025-06-16,,,25.500347222222224,161.87152777777777,14.590277777777779,,1.0,,1.8,,10.2,193.9375,18.393749999999997,1000.2375000000001,,,,41.19370629370629,65.0034965034965,15.493006993006993,,1.3,,2.0,,9.9,219.83680555555554,19.162152777777777,1000.7694444444444,
2025-06-17,,,18.84201388888889,120.11458333333333,13.832638888888889,,1.0,,1.5,,10.4,192.20138888888889,17.88611111111111,1006.8843750000001,,,,44.34652777777777,55.295138888888886,15.253472222222221,,1.2,,1.6,,8.8,213.30902777777777,19.040625,1007.4447916666666,
2025-06-18,,,17.573958333333334,124.08680555555556,13.452083333333333,,0.9,,1.5,,11.4,200.71527777777777,16.797222222222224,1010.8631944444444,,,,46.510416666666664,41.77777777777778,15.167361111111111,,0.9,,1.3,,9.5,215.51736111111111,18.110763888888886,1011.4364583333333,
2025-06-19,,,15.119298245614035,120.93333333333334,13.479649122807016,,0.7,,1.3,,9.6,196.7937062937063,17.321678321678323,1013.5618881118882,,,,44.75331010452962,61.965156794425084,15.112891986062717,,0.7,,1.1,,9.0,216.42508710801394,19.142160278745646,1013.9418118466898,
2025-06-20,,,14.013541666666667,111.44444444444444,12.808680555555556,,0.9,,1.5,,9.3,201.50694444444446,18.89409722222222,1010.2218750000001,,,,47.72638888888889,42.482638888888886,15.006250000000001,,1.0,,1.6,,10.2,225.35069444444446,19.57986111111111,1010.6180555555555,
2025-06-21,,,16.460763888888888,108.21180555555556,11.511805555555556,,1.3,,2.2,,10.0,184.46180555555554,18.096180555555556,1005.5739583333333,,,,52.15347222222223,35.31944444444444,14.164583333333333,,1.4,,1.9,,12.6,220.15625,19.238541666666666,1005.8809027777778,
2025-06-22,,,26.26111111111111,131.70486111111111,11.276388888888889,,1.2,,1.7,,10.8,189.23958333333334,16.91111111111111,1006.2840277777777,,,,52.69340277777778,47.416666666666664,15.608333333333333,,1.4,,2.3,,11.2,210.63888888888889,18.70486111111111,1006.3774305555556,
2025-06-23,,,23.279861111111114,159.08333333333334,11.976041666666667,,0.4,,0.7,,3.4,190.55208333333334,19.82361111111111,1007.9416666666667,,,,48.34444444444445,88.72222222222223,15.876041666666667,,0.6,,0.9,,3.8,178.4375,20.736805555555556,1007.8774305555556,
2025-06-24,,,38.89930555555556,168.59027777777777,13.932638888888889,,0.5,,0.8,,5.2,131.94791666666666,18.80625,1009.3215277777776,,,,59.36689895470383,79.33449477351917,17.234146341463415,,0.9,,1.5,,7.2,64.62847222222223,18.880555555555556,1009.0881944444445,
2025-06-25,,,24.093379790940766,156.06968641114983,16.502090592334497,,0.9,,1.4,,10.9,146.0383275261324,19.1595818815331,1008.3487804878048,,,,66.88140350877194,87.36842105263158,17.979649122807018,,0.9,,1.6,,9.5,160.53846153846155,19.724125874125875,1008.5157342657343,
2025-06-26,,,20.346180555555556,164.51041666666666,15.629166666666666,,0.9,,1.5,,10.1,196.88888888888889,19.490277777777777,1008.2604166666666,,,,57.018750000000004,93.93402777777777,16.164583333333333,,1.0,,1.5,,9.6,217.02777777777777,19.514236111111114,1008.579513888889,
2025-06-27,,,29.393749999999997,146.84722222222223,15.021875000000001,,0.7,,1.1,,6.6,186.93055555555554,18.628124999999997,1008.5184027777777,,,,52.82326388888889,120.63541666666667,15.505208333333334,,0.5,,0.8,,7.8,215.10069444444446,19.524305555555557,1008.5625,
2025-06-28,,,27.491319444444443,132.45138888888889,16.334375,,0.6,,1.0,,9.6,199.59375,19.380208333333332,1007.7430555555555,,,,54.28784722222222,111.89930555555556,15.568402777777777,,0.6,,1.0,,8.1,214.10416666666666,19.69965277777778,1008.0618055555556,
2025-06-29,,,25.023263888888888,130.43402777777777,15.661805555555556,,0.7,,1.1,,10.9,194.29513888888889,19.228472222222223,1007.8697916666666,,,,47.65555555555555,112.03125,15.695486111111112,,0.5,,0.8,,8.7,217.01736111111111,19.922916666666666,1008.3204861111111,
2025-06-30,,,30.17256944444445,145.13541666666666,14.479166666666666,,0.5,,0.8,,10.2,201.73263888888889,19.84548611111111,1010.9194444444444,,,,39.197916666666664,92.57638888888889,16.142013888888886,,0.5,,0.7,,9.3,219.15277777777777,21.069097222222222,1011.376388888889,
2025-07-01,,,21.199305555555554,112.23611111111111,14.193055555555555,,0.5,,0.7,,10.2,200.04513888888889,19.819791666666667,1012.8093749999999,,,,46.64340277777777,50.885416666666664,16.529166666666665,,0.4,,0.7,,8.6,219.69791666666666,21.496180555555554,1013.2420138888889,
2025-07-02,,,14.491608391608393,160.19230769230768,14.317832167832169,,0.6,,1.0,,9.2,199.95104895104896,19.733566433566434,1012.2895104895105,,,,59.29965156794425,46.59233449477352,17.204195804195802,,0.5,,0.8,,8.6,219.71527777777777,21.157794676806084,1012.6885416666667,
2025-07-03,,,4.5,116.0,15.0,,0.3,,0.5,,3.5,232.0,18.8,1011.9,,,,52.39895470383275,44.08362369337979,17.136933797909407,,0.6,,0.9,,9.2,220.31944444444446,22.118411552346572,1010.3947916666667,
2025-07-04,,,8.761805555555556,112.51736111111111,14.0,,0.9,,1.3,,10.4,210.44444444444446,20.072222222222223,1007.4736111111112,,,,56.311458333333334,39.94097222222222,17.20138888888889,,0.7,,1.1,,9.6,216.44791666666666,22.05763888888889,1007.8795138888888,
2025-07-05,,,9.267708333333333,107.94791666666667,14.121527777777779,,0.9,,1.4,,10.1,209.47222222222223,20.644444444444446,1005.5052083333334,,,,52.13310104529617,42.181184668989545,17.028919860627177,,0.6,,1.1,,9.7,212.43402777777777,22.228472222222223,1005.9652777777778,
2025-07-06,,,8.715277777777779,134.73611111111111,14.590972222222222,,0.8,,1.3,,9.3,215.35069444444446,21.03611111111111,1004.2256944444445,,,,38.88993055555555,38.447916666666664,16.427430555555556,,0.7,,1.2,,9.0,213.92708333333334,22.567605633802817,1004.5802083333333,
2025-07-07,,,18.267247386759582,248.57839721254356,16.441114982578398,,0.6,,0.9,,4.1,157.2439024390244,24.304878048780488,1005.7742160278746,,,,28.8,51.0,15.2,,0.4,,0.6,,5.0,218.0,22.9,1004.8,
2025-07-08,,,35.34826388888889,226.22569444444446,21.05972222222222,,0.6,,1.1,,9.9,56.482638888888886,24.610763888888886,1008.8465277777777,,,,55.91597222222222,87.84722222222223,21.49548611111111,,1.2,,1.7,,9.8,33.15277777777778,23.45019011406844,1008.6802083333334,
2025-07-09,,,25.4,216.83859649122806,23.81894736842105,,1.0,,1.6,,11.0,74.51929824561404,25.563859649122808,1010.3294736842106,,,,47.282986111111114,114.09722222222223,24.905208333333334,,1.5,,2.2,,12.2,36.99652777777778,25.34336917562724,1010.0045138888888,
2025-07-10,,,23.734027777777776,192.10416666666666,24.908680555555556,,1.0,,1.6,,11.8,70.17013888888889,26.078819444444445,1011.529861111111,,,,46.05138888888889,121.60416666666667,25.182291666666668,,1.6,,2.8,,13.4,31.520833333333332,25.856250000000003,1011.0600694444444,
2025-07-11,,,20.634722222222223,187.29861111111111,24.959722222222226,,1.6,,2.4,,12.9,36.44444444444444,25.429166666666667,1012.7663194444444,,,,45.64425087108014,188.09756097560975,24.491637630662023,,2.0,,3.3,,14.2,33.708333333333336,25.085069444444443,1012.2121527777776,
2025-07-12,,,17.97152777777778,142.50694444444446,24.80625,,1.3,,2.2,,9.5,40.795138888888886,24.849305555555556,1010.7590277777776,,,,37.19513888888889,161.88194444444446,24.202777777777776,,1.8,,2.9,,11.7,32.645833333333336,24.596874999999997,1010.3788194444444,
2025-07-13,,,24.02951388888889,138.77083333333334,24.700694444444444,,0.9,,1.3,,8.9,93.89236111111111,24.471874999999997,1002.6715277777779,,,,37.876041666666666,108.61111111111111,24.179166666666667,,1.0,,1.6,,8.3,37.364583333333336,24.36296296296296,1002.4788194444445,
2025-07-14,,,23.958333333333332,175.27430555555554,24.88125,,0.9,,1.4,,9.4,147.80902777777777,23.335763888888888,994.0565972222222,,,,38.7775,121.21428571428571,24.720357142857143,,1.2,,2.1,,9.6,140.025,24.229880478087647,993.9817857142858,
2025-07-15,,,21.175694444444446,99.85763888888889,24.902083333333334,,1.4,,2.1,,12.7,228.98958333333334,24.087847222222223,996.1388888888889,,,,35.87708333333333,131.16666666666666,24.385069444444444,,1.6,,2.4,,12.3,234.96180555555554,24.137630662020907,996.2927083333333,
2025-07-16,,,19.997212543554006,93.71777003484321,23.234146341463415,,0.9,,1.4,,7.7,218.8885017421603,24.834843205574913,1004.8331010452961,,,,38.16875,100.23263888888889,22.763194444444444,,0.9,,1.6,,6.8,227.77430555555554,24.78842105263158,1004.9451388888889,
2025-07-17,,,15.332638888888889,111.50347222222223,22.159374999999997,,1.1,,1.9,,9.2,204.77083333333334,24.80902777777778,1007.4538194444444,,,,43.114285714285714,74.4808362369338,21.565505226480838,,1.1,,1.7,,9.7,189.44791666666666,25.309815950920246,1007.4166666666666,
2025-07-18,,,14.213888888888889,95.80208333333333,21.708333333333332,,1.4,,2.2,,7.8,193.89583333333334,23.585069444444443,1008.8843750000001,,,,22.929965156794424,106.26480836236934,21.813588850174217,,1.5,,2.2,,6.7,202.69444444444446,23.37962962962963,1008.84375,
2025-07-19,,,13.805594405594405,123.8041958041958,20.791608391608392,,1.4,,2.1,,9.4,184.15384615384616,22.71993006993007,1012.3314685314685,,,,40.55173611111111,73.32986111111111,20.195486111111112,,1.4,,2.1,,11.1,191.66319444444446,23.680303030303033,1012.3121527777779,
2025-07-20,,,16.066550522648086,132.66550522648083,20.813240418118465,,0.7,,1.1,,3.5,214.51736111111111,24.82361111111111,1014.0447916666667,,,,56.33645833333333,52.91319444444444,21.769444444444446,,0.7,,1.1,,3.9,221.68055555555554,26.03611111111111,1014.0333333333333,
2025-07-21,,,13.136111111111111,188.09375,21.192708333333332,,0.6,,0.9,,9.0,222.11458333333334,24.884375,1015.0093750000001,,,,60.73020833333333,82.07986111111111,21.624652777777776,,0.7,,1.1,,5.8,220.78125,25.711363636363636,1015.2496527777779,
2025-07-22,,,22.59616724738676,168.63066202090593,19.27526132404181,,0.6,,0.9,,7.8,210.91666666666666,24.63611111111111,1014.5104166666666,,,,66.49895833333333,45.84027777777778,22.04513888888889,,0.7,,1.1,,7.4,218.89583333333334,26.719158878504672,1014.6368055555556,
2025-07-23,,,31.515467625899277,188.6474820143885,18.292086330935252,,0.5,,0.8,,3.3,242.44604316546761,25.08812949640288,1013.2410071942446,,,,71.55000000000001,56.19064748201439,22.617625899280576,,0.6,,0.8,,3.2,210.57194244604315,26.392086330935253,1013.1931654676259,
2025-07-24,,,32.35659722222223,143.92013888888889,18.58298611111111,,0.5,,0.9,,4.5,189.57638888888889,24.733680555555555,1011.6350694444445,,,,68.05400696864112,66.45993031358886,22.2506993006993,,0.5,,0.8,,4.6,148.94425087108013,25.21080139372822,1011.502787456446,
2025-07-25,,,28.355400696864113,179.81184668989548,18.989895470383278,,0.8,,1.2,,4.1,153.49128919860627,26.233101045296166,1010.319512195122,,,,73.72048611111111,65.01041666666667,23.15798611111111,,0.7,,1.1,,5.5,78.38194444444444,26.09722222222222,1010.1097222222221,
2025-07-26,,,26.447038327526133,178.50871080139373,18.944947735191636,,0.7,,1.1,,4.0,138.84375,25.90972222222222,1009.014236111111,,,,72.62395833333333,60.104166666666664,24.089930555555554,,0.6,,1.0,,5.4,77.39930555555556,26.539930555555557,1008.8013888888888,
2025-07-27,,,24.352430555555557,158.76736111111111,19.98923611111111,,0.8,,1.2,,4.1,162.60416666666666,27.382638888888888,1007.3583333333333,,,,77.01388888888889,66.11805555555556,25.425694444444446,,0.7,,1.2,,5.3,84.07986111111111,27.719097222222224,1007.1510416666666,
2025-07-28,,,22.329268292682926,170.3623693379791,19.485714285714284,,1.1,,1.6,,3.9,238.01393728222996,26.325435540069684,1004.5864111498257,,,,62.82534722222223,72.20833333333333,25.047222222222224,,1.0,,1.5,,3.2,233.77083333333334,27.080208333333335,1004.4913194444445,
2025-07-29,,,19.41923076923077,152.04195804195805,19.10034965034965,,0.5,,0.9,,4.4,197.93706293706293,25.537762237762237,1002.5150349650349,,,,66.50662020905924,66.0383275261324,24.27282229965157,,0.5,,0.9,,3.7,175.16724738675958,26.68850174216028,1002.3567944250872,
2025-07-30,,,11.702430555555557,163.20138888888889,20.084027777777777,,0.7,,1.0,,4.3,191.53125,25.970138888888886,1002.4486111111112,,,,72.915625,38.635416666666664,25.939930555555556,,0.8,,1.2,,6.0,131.87152777777777,27.157291666666666,1002.2902777777776,
2025-07-31,,,14.844497607655502,159.60765550239233,21.367942583732056,,0.8,,1.0,,5.2,162.31578947368422,26.684688995215314,1003.9401913875598,,,,67.88541666666667,33.40972222222222,26.34652777777778,,1.0,,1.7,,5.7,85.90277777777777,27.444097222222222,1003.8072916666666,
2025-08-01,,,16.29090909090909,187.6509090909091,24.145289855072466,,0.6,,0.9,,4.2,159.2246376811594,27.254710144927536,1003.6616788321168,,,,79.46180555555556,31.62847222222222,27.170486111111114,,0.8,,1.2,,4.6,157.02430555555554,27.730555555555554,1003.6076388888889,
2025-08-02,,,28.296503496503497,218.8041958041958,25.404545454545453,,0.5,,0.9,,4.7,215.5261324041812,27.410104529616724,1003.3257839721255,,,,63.143055555555556,45.239583333333336,26.67013888888889,,0.7,,0.9,,4.5,235.73263888888889,28.018055555555556,1003.326736111111,
2025-08-03,,,11.6,166.0,26.3,,0.4,,0.5,,0.2,234.0,27.5,1003.7,,,,96.20243902439024,30.33101045296167,27.105923344947733,,1.1,,1.8,,13.1,222.32291666666666,28.083680555555556,1002.8420138888889,
2025-08-04,,,15.50034843205575,151.57491289198606,22.89616724738676,,2.0,,2.6,,12.7,210.02787456445992,26.354355400696864,1001.8289198606273,,,,63.53472222222222,39.135416666666664,24.428125,,1.7,,2.5,,14.1,212.44791666666666,27.538888888888888,1002.09375,
2025-08-05,,,16.820138888888888,191.06597222222223,19.287847222222222,,1.2,,1.9,,8.4,200.91319444444446,24.721180555555556,1005.4631944444445,,,,82.15381944444444,35.802083333333336,23.768749999999997,,1.4,,2.1,,10.0,221.20486111111111,26.76909722222222,1005.6552083333333,
2025-08-06,,,16.98815331010453,182.10452961672473,17.73937282229965,,2.0,,2.9,,9.4,203.6341463414634,23.992682926829268,1003.6473867595819,,,,73.8178947368421,35.757894736842104,20.98,,2.2,,3.1,,12.6,220.8986013986014,25.682167832167835,1003.9734265734267,
2025-08-07,,,22.51736111111111,186.84375,16.308333333333334,,1.6,,2.2,,7.0,152.04861111111111,24.603472222222223,1002.2413194444445,,,,64.2,26.0,18.0,,1.6,,1.8,,7.9,211.0,23.8,1001.9,
2025-08-08,,,35.23645833333333,201.82986111111111,18.304166666666667,,1.3,,1.8,,3.0,199.40277777777777,23.999305555555555,1004.9017361111112,,,,61.32256944444445,92.98263888888889,18.586458333333333,,1.5,,2.3,,3.6,207.68055555555554,24.36111111111111,1004.8586805555556,
2025-08-09,,,24.865505226480835,199.38327526132403,18.510452961672474,,0.8,,1.0,,11.0,234.34494773519162,22.64006968641115,1004.9742160278745,,,,60.05243055555555,89.35416666666667,19.24548611111111,,0.9,,1.4,,8.8,198.86458333333334,23.142013888888886,1004.9618055555555,
2025-08-10,,,33.57839721254356,154.5156794425087,17.96655052264808,,1.3,,2.0,,5.7,163.81533101045295,22.145296167247388,1002.602787456446,,,,56.596180555555556,87.71180555555556,21.589930555555554,,1.6,,2.0,,7.5,135.86458333333334,22.628819444444446,1002.4749999999999,
2025-08-11,,,29.865853658536587,142.72473867595818,18.945644599303133,,1.0,,1.5,,9.5,191.6376306620209,22.617770034843208,1005.7912891986061,,,,63.17118055555555,65.75694444444444,23.166666666666668,,1.4,,2.2,,8.2,154.38194444444446,23.79861111111111,1005.6215277777778,
2025-08-12,,,27.570486111111112,133.24305555555554,20.661805555555556,,0.9,,1.4,,5.5,251.01736111111111,22.747916666666665,1011.4579861111112,,,,59.806250000000006,89.67708333333333,22.72326388888889,,1.1,,1.6,,6.1,154.09722222222223,23.02951388888889,1011.3524305555555,
2025-08-13,,,22.7993031358885,131.25783972125436,21.213937282229963,,0.9,,1.3,,8.2,213.45644599303137,24.646689895470384,1014.6432055749128,,,,41.99860627177701,92.82578397212544,20.55331010452962,,1.2,,1.6,,8.4,224.52961672473867,24.725435540069686,1014.8606271777004,
2025-08-14,,,21.977430555555557,129.73611111111111,19.57361111111111,,0.7,,1.0,,9.2,209.57986111111111,23.885416666666668,1015.3649305555555,,,,47.40625,54.3125,19.16840277777778,,0.7,,1.1,,7.7,222.04861111111111,24.991666666666667,1015.6170138888889,
2025-08-15,,,22.97836879432624,151.0177304964539,18.08723404255319,,0.6,,0.8,,4.1,177.9964664310954,24.774911660777384,1015.0982332155477,,,,59.28501742160279,68.13588850174216,21.34494773519164,,0.9,,1.3,,4.4,199.04861111111111,26.318055555555556,1015.0743055555556,
2025-08-16,,,17.412152777777777,133.87152777777777,18.959027777777777,,0.5,,0.8,,7.9,212.78472222222223,24.34722222222222,1013.4486111111112,,,,53.462020905923346,42.749128919860624,21.930313588850176,,0.5,,0.9,,6.2,220.41666666666666,25.843055555555555,1013.642013888889,
2025-08-17,,,18.82832167832168,136.63636363636363,18.676573426573427,,0.6,,0.9,,9.0,209.7972027972028,23.907342657342657,1014.0132867132867,,,,43.7972027972028,87.4965034965035,18.722727272727273,,0.5,,0.8,,7.2,221.71080139372822,24.585017421602785,1014.1501742160278,
2025-08-18,,,20.998947368421053,128.02456140350878,17.524912280701756,,0.6,,1.0,,9.4,211.4,23.361754385964915,1014.5200000000001,,,,61.36354166666667,37.482638888888886,20.334722222222222,,0.6,,1.0,,8.2,219.47916666666666,25.255555555555556,1014.6934027777778,
2025-08-19,,,15.293728222996517,130.97560975609755,16.928571428571427,,0.6,,1.0,,9.6,213.64808362369337,23.985017421602787,1012.315331010453,,,,77.03449477351917,36.41114982578397,22.231010452961673,,0.7,,1.0,,8.2,221.25,25.723958333333332,1012.5715277777776,
2025-08-20,,,15.715277777777779,138.80555555555554,16.835069444444443,,0.5,,0.7,,8.1,218.69097222222223,24.154861111111114,1010.765625,,,,64.29340277777777,42.40277777777778,21.922916666666666,,0.4,,0.7,,6.7,218.97569444444446,25.949305555555554,1010.9784722222222,
2025-08-21,,,26.55798611111111,136.71527777777777,17.40277777777778,,0.6,,0.9,,4.9,225.0625,25.120833333333334,1010.7013888888889,,,,69.37118055555555,68.81597222222223,20.431944444444444,,0.8,,1.1,,5.1,244.30902777777777,26.36111111111111,1010.7166666666667,
2025-08-22,,,26.202777777777776,114.70833333333333,17.961111111111112,,0.5,,0.8,,7.0,220.73263888888889,24.958333333333332,1009.46875,,,,65.29442508710801,83.34494773519164,22.145993031358884,,0.5,,0.8,,6.1,232.74652777777777,26.509027777777778,1009.5204861111112,
2025-08-23,,,18.546527777777776,172.29513888888889,16.59097222222222,,0.6,,1.0,,9.2,205.9375,23.331944444444446,1010.0309027777779,,,,55.81463414634146,86.57839721254355,18.546341463414635,,0.6,,1.0,,7.9,224.29166666666666,23.865625,1010.2256944444445,
2025-08-24,,,30.55034722222222,154.62152777777777,15.30347222222222,,0.4,,0.7,,6.1,198.29513888888889,21.75173611111111,1011.8156250000001,,,,50.318749999999994,124.67708333333333,16.843402777777776,,0.5,,0.8,,6.3,212.62847222222223,22.685069444444444,1011.8739583333333,
2025-08-25,,,37.922916666666666,156.99652777777777,14.265625,,0.6,,0.8,,9.2,199.68055555555554,21.54861111111111,1011.1878472222221,,,,43.74236111111111,122.96180555555556,16.48784722222222,,0.4,,0.7,,7.3,224.20833333333334,23.14548611111111,1011.5288194444444,
2025-08-26,,,38.41637630662021,139.29268292682926,12.889895470383276,,0.8,,1.4,,10.6,204.78048780487805,20.127177700348433,1009.6,,,,45.7375,120.77777777777777,16.544791666666665,,0.8,,1.3,,10.1,221.75694444444446,23.081249999999997,1010.0006944444444,
2025-08-27,,,30.292334494773517,145.404181184669,12.542857142857143,,0.5,,0.9,,5.6,128.22569444444446,20.966319444444444,1011.7326388888889,,,,55.84583333333333,81.27083333333333,18.407291666666666,,0.7,,1.2,,5.6,84.14930555555556,23.018749999999997,1011.7048611111111,
2025-08-28,,,26.02062937062937,111.75524475524476,14.223426573426574,,0.5,,0.8,,4.4,166.83216783216784,23.164685314685315,1013.8377622377621,,,,73.41713286713286,42.72377622377623,23.767482517482517,,1.2,,2.1,,5.3,110.55594405594405,25.961888111888115,1013.7377622377622,
2025-08-29,,,13.093055555555557,147.36805555555554,14.820833333333333,,0.7,,1.0,,9.2,202.13194444444446,22.99375,1013.9784722222222,,,,61.10868055555555,69.61805555555556,21.375,,1.1,,1.7,,7.5,216.68402777777777,25.248611111111114,1014.2267361111111,
2025-08-30,,,15.13554006968641,144.74912891986062,14.71149825783972,,0.5,,0.8,,8.2,196.4390243902439,22.138675958188156,1014.2198606271776,,,,34.655902777777776,120.15277777777777,18.838541666666668,,0.7,,0.9,,6.2,224.97222222222223,24.281597222222224,1014.3618055555556,
2025-08-31,,,15.994444444444444,140.67708333333334,14.922222222222224,,0.3,,0.6,,6.0,201.55902777777777,22.175694444444446,1011.8041666666666,,,,60.062717770034844,55.41463414634146,20.327874564459933,,0.5,,0.8,,5.7,210.75,24.725,1011.8711805555556,
2025-09-01,,,15.99513888888889,170.65277777777777,14.916319444444444,,0.9,,1.6,,8.4,209.52083333333334,22.664236111111112,1008.5159722222221,,,,59.73715277777777,33.142361111111114,21.200694444444444,,0.9,,1.5,,9.4,223.09722222222223,24.62847222222222,1008.7003472222223,
2025-09-02,,,12.598263888888889,136.44791666666666,14.950347222222222,,0.9,,1.3,,8.1,188.38194444444446,21.244097222222223,1009.5979166666667,,,,29.280902777777776,113.1875,17.381944444444443,,0.8,,1.3,,7.3,185.37152777777777,22.61388888888889,1009.6673611111112,
2025-09-03,,,5.1,53.0,13.2,,0.4,,0.6,,0.0,209.0,20.9,1012.0,,,,43.597569444444446,110.59027777777777,18.023263888888888,,0.6,,0.9,,7.1,29.854166666666668,21.947569444444444,1012.1076388888889,
2025-09-04,,,20.400348432055747,176.56794425087108,18.9588850174216,,0.9,,1.3,,7.6,151.97560975609755,25.247386759581882,1009.8522648083623,,,,65.00069444444445,29.444444444444443,25.678472222222222,,1.3,,1.9,,8.3,28.74652777777778,25.975694444444443,1009.6145833333334,
2025-09-05,,,17.14146341463415,162.49825783972125,24.12822299651568,,0.9,,1.3,,9.4,145.57491289198606,26.022996515679445,1010.7926829268292,,,,40.402430555555554,76.64930555555556,26.111805555555556,,1.7,,2.6,,8.5,145.20833333333334,26.56875,1010.7152777777778,
2025-09-06,,,14.49513888888889,138.38888888888889,25.491666666666667,,0.8,,1.2,,10.1,232.01736111111111,26.625347222222224,1010.2538194444444,,,,36.19618055555556,110.01388888888889,25.95659722222222,,1.1,,1.8,,9.2,244.68055555555554,27.202777777777776,1010.4576388888888,
2025-09-07,,,18.988501742160278,135.0801393728223,21.587108013937282,,0.9,,1.5,,9.0,233.31010452961672,26.652264808362368,1007.7871080139373,,,,72.8,24.0,23.4,,0.6,,0.9,,6.0,218.0,26.7,1008.5,
2025-09-08,,,31.050174216027873,173.98606271777004,19.154006968641113,,0.5,,0.7,,4.5,203.55052264808361,23.7006968641115,1010.6031358885017,,,,41.94305555555556,121.70833333333333,19.84861111111111,,0.5,,0.9,,4.7,128.78472222222223,24.316319444444446,1010.546875,
2025-09-09,,,32.27638888888889,193.09722222222223,19.831249999999997,,0.4,,0.8,,7.1,215.96180555555554,22.178819444444443,1012.5100694444445,,,,37.17673611111111,139.99305555555554,21.52673611111111,,0.9,,1.4,,7.9,24.979166666666668,22.458680555555556,1012.2562499999999,
2025-09-10,,,25.804166666666667,165.19791666666666,21.227430555555557,,1.0,,1.4,,7.4,202.01388888888889,23.69861111111111,1012.2864583333334,,,,41.654513888888886,84.73263888888889,24.751041666666666,,1.3,,2.3,,9.2,23.381944444444443,24.461111111111112,1011.9590277777778,
2025-09-11,,,18.35261324041812,241.18118466898954,25.300696864111497,,1.3,,2.1,,11.1,191.90592334494772,25.26376306620209,1015.432055749129,,,,31.454006968641114,119.63066202090593,26.449477351916375,,2.5,,4.0,,13.0,17.05226480836237,25.64390243902439,1015.0198606271778,
2025-09-12,,,12.037500000000001,131.34722222222223,26.563194444444445,,1.7,,2.7,,9.3,124.05555555555556,25.568402777777777,1013.6812500000001,,,,36.490624999999994,94.76736111111111,26.623958333333334,,2.6,,3.6,,11.7,39.427083333333336,25.969791666666666,1013.3204861111111,
2025-09-13,,,12.242013888888888,150.53472222222223,26.271180555555556,,1.8,,2.8,,15.9,198.80555555555554,25.503124999999997,1008.1381944444444,,,,32.628571428571426,73.07317073170732,25.95993031358885,,2.0,,2.8,,16.0,178.1219512195122,25.766898954703834,1008.1644599303137,
2025-09-14,,,9.554006968641115,148.3588850174216,25.925087108013937,,0.8,,1.3,,4.4,163.08680555555554,24.468402777777776,1012.2090277777778,,,,34.25347222222222,115.35416666666667,25.284374999999997,,1.1,,1.6,,7.1,114.9375,24.874305555555555,1012.1128472222222,
2025-09-15,,,10.813194444444443,154.60069444444446,25.615277777777777,,0.7,,0.9,,4.0,225.65625,26.464930555555554,1015.3711805555556,,,,39.7,150.8125,25.461458333333333,,0.9,,1.4,,4.0,211.25347222222223,26.533680555555556,1015.3534722222222,
2025-09-16,,,7.391666666666667,160.56439393939394,25.251698113207546,,0.8,,1.3,,9.8,226.13584905660377,26.625283018867925,1013.3652830188679,,,,32.877037037037034,114.9,24.826666666666664,,0.8,,1.3,,8.1,224.05555555555554,26.472592592592594,1013.5848148148149,
2025-09-17,,,7.079649122807018,176.56140350877192,23.630526315789474,,0.7,,1.2,,10.3,213.5157894736842,26.41719298245614,1010.6063157894737,,,,32.13205574912892,105.22996515679442,23.03344947735192,,0.9,,1.4,,8.5,221.5993031358885,26.426132404181185,1010.7686411149825,
2025-09-18,,,7.590277777777778,182.96527777777777,22.943402777777777,,1.7,,2.5,,9.9,100.65277777777777,22.710416666666667,1015.5166666666667,,,,41.609722222222224,153.48611111111111,23.213194444444444,,1.2,,1.7,,11.3,29.54513888888889,22.95798611111111,1015.1774305555555,
2025-09-19,,,6.75,198.21875,23.736458333333335,,1.4,,1.8,,8.4,89.61805555555556,23.005902777777777,1017.3659722222224,,,,35.949305555555554,157.73611111111111,23.53588850174216,,1.3,,2.4,,10.4,21.447916666666668,23.174305555555556,1017.0072916666666,
2025-09-20,,,6.44375,171.90972222222223,24.1,,1.2,,1.8,,9.2,166.52083333333334,24.10486111111111,1008.7961805555556,,,,42.984027777777776,88.29166666666667,24.1,,1.8,,2.6,,11.2,153.71875,24.578819444444445,1008.7868055555555,
2025-09-21,,,7.708333333333333,204.375,24.522222222222222,,2.4,,18.6,,11.5,106.40972222222223,22.169791666666665,1016.3909722222221,,,,38.18680555555555,194.87152777777777,24.773263888888888,,1.8,,2.8,,13.6,68.34375,22.594791666666666,1016.0649305555556,
2025-09-22,,,6.765972222222222,188.42361111111111,24.326041666666665,,1.9,,2.9,,11.0,124.92708333333333,22.678472222222222,1020.4833333333333,,,,38.61215277777777,169.75347222222223,24.359375,,2.2,,3.3,,12.7,22.21875,23.195138888888888,1019.9822916666667,
2025-09-23,,,7.146527777777777,182.60763888888889,24.212152777777778,,1.3,,2.2,,10.9,147.57291666666666,22.75451388888889,1019.4944444444445,,,,33.378819444444446,134.64930555555554,24.214930555555554,,1.9,,3.1,,12.2,28.086805555555557,23.085069444444443,1019.0513888888888,
2025-09-24,,,6.806597222222222,186.63541666666666,24.364930555555556,,1.4,,2.0,,6.4,217.92708333333334,24.415625,1015.6232638888889,,,,35.01909722222222,82.60416666666667,24.503819444444446,,1.4,,2.2,,7.1,114.37847222222223,24.755902777777777,1015.5847222222224,
2025-09-25,,,7.648263888888888,173.90972222222223,24.919791666666665,,0.9,,1.4,,5.2,206.55555555555554,25.518749999999997,1017.1579861111111,,,,33.61498257839721,87.72822299651568,24.46898954703833,,1.1,,1.5,,5.2,208.31358885017423,25.049477351916376,1017.2543554006969,
2025-09-26,,,7.481597222222222,179.99305555555554,24.47152777777778,,0.6,,1.0,,6.7,202.4375,24.11284722222222,1018.6927083333334,,,,26.13715277777778,128.65277777777777,24.216319444444444,,0.7,,1.1,,6.9,127.91666666666667,24.352083333333333,1018.6708333333333,
2025-09-27,,,7.397222222222222,180.8125,24.640972222222224,,1.0,,1.6,,7.7,117.42708333333333,24.034374999999997,1018.3031249999999,,,,25.79340277777778,159.71875,24.634027777777778,,1.2,,1.9,,8.8,37.076388888888886,24.289583333333333,1018.1013888888889,
2025-09-28,,,6.652430555555556,187.43055555555554,24.592361111111114,,1.3,,1.9,,8.6,249.89930555555554,24.169791666666665,1011.3621527777777,,,,18.494773519163765,166.29616724738676,23.528919860627177,,1.5,,2.7,,9.2,253.0487804878049,24.437282229965156,1011.3965156794425,
2025-09-29,,,7.102090592334495,188.26829268292684,23.585365853658537,,0.7,,1.0,,8.0,165.85714285714286,22.526132404181183,1012.219512195122,,,,15.416666666666666,215.11458333333334,23.297222222222224,,1.1,,1.6,,6.8,181.04861111111111,22.87013888888889,1012.2065972222222,
2025-09-30,,,7.609027777777778,187.42361111111111,23.499305555555555,,0.5,,0.9,,4.4,245.15625,21.525,1013.2913194444445,,,,44.96041666666667,155.15972222222223,23.396527777777777,,1.0,,1.7,,4.5,214.17013888888889,21.78576388888889,1013.2010416666667,
2025-10-01,,,12.35281690140845,130.55633802816902,23.654929577464788,,0.5,,0.7,,4.5,257.6021126760563,22.767253521126758,1013.1978873239437,,,,39.02369337979094,36.36585365853659,23.881533101045296,,0.8,,1.3,,4.5,270.006968641115,23.271080139372824,1013.1170731707316,
2025-10-02,,,23.34861111111111,200.96527777777777,23.813541666666666,,0.4,,0.6,,6.0,169.44791666666666,22.599652777777777,1017.5309027777779,,,,35.35868055555555,127.19444444444444,23.618402777777778,,0.4,,0.7,,5.6,146.17708333333334,22.883680555555557,1017.4222222222221,
2025-10-03,,,13.766202090592335,202.01045296167248,23.799651567944252,,1.9,,2.8,,7.3,127.35416666666667,21.475,1017.3753472222221,,,,43.24285714285715,87.20557491289199,23.874564459930312,,1.9,,2.9,,8.8,101.42508710801394,21.72822299651568,1017.1317073170732,
2025-10-04,,,8.0,200.0,23.5,,1.1,,1.5,,5.4,323.0,20.9,1013.7,,,,34.51354166666667,100.59722222222223,24.29965277777778,,1.7,,2.4,,7.5,167.17708333333334,22.949305555555554,1013.6354166666666,
2025-10-05,,,16.321875,165.60763888888889,24.204166666666666,,0.6,,0.9,,4.4,202.94791666666666,22.55902777777778,1014.688888888889,,,,48.04895833333333,58.479166666666664,24.36388888888889,,0.8,,1.3,,7.8,177.39583333333334,23.102430555555557,1014.5520833333334,
2025-10-06,,,15.652961672473866,130.29965156794424,24.236585365853657,,1.1,,1.6,,7.1,155.22222222222223,21.806944444444444,1015.9437499999999,,,,46.939930555555556,137.98263888888889,23.7875,,1.1,,2.0,,8.8,67.71875,22.356250000000003,1015.6885416666667,
2025-10-07,,,15.12326388888889,137.89583333333334,23.967361111111114,,2.0,,2.7,,7.1,201.05208333333334,22.536458333333332,1015.2291666666666,,,,42.76006944444444,97.09027777777777,24.773958333333333,,2.3,,3.3,,6.9,116.72569444444444,23.256944444444443,1014.9888888888888,
2025-10-08,,,20.992361111111112,135.04166666666666,24.377083333333335,,1.3,,2.1,,9.7,129.92361111111111,23.18125,1015.703125,,,,88.2,41.0,24.8,,1.4,,1.6,,5.5,351.0,23.4,1014.4,
2025-10-09,,,22.609027777777776,147.76041666666666,24.356250000000003,,2.6,,3.4,,11.1,108.91666666666667,22.144444444444446,1019.1913194444444,,,,41.85451388888889,109.48958333333333,24.05173611111111,,3.5,,4.9,,11.6,61.614583333333336,22.621180555555554,1018.9326388888888,
2025-10-10,,,23.822916666666668,108.95486111111111,24.235763888888886,,1.9,,2.7,,7.7,60.857638888888886,22.38576388888889,1018.7854166666667,,,,47.713541666666664,86.26388888888889,24.24375,,2.4,,3.4,,9.1,43.87152777777778,22.9375,1018.5315972222221,
2025-10-11,,,21.328125,145.80555555555554,24.325000000000003,,1.1,,1.7,,5.1,194.67013888888889,23.061805555555555,1013.4375,,,,51.18159722222222,114.44097222222223,24.18472222222222,,1.2,,1.9,,6.0,192.97916666666666,23.811805555555555,1013.3756944444444,
2025-10-12,,,17.58327526132404,204.9547038327526,23.912891986062718,,1.1,,1.9,,9.3,173.89198606271776,21.680487804878048,1012.9986062717769,,,,44.06341463414634,151.25087108013938,23.68327526132404,,1.4,,2.0,,11.7,101.63541666666667,22.447569444444444,1012.7750000000001,
2025-10-13,,,25.498958333333334,231.46875,23.788888888888888,,1.1,,1.9,,6.5,229.95486111111111,20.450694444444444,1015.8059027777776,,,,49.318749999999994,130.38541666666666,23.67361111111111,,2.1,,3.5,,8.7,24.32986111111111,21.159374999999997,1015.5371527777778,
2025-10-14,,,17.517013888888886,167.39236111111111,23.703472222222224,,2.1,,3.2,,7.3,273.77777777777777,19.83090277777778,1016.4184027777778,,,,35.49652777777778,178.25,23.696527777777778,,2.0,,3.0,,9.7,14.60763888888889,20.734375,1016.0694444444445,
2025-10-15,,,13.728919860627178,139.78397212543555,23.803135888501743,,1.6,,2.5,,8.4,193.14634146341464,22.10452961672474,1019.4937282229965,,,,42.641666666666666,166.98958333333334,23.67361111111111,,1.7,,2.8,,9.7,36.361111111111114,22.577430555555555,1019.2038194444444,
2025-10-16,,,12.481881533101046,190.0487804878049,24.06794425087108,,1.3,,2.1,,8.5,200.0766550522648,21.80766550522648,1017.4174216027874,,,,27.374652777777776,126.78125,23.625694444444445,,1.7,,2.7,,10.7,112.0625,22.273263888888888,1017.1520833333333,
2025-10-17,,,15.246180555555554,202.32291666666666,24.220833333333335,,1.5,,2.1,,9.6,117.78472222222223,22.495833333333334,1021.640625,,,,28.12222222222222,161.59027777777777,23.967708333333334,,2.4,,3.3,,10.9,53.729166666666664,22.928472222222222,1021.3881944444444,
2025-10-18,,,13.285416666666666,146.04861111111111,24.053472222222222,,1.8,,2.8,,9.8,177.52430555555554,21.347569444444446,1017.6062499999999,,,,28.780902777777776,122.32638888888889,23.95347222222222,,2.0,,3.3,,10.8,130.33680555555554,21.648611111111112,1017.4131944444445,
2025-10-19,,,19.010069444444444,173.82638888888889,24.039930555555557,,2.0,,2.9,,10.6,137.52777777777777,19.967708333333334,1022.4260416666667,,,,27.806597222222223,152.28472222222223,23.819444444444443,,2.3,,3.9,,12.2,125.03472222222223,20.340625000000003,1022.1555555555556,
2025-10-20,,,16.340625000000003,159.64930555555554,23.785069444444446,,1.7,,2.7,,10.3,264.03472222222223,17.694791666666667,1024.1222222222223,,,,29.88819444444444,140.30208333333334,23.680902777777778,,2.3,,3.2,,11.3,127.00694444444444,18.37951388888889,1023.7989583333333,
2025-10-21,,,18.879166666666666,168.18402777777777,23.514236111111114,,1.9,,3.0,,9.6,329.14930555555554,16.79201388888889,1025.8892361111111,,,,26.083566433566432,139.93006993006992,23.565734265734267,,2.5,,3.7,,9.6,134.44599303135888,17.75156794425087,1025.5439024390244,
2025-10-22,,,17.437630662020908,184.3275261324042,23.410104529616724,,3.2,,4.4,,11.6,155.21180555555554,18.256944444444443,1026.1447916666666,,,,30.563541666666666,150.90972222222223,23.34285714285714,,3.7,,5.2,,12.5,43.704861111111114,19.251041666666666,1025.6708333333333,
2025-10-23,,,18.336458333333333,172.39236111111111,23.404166666666665,,3.2,,3.8,,8.2,191.22222222222223,18.314930555555556,1025.9961805555556,,,,34.88298611111111,120.02083333333333,22.929166666666667,,2.9,,4.0,,9.7,110.37152777777777,19.272916666666667,1025.6888888888889,
2025-10-24,,,16.43298611111111,190.9375,23.088194444444444,,2.5,,4.0,,11.8,57.06597222222222,18.518749999999997,1024.5875,,,,31.573611111111113,148.04861111111111,22.740625,,2.9,,4.6,,11.9,66.98263888888889,18.997569444444444,1024.2774305555556,
2025-10-25,,,18.62986111111111,161.08680555555554,22.985069444444445,,2.2,,3.1,,7.8,225.58680555555554,18.912847222222222,1020.2628472222223,,,,35.68888888888889,102.02777777777777,22.510416666666668,,2.6,,3.6,,8.2,170.63541666666666,19.57638888888889,1020.0559027777776,
2025-10-26,,,15.628472222222221,141.21527777777777,22.528819444444444,,1.0,,1.5,,7.2,203.29166666666666,16.908680555555556,1016.4875000000001,,,,49.401041666666664,97.26041666666667,22.30173611111111,,1.2,,1.8,,8.3,242.57638888888889,17.536458333333332,1016.4104166666667,
2025-10-27,,,20.097552447552445,175.6153846153846,22.10979020979021,,0.5,,1.1,,7.8,272.0243902439024,14.372473867595817,1019.125087108014,,,,39.202083333333334,104.66319444444444,21.806597222222223,,0.8,,1.1,,8.1,287.7604166666667,14.57638888888889,1019.2538194444444,
2025-10-28,,,14.804513888888888,160.08333333333334,21.605208333333334,,0.5,,0.9,,6.6,244.77430555555554,11.667361111111111,1026.4788194444445,,,,37.689236111111114,85.79166666666667,21.537847222222222,,0.7,,1.1,,6.1,246.17013888888889,11.949652777777779,1026.435763888889,
2025-10-29,,,17.788888888888888,161.35416666666666,21.677083333333332,,0.7,,1.1,,6.8,213.29166666666666,13.941666666666666,1028.8079861111112,,,,38.6375,94.07986111111111,21.36759581881533,,0.9,,1.5,,8.1,216.76736111111111,14.371527777777779,1028.5892361111112,
2025-10-30,,,12.430555555555555,171.05555555555554,21.726736111111112,,0.8,,1.2,,5.8,220.85763888888889,15.981944444444444,1025.0552083333334,,,,41.400696864111495,124.09756097560975,21.21289198606272,,1.0,,1.5,,6.0,243.85714285714286,16.456097560975607,1024.8874564459932,
2025-10-31,,,9.24861111111111,159.77777777777777,21.914930555555557,,0.7,,1.1,,7.6,260.5138888888889,16.713194444444444,1016.5760416666667,,,,32.62222222222223,97.23263888888889,21.689583333333335,,0.9,,1.6,,8.6,213.88194444444446,17.428819444444443,1016.4329861111112,
2025-11-01,,,10.660763888888889,142.125,21.702430555555555,,0.7,,1.0,,10.7,276.60069444444446,17.015972222222224,1011.8913194444444,,,,29.47222222222222,89.4375,21.614583333333332,,0.7,,1.1,,9.0,282.4166666666667,17.164236111111112,1012.1427083333333,
2025-11-02,,,12.145833333333334,132.82291666666666,21.428125,,0.6,,1.0,,10.3,228.80208333333334,15.36597222222222,1016.5975694444444,,,,31.235763888888886,118.55555555555556,21.14513888888889,,0.8,,1.3,,9.4,271.7673611111111,15.518055555555556,1016.7621527777778,
2025-11-03,,,12.935416666666667,144.57986111111111,21.151041666666668,,2.2,,3.1,,9.8,194.61458333333334,13.01875,1026.4076388888889,,,,33.82020905923345,133.7212543554007,20.748780487804876,,2.7,,3.1,,11.9,125.66319444444444,13.353124999999999,1026.242361111111,
2025-11-04,,,9.8,10.0,20.8,,1.6,,2.3,,6.0,113.0,16.4,1027.2,,,,35.55590277777778,136.43402777777777,20.688541666666666,,2.3,,3.7,,5.9,221.37152777777777,16.085416666666667,1025.851388888889,
2025-11-05,,,27.461458333333333,153.61805555555554,20.943402777777777,,0.9,,1.2,,6.9,200.15277777777777,16.17013888888889,1023.2447916666666,,,,47.19826388888889,86.08333333333333,20.575694444444444,,1.1,,1.7,,7.5,209.87152777777777,16.869791666666668,1023.076736111111,
2025-11-06,,,26.282638888888886,149.22916666666666,20.532291666666666,,0.9,,1.5,,7.5,242.31944444444446,17.095138888888886,1022.8145833333333,,,,52.57534722222223,95.125,20.289930555555557,,1.0,,1.6,,8.0,210.78472222222223,17.46527777777778,1022.7010416666667,
2025-11-07,,,25.499305555555555,152.45833333333334,20.467708333333334,,1.1,,1.5,,9.4,170.08333333333334,17.748611111111114,1024.5913194444445,,,,42.77777777777778,97.39236111111111,20.172916666666666,,1.7,,2.5,,10.1,119.5625,17.944444444444443,1024.4343749999998,
2025-11-08,,,20.774305555555557,158.30555555555554,20.30034722222222,,2.1,,3.9,,10.1,149.05208333333334,17.755208333333332,1022.8565972222223,,,,35.9,41.0,20.0,,1.8,,2.3,,8.8,68.0,18.4,1025.0,
2025-11-09,,,30.334374999999998,141.12847222222223,20.22986111111111,,1.2,,1.7,,8.1,286.99305555555554,15.876388888888888,1015.0510416666667,,,,56.83496503496503,90.81468531468532,20.401748251748252,,1.4,,2.4,,7.2,196.69097222222223,16.109027777777776,1014.9909722222224,
2025-11-10,,,25.642105263157895,144.7824561403509,20.51684210526316,,0.9,,1.3,,5.9,273.40701754385964,13.40280701754386,1017.6136842105263,,,,57.85669014084507,85.79577464788733,20.039788732394367,,0.8,,1.3,,7.2,269.3964912280702,14.029473684210526,1017.7105263157895,
2025-11-11,,,16.868402777777778,200.37152777777777,20.062847222222224,,0.8,,1.3,,8.2,200.18402777777777,12.997222222222222,1020.6746527777777,,,,43.81597222222222,99.69097222222223,19.278819444444444,,1.3,,1.7,,7.8,207.83333333333334,13.762847222222222,1020.5798611111111,
2025-11-12,,,22.20659722222222,216.43402777777777,19.558680555555554,,0.7,,1.1,,6.7,317.0798611111111,15.086458333333333,1021.9208333333333,,,,44.52638888888889,105.24652777777777,19.498958333333334,,1.0,,1.5,,5.8,280.96527777777777,15.333680555555556,1021.7920138888888,
2025-11-13,,,13.89055944055944,146.75524475524475,19.63916083916084,,0.6,,1.0,,4.9,270.7108013937282,14.742508710801395,1017.8717770034843,,,,30.729166666666668,114.78125,19.427083333333332,,0.7,,1.3,,5.9,236.88888888888889,15.550347222222221,1017.7913194444445,
2025-11-14,,,12.604513888888889,196.59722222222223,19.71388888888889,,0.4,,0.6,,6.0,279.55902777777777,14.915972222222223,1018.6597222222222,,,,30.726829268292683,106.59581881533101,19.493728222996516,,0.6,,0.9,,4.8,290.21180555555554,15.459375000000001,1018.6177083333334,
2025-11-15,,,20.460975609756098,155.9128919860627,20.31742160278746,,0.7,,1.1,,6.2,230.6411149825784,14.059233449477352,1025.6059233449478,,,,51.708333333333336,81.37847222222223,20.6,,1.1,,2.1,,6.0,221.51736111111111,14.602083333333333,1025.4961805555556,
2025-11-16,,,16.344097222222224,152.29861111111111,20.15451388888889,,0.7,,0.9,,9.1,266.97222222222223,15.831249999999999,1025.532986111111,,,,36.48159722222223,98.44791666666667,19.86284722222222,,0.8,,1.3,,7.2,274.94097222222223,16.47986111111111,1025.5965277777777,
2025-11-17,,,18.841666666666665,140.86458333333334,19.64340277777778,,0.5,,0.9,,8.8,251.98958333333334,13.215972222222222,1023.4322916666666,,,,35.40694444444445,75.23263888888889,19.211111111111112,,1.6,,2.2,,12.0,286.91319444444446,13.569444444444445,1023.498611111111,
2025-11-18,,,24.162847222222222,173.05208333333334,19.002430555555556,,0.8,,1.5,,9.1,285.75694444444446,7.100347222222222,1024.3777777777777,,,,43.795833333333334,96.28125,18.53576388888889,,1.1,,1.9,,13.0,311.2673611111111,6.927777777777778,1024.4829861111111,
2025-11-19,,,25.03240418118467,95.44250871080139,19.097212543554004,,0.8,,1.2,,4.6,262.8327526132404,7.559233449477352,1024.7714285714287,,,,44.72951388888889,86.73611111111111,19.23923611111111,,1.3,,1.9,,5.9,286.6736111111111,8.174305555555556,1024.7611111111112,
2025-11-20,,,24.476041666666667,158.55208333333334,19.011458333333334,,0.7,,1.0,,7.6,263.2048611111111,11.424305555555556,1022.7527777777777,,,,50.16180555555556,99.99652777777777,18.546875,,1.0,,1.4,,8.3,264.03125,11.769097222222221,1022.9503472222223,
2025-11-21,,,29.761324041811847,106.65505226480836,18.457839721254356,,0.5,,0.8,,8.5,279.6550522648084,11.5198606271777,1023.6257839721253,,,,49.45590277777777,84.75,18.281944444444445,,0.8,,1.2,,7.7,289.2326388888889,11.794444444444444,1023.7434027777776,
2025-11-22,,,22.663541666666667,172.14236111111111,18.18923611111111,,0.6,,0.9,,7.4,279.2013888888889,12.205208333333333,1024.8781250000002,,,,41.687847222222224,120.05902777777777,17.746875000000003,,0.8,,1.5,,7.4,264.9791666666667,12.648263888888888,1024.9888888888888,
2025-11-23,,,24.07986111111111,171.64930555555554,18.473958333333332,,0.7,,1.1,,8.2,260.3263888888889,12.930208333333333,1022.3003472222222,,,,52.16597222222222,106.44444444444444,17.548263888888886,,0.5,,0.8,,7.1,266.43055555555554,13.316319444444444,1022.4322916666666,
2025-11-24,,,19.216319444444444,133.26041666666666,18.205208333333335,,0.5,,0.8,,6.6,244.13194444444446,15.206944444444446,1017.904861111111,,,,46.83923611111111,103.19097222222223,18.205208333333335,,0.5,,1.2,,7.9,248.98263888888889,15.44826388888889,1018.0225694444445,
2025-11-25,,,18.319097222222222,172.64236111111111,17.803472222222222,,0.9,,11.1,,13.7,288.5833333333333,12.862152777777778,1013.9097222222222,,,,36.47465277777778,97.65625,17.68298611111111,,1.2,,1.5,,12.1,277.2986111111111,12.96875,1014.0815972222222,
2025-11-26,,,18.108680555555555,132.92361111111111,17.586111111111112,,0.7,,1.2,,5.4,258.8020833333333,11.474305555555555,1022.9229166666667,,,,44.092013888888886,90.42708333333333,17.851388888888888,,1.4,,2.3,,5.9,258.96180555555554,11.859722222222222,1022.9468750000001,
2025-11-27,,,16.736805555555556,154.00694444444446,17.428472222222222,,1.9,,2.5,,12.5,254.99652777777777,12.047916666666667,1015.6590277777777,,,,31.196527777777778,88.51041666666667,17.237499999999997,,2.0,,3.0,,12.7,259.18055555555554,12.252083333333333,1015.8600694444444,
2025-11-28,,,13.439930555555556,200.04861111111111,17.419444444444444,,1.0,,1.6,,9.3,239.10763888888889,8.660416666666666,1019.3993055555555,,,,32.69895833333333,85.24305555555556,17.138541666666665,,1.2,,1.7,,11.9,279.5486111111111,8.958333333333334,1019.4267361111112,
2025-11-29,,,15.936111111111112,122.30555555555556,16.980555555555554,,0.9,,1.4,,8.3,269.35069444444446,10.93888888888889,1018.6374999999999,,,,22.605208333333334,107.13541666666667,17.177003484320558,,1.4,,2.3,,9.4,264.59027777777777,11.609027777777778,1018.6725694444444,
2025-11-30,,,12.553658536585367,148.26132404181186,16.856794425087106,,0.8,,1.3,,9.5,241.33333333333334,16.91701388888889,1015.9711805555556,,,,19.554513888888888,141.61111111111111,16.661458333333332,,0.8,,1.5,,9.2,236.10416666666666,16.939583333333335,1016.1871527777779,
2025-12-01,,,13.615972222222222,144.20486111111111,16.978125,,0.7,,1.1,,6.5,203.54861111111111,14.83888888888889,1016.6298611111112,,,,25.791319444444444,149.31597222222223,16.694444444444443,,0.8,,1.2,,8.1,215.14930555555554,15.130208333333334,1016.6253472222221,
2025-12-02,,,15.874564459930314,152.34843205574913,16.873519163763067,,0.5,,0.9,,9.0,182.77351916376307,8.974564459930313,1019.2024390243902,,,,32.853658536585364,112.66550522648083,17.16480836236934,,0.9,,1.4,,9.2,268.03484320557493,10.218118466898954,1019.066550522648,
2025-12-03,,,20.688888888888886,141.60763888888889,16.43576388888889,,0.4,,0.7,,10.5,251.44097222222223,3.4302083333333333,1022.0694444444445,,,,36.90486111111111,133.09722222222223,16.54513888888889,,0.7,,1.0,,11.0,298.2673611111111,3.411111111111111,1022.2468749999999,
2025-12-04,,,23.28576388888889,153.48958333333334,16.24513888888889,,0.5,,1.0,,10.5,265.97222222222223,3.466666666666667,1025.0604166666667,,,,41.979166666666664,143.83333333333334,16.016666666666666,,0.7,,1.1,,10.7,283.18055555555554,3.5454861111111113,1025.2513888888889,
2025-12-05,,,19.7,43.0,15.9,,0.3,,0.4,,5.0,249.0,5.2,1023.0,,,,49.568749999999994,152.77777777777777,15.735763888888888,,0.9,,1.3,,8.4,282.30555555555554,5.266666666666667,1025.1392361111111,
2025-12-06,,,22.91533101045296,149.5993031358885,15.942508710801393,,0.6,,0.9,,7.9,237.14982578397212,7.343554006968641,1021.9829268292682,,,,47.91736111111111,140.99652777777777,15.15798611111111,,0.6,,1.0,,8.0,252.16319444444446,7.622222222222222,1022.1159722222224,
2025-12-07,,,24.529965156794425,167.90592334494772,15.665505226480835,,0.7,,1.1,,8.0,228.39236111111111,12.695138888888888,1020.4406250000001,,,,48.63506944444444,126.51736111111111,14.881184668989546,,0.8,,1.2,,7.8,237.52777777777777,12.598263888888889,1020.5451388888889,
2025-12-08,,,26.53472222222222,186.13888888888889,15.167708333333334,,0.6,,1.0,,8.4,258.69097222222223,10.3,1023.7194444444444,,,,48.354166666666664,122.53125,14.733333333333333,,1.0,,1.7,,8.2,257.43402777777777,10.803125000000001,1023.7385416666667,
2025-12-09,,,18.930902777777778,176.43055555555554,14.552777777777777,,0.5,,0.9,,5.2,253.33680555555554,6.398611111111111,1026.038888888889,,,,86.4,25.0,15.5,,0.7,,1.0,,3.3,338.0,7.0,1026.0,
2025-12-10,,,24.652430555555554,170.43055555555554,14.793402777777779,,0.5,,0.7,,5.2,258.1701388888889,8.463888888888889,1025.3493055555555,,,,34.3205574912892,141.22648083623693,15.532752613240417,,0.9,,1.2,,5.3,261.4791666666667,9.336458333333333,1025.3052083333334,
2025-12-11,,,14.418750000000001,201.76388888888889,15.302777777777777,,0.5,,0.8,,7.6,233.3125,12.65451388888889,1018.8982638888889,,,,22.579513888888886,141.375,14.619791666666666,,0.6,,1.0,,7.8,260.96875,13.026388888888889,1018.9548611111111,
2025-12-12,,,13.242361111111112,251.29513888888889,15.62673611111111,,1.6,,2.6,,10.4,284.19097222222223,6.913541666666666,1029.2809027777778,,,,20.427083333333332,187.57638888888889,14.804513888888888,,2.1,,3.3,,12.4,89.09722222222223,7.783680555555555,1028.8913194444444,
2025-12-13,,,14.270034843205575,215.28571428571428,15.868641114982578,,1.3,,2.1,,8.5,230.18466898954705,9.597909407665504,1021.9205574912893,,,,14.21602787456446,163.66898954703834,15.312891986062718,,1.8,,2.5,,9.8,143.48263888888889,10.304513888888888,1021.6756944444444,
2025-12-14,,,11.5397212543554,111.88850174216027,15.704529616724738,,0.7,,0.9,,10.1,290.0696864111498,6.75191637630662,1016.9585365853658,,,,29.85451388888889,87.17361111111111,15.889583333333333,,1.0,,1.5,,11.1,278.40277777777777,6.510416666666667,1017.1788194444445,
2025-12-15,,,19.971180555555556,96.06597222222223,15.664236111111112,,1.3,,2.0,,5.7,260.8958333333333,6.494791666666667,1023.8166666666667,,,,29.05261324041812,87.35540069686411,16.02404181184669,,1.8,,2.5,,5.7,248.27526132404182,7.041114982578397,1023.8871080139372,
2025-12-16,,,16.065624999999997,102.67013888888889,15.79027777777778,,1.4,,2.0,,5.6,272.50347222222223,8.633333333333333,1023.3684027777776,,,,24.726736111111112,121.5625,15.480555555555554,,1.9,,2.7,,4.3,251.48263888888889,9.176736111111111,1023.4149305555555,
2025-12-17,,,11.70173611111111,182.17708333333334,16.158333333333335,,0.7,,1.1,,6.8,279.44444444444446,11.004166666666666,1020.4878472222222,,,,26.74826388888889,139.54513888888889,15.514930555555557,,0.9,,1.4,,7.5,307.36805555555554,11.302777777777777,1020.4642361111112,
2025-12-18,,,17.81701388888889,199.84722222222223,16.244444444444444,,1.3,,1.9,,7.5,261.9791666666667,9.495138888888889,1025.0767361111111,,,,30.438888888888886,126.04166666666667,15.879166666666666,,1.7,,2.3,,5.1,279.9826388888889,10.118055555555555,1025.0774305555556,
2025-12-19,,,19.072569444444444,184.24652777777777,16.521875,,0.9,,1.5,,6.4,254.02083333333334,13.677430555555555,1022.0475694444444,,,,40.87708333333333,130.34722222222223,15.97212543554007,,1.2,,1.8,,6.4,250.45486111111111,14.183333333333334,1022.0555555555555,
2025-12-20,,,20.266319444444445,165.57291666666666,16.81597222222222,,1.1,,1.8,,6.8,267.66319444444446,15.480555555555554,1018.3204861111111,,,,33.12222222222223,136.98611111111111,16.145296167247388,,1.2,,1.7,,5.7,251.24305555555554,16.047569444444445,1018.3711805555556,
2025-12-21,,,19.37212543554007,150.27526132404182,16.45540069686411,,0.7,,1.1,,11.1,216.71428571428572,8.018466898954705,1023.3160278745645,,,,40.13229166666667,105.52083333333333,16.242013888888888,,0.8,,1.2,,9.8,310.7986111111111,8.757986111111112,1023.2479166666667,
2025-12-22,,,21.52638888888889,114.60763888888889,16.61284722222222,,1.1,,1.9,,9.1,169.61111111111111,7.091319444444444,1028.9208333333333,,,,33.497569444444444,144.10763888888889,16.881944444444443,,1.5,,2.1,,10.0,223.39236111111111,7.69201388888889,1028.7868055555555,
2025-12-23,,,21.832291666666666,123.71875,17.131944444444443,,1.1,,1.7,,7.1,263.87847222222223,11.072222222222223,1023.09375,,,,36.80590277777778,136.45833333333334,16.52847222222222,,1.1,,1.7,,6.6,239.37847222222223,11.456944444444444,1022.9993055555556,
2025-12-24,,,19.542508710801393,163.205574912892,16.98432055749129,,0.8,,1.3,,8.0,230.03125,10.70138888888889,1014.576736111111,,,,31.786805555555556,150.40625,16.140625,,1.0,,1.5,,8.5,175.10416666666666,11.65451388888889,1014.375,
2025-12-25,,,16.341319444444444,167.16666666666666,16.562152777777776,,0.7,,1.1,,12.0,302.52430555555554,5.8125,1014.5656250000001,,,,33.56944444444444,118.0,15.887847222222222,,1.1,,1.5,,11.8,293.9513888888889,5.957291666666666,1014.7461805555556,
2025-12-26,,,16.62334494773519,151.01742160278746,15.849128919860627,,1.1,,1.5,,11.1,287.8257839721254,1.3400696864111499,1022.8048780487804,,,,30.005208333333332,146.45833333333334,14.728124999999999,,1.8,,2.7,,13.9,296.83680555555554,1.245486111111111,1022.9555555555556,
2025-12-27,,,16.15625,185.00694444444446,15.546180555555557,,1.1,,1.5,,7.1,265.4375,3.7079861111111114,1024.884375,,,,28.287847222222222,123.63194444444444,14.637152777777779,,1.4,,1.9,,8.2,272.03472222222223,3.6687499999999997,1024.8149305555555,
2025-12-28,,,9.340277777777779,143.22222222222223,15.102083333333333,,0.5,,0.8,,6.4,271.46180555555554,7.250347222222222,1022.9069444444444,,,,33.84722222222222,91.16319444444444,14.916666666666666,,0.9,,1.4,,6.4,263.0625,7.960763888888888,1022.9170138888888,
2025-12-29,,,11.319097222222222,143.63888888888889,15.16701388888889,,0.7,,1.1,,8.5,265.81597222222223,11.117361111111112,1018.0788194444444,,,,18.232752613240418,131.14285714285714,14.415331010452961,,0.8,,1.2,,9.0,253.84027777777777,11.757638888888888,1018.1239583333333,
2025-12-30,,,11.115277777777777,142.15972222222223,15.304861111111112,,0.6,,0.9,,7.9,157.78819444444446,7.113194444444444,1021.7138888888888,,,,41.386805555555554,70.53472222222223,15.796180555555557,,0.7,,1.0,,7.6,254.28472222222223,8.07951388888889,1021.6475694444445,
2025-12-31,,,16.90972222222222,127.90972222222223,15.162152777777777,,0.6,,1.0,,7.6,240.08680555555554,2.910763888888889,1023.7694444444444,,,,27.609407665505227,124.26132404181185,15.122996515679443,,0.8,,1.3,,8.7,316.15972222222223,3.579513888888889,1023.7531250000001,
2026-01-01,,,23.989930555555556,102.64930555555556,14.927777777777777,,0.6,,0.9,,8.5,218.14236111111111,1.6687500000000002,1022.6503472222222,,,,32.03576388888889,141.45486111111111,14.445486111111112,,0.8,,1.2,,10.8,310.94444444444446,1.0704861111111112,1022.7531250000001,
2026-01-02,,,20.147916666666667,140.12152777777777,14.604166666666666,,0.7,,1.1,,12.6,242.3125,1.823263888888889,1021.3201388888889,,,,35.90763888888889,140.39236111111111,13.91875,,0.9,,1.3,,14.4,293.4201388888889,1.7815972222222223,1021.4371527777779,
2026-01-03,,,24.660416666666666,134.27083333333334,14.357291666666665,,0.9,,1.3,,9.2,243.48263888888889,3.3920138888888887,1024.3864583333334,,,,43.425,139.71527777777777,13.538541666666667,,1.1,,1.7,,8.3,281.6458333333333,2.9965277777777777,1024.4576388888888,
2026-01-04,,,27.279166666666665,130.13194444444446,14.299999999999999,,0.9,,1.3,,6.7,286.2638888888889,5.81875,1021.951736111111,,,,41.795138888888886,144.18402777777777,13.589930555555556,,1.0,,1.4,,9.2,268.3229166666667,6.186111111111111,1022.2288194444445,
2026-01-05,,,29.8,44.0,14.1,,0.4,,0.5,,5.1,277.0,7.2,1019.2,,,,41.44285714285714,146.26480836236934,13.603832752613242,,0.8,,1.3,,7.6,284.9895833333333,6.538888888888889,1018.8347222222224,
2026-01-06,,,25.842708333333334,126.44097222222223,14.57986111111111,,0.9,,1.6,,6.5,249.6875,4.732638888888889,1021.0829861111112,,,,40.441319444444446,154.49652777777777,13.465972222222222,,1.0,,1.5,,5.9,275.1145833333333,5.854166666666667,1021.0024305555556,
2026-01-07,,,22.246180555555554,147.80555555555554,14.541666666666666,,0.6,,0.9,,10.1,284.81597222222223,6.7243055555555555,1018.03125,,,,41.19128919860627,152.24738675958187,13.649477351916376,,0.7,,1.0,,9.3,250.76388888888889,7.1461805555555555,1018.2621527777778,
2026-01-08,,,18.882291666666667,157.86458333333334,14.947569444444444,,0.8,,1.3,,8.0,247.67361111111111,2.0555555555555554,1023.8440972222221,,,,31.54930555555556,149.60763888888889,13.635069444444445,,1.3,,2.0,,8.3,276.37152777777777,2.229861111111111,1023.9065972222221,
2026-01-09,,,15.65138888888889,157.95833333333334,14.827430555555557,,0.8,,1.2,,8.1,265.52777777777777,4.121874999999999,1021.7944444444444,,,,0.7,119.0,13.5,,0.9,,1.1,,4.6,252.0,1.6,1025.1,
2026-01-10,,,12.801736111111111,116.3125,14.237152777777778,,2.1,,3.1,,16.3,249.17708333333334,9.3,1011.7878472222224,,,,22.988297872340425,110.51063829787235,13.387455197132617,,2.4,,3.3,,14.6,252.24295774647888,9.443661971830986,1012.8292253521126,
2026-01-11,,,9.387152777777779,97.78472222222223,13.127083333333333,,1.3,,1.9,,11.5,277.7673611111111,1.0756944444444445,1021.2805555555556,,,,14.823045267489713,168.2798353909465,13.460747663551402,,21.5,,2.2,,12.4,287.8060836501901,1.032319391634981,1020.8749049429657,
2026-01-12,,,19.73888888888889,67.18055555555556,13.013541666666667,,1.1,,1.9,,11.1,265.4479166666667,3.471875,1019.9243055555556,,,,25.030208333333334,81.40625,13.130208333333334,,1.7,,2.5,,12.8,244.77430555555554,3.5413194444444445,1019.5288194444444,
2026-01-13,,,8.239236111111111,131.96527777777777,13.060069444444444,,1.4,,2.1,,11.2,266.8298611111111,7.89513888888889,1013.6361111111112,,,,13.90595238095238,94.78571428571429,12.93452380952381,,2.0,,2.8,,12.2,265.2857142857143,8.816071428571428,1011.6505952380952,
2026-01-14,,,20.640972222222224,95.03819444444444,13.75138888888889,,0.9,,1.5,,8.5,257.3125,4.765625,1022.4454861111111,,,,,,,,,,,,,,,,
2026-01-15,,,18.410069444444446,108.53819444444444,13.464930555555556,,1.9,,2.9,,12.7,242.52430555555554,13.956944444444444,1014.1802083333334,,,,,,,,,,,,,,,,
2026-01-16,,,24.038541666666667,108.81944444444444,14.141319444444443,,1.4,,2.2,,7.0,237.30902777777777,10.832291666666666,1017.4493055555556,,,,22.86687898089172,84.56050955414013,13.286538461538461,,0.8,,1.2,,5.4,208.5,13.05506329113924,1017.0892405063291,
2026-01-17,,,22.361672473867596,110.90940766550523,14.381184668989546,,0.5,,0.7,,5.2,221.9233449477352,9.613240418118467,1018.5198606271778,,,,33.32152777777778,146.10763888888889,13.400694444444445,,0.6,,1.0,,4.4,215.70138888888889,10.246875,1018.4774305555555,
2026-01-18,,,18.560416666666665,139.65972222222223,14.327777777777776,,0.8,,1.2,,6.1,241.70138888888889,9.664236111111112,1020.3975694444445,,,,36.83263888888889,162.13888888888889,13.622916666666667,,0.9,,1.3,,6.1,219.78125,10.160069444444444,1020.2746527777776,
2026-01-19,,,19.756597222222222,156.59722222222223,14.421875,,0.7,,1.1,,10.7,231.70833333333334,8.073958333333334,1018.3447916666667,,,,34.020833333333336,153.40277777777777,13.562847222222222,,1.0,,1.4,,7.1,311.43055555555554,8.833680555555555,1018.3489583333334,
2026-01-20,,,19.069337979094076,156.32404181184668,14.255400696864113,,1.3,,2.0,,9.8,269.1979166666667,2.5975694444444444,1022.0701388888889,,,,34.937152777777776,147.25347222222223,13.447916666666666,,1.6,,2.8,,8.3,253.65625,3.381597222222222,1021.9180555555556,
2026-01-21,,,22.013541666666665,150.27777777777777,14.042708333333334,,1.0,,1.4,,10.6,239.93402777777777,1.0583333333333333,1022.4267361111112,,,,39.61944444444444,148.98958333333334,13.070486111111112,,1.4,,2.2,,13.5,290.74652777777777,1.0385416666666667,1022.4847222222221,
2026-01-22,,,20.15173611111111,151.26388888888889,13.836458333333333,,0.9,,1.4,,12.1,280.94097222222223,2.1145833333333335,1024.5972222222222,,,,39.115624999999994,153.84722222222223,12.84513888888889,,1.1,,1.4,,9.5,289.21180555555554,2.229861111111111,1024.9961805555556,
2026-01-23,,,20.42638888888889,146.90277777777777,13.662847222222222,,0.8,,1.3,,8.7,263.6388888888889,2.961111111111111,1024.7697916666666,,,,38.37569444444445,156.10416666666666,12.701041666666667,,0.8,,1.2,,7.8,265.3854166666667,2.6381944444444443,1025.179513888889,
2026-01-24,,,18.394444444444446,141.27777777777777,13.493055555555555,,0.9,,1.4,,11.4,278.3333333333333,3.039236111111111,1022.3017361111112,,,,33.63854166666667,153.61805555555554,12.922222222222222,,0.9,,1.4,,12.2,283.7604166666667,3.082986111111111,1022.4996527777779,
2026-01-25,,,16.07465277777778,159.69791666666666,13.5125,,0.7,,1.1,,10.1,230.71527777777777,1.790972222222222,1027.2819444444444,,,,29.22048611111111,144.69097222222223,12.73205574912892,,1.0,,1.4,,9.8,279.96527777777777,2.111111111111111,1027.3552083333334,
2026-01-26,,,11.651388888888889,134.87847222222223,13.209027777777777,,0.9,,1.4,,7.2,280.0138888888889,3.7253472222222226,1024.334375,,,,27.272222222222222,136.88194444444446,12.760416666666666,,1.2,,2.1,,7.7,269.71180555555554,4.256597222222222,1024.3336805555555,
2026-01-27,,,9.768402777777778,128.38194444444446,13.071180555555555,,0.7,,1.0,,8.3,278.125,4.205555555555556,1021.8555555555556,,,,22.65923344947735,112.56794425087108,12.534843205574912,,0.9,,1.4,,8.4,298.6736111111111,4.133680555555555,1022.0111111111112,
2026-01-28,,,29.072569444444444,84.39236111111111,13.255902777777777,,1.0,,1.6,,8.7,195.30208333333334,2.7177083333333334,1024.9743055555555,,,,24.306597222222223,192.22222222222223,12.753819444444444,,1.2,,1.8,,8.5,297.8576388888889,3.1166666666666667,1025.068402777778,
2026-01-29,,,23.98611111111111,91.76388888888889,13.521875000000001,,0.8,,1.2,,9.5,273.125,2.7881944444444446,1027.2079861111113,,,,25.13031358885017,140.33101045296166,13.462717770034844,,0.9,,1.4,,10.1,270.7361111111111,2.7684027777777778,1027.5010416666667,
2026-01-30,,,24.459027777777777,89.67708333333333,14.174652777777776,,0.9,,1.4,,7.3,199.29861111111111,1.4940972222222222,1027.5270833333334,,,,31.725694444444443,149.72569444444446,14.099652777777777,,1.1,,1.7,,8.9,290.72222222222223,1.8579861111111111,1027.4847222222222,
2026-01-31,,,24.18576388888889,101.61111111111111,14.399999999999999,,0.9,,1.3,,6.3,222.01388888888889,3.5531249999999996,1025.2763888888887,,,,36.04375,141.33333333333334,13.944791666666667,,1.1,,1.9,,6.7,265.31597222222223,4.40625,1025.178125,
2026-02-01,,,22.606620209059233,145.73519163763066,14.089198606271777,,0.6,,0.9,,10.6,250.50871080139373,3.3090592334494775,1024.8212543554007,,,,38.31114982578397,147.3170731707317,13.739721254355402,,0.9,,1.2,,9.0,290.9270833333333,3.5753472222222222,1024.9996527777778,
2026-02-02,,,22.872569444444444,152.77083333333334,13.890277777777778,,0.7,,1.0,,9.9,247.35416666666666,2.8309027777777778,1024.9038194444445,,,,42.46388888888889,145.64583333333334,13.463194444444445,,0.8,,1.2,,9.7,292.7951388888889,3.3381944444444445,1024.9388888888889,
2026-02-03,,,25.70034722222222,127.06944444444444,13.563541666666667,,0.6,,1.0,,7.1,254.1875,4.369791666666667,1027.1215277777778,,,,43.453125,144.73611111111111,13.180902777777778,,0.8,,1.2,,8.3,260.5729166666667,4.563888888888889,1027.2114583333334,
2026-02-04,,,25.887500000000003,128.25694444444446,13.497222222222224,,0.6,,1.0,,7.5,259.6423611111111,7.394791666666666,1021.2326388888889,,,,41.454166666666666,141.68402777777777,13.193750000000001,,0.7,,1.0,,9.9,247.62847222222223,7.840277777777778,1021.3930555555556,
2026-02-05,,,35.0,36.0,13.4,,0.4,,0.6,,3.9,256.0,7.5,1019.3,,,,39.35540069686411,135.6445993031359,13.18815331010453,,0.6,,1.1,,8.8,239.24305555555554,10.135763888888889,1017.2600694444445,
2026-02-06,,,20.333333333333332,151.54513888888889,13.588888888888889,,0.6,,1.0,,9.7,220.51388888888889,7.776388888888889,1018.5281249999999,,,,35.28333333333333,143.95138888888889,13.059027777777779,,1.0,,1.6,,10.5,209.64236111111111,8.5,1018.5319444444444,
2026-02-07,,,15.38159722222222,148.54513888888889,13.370486111111111,,0.9,,1.4,,11.7,234.31944444444446,2.451041666666667,1019.0975694444444,,,,32.11388888888889,146.36805555555554,12.924652777777778,,1.4,,2.0,,12.7,310.5763888888889,2.7086805555555555,1019.2142361111112,
2026-02-08,,,13.105902777777779,133.07986111111111,12.772569444444445,,2.0,,2.8,,13.5,276.09722222222223,2.1624999999999996,1023.5975694444444,,,,24.584722222222222,148.95833333333334,12.913194444444445,,1.4,,2.2,,14.5,301.7986111111111,2.120486111111111,1023.751388888889,
2026-02-09,,,20.054861111111112,74.60069444444444,12.833333333333334,,1.5,,2.0,,8.7,226.37152777777777,4.485416666666667,1026.0364583333333,,,,17.9,223.0,13.2,,1.1,,1.6,,2.8,291.0,1.0,1027.4,
2026-02-10,,,11.270833333333334,74.53472222222223,12.493055555555555,,0.8,,1.3,,7.8,244.29166666666666,6.647222222222222,1020.5034722222222,,,,38.92916666666667,99.57291666666667,13.841666666666667,,0.9,,1.3,,7.8,249.03472222222223,6.527430555555556,1020.7055555555556,
2026-02-11,,,29.753819444444446,56.875,14.087847222222223,,0.7,,1.1,,8.8,266.6111111111111,8.125,1018.7093749999999,,,,11.236805555555556,119.26388888888889,14.53125,,0.7,,1.1,,8.7,300.72569444444446,8.360416666666667,1018.7649305555556,
2026-02-12,,,14.354861111111111,134.39236111111111,14.25486111111111,,0.6,,1.0,,7.1,254.97569444444446,7.744791666666667,1020.6722222222221,,,,13.745138888888889,176.30208333333334,13.722222222222221,,0.7,,1.1,,7.3,261.80902777777777,8.631250000000001,1020.7100694444445,
2026-02-13,,,14.45972222222222,114.39236111111111,14.052777777777777,,0.7,,1.1,,9.3,263.78472222222223,9.494097222222223,1018.7458333333333,,,,21.533680555555556,110.57986111111111,13.286111111111111,,0.9,,1.3,,9.3,257.6145833333333,9.757986111111112,1018.9788194444445,
2026-02-14,,,14.574652777777779,131.09375,14.004513888888889,,0.6,,1.0,,9.6,248.52777777777777,11.919444444444444,1016.5270833333333,,,,24.498611111111114,130.39236111111111,12.997916666666667,,0.5,,0.9,,6.7,242.25347222222223,11.893402777777778,1016.6961805555555,
2026-02-15,,,16.145296167247388,164.58885017421602,13.882229965156794,,0.5,,0.8,,6.3,214.37979094076655,11.768641114982579,1016.436236933798,,,,29.60173611111111,136.14930555555554,13.0,,0.7,,1.1,,8.3,211.20833333333334,12.796527777777778,1016.3545138888888,
2026-02-16,,,18.70034722222222,167.01388888888889,13.45625,,1.9,,3.2,,9.7,192.03472222222223,8.148958333333333,1020.8031249999999,,,,34.746875,152.27083333333334,13.127083333333333,,2.7,,3.5,,12.7,110.24305555555556,8.913888888888888,1020.4930555555555,
2026-02-17,,,18.827551020408162,144.20408163265307,13.48477157360406,,1.8,,3.0,,6.5,229.51269035532994,7.021319796954315,1021.5466666666667,,,,35.01219512195122,141.8815331010453,13.797212543554007,,2.3,,3.4,,8.7,210.71875,8.76701388888889,1020.5479166666667,
2026-02-18,,,21.58090277777778,147.0625,13.22013888888889,,0.7,,1.2,,11.5,224.56597222222223,7.555555555555555,1020.0368055555555,,,,38.64722222222222,139.18055555555554,13.280555555555557,,1.3,,1.9,,11.2,244.49305555555554,7.65625,1020.15625,
2026-02-19,,,24.358680555555555,137.34722222222223,13.067708333333334,,1.0,,1.5,,11.5,271.9861111111111,7.585763888888888,1022.2861111111112,,,,41.312847222222224,141.98958333333334,13.173958333333333,,1.1,,1.7,,9.1,274.19097222222223,8.107291666666667,1022.3913194444444,
2026-02-20,,,24.666319444444444,145.27777777777777,13.2625,,1.0,,1.5,,11.0,234.83333333333334,10.215972222222222,1017.9611111111111,,,,41.30555555555556,139.56597222222223,13.134722222222221,,1.2,,1.8,,10.1,245.41666666666666,10.743749999999999,1018.15625,
2026-02-21,,,24.194425087108016,134.1184668989547,13.231358885017421,,1.1,,1.7,,11.6,233.09027777777777,12.380555555555555,1014.623611111111,,,,39.08576388888889,129.29166666666666,13.088888888888889,,1.1,,1.9,,11.8,234.04513888888889,12.572569444444445,1014.8388888888888,
2026-02-22,,,22.70138888888889,139.17361111111111,12.99375,,1.7,,2.6,,13.3,235.92708333333334,14.848958333333334,1009.1125000000001,,,,35.37916666666667,136.69444444444446,13.087499999999999,,2.1,,3.2,,13.7,230.62152777777777,14.309027777777779,1009.6906250000001,
2026-02-23,,,15.618749999999999,130.46527777777777,12.606597222222222,,1.0,,1.5,,10.0,211.92708333333334,7.247222222222222,1022.8430555555556,,,,27.85,134.00347222222223,12.820486111111112,,1.3,,2.0,,8.6,254.46527777777777,8.085763888888888,1022.7979166666667,
2026-02-24,,,18.041463414634144,99.02090592334494,12.496864111498258,,1.2,,1.8,,9.5,112.62717770034843,6.697212543554007,1022.8463414634147,,,,22.93923611111111,147.20138888888889,12.800347222222221,,1.8,,2.8,,12.5,80.20486111111111,7.5458333333333325,1022.3559027777778,
2026-02-25,,,12.301736111111111,209.40277777777777,13.035763888888889,,3.3,,4.9,,13.9,92.34375,9.608680555555557,1021.5361111111112,,,,19.44097222222222,216.08333333333334,13.075347222222222,,3.5,,5.0,,16.7,23.427083333333332,10.049652777777778,1020.7868055555555,
2026-02-26,,,11.197569444444445,195.86458333333334,13.410763888888889,,2.4,,3.5,,10.8,91.70138888888889,10.610416666666667,1019.5972222222222,,,,23.32090592334495,177.5191637630662,13.236713286713286,,2.6,,3.9,,12.2,29.100694444444443,10.884374999999999,1019.1753472222222,
2026-02-27,,,15.695486111111112,125.90625,13.822916666666666,,1.7,,3.0,,8.6,149.85069444444446,8.82638888888889,1015.7256944444445,,,,27.288541666666667,201.05555555555554,14.219444444444443,,2.2,,3.1,,11.4,25.78472222222222,9.294791666666667,1015.248611111111,
2026-02-28,,,13.785763888888889,161.3125,14.395833333333334,,1.5,,2.4,,11.4,38.072916666666664,8.471527777777778,1021.954513888889,,,,27.138194444444444,184.97569444444446,14.09236111111111,,2.0,,3.1,,12.9,109.25,8.973958333333334,1021.5927083333333,
