date,gijang_discharge_m3_day,jeonggwan_discharge_m3_day
2014-01-01,17407.0,13349
2014-01-02,16568.0,13028
2014-01-03,16333.0,14004
2014-01-04,17188.0,15084
2014-01-05,16464.0,12708
2014-01-06,16313.0,12955
2014-01-07,16311.0,12953
2014-01-08,17264.0,12849
2014-01-09,16678.0,12561
2014-01-10,16785.0,13459
2014-01-11,16966.0,13770
2014-01-12,16628.0,12863
2014-01-13,16916.0,13064
2014-01-14,15813.0,13371
2014-01-15,16183.0,12928
2014-01-16,16167.0,12226
2014-01-17,16496.0,13537
2014-01-18,16245.0,13003
2014-01-19,15469.0,13669
2014-01-20,15797.0,13390
2014-01-21,16265.0,13311
2014-01-22,16510.0,12937
2014-01-23,16197.0,13373
2014-01-24,15955.0,12159
2014-01-25,15265.0,13468
2014-01-26,16373.0,12885
2014-01-27,16008.0,13084
2014-01-28,15903.0,13306
2014-01-29,16522.0,13722
2014-01-30,16984.0,13001
2014-01-31,15979.0,10298
2014-02-01,15213.0,11258
2014-02-02,16481.0,13341
2014-02-03,15466.0,13680
2014-02-04,14878.0,14212
2014-02-05,16220.0,14667
2014-02-06,16412.0,13707
2014-02-07,16277.0,14913
2014-02-08,17801.0,16101
2014-02-09,16102.0,14386
2014-02-10,18283.0,13884
2014-02-11,18631.0,13969
2014-02-12,17889.0,15182
2014-02-13,19376.0,15707
2014-02-14,20264.0,15061
2014-02-15,19158.0,15551
2014-02-16,19159.0,14826
2014-02-17,18875.0,15280
2014-02-18,19543.0,14010
2014-02-19,19792.0,13232
2014-02-20,17923.0,14355
2014-02-21,18899.0,13385
2014-02-22,18818.0,13104
2014-02-23,18509.0,13216
2014-02-24,18846.0,13609
2014-02-25,18041.0,12987
2014-02-26,17869.0,15380
2014-02-27,19583.0,14455
2014-02-28,20767.0,14356
2014-03-01,19325.0,13933
2014-03-02,19568.0,14296
2014-03-03,18992.0,13442
2014-03-04,19011.0,14034
2014-03-05,18153.0,13976
2014-03-06,17924.0,13890
2014-03-07,17093.0,13670
2014-03-08,16465.0,13894
2014-03-09,15158.0,13999
2014-03-10,15627.0,14059
2014-03-11,15136.0,14030
2014-03-12,15534.0,15553
2014-03-13,18285.0,22981
2014-03-14,22752.0,17049
2014-03-15,23280.0,15831
2014-03-16,21528.0,13623
2014-03-17,21665.0,14483
2014-03-18,21178.0,14898
2014-03-19,17649.0,14036
2014-03-20,18333.0,13682
2014-03-21,17764.0,12579
2014-03-22,17041.0,13658
2014-03-23,15827.0,12986
2014-03-24,16483.0,14024
2014-03-25,16960.0,14968
2014-03-26,19361.0,15674
2014-03-27,18681.0,14576
2014-03-28,18718.0,14117
2014-03-29,18523.0,16388
2014-03-30,18760.0,17666
2014-03-31,18601.0,14819
2014-04-01,22088.0,16357
2014-04-02,23323.0,15945
2014-04-03,24231.0,14472
2014-04-04,24029.0,15639
2014-04-05,22780.0,13035
2014-04-06,22412.0,14272
2014-04-07,20992.0,14381
2014-04-08,19008.0,14190
2014-04-09,18223.0,13877
2014-04-10,18162.0,15455
2014-04-11,18658.0,14232
2014-04-12,18385.0,13263
2014-04-13,18559.0,13219
2014-04-14,20304.0,14082
2014-04-15,18462.0,13932
2014-04-16,18109.0,14307
2014-04-17,18302.0,14607
2014-04-18,21477.0,14438
2014-04-19,19662.0,14059
2014-04-20,19899.0,13816
2014-04-21,19796.0,14333
2014-04-22,19214.0,12980
2014-04-23,19086.0,13892
2014-04-24,17969.0,14139
2014-04-25,18691.0,14478
2014-04-26,20136.0,15497
2014-04-27,19712.0,14752
2014-04-28,27709.0,23619
2014-04-29,28016.0,23804
2014-04-30,23941.0,16346
2014-05-01,29502.0,15658
2014-05-02,29051.0,14676
2014-05-03,29646.0,15805
2014-05-04,26166.0,13322
2014-05-05,25074.0,14319
2014-05-06,20990.0,14779
2014-05-07,20706.0,15179
2014-05-08,20455.0,14205
2014-05-09,21491.0,15034
2014-05-10,24190.0,14768
2014-05-11,21640.0,14941
2014-05-12,24112.0,23736
2014-05-13,24034.0,17669
2014-05-14,29020.0,15229
2014-05-15,25844.0,15524
2014-05-16,22838.0,15224
2014-05-17,24509.0,15295
2014-05-18,21049.0,14768
2014-05-19,19800.0,15466
2014-05-20,21163.0,15351
2014-05-21,22353.0,15446
2014-05-22,19972.0,14276
2014-05-23,20295.0,15328
2014-05-24,20541.0,16964
2014-05-25,21495.0,15250
2014-05-26,19893.0,16241
2014-05-27,19303.0,13596
2014-05-28,22203.0,16518
2014-05-29,21679.0,14680
2014-05-30,25070.0,15703
2014-05-31,20378.0,16392
2014-06-01,22265.0,15896
2014-06-02,22569.0,16405
2014-06-03,26637.0,15053
2014-06-04,22148.0,17516
2014-06-05,25596.0,15638
2014-06-06,24237.0,15209
2014-06-07,20847.0,15343
2014-06-08,21215.0,14827
2014-06-09,20018.0,14718
2014-06-10,19553.0,14720
2014-06-11,18994.0,15161
2014-06-12,18936.0,14567
2014-06-13,18999.0,16406
2014-06-14,17786.0,16154
2014-06-15,18013.0,14896
2014-06-16,18598.0,15799
2014-06-17,18957.0,16111
2014-06-18,22318.0,16968
2014-06-19,20003.0,16442
2014-06-20,20153.0,16398
2014-06-21,19058.0,16127
2014-06-22,19288.0,17100
2014-06-23,20504.0,17944
2014-06-24,21048.0,16539
2014-06-25,20562.0,16177
2014-06-26,19868.0,15892
2014-06-27,20413.0,15535
2014-06-28,21680.0,16055
2014-06-29,20789.0,16748
2014-06-30,23594.0,16263
2014-07-01,21517.0,16095
2014-07-02,20258.0,18381
2014-07-03,27818.0,22725
2014-07-04,26789.0,18599
2014-07-05,27475.0,17807
2014-07-06,27529.0,17006
2014-07-07,27272.0,18189
2014-07-08,27677.0,21031
2014-07-09,27124.0,20343
2014-07-10,27358.0,17823
2014-07-11,25206.0,17323
2014-07-12,24023.0,16753
2014-07-13,27500.0,17215
2014-07-14,24376.0,18342
2014-07-15,25032.0,21012
2014-07-16,27607.0,17629
2014-07-17,28141.0,16609
2014-07-18,28910.0,18016
2014-07-19,29043.0,15701
2014-07-20,28299.0,16006
2014-07-21,26597.0,14788
2014-07-22,24243.0,14471
2014-07-23,22859.0,15201
2014-07-24,23275.0,18076
2014-07-25,21553.0,17854
2014-07-26,22118.0,16853
2014-07-27,23081.0,15969
2014-07-28,21321.0,15671
2014-07-29,20583.0,16037
2014-07-30,21293.0,16448
2014-07-31,21117.0,18117
2014-08-01,21301.0,17282
2014-08-02,26501.0,16933
2014-08-03,30958.0,32446
2014-08-04,30409.0,25177
2014-08-05,29898.0,22776
2014-08-06,26848.0,20193
2014-08-07,30345.0,18124
2014-08-08,28550.0,17689
2014-08-09,28051.0,18086
2014-08-10,28975.0,19792
2014-08-11,31687.0,19231
2014-08-12,27425.0,17864
2014-08-13,26057.0,17789
2014-08-14,30580.0,25882
2014-08-15,30070.0,21829
2014-08-16,26761.0,20559
2014-08-17,25717.0,18805
2014-08-18,33202.0,44285
2014-08-19,28598.0,30710
2014-08-20,34612.0,28360
2014-08-21,28279.0,28422
2014-08-22,31118.0,22146
2014-08-23,28550.0,20207
2014-08-24,27647.0,19427
2014-08-25,31015.0,32146
2014-08-26,25410.0,28760
2014-08-27,27083.0,24161
2014-08-28,27197.0,20310
2014-08-29,29376.0,18821
2014-08-30,31933.0,18567
2014-08-31,32832.0,18127
2014-09-01,29991.0,18157
2014-09-02,27696.0,17352
2014-09-03,27655.0,23066
2014-09-04,32657.0,19703
2014-09-05,31466.0,19607
2014-09-06,30645.0,19672
2014-09-07,29263.0,17904
2014-09-08,30221.0,14947
2014-09-09,30577.0,16380
2014-09-10,30172.0,17515
2014-09-11,28563.0,17232
2014-09-12,27724.0,16941
2014-09-13,29607.0,16954
2014-09-14,28963.0,16794
2014-09-15,27478.0,16154
2014-09-16,27957.0,18060
2014-09-17,29818.0,18010
2014-09-18,25987.0,17199
2014-09-19,21369.0,17315
2014-09-20,23723.0,17490
2014-09-21,27528.0,17239
2014-09-22,27729.0,17165
2014-09-23,31092.0,16759
2014-09-24,32040.0,30412
2014-09-25,24764.0,21901
2014-09-26,24955.0,19509
2014-09-27,24522.0,22545
2014-09-28,25704.0,23415
2014-09-29,24633.0,19500
2014-09-30,24836.0,20017
2014-10-01,27699.0,19859
2014-10-02,26048.0,19500
2014-10-03,25131.0,20444
2014-10-04,21667.0,18545
2014-10-05,20291.0,19769
2014-10-06,20821.0,18691
2014-10-07,21187.0,21631
2014-10-08,20766.0,19921
2014-10-09,21637.0,19971
2014-10-10,20491.0,18814
2014-10-11,20851.0,19411
2014-10-12,22695.0,18102
2014-10-13,27177.0,23996
2014-10-14,23180.0,18471
2014-10-15,24571.0,18067
2014-10-16,22282.0,17839
2014-10-17,22382.0,17515
2014-10-18,27254.0,18306
2014-10-19,22174.0,17587
2014-10-20,27977.0,19811
2014-10-21,26897.0,21204
2014-10-22,28665.0,25718
2014-10-23,25595.0,21086
2014-10-24,25828.0,21262
2014-10-25,24989.0,18965
2014-10-26,24853.0,18521
2014-10-27,25988.0,19429
2014-10-28,25250.0,18991
2014-10-29,24762.0,19953
2014-10-30,24887.0,18394
2014-10-31,29965.0,19714
2014-11-01,28252.0,20135
2014-11-02,25924.0,18957
2014-11-03,25252.0,19452
2014-11-04,23857.0,19137
2014-11-05,23363.0,19534
2014-11-06,21936.0,18613
2014-11-07,22873.0,19340
2014-11-08,23631.0,18392
2014-11-09,24014.0,19470
2014-11-10,24924.0,19059
2014-11-11,23753.0,18406
2014-11-12,23363.0,19094
2014-11-13,23011.0,18006
2014-11-14,22509.0,18426
2014-11-15,21066.0,18796
2014-11-16,21309.0,18911
2014-11-17,20608.0,19407
2014-11-18,20047.0,17661
2014-11-19,20061.0,18962
2014-11-20,20073.0,17152
2014-11-21,19924.0,17202
2014-11-22,20781.0,19382
2014-11-23,24931.0,17213
2014-11-24,26459.0,20043
2014-11-25,26043.0,20162
2014-11-26,22472.0,19224
2014-11-27,22454.0,18083
2014-11-28,25406.0,18500
2014-11-29,23862.0,18971
2014-11-30,23068.0,17603
2014-12-01,22407.0,19750
2014-12-02,20055.0,18517
2014-12-03,20227.0,17655
2014-12-04,20271.0,17294
2014-12-05,20291.0,17355
2014-12-06,20705.0,18724
2014-12-07,21233.0,16999
2014-12-08,21846.0,18634
2014-12-09,22952.0,17218
2014-12-10,23072.0,17810
2014-12-11,22439.0,18335
2014-12-12,20019.0,17896
2014-12-13,19763.0,17058
2014-12-14,19190.0,18245
2014-12-15,19021.0,17258
2014-12-16,21154.0,17549
2014-12-17,19445.0,17048
2014-12-18,19306.0,16566
2014-12-19,19404.0,17493
2014-12-20,23085.0,17937
2014-12-21,21223.0,17591
2014-12-22,19615.0,18370
2014-12-23,19386.0,17446
2014-12-24,19321.0,16990
2014-12-25,19798.0,18168
2014-12-26,20047.0,16847
2014-12-27,22629.0,17492
2014-12-28,21747.0,16704
2014-12-29,20826.0,16490
2014-12-30,19574.0,17282
2014-12-31,19827.0,16151
2015-01-01,18959.0,15631
2015-01-02,19760.0,17264
2015-01-03,19078.0,16958
2015-01-04,19739.0,17140
2015-01-05,21679.0,17332
2015-01-06,21944.0,18983
2015-01-07,21331.0,18053
2015-01-08,20505.0,17039
2015-01-09,20724.0,17700
2015-01-10,21942.0,17354
2015-01-11,22221.0,16773
2015-01-12,20535.0,17238
2015-01-13,19974.0,16279
2015-01-14,20387.0,15975
2015-01-15,21837.0,18025
2015-01-16,20349.0,16914
2015-01-17,20550.0,17298
2015-01-18,19531.0,16931
2015-01-19,20621.0,16694
2015-01-20,20300.0,17070
2015-01-21,20718.0,20696
2015-01-22,22399.0,18070
2015-01-23,19720.0,18592
2015-01-24,20275.0,18625
2015-01-25,18909.0,17857
2015-01-26,21445.0,18442
2015-01-27,17951.0,16899
2015-01-28,19536.0,17145
2015-01-29,19874.0,17384
2015-01-30,19140.0,17239
2015-01-31,18718.0,17686
2015-02-01,18412.0,17295
2015-02-02,18826.0,17782
2015-02-03,18643.0,17753
2015-02-04,18618.0,16445
2015-02-05,18307.0,17671
2015-02-06,18424.0,19099
2015-02-07,17621.0,18155
2015-02-08,17773.0,18367
2015-02-09,17966.0,17358
2015-02-10,18785.0,17203
2015-02-11,19096.0,18351
2015-02-12,18701.0,17575
2015-02-13,16711.0,18273
2015-02-14,16584.0,18582
2015-02-15,16214.0,19471
2015-02-16,16702.0,19777
2015-02-17,16878.0,19965
2015-02-18,17817.0,17700
2015-02-19,17790.0,14408
2015-02-20,18597.0,14860
2015-02-21,18900.0,17872
2015-02-22,19627.0,21470
2015-02-23,19144.0,16700
2015-02-24,21446.0,17460
2015-02-25,21824.0,17182
2015-02-26,20050.0,17717
2015-02-27,20989.0,17979
2015-02-28,20113.0,17686
2015-03-01,21286.0,18339
2015-03-02,20125.0,18421
2015-03-03,21212.0,17744
2015-03-04,22529.0,17830
2015-03-05,20471.0,18177
2015-03-06,21713.0,18438
2015-03-07,21185.0,16549
2015-03-08,22290.0,18556
2015-03-09,20510.0,18598
2015-03-10,19397.0,16124
2015-03-11,20632.0,18373
2015-03-12,18834.0,19295
2015-03-13,18877.0,17886
2015-03-14,21108.0,18394
2015-03-15,19684.0,17047
2015-03-16,19615.0,19022
2015-03-17,20535.0,17206
2015-03-18,22905.0,23909
2015-03-19,25279.0,23722
2015-03-20,27687.0,20556
2015-03-21,24506.0,21093
2015-03-22,25166.0,20484
2015-03-23,23528.0,19718
2015-03-24,23712.0,18665
2015-03-25,24005.0,18867
2015-03-26,22924.0,18942
2015-03-27,22392.0,18990
2015-03-28,22549.0,18098
2015-03-29,22943.0,18154
2015-03-30,23532.0,18727
2015-03-31,24358.0,18149
2015-04-01,28502.0,17531
2015-04-02,27030.0,18788
2015-04-03,26150.0,24826
2015-04-04,24276.0,23520
2015-04-05,25281.0,25313
2015-04-06,23328.0,23226
2015-04-07,24411.0,19461
2015-04-08,27881.0,19001
2015-04-09,31242.0,19226
2015-04-10,31266.0,18387
2015-04-11,28699.0,18457
2015-04-12,28497.0,18160
2015-04-13,26763.0,20813
2015-04-14,26587.0,22294
2015-04-15,26547.0,19857
2015-04-16,23624.0,19064
2015-04-17,27640.0,18243
2015-04-18,28936.0,19467
2015-04-19,27608.0,24965
2015-04-20,27256.0,26978
2015-04-21,24367.0,23510
2015-04-22,25037.0,19420
2015-04-23,23095.0,20568
2015-04-24,20938.0,19500
2015-04-25,20197.0,18631
2015-04-26,21146.0,19226
2015-04-27,23905.0,19022
2015-04-28,23983.0,18665
2015-04-29,24699.0,19350
2015-04-30,23309.0,17462
2015-05-01,22319.0,19257
2015-05-02,21947.0,17753
2015-05-03,19326.0,22740
2015-05-04,21662.0,20929
2015-05-05,23118.0,17838
2015-05-06,23119.0,19428
2015-05-07,23024.0,18108
2015-05-08,24665.0,18818
2015-05-09,25366.0,18547
2015-05-10,26297.0,18534
2015-05-11,25791.0,20975
2015-05-12,28340.0,33265
2015-05-13,25983.0,21214
2015-05-14,26982.0,19793
2015-05-15,26298.0,20245
2015-05-16,24955.0,19238
2015-05-17,28622.0,19524
2015-05-18,27500.0,21748
2015-05-19,27815.0,21226
2015-05-20,27270.0,19718
2015-05-21,28315.0,18298
2015-05-22,24070.0,18530
2015-05-23,24134.0,19476
2015-05-24,24935.0,17552
2015-05-25,24643.0,18258
2015-05-26,24280.0,19160
2015-05-27,24066.0,18910
2015-05-28,26126.0,18869
2015-05-29,24023.0,18706
2015-05-30,22351.0,19004
2015-05-31,23362.0,19272
2015-06-01,21946.0,19628
2015-06-02,22518.0,18097
2015-06-03,22585.0,18913
2015-06-04,21808.0,19289
2015-06-05,24058.0,18412
2015-06-06,22230.0,19350
2015-06-07,22557.0,18370
2015-06-08,24286.0,20332
2015-06-09,22667.0,18826
2015-06-10,23093.0,19747
2015-06-11,22630.0,19686
2015-06-12,22193.0,20278
2015-06-13,22315.0,20951
2015-06-14,23183.0,21071
2015-06-15,22968.0,20473
2015-06-16,22278.0,20941
2015-06-17,25617.0,20068
2015-06-18,22938.0,19884
2015-06-19,22869.0,20705
2015-06-20,24036.0,20677
2015-06-21,24612.0,19711
2015-06-22,24197.0,20348
2015-06-23,24559.0,20890
2015-06-24,24744.0,20627
2015-06-25,25422.0,21055
2015-06-26,25420.0,23785
2015-06-27,24242.0,21712
2015-06-28,22775.0,19576
2015-06-29,23543.0,20674
2015-06-30,24148.0,22227
2015-07-01,25617.0,22248
2015-07-02,24178.0,20883
2015-07-03,24640.0,21175
2015-07-04,24296.0,19895
2015-07-05,24103.0,20056
2015-07-06,24019.0,20913
2015-07-07,28288.0,22030
2015-07-08,29322.0,30608
2015-07-09,27506.0,33127
2015-07-10,26397.0,24413
2015-07-11,26812.0,23137
2015-07-12,26392.0,29789
2015-07-13,25380.0,28187
2015-07-14,23265.0,25584
2015-07-15,21787.0,23893
2015-07-16,21988.0,20254
2015-07-17,23246.0,19744
2015-07-18,25145.0,20562
2015-07-19,25845.0,19275
2015-07-20,24332.0,19923
2015-07-21,24773.0,19470
2015-07-22,27113.0,21069
2015-07-23,25435.0,25313
2015-07-24,25574.0,22339
2015-07-25,26784.0,23696
2015-07-26,26314.0,22232
2015-07-27,26930.0,21723
2015-07-28,27390.0,21068
2015-07-29,27013.0,21493
2015-07-30,26441.0,21551
2015-07-31,25720.0,20854
2015-08-01,26373.0,19234
2015-08-02,25586.0,18593
2015-08-03,24902.0,20136
2015-08-04,24182.0,20576
2015-08-05,23872.0,20923
2015-08-06,23576.0,21808
2015-08-07,23708.0,21970
2015-08-08,24006.0,22810
2015-08-09,24465.0,20624
2015-08-10,22822.0,20690
2015-08-11,23133.0,22280
2015-08-12,26081.0,20213
2015-08-13,22523.0,21235
2015-08-14,21204.0,21783
2015-08-15,21102.0,20990
2015-08-16,23240.0,20839
2015-08-17,22383.0,22458
2015-08-18,21739.0,21763
2015-08-19,21610.0,22411
2015-08-20,21645.0,23045
2015-08-21,30654.0,27356
2015-08-22,30076.0,23524
2015-08-23,26597.0,23155
2015-08-24,26185.0,22345
2015-08-25,26607.0,33421
2015-08-26,25514.0,27654
2015-08-27,24875.0,23757
2015-08-28,25535.0,23098
2015-08-29,25609.0,22833
2015-08-30,24675.0,22282
2015-08-31,23947.0,23071
2015-09-01,26027.0,28188
2015-09-02,26056.0,23996
2015-09-03,25745.0,23432
2015-09-04,24206.0,23505
2015-09-05,26235.0,23981
2015-09-06,29346.0,31192
2015-09-07,25907.0,25982
2015-09-08,24485.0,24804
2015-09-09,26936.0,24035
2015-09-10,26161.0,23335
2015-09-11,25376.0,22907
2015-09-12,25653.0,23130
2015-09-13,23572.0,22815
2015-09-14,22800.0,23080
2015-09-15,23124.0,22825
2015-09-16,25662.0,23919
2015-09-17,30062.0,28972
2015-09-18,24836.0,25598
2015-09-19,24225.0,24667
2015-09-20,25875.0,24401
2015-09-21,26513.0,22731
2015-09-22,26755.0,21126
2015-09-23,28593.0,21734
2015-09-24,28499.0,26987
2015-09-25,24250.0,22700
2015-09-26,27997.0,20565
2015-09-27,27290.0,15036
2015-09-28,28383.0,18245
2015-09-29,26922.0,19522
2015-09-30,25203.0,19584
2015-10-01,27071.0,24318
2015-10-02,27396.0,24429
2015-10-03,26805.0,21993
2015-10-04,27045.0,19719
2015-10-05,27836.0,19709
2015-10-06,26780.0,20003
2015-10-07,27060.0,19172
2015-10-08,26997.0,20171
2015-10-09,27405.0,18899
2015-10-10,26115.0,19082
2015-10-11,25031.0,19323
2015-10-12,24932.0,19327
2015-10-13,24383.0,19074
2015-10-14,24575.0,20617
2015-10-15,24658.0,20622
2015-10-16,24217.0,19516
2015-10-17,24471.0,20036
2015-10-18,24867.0,19877
2015-10-19,25609.0,19862
2015-10-20,25797.0,19877
2015-10-21,24618.0,20189
2015-10-22,24087.0,19499
2015-10-23,25465.0,19675
2015-10-24,25640.0,19521
2015-10-25,25974.0,18789
2015-10-26,23886.0,19026
2015-10-27,25660.0,19426
2015-10-28,25790.0,20018
2015-10-29,24728.0,19949
2015-10-30,23671.0,19951
2015-10-31,24283.0,19619
2015-11-01,24704.0,19794
2015-11-02,24902.0,20180
2015-11-03,23650.0,20281
2015-11-04,24120.0,20042
2015-11-05,27994.0,19910
2015-11-06,23874.0,21431
2015-11-07,27118.0,20736
2015-11-08,27587.0,26568
2015-11-09,27783.0,21577
2015-11-10,24697.0,21020
2015-11-11,26170.0,20560
2015-11-12,24970.0,22788
2015-11-13,26931.0,24601
2015-11-14,25166.0,22053
2015-11-15,25409.0,21236
2015-11-16,26744.0,21350
2015-11-17,27336.0,22455
2015-11-18,24693.0,21393
2015-11-19,28793.0,19285
2015-11-20,28408.0,21211
2015-11-21,26595.0,19407
2015-11-22,25294.0,20216
2015-11-23,26703.0,20203
2015-11-24,26265.0,21566
2015-11-25,26024.0,20818
2015-11-26,24625.0,20846
2015-11-27,25197.0,19247
2015-11-28,25374.0,20627
2015-11-29,24767.0,21170
2015-11-30,24900.0,21412
2015-12-01,25176.0,19988
2015-12-02,25116.0,20409
2015-12-03,25595.0,20349
2015-12-04,25201.0,20201
2015-12-05,25320.0,19472
2015-12-06,24660.0,19495
2015-12-07,23889.0,20375
2015-12-08,24081.0,20548
2015-12-09,24189.0,19914
2015-12-10,25312.0,21841
2015-12-11,26122.0,25421
2015-12-12,25976.0,21839
2015-12-13,25726.0,21216
2015-12-14,25353.0,20626
2015-12-15,24988.0,20015
2015-12-16,24409.0,21155
2015-12-17,23545.0,20520
2015-12-18,24627.0,20134
2015-12-19,24451.0,20134
2015-12-20,24265.0,20662
2015-12-21,25479.0,21321
2015-12-22,24799.0,21515
2015-12-23,24804.0,20078
2015-12-24,23587.0,20517
2015-12-25,25009.0,20325
2015-12-26,24808.0,19768
2015-12-27,24341.0,20887
2015-12-28,24525.0,20173
2015-12-29,24261.0,20906
2015-12-30,24689.0,19321
2015-12-31,24443.0,20209
2016-01-01,24534.0,21015
2016-01-02,24148.0,19649
2016-01-03,22976.0,21084
2016-01-04,24626.0,20867
2016-01-05,23923.0,20618
2016-01-06,24129.0,20884
2016-01-07,23919.0,20098
2016-01-08,23645.0,20721
2016-01-09,23849.0,21187
2016-01-10,23661.0,20497
2016-01-11,23790.0,20697
2016-01-12,23458.0,20288
2016-01-13,23123.0,20793
2016-01-14,22960.0,20555
2016-01-15,23105.0,20322
2016-01-16,23082.0,21348
2016-01-17,22725.0,22255
2016-01-18,22287.0,20759
2016-01-19,21471.0,20596
2016-01-20,21212.0,20492
2016-01-21,20922.0,20417
2016-01-22,22791.0,20907
2016-01-23,21762.0,21260
2016-01-24,21736.0,20811
2016-01-25,20350.0,20320
2016-01-26,21696.0,20405
2016-01-27,22765.0,21301
2016-01-28,22145.0,21731
2016-01-29,22703.0,26727
2016-01-30,23102.0,24108
2016-01-31,23589.0,22437
2016-02-01,23740.0,22206
2016-02-02,23502.0,21173
2016-02-03,23121.0,21140
2016-02-04,24725.0,21078
2016-02-05,24506.0,22277
2016-02-06,23403.0,22681
2016-02-07,23046.0,20892
2016-02-08,18472.0,18244
2016-02-09,20724.0,18022
2016-02-10,19964.0,21219
2016-02-11,20706.0,20889
2016-02-12,23007.0,22041
2016-02-13,25673.0,28104
2016-02-14,26727.0,26232
2016-02-15,22593.0,22879
2016-02-16,23174.0,21338
2016-02-17,23738.0,20515
2016-02-18,25484.0,20188
2016-02-19,23500.0,20450
2016-02-20,21900.0,20661
2016-02-21,24110.0,21488
2016-02-22,23855.0,20540
2016-02-23,23497.0,20594
2016-02-24,23574.0,20936
2016-02-25,22698.0,20759
2016-02-26,23592.0,20330
2016-02-27,23589.0,20592
2016-02-28,24012.0,20820
2016-02-29,22123.0,19967
2016-03-01,20553.0,20559
2016-03-02,21170.0,21139
2016-03-03,23576.0,20585
2016-03-04,25878.0,22581
2016-03-05,27676.0,22569
2016-03-06,26917.0,24374
2016-03-07,27560.0,24300
2016-03-08,26831.0,21776
2016-03-09,28929.0,22369
2016-03-10,28504.0,22522
2016-03-11,29106.0,20778
2016-03-12,29176.0,22053
2016-03-13,28355.0,21560
2016-03-14,26644.0,22314
2016-03-15,25919.0,21401
2016-03-16,24879.0,20972
2016-03-17,24653.0,21197
2016-03-18,24771.0,24697
2016-03-19,26316.0,23387
2016-03-20,26686.0,23745
2016-03-21,25473.0,23448
2016-03-22,25471.0,21633
2016-03-23,26555.0,21140
2016-03-24,24334.0,20151
2016-03-25,24709.0,21130
2016-03-26,25704.0,22225
2016-03-27,26012.0,23095
2016-03-28,23697.0,22322
2016-03-29,24936.0,22110
2016-03-30,23995.0,22595
2016-03-31,24114.0,22448
2016-04-01,25391.0,20767
2016-04-02,23132.0,21437
2016-04-03,22265.0,21471
2016-04-04,24502.0,20620
2016-04-05,23826.0,20786
2016-04-06,21551.0,22192
2016-04-07,28149.0,35300
2016-04-08,27828.0,25604
2016-04-09,27654.0,23862
2016-04-10,26349.0,22541
2016-04-11,23762.0,22168
2016-04-12,22945.0,20886
2016-04-13,23558.0,21318
2016-04-14,25546.0,21425
2016-04-15,26065.0,21029
2016-04-16,25504.0,22397
2016-04-17,25669.0,31432
2016-04-18,23369.0,24774
2016-04-19,27552.0,22817
2016-04-20,27829.0,23299
2016-04-21,26034.0,26100
2016-04-22,26849.0,25382
2016-04-23,25674.0,23591
2016-04-24,25324.0,22441
2016-04-25,27257.0,22400
2016-04-26,24979.0,21221
2016-04-27,26816.0,24857
2016-04-28,30106.0,23093
2016-04-29,31020.0,21833
2016-04-30,32596.0,22244
2016-05-01,31395.0,22066
2016-05-02,29547.0,22061
2016-05-03,30168.0,35453
2016-05-04,32795.0,26491
2016-05-05,31489.0,23244
2016-05-06,32024.0,21397
2016-05-07,29109.0,21328
2016-05-08,28702.0,21743
2016-05-09,27633.0,21840
2016-05-10,28873.0,22749
2016-05-11,30342.0,22650
2016-05-12,30487.0,22200
2016-05-13,29278.0,21961
2016-05-14,28344.0,21662
2016-05-15,27557.0,21514
2016-05-16,32108.0,24725
2016-05-17,31433.0,23134
2016-05-18,28749.0,23102
2016-05-19,27287.0,22160
2016-05-20,27692.0,22979
2016-05-21,30580.0,21787
2016-05-22,29408.0,20524
2016-05-23,25485.0,21000
2016-05-24,27184.0,22673
2016-05-25,30958.0,22067
2016-05-26,29360.0,21735
2016-05-27,28526.0,21019
2016-05-28,27842.0,20326
2016-05-29,28818.0,21326
2016-05-30,27931.0,21452
2016-05-31,26676.0,20411
2016-06-01,25069.0,19977
2016-06-02,25256.0,20171
2016-06-03,24973.0,20195
2016-06-04,27543.0,20892
2016-06-05,28598.0,19750
2016-06-06,27998.0,19998
2016-06-07,26291.0,20300
2016-06-08,26416.0,21507
2016-06-09,24585.0,20529
2016-06-10,25666.0,22247
2016-06-11,26456.0,22242
2016-06-12,27989.0,21199
2016-06-13,28702.0,21891
2016-06-14,27522.0,21101
2016-06-15,25463.0,20683
2016-06-16,27959.0,22387
2016-06-17,25774.0,21636
2016-06-18,26095.0,21100
2016-06-19,29803.0,21937
2016-06-20,26623.0,21860
2016-06-21,32023.0,20724
2016-06-22,29909.0,21189
2016-06-23,29234.0,21805
2016-06-24,29352.0,26819
2016-06-25,31288.0,24770
2016-06-26,28526.0,22165
2016-06-27,29198.0,22395
2016-06-28,28331.0,21865
2016-06-29,28720.0,21600
2016-06-30,31910.0,23080
2016-07-01,32053.0,32682
2016-07-02,32831.0,33769
2016-07-03,33232.0,31350
2016-07-04,33153.0,36017
2016-07-05,33251.0,29505
2016-07-06,31447.0,28119
2016-07-07,32853.0,24727
2016-07-08,32215.0,24170
2016-07-09,33488.0,24493
2016-07-10,32623.0,25302
2016-07-11,31799.0,24131
2016-07-12,31133.0,23377
2016-07-13,32275.0,25161
2016-07-14,32001.0,24076
2016-07-15,31556.0,22478
2016-07-16,31198.0,25349
2016-07-17,33377.0,25233
2016-07-18,32949.0,24352
2016-07-19,32355.0,24388
2016-07-20,30824.0,22905
2016-07-21,31057.0,23322
2016-07-22,30424.0,21664
2016-07-23,29457.0,22636
2016-07-24,29380.0,24071
2016-07-25,29253.0,22871
2016-07-26,29647.0,24414
2016-07-27,28212.0,24874
2016-07-28,29761.0,22272
2016-07-29,29986.0,23768
2016-07-30,29980.0,23963
2016-07-31,32895.0,26015
2016-08-01,29679.0,24935
2016-08-02,31464.0,24564
2016-08-03,31792.0,24988
2016-08-04,28890.0,24421
2016-08-05,28331.0,23713
2016-08-06,28823.0,22803
2016-08-07,29114.0,23893
2016-08-08,27038.0,23464
2016-08-09,26785.0,21844
2016-08-10,26784.0,23074
2016-08-11,26391.0,23546
2016-08-12,26255.0,23757
2016-08-13,27210.0,22943
2016-08-14,27280.0,22416
2016-08-15,26890.0,22933
2016-08-16,25266.0,23258
2016-08-17,25033.0,22148
2016-08-18,25689.0,23218
2016-08-19,25437.0,23130
2016-08-20,25999.0,22748
2016-08-21,25790.0,21915
2016-08-22,25227.0,22659
2016-08-23,24469.0,21273
2016-08-24,25712.0,22256
2016-08-25,25139.0,23062
2016-08-26,23704.0,22187
2016-08-27,24570.0,22265
2016-08-28,27655.0,26708
2016-08-29,28987.0,24004
2016-08-30,29354.0,23560
2016-08-31,27132.0,23369
2016-09-01,28433.0,22576
2016-09-02,29650.0,32176
2016-09-03,28716.0,43883
2016-09-04,28281.0,28480
2016-09-05,28607.0,25175
2016-09-06,29124.0,23859
2016-09-07,29230.0,23459
2016-09-08,26886.0,26008
2016-09-09,28936.0,22837
2016-09-10,29496.0,22841
2016-09-11,29474.0,23050
2016-09-12,33188.0,24813
2016-09-13,32092.0,23871
2016-09-14,31702.0,22177
2016-09-15,30379.0,18000
2016-09-16,30275.0,19664
2016-09-17,34218.0,40706
2016-09-18,32962.0,34563
2016-09-19,32496.0,27924
2016-09-20,32965.0,26074
2016-09-21,32821.0,24359
2016-09-22,28632.0,21880
2016-09-23,30414.0,23138
2016-09-24,31675.0,23722
2016-09-25,31007.0,23075
2016-09-26,30416.0,22468
2016-09-27,30491.0,23731
2016-09-28,30822.0,27525
2016-09-29,33359.0,27089
2016-09-30,31649.0,29334
2016-10-01,32851.0,27719
2016-10-02,30795.0,25544
2016-10-03,29321.0,24723
2016-10-04,30621.0,25079
2016-10-05,31089.0,45944
2016-10-06,32815.0,32152
2016-10-07,32498.0,24394
2016-10-08,29246.0,34689
2016-10-09,31901.0,27488
2016-10-10,32565.0,26564
2016-10-11,31744.0,24130
2016-10-12,33349.0,24233
2016-10-13,32535.0,23391
2016-10-14,31372.0,23491
2016-10-15,31052.0,22718
2016-10-16,32859.0,25282
2016-10-17,33290.0,30306
2016-10-18,30660.0,26420
2016-10-19,33100.0,24966
2016-10-20,32156.0,23098
2016-10-21,30310.0,22245
2016-10-22,31111.0,23284
2016-10-23,31407.0,23022
2016-10-24,28626.0,22436
2016-10-25,29217.0,22776
2016-10-26,29266.0,23300
2016-10-27,28124.0,23848
2016-10-28,32907.0,22879
2016-10-29,28793.0,22622
2016-10-30,28489.0,24121
2016-10-31,26011.0,22805
2016-11-01,25392.0,22948
2016-11-02,25556.0,22825
2016-11-03,24878.0,23638
2016-11-04,25785.0,22446
2016-11-05,26256.0,23515
2016-11-06,26645.0,23215
2016-11-07,25697.0,22914
2016-11-08,24999.0,23762
2016-11-09,25243.0,22113
2016-11-10,27036.0,24543
2016-11-11,27497.0,23505
2016-11-12,27313.0,23112
2016-11-13,31313.0,22095
2016-11-14,29589.0,22668
2016-11-15,25485.0,22611
2016-11-16,24354.0,22012
2016-11-17,24259.0,21402
2016-11-18,28151.0,21912
2016-11-19,31966.0,24964
2016-11-20,29552.0,21104
2016-11-21,26885.0,21558
2016-11-22,25512.0,20596
2016-11-23,25132.0,21754
2016-11-24,23036.0,21511
2016-11-25,23226.0,21320
2016-11-26,27731.0,20776
2016-11-27,28430.0,20969
2016-11-28,26259.0,21405
2016-11-29,25958.0,20633
2016-11-30,30145.0,22085
2016-12-01,30209.0,22981
2016-12-02,28032.0,22840
2016-12-03,27916.0,21406
2016-12-04,28115.0,20962
2016-12-05,26954.0,22585
2016-12-06,25791.0,22938
2016-12-07,26250.0,21571
2016-12-08,27138.0,21525
2016-12-09,27538.0,22901
2016-12-10,27312.0,21988
2016-12-11,27497.0,20875
2016-12-12,26518.0,21127
2016-12-13,24994.0,20912
2016-12-14,24962.0,21657
2016-12-15,24685.0,21865
2016-12-16,24228.0,21069
2016-12-17,25985.0,22136
2016-12-18,26026.0,21476
2016-12-19,27275.0,21609
2016-12-20,30681.0,23290
2016-12-21,29599.0,23327
2016-12-22,30242.0,36903
2016-12-23,27921.0,27191
2016-12-24,29036.0,25179
2016-12-25,28530.0,23124
2016-12-26,27896.0,24574
2016-12-27,29966.0,24585
2016-12-28,27797.0,23687
2016-12-29,27755.0,22838
2016-12-30,26807.0,22487
2016-12-31,27807.0,23061
2017-01-01,29828.0,21350
2017-01-02,29537.0,21888
2017-01-03,29031.0,22217
2017-01-04,28930.0,22085
2017-01-05,29374.0,22492
2017-01-06,29916.0,22273
2017-01-07,29353.0,22175
2017-01-08,31674.0,22886
2017-01-09,30077.0,21767
2017-01-10,30092.0,22009
2017-01-11,26186.0,22004
2017-01-12,25779.0,21990
2017-01-13,27245.0,22614
2017-01-14,27236.0,23048
2017-01-15,26586.0,22775
2017-01-16,25738.0,22636
2017-01-17,25702.0,22101
2017-01-18,25570.0,22560
2017-01-19,25058.0,22543
2017-01-20,25928.0,21887
2017-01-21,27415.0,22784
2017-01-22,26307.0,23063
2017-01-23,27292.0,22978
2017-01-24,27367.0,22980
2017-01-25,26568.0,23773
2017-01-26,27165.0,24273
2017-01-27,25522.0,22281
2017-01-28,24097.0,19149
2017-01-29,24534.0,20369
2017-01-30,25578.0,23085
2017-01-31,25172.0,24080
2017-02-01,23720.0,22323
2017-02-02,23906.0,22683
2017-02-03,25029.0,22562
2017-02-04,25197.0,22939
2017-02-05,27780.0,21411
2017-02-06,24520.0,22822
2017-02-07,24039.0,22574
2017-02-08,24314.0,22156
2017-02-09,24418.0,19668
2017-02-10,24298.0,21824
2017-02-11,24536.0,23167
2017-02-12,24060.0,22287
2017-02-13,24832.0,21886
2017-02-14,23285.0,21490
2017-02-15,23757.0,21779
2017-02-16,24317.0,22264
2017-02-17,25928.0,22565
2017-02-18,25319.0,22435
2017-02-19,25261.0,23956
2017-02-20,25606.0,23743
2017-02-21,26594.0,23288
2017-02-22,27168.0,24322
2017-02-23,26375.0,27127
2017-02-24,25296.0,24622
2017-02-25,25032.0,24602
2017-02-26,25558.0,25194
2017-02-27,25369.0,24325
2017-02-28,24526.0,24133
2017-03-01,25066.0,23547
2017-03-02,26239.0,24924
2017-03-03,24984.0,21231
2017-03-04,24318.0,19945
2017-03-05,23653.0,20610
2017-03-06,24647.0,23459
2017-03-07,24663.0,25484
2017-03-08,22918.0,25422
2017-03-09,22816.0,19770
2017-03-10,22404.0,21627
2017-03-11,23643.0,22680
2017-03-12,24288.0,22640
2017-03-13,22843.0,21165
2017-03-14,23522.0,22439
2017-03-15,23165.0,22258
2017-03-16,22174.0,21922
2017-03-17,23709.0,21880
2017-03-18,24293.0,21859
2017-03-19,23923.0,23501
2017-03-20,22846.0,23479
2017-03-21,25515.0,21710
2017-03-22,25423.0,21952
2017-03-23,23765.0,22170
2017-03-24,23655.0,21232
2017-03-25,24884.0,21317
2017-03-26,25813.0,22632
2017-03-27,23602.0,23189
2017-03-28,22920.0,21914
2017-03-29,25242.0,22173
2017-03-30,26313.0,21372
2017-03-31,24347.0,21630
2017-04-01,23587.0,22037
2017-04-02,24820.0,22121
2017-04-03,24846.0,23598
2017-04-04,24048.0,22802
2017-04-05,23020.0,22527
2017-04-06,25347.0,31448
2017-04-07,25849.0,26364
2017-04-08,26827.0,24304
2017-04-09,23630.0,23515
2017-04-10,25252.0,23812
2017-04-11,28154.0,24370
2017-04-12,28657.0,23915
2017-04-13,27550.0,22811
2017-04-14,27968.0,22929
2017-04-15,28109.0,22516
2017-04-16,27155.0,23374
2017-04-17,28800.0,26076
2017-04-18,29388.0,24175
2017-04-19,27523.0,24620
2017-04-20,28361.0,23278
2017-04-21,28848.0,21936
2017-04-22,28965.0,24586
2017-04-23,30435.0,24260
2017-04-24,26778.0,23701
2017-04-25,24804.0,22039
2017-04-26,25271.0,20650
2017-04-27,29181.0,22742
2017-04-28,27128.0,22252
2017-04-29,27392.0,22254
2017-04-30,26448.0,22516
2017-05-01,27222.0,22544
2017-05-02,25417.0,22202
2017-05-03,25626.0,21866
2017-05-04,28331.0,22241
2017-05-05,29020.0,22219
2017-05-06,27144.0,22338
2017-05-07,25950.0,22335
2017-05-08,27130.0,23425
2017-05-09,29682.0,23598
2017-05-10,27710.0,23978
2017-05-11,26167.0,22642
2017-05-12,26993.0,23504
2017-05-13,28955.0,24376
2017-05-14,27284.0,23393
2017-05-15,25048.0,24251
2017-05-16,24947.0,22304
2017-05-17,24534.0,22489
2017-05-18,24973.0,23379
2017-05-19,25190.0,23255
2017-05-20,25339.0,23099
2017-05-21,25654.0,23199
2017-05-22,25159.0,23182
2017-05-23,24196.0,22972
2017-05-24,23996.0,22384
2017-05-25,25412.0,22237
2017-05-26,23833.0,22603
2017-05-27,24273.0,23406
2017-05-28,24574.0,22120
2017-05-29,23270.0,22735
2017-05-30,23813.0,23224
2017-05-31,22722.0,21822
2017-06-01,24515.0,22779
2017-06-02,23790.0,21999
2017-06-03,24495.0,22206
2017-06-04,25242.0,20945
2017-06-05,24597.0,22257
2017-06-06,26081.0,21721
2017-06-07,28474.0,23180
2017-06-08,25558.0,20970
2017-06-09,24988.0,21429
2017-06-10,24342.0,22617
2017-06-11,24495.0,21991
2017-06-12,22747.0,22001
2017-06-13,22104.0,22785
2017-06-14,22309.0,23825
2017-06-15,23313.0,23485
2017-06-16,22098.0,23790
2017-06-17,22704.0,23206
2017-06-18,23725.0,23651
2017-06-19,22109.0,24829
2017-06-20,22752.0,24600
2017-06-21,25450.0,24945
2017-06-22,23404.0,23065
2017-06-23,23741.0,24169
2017-06-24,22822.0,24106
2017-06-25,23342.0,24241
2017-06-26,24464.0,23729
2017-06-27,21136.0,23747
2017-06-28,21537.0,24548
2017-06-29,23258.0,21753
2017-06-30,26152.0,24407
2017-07-01,25608.0,24162
2017-07-02,26227.0,24910
2017-07-03,24717.0,24252
2017-07-04,28911.0,25008
2017-07-05,30382.0,26441
2017-07-06,24546.0,23832
2017-07-07,23821.0,23461
2017-07-08,25468.0,23453
2017-07-09,26300.0,23872
2017-07-10,25172.0,23091
2017-07-11,26919.0,23076
2017-07-12,24259.0,25175
2017-07-13,24677.0,23788
2017-07-14,24626.0,23442
2017-07-15,25267.0,23111
2017-07-16,26316.0,23324
2017-07-17,25187.0,23900
2017-07-18,26683.0,23526
2017-07-19,23864.0,24117
2017-07-20,23882.0,23217
2017-07-21,23706.0,23466
2017-07-22,24899.0,23374
2017-07-23,25615.0,22941
2017-07-24,25230.0,24214
2017-07-25,24529.0,23292
2017-07-26,23325.0,21610
2017-07-27,22681.0,23157
2017-07-28,23209.0,23021
2017-07-29,23651.0,22313
2017-07-30,24889.0,22525
2017-07-31,23279.0,23245
2017-08-01,22966.0,23188
2017-08-02,24070.0,22610
2017-08-03,22843.0,23597
2017-08-04,23227.0,23145
2017-08-05,23309.0,22962
2017-08-06,24744.0,23331
2017-08-07,24275.0,24253
2017-08-08,23115.0,24001
2017-08-09,26814.0,24357
2017-08-10,22891.0,23642
2017-08-11,23801.0,23133
2017-08-12,24807.0,23544
2017-08-13,26592.0,21697
2017-08-14,29125.0,25572
2017-08-15,30255.0,23438
2017-08-16,27590.0,24329
2017-08-17,26430.0,23391
2017-08-18,27326.0,24048
2017-08-19,26617.0,24022
2017-08-20,27148.0,24176
2017-08-21,26774.0,23714
2017-08-22,27176.0,26464
2017-08-23,26814.0,25117
2017-08-24,25042.0,24393
2017-08-25,25445.0,23828
2017-08-26,27254.0,23700
2017-08-27,27567.0,23284
2017-08-28,25506.0,23294
2017-08-29,25003.0,23452
2017-08-30,24315.0,23165
2017-08-31,23874.0,21572
2017-09-01,23954.0,22740
2017-09-02,24542.0,23027
2017-09-03,26241.0,23114
2017-09-04,22983.0,23278
2017-09-05,22960.0,22427
2017-09-06,25480.0,24123
2017-09-07,30620.0,25135
2017-09-08,25893.0,23403
2017-09-09,26143.0,23996
2017-09-10,27206.0,23376
2017-09-11,30047.0,36250
2017-09-12,29271.0,27732
2017-09-13,30888.0,23734
2017-09-14,28196.0,22509
2017-09-15,26575.0,23435
2017-09-16,27356.0,21588
2017-09-17,28893.0,24000
2017-09-18,27258.0,24547
2017-09-19,26426.0,23050
2017-09-20,25867.0,22338
2017-09-21,24890.0,22663
2017-09-22,25386.0,23408
2017-09-23,25545.0,22448
2017-09-24,25629.0,23455
2017-09-25,24855.0,22822
2017-09-26,24947.0,23518
2017-09-27,28961.0,24902
2017-09-28,25364.0,22325
2017-09-29,25607.0,23192
2017-09-30,25859.0,22931
2017-10-01,26682.0,21939
2017-10-02,30579.0,30622
2017-10-03,30972.0,22203
2017-10-04,26924.0,18605
2017-10-05,27511.0,19113
2017-10-06,27373.0,21656
2017-10-07,28658.0,21640
2017-10-08,27523.0,21529
2017-10-09,25653.0,23378
2017-10-10,24840.0,23286
2017-10-11,23383.0,21903
2017-10-12,26204.0,23012
2017-10-13,26612.0,24881
2017-10-14,25363.0,24689
2017-10-15,27129.0,24254
2017-10-16,24321.0,24077
2017-10-17,25897.0,24778
2017-10-18,23192.0,23648
2017-10-19,24129.0,23414
2017-10-20,24054.0,24421
2017-10-21,24939.0,23793
2017-10-22,24697.0,23524
2017-10-23,23282.0,24291
2017-10-24,23199.0,24561
2017-10-25,23955.0,24424
2017-10-26,22958.0,24563
2017-10-27,23326.0,24066
2017-10-28,24114.0,24229
2017-10-29,25620.0,24898
2017-10-30,23113.0,24479
2017-10-31,22353.0,24271
2017-11-01,22549.0,24260
2017-11-02,24107.0,23870
2017-11-03,23993.0,24502
2017-11-04,24141.0,23479
2017-11-05,23448.0,23594
2017-11-06,22055.0,23367
2017-11-07,20980.0,23706
2017-11-08,21763.0,23970
2017-11-09,21491.0,23991
2017-11-10,21807.0,23392
2017-11-11,21553.0,23885
2017-11-12,22652.0,23192
2017-11-13,21984.0,22370
2017-11-14,21443.0,23420
2017-11-15,20973.0,24441
2017-11-16,20490.0,25312
2017-11-17,22030.0,25030
2017-11-18,22972.0,23630
2017-11-19,23403.0,24743
2017-11-20,21243.0,24798
2017-11-21,20841.0,24670
2017-11-22,20901.0,24638
2017-11-23,20540.0,24533
2017-11-24,20360.0,24213
2017-11-25,22471.0,23800
2017-11-26,25197.0,23874
2017-11-27,23349.0,25045
2017-11-28,21749.0,23811
2017-11-29,21245.0,24671
2017-11-30,21505.0,24290
2017-12-01,21753.0,25430
2017-12-02,21500.0,25681
2017-12-03,23054.0,25734
2017-12-04,22630.0,24262
2017-12-05,20695.0,21641
2017-12-06,20971.0,21083
2017-12-07,19227.0,21399
2017-12-08,21938.0,22299
2017-12-09,22905.0,21718
2017-12-10,22404.0,21718
2017-12-11,21210.0,21605
2017-12-12,21528.0,22328
2017-12-13,21348.0,22092
2017-12-14,20866.0,21926
2017-12-15,22985.0,20608
2017-12-16,24571.0,21917
2017-12-17,24426.0,21630
2017-12-18,22724.0,21139
2017-12-19,22254.0,21336
2017-12-20,22869.0,22383
2017-12-21,22459.0,22320
2017-12-22,22533.0,20898
2017-12-23,22395.0,21785
2017-12-24,22325.0,22782
2017-12-25,23438.0,22737
2017-12-26,22359.0,21619
2017-12-27,22619.0,20811
2017-12-28,23965.0,21591
2017-12-29,24854.0,21349
2017-12-30,25299.0,20331
2017-12-31,26108.0,21018
2018-01-01,25230.0,20772
2018-01-02,24592.0,19209
2018-01-03,20986.0,20794
2018-01-04,22125.0,20109
2018-01-05,23876.0,21032
2018-01-06,23169.0,20316
2018-01-07,22663.0,20244
2018-01-08,23298.0,20785
2018-01-09,22074.0,20730
2018-01-10,21193.0,19833
2018-01-11,20916.0,20237
2018-01-12,21703.0,20162
2018-01-13,22615.0,20772
2018-01-14,22298.0,21219
2018-01-15,23859.0,20642
2018-01-16,22967.0,21552
2018-01-17,24110.0,22245
2018-01-18,21138.0,19628
2018-01-19,21450.0,19723
2018-01-20,20626.0,20543
2018-01-21,21146.0,20465
2018-01-22,19232.0,19759
2018-01-23,18635.0,19414
2018-01-24,18768.0,19205
2018-01-25,19335.0,19499
2018-01-26,20285.0,19233
2018-01-27,21850.0,19992
2018-01-28,22625.0,19977
2018-01-29,22866.0,20369
2018-01-30,21864.0,19933
2018-01-31,21863.0,19651
2018-02-01,21908.0,19737
2018-02-02,22133.0,19862
2018-02-03,21606.0,20283
2018-02-04,21590.0,21201
2018-02-05,21739.0,20462
2018-02-06,21770.0,21311
2018-02-07,21230.0,21907
2018-02-08,21766.0,21183
2018-02-09,21972.0,21352
2018-02-10,21835.0,21878
2018-02-11,21694.0,21876
2018-02-12,22199.0,21588
2018-02-13,22572.0,21196
2018-02-14,24137.0,23377
2018-02-15,21682.0,21654
2018-02-16,22403.0,16880
2018-02-17,23958.0,18732
2018-02-18,22731.0,21605
2018-02-19,22605.0,21725
2018-02-20,22260.0,20360
2018-02-21,22227.0,20320
2018-02-22,21040.0,21632
2018-02-23,21778.0,22092
2018-02-24,23367.0,21396
2018-02-25,23764.0,20920
2018-02-26,22517.0,21891
2018-02-27,21995.0,20817
2018-02-28,22779.0,24738
2018-03-01,22748.0,24210
2018-03-02,24729.0,22115
2018-03-03,25175.0,21397
2018-03-04,26739.0,24361
2018-03-05,27801.0,24644
2018-03-06,28690.0,25331
2018-03-07,30403.0,24059
2018-03-08,33204.0,31588
2018-03-09,32477.0,26177
2018-03-10,32057.0,25329
2018-03-11,29712.0,24310
2018-03-12,29017.0,22612
2018-03-13,28082.0,21761
2018-03-14,27952.0,23570
2018-03-15,29300.0,25117
2018-03-16,33042.0,23493
2018-03-17,32198.0,24060
2018-03-18,30386.0,24851
2018-03-19,30216.0,29930
2018-03-20,29505.0,26094
2018-03-21,31093.0,30645
2018-03-22,31340.0,28725
2018-03-23,28471.0,25065
2018-03-24,28351.0,24717
2018-03-25,28901.0,25331
2018-03-26,29646.0,24636
2018-03-27,30602.0,24291
2018-03-28,30311.0,24207
2018-03-29,29626.0,23517
2018-03-30,28315.0,22840
2018-03-31,29716.0,23512
2018-04-01,26598.0,23947
2018-04-02,26025.0,23944
2018-04-03,27316.0,23735
2018-04-04,26979.0,22603
2018-04-05,26177.0,23386
2018-04-06,30629.0,26578
2018-04-07,29454.0,24908
2018-04-08,29774.0,24461
2018-04-09,28461.0,23680
2018-04-10,28969.0,23943
2018-04-11,27748.0,23755
2018-04-12,26499.0,23339
2018-04-13,27101.0,23114
2018-04-14,27382.0,28414
2018-04-15,29190.0,28350
2018-04-16,28824.0,25562
2018-04-17,29068.0,23910
2018-04-18,29237.0,24483
2018-04-19,27858.0,24073
2018-04-20,28725.0,23870
2018-04-21,29434.0,24618
2018-04-22,27191.0,24682
2018-04-23,28034.0,26233
2018-04-24,29947.0,35935
2018-04-25,30861.0,28270
2018-04-26,34860.0,28334
2018-04-27,32639.0,23583
2018-04-28,31690.0,22523
2018-04-29,31582.0,23549
2018-04-30,31611.0,23589
2018-05-01,30741.0,23805
2018-05-02,29776.0,23923
2018-05-03,33500.0,22679
2018-05-04,30236.0,22496
2018-05-05,30667.0,22228
2018-05-06,30404.0,23323
2018-05-07,33508.0,29515
2018-05-08,34860.0,26312
2018-05-09,33363.0,24406
2018-05-10,35342.0,24481
2018-05-11,37889.0,22576
2018-05-12,35078.0,22967
2018-05-13,36229.0,25512
2018-05-14,34006.0,24173
2018-05-15,30673.0,23944
2018-05-16,33061.0,23316
2018-05-17,31047.0,23921
2018-05-18,34818.0,23046
2018-05-19,30386.0,22898
2018-05-20,29806.0,23269
2018-05-21,28508.0,21933
2018-05-22,29012.0,22921
2018-05-23,35050.0,28382
2018-05-24,34421.0,25111
2018-05-25,32826.0,24928
2018-05-26,30921.0,23791
2018-05-27,31292.0,23538
2018-05-28,29799.0,23706
2018-05-29,29480.0,23457
2018-05-30,29740.0,24019
2018-05-31,28465.0,23997
2018-06-01,28629.0,23165
2018-06-02,27713.0,23861
2018-06-03,27813.0,23388
2018-06-04,26335.0,23568
2018-06-05,28316.0,22706
2018-06-06,30199.0,24245
2018-06-07,31338.0,25230
2018-06-08,26779.0,22458
2018-06-09,27118.0,22455
2018-06-10,28992.0,22812
2018-06-11,32281.0,26905
2018-06-12,29750.0,23679
2018-06-13,30342.0,23106
2018-06-14,27218.0,21884
2018-06-15,27952.0,21386
2018-06-16,27154.0,21304
2018-06-17,28459.0,24428
2018-06-18,27379.0,23804
2018-06-19,28351.0,21264
2018-06-20,29010.0,21887
2018-06-21,26803.0,23617
2018-06-22,28481.0,22461
2018-06-23,26721.0,21499
2018-06-24,26559.0,24984
2018-06-25,26228.0,25540
2018-06-26,27790.0,23976
2018-06-27,27695.0,24457
2018-06-28,33030.0,30806
2018-06-29,32716.0,29867
2018-06-30,32938.0,26956
2018-07-01,34845.0,30264
2018-07-02,31781.0,27514
2018-07-03,34178.0,33580
2018-07-04,35483.0,34900
2018-07-05,31440.0,29868
2018-07-06,30608.0,28368
2018-07-07,32525.0,27215
2018-07-08,30543.0,24304
2018-07-09,32014.0,23648
2018-07-10,31900.0,24235
2018-07-11,33477.0,24977
2018-07-12,33904.0,25955
2018-07-13,32687.0,24863
2018-07-14,32825.0,24550
2018-07-15,32423.0,25030
2018-07-16,32704.0,24605
2018-07-17,30602.0,24219
2018-07-18,29635.0,24898
2018-07-19,30222.0,24291
2018-07-20,30741.0,24442
2018-07-21,30909.0,23791
2018-07-22,31068.0,23982
2018-07-23,29097.0,25008
2018-07-24,28507.0,25810
2018-07-25,29250.0,24777
2018-07-26,28053.0,24726
2018-07-27,28706.0,24948
2018-07-28,29311.0,25224
2018-07-29,28267.0,24243
2018-07-30,29131.0,23635
2018-07-31,27573.0,23726
2018-08-01,26492.0,24883
2018-08-02,25595.0,23103
2018-08-03,27762.0,22641
2018-08-04,28660.0,22691
2018-08-05,28533.0,23595
2018-08-06,26953.0,23286
2018-08-07,26310.0,23385
2018-08-08,25942.0,23112
2018-08-09,25622.0,23689
2018-08-10,26500.0,22705
2018-08-11,27751.0,23012
2018-08-12,27731.0,23961
2018-08-13,27605.0,24121
2018-08-14,26612.0,22616
2018-08-15,29043.0,25898
2018-08-16,31368.0,26169
2018-08-17,27415.0,23325
2018-08-18,26717.0,23123
2018-08-19,26293.0,23251
2018-08-20,25749.0,22884
2018-08-21,28145.0,23700
2018-08-22,25791.0,23114
2018-08-23,26354.0,24662
2018-08-24,29711.0,26498
2018-08-25,26772.0,24517
2018-08-26,27130.0,30127
2018-08-27,26871.0,33799
2018-08-28,27939.0,27976
2018-08-29,27022.0,25822
2018-08-30,28958.0,25465
2018-08-31,27426.0,27452
2018-09-01,31255.0,30349
2018-09-02,31055.0,27637
2018-09-03,29535.0,37941
2018-09-04,28738.0,31156
2018-09-05,29612.0,27145
2018-09-06,28423.0,24844
2018-09-07,29772.0,26153
2018-09-08,28943.0,25365
2018-09-09,28651.0,23768
2018-09-10,27008.0,23871
2018-09-11,25662.0,23768
2018-09-12,25257.0,23986
2018-09-13,27038.0,23999
2018-09-14,29373.0,29327
2018-09-15,30537.0,25166
2018-09-16,30135.0,26091
2018-09-17,28582.0,24244
2018-09-18,29572.0,24009
2018-09-19,27726.0,24427
2018-09-20,29412.0,25453
2018-09-21,30029.0,30004
2018-09-22,29942.0,29313
2018-09-23,30272.0,23873
2018-09-24,30678.0,20045
2018-09-25,29788.0,20759
2018-09-26,28405.0,22452
2018-09-27,27294.0,23129
2018-09-28,27644.0,20999
2018-09-29,28062.0,24971
2018-09-30,29813.0,27490
2018-10-01,31381.0,25487
2018-10-02,31271.0,23452
2018-10-03,28973.0,24369
2018-10-04,32531.0,24175
2018-10-05,29718.0,30727
2018-10-06,29654.0,31644
2018-10-07,31522.0,32631
2018-10-08,30702.0,28105
2018-10-09,30349.0,26074
2018-10-10,30695.0,24320
2018-10-11,29843.0,24565
2018-10-12,30777.0,24372
2018-10-13,30328.0,23249
2018-10-14,29565.0,22439
2018-10-15,29373.0,22158
2018-10-16,28561.0,21517
2018-10-17,27895.0,23285
2018-10-18,27226.0,22412
2018-10-19,29437.0,21244
2018-10-20,27582.0,22657
2018-10-21,27762.0,22064
2018-10-22,27130.0,22708
2018-10-23,26404.0,22241
2018-10-24,27228.0,23697
2018-10-25,26191.0,22018
2018-10-26,27738.0,22319
2018-10-27,27370.0,25546
2018-10-28,27296.0,24246
2018-10-29,26878.0,24653
2018-10-30,25380.0,23043
2018-10-31,25071.0,22594
2018-11-01,25160.0,23081
2018-11-02,25905.0,22813
2018-11-03,26272.0,22463
2018-11-04,26490.0,22935
2018-11-05,25993.0,23054
2018-11-06,25097.0,22670
2018-11-07,25334.0,22119
2018-11-08,26901.0,27992
2018-11-09,27513.0,28700
2018-11-10,27575.0,24393
2018-11-11,28557.0,23729
2018-11-12,29080.0,23252
2018-11-13,28495.0,23403
2018-11-14,27560.0,22781
2018-11-15,27085.0,23074
2018-11-16,27469.0,22292
2018-11-17,26978.0,23433
2018-11-18,26617.0,22209
2018-11-19,26564.0,22704
2018-11-20,26319.0,22564
2018-11-21,26466.0,23654
2018-11-22,25670.0,23286
2018-11-23,25748.0,21383
2018-11-24,25250.0,21962
2018-11-25,25465.0,21742
2018-11-26,25666.0,23924
2018-11-27,24676.0,21914
2018-11-28,25166.0,22956
2018-11-29,25390.0,22538
2018-11-30,26064.0,22267
2018-12-01,24727.0,21404
2018-12-02,25062.0,23384
2018-12-03,26235.0,23540
2018-12-04,26529.0,23557
2018-12-05,28060.0,22930
2018-12-06,26834.0,22540
2018-12-07,27228.0,23053
2018-12-08,26257.0,22618
2018-12-09,26453.0,22319
2018-12-10,26302.0,23087
2018-12-11,26928.0,21381
2018-12-12,26668.0,23164
2018-12-13,25744.0,22304
2018-12-14,26864.0,22140
2018-12-15,26892.0,22915
2018-12-16,25492.0,22866
2018-12-17,25698.0,23741
2018-12-18,25882.0,22338
2018-12-19,25619.0,22266
2018-12-20,25367.0,22221
2018-12-21,25953.0,21478
2018-12-22,26022.0,22482
2018-12-23,27118.0,21974
2018-12-24,26091.0,22194
2018-12-25,26655.0,21256
2018-12-26,26239.0,21393
2018-12-27,26100.0,22147
2018-12-28,25387.0,22238
2018-12-29,25535.0,22392
2018-12-30,25741.0,23314
2018-12-31,25685.0,22502
2019-01-01,26342.0,21371
2019-01-02,25685.0,21776
2019-01-03,24956.0,22132
2019-01-04,25167.0,21472
2019-01-05,25122.0,22305
2019-01-06,25594.0,22180
2019-01-07,25235.0,21669
2019-01-08,26501.0,22036
2019-01-09,25697.0,21885
2019-01-10,24123.0,21546
2019-01-11,26199.0,21219
2019-01-12,26110.0,21453
2019-01-13,25809.0,21383
2019-01-14,26301.0,22210
2019-01-15,26924.0,20821
2019-01-16,26199.0,21803
2019-01-17,25800.0,21281
2019-01-18,25598.0,21657
2019-01-19,26063.0,21638
2019-01-20,26061.0,21246
2019-01-21,25828.0,21149
2019-01-22,26278.0,21438
2019-01-23,25501.0,21772
2019-01-24,25279.0,22088
2019-01-25,26121.0,21306
2019-01-26,25492.0,20722
2019-01-27,26497.0,22004
2019-01-28,26024.0,22241
2019-01-29,26169.0,22870
2019-01-30,25547.0,22975
2019-01-31,25869.0,22849
2019-02-01,27190.0,23074
2019-02-02,26306.0,23743
2019-02-03,26681.0,23141
2019-02-04,25487.0,21616
2019-02-05,26123.0,18679
2019-02-06,25348.0,21886
2019-02-07,26320.0,23156
2019-02-08,25698.0,20895
2019-02-09,25135.0,22337
2019-02-10,25385.0,21453
2019-02-11,25715.0,21672
2019-02-12,25084.0,21489
2019-02-13,25262.0,21663
2019-02-14,25664.0,20968
2019-02-15,24190.0,21072
2019-02-16,25015.0,21977
2019-02-17,25332.0,23135
2019-02-18,24756.0,22106
2019-02-19,27183.0,24538
2019-02-20,27300.0,23259
2019-02-21,26549.0,22064
2019-02-22,25928.0,22034
2019-02-23,25591.0,22284
2019-02-24,25595.0,22345
2019-02-25,25967.0,22606
2019-02-26,25980.0,21099
2019-02-27,25026.0,21289
2019-02-28,25756.0,21194
2019-03-01,25737.0,21470
2019-03-02,26359.0,21632
2019-03-03,25412.0,22889
2019-03-04,26226.0,22151
2019-03-05,25680.0,23308
2019-03-06,25827.0,22193
2019-03-07,24792.0,21068
2019-03-08,25262.0,21922
2019-03-09,23288.0,21753
2019-03-10,22243.0,26899
2019-03-11,23651.0,24819
2019-03-12,26244.0,22731
2019-03-13,26207.0,22882
2019-03-14,26447.0,21753
2019-03-15,26320.0,21780
2019-03-16,26746.0,22767
2019-03-17,23355.0,22749
2019-03-18,23703.0,22283
2019-03-19,25440.0,22261
2019-03-20,27580.0,22996
2019-03-21,28580.0,25848
2019-03-22,26686.0,22117
2019-03-23,27018.0,22701
2019-03-24,27665.0,23091
2019-03-25,27028.0,21794
2019-03-26,27584.0,21677
2019-03-27,28203.0,21916
2019-03-28,29143.0,21843
2019-03-29,26624.0,22561
2019-03-30,26615.0,21571
2019-03-31,27038.0,21966
2019-04-01,27691.0,21038
2019-04-02,25925.0,20813
2019-04-03,25465.0,21395
2019-04-04,25890.0,21564
2019-04-05,26097.0,20421
2019-04-06,26254.0,22214
2019-04-07,24699.0,22160
2019-04-08,25149.0,21706
2019-04-09,26035.0,21177
2019-04-10,27471.0,22854
2019-04-11,26494.0,21666
2019-04-12,26662.0,21026
2019-04-13,26438.0,21715
2019-04-14,26403.0,22369
2019-04-15,26242.0,21629
2019-04-16,25300.0,21029
2019-04-17,25186.0,21584
2019-04-18,25200.0,21671
2019-04-19,24757.0,20829
2019-04-20,25623.0,22131
2019-04-21,25238.0,22907
2019-04-22,25557.0,22946
2019-04-23,24819.0,21813
2019-04-24,29518.0,22945
2019-04-25,27901.0,22715
2019-04-26,28305.0,21736
2019-04-27,27850.0,22731
2019-04-28,26996.0,22445
2019-04-29,27117.0,24238
2019-04-30,28340.0,23848
2019-05-01,27672.0,23631
2019-05-02,27304.0,22430
2019-05-03,28593.0,22722
2019-05-04,28113.0,22048
2019-05-05,27845.0,21495
2019-05-06,27618.0,23524
2019-05-07,27082.0,23776
2019-05-08,27373.0,23762
2019-05-09,26734.0,23790
2019-05-10,26860.0,24185
2019-05-11,27476.0,23072
2019-05-12,26102.0,22582
2019-05-13,26317.0,23364
2019-05-14,26136.0,23049
2019-05-15,26561.0,22325
2019-05-16,25279.0,23012
2019-05-17,25876.0,22428
2019-05-18,27527.0,23875
2019-05-19,27733.0,26019
2019-05-20,27899.0,25477
2019-05-21,27934.0,23090
2019-05-22,28087.0,22924
2019-05-23,28275.0,22575
2019-05-24,27693.0,22862
2019-05-25,26495.0,22582
2019-05-26,26710.0,23687
2019-05-27,26002.0,29240
2019-05-28,27289.0,27791
2019-05-29,28984.0,23708
2019-05-30,28674.0,22828
2019-05-31,27587.0,21628
2019-06-01,27525.0,23044
2019-06-02,26475.0,22143
2019-06-03,26231.0,22024
2019-06-04,26589.0,22864
2019-06-05,26686.0,21985
2019-06-06,26866.0,23602
2019-06-07,27832.0,31084
2019-06-08,27999.0,26924
2019-06-09,27641.0,23627
2019-06-10,26691.0,25731
2019-06-11,26915.0,22769
2019-06-12,27417.0,23262
2019-06-13,27191.0,22379
2019-06-14,26854.0,24283
2019-06-15,26802.0,24888
2019-06-16,26868.0,26270
2019-06-17,26303.0,24484
2019-06-18,25510.0,23179
2019-06-19,25495.0,23457
2019-06-20,25807.0,23384
2019-06-21,25742.0,23959
2019-06-22,25788.0,23207
2019-06-23,23379.0,22869
2019-06-24,23791.0,22983
2019-06-25,26748.0,22326
2019-06-26,26715.0,27698
2019-06-27,29225.0,39395
2019-06-28,29246.0,31804
2019-06-29,29277.0,31737
2019-06-30,29715.0,34012
2019-07-01,28627.0,29169
2019-07-02,29646.0,26148
2019-07-03,30734.0,26945
2019-07-04,31384.0,26018
2019-07-05,31326.0,23743
2019-07-06,29948.0,24467
2019-07-07,29856.0,23902
2019-07-08,31200.0,22164
2019-07-09,30872.0,21934
2019-07-10,29864.0,26847
2019-07-11,30746.0,30268
2019-07-12,30574.0,26546
2019-07-13,28826.0,23930
2019-07-14,29002.0,25259
2019-07-15,29123.0,24730
2019-07-16,30390.0,23843
2019-07-17,27243.0,25160
2019-07-18,28722.0,28914
2019-07-19,29510.0,31509
2019-07-20,30782.0,42187
2019-07-21,29046.0,36712
2019-07-22,28321.0,35369
2019-07-23,28626.0,33318
2019-07-24,29271.0,29746
2019-07-25,29300.0,28413
2019-07-26,29488.0,26968
2019-07-27,28334.0,27889
2019-07-28,28481.0,26315
2019-07-29,29398.0,25184
2019-07-30,29448.0,25322
2019-07-31,28369.0,26395
2019-08-01,29455.0,24284
2019-08-02,29219.0,24534
2019-08-03,28732.0,24506
2019-08-04,28063.0,25648
2019-08-05,28910.0,27479
2019-08-06,28939.0,29533
2019-08-07,30837.0,32828
2019-08-08,29692.0,31165
2019-08-09,30418.0,26734
2019-08-10,30085.0,26097
2019-08-11,29741.0,27079
2019-08-12,30322.0,26276
2019-08-13,30969.0,25868
2019-08-14,30478.0,25550
2019-08-15,29546.0,26893
2019-08-16,29096.0,26777
2019-08-17,28885.0,25842
2019-08-18,28762.0,26480
2019-08-19,28687.0,25418
2019-08-20,28388.0,25011
2019-08-21,29048.0,24903
2019-08-22,30197.0,33920
2019-08-23,28536.0,30134
2019-08-24,28883.0,27595
2019-08-25,29288.0,25741
2019-08-26,29914.0,25294
2019-08-27,28874.0,25740
2019-08-28,29005.0,26878
2019-08-29,29406.0,23732
2019-08-30,29791.0,24564
2019-08-31,28275.0,25362
2019-09-01,28350.0,24218
2019-09-02,29255.0,25714
2019-09-03,28951.0,26629
2019-09-04,30202.0,25742
2019-09-05,30896.0,25783
2019-09-06,30295.0,24142
2019-09-07,30854.0,26405
2019-09-08,29278.0,26448
2019-09-09,29753.0,25487
2019-09-10,30522.0,25183
2019-09-11,30761.0,25289
2019-09-12,28607.0,23692
2019-09-13,30375.0,20100
2019-09-14,30364.0,21031
2019-09-15,29720.0,23090
2019-09-16,30448.0,23469
2019-09-17,29636.0,22535
2019-09-18,29419.0,22396
2019-09-19,29045.0,23067
2019-09-20,31113.0,22482
2019-09-21,29447.0,25959
2019-09-22,30354.0,35904
2019-09-23,32093.0,35082
2019-09-24,30843.0,30676
2019-09-25,32825.0,26901
2019-09-26,33277.0,24183
2019-09-27,32807.0,24245
2019-09-28,30957.0,24225
2019-09-29,31067.0,25572
2019-09-30,32537.0,23094
2019-10-01,31234.0,23302
2019-10-02,33303.0,29831
2019-10-03,33888.0,38656
2019-10-04,32191.0,29943
2019-10-05,28865.0,26438
2019-10-06,30939.0,25478
2019-10-07,30704.0,24645
2019-10-08,31331.0,24159
2019-10-09,31683.0,25012
2019-10-10,32054.0,23896
2019-10-11,30571.0,22700
2019-10-12,30405.0,22423
2019-10-13,31644.0,22907
2019-10-14,29058.0,23292
2019-10-15,29388.0,21820
2019-10-16,30224.0,24216
2019-10-17,28541.0,21962
2019-10-18,30442.0,27226
2019-10-19,28893.0,26547
2019-10-20,30600.0,26190
2019-10-21,27811.0,23491
2019-10-22,27798.0,23207
2019-10-23,29185.0,23244
2019-10-24,29823.0,23451
2019-10-25,30219.0,23664
2019-10-26,29856.0,24001
2019-10-27,27789.0,24833
2019-10-28,28035.0,22975
2019-10-29,27484.0,23395
2019-10-30,28536.0,22951
2019-10-31,27871.0,23016
2019-11-01,28139.0,22563
2019-11-02,27948.0,22557
2019-11-03,25416.0,23105
2019-11-04,25133.0,23398
2019-11-05,27403.0,22110
2019-11-06,27366.0,23367
2019-11-07,26795.0,22711
2019-11-08,26827.0,23055
2019-11-09,26331.0,22443
2019-11-10,25971.0,24503
2019-11-11,26869.0,23445
2019-11-12,27450.0,23622
2019-11-13,27044.0,22776
2019-11-14,27316.0,23012
2019-11-15,26655.0,23098
2019-11-16,26352.0,22936
2019-11-17,25389.0,23232
2019-11-18,25524.0,26208
2019-11-19,26890.0,22718
2019-11-20,26434.0,23233
2019-11-21,26692.0,22510
2019-11-22,25683.0,22496
2019-11-23,26042.0,23638
2019-11-24,25814.0,23448
2019-11-25,25327.0,23208
2019-11-26,26065.0,22930
2019-11-27,25286.0,22337
2019-11-28,25024.0,22005
2019-11-29,27616.0,23651
2019-11-30,25900.0,23114
2019-12-01,26263.0,26448
2019-12-02,27286.0,29362
2019-12-03,27998.0,23638
2019-12-04,26216.0,23450
2019-12-05,26130.0,23596
2019-12-06,26953.0,22814
2019-12-07,26720.0,23396
2019-12-08,25651.0,23375
2019-12-09,25278.0,22654
2019-12-10,26157.0,22276
2019-12-11,26181.0,23014
2019-12-12,25921.0,22073
2019-12-13,26121.0,22383
2019-12-14,25497.0,22695
2019-12-15,24621.0,23046
2019-12-16,25259.0,22897
2019-12-17,24699.0,21927
2019-12-18,25220.0,22438
2019-12-19,24755.0,22433
2019-12-20,25153.0,21467
2019-12-21,25066.0,22141
2019-12-22,24721.0,21956
2019-12-23,24794.0,22575
2019-12-24,24594.0,21244
2019-12-25,25692.0,22120
2019-12-26,25643.0,21263
2019-12-27,24761.0,22283
2019-12-28,25467.0,22963
2019-12-29,24974.0,22260
2019-12-30,26736.0,22843
2019-12-31,26327.0,22400
2020-01-01,24996.0,22106
2020-01-02,25463.0,22484
2020-01-03,25803.0,21316
2020-01-04,25059.0,22458
2020-01-05,25420.0,23168
2020-01-06,24570.0,23197
2020-01-07,26690.0,30248
2020-01-08,25688.0,29230
2020-01-09,27277.0,23420
2020-01-10,27356.0,22302
2020-01-11,25642.0,22952
2020-01-12,25854.0,23104
2020-01-13,25556.0,22078
2020-01-14,25874.0,21800
2020-01-15,25637.0,22438
2020-01-16,25561.0,21089
2020-01-17,25482.0,21947
2020-01-18,26991.0,22108
2020-01-19,25936.0,23266
2020-01-20,25601.0,22189
2020-01-21,25441.0,22564
2020-01-22,26065.0,23054
2020-01-23,27425.0,27565
2020-01-24,26187.0,23466
2020-01-25,26427.0,18051
2020-01-26,25544.0,21161
2020-01-27,27214.0,31028
2020-01-28,27580.0,33980
2020-01-29,27361.0,25793
2020-01-30,27811.0,25387
2020-01-31,27816.0,24026
2020-02-01,25821.0,23889
2020-02-02,27138.0,23942
2020-02-03,27964.0,23606
2020-02-04,26976.0,23381
2020-02-05,26140.0,23073
2020-02-06,26077.0,23473
2020-02-07,26478.0,23307
2020-02-08,26258.0,24107
2020-02-09,25826.0,23774
2020-02-10,26187.0,24178
2020-02-11,26521.0,22369
2020-02-12,26276.0,25418
2020-02-13,27597.0,24691
2020-02-14,27745.0,23860
2020-02-15,27534.0,24302
2020-02-16,26404.0,24137
2020-02-17,26296.0,23155
2020-02-18,26521.0,22755
2020-02-19,26759.0,23312
2020-02-20,26979.0,23272
2020-02-21,27328.0,23743
2020-02-22,27215.0,24587
2020-02-23,27507.0,25214
2020-02-24,26861.0,23732
2020-02-25,26418.0,25499
2020-02-26,26442.0,24056
2020-02-27,27878.0,22581
2020-02-28,28108.0,20528
2020-02-29,27807.0,20660
2020-03-01,27897.0,20698
2020-03-02,27841.0,20058
2020-03-03,28091.0,21741
2020-03-04,27023.0,22886
2020-03-05,27955.0,22701
2020-03-06,28258.0,22606
2020-03-07,27066.0,23563
2020-03-08,26983.0,23836
2020-03-09,26469.0,23934
2020-03-10,28890.0,25524
2020-03-11,27016.0,23742
2020-03-12,27640.0,22656
2020-03-13,27817.0,21961
2020-03-14,30733.0,23390
2020-03-15,28104.0,23399
2020-03-16,27811.0,23281
2020-03-17,29160.0,22304
2020-03-18,28527.0,22253
2020-03-19,29352.0,22040
2020-03-20,24228.0,22275
2020-03-21,28268.0,24360
2020-03-22,27591.0,24847
2020-03-23,27413.0,24229
2020-03-24,22326.0,22817
2020-03-25,27598.0,22544
2020-03-26,22908.0,23155
2020-03-27,27514.0,24552
2020-03-28,26284.0,24210
2020-03-29,26225.0,24167
2020-03-30,26199.0,25042
2020-03-31,27429.0,22815
2020-04-01,27591.0,22442
2020-04-02,29279.0,23132
2020-04-03,27284.0,22336
2020-04-04,26125.0,23222
2020-04-05,25804.0,23507
2020-04-06,27601.0,23649
2020-04-07,25888.0,23924
2020-04-08,25274.0,22870
2020-04-09,24618.0,22955
2020-04-10,25425.0,22636
2020-04-11,24236.0,22083
2020-04-12,27103.0,21782
2020-04-13,26630.0,22960
2020-04-14,25745.0,21933
2020-04-15,25257.0,22896
2020-04-16,24331.0,22634
2020-04-17,25457.0,25769
2020-04-18,28830.0,25643
2020-04-19,26795.0,26762
2020-04-20,27918.0,29014
2020-04-21,27831.0,25262
2020-04-22,28038.0,25467
2020-04-23,28413.0,23555
2020-04-24,28046.0,23066
2020-04-25,27933.0,23438
2020-04-26,26441.0,24450
2020-04-27,26398.0,23304
2020-04-28,26739.0,24178
2020-04-29,27185.0,23021
2020-04-30,27115.0,23230
2020-05-01,27465.0,24061
2020-05-02,27254.0,23716
2020-05-03,27324.0,23865
2020-05-04,26708.0,25063
2020-05-05,26503.0,23860
2020-05-06,26222.0,24451
2020-05-07,24852.0,23594
2020-05-08,26124.0,23439
2020-05-09,26515.0,28294
2020-05-10,27688.0,27393
2020-05-11,26419.0,27281
2020-05-12,28403.0,24010
2020-05-13,28000.0,24018
2020-05-14,27852.0,23335
2020-05-15,25934.0,23087
2020-05-16,27899.0,24237
2020-05-17,27681.0,25034
2020-05-18,26889.0,24279
2020-05-19,29103.0,24283
2020-05-20,27502.0,24170
2020-05-21,27147.0,22127
2020-05-22,27069.0,22851
2020-05-23,27179.0,24364
2020-05-24,27627.0,24549
2020-05-25,28336.0,25239
2020-05-26,26413.0,23463
2020-05-27,27438.0,24324
2020-05-28,27357.0,23720
2020-05-29,27087.0,24390
2020-05-30,26586.0,23673
2020-05-31,26357.0,24177
2020-06-01,27433.0,24771
2020-06-02,26510.0,24664
2020-06-03,26457.0,24161
2020-06-04,26078.0,25478
2020-06-05,26366.0,25413
2020-06-06,25838.0,23898
2020-06-07,25891.0,24862
2020-06-08,24709.0,26863
2020-06-09,25375.0,27075
2020-06-10,25876.0,25923
2020-06-11,27496.0,26272
2020-06-12,26179.0,25948
2020-06-13,27294.0,30753
2020-06-14,26588.0,26786
2020-06-15,29027.0,28443
2020-06-16,27727.0,27185
2020-06-17,28149.0,24639
2020-06-18,29482.0,27835
2020-06-19,30546.0,28998
2020-06-20,29039.0,26888
2020-06-21,27965.0,26610
2020-06-22,28274.0,26253
2020-06-23,27451.0,27405
2020-06-24,25952.0,29279
2020-06-25,29259.0,30283
2020-06-26,30807.0,28927
2020-06-27,29378.0,29405
2020-06-28,28596.0,28825
2020-06-29,28268.0,28979
2020-06-30,29202.0,30906
2020-07-01,29262.0,26254
2020-07-02,29024.0,26306
2020-07-03,29887.0,28411
2020-07-04,27894.0,27950
2020-07-05,29931.0,29038
2020-07-06,28785.0,28050
2020-07-07,28454.0,27291
2020-07-08,28926.0,26770
2020-07-09,29488.0,26839
2020-07-10,30931.0,34581
2020-07-11,30841.0,31285
2020-07-12,30248.0,28953
2020-07-13,31561.0,40338
2020-07-14,30246.0,34751
2020-07-15,30205.0,28998
2020-07-16,30608.0,29393
2020-07-17,31253.0,27989
2020-07-18,29626.0,27294
2020-07-19,29527.0,26196
2020-07-20,31189.0,27394
2020-07-21,30360.0,27575
2020-07-22,31362.0,35964
2020-07-23,30958.0,32717
2020-07-24,31531.0,38941
2020-07-25,30459.0,32201
2020-07-26,28643.0,30419
2020-07-27,28661.0,30561
2020-07-28,31870.0,37243
2020-07-29,31355.0,33193
2020-07-30,30540.0,34834
2020-07-31,31139.0,31913
2020-08-01,30452.0,29147
2020-08-02,29792.0,29801
2020-08-03,25721.0,29399
2020-08-04,26070.0,28638
2020-08-05,26223.0,28486
2020-08-06,26862.0,28755
2020-08-07,25806.0,27595
2020-08-08,25845.0,39154
2020-08-09,26046.0,34968
2020-08-10,28801.0,34209
2020-08-11,31043.0,36458
2020-08-12,31359.0,35549
2020-08-13,31699.0,32240
2020-08-14,31379.0,29887
2020-08-15,30007.0,28824
2020-08-16,30613.0,28999
2020-08-17,30146.0,27955
2020-08-18,30044.0,27249
2020-08-19,31327.0,26948
2020-08-20,31961.0,27802
2020-08-21,31264.0,25103
2020-08-22,29916.0,27670
2020-08-23,30453.0,27431
2020-08-24,30422.0,25447
2020-08-25,32046.0,26180
2020-08-26,29831.0,25925
2020-08-27,27074.0,25962
2020-08-28,29426.0,26651
2020-08-29,27367.0,26745
2020-08-30,25602.0,27579
2020-08-31,27497.0,26218
2020-09-01,29435.0,25350
2020-09-02,30380.0,29742
2020-09-03,30840.0,34966
2020-09-04,30754.0,28799
2020-09-05,29878.0,28660
2020-09-06,31195.0,31420
2020-09-07,29365.0,38627
2020-09-08,31246.0,34639
2020-09-09,31097.0,30616
2020-09-10,31645.0,29652
2020-09-11,31594.0,27721
2020-09-12,31599.0,27761
2020-09-13,31345.0,27508
2020-09-14,31775.0,27845
2020-09-15,30969.0,28658
2020-09-16,30425.0,26379
2020-09-17,30324.0,27049
2020-09-18,31625.0,27501
2020-09-19,31146.0,27749
2020-09-20,31066.0,27135
2020-09-21,30248.0,27049
2020-09-22,28938.0,25905
2020-09-23,28836.0,25538
2020-09-24,28116.0,25852
2020-09-25,28695.0,26489
2020-09-26,28506.0,25504
2020-09-27,28457.0,25508
2020-09-28,28303.0,25896
2020-09-29,27633.0,26735
2020-09-30,28847.0,24815
2020-10-01,26253.0,22017
2020-10-02,26737.0,24176
2020-10-03,27962.0,25191
2020-10-04,27136.0,25390
2020-10-05,25173.0,24485
2020-10-06,21971.0,24297
2020-10-07,23601.0,24219
2020-10-08,24206.0,24088
2020-10-09,23037.0,21358
2020-10-10,21203.0,22973
2020-10-11,22530.0,24273
2020-10-12,24128.0,25434
2020-10-13,22750.0,24416
2020-10-14,22096.0,23338
2020-10-15,23261.0,24112
2020-10-16,23097.0,24124
2020-10-17,23016.0,25730
2020-10-18,22424.0,25371
2020-10-19,22916.0,25203
2020-10-20,21279.0,24291
2020-10-21,22784.0,23921
2020-10-22,28969.0,28717
2020-10-23,27204.0,26129
2020-10-24,24569.0,25260
2020-10-25,24144.0,25888
2020-10-26,23676.0,25427
2020-10-27,22076.0,25041
2020-10-28,22869.0,24404
2020-10-29,22714.0,24240
2020-10-30,22359.0,24278
2020-10-31,23426.0,24860
2020-11-01,23413.0,24932
2020-11-02,23560.0,24252
2020-11-03,22079.0,24187
2020-11-04,20934.0,24239
2020-11-05,22175.0,23303
2020-11-06,22404.0,23142
2020-11-07,22110.0,23529
2020-11-08,23816.0,23872
2020-11-09,22155.0,24606
2020-11-10,21102.0,23714
2020-11-11,19913.0,23900
2020-11-12,20336.0,24433
2020-11-13,19947.0,24198
2020-11-14,21330.0,24305
2020-11-15,21084.0,24304
2020-11-16,21763.0,25191
2020-11-17,21537.0,23676
2020-11-18,20553.0,25122
2020-11-19,25241.0,30578
2020-11-20,24718.0,27169
2020-11-21,22534.0,24726
2020-11-22,22611.0,24633
2020-11-23,21560.0,25103
2020-11-24,22930.0,23370
2020-11-25,24643.0,24544
2020-11-26,22206.0,23907
2020-11-27,23142.0,24334
2020-11-28,23370.0,25025
2020-11-29,22771.0,25249
2020-11-30,22094.0,24850
2020-12-01,22012.0,23124
2020-12-02,22338.0,23529
2020-12-03,21470.0,23768
2020-12-04,21849.0,23689
2020-12-05,22532.0,24672
2020-12-06,22644.0,25312
2020-12-07,22345.0,24708
2020-12-08,21391.0,23606
2020-12-09,20927.0,23094
2020-12-10,21119.0,23052
2020-12-11,22639.0,23184
2020-12-12,21146.0,23297
2020-12-13,20788.0,24369
2020-12-14,20730.0,24334
2020-12-15,19786.0,23331
2020-12-16,20308.0,22856
2020-12-17,19376.0,22219
2020-12-18,21366.0,22675
2020-12-19,21146.0,23505
2020-12-20,20617.0,23917
2020-12-21,20953.0,23464
2020-12-22,19287.0,23566
2020-12-23,19802.0,22947
2020-12-24,20133.0,22546
2020-12-25,20837.0,22948
2020-12-26,20857.0,22749
2020-12-27,21181.0,23710
2020-12-28,20300.0,23103
2020-12-29,20297.0,22497
2020-12-30,21770.0,23526
2020-12-31,19926.0,22966
2021-01-01,21498.0,22810
2021-01-02,21800.0,23091
2021-01-03,20097.0,23042
2021-01-04,20419.0,23039
2021-01-05,19750.0,22168
2021-01-06,18919.0,22501
2021-01-07,19216.0,22309
2021-01-08,19443.0,22242
2021-01-09,19758.0,23964
2021-01-10,20727.0,24204
2021-01-11,20717.0,22904
2021-01-12,21623.0,24589
2021-01-13,21200.0,22784
2021-01-14,21496.0,22791
2021-01-15,21236.0,23093
2021-01-16,21261.0,23774
2021-01-17,20753.0,24347
2021-01-18,19880.0,22585
2021-01-19,19595.0,22461
2021-01-20,20243.0,22611
2021-01-21,20293.0,22666
2021-01-22,22325.0,22754
2021-01-23,22234.0,24091
2021-01-24,21330.0,23929
2021-01-25,21270.0,23308
2021-01-26,24583.0,24052
2021-01-27,22532.0,22992
2021-01-28,21483.0,22715
2021-01-29,21766.0,22702
2021-01-30,21422.0,23323
2021-01-31,21516.0,24288
2021-02-01,24597.0,26739
2021-02-02,27157.0,23714
2021-02-03,22357.0,23722
2021-02-04,21492.0,23077
2021-02-05,21529.0,23089
2021-02-06,22037.0,23804
2021-02-07,23454.0,24133
2021-02-08,21046.0,23400
2021-02-09,21521.0,23147
2021-02-10,22461.0,22917
2021-02-11,22317.0,23099
2021-02-12,22044.0,20139
2021-02-13,21919.0,21615
2021-02-14,22525.0,23074
2021-02-15,26575.0,24467
2021-02-16,21779.0,22706
2021-02-17,21089.0,23530
2021-02-18,21954.0,22274
2021-02-19,20110.0,22869
2021-02-20,20874.0,22302
2021-02-21,21385.0,22303
2021-02-22,21545.0,22249
2021-02-23,20547.0,21483
2021-02-24,20005.0,22092
2021-02-25,20805.0,21254
2021-02-26,26838.0,23362
2021-02-27,22495.0,22723
2021-02-28,21587.0,22232
2021-03-01,21772.0,25958
2021-03-02,27605.0,32564
2021-03-03,28543.0,25985
2021-03-04,27439.0,24802
2021-03-05,26465.0,24722
2021-03-06,25353.0,24566
2021-03-07,24060.0,24350
2021-03-08,24523.0,23877
2021-03-09,23334.0,23441
2021-03-10,24348.0,23668
2021-03-11,23611.0,23534
2021-03-12,24694.0,28426
2021-03-13,25125.0,26674
2021-03-14,25353.0,25967
2021-03-15,27485.0,24398
2021-03-16,26736.0,25296
2021-03-17,25631.0,24298
2021-03-18,27645.0,24059
2021-03-19,26091.0,23303
2021-03-20,23580.0,24666
2021-03-21,24051.0,25084
2021-03-22,25737.0,25023
2021-03-23,23958.0,25487
2021-03-24,23371.0,25043
2021-03-25,23776.0,24094
2021-03-26,25287.0,23969
2021-03-27,25317.0,25340
2021-03-28,28052.0,33623
2021-03-29,29123.0,27412
2021-03-30,28285.0,25199
2021-03-31,27638.0,25383
2021-04-01,28375.0,24894
2021-04-02,28265.0,23945
2021-04-03,25312.0,27338
2021-04-04,29416.0,38011
2021-04-05,30402.0,29703
2021-04-06,30926.0,27063
2021-04-07,31579.0,26308
2021-04-08,30644.0,25674
2021-04-09,30353.0,24866
2021-04-10,29514.0,25391
2021-04-11,29484.0,25798
2021-04-12,29901.0,27295
2021-04-13,32236.0,33940
2021-04-14,31991.0,28469
2021-04-15,31390.0,26194
2021-04-16,32008.0,26159
2021-04-17,31832.0,24724
2021-04-18,31109.0,25962
2021-04-19,30285.0,25032
2021-04-20,29540.0,24708
2021-04-21,28691.0,24977
2021-04-22,28224.0,25425
2021-04-23,27588.0,24198
2021-04-24,27737.0,25602
2021-04-25,27672.0,24971
2021-04-26,28683.0,25194
2021-04-27,25894.0,24359
2021-04-28,27196.0,24786
2021-04-29,26629.0,24385
2021-04-30,27618.0,24979
2021-05-01,26432.0,24530
2021-05-02,25338.0,25047
2021-05-03,25767.0,24534
2021-05-04,26766.0,24443
2021-05-05,31502.0,28840
2021-05-06,29580.0,25449
2021-05-07,31340.0,24990
2021-05-08,30574.0,24776
2021-05-09,29235.0,25286
2021-05-10,28293.0,23911
2021-05-11,27529.0,24399
2021-05-12,27209.0,24356
2021-05-13,26543.0,24940
2021-05-14,27765.0,24688
2021-05-15,26061.0,26499
2021-05-16,30571.0,28707
2021-05-17,31821.0,27319
2021-05-18,30956.0,24717
2021-05-19,30171.0,26146
2021-05-20,29492.0,27148
2021-05-21,31470.0,25964
2021-05-22,30796.0,26157
2021-05-23,30308.0,26170
2021-05-24,30691.0,25170
2021-05-25,29248.0,24683
2021-05-26,28154.0,24658
2021-05-27,27965.0,24953
2021-05-28,28833.0,25827
2021-05-29,27494.0,23604
2021-05-30,26641.0,25315
2021-05-31,25972.0,26459
2021-06-01,24416.0,24932
2021-06-02,24368.0,24587
2021-06-03,27979.0,28775
2021-06-04,31760.0,25633
2021-06-05,31054.0,25611
2021-06-06,28523.0,25323
2021-06-07,27476.0,24673
2021-06-08,26278.0,24032
2021-06-09,26077.0,24300
2021-06-10,28072.0,24100
2021-06-11,30900.0,29375
2021-06-12,32575.0,33837
2021-06-13,30871.0,29470
2021-06-14,30428.0,26701
2021-06-15,31886.0,26845
2021-06-16,32100.0,32654
2021-06-17,32340.0,27154
2021-06-18,32061.0,27152
2021-06-19,32392.0,26766
2021-06-20,32301.0,25451
2021-06-21,31870.0,25848
2021-06-22,31320.0,26802
2021-06-23,30176.0,24651
2021-06-24,30388.0,25165
2021-06-25,30265.0,25569
2021-06-26,30352.0,24779
2021-06-27,29945.0,25204
2021-06-28,29892.0,24939
2021-06-29,29355.0,25184
2021-06-30,29215.0,25016
2021-07-01,28094.0,25012
2021-07-02,29861.0,24882
2021-07-03,32436.0,27900
2021-07-04,32430.0,42771
2021-07-05,32229.0,31269
2021-07-06,32413.0,42581
2021-07-07,32671.0,37240
2021-07-08,32604.0,37021
2021-07-09,32716.0,35612
2021-07-10,32866.0,32303
2021-07-11,32659.0,30899
2021-07-12,30399.0,29648
2021-07-13,32653.0,27953
2021-07-14,32278.0,27054
2021-07-15,30869.0,26876
2021-07-16,30564.0,25778
2021-07-17,32683.0,24674
2021-07-18,30966.0,24959
2021-07-19,29912.0,25893
2021-07-20,29591.0,25629
2021-07-21,30518.0,25844
2021-07-22,29722.0,25898
2021-07-23,28165.0,26766
2021-07-24,27965.0,27349
2021-07-25,27751.0,26609
2021-07-26,26796.0,25873
2021-07-27,26349.0,26232
2021-07-28,26859.0,25949
2021-07-29,25341.0,26067
2021-07-30,26968.0,25635
2021-07-31,27352.0,25660
2021-08-01,27636.0,26358
2021-08-02,27740.0,25585
2021-08-03,26033.0,24988
2021-08-04,26570.0,25416
2021-08-05,26328.0,25411
2021-08-06,26907.0,25043
2021-08-07,27028.0,25931
2021-08-08,31197.0,26693
2021-08-09,30141.0,25693
2021-08-10,25891.0,25997
2021-08-11,26379.0,24697
2021-08-12,26171.0,25112
2021-08-13,26568.0,24870
2021-08-14,30012.0,28085
2021-08-15,29177.0,26137
2021-08-16,27388.0,25960
2021-08-17,29262.0,29668
2021-08-18,30193.0,27116
2021-08-19,30794.0,26468
2021-08-20,29811.0,26466
2021-08-21,32539.0,34312
2021-08-22,32671.0,35925
2021-08-23,30278.0,30797
2021-08-24,31808.0,39263
2021-08-25,31570.0,34181
2021-08-26,32341.0,32348
2021-08-27,32551.0,28344
2021-08-28,32828.0,29701
2021-08-29,32496.0,27548
2021-08-30,31686.0,27520
2021-08-31,29927.0,26558
2021-09-01,29983.0,26872
2021-09-02,33014.0,31364
2021-09-03,31811.0,28139
2021-09-04,30731.0,27424
2021-09-05,30676.0,26595
2021-09-06,29993.0,26163
2021-09-07,29265.0,25886
2021-09-08,29570.0,25446
2021-09-09,29436.0,26197
2021-09-10,30381.0,25225
2021-09-11,30164.0,25159
2021-09-12,29359.0,25629
2021-09-13,29919.0,24363
2021-09-14,32257.0,26771
2021-09-15,31888.0,25787
2021-09-16,30785.0,25320
2021-09-17,31795.0,30341
2021-09-18,29137.0,28364
2021-09-19,29642.0,25968
2021-09-20,29621.0,25268
2021-09-21,29021.0,23293
2021-09-22,31079.0,24935
2021-09-23,31787.0,25917
2021-09-24,31085.0,23814
2021-09-25,31357.0,24952
2021-09-26,30449.0,25486
2021-09-27,29698.0,24419
2021-09-28,29734.0,24205
2021-09-29,30556.0,26156
2021-09-30,30981.0,26971
2021-10-01,31202.0,25851
2021-10-02,30215.0,25122
2021-10-03,29081.0,25043
2021-10-04,28718.0,25607
2021-10-05,26831.0,24727
2021-10-06,26806.0,24960
2021-10-07,26779.0,24099
2021-10-08,25890.0,23566
2021-10-09,27190.0,23535
2021-10-10,26957.0,22740
2021-10-11,25738.0,23925
2021-10-12,30356.0,24531
2021-10-13,27876.0,23917
2021-10-14,26572.0,24582
2021-10-15,26859.0,24075
2021-10-16,28849.0,23714
2021-10-17,28002.0,26030
2021-10-18,26329.0,24415
2021-10-19,25267.0,24059
2021-10-20,25142.0,24321
2021-10-21,26549.0,23824
2021-10-22,25903.0,24460
2021-10-23,26812.0,24629
2021-10-24,26420.0,24228
2021-10-25,24235.0,24398
2021-10-26,24309.0,24326
2021-10-27,23887.0,24787
2021-10-28,24031.0,24965
2021-10-29,23467.0,23682
2021-10-30,24176.0,24596
2021-10-31,24907.0,24597
2021-11-01,24002.0,23717
2021-11-02,23632.0,23390
2021-11-03,23361.0,23932
2021-11-04,22832.0,23646
2021-11-05,23257.0,23556
2021-11-06,23765.0,23954
2021-11-07,23745.0,23674
2021-11-08,25690.0,27371
2021-11-09,25140.0,23693
2021-11-10,24361.0,24013
2021-11-11,23595.0,23861
2021-11-12,23677.0,24055
2021-11-13,24353.0,23312
2021-11-14,24633.0,23786
2021-11-15,23965.0,24059
2021-11-16,23401.0,23718
2021-11-17,22480.0,23580
2021-11-18,23451.0,23494
2021-11-19,23960.0,23716
2021-11-20,24161.0,23554
2021-11-21,24511.0,24238
2021-11-22,23162.0,23375
2021-11-23,21960.0,23496
2021-11-24,22440.0,23770
2021-11-25,23668.0,23689
2021-11-26,24192.0,23415
2021-11-27,24497.0,23642
2021-11-28,24192.0,24141
2021-11-29,24072.0,23894
2021-11-30,25603.0,26027
2021-12-01,27191.0,24132
2021-12-02,25003.0,22911
2021-12-03,24368.0,22425
2021-12-04,24524.0,22950
2021-12-05,23115.0,24351
2021-12-06,23497.0,23315
2021-12-07,22640.0,23704
2021-12-08,22489.0,23561
2021-12-09,22088.0,23411
2021-12-10,23673.0,22486
2021-12-11,24619.0,22458
2021-12-12,23597.0,23494
2021-12-13,21478.0,23472
2021-12-14,21403.0,23083
2021-12-15,21666.0,23623
2021-12-16,23679.0,23075
2021-12-17,22781.0,23288
2021-12-18,22466.0,23821
2021-12-19,23240.0,23142
2021-12-20,23385.0,22770
2021-12-21,22728.0,22896
2021-12-22,22471.0,22576
2021-12-23,22938.0,23145
2021-12-24,23478.0,23011
2021-12-25,23475.0,23316
2021-12-26,22704.0,22874
2021-12-27,22351.0,22682
2021-12-28,22250.0,22646
2021-12-29,22648.0,22982
2021-12-30,22657.0,23931
2021-12-31,23195.0,23395
2022-01-01,23379.0,23086
2022-01-02,22716.0,23541
2022-01-03,22358.0,24313
2022-01-04,21715.0,22708
2022-01-05,21288.0,23303
2022-01-06,22548.0,23423
2022-01-07,21252.0,23167
2022-01-08,22521.0,23762
2022-01-09,22675.0,23738
2022-01-10,21607.0,23285
2022-01-11,20937.0,22818
2022-01-12,20837.0,22103
2022-01-13,21120.0,23115
2022-01-14,21204.0,22895
2022-01-15,21146.0,23678
2022-01-16,20486.0,24585
2022-01-17,21401.0,22780
2022-01-18,21046.0,22513
2022-01-19,20215.0,22243
2022-01-20,20845.0,21987
2022-01-21,21243.0,22379
2022-01-22,20491.0,22753
2022-01-23,21084.0,23219
2022-01-24,21439.0,22434
2022-01-25,20587.0,22454
2022-01-26,21104.0,23140
2022-01-27,20898.0,24563
2022-01-28,21443.0,25149
2022-01-29,22425.0,23861
2022-01-30,20430.0,22674
2022-01-31,20829.0,21550
2022-02-01,19690.0,19313
2022-02-02,20847.0,22032
2022-02-03,20500.0,22406
2022-02-04,21412.0,21905
2022-02-05,21202.0,21879
2022-02-06,21612.0,22794
2022-02-07,20728.0,22019
2022-02-08,20603.0,22432
2022-02-09,20201.0,22520
2022-02-10,19657.0,23119
2022-02-11,20706.0,23272
2022-02-12,19459.0,24482
2022-02-13,21495.0,23478
2022-02-14,21382.0,23608
2022-02-15,19642.0,23042
2022-02-16,19813.0,22702
2022-02-17,19012.0,23041
2022-02-18,19581.0,22860
2022-02-19,20954.0,23029
2022-02-20,21301.0,23309
2022-02-21,20183.0,22320
2022-02-22,19736.0,22616
2022-02-23,19416.0,22862
2022-02-24,19512.0,22976
2022-02-25,20226.0,22613
2022-02-26,21291.0,22942
2022-02-27,21384.0,23033
2022-02-28,20963.0,21780
2022-03-01,21372.0,21744
2022-03-02,20266.0,22278
2022-03-03,19612.0,22473
2022-03-04,20242.0,22890
2022-03-05,21578.0,23094
2022-03-06,21402.0,24017
2022-03-07,20670.0,22828
2022-03-08,19254.0,22857
2022-03-09,20176.0,21781
2022-03-10,19972.0,22212
2022-03-11,20122.0,22719
2022-03-12,20804.0,23056
2022-03-13,21220.0,24270
2022-03-14,20041.0,22572
2022-03-15,20473.0,23678
2022-03-16,20116.0,23573
2022-03-17,19790.0,21738
2022-03-18,26001.0,25876
2022-03-19,25484.0,23507
2022-03-20,23802.0,23195
2022-03-21,21823.0,24233
2022-03-22,20609.0,23520
2022-03-23,19668.0,23029
2022-03-24,20465.0,23027
2022-03-25,20483.0,23258
2022-03-26,23918.0,29596
2022-03-27,21604.0,22468
2022-03-28,22404.0,25498
2022-03-29,23135.0,25550
2022-03-30,21707.0,26063
2022-03-31,20980.0,24511
2022-04-01,21860.0,23925
2022-04-02,21682.0,24042
2022-04-03,21828.0,24334
2022-04-04,21702.0,25111
2022-04-05,20757.0,24283
2022-04-06,21252.0,24871
2022-04-07,21222.0,24433
2022-04-08,21651.0,24870
2022-04-09,22069.0,24464
2022-04-10,21892.0,24634
2022-04-11,22985.0,24121
2022-04-12,22562.0,24297
2022-04-13,21345.0,23510
2022-04-14,20640.0,23096
2022-04-15,21442.0,23887
2022-04-16,22318.0,23523
2022-04-17,22144.0,24408
2022-04-18,21545.0,23625
2022-04-19,20701.0,23700
2022-04-20,20721.0,24085
2022-04-21,21921.0,23909
2022-04-22,22128.0,23707
2022-04-23,23445.0,23738
2022-04-24,22719.0,24748
2022-04-25,24253.0,24242
2022-04-26,26648.0,32728
2022-04-27,24708.0,26344
2022-04-28,26112.0,24987
2022-04-29,24447.0,26350
2022-04-30,25899.0,24422
2022-05-01,26034.0,25069
2022-05-02,26485.0,25256
2022-05-03,27652.0,25616
2022-05-04,26165.0,23179
2022-05-05,25133.0,23628
2022-05-06,26518.0,23821
2022-05-07,25836.0,24114
2022-05-08,25629.0,24451
2022-05-09,25177.0,24627
2022-05-10,23546.0,23995
2022-05-11,24252.0,24666
2022-05-12,24389.0,24364
2022-05-13,25463.0,24048
2022-05-14,24311.0,24068
2022-05-15,23605.0,24730
2022-05-16,24291.0,24824
2022-05-17,23516.0,24897
2022-05-18,22726.0,24031
2022-05-19,22925.0,24562
2022-05-20,23001.0,24168
2022-05-21,23130.0,24521
2022-05-22,24364.0,25237
2022-05-23,24262.0,25375
2022-05-24,23004.0,25200
2022-05-25,22539.0,24387
2022-05-26,22388.0,23839
2022-05-27,22425.0,24977
2022-05-28,22532.0,25020
2022-05-29,22976.0,25089
2022-05-30,22492.0,25472
2022-05-31,22210.0,24242
2022-06-01,22474.0,23127
2022-06-02,21752.0,24294
2022-06-03,22486.0,24130
2022-06-04,23028.0,23949
2022-06-05,22154.0,26867
2022-06-06,24360.0,28101
2022-06-07,24452.0,25028
2022-06-08,24469.0,25493
2022-06-09,21849.0,25333
2022-06-10,23592.0,24409
2022-06-11,23294.0,24275
2022-06-12,22559.0,25038
2022-06-13,23060.0,23844
2022-06-14,25135.0,26004
2022-06-15,26777.0,25557
2022-06-16,27045.0,24829
2022-06-17,24844.0,25087
2022-06-18,25185.0,25869
2022-06-19,24730.0,25535
2022-06-20,25028.0,25747
2022-06-21,23779.0,25143
2022-06-22,23085.0,26556
2022-06-23,24515.0,25429
2022-06-24,25572.0,27928
2022-06-25,23507.0,26815
2022-06-26,25136.0,25787
2022-06-27,24672.0,32156
2022-06-28,25229.0,31586
2022-06-29,25882.0,31071
2022-06-30,26355.0,28388
2022-07-01,27786.0,26915
2022-07-02,26571.0,27336
2022-07-03,26365.0,27419
2022-07-04,24574.0,25448
2022-07-05,24034.0,26141
2022-07-06,24637.0,26102
2022-07-07,24362.0,26722
2022-07-08,25281.0,26811
2022-07-09,25183.0,26424
2022-07-10,23625.0,25810
2022-07-11,24729.0,26047
2022-07-12,24692.0,24975
2022-07-13,23967.0,25385
2022-07-14,24168.0,25733
2022-07-15,24376.0,25517
2022-07-16,24361.0,25790
2022-07-17,23132.0,26116
2022-07-18,29622.0,33400
2022-07-19,28705.0,30310
2022-07-20,29343.0,26970
2022-07-21,28316.0,27377
2022-07-22,25845.0,26344
2022-07-23,26839.0,25028
2022-07-24,27366.0,31251
2022-07-25,29225.0,26886
2022-07-26,29769.0,26416
2022-07-27,28762.0,25812
2022-07-28,27049.0,25744
2022-07-29,28255.0,26415
2022-07-30,26795.0,25751
2022-07-31,27099.0,25502
2022-08-01,27317.0,24741
2022-08-02,27714.0,25980
2022-08-03,29510.0,26788
2022-08-04,27804.0,25803
2022-08-05,25370.0,26110
2022-08-06,26571.0,26101
2022-08-07,27346.0,25665
2022-08-08,24331.0,25156
2022-08-09,23789.0,25055
2022-08-10,23419.0,24819
2022-08-11,24302.0,24845
2022-08-12,23856.0,25191
2022-08-13,24802.0,25594
2022-08-14,24778.0,25384
2022-08-15,25133.0,25580
2022-08-16,24655.0,27145
2022-08-17,29392.0,28353
2022-08-18,25471.0,26142
2022-08-19,22737.0,25961
2022-08-20,24288.0,26435
2022-08-21,27260.0,26240
2022-08-22,25520.0,25958
2022-08-23,24583.0,24931
2022-08-24,27085.0,27168
2022-08-25,27400.0,26782
2022-08-26,25500.0,25216
2022-08-27,25006.0,25943
2022-08-28,25259.0,25654
2022-08-29,24278.0,26922
2022-08-30,24445.0,25522
2022-08-31,25027.0,29263
2022-09-01,25175.0,26781
2022-09-02,28298.0,30062
2022-09-03,26749.0,33104
2022-09-04,28310.0,33842
2022-09-05,28330.0,38815
2022-09-06,28085.0,39175
2022-09-07,28507.0,31074
2022-09-08,28525.0,29560
2022-09-09,28651.0,26946
2022-09-10,28671.0,23703
2022-09-11,28632.0,25251
2022-09-12,28450.0,26924
2022-09-13,28426.0,26732
2022-09-14,28446.0,26753
2022-09-15,27638.0,26715
2022-09-16,27440.0,26645
2022-09-17,26967.0,27404
2022-09-18,26032.0,27187
2022-09-19,27814.0,32619
2022-09-20,29030.0,29446
2022-09-21,28150.0,27867
2022-09-22,28027.0,27195
2022-09-23,29086.0,26720
2022-09-24,26676.0,26335
2022-09-25,27927.0,26609
2022-09-26,27828.0,26398
2022-09-27,27483.0,26162
2022-09-28,27248.0,26579
2022-09-29,27092.0,26498
2022-09-30,27760.0,25887
2022-10-01,27877.0,25408
2022-10-02,27157.0,23849
2022-10-03,26345.0,25505
2022-10-04,28072.0,27017
2022-10-05,27059.0,25837
2022-10-06,26321.0,24567
2022-10-07,27346.0,24671
2022-10-08,26618.0,24316
2022-10-09,26538.0,23393
2022-10-10,26099.0,24832
2022-10-11,23831.0,24737
2022-10-12,24484.0,24263
2022-10-13,24235.0,24531
2022-10-14,25094.0,23853
2022-10-15,24717.0,24123
2022-10-16,25812.0,25137
2022-10-17,24865.0,24472
2022-10-18,22611.0,23716
2022-10-19,23237.0,24120
2022-10-20,22730.0,23940
2022-10-21,23568.0,23783
2022-10-22,23402.0,23890
2022-10-23,24102.0,24500
2022-10-24,22605.0,24348
2022-10-25,22221.0,23449
2022-10-26,21247.0,23491
2022-10-27,22595.0,23596
2022-10-28,23212.0,23541
2022-10-29,20206.0,23436
2022-10-30,20627.0,23172
2022-10-31,22697.0,23846
2022-11-01,22276.0,23567
2022-11-02,21208.0,23565
2022-11-03,22873.0,23724
2022-11-04,22893.0,23184
2022-11-05,22760.0,23493
2022-11-06,23025.0,23799
2022-11-07,21709.0,24129
2022-11-08,19845.0,23361
2022-11-09,20328.0,23566
2022-11-10,21048.0,23554
2022-11-11,22206.0,23070
2022-11-12,23152.0,23999
2022-11-13,25175.0,27523
2022-11-14,23767.0,23405
2022-11-15,21863.0,23570
2022-11-16,21665.0,24509
2022-11-17,21319.0,24045
2022-11-18,21793.0,23373
2022-11-19,22365.0,22950
2022-11-20,22816.0,23345
2022-11-21,20542.0,23963
2022-11-22,21947.0,24004
2022-11-23,20679.0,23090
2022-11-24,21049.0,22902
2022-11-25,22389.0,21834
2022-11-26,22165.0,23658
2022-11-27,22318.0,23572
2022-11-28,21101.0,23867
2022-11-29,27085.0,28734
2022-11-30,23765.0,24570
2022-12-01,22857.0,24362
2022-12-02,23083.0,24040
2022-12-03,23694.0,23405
2022-12-04,23234.0,24715
2022-12-05,23235.0,24138
2022-12-06,19704.0,24175
2022-12-07,19995.0,24223
2022-12-08,21351.0,24561
2022-12-09,21838.0,24041
2022-12-10,22663.0,24238
2022-12-11,22994.0,24807
2022-12-12,22102.0,24163
2022-12-13,21436.0,24879
2022-12-14,21359.0,23933
2022-12-15,21963.0,23863
2022-12-16,21626.0,23637
2022-12-17,21668.0,24339
2022-12-18,21893.0,20925
2022-12-19,21190.0,13560
2022-12-20,20434.0,15096
2022-12-21,22972.0,24172
2022-12-22,22237.0,22883
2022-12-23,21628.0,23114
2022-12-24,22143.0,23751
2022-12-25,20580.0,23390
2022-12-26,20487.0,22975
2022-12-27,19201.0,22598
2022-12-28,19252.0,23113
2022-12-29,18198.0,22475
2022-12-30,19797.0,21959
2022-12-31,20601.0,22773
2023-01-01,20015.0,22819
2023-01-02,18738.0,22892
2023-01-03,17684.0,22633
2023-01-04,17860.0,23108
2023-01-05,18152.0,22868
2023-01-06,18545.0,22655
2023-01-07,19258.0,22523
2023-01-08,19640.0,23547
2023-01-09,18811.0,22996
2023-01-10,18926.0,21912
2023-01-11,19110.0,22252
2023-01-12,19178.0,22450
2023-01-13,23621.0,29676
2023-01-14,23198.0,26703
2023-01-15,25783.0,23932
2023-01-16,24753.0,23806
2023-01-17,22719.0,24617
2023-01-18,24019.0,23728
2023-01-19,23346.0,24350
2023-01-20,23547.0,24311
2023-01-21,22221.0,23824
2023-01-22,21377.0,19447
2023-01-23,22837.0,21563
2023-01-24,22089.0,23050
2023-01-25,21434.0,24658
2023-01-26,21706.0,22811
2023-01-27,21949.0,24134
2023-01-28,22074.0,23328
2023-01-29,21996.0,24486
2023-01-30,21499.0,22896
2023-01-31,20517.0,23146
2023-02-01,21221.0,23536
2023-02-02,21009.0,22902
2023-02-03,20812.0,23287
2023-02-04,21531.0,23078
2023-02-05,21886.0,23522
2023-02-06,20428.0,22875
2023-02-07,20490.0,22734
2023-02-08,20650.0,22798
2023-02-09,20207.0,22940
2023-02-10,23971.0,26913
2023-02-11,23623.0,23994
2023-02-12,24513.0,23011
2023-02-13,22934.0,22454
2023-02-14,21770.0,23000
2023-02-15,24239.0,22244
2023-02-16,22738.0,22484
2023-02-17,22611.0,22536
2023-02-18,24977.0,23546
2023-02-19,23069.0,23369
2023-02-20,22889.0,22496
2023-02-21,21299.0,22125
2023-02-22,21550.0,22667
2023-02-23,21110.0,22677
2023-02-24,22210.0,22542
2023-02-25,22514.0,22987
2023-02-26,22690.0,23610
2023-02-27,21830.0,22435
2023-02-28,20394.0,21821
2023-03-01,22335.0,22802
2023-03-02,20857.0,22972
2023-03-03,20520.0,22425
2023-03-04,21385.0,22558
2023-03-05,21896.0,24225
2023-03-06,21371.0,22771
2023-03-07,19845.0,22394
2023-03-08,19923.0,23104
2023-03-09,20190.0,23015
2023-03-10,20457.0,23612
2023-03-11,21374.0,23412
2023-03-12,22139.0,24690
2023-03-13,21311.0,23070
2023-03-14,20090.0,22523
2023-03-15,19696.0,23136
2023-03-16,20436.0,23229
2023-03-17,20019.0,22927
2023-03-18,20938.0,24384
2023-03-19,21671.0,24064
2023-03-20,20488.0,23992
2023-03-21,19978.0,22763
2023-03-22,20182.0,23976
2023-03-23,28881.0,30776
2023-03-24,27627.0,25758
2023-03-25,26277.0,24860
2023-03-26,26915.0,25224
2023-03-27,26038.0,24331
2023-03-28,24151.0,23383
2023-03-29,23847.0,24151
2023-03-30,23035.0,23774
2023-03-31,23529.0,23670
2023-04-01,24256.0,23781
2023-04-02,22872.0,24488
2023-04-03,21189.0,23600
2023-04-04,21002.0,23233
2023-04-05,26210.0,25925
2023-04-06,26649.0,26365
2023-04-07,23226.0,26856
2023-04-08,25768.0,25224
2023-04-09,26239.0,24929
2023-04-10,27076.0,24069
2023-04-11,27123.0,24016
2023-04-12,25817.0,23991
2023-04-13,25571.0,23954
2023-04-14,24684.0,25369
2023-04-15,25641.0,24740
2023-04-16,25575.0,25064
2023-04-17,25099.0,24111
2023-04-18,24290.0,23136
2023-04-19,25617.0,23761
2023-04-20,24510.0,24718
2023-04-21,24054.0,23379
2023-04-22,23296.0,23673
2023-04-23,23671.0,24150
2023-04-24,23160.0,23011
2023-04-25,23076.0,23115
2023-04-26,25876.0,23971
2023-04-27,23722.0,23538
2023-04-28,23631.0,23177
2023-04-29,25826.0,24879
2023-04-30,25334.0,24801
2023-05-01,24281.0,24739
2023-05-02,22673.0,24121
2023-05-03,22943.0,24489
2023-05-04,22175.0,23646
2023-05-05,25246.0,29352
2023-05-06,26946.0,37396
2023-05-07,25476.0,30878
2023-05-08,25842.0,28583
2023-05-09,25879.0,26577
2023-05-10,26307.0,26122
2023-05-11,26240.0,25339
2023-05-12,25724.0,24830
2023-05-13,26250.0,25946
2023-05-14,26267.0,26155
2023-05-15,25853.0,25045
2023-05-16,25576.0,25274
2023-05-17,25321.0,25454
2023-05-18,24991.0,26446
2023-05-19,26549.0,29710
2023-05-20,26125.0,26708
2023-05-21,25809.0,26477
2023-05-22,25568.0,24593
2023-05-23,25992.0,24282
2023-05-24,25682.0,26225
2023-05-25,25366.0,23988
2023-05-26,24246.0,24426
2023-05-27,24760.0,23873
2023-05-28,24851.0,24116
2023-05-29,25817.0,33287
2023-05-30,24045.0,31638
2023-05-31,26432.0,28071
2023-06-01,26155.0,26425
2023-06-02,26162.0,26961
2023-06-03,25004.0,26192
2023-06-04,25452.0,25711
2023-06-05,25365.0,24293
2023-06-06,25024.0,25249
2023-06-07,25709.0,25963
2023-06-08,24766.0,24804
2023-06-09,25785.0,25567
2023-06-10,25098.0,25630
2023-06-11,25311.0,24558
2023-06-12,24666.0,12326
2023-06-13,22588.0,23442
2023-06-14,24751.0,22721
2023-06-15,28254.0,23642
2023-06-16,28038.0,25263
2023-06-17,29869.0,27033
2023-06-18,27658.0,26148
2023-06-19,25948.0,25022
2023-06-20,24004.0,24577
2023-06-21,29211.0,27054
2023-06-22,29346.0,25860
2023-06-23,28801.0,25272
2023-06-24,30166.0,25676
2023-06-25,30234.0,26788
2023-06-26,29316.0,30316
2023-06-27,29535.0,27272
2023-06-28,29190.0,31650
2023-06-29,29677.0,28274
2023-06-30,29147.0,28519
2023-07-01,29600.0,27386
2023-07-02,29104.0,27800
2023-07-03,28225.0,26373
2023-07-04,27228.0,25694
2023-07-05,28661.0,30296
2023-07-06,28280.0,28775
2023-07-07,27813.0,28543
2023-07-08,28088.0,30792
2023-07-09,27634.0,30725
2023-07-10,27705.0,27652
2023-07-11,27545.0,30514
2023-07-12,27814.0,32221
2023-07-13,27471.0,29534
2023-07-14,27372.0,28802
2023-07-15,27577.0,29546
2023-07-16,27374.0,39562
2023-07-17,27837.0,38378
2023-07-18,25393.0,35581
2023-07-19,27780.0,39603
2023-07-20,28074.0,33344
2023-07-21,28034.0,30455
2023-07-22,28099.0,28758
2023-07-23,28032.0,30852
2023-07-24,28050.0,30022
2023-07-25,27076.0,29877
2023-07-26,21310.0,27159
2023-07-27,23305.0,26845
2023-07-28,25131.0,26961
2023-07-29,27557.0,26952
2023-07-30,27313.0,26156
2023-07-31,27297.0,25870
2023-08-01,26478.0,26559
2023-08-02,26903.0,27439
2023-08-03,28179.0,28760
2023-08-04,25849.0,27586
2023-08-05,25712.0,27928
2023-08-06,24974.0,26271
2023-08-07,25114.0,25885
2023-08-08,27840.0,25789
2023-08-09,28555.0,29937
2023-08-10,26257.0,47956
2023-08-11,27848.0,34413
2023-08-12,27373.0,30088
2023-08-13,27923.0,28133
2023-08-14,26445.0,26758
2023-08-15,27605.0,26523
2023-08-16,26937.0,26222
2023-08-17,25735.0,27025
2023-08-18,25939.0,26590
2023-08-19,27235.0,30612
2023-08-20,26480.0,28076
2023-08-21,26477.0,28426
2023-08-22,26213.0,27606
2023-08-23,24904.0,28453
2023-08-24,25004.0,38167
2023-08-25,23820.0,34622
2023-08-26,25387.0,29999
2023-08-27,25431.0,29476
2023-08-28,25404.0,27356
2023-08-29,24703.0,28642
2023-08-30,24100.0,29003
2023-08-31,23977.0,28477
2023-09-01,23467.0,34731
2023-09-02,24460.0,35333
2023-09-03,25027.0,32843
2023-09-04,23486.0,29021
2023-09-05,22921.0,29217
2023-09-06,24039.0,29665
2023-09-07,20859.0,26396
2023-09-08,22511.0,26903
2023-09-09,22786.0,24709
2023-09-10,21574.0,26483
2023-09-11,21911.0,26732
2023-09-12,21597.0,26094
2023-09-13,25140.0,25886
2023-09-14,26423.0,27755
2023-09-15,22163.0,23974
2023-09-16,25015.0,26325
2023-09-17,26002.0,34189
2023-09-18,25984.0,32675
2023-09-19,25740.0,29710
2023-09-20,25770.0,30653
2023-09-21,25767.0,40563
2023-09-22,25973.0,31407
2023-09-23,26269.0,29379
2023-09-24,26490.0,28571
2023-09-25,27167.0,26673
2023-09-26,27500.0,27201
2023-09-27,26795.0,28370
2023-09-28,27129.0,26058
2023-09-29,27691.0,22892
2023-09-30,26332.0,23778
2023-10-01,27398.0,24054
2023-10-02,27300.0,24540
2023-10-03,27240.0,26184
2023-10-04,27013.0,25055
2023-10-05,26843.0,25746
2023-10-06,23890.0,25892
2023-10-07,26151.0,25728
2023-10-08,26778.0,25492
2023-10-09,25990.0,26626
2023-10-10,22563.0,26281
2023-10-11,22598.0,26362
2023-10-12,22205.0,26737
2023-10-13,22473.0,25895
2023-10-14,21951.0,25445
2023-10-15,22852.0,25719
2023-10-16,23858.0,26287
2023-10-17,23310.0,25194
2023-10-18,21657.0,23737
2023-10-19,22619.0,24605
2023-10-20,22847.0,24034
2023-10-21,23201.0,24999
2023-10-22,23579.0,24990
2023-10-23,22713.0,24577
2023-10-24,21882.0,24922
2023-10-25,21038.0,23842
2023-10-26,21008.0,23608
2023-10-27,22284.0,23257
2023-10-28,22108.0,22975
2023-10-29,23055.0,24179
2023-10-30,22420.0,23513
2023-10-31,20206.0,23706
2023-11-01,21240.0,23269
2023-11-02,21097.0,23060
2023-11-03,21083.0,23233
2023-11-04,21904.0,22843
2023-11-05,21975.0,22806
2023-11-06,24620.0,26205
2023-11-07,21085.0,23071
2023-11-08,20791.0,24711
2023-11-09,20707.0,22538
2023-11-10,20622.0,23526
2023-11-11,21162.0,23555
2023-11-12,21590.0,22872
2023-11-13,20618.0,22757
2023-11-14,19667.0,22611
2023-11-15,19988.0,22532
2023-11-16,20506.0,23788
2023-11-17,22945.0,22582
2023-11-18,22398.0,22470
2023-11-19,22808.0,22745
2023-11-20,20822.0,22376
2023-11-21,20111.0,22581
2023-11-22,20293.0,22909
2023-11-23,19629.0,22848
2023-11-24,21380.0,22136
2023-11-25,21111.0,22459
2023-11-26,22333.0,21718
2023-11-27,20521.0,21746
2023-11-28,18896.0,22030
2023-11-29,19940.0,22461
2023-11-30,18731.0,21663
2023-12-01,19394.0,21939
2023-12-02,20747.0,22374
2023-12-03,21322.0,22623
2023-12-04,19923.0,22785
2023-12-05,18247.0,21012
2023-12-06,19508.0,22227
2023-12-07,19538.0,22237
2023-12-08,19861.0,21814
2023-12-09,21635.0,21717
2023-12-10,22562.0,22497
2023-12-11,24153.0,27467
2023-12-12,21633.0,23845
2023-12-13,22348.0,22421
2023-12-14,24101.0,24737
2023-12-15,28954.0,33938
2023-12-16,28183.0,28937
2023-12-17,28199.0,25184
2023-12-18,24633.0,23788
2023-12-19,24059.0,23661
2023-12-20,22740.0,22910
2023-12-21,21986.0,23175
2023-12-22,23428.0,22692
2023-12-23,24703.0,23384
2023-12-24,24697.0,21884
2023-12-25,24634.0,22694
2023-12-26,22649.0,23227
2023-12-27,24070.0,23930
2023-12-28,22658.0,24237
2023-12-29,22149.0,23730
2023-12-30,24238.0,23664
2023-12-31,24421.0,23015
2024-01-01,23789.0,22863
2024-01-02,21651.0,23967
2024-01-03,21149.0,22761
2024-01-04,20982.0,23081
2024-01-05,21133.0,22970
2024-01-06,21622.0,21441
2024-01-07,22043.0,22260
2024-01-08,21541.0,21381
2024-01-09,20022.0,20844
2024-01-10,22203.0,21991
2024-01-11,20625.0,22038
2024-01-12,21223.0,22132
2024-01-13,21671.0,21901
2024-01-14,21964.0,21374
2024-01-15,20508.0,21126
2024-01-16,19939.0,21018
2024-01-17,19462.0,21097
2024-01-18,22144.0,23055
2024-01-19,21760.0,21236
2024-01-20,25206.0,24433
2024-01-21,24546.0,25396
2024-01-22,24495.0,23328
2024-01-23,24036.0,22209
2024-01-24,23235.0,21793
2024-01-25,23354.0,22665
2024-01-26,23010.0,22648
2024-01-27,24127.0,22944
2024-01-28,24009.0,23290
2024-01-29,22943.0,22279
2024-01-30,22185.0,22010
2024-01-31,22254.0,22401
2024-02-01,22960.0,23328
2024-02-02,24694.0,23340
2024-02-03,24546.0,22501
2024-02-04,27265.0,24482
2024-02-05,27514.0,28296
2024-02-06,26933.0,25391
2024-02-07,27251.0,24198
2024-02-08,27017.0,25277
2024-02-09,25287.0,25517
2024-02-10,22328.0,21725
2024-02-11,25106.0,22297
2024-02-12,24794.0,24034
2024-02-13,24499.0,24643
2024-02-14,23751.0,22055
2024-02-15,24330.0,22032
2024-02-16,23217.0,21289
2024-02-17,24747.0,21849
2024-02-18,23980.0,23103
2024-02-19,27564.0,31570
2024-02-20,26019.0,25990
2024-02-21,27514.0,25395
2024-02-22,27112.0,24885
2024-02-23,26794.0,23551
2024-02-24,27322.0,22883
2024-02-25,26314.0,23679
2024-02-26,25857.0,24209
2024-02-27,25913.0,24590
2024-02-28,26517.0,22128
2024-02-29,25055.0,25200
2024-03-01,25424.0,25048
2024-03-02,25836.0,25547
2024-03-03,23921.0,26079
2024-03-04,24910.0,24267
2024-03-05,26317.0,26609
2024-03-06,25968.0,26022
2024-03-07,26560.0,24314
2024-03-08,26210.0,25326
2024-03-09,25870.0,24326
2024-03-10,26005.0,25142
2024-03-11,26550.0,24169
2024-03-12,24812.0,24390
2024-03-13,27238.0,24353
2024-03-14,23802.0,24906
2024-03-15,24468.0,24587
2024-03-16,24203.0,25056
2024-03-17,24643.0,25034
2024-03-18,24189.0,23972
2024-03-19,22178.0,23337
2024-03-20,22818.0,23365
2024-03-21,21261.0,23700
2024-03-22,22672.0,23491
2024-03-23,26437.0,24837
2024-03-24,25147.0,24088
2024-03-25,24847.0,24160
2024-03-26,26503.0,27517
2024-03-27,20913.0,24942
2024-03-28,25017.0,27524
2024-03-29,29974.0,31288
2024-03-30,28025.0,26677
2024-03-31,27115.0,26337
2024-04-01,26223.0,26357
2024-04-02,27633.0,25265
2024-04-03,27798.0,34075
2024-04-04,27686.0,29811
2024-04-05,27631.0,28112
2024-04-06,27790.0,27054
2024-04-07,27370.0,26380
2024-04-08,26931.0,26338
2024-04-09,23516.0,25522
2024-04-10,26392.0,25326
2024-04-11,26831.0,25302
2024-04-12,26762.0,25597
2024-04-13,26570.0,25893
2024-04-14,25629.0,25977
2024-04-15,25664.0,27344
2024-04-16,26503.0,26740
2024-04-17,27023.0,25609
2024-04-18,26147.0,25372
2024-04-19,25513.0,25951
2024-04-20,25455.0,26338
2024-04-21,27222.0,26409
2024-04-22,25927.0,25722
2024-04-23,23552.0,26036
2024-04-24,26900.0,26327
2024-04-25,27417.0,25662
2024-04-26,27452.0,25178
2024-04-27,25416.0,25174
2024-04-28,26133.0,25637
2024-04-29,25395.0,27464
2024-04-30,26982.0,26335
2024-05-01,26383.0,25009
2024-05-02,25451.0,25324
2024-05-03,24848.0,25449
2024-05-04,25110.0,24623
2024-05-05,25518.0,26206
2024-05-06,27756.0,36848
2024-05-07,27517.0,28865
2024-05-08,27108.0,27075
2024-05-09,27090.0,28444
2024-05-10,27249.0,27457
2024-05-11,25437.0,27098
2024-05-12,26892.0,28654
2024-05-13,25492.0,27966
2024-05-14,25321.0,26186
2024-05-15,25462.0,26034
2024-05-16,28239.0,26608
2024-05-17,24240.0,25481
2024-05-18,25057.0,26498
2024-05-19,28003.0,25697
2024-05-20,26732.0,25614
2024-05-21,21840.0,25015
2024-05-22,25224.0,26685
2024-05-23,24793.0,26295
2024-05-24,22211.0,25826
2024-05-25,20972.0,24550
2024-05-26,22063.0,25528
2024-05-27,27291.0,27623
2024-05-28,22557.0,23660
2024-05-29,20001.0,25120
2024-05-30,19532.0,25276
2024-05-31,21808.0,24936
2024-06-01,21038.0,25702
2024-06-02,22058.0,24817
2024-06-03,20896.0,24819
2024-06-04,20544.0,24347
2024-06-05,20217.0,24563
2024-06-06,21248.0,23980
2024-06-07,23650.0,24328
2024-06-08,23295.0,25197
2024-06-09,26573.0,25675
2024-06-10,22573.0,25847
2024-06-11,22782.0,25350
2024-06-12,21545.0,26274
2024-06-13,21602.0,26669
2024-06-14,21047.0,25129
2024-06-15,22290.0,25598
2024-06-16,24866.0,25603
2024-06-17,20950.0,24867
2024-06-18,20004.0,25407
2024-06-19,20048.0,25088
2024-06-20,21239.0,24997
2024-06-21,27219.0,26458
2024-06-22,26111.0,28845
2024-06-23,23897.0,26155
2024-06-24,23512.0,30542
2024-06-25,21497.0,25469
2024-06-26,22634.0,26726
2024-06-27,21644.0,25020
2024-06-28,25657.0,26753
2024-06-29,23880.0,28371
2024-06-30,28791.0,38093
2024-07-01,27529.0,30012
2024-07-02,28490.0,36768
2024-07-03,28834.0,31204
2024-07-04,28877.0,29539
2024-07-05,28893.0,27034
2024-07-06,27367.0,26969
2024-07-07,26300.0,25421
2024-07-08,27044.0,26277
2024-07-09,26337.0,26696
2024-07-10,25869.0,37391
2024-07-11,27037.0,30633
2024-07-12,26500.0,29071
2024-07-13,25410.0,27526
2024-07-14,28617.0,31250
2024-07-15,28797.0,30433
2024-07-16,28803.0,30531
2024-07-17,28849.0,29670
2024-07-18,28818.0,28195
2024-07-19,28580.0,28353
2024-07-20,28610.0,28554
2024-07-21,28693.0,27352
2024-07-22,27876.0,24991
2024-07-23,26463.0,27253
2024-07-24,28706.0,25989
2024-07-25,27404.0,27024
2024-07-26,27564.0,25814
2024-07-27,27267.0,25999
2024-07-28,27517.0,26511
2024-07-29,26333.0,25319
2024-07-30,26099.0,25855
2024-07-31,25461.0,25091
2024-08-01,25029.0,24664
2024-08-02,25610.0,25605
2024-08-03,24585.0,25693
2024-08-04,24426.0,27895
2024-08-05,24031.0,25398
2024-08-06,23757.0,25239
2024-08-07,23858.0,26593
2024-08-08,23193.0,25090
2024-08-09,24188.0,25335
2024-08-10,23846.0,25333
2024-08-11,23727.0,25319
2024-08-12,23544.0,25331
2024-08-13,23279.0,25127
2024-08-14,22915.0,24587
2024-08-15,24952.0,25317
2024-08-16,22949.0,25139
2024-08-17,22454.0,24951
2024-08-18,23303.0,24884
2024-08-19,23045.0,25860
2024-08-20,26625.0,30933
2024-08-21,26200.0,28482
2024-08-22,25952.0,26809
2024-08-23,25568.0,25423
2024-08-24,24466.0,25749
2024-08-25,25117.0,24908
2024-08-26,25284.0,24518
2024-08-27,24297.0,25715
2024-08-28,26814.0,24753
2024-08-29,27887.0,26711
2024-08-30,28120.0,25507
2024-08-31,24188.0,25776
2024-09-01,24084.0,24625
2024-09-02,23558.0,24639
2024-09-03,22990.0,25013
2024-09-04,23311.0,25387
2024-09-05,22359.0,25098
2024-09-06,22220.0,24176
2024-09-07,23295.0,24669
2024-09-08,23745.0,25416
2024-09-09,23068.0,25674
2024-09-10,21141.0,24238
2024-09-11,24250.0,24833
2024-09-12,21302.0,26057
2024-09-13,23078.0,25478
2024-09-14,22564.0,26164
2024-09-15,23737.0,24243
2024-09-16,27214.0,25465
2024-09-17,24854.0,22802
2024-09-18,23921.0,23861
2024-09-19,23687.0,24293
2024-09-20,27711.0,25597
2024-09-21,27972.0,40479
2024-09-22,28358.0,36276
2024-09-23,28145.0,28669
2024-09-24,25717.0,28675
2024-09-25,27753.0,25471
2024-09-26,28281.0,28732
2024-09-27,27022.0,23770
2024-09-28,27271.0,24929
2024-09-29,26463.0,24813
2024-09-30,26067.0,25473
2024-10-01,25960.0,23903
2024-10-02,25284.0,24553
2024-10-03,24093.0,24467
2024-10-04,26394.0,25147
2024-10-05,26194.0,24279
2024-10-06,24858.0,24497
2024-10-07,24073.0,25168
2024-10-08,27086.0,25164
2024-10-09,24575.0,24992
2024-10-10,23782.0,25031
2024-10-11,23469.0,24518
2024-10-12,23508.0,24393
2024-10-13,24745.0,24335
2024-10-14,24044.0,24835
2024-10-15,27764.0,28717
2024-10-16,26248.0,26582
2024-10-17,25038.0,25395
2024-10-18,25236.0,28319
2024-10-19,27335.0,28781
2024-10-20,28514.0,28019
2024-10-21,27098.0,26673
2024-10-22,28613.0,38322
2024-10-23,28169.0,30532
2024-10-24,28059.0,28670
2024-10-25,27896.0,27248
2024-10-26,27528.0,26124
2024-10-27,26822.0,25347
2024-10-28,27928.0,25305
2024-10-29,27321.0,25241
2024-10-30,26648.0,26121
2024-10-31,25795.0,24729
2024-11-01,26749.0,29180
2024-11-02,28847.0,34332
2024-11-03,28553.0,27661
2024-11-04,27123.0,26749
2024-11-05,28605.0,26089
2024-11-06,28683.0,25598
2024-11-07,27718.0,25717
2024-11-08,26764.0,25674
2024-11-09,27212.0,25176
2024-11-10,27229.0,24719
2024-11-11,27235.0,25315
2024-11-12,26030.0,24228
2024-11-13,26073.0,24777
2024-11-14,26415.0,25266
2024-11-15,25630.0,24827
2024-11-16,26434.0,24036
2024-11-17,25303.0,23776
2024-11-18,24802.0,23981
2024-11-19,22970.0,23734
2024-11-20,22525.0,23857
2024-11-21,22777.0,23336
2024-11-22,22934.0,23916
2024-11-23,23899.0,23472
2024-11-24,23369.0,23458
2024-11-25,23927.0,25704
2024-11-26,26364.0,24601
2024-11-27,26018.0,24285
2024-11-28,24256.0,24544
2024-11-29,24151.0,23847
2024-11-30,24742.0,24064
2024-12-01,25156.0,23480
2024-12-02,25064.0,24082
2024-12-03,23941.0,24146
2024-12-04,23457.0,22856
2024-12-05,22695.0,23784
2024-12-06,22957.0,23070
2024-12-07,24030.0,23357
2024-12-08,24073.0,23976
2024-12-09,23490.0,23444
2024-12-10,22151.0,23515
2024-12-11,22128.0,23874
2024-12-12,22307.0,23690
2024-12-13,22430.0,23963
2024-12-14,22854.0,22250
2024-12-15,23423.0,22327
2024-12-16,22786.0,23032
2024-12-17,21553.0,22609
2024-12-18,21251.0,25140
2024-12-19,21274.0,22832
2024-12-20,21377.0,23350
2024-12-21,22255.0,23321
2024-12-22,22433.0,22637
2024-12-23,21345.0,23059
2024-12-24,20758.0,22861
2024-12-25,22804.0,22585
2024-12-26,22752.0,23176
2024-12-27,22321.0,21721
2024-12-28,23231.0,22725
2024-12-29,22599.0,22068
2024-12-30,23207.0,22580
2024-12-31,22265.0,22881
2025-01-01,24315.0,22959
2025-01-02,23100.0,22349
2025-01-03,22510.0,22021
2025-01-04,23526.0,21200
2025-01-05,23098.0,22081
2025-01-06,22674.0,21962
2025-01-07,21585.0,20980
2025-01-08,21703.0,21008
2025-01-09,21776.0,21319
2025-01-10,22095.0,21795
2025-01-11,23041.0,22167
2025-01-12,24118.0,22703
2025-01-13,23470.0,22075
2025-01-14,22589.0,21809
2025-01-15,22603.0,22468
2025-01-16,21741.0,21533
2025-01-17,22407.0,21815
2025-01-18,23041.0,22024
2025-01-19,22868.0,21696
2025-01-20,22670.0,21454
2025-01-21,21831.0,21727
2025-01-22,21463.0,21997
2025-01-23,20822.0,22121
2025-01-24,20423.0,22528
2025-01-25,21705.0,22489
2025-01-26,21932.0,21802
2025-01-27,23236.0,22419
2025-01-28,23569.0,21543
2025-01-29,20976.0,19119
2025-01-30,22547.0,20700
2025-01-31,21777.0,23019
2025-02-01,23345.0,23343
2025-02-02,24491.0,22121
2025-02-03,22544.0,23351
2025-02-04,21256.0,22564
2025-02-05,20381.0,22692
2025-02-06,21038.0,23026
2025-02-07,22079.0,22276
2025-02-08,22751.0,22308
2025-02-09,23248.0,22858
2025-02-10,22610.0,22185
2025-02-11,21913.0,22747
2025-02-12,24957.0,22967
2025-02-13,23430.0,22084
2025-02-14,22972.0,21898
2025-02-15,21813.0,22349
2025-02-16,23532.0,22168
2025-02-17,22693.0,21655
2025-02-18,21403.0,22581
2025-02-19,21743.0,22996
2025-02-20,21834.0,21466
2025-02-21,22022.0,21575
2025-02-22,22528.0,21962
2025-02-23,22390.0,21912
2025-02-24,22143.0,21242
2025-02-25,20782.0,21843
2025-02-26,20302.0,22021
2025-02-27,21616.0,22975
2025-02-28,21439.0,22135
2025-03-01,22711.0,22360
2025-03-02,23920.0,21525
2025-03-03,26578.0,24081
2025-03-04,22289.0,26048
2025-03-05,20557.0,23652
2025-03-06,21677.0,23970
2025-03-07,21809.0,21330
2025-03-08,22847.0,21576
2025-03-09,23962.0,23411
2025-03-10,22202.0,22546
2025-03-11,21428.0,23314
2025-03-12,20948.0,23579
2025-03-13,20836.0,23227
2025-03-14,20985.0,22923
2025-03-15,23287.0,24104
2025-03-16,26439.0,24597
2025-03-17,23877.0,23123
2025-03-18,21293.0,22293
2025-03-19,20948.0,22178
2025-03-20,21506.0,22150
2025-03-21,21666.0,22602
2025-03-22,23052.0,23210
2025-03-23,23432.0,23672
2025-03-24,22049.0,23265
2025-03-25,21542.0,22791
2025-03-26,21017.0,22855
2025-03-27,23927.0,23604
2025-03-28,22642.0,23376
2025-03-29,21927.0,24284
2025-03-30,22089.0,22845
2025-03-31,21370.0,24198
2025-04-01,20594.0,23102
2025-04-02,20204.0,23072
2025-04-03,20545.0,22566
2025-04-04,21466.0,20885
2025-04-05,21796.0,22148
2025-04-06,23598.0,23163
2025-04-07,22036.0,23612
2025-04-08,20740.0,22946
2025-04-09,20438.0,22680
2025-04-10,20998.0,23364
2025-04-11,21232.0,24323
2025-04-12,23054.0,24114
2025-04-13,25610.0,28293
2025-04-14,26622.0,26697
2025-04-15,27214.0,25972
2025-04-16,25185.0,24923
2025-04-17,24205.0,26388
2025-04-18,24708.0,25112
2025-04-19,25203.0,24194
2025-04-20,24078.0,23821
2025-04-21,23809.0,23829
2025-04-22,24833.0,28441
2025-04-23,25643.0,27116
2025-04-24,24712.0,25866
2025-04-25,23312.0,26697
2025-04-26,23955.0,24892
2025-04-27,23181.0,25294
2025-04-28,21027.0,26134
2025-04-29,20704.0,24109
2025-04-30,21682.0,25713
2025-05-01,23249.0,27231
2025-05-02,26500.0,24746
2025-05-03,25163.0,25357
2025-05-04,26169.0,24015
2025-05-05,24827.0,24393
2025-05-06,23688.0,25196
2025-05-07,22914.0,25660
2025-05-08,23148.0,22571
2025-05-09,25213.0,28703
2025-05-10,27499.0,27326
2025-05-11,26417.0,27431
2025-05-12,27409.0,25574
2025-05-13,24754.0,25576
2025-05-14,23549.0,25485
2025-05-15,23271.0,24163
2025-05-16,25165.0,26542
2025-05-17,28306.0,29969
2025-05-18,27542.0,26770
2025-05-19,27965.0,26881
2025-05-20,26948.0,25313
2025-05-21,26469.0,25671
2025-05-22,25883.0,25598
2025-05-23,25110.0,25986
2025-05-24,24684.0,24055
2025-05-25,23980.0,24382
2025-05-26,24719.0,26641
2025-05-27,25022.0,25393
2025-05-28,27655.0,25486
2025-05-29,22397.0,23686
2025-05-30,21637.0,23350
2025-05-31,21861.0,24115
2025-06-01,23543.0,24311
2025-06-02,21726.0,23606
2025-06-03,24730.0,24745
2025-06-04,21431.0,24320
2025-06-05,20708.0,24350
2025-06-06,21651.0,23589
2025-06-07,22097.0,23498
2025-06-08,22679.0,25499
2025-06-09,20888.0,24663
2025-06-10,18761.0,24898
2025-06-11,23042.0,24838
2025-06-12,27104.0,25385
2025-06-13,23677.0,26490
2025-06-14,27930.0,35068
2025-06-15,27591.0,30543
2025-06-16,26721.0,28025
2025-06-17,26383.0,24541
2025-06-18,26188.0,26402
2025-06-19,26884.0,26962
2025-06-20,25979.0,25159
2025-06-21,27280.0,25795
2025-06-22,27880.0,28607
2025-06-23,27607.0,26223
2025-06-24,26835.0,28261
2025-06-25,27238.0,30504
2025-06-26,27983.0,27795
2025-06-27,26886.0,27181
2025-06-28,27593.0,26243
2025-06-29,27746.0,27129
2025-06-30,27344.0,25966
2025-07-01,25776.0,25853
2025-07-02,25160.0,26363
2025-07-03,24518.0,26854
2025-07-04,23851.0,25625
2025-07-05,24455.0,25431
2025-07-06,24578.0,25418
2025-07-07,23639.0,26529
2025-07-08,21274.0,24907
2025-07-09,21549.0,25994
2025-07-10,19722.0,24821
2025-07-11,20803.0,25024
2025-07-12,21462.0,24907
2025-07-13,23218.0,26420
2025-07-14,27529.0,35318
2025-07-15,26858.0,30528
2025-07-16,26280.0,27837
2025-07-17,27514.0,28023
2025-07-18,27636.0,27609
2025-07-19,27951.0,34365
2025-07-20,27898.0,31549
2025-07-21,27812.0,29319
2025-07-22,27550.0,26970
2025-07-23,27282.0,27499
2025-07-24,27199.0,26436
2025-07-25,26664.0,25414
2025-07-26,26724.0,25515
2025-07-27,26190.0,24239
2025-07-28,25830.0,24024
2025-07-29,26028.0,24917
2025-07-30,25443.0,24925
2025-07-31,25063.0,24166
2025-08-01,24333.0,25188
2025-08-02,25200.0,25443
2025-08-03,25776.0,25650
2025-08-04,27514.0,30659
2025-08-05,25590.0,28002
2025-08-06,24372.0,26494
2025-08-07,26449.0,26667
2025-08-08,23804.0,25543
2025-08-09,27143.0,25780
2025-08-10,26434.0,30102
2025-08-11,26392.0,27655
2025-08-12,27035.0,32362
2025-08-13,26264.0,30429
2025-08-14,27595.0,28530
2025-08-15,27187.0,26696
2025-08-16,27282.0,26266
2025-08-17,26289.0,26205
2025-08-18,26207.0,25872
2025-08-19,24934.0,25934
2025-08-20,24135.0,25506
2025-08-21,23935.0,26207
2025-08-22,23679.0,25451
2025-08-23,23743.0,25538
2025-08-24,21985.0,25756
2025-08-25,24903.0,24933
2025-08-26,23759.0,25249
2025-08-27,22901.0,25303
2025-08-28,20812.0,25259
2025-08-29,21577.0,25720
2025-08-30,22795.0,25330
2025-08-31,23812.0,25445
2025-09-01,23321.0,24629
2025-09-02,21868.0,26007
2025-09-03,21332.0,25485
2025-09-04,20796.0,25153
2025-09-05,20490.0,25655
2025-09-06,21408.0,25061
2025-09-07,22561.0,25588
2025-09-08,20162.0,24475
2025-09-09,24183.0,26949
2025-09-10,19906.0,24598
2025-09-11,20994.0,25338
2025-09-12,22636.0,24658
2025-09-13,24266.0,28105
2025-09-14,24245.0,26836
2025-09-15,21656.0,25542
2025-09-16,20701.0,25056
2025-09-17,21558.0,25548
2025-09-18,20100.0,25089
2025-09-19,20891.0,24696
2025-09-20,20850.0,25629
2025-09-21,21388.0,24783
2025-09-22,19098.0,24359
2025-09-23,19147.0,24347
2025-09-24,19603.0,24130
2025-09-25,18226.0,24406
2025-09-26,19535.0,24332
2025-09-27,20705.0,24573
2025-09-28,22025.0,24268
2025-09-29,19529.0,23768
2025-09-30,18935.0,22322
2025-10-01,20061.0,24481
2025-10-02,21347.0,24478
2025-10-03,25287.0,29993
2025-10-04,27880.0,30981
2025-10-05,26514.0,26166
2025-10-06,25916.0,24100
2025-10-07,27248.0,25947
2025-10-08,25978.0,25103
2025-10-09,25171.0,25157
2025-10-10,24922.0,24575
2025-10-11,24732.0,25038
2025-10-12,24493.0,24578
2025-10-13,23484.0,24021
2025-10-14,24443.0,26378
2025-10-15,24401.0,25906
2025-10-16,24674.0,27998
2025-10-17,25904.0,25414
2025-10-18,26595.0,25186
2025-10-19,25517.0,25295
2025-10-20,25541.0,24948
2025-10-21,25498.0,24907
2025-10-22,23541.0,22749
2025-10-23,25377.0,24846
2025-10-24,25081.0,25752
2025-10-25,27775.0,25098
2025-10-26,27153.0,24285
2025-10-27,25766.0,24140
2025-10-28,24439.0,23573
2025-10-29,23668.0,24395
2025-10-30,23683.0,23760
2025-10-31,24695.0,23908
2025-11-01,24640.0,23905
2025-11-02,24445.0,23888
2025-11-03,23794.0,23656
2025-11-04,23217.0,23220
2025-11-05,23309.0,23679
2025-11-06,23230.0,23809
2025-11-07,23815.0,23829
2025-11-08,22757.0,23593
2025-11-09,27237.0,27258
2025-11-10,24173.0,23946
2025-11-11,22900.0,23729
2025-11-12,21280.0,23898
2025-11-13,21906.0,23816
2025-11-14,22131.0,24303
2025-11-15,21057.0,23761
2025-11-16,22544.0,23529
2025-11-17,21061.0,23298
2025-11-18,20960.0,23097
2025-11-19,20830.0,23536
2025-11-20,21950.0,23426
2025-11-21,21593.0,23231
2025-11-22,22578.0,23278
2025-11-23,22250.0,23418
2025-11-24,23794.0,23578
2025-11-25,23718.0,23241
2025-11-26,22915.0,24377
2025-11-27,22732.0,23717
2025-11-28,22737.0,23103
2025-11-29,23185.0,23326
2025-11-30,23868.0,23334
2025-12-01,23397.0,23248
2025-12-02,22252.0,23105
2025-12-03,22220.0,22888
2025-12-04,21230.0,23032
2025-12-05,23266.0,22893
2025-12-06,24403.0,23325
2025-12-07,23372.0,22580
2025-12-08,22980.0,23206
2025-12-09,19567.0,22703
2025-12-10,22127.0,22661
2025-12-11,20728.0,23317
2025-12-12,22801.0,22962
2025-12-13,24779.0,22765
2025-12-14,23545.0,23380
2025-12-15,18959.0,22923
2025-12-16,19181.0,22731
2025-12-17,21600.0,23077
2025-12-18,20707.0,23023
2025-12-19,20608.0,23097
2025-12-20,24151.0,23041
2025-12-21,23192.0,22881
2025-12-22,20823.0,22336
2025-12-23,20227.0,22742
2025-12-24,23401.0,23750
2025-12-25,25088.0,23311
2025-12-26,24050.0,22927
2025-12-27,24560.0,22998
2025-12-28,24558.0,22795
2025-12-29,23941.0,22836
2025-12-30,20480.0,22532
2025-12-31,23352.0,22828
2026-01-01,26367.0,22203
2026-01-02,23203.0,22110
2026-01-03,22611.0,22091
2026-01-04,22445.0,22796
2026-01-05,20058.0,22757
2026-01-06,20548.0,21872
2026-01-07,21101.0,22279
2026-01-08,21803.0,22573
2026-01-09,21214.0,22786
2026-01-10,21715.0,23034
2026-01-11,22441.0,22241
2026-01-12,21922.0,22212
2026-01-13,21597.0,21949
2026-01-14,21970.0,22608
2026-01-15,22539.0,21864
2026-01-16,22643.0,22535
2026-01-17,23449.0,22681
2026-01-18,23767.0,22522
2026-01-19,22293.0,21907
2026-01-20,21169.0,22667
2026-01-21,21346.0,23077
2026-01-22,22266.0,22891
2026-01-23,21343.0,22271
2026-01-24,22866.0,23754
2026-01-25,22311.0,23715
2026-01-26,21395.0,21787
2026-01-27,20473.0,22332
2026-01-28,19633.0,24112
2026-01-29,18630.0,22438
2026-01-30,18912.0,23272
2026-01-31,20023.0,22917
2026-02-01,20054.0,23257
2026-02-02,18802.0,22772
2026-02-03,19257.0,23513
2026-02-04,19322.0,22850
2026-02-05,19569.0,23390
2026-02-06,19542.0,23070
2026-02-07,20364.0,23256
2026-02-08,20882.0,22818
2026-02-09,19711.0,22755
2026-02-10,19407.0,22797
2026-02-11,19244.0,22242
2026-02-12,19025.0,22707
2026-02-13,19421.0,22648
2026-02-14,19980.0,23129
2026-02-15,21769.0,22585
2026-02-16,21883.0,21851
2026-02-17,18781.0,19374
2026-02-18,20303.0,21297
2026-02-19,20245.0,22258
2026-02-20,20916.0,21749
2026-02-21,20762.0,22160
2026-02-22,19714.0,22696
2026-02-23,19844.0,21482
2026-02-24,20358.0,23293
2026-02-25,23888.0,23672
2026-02-26,20848.0,22222
2026-02-27,23259.0,23026
2026-02-28,22393.0,22345
2026-03-01,21901.0,21726
2026-03-02,19155.0,24337
2026-03-03,24652.0,25779
2026-03-04,22764.0,22941
2026-03-05,21629.0,22768
2026-03-06,20563.0,22883
2026-03-07,22657.0,22631
2026-03-08,21873.0,22103
2026-03-09,19956.0,22675
2026-03-10,19386.0,22620
2026-03-11,19298.0,24097
2026-03-12,19471.0,22136
2026-03-13,20086.0,22290
2026-03-14,20512.0,22938
2026-03-15,21759.0,22706
2026-03-16,19345.0,22457
2026-03-17,19592.0,22408
2026-03-18,22169.0,22536
2026-03-19,20889.0,23321
2026-03-20,20991.0,22312
2026-03-21,21671.0,23080
2026-03-22,21966.0,24128
2026-03-23,21779.0,23392
2026-03-24,19816.0,23312
2026-03-25,19887.0,22633
2026-03-26,20883.0,23270
2026-03-27,20721.0,23012
2026-03-28,22361.0,22913
2026-03-29,22865.0,23163
2026-03-30,23044.0,23977
2026-03-31,26980.0,26392
2026-04-01,23974.0,23257
2026-04-02,21625.0,23538
2026-04-03,19986.0,24323
2026-04-04,20776.0,33508
2026-04-05,22786.0,27600
2026-04-06,23085.0,25103
2026-04-07,20963.0,24901
2026-04-08,24882.0,24704
2026-04-09,26913.0,26717
2026-04-10,25340.0,27458
2026-04-11,26934.0,26245
2026-04-12,24976.0,25309
2026-04-13,25213.0,24017
2026-04-14,27552.0,23932
2026-04-15,24338.0,24521
2026-04-16,24173.0,24022
2026-04-17,24730.0,24166
2026-04-18,27348.0,25801
2026-04-19,24344.0,25167
2026-04-20,23220.0,23943
2026-04-21,21262.0,22995
2026-04-22,21736.0,22306
2026-04-23,23316.0,22742
2026-04-24,23390.0,23635
2026-04-25,23261.0,22861
2026-04-26,22913.0,23711
2026-04-27,23777.0,23487
2026-04-28,22654.0,23213
2026-04-29,22760.0,22395
2026-04-30,24124.0,23446
2026-05-01,26640.0,23066
2026-05-02,24145.0,22613
2026-05-03,25137.0,25709
2026-05-04,24876.0,23351
2026-05-05,24603.0,23614
2026-05-06,24406.0,23774
2026-05-07,24109.0,23234
2026-05-08,23533.0,22922
2026-05-09,23913.0,23370
2026-05-10,24619.0,23634
2026-05-11,23214.0,23259
2026-05-12,20709.0,23488
2026-05-13,20282.0,23903
2026-05-14,23767.0,23653
2026-05-15,23512.0,23599
2026-05-16,23188.0,22604
2026-05-17,23892.0,24363
2026-05-18,22969.0,23461
2026-05-19,22133.0,23395
2026-05-20,23576.0,26690
2026-05-21,24235.0,28689
2026-05-22,24702.0,25145
2026-05-23,24092.0,23605
2026-05-24,24352.0,23643
2026-05-25,24298.0,24708
2026-05-26,25915.0,24617
2026-05-27,27685.0,32620
2026-05-28,28006.0,27012
2026-05-29,26002.0,25964
2026-05-30,24856.0,25128
2026-05-31,24644.0,24070
2026-06-01,23755.0,23638
2026-06-02,27024.0,24492
2026-06-03,24205.0,24313
2026-06-04,24824.0,22819
2026-06-05,22377.0,23457
2026-06-06,23506.0,22786
2026-06-07,23305.0,22790
2026-06-08,23550.0,22019
2026-06-09,22602.0,23104
2026-06-10,21524.0,23415
2026-06-11,22601.0,22642
2026-06-12,22157.0,23274
2026-06-13,22605.0,22196
2026-06-14,23306.0,23400
2026-06-15,21314.0,22325
2026-06-16,21669.0,21848
2026-06-17,22705.0,22519
2026-06-18,23287.0,23418
2026-06-19,25174.0,23876
2026-06-20,27525.0,31278
2026-06-21,26525.0,24966
2026-06-22,25307.0,23471
2026-06-23,22939.0,22888
2026-06-24,23477.0,23440
2026-06-25,23618.0,25154
2026-06-26,22959.0,24341
2026-06-27,21253.0,23470
2026-06-28,22712.0,23482
2026-06-29,21706.0,22977
2026-06-30,22000.0,23174
2026-07-01,25212.0,28456
2026-07-02,27309.0,25026
2026-07-03,26993.0,24216
2026-07-04,27826.0,24498
2026-07-05,24371.0,23977
2026-07-06,24403.0,23896
2026-07-07,24596.0,24104
2026-07-08,23746.0,24107
2026-07-09,23448.0,24033
2026-07-10,23999.0,24339
2026-07-11,24361.0,24517
2026-07-12,23882.0,23527
2026-07-13,24176.0,24637
2026-07-14,23292.0,23497
2026-07-15,24191.0,23986
2026-07-16,23349.0,23453
2026-07-17,23650.0,23929
2026-07-18,24101.0,23330
2026-07-19,24309.0,23286
2026-07-20,24147.0,23843
2026-07-21,23518.0,23797
2026-07-22,23551.0,23993
2026-07-23,23280.0,23832
2026-07-24,22848.0,23173
2026-07-25,22851.0,24043
2026-07-26,23931.0,23805
2026-07-27,23723.0,23143
2026-07-28,23132.0,23261
2026-07-29,23290.0,22424
2026-07-30,21009.0,23773
2026-07-31,20645.0,22542
2026-08-01,23178.0,22905
2026-08-02,23102.0,23069
2026-08-03,22689.0,22893
2026-08-04,22328.0,23004
2026-08-05,22671.0,23141
2026-08-06,22668.0,23096
2026-08-07,23596.0,23400
2026-08-08,22970.0,23197
2026-08-09,23625.0,24210
2026-08-10,23272.0,23502
2026-08-11,21620.0,22753
2026-08-12,21507.0,23030
2026-08-13,21004.0,23798
2026-08-14,19149.0,23030
2026-08-15,23508.0,23277
2026-08-16,24681.0,28780
2026-08-17,27088.0,36267
2026-08-18,27577.0,32697
2026-08-19,27717.0,27760
2026-08-20,24968.0,26258
2026-08-21,26538.0,25268
2026-08-22,25927.0,25049
2026-08-23,25238.0,24991
2026-08-24,24497.0,24162
2026-08-25,23725.0,24165
2026-08-26,24259.0,24502
2026-08-27,24272.0,24458
2026-08-28,25746.0,31059
2026-08-29,28791.0,33394
2026-08-30,28274.0,29137
2026-08-31,28734.0,30303
2026-09-01,28694.0,27329
2026-09-02,28827.0,26012
2026-09-03,27520.0,25475
2026-09-04,27331.0,24149
2026-09-05,26584.0,24230
2026-09-06,25126.0,24263
2026-09-07,25387.0,23596
2026-09-08,24883.0,23408
2026-09-09,24982.0,23260
2026-09-10,25447.0,23173
2026-09-11,,23505
