date,부산항_정점명,부산항_정점코드,부산항_유속(cm/s),부산항_유향(deg),부산항_수온(℃),부산항_염분(PSU),부산항_유의파고(m),부산항_유의파주기(sec),부산항_최대파고(m),부산항_최대파주기(sec),부산항_풍속(m/s),부산항_풍향(deg),부산항_기온(℃),부산항_기압(hPa),부산항_시정(m)
2018-01-01,,,,,11.78125,34.00625,,,,,,,,,
2018-01-02,,,,,11.859574468085105,34.03829787234042,,,,,,,,,
2018-01-03,,,,,11.810638297872341,34.08085106382978,,,,,,,,,
2018-01-04,,,,,11.759574468085107,34.10212765957447,,,,,,,,,
2018-01-05,,,,,11.825000000000001,34.14166666666667,,,,,,,,,
2018-01-06,,,,,11.747916666666667,34.145833333333336,,,,,,,,,
2018-01-07,,,,,11.716666666666667,34.17291666666667,,,,,,,,,
2018-01-08,,,,,11.6875,34.177083333333336,,,,,,,,,
2018-01-09,,,,,11.295744680851064,34.2,,,,,,,,,
2018-01-10,,,,,10.917021276595746,34.2,,,,,,,,,
2018-01-11,,,,,10.62127659574468,34.17872340425532,,,,,,,,,
2018-01-12,,,,,10.52127659574468,34.12553191489362,,,,,,,,,
2018-01-13,,,,,10.5,34.1,,,,,,,,,
2018-01-14,,,,,10.676595744680851,34.13191489361702,,,,,,,,,
2018-01-15,,,,,10.74255319148936,34.12340425531915,,,,,,,,,
2018-01-16,,,,,10.76808510638298,34.08936170212766,,,,,,,,,
2018-01-17,,,,,10.789583333333333,34.075,,,,,,,,,
2018-01-18,,,,,10.88723404255319,34.06170212765958,,,,,,,,,
2018-01-19,,,,,10.922916666666667,34.04375,,,,,,,,,
2018-01-20,,,,,10.893749999999999,34.014583333333334,,,,,,,,,
2018-01-21,,,,,10.94375,34.00833333333333,,,,,,,,,
2018-01-22,,,,,10.974468085106382,34.01276595744681,,,,,,,,,
2018-01-23,,,,,10.791666666666666,34.081250000000004,,,,,,,,,
2018-01-24,,,,,10.585416666666667,34.00625,,,,,,,,,
2018-01-25,,,,,10.166666666666666,33.99791666666667,,,,,,,,,
2018-01-26,,,,,10.014583333333333,33.958333333333336,,,,,,,,,
2018-01-27,,,,,9.93125,33.91041666666667,,,,,,,,,
2018-01-28,,,,,9.960416666666667,33.90416666666666,,,,,,,,,
2018-01-29,,,,,9.816666666666666,33.89375,,,,,,,,,
2018-01-30,,,,,9.69375,33.829166666666666,,,,,,,,,
2018-01-31,,,,,9.7125,33.793749999999996,,,,,,,,,
2018-02-01,,,,,9.708510638297872,33.72553191489362,,,,,,,,,
2018-02-02,,,,,9.66595744680851,33.67234042553192,,,,,,,,,
2018-02-03,,,,,9.61875,33.670833333333334,,,,,,,,,
2018-02-04,,,,,9.518749999999999,33.65,,,,,,,,,
2018-02-05,,,,,9.504255319148935,33.7,,,,,,,,,
2018-02-06,,,,,9.585106382978724,33.71489361702128,,,,,,,,,
2018-02-07,,,,,9.63125,33.729166666666664,,,,,,,,,
2018-02-08,,,,,10.015217391304347,33.72826086956522,,,,,,,,,
2018-02-09,,,,,10.447916666666666,33.760416666666664,,,,,,,,,
2018-02-10,,,,,10.708333333333334,33.79583333333333,,,,,,,,,
2018-02-11,,,,,10.327083333333333,33.74166666666667,,,,,,,,,
2018-02-12,,,,,10.08936170212766,34.05744680851064,,,,,,,,,
2018-02-13,,,,,9.9,34.2,,,,,,,,,
2018-02-14,,,,,10.185416666666667,34.20416666666667,,,,,,,,,
2018-02-15,,,,,10.254166666666666,34.16875,,,,,,,,,
2018-02-16,,,,,10.29375,34.0875,,,,,,,,,
2018-02-17,,,,,10.204166666666667,34.00208333333333,,,,,,,,,
2018-02-18,,,,,10.24468085106383,33.90425531914894,,,,,,,,,
2018-02-19,,,,,10.285106382978723,33.9,,,,,,,,,
2018-02-20,,,,,10.358333333333333,33.85,,,,,,,,,
2018-02-21,,,,,10.302083333333334,33.8,,,,,,,,,
2018-02-22,,,,,10.391666666666667,33.8,,,,,,,,,
2018-02-23,,,,,10.353191489361702,33.88085106382979,,,,,,,,,
2018-02-24,,,,,10.564583333333333,33.88333333333333,,,,,,,,,
2018-02-25,,,,,10.831914893617022,33.8936170212766,,,,,,,,,
2018-02-26,,,,,10.972916666666668,33.84166666666666,,,,,,,,,
2018-02-27,,,,,11.129166666666668,33.7875,,,,,,,,,
2018-02-28,,,,,11.210416666666667,33.677083333333336,,,,,,,,,
2018-03-01,,,,,11.225531914893617,33.6936170212766,,,,,,,,,
2018-03-02,,,,,11.275,33.49791666666667,,,,,,,,,
2018-03-03,,,,,11.36875,33.06041666666667,,,,,,,,,
2018-03-04,,,,,11.491489361702127,33.397872340425536,,,,,,,,,
2018-03-05,,,,,11.527083333333332,33.354166666666664,,,,,,,,,
2018-03-06,,,,,11.447916666666666,33.14375,,,,,,,,,
2018-03-07,,,,,11.315217391304348,32.81956521739131,,,,,,,,,
2018-03-08,,,,,11.153191489361701,33.16808510638298,,,,,,,,,
2018-03-09,,,,,10.93125,33.02916666666667,,,,,,,,,
2018-03-10,,,,,11.160416666666668,33.03958333333333,,,,,,,,,
2018-03-11,,,,,11.208695652173914,32.9804347826087,,,,,,,,,
2018-03-12,,,,,11.229166666666666,32.927083333333336,,,,,,,,,
2018-03-13,,,,,11.430434782608694,32.90869565217391,,,,,,,,,
2018-03-14,,,,,11.397674418604652,33.91860465116279,,,,,,,,,
2018-03-15,,,,,11.204166666666666,34.6625,,,,,,,,,
2018-03-16,,,,,11.2,34.5,,,,,,,,,
2018-03-17,,,,,10.979166666666666,34.67291666666667,,,,,,,,,
2018-03-18,,,,,10.94375,34.608333333333334,,,,,,,,,
2018-03-19,,,,,10.981250000000001,34.55833333333333,,,,,,,,,
2018-03-20,,,,,10.793617021276596,34.6,,,,,,,,,
2018-03-21,,,,,10.516666666666667,34.6,,,,,,,,,
2018-03-22,,,,,10.444680851063831,34.54468085106383,,,,,,,,,
2018-03-23,,,,,10.541666666666666,34.456250000000004,,,,,,,,,
2018-03-24,,,,,10.763829787234043,34.45744680851064,,,,,,,,,
2018-03-25,,,,,10.964583333333332,34.49166666666667,,,,,,,,,
2018-03-26,,,,,11.268749999999999,34.479166666666664,,,,,,,,,
2018-03-27,,,,,11.325531914893617,34.50851063829787,,,,,,,,,
2018-03-28,,,,,11.480851063829787,34.51702127659574,,,,,,,,,
2018-03-29,,,,,11.610416666666666,34.520833333333336,,,,,,,,,
2018-03-30,,,,,11.491666666666667,34.579166666666666,,,,,,,,,
2018-03-31,,,,,11.625531914893617,34.57872340425532,,,,,,,,,
2018-04-01,,,,,11.8375,34.53125,,,,,,,,,
2018-04-02,,,,,12.11875,34.525,,,,,,,,,
2018-04-03,,,,,12.27872340425532,34.52978723404256,,,,,,,,,
2018-04-04,,,,,12.428260869565218,34.506521739130434,,,,,,,,,
2018-04-05,,,,,12.214285714285714,34.57142857142857,,,,,,,,,
2018-04-06,,,,,12.335416666666667,34.4125,,,,,,,,,
2018-04-07,,,,,12.152083333333332,34.34791666666666,,,,,,,,,
2018-04-08,,,,,12.039130434782608,34.44565217391305,,,,,,,,,
2018-04-09,,,,,12.320833333333333,34.44375,,,,,,,,,
2018-04-10,,,,,12.575000000000001,34.41041666666667,,,,,,,,,
2018-04-11,,,,,12.895833333333334,34.37916666666666,,,,,,,,,
2018-04-12,,,,,12.847826086956522,34.36086956521739,,,,,,,,,
2018-04-13,,,,,12.627083333333333,34.31041666666666,,,,,,,,,
2018-04-14,,,,,12.4,34.22826086956522,,,,,,,,,
2018-04-15,,,,,12.600000000000001,34.17872340425532,,,,,,,,,
2018-04-16,,,,,12.7,34.2,,,,,,,,,
2018-04-17,,,,,12.725,34.24791666666667,,,,,,,,,
2018-04-18,,,,,12.987499999999999,34.225,,,,,,,,,
2018-04-19,,,,,13.135416666666666,34.20416666666667,,,,,,,,,
2018-04-20,,,,,13.365909090909092,34.17727272727273,,,,,,,,,
2018-04-21,,,,,13.642553191489363,34.12553191489362,,,,,,,,,
2018-04-22,,,,,13.520833333333334,34.0,,,,,,,,,
2018-04-23,,,,,13.229166666666666,33.920833333333334,,,,,,,,,
2018-04-24,,,,,13.270833333333334,33.604166666666664,,,,,,,,,
2018-04-25,,,,,13.600000000000001,33.42127659574468,,,,,,,,,
2018-04-26,,,,,13.774468085106383,33.33617021276596,,,,,,,,,
2018-04-27,,,,,13.977083333333333,32.391666666666666,,,,,,,,,
2018-04-28,,,,,13.754166666666668,33.16875,,,,,,,,,
2018-04-29,,,,,13.76595744680851,33.248936170212765,,,,,,,,,
2018-04-30,,,,,14.03404255319149,33.280851063829786,,,,,,,,,
2018-05-01,,,,,13.971111111111112,32.16888888888889,,,,,,,,,
2018-05-02,,,,,13.97659574468085,33.32340425531915,,,,,,,,,
2018-05-03,,,,,14.351063829787234,33.08723404255319,,,,,,,,,
2018-05-04,,,,,14.079166666666666,33.16041666666667,,,,,,,,,
2018-05-05,,,,,14.170212765957446,33.15531914893617,,,,,,,,,
2018-05-06,,,,,14.206521739130435,33.01521739130435,,,,,,,,,
2018-05-07,,,,,14.127083333333333,32.975,,,,,,,,,
2018-05-08,,,,,14.0875,32.735416666666666,,,,,,,,,
2018-05-09,,,,,14.239583333333334,32.55416666666667,,,,,,,,,
2018-05-10,,,,,14.625531914893617,32.36382978723404,,,,,,,,,
2018-05-11,,,,,14.976086956521739,32.27173913043478,,,,,,,,,
2018-05-12,,,,,14.747826086956522,32.17608695652174,,,,,,,,,
2018-05-13,,,,,14.653191489361703,31.976595744680854,,,,,,,,,
2018-05-14,,,,,14.689361702127659,31.74468085106383,,,,,,,,,
2018-05-15,,,,,14.872916666666667,31.527083333333334,,,,,,,,,
2018-05-16,,,,,14.768749999999999,31.27916666666667,,,,,,,,,
2018-05-17,,,,,14.7,31.2,,,,,,,,,
2018-05-18,,,,,15.095833333333333,30.764583333333334,,,,,,,,,
2018-05-19,,,,,14.895833333333334,30.639583333333334,,,,,,,,,
2018-05-20,,,,,14.870212765957445,30.370212765957447,,,,,,,,,
2018-05-21,,,,,15.106250000000001,30.235416666666666,,,,,,,,,
2018-05-22,,,,,15.591666666666667,29.9875,,,,,,,,,
2018-05-23,,,,,15.981250000000001,29.670833333333334,,,,,,,,,
2018-05-24,,,,,16.18936170212766,29.419148936170213,,,,,,,,,
2018-05-25,,,,,16.1375,29.224999999999998,,,,,,,,,
2018-05-26,,,,,16.106382978723403,29.070212765957447,,,,,,,,,
2018-05-27,,,,,16.1,29.02553191489362,,,,,,,,,
2018-05-28,,,,,16.002083333333335,28.993750000000002,,,,,,,,,
2018-05-29,,,,,16.058333333333334,29.131249999999998,,,,,,,,,
2018-05-30,,,,,16.26382978723404,29.048936170212766,,,,,,,,,
2018-05-31,,,,,16.339583333333334,28.895833333333332,,,,,,,,,
2018-06-01,,,,,16.522916666666667,28.506249999999998,,,,,,,,,
2018-06-02,,,,,16.697916666666668,28.806250000000002,,,,,,,,,
2018-06-03,,,,,16.879166666666666,29.510416666666668,,,,,,,,,
2018-06-04,,,,,17.035416666666666,29.558333333333334,,,,,,,,,
2018-06-05,,,,,16.96382978723404,29.22978723404255,,,,,,,,,
2018-06-06,,,,,17.202083333333334,28.433333333333334,,,,,,,,,
2018-06-07,,,,,17.772916666666667,26.835416666666664,,,,,,,,,
2018-06-08,,,,,17.819148936170212,30.051063829787235,,,,,,,,,
2018-06-09,,,,,17.5875,33.479166666666664,,,,,,,,,
2018-06-10,,,,,17.145833333333332,33.49166666666667,,,,,,,,,
2018-06-11,,,,,17.2468085106383,33.34255319148936,,,,,,,,,
2018-06-12,,,,,17.46875,33.35,,,,,,,,,
2018-06-13,,,,,17.578260869565216,33.313043478260866,,,,,,,,,
2018-06-14,,,,,17.747826086956522,33.29565217391304,,,,,,,,,
2018-06-15,,,,,17.883333333333333,33.208333333333336,,,,,,,,,
2018-06-16,,,,,18.04375,33.041666666666664,,,,,,,,,
2018-06-17,,,,,18.0,33.1,,,,,,,,,
2018-06-18,,,,,18.504347826086956,32.90217391304348,,,,,,,,,
2018-06-19,,,,,18.76875,32.75833333333333,,,,,,,,,
2018-06-20,,,,,19.071739130434782,32.5804347826087,,,,,,,,,
2018-06-21,,,,,19.479166666666668,32.5,,,,,,,,,
2018-06-22,,,,,19.727659574468085,32.41702127659574,,,,,,,,,
2018-06-23,,,,,19.966666666666665,32.295833333333334,,,,,,,,,
2018-06-24,,,,,20.266666666666666,32.1875,,,,,,,,,
2018-06-25,,,,,20.20212765957447,32.14042553191489,,,,,,,,,
2018-06-26,,,,,19.940425531914894,32.00851063829787,,,,,,,,,
2018-06-27,,,,,19.95531914893617,31.893617021276597,,,,,,,,,
2018-06-28,,,,,19.98125,31.289583333333336,,,,,,,,,
2018-06-29,,,,,19.633333333333333,31.24791666666667,,,,,,,,,
2018-06-30,,,,,19.122916666666665,30.631249999999998,,,,,,,,,
2018-07-01,,,,,19.40869565217391,29.256521739130434,,,,,,,,,
2018-07-02,,,,,20.03617021276596,28.087234042553188,,,,,,,,,
2018-07-03,,,,,19.604255319148937,27.487234042553194,,,,,,,,,
2018-07-04,,,,,19.93404255319149,26.570212765957447,,,,,,,,,
2018-07-05,,,,,20.347916666666666,25.71666666666667,,,,,,,,,
2018-07-06,,,,,20.412499999999998,24.804166666666664,,,,,,,,,
2018-07-07,,,,,20.587500000000002,24.152083333333334,,,,,,,,,
2018-07-08,,,,,20.693749999999998,24.79375,,,,,,,,,
2018-07-09,,,,,20.92340425531915,24.636170212765958,,,,,,,,,
2018-07-10,,,,,21.163829787234043,25.359574468085107,,,,,,,,,
2018-07-11,,,,,21.3125,26.577083333333334,,,,,,,,,
2018-07-12,,,,,21.414583333333336,26.87708333333333,,,,,,,,,
2018-07-13,,,,,21.395744680851063,27.76595744680851,,,,,,,,,
2018-07-14,,,,,21.34468085106383,28.508510638297874,,,,,,,,,
2018-07-15,,,,,21.370212765957447,28.587234042553188,,,,,,,,,
2018-07-16,,,,,21.293617021276596,28.180851063829788,,,,,,,,,
2018-07-17,,,,,21.29787234042553,28.185106382978724,,,,,,,,,
2018-07-18,,,,,20.9,28.7,,,,,,,,,
2018-07-19,,,,,22.119148936170212,28.129787234042553,,,,,,,,,
2018-07-20,,,,,22.52916666666667,27.354166666666668,,,,,,,,,
2018-07-21,,,,,22.670833333333334,26.849999999999998,,,,,,,,,
2018-07-22,,,,,23.583333333333332,27.068749999999998,,,,,,,,,
2018-07-23,,,,,24.37708333333333,26.2375,,,,,,,,,
2018-07-24,,,,,24.055319148936167,26.112765957446808,,,,,,,,,
2018-07-25,,,,,24.097916666666666,25.572916666666668,,,,,,,,,
2018-07-26,,,,,23.5,24.44255319148936,,,,,,,,,
2018-07-27,,,,,22.98125,27.118750000000002,,,,,,,,,
2018-07-28,,,,,22.374468085106383,25.948936170212765,,,,,,,,,
2018-07-29,,,,,22.18958333333333,25.289583333333336,,,,,,,,,
2018-07-30,,,,,22.09166666666667,25.552083333333332,,,,,,,,,
2018-07-31,,,,,23.352083333333336,25.59375,,,,,,,,,
2018-08-01,,,,,24.639583333333334,24.46875,,,,,,,,,
2018-08-02,,,,,25.329545454545453,29.231818181818184,,,,,,,,,
2018-08-03,,,,,25.943749999999998,33.014583333333334,,,,,,,,,
2018-08-04,,,,,26.070212765957447,32.82340425531915,,,,,,,,,
2018-08-05,,,,,26.43958333333333,32.983333333333334,,,,,,,,,
2018-08-06,,,,,26.433333333333334,32.8375,,,,,,,,,
2018-08-07,,,,,26.354347826086954,32.68260869565218,,,,,,,,,
2018-08-08,,,,,27.09130434782609,32.55,,,,,,,,,
2018-08-09,,,,,26.866666666666664,32.55416666666667,,,,,,,,,
2018-08-10,,,,,26.34166666666667,32.547916666666666,,,,,,,,,
2018-08-11,,,,,25.406521739130437,32.582608695652176,,,,,,,,,
2018-08-12,,,,,24.753191489361704,32.57021276595744,,,,,,,,,
2018-08-13,,,,,24.651063829787233,32.52340425531915,,,,,,,,,
2018-08-14,,,,,24.289361702127657,32.43191489361702,,,,,,,,,
2018-08-15,,,,,24.029787234042555,32.297872340425535,,,,,,,,,
2018-08-16,,,,,23.647916666666664,32.1375,,,,,,,,,
2018-08-17,,,,,22.814893617021276,32.06808510638298,,,,,,,,,
2018-08-18,,,,,24.0,31.8,,,,,,,,,
2018-08-19,,,,,25.472916666666666,31.370833333333334,,,,,,,,,
2018-08-20,,,,,26.055319148936167,31.217021276595744,,,,,,,,,
2018-08-21,,,,,26.29375,30.864583333333332,,,,,,,,,
2018-08-22,,,,,26.172916666666666,30.333333333333332,,,,,,,,,
2018-08-23,,,,,25.887234042553192,29.763829787234044,,,,,,,,,
2018-08-24,,,,,25.806250000000002,29.412499999999998,,,,,,,,,
2018-08-25,,,,,25.770833333333332,28.24791666666667,,,,,,,,,
2018-08-26,,,,,25.53125,27.152083333333334,,,,,,,,,
2018-08-27,,,,,25.174468085106383,26.34468085106383,,,,,,,,,
2018-08-28,,,,,25.06382978723404,25.059574468085106,,,,,,,,,
2018-08-29,,,,,24.746808510638296,23.272340425531915,,,,,,,,,
2018-08-30,,,,,24.704166666666666,22.20625,,,,,,,,,
2018-08-31,,,,,24.469565217391303,21.247826086956522,,,,,,,,,
2018-09-01,,,,,23.110416666666666,19.995833333333334,,,,,,,,,
2018-09-02,,,,,23.264583333333334,18.804166666666667,,,,,,,,,
2018-09-03,,,,,24.054166666666664,17.7625,,,,,,,,,
2018-09-04,,,,,24.320833333333336,16.777083333333334,,,,,,,,,
2018-09-05,,,,,24.085416666666664,15.845833333333333,,,,,,,,,
2018-09-06,,,,,23.72608695652174,14.941304347826087,,,,,,,,,
2018-09-07,,,,,23.18958333333333,14.285416666666668,,,,,,,,,
2018-09-08,,,,,22.03333333333333,13.972916666666668,,,,,,,,,
2018-09-09,,,,,20.474999999999998,13.916666666666666,,,,,,,,,
2018-09-10,,,,,19.541666666666668,13.847916666666668,,,,,,,,,
2018-09-11,,,,,19.23617021276596,13.725531914893617,,,,,,,,,
2018-09-12,,,,,19.625531914893617,13.706382978723402,,,,,,,,,
2018-09-13,,,,,19.87708333333333,13.924999999999999,,,,,,,,,
2018-09-14,,,,,20.04042553191489,14.348936170212765,,,,,,,,,
2018-09-15,,,,,20.304255319148936,14.702127659574469,,,,,,,,,
2018-09-16,,,,,20.939583333333335,14.864583333333334,,,,,,,,,
2018-09-17,,,,,21.566666666666666,14.866666666666667,,,,,,,,,
2018-09-18,,,,,21.7,14.9,,,,,,,,,
2018-09-19,,,,,21.645833333333332,15.554166666666667,,,,,,,,,
2018-09-20,,,,,21.55744680851064,15.74468085106383,,,,,,,,,
2018-09-21,,,,,21.34583333333333,16.122916666666665,,,,,,,,,
2018-09-22,,,,,21.41875,16.9,,,,,,,,,
2018-09-23,,,,,21.261702127659575,17.582978723404256,,,,,,,,,
2018-09-24,,,,,20.775000000000002,17.991666666666667,,,,,,,,,
2018-09-25,,,,,20.235416666666666,18.308333333333334,,,,,,,,,
2018-09-26,,,,,19.8,18.65625,,,,,,,,,
2018-09-27,,,,,19.67872340425532,18.836170212765957,,,,,,,,,
2018-09-28,,,,,19.754166666666666,18.941666666666666,,,,,,,,,
2018-09-29,,,,,19.829166666666666,18.760416666666668,,,,,,,,,
2018-09-30,,,,,19.914583333333333,18.870833333333334,,,,,,,,,
2020-01-01,,,,,,,,,,,,,,,
2020-01-02,,,,,,,,,,,,,,,
2020-01-03,,,,,,,,,,,,,,,
2020-01-04,,,,,,,,,,,,,,,
2020-01-05,,,,,,,,,,,,,,,
2020-01-06,,,4.404,268.28,13.464,20.476,,,,,,,,,
2020-01-07,,,6.7785714285714285,285.5238095238095,13.640476190476189,20.538095238095238,,,,,,,,,
2020-01-08,,,4.461290322580646,174.16129032258064,13.040625,21.03125,,,,,,,,,
2020-01-09,,,5.839583333333334,137.77083333333334,12.495833333333332,21.39375,,,,,,,,,
2020-01-10,,,4.845833333333333,150.91666666666666,12.491666666666667,21.472916666666666,,,,,,,,,
2020-01-11,,,5.572916666666667,129.375,12.418750000000001,20.662499999999998,,,,,,,,,
2020-01-12,,,5.2437499999999995,184.66666666666666,12.575000000000001,20.212500000000002,,,,,,,,,
2020-01-13,,,5.480434782608696,151.30434782608697,12.769565217391303,19.954347826086956,,,,,,,,,
2020-01-14,,,5.21875,226.16666666666666,13.129166666666668,19.789583333333333,,,,,,,,,
2020-01-15,,,4.472916666666666,214.22916666666666,13.314583333333333,19.854166666666668,,,,,,,,,
2020-01-16,,,4.417021276595745,240.3404255319149,13.593617021276595,19.72553191489362,,,,,,,,,
2020-01-17,,,4.354166666666667,266.6666666666667,13.614583333333334,19.6375,,,,,,,,,
2020-01-18,,,3.3666666666666667,225.02083333333334,13.435416666666667,20.1375,,,,,,,,,
2020-01-19,,,3.61875,151.66666666666666,12.995833333333332,20.058333333333334,,,,,,,,,
2020-01-20,,,3.1604166666666664,147.3125,12.799999999999999,19.64166666666667,,,,,,,,,
2020-01-21,,,4.827083333333333,258.875,12.827083333333334,19.539583333333333,,,,,,,,,
2020-01-22,,,3.929787234042553,231.19148936170214,13.155319148936169,19.621276595744682,,,,,,,,,
2020-01-23,,,6.145833333333333,214.0,13.122916666666667,19.720833333333335,,,,,,,,,
2020-01-24,,,5.14375,231.10416666666666,13.15625,19.635416666666668,,,,,,,,,
2020-01-25,,,4.341666666666667,214.04166666666666,13.46875,19.908333333333335,,,,,,,,,
2020-01-26,,,6.080851063829788,244.87234042553192,13.96808510638298,20.02127659574468,,,,,,,,,
2020-01-27,,,2.8,332.0,14.2,19.8,,,,,,,,,
2020-01-28,,,7.0562499999999995,150.89583333333334,13.047916666666666,24.79375,,,,,,,,,
2020-01-29,,,4.766666666666667,134.91666666666666,12.860416666666666,24.464583333333334,,,,,,,,,
2020-01-30,,,3.6425531914893616,173.25531914893617,13.02340425531915,24.104255319148937,,,,,,,,,
2020-01-31,,,3.829166666666667,155.8125,12.922916666666666,24.3125,,,,,,,,,
2020-02-01,,,4.3374999999999995,131.0625,12.9125,24.552083333333332,,,,,,,,,
2020-02-02,,,4.495833333333334,121.97916666666667,12.752083333333333,24.31041666666667,,,,,,,,,
2020-02-03,,,4.176595744680851,118.19148936170212,12.706382978723406,23.448936170212765,,,,,,,,,
2020-02-04,,,2.8489361702127662,185.17021276595744,12.597872340425532,22.659574468085108,,,,,,,,,
2020-02-05,,,4.1125,154.70833333333334,12.34375,22.275000000000002,,,,,,,,,
2020-02-06,,,3.6374999999999997,138.875,12.104166666666666,22.260416666666668,,,,,,,,,
2020-02-07,,,3.4510638297872336,207.31914893617022,12.24468085106383,21.80212765957447,,,,,,,,,
2020-02-08,,,5.808333333333334,156.52083333333334,12.060416666666667,21.229166666666668,,,,,,,,,
2020-02-09,,,5.125,221.10416666666666,12.552083333333334,20.966666666666665,,,,,,,,,
2020-02-10,,,5.070833333333334,184.25,12.65625,20.754166666666666,,,,,,,,,
2020-02-11,,,5.597872340425533,183.12765957446808,13.040425531914893,20.71063829787234,,,,,,,,,
2020-02-12,,,4.297872340425532,232.4468085106383,13.059574468085106,20.78510638297872,,,,,,,,,
2020-02-13,,,4.858333333333333,207.08333333333334,12.914583333333333,21.035416666666666,,,,,,,,,
2020-02-14,,,4.214583333333334,174.375,12.822916666666666,20.54791666666667,,,,,,,,,
2020-02-15,,,3.9270833333333335,150.02083333333334,12.956249999999999,20.40833333333333,,,,,,,,,
2020-02-16,,,5.28125,123.35416666666667,13.1,20.36875,,,,,,,,,
2020-02-17,,,5.397916666666667,138.20833333333334,12.666666666666666,20.252083333333335,,,,,,,,,
2020-02-18,,,6.960416666666667,149.0625,12.13125,20.697916666666668,,,,,,,,,
2020-02-19,,,3.814583333333333,157.89583333333334,11.831249999999999,21.079166666666666,,,,,,,,,
2020-02-20,,,2.966666666666667,177.39583333333334,12.022916666666667,20.60625,,,,,,,,,
2020-02-21,,,4.345833333333333,216.875,12.329166666666666,20.306250000000002,,,,,,,,,
2020-02-22,,,5.630434782608695,138.54347826086956,12.26086956521739,19.919565217391302,,,,,,,,,
2020-02-23,,,5.0,127.72916666666667,12.039583333333333,19.514583333333334,,,,,,,,,
2020-02-24,,,5.252083333333333,163.29166666666666,12.139583333333333,19.287499999999998,,,,,,,,,
2020-02-25,,,4.2749999999999995,186.54166666666666,12.174999999999999,19.164583333333333,,,,,,,,,
2020-02-26,,,4.979166666666667,158.83333333333334,12.147916666666667,18.979166666666668,,,,,,,,,
2020-02-27,,,5.9,188.0,12.2,18.9,,,,,,,,,
2020-02-28,,,5.1875,137.60416666666666,12.022916666666667,18.929166666666664,,,,,,,,,
2020-02-29,,,5.312765957446809,128.3404255319149,12.131914893617022,18.861702127659573,,,,,,,,,
2020-03-01,,,4.347916666666666,126.58333333333333,12.262500000000001,18.85833333333333,,,,,,,,,
2020-03-02,,,5.502173913043478,123.54347826086956,12.458695652173914,18.97826086956522,,,,,,,,,
2020-03-03,,,3.5895833333333336,120.20833333333333,12.310416666666667,18.7375,,,,,,,,,
2020-03-04,,,5.470833333333334,127.8125,12.44375,18.660416666666666,,,,,,,,,
2020-03-05,,,6.938297872340426,138.19148936170214,12.282978723404254,18.429787234042553,,,,,,,,,
2020-03-06,,,4.345833333333333,149.1875,12.310416666666667,18.506249999999998,,,,,,,,,
2020-03-07,,,3.8625000000000003,184.45833333333334,12.366666666666667,18.575,,,,,,,,,
2020-03-08,,,4.782978723404256,185.36170212765958,12.417021276595746,18.112765957446808,,,,,,,,,
2020-03-09,,,4.841666666666667,184.625,12.397916666666667,17.791666666666668,,,,,,,,,
2020-03-10,,,6.476595744680851,183.25531914893617,12.517021276595743,17.72127659574468,,,,,,,,,
2020-03-11,,,6.653191489361702,141.82978723404256,12.57872340425532,18.061702127659576,,,,,,,,,
2020-03-12,,,6.623684210526315,124.21052631578948,12.73157894736842,18.028947368421054,,,,,,,,,
2020-03-13,,,3.6770833333333335,176.9375,12.914583333333333,18.297916666666666,,,,,,,,,
2020-03-14,,,6.660869565217391,122.67391304347827,12.81304347826087,18.9,,,,,,,,,
2020-03-15,,,6.20625,123.25,12.733333333333334,19.452083333333334,,,,,,,,,
2020-03-16,,,5.408333333333334,141.9375,12.635416666666666,19.697916666666668,,,,,,,,,
2020-03-17,,,4.427083333333333,133.79166666666666,12.514583333333334,20.212500000000002,,,,,,,,,
2020-03-18,,,3.060416666666667,151.27083333333334,12.674999999999999,20.647916666666667,,,,,,,,,
2020-03-19,,,5.885106382978724,129.40425531914894,12.774468085106383,21.01489361702128,,,,,,,,,
2020-03-20,,,4.685416666666667,116.3125,12.75625,21.660416666666666,,,,,,,,,
2020-03-21,,,4.264583333333333,131.16666666666666,12.760416666666666,22.120833333333334,,,,,,,,,
2020-03-22,,,4.5125,217.9375,12.891666666666667,22.618750000000002,,,,,,,,,
2020-03-23,,,5.8374999999999995,138.0625,13.106250000000001,22.93958333333333,,,,,,,,,
2020-03-24,,,4.185106382978723,211.0,13.208510638297872,23.336170212765957,,,,,,,,,
2020-03-25,,,4.408510638297872,180.29787234042553,13.45531914893617,23.47446808510638,,,,,,,,,
2020-03-26,,,3.5041666666666664,172.4375,13.458333333333334,23.59166666666667,,,,,,,,,
2020-03-27,,,4.991489361702127,195.59574468085106,13.540425531914893,23.995744680851065,,,,,,,,,
2020-03-28,,,4.377083333333333,156.25,13.40625,24.106250000000003,,,,,,,,,
2020-03-29,,,4.3,160.0,13.3,24.1,,,,,,,,,
2020-03-30,,,3.5583333333333336,148.41666666666666,13.416666666666666,24.46875,,,,,,,,,
2020-03-31,,,3.829166666666667,156.75,13.525,24.483333333333334,,,,,,,,,
2020-04-01,,,3.86875,171.91666666666666,13.691666666666665,24.3875,,,,,,,,,
2020-04-02,,,3.1999999999999997,185.25,13.768749999999999,24.402083333333334,,,,,,,,,
2020-04-03,,,3.4958333333333336,152.625,13.85,24.354166666666668,,,,,,,,,
2020-04-04,,,4.1312500000000005,177.58333333333334,13.904166666666667,24.125,,,,,,,,,
2020-04-05,,,4.127083333333333,150.4375,13.920833333333334,24.270833333333332,,,,,,,,,
2020-04-06,,,4.710416666666666,172.6875,13.985416666666666,24.349999999999998,,,,,,,,,
2020-04-07,,,5.672916666666667,139.1875,14.016666666666666,24.389583333333334,,,,,,,,,
2020-04-08,,,6.683333333333334,125.5,14.035416666666668,24.40625,,,,,,,,,
2020-04-09,,,5.9750000000000005,170.08333333333334,14.008333333333333,24.35625,,,,,,,,,
2020-04-10,,,4.414583333333334,151.75,13.783333333333333,24.322916666666668,,,,,,,,,
2020-04-11,,,5.480851063829788,164.10638297872342,13.780851063829788,24.412765957446805,,,,,,,,,
2020-04-12,,,3.8520833333333333,215.9375,13.612499999999999,24.597916666666666,,,,,,,,,
2020-04-13,,,5.747916666666666,173.97916666666666,13.491666666666667,24.91875,,,,,,,,,
2020-04-14,,,4.816666666666666,160.45833333333334,13.56875,25.333333333333332,,,,,,,,,
2020-04-15,,,3.525,155.8125,13.729166666666666,25.29375,,,,,,,,,
2020-04-16,,,3.608333333333333,230.89583333333334,13.768749999999999,25.197916666666668,,,,,,,,,
2020-04-17,,,3.5680851063829784,202.91489361702128,13.804255319148938,25.02127659574468,,,,,,,,,
2020-04-18,,,4.802083333333333,186.75,14.027083333333332,24.931250000000002,,,,,,,,,
2020-04-19,,,4.585416666666666,180.10416666666666,14.060416666666667,24.841666666666665,,,,,,,,,
2020-04-20,,,5.916666666666667,164.54166666666666,14.231250000000001,24.472916666666666,,,,,,,,,
2020-04-21,,,8.497916666666667,156.1875,14.358333333333334,24.23125,,,,,,,,,
2020-04-22,,,7.0687500000000005,132.97916666666666,14.145833333333334,24.06041666666667,,,,,,,,,
2020-04-23,,,6.780851063829787,118.23404255319149,13.938297872340426,24.136170212765958,,,,,,,,,
2020-04-24,,,6.166666666666667,106.5,13.86875,24.99791666666667,,,,,,,,,
2020-04-25,,,3.50625,178.70833333333334,13.883333333333333,25.02916666666667,,,,,,,,,
2020-04-26,,,3.497916666666667,184.35416666666666,14.110416666666666,24.583333333333332,,,,,,,,,
2020-04-27,,,5.735,127.05,14.28780487804878,24.35853658536585,,,,,,,,,
2020-04-28,,,4.559090909090909,183.2888888888889,14.342222222222222,24.20888888888889,,,,,,,,,
2020-04-29,,,,,,,,,,,,,,,
2020-04-30,,,4.435416666666667,138.14583333333334,14.637500000000001,24.73125,,,,,,,,,
2020-05-01,,,5.0,132.77083333333334,15.008333333333333,24.879166666666666,,,,,,,,,
2020-05-02,,,3.56875,178.75,15.370833333333332,24.972916666666666,,,,,,,,,
2020-05-03,,,20.230232558139534,177.3404255319149,15.263829787234043,25.085106382978722,,,,,,,,,
2020-05-04,,,88.20909090909092,175.29787234042553,15.491489361702127,24.880851063829784,,,,,,,,,
2020-05-05,,,150.2829268292683,214.91666666666666,15.552083333333334,25.068749999999998,,,,,,,,,
2020-05-06,,,153.4,234.39583333333334,15.452083333333334,24.791666666666668,,,,,,,,,
2020-05-07,,,90.18958333333335,147.58333333333334,15.491666666666667,24.50208333333333,,,,,,,,,
2020-05-08,,,106.43235294117646,98.68571428571428,15.647058823529411,28.652941176470588,,,,,,,,,
2020-05-09,,,,,,,,,,,,,,,
2020-05-10,,,,,,,,,,,,,,,
2020-05-11,,,,,,,,,,,,,,,
2020-05-12,,,,,,,,,,,,,,,
2020-05-13,,,6.782608695652174,140.34782608695653,15.568181818181818,33.845454545454544,,,,,,,,,
2020-05-14,,,4.8875,149.79166666666666,15.652083333333332,33.88125,,,,,,,,,
2020-05-15,,,4.240425531914894,183.04255319148936,15.559574468085106,33.91276595744681,,,,,,,,,
2020-05-16,,,4.70625,158.91666666666666,15.722916666666668,33.82083333333333,,,,,,,,,
2020-05-17,,,4.3500000000000005,161.39583333333334,16.056250000000002,33.80625,,,,,,,,,
2020-05-18,,,3.891666666666666,152.5625,16.014583333333334,33.80625,,,,,,,,,
2020-05-19,,,6.317021276595744,142.40425531914894,15.853191489361702,33.797872340425535,,,,,,,,,
2020-05-20,,,4.785106382978723,159.5744680851064,15.67659574468085,33.88936170212766,,,,,,,,,
2020-05-21,,,5.3125,165.16666666666666,15.747916666666667,33.82708333333333,,,,,,,,,
2020-05-22,,,2.2333333333333334,203.38888888888889,15.711111111111112,33.8,,,,,,,,,
2020-05-23,,,,,,,,,,,,,,,
2020-05-24,,,,,,,,,,,,,,,
2020-05-25,,,3.6277777777777778,188.66666666666666,16.064705882352943,33.811764705882354,,,,,,,,,
2020-05-26,,,3.2851063829787237,162.61702127659575,16.117021276595743,33.82340425531915,,,,,,,,,
2020-05-27,,,3.079166666666667,141.70833333333334,16.1875,33.83541666666667,,,,,,,,,
2020-05-28,,,3.1333333333333333,158.91666666666666,16.339583333333334,33.84791666666666,,,,,,,,,
2020-05-29,,,3.963829787234043,152.48936170212767,16.591489361702127,33.8468085106383,,,,,,,,,
2020-05-30,,,4.9,29.0,16.5,33.8,,,,,,,,,
2020-05-31,,,2.558333333333333,146.625,16.912499999999998,33.80833333333333,,,,,,,,,
2020-06-01,,,3.422916666666667,203.72916666666666,17.1125,33.770833333333336,,,,,,,,,
2020-06-02,,,3.9625,161.0625,16.958333333333332,33.793749999999996,,,,,,,,,
2020-06-03,,,3.8166666666666664,199.29166666666666,16.900000000000002,33.79583333333333,,,,,,,,,
2020-06-04,,,2.970833333333333,185.47916666666666,16.939583333333335,33.81666666666666,,,,,,,,,
2020-06-05,,,3.2083333333333335,205.60416666666666,17.037499999999998,33.760416666666664,,,,,,,,,
2020-06-06,,,3.8851063829787233,146.4468085106383,17.038297872340426,33.72127659574468,,,,,,,,,
2020-06-07,,,5.3687499999999995,205.64583333333334,17.222916666666666,33.61875,,,,,,,,,
2020-06-08,,,3.6875,218.4375,17.583333333333332,33.391666666666666,,,,,,,,,
2020-06-09,,,3.4562500000000003,203.91666666666666,17.8875,33.143750000000004,,,,,,,,,
2020-06-10,,,3.314583333333333,188.9375,18.09375,32.8625,,,,,,,,,
2020-06-11,,,2.810416666666667,204.1875,18.21875,32.324999999999996,,,,,,,,,
2020-06-12,,,3.514583333333333,188.22916666666666,18.175,31.666666666666668,,,,,,,,,
2020-06-13,,,3.502127659574468,153.61702127659575,18.24468085106383,30.472340425531915,,,,,,,,,
2020-06-14,,,3.5063829787234044,204.95744680851064,17.927659574468084,29.01063829787234,,,,,,,,,
2020-06-15,,,4.1617021276595745,170.4255319148936,17.653191489361703,27.368085106382978,,,,,,,,,
2020-06-16,,,3.408333333333333,163.39583333333334,17.743750000000002,25.045833333333334,,,,,,,,,
2020-06-17,,,3.266666666666667,167.64583333333334,18.339583333333334,22.477083333333336,,,,,,,,,
2020-06-18,,,4.083333333333333,128.85416666666666,18.260416666666668,19.597916666666666,,,,,,,,,
2020-06-19,,,6.3187500000000005,153.0625,18.572916666666668,17.520833333333332,,,,,,,,,
2020-06-20,,,6.822916666666667,103.39583333333333,19.152083333333334,15.466666666666667,,,,,,,,,
2020-06-21,,,4.558333333333334,188.16666666666666,19.408333333333335,14.700000000000001,,,,,,,,,
2020-06-22,,,3.9250000000000003,196.6875,19.802083333333332,14.4125,,,,,,,,,
2020-06-23,,,3.8,189.0212765957447,20.08936170212766,14.07872340425532,,,,,,,,,
2020-06-24,,,3.8562499999999997,198.625,19.7625,14.052083333333334,,,,,,,,,
2020-06-25,,,4.987234042553192,189.4468085106383,19.42127659574468,15.395744680851065,,,,,,,,,
2020-06-26,,,4.4375,174.95833333333334,19.035416666666666,15.852083333333333,,,,,,,,,
2020-06-27,,,3.4812499999999997,178.04166666666666,18.583333333333332,15.752083333333333,,,,,,,,,
2020-06-28,,,2.952083333333333,179.6875,18.400000000000002,15.491666666666667,,,,,,,,,
2020-06-29,,,3.266666666666667,187.3125,18.791666666666668,15.110416666666666,,,,,,,,,
2020-06-30,,,9.4,12.0,18.9,15.0,,,,,,,,,
2020-07-01,,,4.277083333333334,194.20833333333334,18.308333333333334,14.168750000000001,,,,,,,,,
2020-07-02,,,3.5395833333333333,153.58333333333334,18.1125,14.36875,,,,,,,,,
2020-07-03,,,3.5729166666666665,162.27083333333334,18.0625,14.637500000000001,,,,,,,,,
2020-07-04,,,3.4145833333333333,149.5,18.002083333333335,14.966666666666667,,,,,,,,,
2020-07-05,,,2.99375,185.60416666666666,18.2,15.260416666666666,,,,,,,,,
2020-07-06,,,2.472916666666667,164.97916666666666,18.483333333333334,15.864583333333334,,,,,,,,,
2020-07-07,,,3.3562499999999997,201.08333333333334,18.652083333333334,16.583333333333332,,,,,,,,,
2020-07-08,,,2.2979166666666666,177.54166666666666,18.4375,17.068749999999998,,,,,,,,,
2020-07-09,,,2.8340425531914892,156.2127659574468,18.472340425531915,17.306382978723402,,,,,,,,,
2020-07-10,,,2.2916666666666665,158.1875,18.585416666666667,17.760416666666668,,,,,,,,,
2020-07-11,,,2.568085106382979,174.5744680851064,18.623404255319148,18.66595744680851,,,,,,,,,
2020-07-12,,,2.8851063829787233,144.91489361702128,18.83191489361702,20.602127659574467,,,,,,,,,
2020-07-13,,,2.620833333333333,171.75,18.870833333333334,21.056250000000002,,,,,,,,,
2020-07-14,,,2.6,183.85416666666666,19.0125,21.193749999999998,,,,,,,,,
2020-07-15,,,2.7083333333333335,147.04166666666666,19.485416666666666,21.202083333333334,,,,,,,,,
2020-07-16,,,4.261702127659575,144.4375,20.060416666666665,26.041666666666668,,,,,,,,,
2020-07-17,,,5.28695652173913,142.08333333333334,20.372916666666665,30.483333333333334,,,,,,,,,
2020-07-18,,,4.75,175.6086956521739,20.656521739130437,30.680434782608696,,,,,,,,,
2020-07-19,,,5.925531914893617,173.9787234042553,20.672340425531914,30.98936170212766,,,,,,,,,
2020-07-20,,,7.183333333333334,175.04166666666666,21.010416666666668,31.29375,,,,,,,,,
2020-07-21,,,10.072916666666666,162.45833333333334,20.35625,31.772916666666664,,,,,,,,,
2020-07-22,,,7.1499999999999995,163.375,19.575,31.64375,,,,,,,,,
2020-07-23,,,9.160416666666666,188.0,19.539583333333333,30.879166666666666,,,,,,,,,
2020-07-24,,,9.395833333333334,197.39583333333334,19.783333333333335,29.183333333333334,,,,,,,,,
2020-07-25,,,8.793750000000001,173.35416666666666,19.070833333333333,30.06458333333333,,,,,,,,,
2020-07-26,,,10.197826086956523,168.0,18.195652173913043,30.732608695652175,,,,,,,,,
2020-07-27,,,8.808333333333334,163.5625,18.066666666666666,30.789583333333336,,,,,,,,,
2020-07-28,,,4.8255319148936175,147.08510638297872,18.661702127659574,29.48936170212766,,,,,,,,,
2020-07-29,,,4.916666666666667,182.16666666666666,18.825,29.666666666666668,,,,,,,,,
2020-07-30,,,5.908333333333334,178.04166666666666,19.6375,29.68541666666667,,,,,,,,,
2020-07-31,,,2.8,29.0,19.5,29.3,,,,,,,,,
2020-08-01,,,7.7875000000000005,173.39583333333334,19.529166666666665,29.608333333333334,,,,,,,,,
2020-08-02,,,11.450000000000001,157.4375,19.349999999999998,29.754166666666666,,,,,,,,,
2020-08-03,,,11.802083333333334,157.35416666666666,19.266666666666666,29.15416666666667,,,,,,,,,
2020-08-04,,,11.164583333333333,164.14583333333334,18.754166666666666,28.6125,,,,,,,,,
2020-08-05,,,10.025,172.0625,18.683333333333334,27.827083333333334,,,,,,,,,
2020-08-06,,,10.470833333333333,178.72916666666666,18.583333333333332,26.202083333333334,,,,,,,,,
2020-08-07,,,8.704166666666667,164.79166666666666,17.73125,24.208333333333332,,,,,,,,,
2020-08-08,,,11.354166666666666,170.47916666666666,17.514583333333334,20.902083333333334,,,,,,,,,
2020-08-09,,,9.362499999999999,181.02083333333334,17.704166666666666,19.279166666666665,,,,,,,,,
2020-08-10,,,10.291666666666666,158.14583333333334,17.775000000000002,18.295833333333334,,,,,,,,,
2020-08-11,,,7.585416666666667,188.875,18.099999999999998,16.858333333333334,,,,,,,,,
2020-08-12,,,9.435416666666667,161.33333333333334,17.064583333333335,17.220833333333335,,,,,,,,,
2020-08-13,,,8.456249999999999,168.02083333333334,17.222916666666666,17.958333333333332,,,,,,,,,
2020-08-14,,,9.685416666666667,165.5625,17.360416666666666,18.21875,,,,,,,,,
2020-08-15,,,8.902083333333334,163.72916666666666,16.616666666666667,18.766666666666666,,,,,,,,,
2020-08-16,,,5.466666666666666,171.5,16.087500000000002,19.766666666666666,,,,,,,,,
2020-08-17,,,6.260416666666667,162.77083333333334,16.297916666666666,20.916666666666668,,,,,,,,,
2020-08-18,,,7.679166666666667,153.77083333333334,17.077083333333334,21.78125,,,,,,,,,
2020-08-19,,,10.470833333333333,143.8125,17.522916666666667,22.422916666666666,,,,,,,,,
2020-08-20,,,8.6875,150.89583333333334,18.181250000000002,23.058333333333334,,,,,,,,,
2020-08-21,,,9.28695652173913,134.67391304347825,20.045652173913044,23.76086956521739,,,,,,,,,
2020-08-22,,,8.741666666666667,113.70833333333333,21.452083333333334,23.99791666666667,,,,,,,,,
2020-08-23,,,5.395833333333333,156.04166666666666,22.597916666666666,25.041666666666668,,,,,,,,,
2020-08-24,,,6.05,177.79166666666666,22.84375,26.041666666666668,,,,,,,,,
2020-08-25,,,4.7437499999999995,167.0625,23.239583333333332,26.760416666666668,,,,,,,,,
2020-08-26,,,5.45625,162.66666666666666,23.8875,26.58125,,,,,,,,,
2020-08-27,,,4.43404255319149,176.72340425531914,24.214893617021275,26.238297872340425,,,,,,,,,
2020-08-28,,,3.7361702127659573,162.08510638297872,23.4468085106383,27.52127659574468,,,,,,,,,
2020-08-29,,,4.247916666666667,166.16666666666666,22.914583333333336,28.160416666666666,,,,,,,,,
2020-08-30,,,4.622916666666667,170.91666666666666,22.410416666666666,28.454166666666666,,,,,,,,,
2020-08-31,,,2.9,45.0,23.2,28.6,,,,,,,,,
2020-09-01,,,4.945833333333334,183.41666666666666,25.25208333333333,27.870833333333334,,,,,,,,,
2020-09-02,,,3.4875000000000003,241.39583333333334,26.48125,27.604166666666668,,,,,,,,,
2020-09-03,,,11.060416666666667,191.10416666666666,26.3625,27.816666666666666,,,,,,,,,
2020-09-04,,,9.958333333333334,172.5625,24.083333333333332,27.900000000000002,,,,,,,,,
2020-09-05,,,7.8687499999999995,185.4375,21.339583333333334,27.76875,,,,,,,,,
2020-09-06,,,6.079166666666667,127.25,21.035416666666666,26.729166666666668,,,,,,,,,
2020-09-07,,,7.9624999999999995,196.375,21.59166666666667,26.18958333333333,,,,,,,,,
2020-09-08,,,6.647916666666667,181.625,21.462500000000002,25.599999999999998,,,,,,,,,
2020-09-09,,,8.729166666666666,160.47916666666666,21.085416666666667,25.068749999999998,,,,,,,,,
2020-09-10,,,4.214583333333334,160.27083333333334,20.849999999999998,24.4375,,,,,,,,,
2020-09-11,,,5.3625,153.75,21.125,23.504166666666666,,,,,,,,,
2020-09-12,,,3.6333333333333333,137.47916666666666,21.870833333333334,22.697916666666668,,,,,,,,,
2020-09-13,,,3.09375,186.3125,21.983333333333334,24.004166666666666,,,,,,,,,
2020-09-14,,,3.5666666666666664,136.75,22.43541666666667,25.102083333333336,,,,,,,,,
2020-09-15,,,3.15625,185.4375,22.614583333333332,24.506249999999998,,,,,,,,,
2020-09-16,,,3.7395833333333335,151.54166666666666,22.895833333333332,23.53125,,,,,,,,,
2020-09-17,,,5.214583333333334,166.58333333333334,22.785416666666666,22.072916666666668,,,,,,,,,
2020-09-18,,,7.108333333333333,173.14583333333334,22.43958333333333,21.320833333333333,,,,,,,,,
2020-09-19,,,5.45,164.47916666666666,22.145833333333332,20.464583333333334,,,,,,,,,
2020-09-20,,,6.020833333333333,171.5625,21.78333333333333,19.758333333333333,,,,,,,,,
2020-09-21,,,4.32127659574468,161.38297872340425,21.44255319148936,18.48085106382979,,,,,,,,,
2020-09-22,,,3.689583333333333,130.20833333333334,21.506249999999998,18.056250000000002,,,,,,,,,
2020-09-23,,,3.3395833333333336,161.91666666666666,21.35625,17.408333333333335,,,,,,,,,
2020-09-24,,,2.872916666666667,141.5625,21.59166666666667,16.260416666666668,,,,,,,,,
2020-09-25,,,2.5208333333333335,152.4375,21.610416666666666,16.23125,,,,,,,,,
2020-09-26,,,2.8375,206.20833333333334,21.570833333333336,16.602083333333333,,,,,,,,,
2020-09-27,,,3.939583333333333,175.08333333333334,21.614583333333332,16.797916666666666,,,,,,,,,
2020-09-28,,,2.716666666666667,205.875,21.547916666666666,16.29375,,,,,,,,,
2020-09-29,,,2.80625,176.39583333333334,21.587500000000002,16.6125,,,,,,,,,
2020-09-30,,,5.241666666666666,109.25,21.791666666666668,16.4375,,,,,,,,,
2020-10-01,,,3.8,153.0,21.9,16.4,,,,,,,,,
2020-10-02,,,3.529166666666667,169.9375,22.175,16.139583333333334,,,,,,,,,
2020-10-03,,,4.170833333333333,180.83333333333334,22.260416666666668,15.764583333333334,,,,,,,,,
2020-10-04,,,5.6,171.95744680851064,22.289361702127657,15.948936170212766,,,,,,,,,
2020-10-05,,,5.091666666666667,172.52083333333334,21.704166666666666,16.039583333333333,,,,,,,,,
2020-10-06,,,3.71875,140.8125,21.318749999999998,16.004166666666666,,,,,,,,,
2020-10-07,,,3.014583333333333,153.52083333333334,21.139583333333334,16.06875,,,,,,,,,
2020-10-08,,,5.214583333333334,291.5,21.010416666666668,15.581249999999999,,,,,,,,,
2020-10-09,,,7.022916666666667,276.7916666666667,20.772916666666667,15.924999999999999,,,,,,,,,
2020-10-10,,,5.739583333333333,289.0,20.75,16.445833333333333,,,,,,,,,
2020-10-11,,,2.374468085106383,166.5744680851064,20.687234042553193,16.304255319148936,,,,,,,,,
2020-10-12,,,1.91875,138.41666666666666,20.677083333333332,16.41875,,,,,,,,,
2020-10-13,,,2.7893617021276595,133.85106382978722,20.78936170212766,16.582978723404256,,,,,,,,,
2020-10-14,,,3.442553191489362,174.36170212765958,20.53404255319149,16.72553191489362,,,,,,,,,
2020-10-15,,,4.165957446808511,163.7659574468085,20.50851063829787,16.863829787234042,,,,,,,,,
2020-10-16,,,4.514583333333333,170.08333333333334,20.439583333333335,17.004166666666666,,,,,,,,,
2020-10-17,,,4.1187499999999995,170.91666666666666,20.227083333333333,17.175,,,,,,,,,
2020-10-18,,,4.108510638297872,169.95744680851064,20.119148936170212,17.28723404255319,,,,,,,,,
2020-10-19,,,3.3958333333333335,165.72916666666666,20.0625,17.36875,,,,,,,,,
2020-10-20,,,3.327083333333333,175.04166666666666,19.991666666666667,17.497916666666665,,,,,,,,,
2020-10-21,,,3.608333333333333,167.95833333333334,19.8875,17.616666666666667,,,,,,,,,
2020-10-22,,,3.96875,164.52083333333334,19.79375,17.585416666666667,,,,,,,,,
2020-10-23,,,3.7687500000000003,165.27083333333334,19.377083333333335,17.650000000000002,,,,,,,,,
2020-10-24,,,3.064583333333333,203.16666666666666,18.9625,17.927083333333332,,,,,,,,,
2020-10-25,,,3.779166666666667,182.22916666666666,18.7625,18.10625,,,,,,,,,
2020-10-26,,,3.404166666666667,172.375,18.810416666666665,18.108333333333334,,,,,,,,,
2020-10-27,,,3.778723404255319,174.36170212765958,18.82340425531915,18.22340425531915,,,,,,,,,
2020-10-28,,,3.453191489361702,176.70212765957447,18.827659574468086,18.129787234042553,,,,,,,,,
2020-10-29,,,3.3312500000000003,177.33333333333334,18.6375,18.075,,,,,,,,,
2020-10-30,,,3.091666666666667,167.75,18.55,18.224999999999998,,,,,,,,,
2020-10-31,,,3.428260869565217,151.30434782608697,18.54782608695652,18.363043478260867,,,,,,,,,
2020-11-01,,,3.7,240.0,18.6,18.4,,,,,,,,,
2020-11-02,,,3.78125,167.08333333333334,18.443749999999998,18.2,,,,,,,,,
2020-11-03,,,3.975,180.125,18.154166666666665,18.158333333333335,,,,,,,,,
2020-11-04,,,3.975,171.27083333333334,17.597916666666666,18.127083333333335,,,,,,,,,
2020-11-05,,,3.0229166666666667,167.79166666666666,17.29791666666667,18.108333333333334,,,,,,,,,
2020-11-06,,,5.175,161.77083333333334,17.252083333333335,18.039583333333333,,,,,,,,,
2020-11-07,,,4.083333333333333,184.64583333333334,17.404166666666665,17.941666666666666,,,,,,,,,
2020-11-08,,,4.057777777777778,195.42222222222222,17.246666666666666,22.622222222222224,,,,,,,,,
2020-11-09,,,5.147916666666666,159.72916666666666,16.783333333333335,33.177083333333336,,,,,,,,,
2020-11-10,,,3.7083333333333335,157.125,16.629166666666666,33.081250000000004,,,,,,,,,
2020-11-11,,,3.4875000000000003,140.66666666666666,16.616666666666667,33.06666666666667,,,,,,,,,
2020-11-12,,,3.435416666666667,106.85416666666667,16.7375,33.03541666666667,,,,,,,,,
2020-11-13,,,4.060416666666667,164.58333333333334,16.695833333333333,32.983333333333334,,,,,,,,,
2020-11-14,,,3.8937500000000003,156.66666666666666,16.708333333333332,33.00416666666667,,,,,,,,,
2020-11-15,,,4.36875,165.22916666666666,16.724999999999998,33.016666666666666,,,,,,,,,
2020-11-16,,,3.99375,167.20833333333334,16.714583333333334,33.06666666666667,,,,,,,,,
2020-11-17,,,4.15625,159.39583333333334,16.720833333333335,33.11875,,,,,,,,,
2020-11-18,,,3.6020833333333333,165.0625,16.735416666666666,33.18958333333334,,,,,,,,,
2020-11-19,,,4.522916666666666,180.625,16.883333333333333,33.09375,,,,,,,,,
2020-11-20,,,7.841304347826087,159.41304347826087,16.669565217391302,32.99782608695652,,,,,,,,,
2020-11-21,,,5.3255319148936175,147.46808510638297,16.129787234042553,33.193617021276594,,,,,,,,,
2020-11-22,,,4.441666666666666,155.70833333333334,15.864583333333334,33.34583333333333,,,,,,,,,
2020-11-23,,,5.210416666666666,154.60416666666666,15.56875,33.36666666666667,,,,,,,,,
2020-11-24,,,3.1041666666666665,153.72916666666666,15.350000000000001,33.30208333333333,,,,,,,,,
2020-11-25,,,3.297916666666667,164.64583333333334,15.30625,33.202083333333334,,,,,,,,,
2020-11-26,,,3.545833333333333,162.52083333333334,15.247916666666667,33.06875,,,,,,,,,
2020-11-27,,,3.1916666666666664,133.375,15.200000000000001,32.90416666666666,,,,,,,,,
2020-11-28,,,5.859574468085106,137.36170212765958,14.751063829787233,32.81702127659574,,,,,,,,,
2020-11-29,,,4.75,135.4375,14.456249999999999,32.74583333333333,,,,,,,,,
2020-11-30,,,4.214583333333334,155.27083333333334,14.2875,32.581250000000004,,,,,,,,,
2020-12-01,,,4.0625,199.60416666666666,14.702083333333334,32.43541666666666,,,,,,,,,
2020-12-02,,,2.2,93.0,14.9,32.3,,,,,,,,,
2020-12-03,,,3.125,179.66666666666666,14.222916666666668,31.912499999999998,,,,,,,,,
2020-12-04,,,2.858333333333333,199.4375,14.127083333333333,31.670833333333334,,,,,,,,,
2020-12-05,,,2.6395833333333334,215.6875,14.168750000000001,31.372916666666665,,,,,,,,,
2020-12-06,,,2.35,256.25,14.185416666666667,31.03333333333333,,,,,,,,,
2020-12-07,,,2.8717391304347823,175.15217391304347,14.021739130434783,30.76304347826087,,,,,,,,,
2020-12-08,,,2.6595744680851063,166.29787234042553,13.561702127659574,30.336170212765957,,,,,,,,,
2020-12-09,,,2.6791666666666667,176.85416666666666,13.627083333333333,30.10625,,,,,,,,,
2020-12-10,,,3.1666666666666665,172.0625,13.820833333333333,29.620833333333334,,,,,,,,,
2020-12-11,,,3.4127659574468088,128.04255319148936,13.408510638297873,29.102127659574467,,,,,,,,,
2020-12-12,,,3.1145833333333335,142.52083333333334,13.2875,28.4875,,,,,,,,,
2020-12-13,,,3.1062499999999997,188.4375,13.204166666666666,27.697916666666668,,,,,,,,,
2020-12-14,,,4.90625,176.70833333333334,12.7875,27.212500000000002,,,,,,,,,
2020-12-15,,,4.495833333333334,161.29166666666666,12.725,26.983333333333334,,,,,,,,,
2020-12-16,,,3.610416666666667,155.47916666666666,12.595833333333333,25.335416666666664,,,,,,,,,
2020-12-17,,,4.495833333333334,142.25,12.268749999999999,24.714583333333334,,,,,,,,,
2020-12-18,,,4.145833333333333,166.35416666666666,12.947916666666666,24.510416666666668,,,,,,,,,
2020-12-19,,,3.704166666666667,156.60416666666666,12.606250000000001,23.631249999999998,,,,,,,,,
2020-12-20,,,3.9875000000000003,233.6875,12.733333333333334,23.589583333333334,,,,,,,,,
2020-12-21,,,4.527659574468085,185.48936170212767,12.685106382978724,24.857446808510637,,,,,,,,,
2020-12-22,,,4.029166666666667,221.29166666666666,13.045833333333334,24.75,,,,,,,,,
2020-12-23,,,4.214583333333334,220.41666666666666,13.202083333333334,24.745833333333334,,,,,,,,,
2020-12-24,,,2.5437499999999997,182.3125,13.429166666666667,24.772916666666664,,,,,,,,,
2020-12-25,,,2.5729166666666665,122.08333333333333,13.325000000000001,24.816666666666666,,,,,,,,,
2020-12-26,,,3.1374999999999997,235.04166666666666,13.206249999999999,24.93958333333333,,,,,,,,,
2020-12-27,,,4.322916666666667,263.5208333333333,13.125,25.141666666666666,,,,,,,,,
2020-12-28,,,3.5,206.20833333333334,13.09375,25.920833333333334,,,,,,,,,
2020-12-29,,,4.845833333333333,230.125,13.585416666666667,26.5,,,,,,,,,
2020-12-30,,,5.022916666666666,174.89583333333334,12.74375,26.462500000000002,,,,,,,,,
2020-12-31,,,5.29375,142.3125,12.422916666666666,26.8875,,,,,,,,,
2021-07-01,,,8.601388888888888,219.28472222222223,22.669444444444444,29.974305555555556,,,,,,,,,
2021-07-02,,,8.822916666666666,175.17361111111111,23.19375,29.490972222222222,,,,,,,,,
2021-07-03,,,7.8069444444444445,145.52777777777777,23.54652777777778,29.03472222222222,,,,,,,,,
2021-07-04,,,8.424305555555556,185.54166666666666,23.619444444444444,28.636805555555554,,,,,,,,,
2021-07-05,,,19.091666666666665,161.92361111111111,22.47152777777778,27.82986111111111,,,,,,,,,
2021-07-06,,,65.92291666666667,145.35416666666666,21.296527777777776,27.40347222222222,,,,,,,,,
2021-07-07,,,11.3,134.0,20.8,27.3,,,,,,,,,
2021-07-08,,,53.547916666666666,167.73611111111111,20.158333333333335,26.099305555555556,,,,,,,,,
2021-07-09,,,42.77013888888889,193.72222222222223,20.430555555555557,26.384722222222223,,,,,,,,,
2021-07-10,,,29.454166666666666,193.53472222222223,20.663888888888888,26.836805555555557,,,,,,,,,
2021-07-11,,,23.393055555555556,153.375,20.319444444444443,26.606944444444444,,,,,,,,,
2021-07-12,,,8.48611111111111,173.40972222222223,20.291666666666668,26.663194444444443,,,,,,,,,
2021-07-13,,,10.231944444444444,207.36111111111111,20.477083333333333,26.26111111111111,,,,,,,,,
2021-07-14,,,16.848251748251748,272.3356643356643,20.502097902097905,26.037762237762237,,,,,,,,,
2021-07-15,,,17.69097222222222,317.88194444444446,20.583333333333332,26.110416666666666,,,,,,,,,
2021-07-16,,,13.930656934306569,221.45138888888889,20.696527777777778,29.533333333333335,,,,,,,,,
2021-07-17,,,7.261805555555556,159.75,21.604166666666668,31.440277777777776,,,,,,,,,
2021-07-18,,,9.79513888888889,172.39583333333334,22.736805555555556,31.447916666666668,,,,,,,,,
2021-07-19,,,8.094444444444443,176.53472222222223,23.88611111111111,31.586111111111116,,,,,,,,,
2021-07-20,,,4.802777777777778,182.59027777777777,24.978472222222223,31.425694444444446,,,,,,,,,
2021-07-21,,,7.7020833333333325,159.76388888888889,25.752083333333335,31.117361111111116,,,,,,,,,
2021-07-22,,,6.612500000000001,120.28472222222223,26.035416666666666,30.946527777777778,,,,,,,,,
2021-07-23,,,5.425000000000001,162.29861111111111,26.094444444444445,30.8125,,,,,,,,,
2021-07-24,,,5.350694444444445,171.53472222222223,26.165972222222223,30.668750000000003,,,,,,,,,
2021-07-25,,,5.613888888888889,159.0,26.15138888888889,30.529166666666665,,,,,,,,,
2021-07-26,,,3.96875,186.3125,26.112499999999997,30.404861111111114,,,,,,,,,
2021-07-27,,,5.871527777777778,173.34722222222223,26.1,29.87916666666667,,,,,,,,,
2021-07-28,,,6.027083333333334,174.75694444444446,26.364583333333332,28.829166666666666,,,,,,,,,
2021-07-29,,,8.117361111111112,181.88194444444446,26.34652777777778,27.313194444444445,,,,,,,,,
2021-07-30,,,7.945138888888888,179.85416666666666,26.328472222222224,24.93472222222222,,,,,,,,,
2021-07-31,,,8.252083333333333,181.92361111111111,25.671527777777776,23.564583333333335,,,,,,,,,
2021-08-01,,,9.224305555555555,175.61111111111111,25.206944444444446,22.225694444444443,,,,,,,,,
2021-08-02,,,7.2562500000000005,173.125,25.665277777777778,21.18402777777778,,,,,,,,,
2021-08-03,,,6.216666666666667,171.85416666666666,26.145833333333332,20.915972222222223,,,,,,,,,
2021-08-04,,,4.738194444444444,192.40277777777777,26.272222222222222,20.319444444444443,,,,,,,,,
2021-08-05,,,3.3243055555555556,194.44444444444446,26.77638888888889,18.522916666666667,,,,,,,,,
2021-08-06,,,4.911111111111111,167.40277777777777,27.572222222222223,17.734027777777776,,,,,,,,,
2021-08-07,,,2.1,155.0,28.1,18.3,,,,,,,,,
2021-08-08,,,5.605555555555556,180.40972222222223,27.877083333333335,17.227777777777778,,,,,,,,,
2021-08-09,,,3.701388888888889,164.61111111111111,27.518055555555556,16.820833333333333,,,,,,,,,
2021-08-10,,,4.152777777777778,117.97222222222223,27.427777777777777,17.93402777777778,,,,,,,,,
2021-08-11,,,4.206250000000001,154.125,27.18125,18.04513888888889,,,,,,,,,
2021-08-12,,,3.54375,140.22916666666666,26.880555555555556,17.974305555555556,,,,,,,,,
2021-08-13,,,4.554861111111111,161.11805555555554,26.570138888888888,16.293055555555554,,,,,,,,,
2021-08-14,,,4.002777777777777,168.35416666666666,26.379166666666666,16.469444444444445,,,,,,,,,
2021-08-15,,,3.7874999999999996,181.81944444444446,26.281944444444445,15.985416666666667,,,,,,,,,
2021-08-16,,,4.595833333333333,173.79166666666666,26.26527777777778,15.921527777777776,,,,,,,,,
2021-08-17,,,4.543749999999999,212.92361111111111,26.095833333333335,16.484027777777776,,,,,,,,,
2021-08-18,,,3.4937500000000004,203.67361111111111,25.978472222222223,16.435416666666665,,,,,,,,,
2021-08-19,,,4.090277777777778,185.33333333333334,25.935416666666665,16.15,,,,,,,,,
2021-08-20,,,5.239583333333333,189.24305555555554,26.110416666666666,16.308333333333334,,,,,,,,,
2021-08-21,,,5.324999999999999,176.9375,26.135416666666668,16.396527777777777,,,,,,,,,
2021-08-22,,,6.726388888888889,171.625,25.828472222222224,16.647916666666667,,,,,,,,,
2021-08-23,,,7.534027777777778,174.71527777777777,24.614583333333332,16.856250000000003,,,,,,,,,
2021-08-24,,,5.356944444444444,182.04166666666666,24.109722222222224,17.04236111111111,,,,,,,,,
2021-08-25,,,6.2555555555555555,175.73611111111111,22.515972222222224,17.541666666666668,,,,,,,,,
2021-08-26,,,5.682638888888889,156.23611111111111,21.4625,17.988194444444446,,,,,,,,,
2021-08-27,,,6.78125,180.73611111111111,20.663888888888888,18.819444444444443,,,,,,,,,
2021-08-28,,,5.784722222222222,176.27083333333334,20.556944444444444,20.214583333333334,,,,,,,,,
2021-08-29,,,5.5680555555555555,173.39583333333334,21.161805555555556,20.599305555555556,,,,,,,,,
2021-08-30,,,4.786111111111111,186.80555555555554,21.830555555555556,21.12986111111111,,,,,,,,,
2021-08-31,,,4.872222222222223,184.51388888888889,23.265972222222224,22.22152777777778,,,,,,,,,
2021-09-01,,,6.211111111111111,187.69444444444446,23.969444444444445,,,,,,,,,,
2021-09-02,,,5.066433566433567,209.9020979020979,24.495804195804197,,,,,,,,,,
2021-09-03,,,6.962937062937063,176.83216783216784,24.383216783216785,,,,,,,,,,
2021-09-04,,,8.588194444444445,164.39583333333334,24.476388888888888,,,,,,,,,,
2021-09-05,,,13.568055555555555,170.55555555555554,24.31527777777778,,,,,,,,,,
2021-09-06,,,9.68888888888889,177.81944444444446,24.36388888888889,,,,,,,,,,
2021-09-07,,,19.0,191.0,24.5,,,,,,,,,,
2021-09-08,,,6.481249999999999,183.07638888888889,24.6875,,,,,,,,,,
2021-09-09,,,9.145138888888889,171.33333333333334,24.411805555555556,,,,,,,,,,
2021-09-10,,,8.367361111111112,177.1875,24.12986111111111,,,,,,,,,,
2021-09-11,,,9.442361111111111,183.79166666666666,23.82361111111111,,,,,,,,,,
2021-09-12,,,9.572222222222223,176.92361111111111,23.37847222222222,,,,,,,,,,
2021-09-13,,,8.04513888888889,202.66666666666666,23.484027777777776,,,,,,,,,,
2021-09-14,,,8.614583333333334,235.66666666666666,23.88611111111111,,,,,,,,,,
2021-09-15,,,3.9503496503496502,179.46153846153845,23.988111888111888,,,,,,,,,,
2021-09-16,,,3.5062499999999996,180.95138888888889,23.928472222222222,,,,,,,,,,
2021-09-17,,,7.402777777777778,235.09027777777777,23.647222222222222,,,,,,,,,,
2021-09-18,,,5.961111111111111,180.19444444444446,23.535416666666666,,,,,,,,,,
2021-09-19,,,6.740277777777778,170.1875,23.710416666666667,,,,,,,,,,
2021-09-20,,,7.793055555555556,187.70138888888889,23.780555555555555,,,,,,,,,,
2021-09-21,,,5.464583333333334,178.09722222222223,23.82361111111111,,,,,,,,,,
2021-09-22,,,8.444055944055943,172.53846153846155,23.652447552447555,,,,,,,,,,
2021-09-23,,,18.383333333333333,176.99305555555554,22.976388888888888,,,,,,,,,,
2021-09-24,,,14.799305555555556,179.38888888888889,22.791666666666668,,,,,,,,,,
2021-09-25,,,14.03125,167.48611111111111,23.049305555555556,,,,,,,,,,
2021-09-26,,,17.854166666666668,179.63194444444446,23.072222222222223,,,,,,,,,,
2021-09-27,,,8.015972222222222,175.23611111111111,23.295833333333334,,,,,,,,,,
2021-09-28,,,8.36111111111111,179.22916666666666,23.268749999999997,,,,,,,,,,
2021-09-29,,,10.506250000000001,184.82638888888889,23.361805555555556,,,,,,,,,,
2021-09-30,,,5.972916666666666,181.43055555555554,23.525,,,,,,,,,,
2021-10-01,,,12.51388888888889,175.5625,23.55972222222222,,,,,,,,,,
2021-10-02,,,10.397916666666667,175.22916666666666,23.734722222222224,,,,,,,,,,
2021-10-03,,,8.068055555555555,178.07638888888889,23.81597222222222,,,,,,,,,,
2021-10-04,,,6.147222222222222,174.38194444444446,23.974305555555556,,,,,,,,,,
2021-10-05,,,10.135664335664336,177.72727272727272,23.89160839160839,,,,,,,,,,
2021-10-06,,,10.283333333333333,170.93055555555554,23.62222222222222,,,,,,,,,,
2021-10-07,,,11.658333333333333,173.92361111111111,23.674305555555556,,,,,,,,,,
2021-10-08,,,12.3,164.0,23.5,,,,,,,,,,
2021-10-09,,,8.479861111111111,172.26388888888889,23.521527777777777,,,,,,,,,,
2021-10-10,,,7.871527777777778,174.54861111111111,23.614583333333332,,,,,,,,,,
2021-10-11,,,16.064583333333335,184.64583333333334,23.504166666666666,,,,,,,,,,
2021-10-12,,,6.4631944444444445,190.95833333333334,23.272222222222222,,,,,,,,,,
2021-10-13,,,5.363194444444444,187.29861111111111,22.966666666666665,,,,,,,,,,
2021-10-14,,,7.972222222222222,181.19444444444446,23.024305555555557,,,,,,,,,,
2021-10-15,,,9.805147058823529,160.28467153284672,23.223357664233575,,,,,,,,,,
2021-10-16,,,3.0652777777777778,144.79166666666666,23.1125,,,,,,,,,,
2021-10-17,,,3.8715277777777777,149.30555555555554,22.623611111111114,,,,,,,,,,
2021-10-18,,,3.5083333333333333,162.63194444444446,22.34861111111111,,,,,,,,,,
2021-10-19,,,4.506944444444445,167.36111111111111,22.097916666666666,,,,,,,,,,
2021-10-20,,,4.510416666666667,175.4375,21.836805555555557,,,,,,,,,,
2021-10-21,,,3.660416666666667,164.57638888888889,21.509722222222223,,,,,,,,,,
2021-10-22,,,3.2840277777777778,152.29861111111111,21.235416666666666,,,,,,,,,,
2021-10-23,,,3.160416666666667,173.3125,21.038888888888888,,,,,,,,,,
2021-10-24,,,3.5125,146.54861111111111,20.998611111111114,,,,,,,,,,
2021-10-25,,,2.7916083916083916,161.38194444444446,20.872027972027972,,,,,,,,,,
2021-10-26,,,2.990277777777778,152.34722222222223,20.793750000000003,,,,,,,,,,
2021-10-27,,,3.8645833333333335,161.88888888888889,20.77013888888889,,,,,,,,,,
2021-10-28,,,3.759722222222222,175.5,20.618055555555557,,,,,,,,,,
2021-10-29,,,2.4131944444444446,159.32638888888889,20.415972222222223,,,,,,,,,,
2021-10-30,,,2.3180555555555555,153.69444444444446,20.265277777777776,,,,,,,,,,
2021-10-31,,,2.834027777777778,157.76388888888889,20.25,,,,,,,,,,
2021-11-01,,,3.3333333333333335,151.25694444444446,20.206249999999997,,,,,,,,,,
2021-11-02,,,4.207638888888889,147.55555555555554,20.114583333333332,,,,,,,,,,
2021-11-03,,,4.1305555555555555,155.79861111111111,20.036805555555556,,,,,,,,,,
2021-11-04,,,5.000694444444445,166.57638888888889,19.81527777777778,,,,,,,,,,
2021-11-05,,,4.103472222222222,170.19444444444446,19.54513888888889,,,,,,,,,,
2021-11-06,,,3.984722222222222,168.74305555555554,19.364583333333332,,,,,,,,,,
2021-11-07,,,3.2506944444444446,157.49305555555554,19.12777777777778,,,,,,,,,,
2021-11-08,,,1.0,234.0,19.0,,,,,,,,,,
2021-11-09,,,6.486111111111111,168.65972222222223,18.364583333333332,,,,,,,,,,
2021-11-10,,,6.557638888888889,165.9375,17.595138888888886,,,,,,,,,,
2021-11-11,,,6.7629370629370635,159.1818181818182,16.905594405594407,,,,,,,,,,
2021-11-12,,,5.916666666666667,159.95138888888889,16.293055555555554,,,,,,,,,,
2021-11-13,,,4.148251748251749,158.32867132867133,16.02587412587413,,,,,,,,,,
2021-11-14,,,4.308333333333334,161.63888888888889,16.12847222222222,,,,,,,,,,
2021-11-15,,,4.238888888888889,166.3125,16.227083333333333,,,,,,,,,,
2021-11-16,,,4.069444444444445,158.34027777777777,16.236805555555556,,,,,,,,,,
2021-11-17,,,4.061805555555555,162.20138888888889,16.22361111111111,,,,,,,,,,
2021-11-18,,,4.740277777777778,155.58333333333334,16.193055555555556,,,,,,,,,,
2021-11-19,,,4.6,159.59722222222223,16.12291666666667,,,,,,,,,,
2021-11-20,,,3.925174825174825,157.97202797202797,16.087412587412587,,,,,,,,,,
2021-11-21,,,3.7750000000000004,157.59027777777777,16.068055555555556,,,,,,,,,,
2021-11-22,,,4.828472222222222,155.81944444444446,15.940972222222221,,,,,,,,,,
2021-11-23,,,4.647222222222222,156.99305555555554,15.418750000000001,,,,,,,,,,
2021-11-24,,,3.2704225352112672,174.56338028169014,15.048591549295775,,,,,,,,,,
2021-11-25,,,3.6762237762237766,164.30769230769232,14.872027972027974,,,,,,,,,,
2021-11-26,,,3.8690647482014384,163.89208633093526,14.671942446043165,,,,,,,,,,
2021-11-27,,,2.247916666666667,124.30555555555556,14.487499999999999,,,,,,,,,,
2021-11-28,,,2.3854166666666665,158.94444444444446,14.546527777777776,,,,,,,,,,
2021-11-29,,,2.7958333333333334,179.8125,14.5625,,,,,,,,,,
2021-11-30,,,3.3916666666666666,137.80555555555554,14.57986111111111,,,,,,,,,,
2021-12-01,,,4.331944444444444,156.08333333333334,14.214583333333334,,,,,,,,,,
2021-12-02,,,4.409027777777777,173.02777777777777,13.820833333333333,,,,,,,,,,
2021-12-03,,,3.572027972027972,154.67132867132867,13.812587412587414,,,,,,,,,,
2021-12-04,,,4.538888888888889,162.55555555555554,13.51875,,,,,,,,,,
2021-12-05,,,3.5416666666666665,126.21527777777777,13.704166666666667,,,,,,,,,,
2021-12-06,,,3.7465277777777777,132.5625,14.138194444444444,,,,,,,,,,
2021-12-07,,,3.8131944444444446,142.3125,14.693055555555556,,,,,,,,,,
2021-12-08,,,3.6104166666666666,122.13888888888889,14.735416666666667,,,,,,,,,,
2021-12-09,,,2.1,73.0,15.0,,,,,,,,,,
2021-12-10,,,3.545138888888889,162.27083333333334,14.877777777777778,,,,,,,,,,
2021-12-11,,,3.1363636363636362,180.55944055944056,14.837062937062935,,,,,,,,,,
2021-12-12,,,2.861111111111111,203.41666666666666,14.50902777777778,,,,,,,,,,
2021-12-13,,,2.5923611111111113,194.55555555555554,14.1875,,,,,,,,,,
2021-12-14,,,2.1694444444444443,174.78472222222223,13.776388888888889,,,,,,,,,,
2021-12-15,,,2.629861111111111,154.48611111111111,13.575,,,,,,,,,,
2021-12-16,,,4.0625,137.80555555555554,14.061805555555555,,,,,,,,,,
2021-12-17,,,4.923611111111111,132.51388888888889,13.926388888888889,,,,,,,,,,
2021-12-18,,,4.018750000000001,183.60416666666666,13.496527777777779,,,,,,,,,,
2021-12-19,,,3.2,175.74305555555554,13.37638888888889,,,,,,,,,,
2021-12-20,,,3.786805555555555,145.09722222222223,13.402083333333334,,,,,,,,,,
2021-12-21,,,3.7006944444444443,144.38888888888889,13.709722222222222,,,,,,,,,,
2021-12-22,,,4.329166666666667,114.02083333333333,13.90486111111111,,,,,,,,,,
2021-12-23,,,2.7694444444444444,177.09027777777777,14.04513888888889,,,,,,,,,,
2021-12-24,,,3.2895833333333333,122.22916666666667,14.061805555555557,,,,,,,,,,
2021-12-25,,,2.698611111111111,180.26388888888889,13.337499999999999,,,,,,,,,,
2021-12-26,,,2.8069444444444445,213.0625,12.727083333333333,,,,,,,,,,
2021-12-27,,,3.247916666666667,156.51388888888889,12.073611111111111,,,,,,,,,,
2021-12-28,,,4.853146853146853,172.95104895104896,13.457342657342657,,,,,,,,,,
2022-01-01,,,4.779861111111111,138.94444444444446,12.54861111111111,,,,,,,,,,
2022-01-02,,,5.7265734265734265,138.75524475524475,12.992307692307692,,,,,,,,,,
2022-01-03,,,4.120833333333334,116.79861111111111,13.272222222222222,,,,,,,,,,
2022-01-04,,,4.538194444444445,97.77083333333333,13.06388888888889,,,,,,,,,,
2022-01-05,,,5.118055555555555,113.36805555555556,13.125,,,,,,,,,,
2022-01-06,,,3.081578947368421,146.73684210526315,13.110526315789473,,,,,,,,,,
2022-01-07,,,3.6624999999999996,169.60416666666666,13.003472222222221,,,,,,,,,,
2022-01-08,,,3.459722222222222,149.89583333333334,13.131944444444445,,,,,,,,,,
2022-01-09,,,2.6,333.0,13.1,,,,,,,,,,
2022-01-10,,,,,,,,,,,,,,,
2022-01-11,,,2.69375,193.0,12.353846153846154,,,,,,,,,,
2022-01-12,,,2.5951388888888887,221.9375,12.060416666666667,,,,,,,,,,
2022-01-13,,,3.332478632478632,168.991452991453,11.747457627118644,,,,,,,,,,
2022-01-14,,,3.7239436619718305,170.33802816901408,11.7556338028169,,,,,,,,,,
2022-01-15,,,7.327083333333333,195.10416666666666,12.479166666666666,,,,,,,,,,
2022-01-16,,,,,,,,,,,,,,,
2022-01-17,,,3.365486725663717,157.31896551724137,11.870689655172415,,,,,,,,,,
2022-01-18,,,3.971875,146.9296875,12.496875,,,,,,,,,,
2022-01-19,,,4.633333333333333,166.54901960784315,12.82135922330097,,,,,,,,,,
2022-01-20,,,5.355555555555555,157.01818181818183,12.996396396396397,,,,,,,,,,
2022-01-21,,,4.318518518518519,171.73529411764707,13.110294117647058,,,,,,,,,,
2022-01-22,,,3.7622448979591834,142.1530612244898,13.07979797979798,,,,,,,,,,
2022-01-23,,,,,,,,,,,,,,,
2022-01-24,,,2.8264150943396227,229.8440366972477,12.823853211009174,,,,,,,,,,
2022-01-25,,,2.7185567010309275,170.68367346938774,12.835999999999999,,,,,,,,,,
2022-01-26,,,2.4768656716417907,174.8134328358209,12.567910447761193,,,,,,,,,,
2022-01-27,,,2.933606557377049,195.70491803278688,12.791803278688525,,,,,,,,,,
2022-01-28,,,2.776595744680851,205.10638297872342,12.717730496453902,,,,,,,,,,
2022-01-29,,,2.5120567375886522,207.33333333333334,12.521985815602836,,,,,,,,,,
2022-01-30,,,3.4816901408450702,182.09859154929578,12.469014084507041,,,,,,,,,,
2022-01-31,,,3.1429577464788734,173.73239436619718,12.353521126760564,,,,,,,,,,
2022-02-01,,,2.8506944444444446,163.28472222222223,11.940972222222221,,,,,,,,,,
2022-02-02,,,3.7485915492957744,154.42253521126761,11.733098591549295,,,,,,,,,,
2022-02-03,,,4.004861111111111,156.64583333333334,11.665277777777778,,,,,,,,,,
2022-02-04,,,2.665492957746479,210.59154929577466,11.424647887323943,,,,,,,,,,
2022-02-05,,,3.5711267605633803,144.0,11.064084507042255,,,,,,,,,,
2022-02-06,,,2.7783216783216784,160.16083916083917,10.781818181818181,,,,,,,,,,
2022-02-07,,,3.146099290780142,204.20567375886526,11.298581560283687,,,,,,,,,,
2022-02-08,,,2.276388888888889,214.41666666666666,11.36111111111111,,,,,,,,,,
2022-02-09,,,2.6,15.0,11.6,,,,,,,,,,
2022-02-10,,,1.9215277777777777,225.78472222222223,11.743749999999999,,,,,,,,,,
2022-02-11,,,2.1743055555555557,162.03472222222223,11.772222222222222,,,,,,,,,,
2022-02-12,,,2.655944055944056,208.5734265734266,11.806293706293706,,,,,,,,,,
2022-02-13,,,1.9618705035971222,212.97841726618705,11.8431654676259,,,,,,,,,,
2022-02-14,,,1.8861313868613137,191.8175182481752,11.833576642335768,,,,,,,,,,
2022-02-15,,,2.0842857142857145,163.11428571428573,11.402142857142858,,,,,,,,,,
2022-02-16,,,2.1550458715596332,149.61467889908258,11.287155963302752,,,,,,,,,,
2022-02-17,,,3.0825174825174826,178.7062937062937,10.98041958041958,,,,,,,,,,
2022-02-18,,,3.6840277777777777,213.76388888888889,11.260416666666666,,,,,,,,,,
2022-02-19,,,2.4430555555555555,169.1875,11.34236111111111,,,,,,,,,,
2022-02-20,,,2.9916666666666667,161.97916666666666,10.867361111111112,,,,,,,,,,
2022-02-21,,,2.637762237762238,188.86713286713288,11.064335664335665,,,,,,,,,,
2022-02-22,,,2.2595744680851064,172.4255319148936,10.726241134751774,,,,,,,,,,
2022-02-23,,,2.733098591549296,237.96478873239437,10.86549295774648,,,,,,,,,,
2022-02-24,,,2.465734265734266,217.3006993006993,10.776923076923076,,,,,,,,,,
2022-02-25,,,2.188111888111888,177.75524475524475,10.948951048951049,,,,,,,,,,
2022-02-26,,,2.3736111111111113,178.22222222222223,11.280555555555557,,,,,,,,,,
2022-02-27,,,1.853846153846154,168.93006993006992,10.916783216783216,,,,,,,,,,
2022-02-28,,,2.7384615384615385,228.01398601398603,11.372027972027972,,,,,,,,,,
2022-03-01,,,2.2830985915492956,197.90845070422534,11.481690140845071,,,,,,,,,,
2022-03-02,,,2.3244755244755244,192.44055944055944,11.485314685314686,,,,,,,,,,
2022-03-03,,,2.0253521126760563,207.90140845070422,11.470422535211267,,,,,,,,,,
2022-03-04,,,2.2405594405594402,210.45454545454547,11.501398601398602,,,,,,,,,,
2022-03-05,,,1.8251748251748252,149.87412587412587,11.46013986013986,,,,,,,,,,
2022-03-06,,,1.8576388888888888,157.02083333333334,11.230555555555556,,,,,,,,,,
2022-03-07,,,2.064335664335664,152.04895104895104,11.462237762237761,,,,,,,,,,
2022-03-08,,,1.7692307692307692,157.7902097902098,11.438461538461539,,,,,,,,,,
2022-03-09,,,2.1790209790209794,228.06293706293707,11.748951048951048,,,,,,,,,,
2022-03-10,,,1.7357142857142858,172.47142857142856,11.945714285714287,,,,,,,,,,
2022-03-11,,,1.4267605633802816,199.98591549295776,12.023239436619718,,,,,,,,,,
2022-03-12,,,0.3,337.0,12.1,,,,,,,,,,
2022-03-13,,,1.613986013986014,220.78321678321677,12.465034965034965,,,,,,,,,,
2022-03-14,,,2.034265734265734,231.66433566433565,12.462237762237761,,,,,,,,,,
2022-03-15,,,1.5430555555555554,181.625,12.584027777777779,,,,,,,,,,
2022-03-16,,,1.6194444444444445,179.45138888888889,12.665972222222221,,,,,,,,,,
2022-03-17,,,1.632867132867133,175.7762237762238,12.664335664335665,,,,,,,,,,
2022-03-18,,,2.924647887323944,185.9718309859155,12.44718309859155,,,,,,,,,,
2022-03-19,,,1.7564285714285715,162.6642857142857,12.312857142857142,,,,,,,,,,
2022-03-20,,,1.658450704225352,161.90845070422534,12.359859154929577,,,,,,,,,,
2022-03-21,,,1.7756944444444445,171.11805555555554,12.427083333333334,,,,,,,,,,
2022-03-22,,,2.178169014084507,159.22535211267606,14.297887323943662,,,,,,,,,,
2022-03-23,,,1.6877697841726618,171.64028776978418,17.656115107913667,,,,,,,,,,
2022-03-24,,,1.7618055555555554,162.61111111111111,17.44861111111111,,,,,,,,,,
2022-03-25,,,1.5902777777777777,191.67361111111111,17.59722222222222,,,,,,,,,,
2022-03-26,,,2.5755244755244755,162.14685314685315,17.89020979020979,,,,,,,,,,
2022-03-27,,,1.7409722222222221,176.58333333333334,18.04513888888889,,,,,,,,,,
2022-03-28,,,1.9305555555555556,138.59722222222223,17.852083333333333,,,,,,,,,,
2022-03-29,,,1.2394366197183098,180.19014084507043,17.766901408450703,,,,,,,,,,
2022-03-30,,,1.3921985815602838,187.6950354609929,17.690070921985818,,,,,,,,,,
2022-03-31,,,1.4258741258741259,153.65034965034965,17.647552447552446,,,,,,,,,,
2022-04-01,,,1.7204225352112676,156.59859154929578,17.490845070422534,,,,,,,,,,
2022-04-02,,,1.5921985815602837,175.36879432624113,17.47517730496454,,,,,,,,,,
2022-04-03,,,1.6333333333333333,195.16666666666666,17.649305555555557,,,,,,,,,,
2022-04-04,,,1.55,168.23239436619718,17.764788732394365,,,,,,,,,,
2022-04-05,,,1.8318518518518518,159.53191489361703,15.931205673758866,,,,,,,,,,
2022-04-06,,,1.5055555555555555,174.07638888888889,13.372916666666667,,,,,,,,,,
2022-04-07,,,2.1436619718309857,164.99295774647888,13.469014084507043,,,,,,,,,,
2022-04-08,,,1.4809859154929579,185.85211267605635,13.5056338028169,,,,,,,,,,
2022-04-09,,,2.2422535211267602,166.73239436619718,13.632394366197182,,,,,,,,,,
2022-04-10,,,1.817361111111111,171.40972222222223,13.777777777777779,,,,,,,,,,
2022-04-11,,,1.8588652482269505,177.58156028368793,13.850354609929079,,,,,,,,,,
2022-04-12,,,0.7,329.0,13.7,,,,,,,,,,
2022-04-13,,,1.7375886524822695,150.54609929078015,13.935460992907801,,,,,,,,,,
2022-04-14,,,1.8718309859154931,200.69014084507043,13.520422535211269,,,,,,,,,,
2022-04-15,,,1.9769230769230768,189.53146853146853,13.511188811188811,,,,,,,,,,
2022-04-16,,,1.8949640287769782,168.5179856115108,13.722302158273381,,,,,,,,,,
2022-04-17,,,2.3767605633802815,164.80985915492957,13.921830985915493,,,,,,,,,,
2022-04-18,,,2.054225352112676,184.19014084507043,14.067605633802817,,,,,,,,,,
2022-04-19,,,1.7521126760563381,217.05633802816902,14.231690140845071,,,,,,,,,,
2022-04-20,,,2.0380281690140842,162.40845070422534,14.421830985915493,,,,,,,,,,
2022-04-21,,,1.6185714285714285,180.3,14.31642857142857,,,,,,,,,,
2022-04-22,,,2.8909722222222225,170.93055555555554,14.301388888888889,,,,,,,,,,
2022-04-23,,,2.203846153846154,167.3846153846154,14.232000000000001,,,,,,,,,,
2022-04-24,,,,,,,,,,,,,,,
2022-04-25,,,,,,,,,,,,,,,
2022-04-26,,,,,,,,,,,,,,,
2022-04-27,,,,,,,,,,,,,,,
2022-04-28,,,,,,,,,,,,,,,
2022-04-29,,,,,,,,,,,,,,,
2022-04-30,,,,,,,,,,,,,,,
2022-05-01,,,,,,,,,,,,,,,
2022-05-02,,,,,,,,,,,,,,,
2022-05-03,,,,,,,,,,,,,,,
2022-05-04,,,,,,,,,,,,,,,
2022-05-05,,,,,,,,,,,,,,,
2022-05-06,,,,,,,,,,,,,,,
2022-05-07,,,,,,,,,,,,,,,
2022-05-08,,,,,,,,,,,,,,,
2022-05-09,,,,,,,,,,,,,,,
2022-05-10,,,,,,,,,,,,,,,
2022-05-11,,,,,,,,,,,,,,,
2022-05-12,,,,,,,,,,,,,,,
2022-05-13,,,,,,,,,,,,,,,
2022-05-14,,,,,,,,,,,,,,,
2022-05-15,,,,,,,,,,,,,,,
2022-05-16,,,,,,,,,,,,,,,
2022-05-17,,,,,,,,,,,,,,,
2022-05-18,,,,,,,,,,,,,,,
2022-05-19,,,,,,,,,,,,,,,
2022-05-20,,,,,,,,,,,,,,,
2022-05-21,,,,,,,,,,,,,,,
2022-05-22,,,,,,,,,,,,,,,
2022-05-23,,,,,,,,,,,,,,,
2022-05-24,,,,,,,,,,,,,,,
2022-05-25,,,,,,,,,,,,,,,
2022-05-26,,,,,,,,,,,,,,,
2022-05-27,,,,,,,,,,,,,,,
2022-05-28,,,,,,,,,,,,,,,
2022-05-29,,,,,,,,,,,,,,,
2022-05-30,,,,,,,,,,,,,,,
2022-05-31,,,,,,,,,,,,,,,
2022-06-01,,,,,,,,,,,,,,,
2022-06-02,,,,,,,,,,,,,,,
2022-06-03,,,,,,,,,,,,,,,
2022-06-04,,,,,,,,,,,,,,,
2022-06-05,,,,,,,,,,,,,,,
2022-06-06,,,,,,,,,,,,,,,
2022-06-07,,,,,,,,,,,,,,,
2022-06-08,,,,,,,,,,,,,,,
2022-06-09,,,,,,,,,,,,,,,
2022-06-10,,,6.688888888888888,160.93650793650792,19.082539682539682,,,,,,,,,,
2022-06-11,,,6.598571428571428,180.4857142857143,18.895714285714288,,,,,,,,,,
2022-06-12,,,5.7604316546762595,144.41007194244605,19.089208633093527,,,,,,,,,,
2022-06-13,,,11.1,179.0,19.2,,,,,,,,,,
2022-06-14,,,7.640972222222222,200.9375,18.88611111111111,,,,,,,,,,
2022-06-15,,,7.397902097902098,144.96503496503496,19.195804195804197,,,,,,,,,,
2022-06-16,,,9.717605633802817,133.07042253521126,19.38450704225352,,,,,,,,,,
2022-06-17,,,12.056338028169014,158.2394366197183,19.784507042253523,,,,,,,,,,
2022-06-18,,,14.937062937062937,139.36363636363637,19.6006993006993,,,,,,,,,,
2022-06-19,,,14.872222222222222,144.48611111111111,19.28611111111111,,,,,,,,,,
2022-06-20,,,17.269718309859154,150.2605633802817,19.19647887323944,,,,,,,,,,
2022-06-21,,,13.953146853146853,146.67832167832168,19.42097902097902,,,,,,,,,,
2022-06-22,,,15.204195804195804,148.7062937062937,19.726573426573427,,,,,,,,,,
2022-06-23,,,11.06338028169014,149.5281690140845,19.566901408450704,,,,,,,,,,
2022-06-24,,,13.997857142857143,145.2642857142857,19.343571428571426,,,,,,,,,,
2022-06-25,,,15.63758865248227,144.04964539007094,18.914184397163122,,,,,,,,,,
2022-06-26,,,13.190845070422535,141.1056338028169,18.37394366197183,,,,,,,,,,
2022-06-27,,,10.603472222222223,149.19444444444446,18.425694444444446,,,,,,,,,,
2022-06-28,,,8.947101449275362,148.52173913043478,18.580434782608695,,,,,,,,,,
2022-06-29,,,8.727777777777778,161.28472222222223,18.65625,,,,,,,,,,
2022-06-30,,,11.09020979020979,142.15384615384616,18.662937062937065,,,,,,,,,,
2022-07-01,,,15.075694444444444,144.60416666666666,19.07638888888889,,,,,,,,,,
2022-07-02,,,12.16923076923077,137.73426573426573,19.39020979020979,,,,,,,,,,
2022-07-03,,,11.249295774647887,145.38732394366198,19.83732394366197,,,,,,,,,,
2022-07-04,,,14.239716312056737,139.2127659574468,20.680851063829788,,,,,,,,,,
2022-07-05,,,11.71338028169014,141.7394366197183,21.004225352112677,,,,,,,,,,
2022-07-06,,,15.745833333333334,147.46527777777777,21.251388888888886,,,,,,,,,,
2022-07-07,,,12.716197183098592,153.1338028169014,21.994366197183098,,,,,,,,,,
2022-07-08,,,14.766666666666666,139.98581560283688,21.845390070921983,,,,,,,,,,
2022-07-09,,,16.109219858156028,152.60283687943263,21.546808510638296,,,,,,,,,,
2022-07-10,,,12.25886524822695,170.7163120567376,22.21843971631206,,,,,,,,,,
2022-07-11,,,9.829078014184399,148.12056737588654,23.401418439716313,,,,,,,,,,
2022-07-12,,,12.5943661971831,147.1549295774648,23.18169014084507,,,,,,,,,,
2022-07-13,,,8.824647887323943,172.7605633802817,23.496478873239436,,,,,,,,,,
2022-07-14,,,2.9,130.0,23.7,,,,,,,,,,
2022-07-15,,,12.56830985915493,136.78169014084506,23.164084507042254,,,,,,,,,,
2022-07-16,,,13.038888888888888,132.625,21.919444444444444,,,,,,,,,,
2022-07-17,,,11.405673758865248,135.11347517730496,21.092198581560282,,,,,,,,,,
2022-07-18,,,10.065492957746478,134.88028169014083,20.143661971830987,,,,,,,,,,
2022-07-19,,,11.7556338028169,149.28169014084506,20.03098591549296,,,,,,,,,,
2022-07-20,,,11.801408450704225,139.7887323943662,20.035915492957745,,,,,,,,,,
2022-07-21,,,14.278321678321678,141.17482517482517,20.136363636363637,,,,,,,,,,
2022-07-22,,,11.044755244755246,138.44755244755245,20.074125874125873,,,,,,,,,,
2022-07-23,,,11.19225352112676,205.45070422535213,20.140845070422536,,,,,,,,,,
2022-07-24,,,6.580281690140845,194.14788732394365,20.73169014084507,,,,,,,,,,
2022-07-25,,,4.717730496453901,186.80851063829786,21.509929078014185,,,,,,,,,,
2022-07-26,,,4.02463768115942,139.19565217391303,21.88913043478261,,,,,,,,,,
2022-07-27,,,5.712056737588652,208.09929078014184,22.100709219858153,,,,,,,,,,
2022-07-28,,,7.328571428571428,210.74285714285713,22.905714285714286,,,,,,,,,,
2022-07-29,,,8.830985915492958,282.7535211267606,23.555633802816903,,,,,,,,,,
2022-07-30,,,9.62937062937063,295.1468531468532,24.485314685314687,,,,,,,,,,
2022-07-31,,,6.097163120567377,200.12765957446808,24.952482269503548,,,,,,,,,,
2022-08-01,,,4.9063380281690145,117.12676056338029,25.004225352112677,,,,,,,,,,
2022-08-02,,,7.861428571428571,156.57142857142858,25.159285714285716,,,,,,,,,,
2022-08-03,,,8.035211267605634,131.43661971830986,24.007746478873237,,,,,,,,,,
2022-08-04,,,8.43006993006993,135.56643356643357,22.847552447552445,,,,,,,,,,
2022-08-05,,,8.95774647887324,130.1056338028169,22.223943661971834,,,,,,,,,,
2022-08-06,,,10.009285714285713,131.86428571428573,21.95,,,,,,,,,,
2022-08-07,,,9.909859154929578,127.56338028169014,22.1556338028169,,,,,,,,,,
2022-08-08,,,10.8645390070922,132.72340425531914,22.134751773049647,,,,,,,,,,
2022-08-09,,,11.312142857142858,136.92857142857142,21.47285714285714,,,,,,,,,,
2022-08-10,,,9.447887323943661,142.56338028169014,20.548591549295775,,,,,,,,,,
2022-08-11,,,9.28357142857143,137.29285714285714,19.90142857142857,,,,,,,,,,
2022-08-12,,,9.282517482517482,131.63636363636363,19.544755244755244,,,,,,,,,,
2022-08-13,,,8.427972027972029,127.05594405594405,19.323776223776225,,,,,,,,,,
2022-08-14,,,2.6,131.0,19.0,,,,,,,,,,
2022-08-15,,,8.527464788732395,137.09154929577466,18.36830985915493,,,,,,,,,,
2022-08-16,,,8.792086330935252,132.83453237410072,18.015107913669063,,,,,,,,,,
2022-08-17,,,8.047887323943662,143.43661971830986,18.169718309859153,,,,,,,,,,
2022-08-18,,,6.5718309859154935,141.75352112676057,19.706338028169014,,,,,,,,,,
2022-08-19,,,8.572857142857144,133.87142857142857,20.25642857142857,,,,,,,,,,
2022-08-20,,,7.782517482517483,143.92307692307693,20.405594405594407,,,,,,,,,,
2022-08-21,,,9.03191489361702,120.97163120567376,20.917730496453903,,,,,,,,,,
2022-08-22,,,6.416783216783217,124.2937062937063,22.532867132867132,,,,,,,,,,
2022-08-23,,,8.248571428571429,145.80714285714285,23.039285714285715,,,,,,,,,,
2022-08-24,,,9.548591549295775,183.98591549295776,23.25,,,,,,,,,,
2022-08-25,,,6.395070422535212,122.63380281690141,24.2,,,,,,,,,,
2022-08-26,,,9.402083333333334,148.15972222222223,24.566666666666666,,,,,,,,,,
2022-08-27,,,9.986713286713286,145.95104895104896,24.423076923076923,,,,,,,,,,
2022-08-28,,,10.87972027972028,168.55944055944056,23.4993006993007,,,,,,,,,,
2022-08-29,,,8.087412587412587,152.55944055944056,23.93146853146853,,,,,,,,,,
2022-08-30,,,5.534722222222222,158.125,24.28472222222222,,,,,,,,,,
2022-08-31,,,6.0312056737588655,193.14893617021278,25.22836879432624,,,,,,,,,,
2022-09-01,,,5.194285714285715,165.38571428571427,24.928571428571427,,,,,,,,,,
2022-09-02,,,5.768794326241134,191.59574468085106,25.092907801418438,,,,,,,,,,
2022-09-03,,,2.790277777777778,187.76388888888889,24.89513888888889,,,,,,,,,,
2022-09-04,,,3.5147887323943663,180.85915492957747,25.01267605633803,,,,,,,,,,
2022-09-05,,,5.788028169014084,141.6338028169014,25.207042253521127,,,,,,,,,,
2022-09-06,,,8.909090909090908,155.30769230769232,25.216083916083917,,,,,,,,,,
2022-09-07,,,6.56241134751773,176.94326241134752,25.114893617021274,,,,,,,,,,
2022-09-08,,,6.626950354609929,164.63829787234042,24.94822695035461,,,,,,,,,,
2022-09-09,,,6.14965034965035,164.3146853146853,24.52027972027972,,,,,,,,,,
2022-09-10,,,6.5260563380281695,177.85211267605635,24.23169014084507,,,,,,,,,,
2022-09-11,,,7.756643356643357,145.1048951048951,24.113986013986015,,,,,,,,,,
2022-09-12,,,6.8,144.27857142857144,23.869285714285713,,,,,,,,,,
2022-09-13,,,5.9886524822695035,177.63829787234042,23.57304964539007,,,,,,,,,,
2022-09-14,,,5.5,183.0,23.4,,,,,,,,,,
2022-09-15,,,3.8605633802816905,171.93661971830986,23.254929577464786,,,,,,,,,,
2022-09-16,,,4.822857142857143,144.09285714285716,23.492857142857144,,,,,,,,,,
2022-09-17,,,6.209027777777778,142.23611111111111,23.533333333333335,,,,,,,,,,
2022-09-18,,,7.339860139860139,174.45454545454547,23.734265734265733,,,,,,,,,,
2022-09-19,,,11.114685314685316,173.07692307692307,23.702097902097904,,,,,,,,,,
2022-09-20,,,4.71056338028169,152.82394366197184,23.46056338028169,,,,,,,,,,
2022-09-21,,,3.9412587412587414,153.25174825174824,23.28111888111888,,,,,,,,,,
2022-09-22,,,4.018439716312057,161.70921985815602,23.148936170212767,,,,,,,,,,
2022-09-23,,,6.264539007092198,135.97163120567376,23.206382978723404,,,,,,,,,,
2022-09-24,,,8.37304964539007,136.32624113475177,23.065248226950352,,,,,,,,,,
2022-09-25,,,7.531468531468532,137.05594405594405,22.916783216783216,,,,,,,,,,
2022-09-26,,,8.86474820143885,151.0935251798561,22.640287769784173,,,,,,,,,,
2022-09-27,,,11.462676056338028,140.48591549295776,22.538732394366196,,,,,,,,,,
2022-09-28,,,13.884172661870505,144.41007194244605,22.56474820143885,,,,,,,,,,
2022-09-29,,,15.349295774647887,147.00704225352112,22.663380281690138,,,,,,,,,,
2022-09-30,,,13.136805555555556,148.54861111111111,22.615277777777777,,,,,,,,,,
2022-10-01,,,12.357342657342656,142.4965034965035,22.684615384615384,,,,,,,,,,
2022-10-02,,,10.42375,153.5375,22.76125,,,,,,,,,,
2022-10-03,,,,,,,,,,,,,,,
2022-10-04,,,,,,,,,,,,,,,
2022-10-05,,,,,,,,,,,,,,,
2022-10-06,,,,,,,,,,,,,,,
2022-10-07,,,,,,,,,,,,,,,
2022-10-08,,,,,,,,,,,,,,,
2022-10-09,,,,,,,,,,,,,,,
2022-10-10,,,,,,,,,,,,,,,
2022-10-11,,,,,,,,,,,,,,,
2022-10-12,,,,,,,,,,,,,,,
2022-10-13,,,,,,,,,,,,,,,
2022-10-14,,,,,,,,,,,,,,,
2022-10-15,,,,,,,,,,,,,,,
2022-10-16,,,,,,,,,,,,,,,
2022-10-17,,,,,,,,,,,,,,,
2022-10-18,,,,,,,,,,,,,,,
2022-10-19,,,,,,,,,,,,,,,
2022-10-20,,,4.482666666666667,123.09333333333333,19.636,,,,,,,,,,
2022-10-21,,,4.152816901408451,123.64084507042253,19.569718309859155,,,,,,,,,,
2022-10-22,,,5.565248226950355,142.97163120567376,19.72553191489362,,,,,,,,,,
2022-10-23,,,5.684615384615385,155.24475524475525,19.786713286713287,,,,,,,,,,
2022-10-24,,,7.232142857142857,142.34285714285716,19.490714285714283,,,,,,,,,,
2022-10-25,,,5.479020979020979,139.04195804195805,19.007692307692306,,,,,,,,,,
2022-10-26,,,5.211347517730496,132.70921985815602,18.83191489361702,,,,,,,,,,
2022-10-27,,,5.9457746478873235,106.11267605633803,19.091549295774648,,,,,,,,,,
2022-10-28,,,4.752482269503546,146.63829787234042,19.113475177304963,,,,,,,,,,
2022-10-29,,,3.386619718309859,164.69014084507043,19.40281690140845,,,,,,,,,,
2022-10-30,,,2.6244755244755247,139.13986013986013,18.88881118881119,,,,,,,,,,
2022-10-31,,,2.8553191489361702,181.8368794326241,18.886524822695037,,,,,,,,,,
2022-11-01,,,2.845,128.45714285714286,18.919285714285714,,,,,,,,,,
2022-11-02,,,2.702797202797203,155.34265734265733,18.905594405594407,,,,,,,,,,
2022-11-03,,,3.981118881118881,139.24475524475525,18.98951048951049,,,,,,,,,,
2022-11-04,,,7.22,145.05,18.71357142857143,,,,,,,,,,
2022-11-05,,,6.1429577464788725,136.80281690140845,18.22112676056338,,,,,,,,,,
2022-11-06,,,4.784722222222222,134.50694444444446,17.93472222222222,,,,,,,,,,
2022-11-07,,,5.4839160839160845,138.07692307692307,17.778321678321678,,,,,,,,,,
2022-11-08,,,5.852142857142857,129.22857142857143,17.71,,,,,,,,,,
2022-11-09,,,5.202127659574468,130.79432624113474,17.602836879432623,,,,,,,,,,
2022-11-10,,,4.410714285714286,127.2,17.660714285714285,,,,,,,,,,
2022-11-11,,,4.558992805755396,106.55395683453237,17.792805755395683,,,,,,,,,,
2022-11-12,,,4.0517482517482515,129.8881118881119,18.0,,,,,,,,,,
2022-11-13,,,6.060839160839161,144.91608391608392,18.225874125874128,,,,,,,,,,
2022-11-14,,,5.0643356643356645,143.32167832167832,17.91888111888112,,,,,,,,,,
2022-11-15,,,1.5,74.0,17.7,,,,,,,,,,
2022-11-16,,,5.1000000000000005,136.76760563380282,17.265492957746478,,,,,,,,,,
2022-11-17,,,3.80709219858156,146.4822695035461,17.158865248226952,,,,,,,,,,
2022-11-18,,,4.666433566433566,136.92307692307693,17.15874125874126,,,,,,,,,,
2022-11-19,,,3.119014084507042,123.7605633802817,17.327464788732396,,,,,,,,,,
2022-11-20,,,3.630496453900709,124.65957446808511,17.5354609929078,,,,,,,,,,
2022-11-21,,,4.75,117.79710144927536,17.443478260869565,,,,,,,,,,
2022-11-22,,,4.967605633802817,139.82394366197184,17.393661971830984,,,,,,,,,,
2022-11-23,,,6.0936619718309855,146.95070422535213,17.371126760563378,,,,,,,,,,
2022-11-24,,,5.856249999999999,146.17361111111111,17.209722222222222,,,,,,,,,,
2022-11-25,,,5.882638888888889,142.10416666666666,17.05902777777778,,,,,,,,,,
2022-11-26,,,5.916428571428571,144.45714285714286,16.833571428571428,,,,,,,,,,
2022-11-27,,,4.105673758865248,141.1631205673759,16.451063829787234,,,,,,,,,,
2022-11-28,,,4.257342657342657,118.55944055944056,16.50909090909091,,,,,,,,,,
2022-11-29,,,6.728169014084507,150.5,16.5443661971831,,,,,,,,,,
2022-11-30,,,9.704166666666667,134.78472222222223,15.822916666666666,,,,,,,,,,
2022-12-01,,,5.692957746478873,145.16197183098592,15.141549295774647,,,,,,,,,,
2022-12-02,,,5.445070422535212,107.8943661971831,15.900704225352113,,,,,,,,,,
2022-12-03,,,3.3617021276595747,195.0212765957447,15.373758865248226,,,,,,,,,,
2022-12-04,,,4.0929078014184395,142.77304964539007,15.034751773049646,,,,,,,,,,
2022-12-05,,,4.55,189.84285714285716,14.837142857142856,,,,,,,,,,
2022-12-06,,,4.116901408450705,169.98591549295776,14.484507042253522,,,,,,,,,,
2022-12-07,,,4.931205673758865,111.46808510638297,14.514893617021276,,,,,,,,,,
2022-12-08,,,7.137588652482269,176.3049645390071,15.570921985815604,,,,,,,,,,
2022-12-09,,,4.1566433566433565,214.16783216783216,15.63076923076923,,,,,,,,,,
2022-12-10,,,3.1104895104895105,219.1818181818182,15.282517482517482,,,,,,,,,,
2022-12-11,,,4.249295774647887,234.9718309859155,15.214084507042255,,,,,,,,,,
2022-12-12,,,3.659154929577465,137.35915492957747,15.23732394366197,,,,,,,,,,
2022-12-13,,,4.82463768115942,124.67391304347827,15.039855072463768,,,,,,,,,,
2022-12-14,,,5.1326241134751776,124.95035460992908,13.98581560283688,,,,,,,,,,
2022-12-15,,,3.745390070921986,203.10638297872342,14.025531914893616,,,,,,,,,,
2022-12-16,,,1.6,128.0,13.9,,,,,,,,,,
2022-12-17,,,3.909154929577465,175.11971830985917,13.105633802816902,,,,,,,,,,
2022-12-18,,,3.537142857142857,250.74285714285713,13.039285714285715,,,,,,,,,,
2022-12-19,,,4.684057971014493,214.34782608695653,13.371014492753623,,,,,,,,,,
2022-12-20,,,3.128260869565217,131.9927536231884,13.361594202898551,,,,,,,,,,
2022-12-21,,,4.937762237762238,167.7972027972028,13.601398601398602,,,,,,,,,,
2022-12-22,,,6.813475177304964,131.38297872340425,12.541843971631206,,,,,,,,,,
2022-12-23,,,7.179285714285714,100.1,12.272142857142857,,,,,,,,,,
2022-12-24,,,5.937142857142858,153.22142857142856,12.795,,,,,,,,,,
2022-12-25,,,5.641843971631205,147.38297872340425,13.025531914893616,,,,,,,,,,
2022-12-26,,,6.411347517730497,166.61702127659575,13.025531914893616,,,,,,,,,,
2022-12-27,,,7.381118881118881,192.36363636363637,13.06993006993007,,,,,,,,,,
2022-12-28,,,6.752142857142857,199.3357142857143,13.280714285714286,,,,,,,,,,
2022-12-29,,,12.802097902097902,198.6083916083916,13.265034965034966,,,,,,,,,,
2022-12-30,,,19.153900709219858,240.05673758865248,13.434751773049644,,,,,,,,,,
2022-12-31,,,19.13404255319149,251.54609929078015,12.903546099290779,,,,,,,,,,
2023-01-01,,,16.022142857142857,222.12857142857143,13.016428571428571,,,,,,,,,,
2023-01-02,,,15.08380281690141,230.83098591549296,12.558450704225352,,,,,,,,,,
2023-01-03,,,25.369444444444444,252.88194444444446,12.677083333333334,,,,,,,,,,
2023-01-04,,,18.616083916083916,218.46853146853147,12.30979020979021,,,,,,,,,,
2023-01-05,,,16.046853146853145,248.32867132867133,12.687412587412586,,,,,,,,,,
2023-01-06,,,15.031468531468532,225.25874125874125,12.827272727272726,,,,,,,,,,
2023-01-07,,,11.125352112676056,187.28169014084506,12.654225352112677,,,,,,,,,,
2023-01-08,,,15.755944055944056,184.73426573426573,12.797902097902098,,,,,,,,,,
2023-01-09,,,11.543661971830986,147.5211267605634,12.940845070422535,,,,,,,,,,
2023-01-10,,,10.658333333333333,189.93055555555554,12.940277777777776,,,,,,,,,,
2023-01-11,,,9.529285714285713,168.17142857142858,12.839285714285714,,,,,,,,,,
2023-01-12,,,11.194326241134753,179.88652482269504,13.060283687943262,,,,,,,,,,
2023-01-13,,,6.837588652482269,170.92198581560282,13.10354609929078,,,,,,,,,,
2023-01-14,,,9.796503496503497,173.5944055944056,12.967132867132866,,,,,,,,,,
2023-01-15,,,42.620714285714286,269.35714285714283,12.619285714285715,,,,,,,,,,
2023-01-16,,,2.1,294.0,12.6,,,,,,,,,,
2023-01-17,,,43.97304964539007,270.5744680851064,12.044680851063829,,,,,,,,,,
2023-01-18,,,24.022377622377622,223.3986013986014,11.874125874125873,,,,,,,,,,
2023-01-19,,,35.51914893617021,253.97163120567376,11.67304964539007,,,,,,,,,,
2023-01-20,,,15.712676056338028,216.40845070422534,11.521830985915493,,,,,,,,,,
2023-01-21,,,46.354676258992804,291.26056338028167,11.259859154929577,,,,,,,,,,
2023-01-22,,,28.50281690140845,237.61971830985917,11.492957746478874,,,,,,,,,,
2023-01-23,,,11.048529411764704,175.66176470588235,11.882352941176471,,,,,,,,,,
2023-01-24,,,51.59148936170213,258.35664335664336,11.0,,,,,,,,,,
2023-01-25,,,51.77062937062937,264.8811188811189,10.86923076923077,,,,,,,,,,
2023-01-26,,,20.467153284671532,275.12142857142857,11.257857142857143,,,,,,,,,,
2023-01-27,,,29.59718309859155,287.4577464788732,10.705633802816902,,,,,,,,,,
2023-01-28,,,73.58285714285715,298.32394366197184,10.65774647887324,,,,,,,,,,
2023-01-29,,,35.736428571428576,240.74285714285713,10.859285714285713,,,,,,,,,,
2023-01-30,,,38.14647887323944,295.59154929577466,10.835915492957747,,,,,,,,,,
2023-01-31,,,21.473643410852713,241.42307692307693,11.716153846153846,,,,,,,,,,
2023-02-01,,,3.7594405594405598,195.98601398601397,11.911888111888112,,,,,,,,,,
2023-02-02,,,4.605633802816901,198.1056338028169,11.807042253521127,,,,,,,,,,
2023-02-03,,,5.197163120567375,242.66666666666666,12.278014184397163,,,,,,,,,,
2023-02-04,,,4.812857142857142,248.95714285714286,11.690714285714286,,,,,,,,,,
2023-02-05,,,3.9050359712230214,154.79856115107913,11.724460431654677,,,,,,,,,,
2023-02-06,,,5.18169014084507,198.93661971830986,11.849295774647887,,,,,,,,,,
2023-02-07,,,6.0542253521126765,140.31690140845072,12.257746478873239,,,,,,,,,,
2023-02-08,,,5.628873239436619,105.88732394366197,12.590845070422535,,,,,,,,,,
2023-02-09,,,5.169014084507042,250.54929577464787,12.553521126760563,,,,,,,,,,
2023-02-10,,,3.1595744680851063,151.22695035460993,12.453191489361704,,,,,,,,,,
2023-02-11,,,3.9565217391304346,126.08695652173913,12.126086956521737,,,,,,,,,,
2023-02-12,,,,,,,,,,,,,,,
2023-02-13,,,4.6875,249.625,12.2075,,,,,,,,,,
2023-02-14,,,3.5088235294117647,225.31617647058823,12.213235294117647,,,,,,,,,,
2023-02-15,,,2.928368794326241,203.72340425531914,12.178723404255319,,,,,,,,,,
2023-02-16,,,1.6,4.0,12.1,,,,,,,,,,
2023-02-17,,,3.5345323741007193,121.79856115107914,12.792805755395683,,,,,,,,,,
2023-02-18,,,3.847517730496454,159.25531914893617,12.90709219858156,,,,,,,,,,
2023-02-19,,,4.491428571428571,187.55714285714285,12.63142857142857,,,,,,,,,,
2023-02-20,,,4.618439716312057,158.91489361702128,12.190070921985816,,,,,,,,,,
2023-02-21,,,4.706993006993007,256.74825174825173,12.153846153846153,,,,,,,,,,
2023-02-22,,,4.9475524475524475,168.11888111888112,12.495104895104895,,,,,,,,,,
2023-02-23,,,4.567605633802817,120.03521126760563,12.3443661971831,,,,,,,,,,
2023-02-24,,,4.813571428571429,267.45714285714286,12.547142857142857,,,,,,,,,,
2023-02-25,,,4.392198581560283,269.3333333333333,12.451063829787236,,,,,,,,,,
2023-02-26,,,3.733098591549296,146.2112676056338,12.250704225352113,,,,,,,,,,
2023-02-27,,,3.2985714285714285,193.30714285714285,12.170714285714286,,,,,,,,,,
2023-02-28,,,4.669718309859155,138.32394366197184,12.152816901408451,,,,,,,,,,
2023-03-01,,,3.464788732394366,139.95070422535213,12.048591549295773,,,,,,,,,,
2023-03-02,,,3.3474820143884894,190.30935251798562,11.88705035971223,,,,,,,,,,
2023-03-03,,,3.369064748201439,175.28057553956833,11.85179856115108,,,,,,,,,,
2023-03-04,,,4.0312056737588655,266.73758865248226,11.837588652482271,,,,,,,,,,
2023-03-05,,,4.95886524822695,230.79432624113474,12.029078014184398,,,,,,,,,,
2023-03-06,,,4.394326241134752,158.97163120567376,12.348936170212767,,,,,,,,,,
2023-03-07,,,5.44,128.68571428571428,12.383571428571429,,,,,,,,,,
2023-03-08,,,4.595070422535211,143.68309859154928,12.41619718309859,,,,,,,,,,
2023-03-09,,,4.778723404255318,143.59574468085106,12.660283687943263,,,,,,,,,,
2023-03-10,,,3.7879032258064513,185.5241935483871,12.958870967741934,,,,,,,,,,
2023-03-11,,,4.362589928057554,111.94964028776978,13.113669064748201,,,,,,,,,,
2023-03-12,,,3.8159722222222223,151.85416666666666,13.179166666666667,,,,,,,,,,
2023-03-13,,,4.399285714285714,133.35714285714286,12.905000000000001,,,,,,,,,,
2023-03-14,,,4.095,160.7357142857143,13.0,,,,,,,,,,
2023-03-15,,,3.178169014084507,157.77464788732394,13.107746478873239,,,,,,,,,,
2023-03-16,,,2.5552447552447553,172.12587412587413,13.190909090909091,,,,,,,,,,
2023-03-17,,,2.5269503546099292,164.04964539007094,13.151063829787233,,,,,,,,,,
2023-03-18,,,2.945390070921986,138.31914893617022,13.226241134751774,,,,,,,,,,
2023-03-19,,,0.8,196.0,13.1,,,,,,,,,,
2023-03-20,,,3.4119718309859155,154.78169014084506,13.51619718309859,,,,,,,,,,
2023-03-21,,,4.551798561151079,219.25179856115108,13.67410071942446,,,,,,,,,,
2023-03-22,,,3.266901408450704,195.06338028169014,13.796478873239437,,,,,,,,,,
2023-03-23,,,5.309027777777778,194.97222222222223,14.003472222222221,,,,,,,,,,
2023-03-24,,,4.029166666666667,172.98611111111111,14.014583333333333,,,,,,,,,,
2023-03-25,,,4.145138888888889,132.03472222222223,13.918055555555556,,,,,,,,,,
2023-03-26,,,3.4145833333333333,114.42361111111111,14.054166666666667,,,,,,,,,,
2023-03-27,,,2.908333333333333,133.38194444444446,14.215972222222222,,,,,,,,,,
2023-03-28,,,4.232638888888889,122.47916666666667,14.294444444444444,,,,,,,,,,
2023-03-29,,,3.0791666666666666,143.67361111111111,14.527083333333334,,,,,,,,,,
2023-03-30,,,3.5776223776223777,127.06993006993007,14.63986013986014,,,,,,,,,,
2023-03-31,,,3.332867132867133,134.33566433566435,14.913986013986012,,,,,,,,,,
2023-04-01,,,2.8743055555555554,134.83333333333334,14.9375,,,,,,,,,,
2023-04-02,,,3.5972222222222223,149.3125,14.859027777777776,,,,,,,,,,
2023-04-03,,,5.234027777777778,183.3125,14.910416666666666,,,,,,,,,,
2023-04-04,,,3.339583333333333,141.40277777777777,15.197916666666666,,,,,,,,,,
2023-04-05,,,6.233333333333333,96.35416666666667,15.194444444444445,,,,,,,,,,
2023-04-06,,,7.481944444444445,149.75694444444446,15.202777777777776,,,,,,,,,,
2023-04-07,,,8.913888888888888,151.50694444444446,14.962499999999999,,,,,,,,,,
2023-04-08,,,6.327777777777778,138.64583333333334,14.33888888888889,,,,,,,,,,
2023-04-09,,,5.484722222222222,128.84722222222223,14.15625,,,,,,,,,,
2023-04-10,,,4.09375,125.56944444444444,14.095833333333333,,,,,,,,,,
2023-04-11,,,4.870833333333334,177.32638888888889,14.315277777777778,,,,,,,,,,
2023-04-12,,,3.611111111111111,138.22222222222223,14.44236111111111,,,,,,,,,,
2023-04-13,,,3.6958333333333337,127.27777777777777,14.51388888888889,,,,,,,,,,
2023-04-14,,,2.476388888888889,150.29166666666666,14.518055555555556,,,,,,,,,,
2023-04-15,,,3.644444444444444,157.125,14.453472222222224,,,,,,,,,,
2023-04-16,,,3.1020833333333333,138.5,14.565972222222221,,,,,,,,,,
2023-04-17,,,4.263888888888889,143.85416666666666,14.669444444444444,,,,,,,,,,
2023-04-18,,,4.8,177.128,14.7376,,,,,,,,,,
2023-04-19,,,3.2,119.0,14.9,,,,,,,,,,
2023-04-20,,,4.250694444444445,144.00694444444446,15.235416666666667,,,,,,,,,,
2023-04-21,,,4.338888888888889,204.36111111111111,15.073611111111111,,,,,,,,,,
2023-04-22,,,4.793055555555556,189.90972222222223,14.948611111111111,,,,,,,,,,
2023-04-23,,,3.917361111111111,187.25694444444446,14.900694444444447,,,,,,,,,,
2023-04-24,,,2.300699300699301,131.27272727272728,14.887412587412587,,,,,,,,,,
2023-04-25,,,2.464583333333333,176.85416666666666,14.72777777777778,,,,,,,,,,
2023-04-26,,,3.6923076923076925,103.79807692307692,14.885576923076922,,,,,,,,,,
2023-04-27,,,1.8777777777777775,188.88888888888889,15.28611111111111,,,,,,,,,,
2023-04-28,,,3.435416666666667,131.95833333333334,15.452777777777776,,,,,,,,,,
2023-04-29,,,3.4743055555555555,148.72222222222223,15.53125,,,,,,,,,,
2023-04-30,,,4.023611111111111,134.47916666666666,15.424999999999999,,,,,,,,,,
2023-05-01,,,3.642361111111111,136.05555555555554,15.438888888888888,,,,,,,,,,
2023-05-02,,,2.9506944444444443,123.40972222222223,15.749305555555557,,,,,,,,,,
2023-05-03,,,3.7354166666666666,112.39583333333333,15.672222222222224,,,,,,,,,,
2023-05-04,,,2.7319444444444443,128.29861111111111,15.73263888888889,,,,,,,,,,
2023-05-05,,,6.2868055555555555,115.25694444444444,15.649305555555555,,,,,,,,,,
2023-05-06,,,8.623776223776224,149.94405594405595,15.752447552447553,,,,,,,,,,
2023-05-07,,,8.618055555555555,163.9375,15.36597222222222,,,,,,,,,,
2023-05-08,,,6.452777777777778,141.42361111111111,15.228472222222223,,,,,,,,,,
2023-05-09,,,9.471527777777778,138.14583333333334,15.479861111111111,,,,,,,,,,
2023-05-10,,,8.024999999999999,157.53472222222223,15.70486111111111,,,,,,,,,,
2023-05-11,,,6.174545454545455,154.07272727272726,15.83,,,,,,,,,,
2023-05-12,,,6.22589928057554,164.27338129496403,16.12857142857143,,,,,,,,,,
2023-05-13,,,8.440972222222221,141.0,15.997222222222222,,,,,,,,,,
2023-05-14,,,9.184027777777779,142.18055555555554,16.180555555555557,,,,,,,,,,
2023-05-15,,,11.494444444444445,135.95833333333334,16.26736111111111,,,,,,,,,,
2023-05-16,,,11.793055555555556,133.60416666666666,16.331944444444446,,,,,,,,,,
2023-05-17,,,10.334722222222222,131.36111111111111,16.55138888888889,,,,,,,,,,
2023-05-18,,,7.736805555555555,166.63194444444446,16.322916666666668,,,,,,,,,,
2023-05-19,,,5.4631944444444445,182.79861111111111,16.277083333333334,,,,,,,,,,
2023-05-20,,,7.7,147.0,16.5,,,,,,,,,,
2023-05-21,,,7.946527777777778,157.20138888888889,16.771527777777777,,,,,,,,,,
2023-05-22,,,7.859027777777778,148.08333333333334,16.816666666666666,,,,,,,,,,
2023-05-23,,,7.665277777777778,150.01388888888889,16.744444444444444,,,,,,,,,,
2023-05-24,,,6.761940298507463,144.35555555555555,17.015555555555554,,,,,,,,,,
2023-05-25,,,11.17361111111111,174.25694444444446,17.154861111111114,,,,,,,,,,
2023-05-26,,,20.518749999999997,160.18055555555554,17.295833333333334,,,,,,,,,,
2023-05-27,,,26.26736111111111,157.46527777777777,17.39513888888889,,,,,,,,,,
2023-05-28,,,25.950694444444444,170.66666666666666,17.097916666666666,,,,,,,,,,
2023-05-29,,,12.544444444444444,148.47916666666666,17.033333333333335,,,,,,,,,,
2023-05-30,,,14.108333333333333,177.83333333333334,17.26111111111111,,,,,,,,,,
2023-05-31,,,43.1875,151.66666666666666,17.575000000000003,,,,,,,,,,
2023-06-01,,,35.19652777777778,218.96527777777777,17.638194444444444,,,,,,,,,,
2023-06-02,,,19.085416666666667,210.69444444444446,18.01388888888889,,,,,,,,,,
2023-06-03,,,15.131944444444445,185.64583333333334,18.495833333333334,,,,,,,,,,
2023-06-04,,,22.325874125874126,174.24305555555554,18.265277777777776,,,,,,,,,,
2023-06-05,,,18.674305555555556,178.51388888888889,17.92638888888889,,,,,,,,,,
2023-06-06,,,14.299305555555556,130.6875,17.70486111111111,,,,,,,,,,
2023-06-07,,,15.910416666666666,146.19444444444446,17.665277777777778,,,,,,,,,,
2023-06-08,,,15.738888888888889,148.8125,17.772916666666667,,,,,,,,,,
2023-06-09,,,12.884722222222223,117.10416666666667,17.73611111111111,,,,,,,,,,
2023-06-10,,,13.524305555555555,131.61805555555554,18.03402777777778,,,,,,,,,,
2023-06-11,,,11.215277777777779,143.3125,18.104166666666668,,,,,,,,,,
2023-06-12,,,9.0625,132.02777777777777,18.277083333333334,,,,,,,,,,
2023-06-13,,,12.350694444444445,137.54861111111111,18.722916666666666,,,,,,,,,,
2023-06-14,,,12.270138888888889,141.75,19.027083333333334,,,,,,,,,,
2023-06-15,,,11.114583333333334,134.71527777777777,19.36388888888889,,,,,,,,,,
2023-06-16,,,12.493749999999999,122.54166666666667,19.547222222222224,,,,,,,,,,
2023-06-17,,,16.43125,121.16666666666667,19.220833333333335,,,,,,,,,,
2023-06-18,,,15.402083333333334,131.80555555555554,19.195138888888888,,,,,,,,,,
2023-06-19,,,15.728346456692913,178.3671875,18.71796875,,,,,,,,,,
2023-06-20,,,5.9,57.0,18.7,,,,,,,,,,
2023-06-21,,,10.96875,139.88194444444446,19.998611111111114,,,,,,,,,,
2023-06-22,,,15.206944444444446,145.20833333333334,20.3125,,,,,,,,,,
2023-06-23,,,12.370833333333334,149.04166666666666,20.404166666666665,,,,,,,,,,
2023-06-24,,,5.490972222222222,150.88194444444446,20.413194444444443,,,,,,,,,,
2023-06-25,,,8.152777777777779,162.98611111111111,20.39236111111111,,,,,,,,,,
2023-06-26,,,7.86388888888889,136.70833333333334,20.516666666666666,,,,,,,,,,
2023-06-27,,,6.049305555555556,147.75694444444446,20.53611111111111,,,,,,,,,,
2023-06-28,,,7.856944444444445,149.0625,20.161805555555556,,,,,,,,,,
2023-06-29,,,4.804861111111111,146.36805555555554,19.681944444444444,,,,,,,,,,
2023-06-30,,,8.32638888888889,169.05555555555554,19.577083333333334,,,,,,,,,,
2023-07-01,,,6.183333333333334,184.25694444444446,19.30902777777778,,,,,,,,,,
2023-07-02,,,6.489583333333333,145.77083333333334,19.393055555555556,,,,,,,,,,
2023-07-03,,,7.814583333333333,204.84027777777777,19.402083333333334,,,,,,,,,,
2023-07-04,,,4.8999999999999995,159.39716312056737,19.43049645390071,,,,,,,,,,
2023-07-05,,,6.136111111111111,132.79861111111111,19.242361111111112,,,,,,,,,,
2023-07-06,,,6.468055555555555,192.24305555555554,18.795833333333334,,,,,,,,,,
2023-07-07,,,5.930555555555555,179.86111111111111,17.984722222222224,,,,,,,,,,
2023-07-08,,,9.296503496503497,201.4965034965035,17.98881118881119,,,,,,,,,,
2023-07-09,,,6.635416666666667,163.25,18.226388888888888,,,,,,,,,,
2023-07-10,,,4.0569444444444445,155.40972222222223,18.654861111111114,,,,,,,,,,
2023-07-11,,,5.481944444444444,146.74305555555554,18.853472222222223,,,,,,,,,,
2023-07-12,,,11.79513888888889,157.3125,18.863194444444446,,,,,,,,,,
2023-07-13,,,12.069444444444445,194.74305555555554,18.3125,,,,,,,,,,
2023-07-14,,,7.503472222222222,138.15277777777777,18.288888888888888,,,,,,,,,,
2023-07-15,,,14.23263888888889,152.55555555555554,17.929166666666667,,,,,,,,,,
2023-07-16,,,13.973611111111111,185.15277777777777,17.492361111111112,,,,,,,,,,
2023-07-17,,,17.236805555555556,213.69444444444446,17.924999999999997,,,,,,,,,,
2023-07-18,,,11.372727272727273,189.4825174825175,17.86923076923077,,,,,,,,,,
2023-07-19,,,12.993055555555555,182.8125,18.936805555555555,,,,,,,,,,
2023-07-20,,,8.144444444444444,183.92361111111111,18.795833333333334,,,,,,,,,,
2023-07-21,,,0.9,177.0,18.6,,,,,,,,,,
2023-07-22,,,5.585416666666666,204.28472222222223,19.17013888888889,,,,,,,,,,
2023-07-23,,,6.584722222222222,193.40277777777777,19.43125,,,,,,,,,,
2023-07-24,,,3.790972222222222,162.29861111111111,19.922222222222224,,,,,,,,,,
2023-07-25,,,5.670138888888889,177.26388888888889,19.745833333333334,,,,,,,,,,
2023-07-26,,,6.618055555555555,144.04861111111111,20.013194444444444,,,,,,,,,,
2023-07-27,,,7.296527777777778,155.66666666666666,20.4375,,,,,,,,,,
2023-07-28,,,8.203472222222222,159.70833333333334,20.452083333333334,,,,,,,,,,
2023-07-29,,,9.491608391608391,171.1958041958042,20.94125874125874,,,,,,,,,,
2023-07-30,,,16.425694444444446,186.72222222222223,21.53125,,,,,,,,,,
2023-07-31,,,12.590972222222224,158.125,21.34652777777778,,,,,,,,,,
2023-08-01,,,20.532638888888886,168.5625,22.09027777777778,,,,,,,,,,
2023-08-02,,,13.322222222222223,179.93055555555554,23.00625,,,,,,,,,,
2023-08-03,,,11.247916666666667,177.19444444444446,23.177083333333332,,,,,,,,,,
2023-08-04,,,8.695833333333333,168.63194444444446,21.797222222222224,,,,,,,,,,
2023-08-05,,,8.01875,186.42361111111111,21.50486111111111,,,,,,,,,,
2023-08-06,,,13.975000000000001,172.93055555555554,22.295833333333334,,,,,,,,,,
2023-08-07,,,20.81736111111111,184.55555555555554,25.094444444444445,,,,,,,,,,
2023-08-08,,,8.052777777777777,188.16666666666666,27.64236111111111,,,,,,,,,,
2023-08-09,,,8.301388888888889,183.42361111111111,27.538194444444443,,,,,,,,,,
2023-08-10,,,19.416666666666668,169.61111111111111,27.094444444444445,,,,,,,,,,
2023-08-11,,,14.672916666666667,170.63194444444446,27.147916666666667,,,,,,,,,,
2023-08-12,,,18.546527777777776,181.3125,26.843055555555555,,,,,,,,,,
2023-08-13,,,16.380555555555556,202.94444444444446,26.30138888888889,,,,,,,,,,
2023-08-14,,,15.26783216783217,174.1818181818182,26.423776223776223,,,,,,,,,,
2023-08-15,,,15.850694444444445,167.06944444444446,26.506944444444443,,,,,,,,,,
2023-08-16,,,11.029166666666667,187.76388888888889,26.547916666666666,,,,,,,,,,
2023-08-17,,,11.959722222222222,175.65972222222223,26.281944444444445,,,,,,,,,,
2023-08-18,,,12.454166666666667,181.50694444444446,26.336805555555557,,,,,,,,,,
2023-08-19,,,16.414583333333333,136.51388888888889,26.42638888888889,,,,,,,,,,
2023-08-20,,,14.898611111111112,145.93055555555554,26.671527777777776,,,,,,,,,,
2023-08-21,,,7.9,158.0,26.5,,,,,,,,,,
2023-08-22,,,13.881944444444445,146.71527777777777,26.741666666666667,,,,,,,,,,
2023-08-23,,,12.175,153.44444444444446,26.591666666666665,,,,,,,,,,
2023-08-24,,,23.95486111111111,113.6875,26.647916666666667,,,,,,,,,,
2023-08-25,,,15.46875,116.74305555555556,26.487499999999997,,,,,,,,,,
2023-08-26,,,13.956944444444444,145.34722222222223,26.289583333333333,,,,,,,,,,
2023-08-27,,,16.085416666666667,151.05555555555554,26.126388888888886,,,,,,,,,,
2023-08-28,,,21.083916083916083,140.29861111111111,26.109027777777776,,,,,,,,,,
2023-08-29,,,20.546478873239437,115.27777777777777,26.036805555555556,,,,,,,,,,
2023-08-30,,,24.85763888888889,158.43055555555554,26.002083333333335,,,,,,,,,,
2023-08-31,,,13.740845070422536,199.72535211267606,25.76267605633803,,,,,,,,,,
2023-09-01,,,40.643055555555556,127.45833333333333,25.541666666666668,,,,,,,,,,
2023-09-02,,,28.760416666666668,169.11805555555554,25.0,,,,,,,,,,
2023-09-03,,,14.228472222222223,160.52083333333334,24.865277777777777,,,,,,,,,,
2023-09-04,,,13.030555555555557,175.875,24.863194444444446,,,,,,,,,,
2023-09-05,,,15.549305555555556,217.26388888888889,25.093055555555555,,,,,,,,,,
2023-09-06,,,15.69236111111111,230.16666666666666,25.122916666666665,,,,,,,,,,
2023-09-07,,,21.453472222222224,243.34027777777777,25.049305555555556,,,,,,,,,,
2023-09-08,,,22.593055555555555,217.36111111111111,25.021527777777777,,,,,,,,,,
2023-09-09,,,31.1965034965035,215.65277777777777,25.322222222222223,,,,,,,,,,
2023-09-10,,,31.21458333333333,218.99305555555554,25.622916666666665,,,,,,,,,,
2023-09-11,,,24.135416666666668,195.20833333333334,25.929861111111112,,,,,,,,,,
2023-09-12,,,18.695138888888888,232.10416666666666,26.424305555555556,,,,,,,,,,
2023-09-13,,,22.844444444444445,246.54861111111111,26.630555555555556,,,,,,,,,,
2023-09-14,,,34.857638888888886,185.00694444444446,26.5,,,,,,,,,,
2023-09-15,,,31.71015625,162.5625,26.165625,,,,,,,,,,
2023-09-16,,,17.03421052631579,181.1315789473684,25.854545454545455,,,,,,,,,,
2023-09-17,,,32.49145299145299,109.32478632478633,25.684745762711866,,,,,,,,,,
2023-09-18,,,24.088194444444444,149.04861111111111,25.718055555555555,,,,,,,,,,
2023-09-19,,,17.42361111111111,122.61111111111111,25.429166666666667,,,,,,,,,,
2023-09-20,,,21.790972222222223,150.24305555555554,24.96875,,,,,,,,,,
2023-09-21,,,7.4,215.0,24.4,,,,,,,,,,
2023-09-22,,,22.407638888888886,170.40972222222223,24.080555555555556,,,,,,,,,,
2023-09-23,,,24.000694444444445,179.34027777777777,23.793750000000003,,,,,,,,,,
2023-09-24,,,18.22986111111111,172.49305555555554,23.56736111111111,,,,,,,,,,
2023-09-25,,,22.135416666666668,204.54166666666666,23.556944444444444,,,,,,,,,,
2023-09-26,,,26.541726618705038,172.36111111111111,23.955555555555556,,,,,,,,,,
2023-09-27,,,19.48263888888889,194.91666666666666,24.256944444444443,,,,,,,,,,
2023-09-28,,,12.838194444444445,171.43055555555554,24.36875,,,,,,,,,,
2023-09-29,,,20.48611111111111,198.29861111111111,24.436111111111114,,,,,,,,,,
2023-09-30,,,27.736805555555556,192.66666666666666,24.0875,,,,,,,,,,
2023-10-01,,,35.71597222222223,181.52083333333334,23.320833333333333,,,,,,,,,,
2023-10-02,,,32.58680555555556,144.22916666666666,22.802777777777777,,,,,,,,,,
2023-10-03,,,30.328472222222224,228.82638888888889,22.361805555555556,,,,,,,,,,
2023-10-04,,,27.92753623188406,221.31944444444446,22.281944444444445,,,,,,,,,,
2023-10-05,,,26.493055555555557,207.83333333333334,22.07361111111111,,,,,,,,,,
2023-10-06,,,29.906766917293233,200.1118881118881,21.916083916083917,,,,,,,,,,
2023-10-07,,,33.03913043478261,228.84722222222223,21.850694444444443,,,,,,,,,,
2023-10-08,,,32.60486111111111,234.39583333333334,21.6875,,,,,,,,,,
2023-10-09,,,34.18928571428572,224.61111111111111,21.65138888888889,,,,,,,,,,
2023-10-10,,,33.252482269503545,213.36805555555554,21.65347222222222,,,,,,,,,,
2023-10-11,,,33.485,205.4375,21.75486111111111,,,,,,,,,,
2023-10-12,,,36.5027972027972,203.92361111111111,21.660416666666666,,,,,,,,,,
2023-10-13,,,47.07692307692308,226.09722222222223,21.55972222222222,,,,,,,,,,
2023-10-14,,,32.79160839160839,204.98611111111111,21.800694444444446,,,,,,,,,,
2023-10-15,,,40.024647887323944,201.72916666666666,21.447916666666668,,,,,,,,,,
2023-10-16,,,35.39714285714286,218.47222222222223,20.98888888888889,,,,,,,,,,
2023-10-17,,,35.736690647482014,218.7972027972028,20.547552447552448,,,,,,,,,,
2023-10-18,,,40.19280575539568,227.49305555555554,20.34375,,,,,,,,,,
2023-10-19,,,30.697202797202795,223.47222222222223,20.15416666666667,,,,,,,,,,
2023-10-20,,,41.49214285714285,203.97916666666666,19.70138888888889,,,,,,,,,,
2023-10-21,,,34.43049645390071,198.11111111111111,18.99652777777778,,,,,,,,,,
2023-10-22,,,25.3,344.0,18.8,,,,,,,,,,
2023-10-23,,,34.66043165467626,187.47916666666666,18.761805555555554,,,,,,,,,,
2023-10-24,,,30.31760563380282,195.57638888888889,18.97152777777778,,,,,,,,,,
2023-10-25,,,39.458450704225356,212.30555555555554,19.022916666666667,,,,,,,,,,
2023-10-26,,,33.82464788732395,208.32638888888889,19.125,,,,,,,,,,
2023-10-27,,,45.212500000000006,212.94444444444446,18.811805555555555,,,,,,,,,,
2023-10-28,,,39.11944444444444,212.0,18.62222222222222,,,,,,,,,,
2023-10-29,,,29.27810218978102,189.35416666666666,18.458333333333332,,,,,,,,,,
2023-10-30,,,32.149640287769785,194.88194444444446,18.42361111111111,,,,,,,,,,
2023-10-31,,,33.63597122302158,172.39583333333334,18.318055555555556,,,,,,,,,,
2023-11-01,,,35.74074074074074,121.59027777777777,18.177083333333332,,,,,,,,,,
2023-11-02,,,36.47971014492754,152.73611111111111,18.100694444444443,,,,,,,,,,
2023-11-03,,,36.39861111111111,123.40972222222223,17.929166666666667,,,,,,,,,,
2023-11-04,,,32.845774647887325,125.79166666666667,17.793750000000003,,,,,,,,,,
2023-11-05,,,38.70071428571429,119.08333333333333,18.054166666666664,,,,,,,,,,
2023-11-06,,,42.24084507042254,141.81944444444446,18.022222222222222,,,,,,,,,,
2023-11-07,,,33.95539568345324,152.34722222222223,17.17638888888889,,,,,,,,,,
2023-11-08,,,31.683898305084742,174.91603053435114,16.375182481751825,,,,,,,,,,
2023-11-09,,,11.865277777777777,119.06944444444444,16.550694444444446,,,,,,,,,,
2023-11-10,,,13.079591836734693,125.87755102040816,16.496938775510205,,,,,,,,,,
2023-11-11,,,8.983333333333333,111.66666666666667,15.980555555555558,,,,,,,,,,
2023-11-12,,,10.409027777777778,124.59027777777777,15.537500000000001,,,,,,,,,,
2023-11-13,,,8.020833333333334,132.76388888888889,15.224305555555556,,,,,,,,,,
2023-11-14,,,6.342361111111111,144.64583333333334,15.165972222222223,,,,,,,,,,
2023-11-15,,,4.768055555555556,158.70833333333334,14.983333333333333,,,,,,,,,,
2023-11-16,,,5.5055555555555555,175.15972222222223,15.136111111111111,,,,,,,,,,
2023-11-17,,,6.964583333333334,149.86805555555554,15.089583333333334,,,,,,,,,,
2023-11-18,,,6.71875,123.26388888888889,14.479861111111111,,,,,,,,,,
2023-11-19,,,4.227083333333334,129.78472222222223,14.195138888888888,,,,,,,,,,
2023-11-20,,,3.4776223776223776,138.46853146853147,14.170629370629369,,,,,,,,,,
2023-11-21,,,4.779166666666667,127.17361111111111,14.25486111111111,,,,,,,,,,
2023-11-22,,,1.2,167.0,14.3,,,,,,,,,,
2023-11-23,,,7.220138888888889,112.80555555555556,14.731944444444444,,,,,,,,,,
2023-11-24,,,8.802777777777777,132.71527777777777,14.534722222222221,,,,,,,,,,
2023-11-25,,,5.946527777777778,126.72222222222223,14.020833333333334,,,,,,,,,,
2023-11-26,,,4.460416666666666,126.0625,14.199305555555556,,,,,,,,,,
2023-11-27,,,5.772222222222222,136.65972222222223,14.261805555555554,,,,,,,,,,
2023-11-28,,,6.314583333333333,130.74305555555554,13.988194444444444,,,,,,,,,,
2023-11-29,,,5.440972222222222,138.99305555555554,13.934027777777779,,,,,,,,,,
2023-11-30,,,6.540277777777778,138.0625,13.832638888888889,,,,,,,,,,
2023-12-01,,,5.651388888888889,128.82638888888889,13.412500000000001,,,,,,,,,,
2023-12-02,,,4.451388888888889,133.26388888888889,13.042361111111111,,,,,,,,,,
2023-12-03,,,4.305555555555555,140.89583333333334,12.920833333333334,,,,,,,,,,
2023-12-04,,,3.717361111111111,154.58333333333334,12.941666666666668,,,,,,,,,,
2023-12-05,,,3.8756944444444446,168.44444444444446,13.006944444444445,,,,,,,,,,
2023-12-06,,,5.386111111111111,128.40277777777777,12.911111111111111,,,,,,,,,,
2023-12-07,,,6.942361111111111,102.58333333333333,12.956944444444444,,,,,,,,,,
2023-12-08,,,6.584027777777778,102.73611111111111,13.234722222222222,,,,,,,,,,
2023-12-09,,,6.762499999999999,120.40277777777777,13.615277777777777,,,,,,,,,,
2023-12-10,,,4.251388888888889,154.92361111111111,13.997916666666667,,,,,,,,,,
2023-12-11,,,5.211111111111111,191.25,14.26388888888889,,,,,,,,,,
2023-12-12,,,6.36875,165.36111111111111,14.424305555555556,,,,,,,,,,
2023-12-13,,,4.385416666666667,162.625,14.41111111111111,,,,,,,,,,
2023-12-14,,,4.833333333333333,177.83333333333334,14.882638888888888,,,,,,,,,,
2023-12-15,,,5.195833333333334,150.11805555555554,15.78125,,,,,,,,,,
2023-12-16,,,7.504861111111111,156.55555555555554,15.131250000000001,,,,,,,,,,
2023-12-17,,,4.897222222222222,133.3125,14.225000000000001,,,,,,,,,,
2023-12-18,,,4.9631944444444445,147.34027777777777,13.8625,,,,,,,,,,
2023-12-19,,,4.999305555555555,128.11805555555554,13.618749999999999,,,,,,,,,,
2023-12-20,,,4.689583333333333,147.26388888888889,13.297222222222222,,,,,,,,,,
2023-12-21,,,5.832638888888889,140.47222222222223,12.786805555555555,,,,,,,,,,
2023-12-22,,,6.095138888888889,119.92361111111111,12.228472222222223,,,,,,,,,,
2023-12-23,,,6.9,138.0,12.0,,,,,,,,,,
2023-12-24,,,4.063888888888889,181.58333333333334,13.028472222222222,,,,,,,,,,
2023-12-25,,,5.429861111111111,173.04166666666666,12.934722222222222,,,,,,,,,,
2023-12-26,,,6.336805555555555,206.90277777777777,13.105555555555556,,,,,,,,,,
2023-12-27,,,5.491666666666666,256.75694444444446,13.591666666666667,,,,,,,,,,
2023-12-28,,,4.226388888888889,217.16666666666666,13.402083333333334,,,,,,,,,,
2023-12-29,,,3.5562500000000004,218.52083333333334,12.980555555555556,,,,,,,,,,
2023-12-30,,,4.788888888888889,227.69444444444446,13.061805555555557,,,,,,,,,,
2023-12-31,,,4.989583333333333,205.21527777777777,12.897222222222222,,,,,,,,,,
2024-01-01,,,3.454861111111111,200.91666666666666,12.523611111111112,,,,,,,,,,
2024-01-02,,,3.9736111111111114,161.47916666666666,12.500694444444443,,,,,,,,,,
2024-01-03,,,4.253472222222222,147.54861111111111,12.260416666666666,,,,,,,,,,
2024-01-04,,,3.39020979020979,217.17482517482517,12.141958041958041,,,,,,,,,,
2024-01-05,,,4.679166666666666,160.70833333333334,12.115277777777777,,,,,,,,,,
2024-01-06,,,3.4506944444444443,169.9375,12.075,,,,,,,,,,
2024-01-07,,,4.129166666666666,147.5,11.827083333333334,,,,,,,,,,
2024-01-08,,,3.321527777777778,162.125,11.62361111111111,,,,,,,,,,
2024-01-09,,,4.028472222222223,209.59722222222223,11.79513888888889,,,,,,,,,,
2024-01-10,,,3.9895833333333335,238.49305555555554,11.952083333333333,,,,,,,,,,
2024-01-11,,,4.719444444444445,213.82638888888889,11.804861111111112,,,,,,,,,,
2024-01-12,,,4.261805555555556,186.65972222222223,11.63888888888889,,,,,,,,,,
2024-01-13,,,4.843055555555555,203.86111111111111,11.73263888888889,,,,,,,,,,
2024-01-14,,,6.320833333333334,174.84722222222223,12.075,,,,,,,,,,
2024-01-15,,,4.998611111111111,205.65277777777777,12.175694444444444,,,,,,,,,,
2024-01-16,,,4.229166666666667,240.40277777777777,12.093055555555557,,,,,,,,,,
2024-01-17,,,3.2430555555555554,187.625,11.944444444444445,,,,,,,,,,
2024-01-18,,,4.072222222222222,205.18055555555554,12.073611111111111,,,,,,,,,,
2024-01-19,,,4.488888888888889,211.99305555555554,11.877083333333333,,,,,,,,,,
2024-01-20,,,3.5847222222222226,208.51388888888889,11.884027777777778,,,,,,,,,,
2024-01-21,,,3.1145833333333335,179.01388888888889,11.81388888888889,,,,,,,,,,
2024-01-22,,,6.8875,108.96527777777777,11.375694444444443,,,,,,,,,,
2024-01-23,,,8.8,65.0,11.2,,,,,,,,,,
2024-01-24,,,5.618055555555555,123.8125,10.893055555555556,,,,,,,,,,
2024-01-25,,,5.383333333333334,165.22222222222223,10.931944444444445,,,,,,,,,,
2024-01-26,,,5.141666666666667,190.15277777777777,11.764583333333333,,,,,,,,,,
2024-01-27,,,4.085416666666666,207.15277777777777,11.828472222222222,,,,,,,,,,
2024-01-28,,,4.230555555555556,221.09722222222223,11.811805555555557,,,,,,,,,,
2024-01-29,,,4.872916666666667,238.45833333333334,12.054861111111112,,,,,,,,,,
2024-01-30,,,5.243055555555555,264.6041666666667,12.15763888888889,,,,,,,,,,
2024-01-31,,,4.327083333333333,234.20833333333334,12.413888888888888,,,,,,,,,,
2024-02-01,,,3.466666666666667,220.18055555555554,12.309722222222222,,,,,,,,,,
2024-02-02,,,3.2784722222222222,228.44444444444446,12.002777777777778,,,,,,,,,,
2024-02-03,,,2.713888888888889,193.95833333333334,11.927083333333334,,,,,,,,,,
2024-02-04,,,3.2194444444444446,195.93055555555554,11.947916666666666,,,,,,,,,,
2024-02-05,,,4.5881944444444445,223.07638888888889,12.254166666666666,,,,,,,,,,
2024-02-06,,,3.8743055555555554,148.88194444444446,11.909027777777778,,,,,,,,,,
2024-02-07,,,3.8854166666666665,227.05555555555554,12.397222222222222,,,,,,,,,,
2024-02-08,,,3.2513888888888887,212.29166666666666,11.975694444444445,,,,,,,,,,
2024-02-09,,,3.6645833333333337,226.14583333333334,12.318055555555555,,,,,,,,,,
2024-02-10,,,5.654861111111111,148.75,11.40625,,,,,,,,,,
2024-02-11,,,6.653472222222223,140.25,11.565972222222221,,,,,,,,,,
2024-02-12,,,5.1618055555555555,147.46527777777777,11.90625,,,,,,,,,,
2024-02-13,,,6.702777777777778,138.15972222222223,11.945833333333333,,,,,,,,,,
2024-02-14,,,5.236363636363636,178.65734265734267,12.243356643356643,,,,,,,,,,
2024-02-15,,,4.8493055555555555,179.79166666666666,12.431944444444445,,,,,,,,,,
2024-02-16,,,3.943055555555555,231.56944444444446,12.446527777777778,,,,,,,,,,
2024-02-17,,,3.620833333333333,151.20833333333334,12.286805555555555,,,,,,,,,,
2024-02-18,,,2.627083333333333,174.47222222222223,12.390972222222222,,,,,,,,,,
2024-02-19,,,7.725694444444445,150.75,12.776388888888889,,,,,,,,,,
2024-02-20,,,5.204861111111111,183.69444444444446,12.799305555555556,,,,,,,,,,
2024-02-21,,,4.926388888888889,231.32638888888889,12.529166666666667,,,,,,,,,,
2024-02-22,,,5.351388888888889,164.78472222222223,12.220833333333333,,,,,,,,,,
2024-02-23,,,5.1,124.0,12.0,,,,,,,,,,
2024-02-24,,,5.798611111111111,153.11805555555554,12.12638888888889,,,,,,,,,,
2024-02-25,,,5.490277777777778,134.80555555555554,12.023611111111112,,,,,,,,,,
2024-02-26,,,4.402083333333334,162.15972222222223,11.972916666666668,,,,,,,,,,
2024-02-27,,,3.6825174825174827,189.23076923076923,11.82937062937063,,,,,,,,,,
2024-02-28,,,4.057638888888889,203.21527777777777,11.87638888888889,,,,,,,,,,
2024-02-29,,,3.348611111111111,181.92361111111111,11.981944444444444,,,,,,,,,,
2024-03-01,,,6.707070707070707,130.92156862745097,11.716666666666665,,,,,,,,,,
2024-03-02,,,5.761111111111111,150.40972222222223,11.79861111111111,,,,,,,,,,
2024-03-03,,,3.952777777777778,159.0,11.78263888888889,,,,,,,,,,
2024-03-04,,,3.8256944444444443,218.53472222222223,12.183333333333334,,,,,,,,,,
2024-03-05,,,3.9243055555555557,241.77083333333334,12.443055555555555,,,,,,,,,,
2024-03-06,,,3.26875,224.40972222222223,12.433333333333334,,,,,,,,,,
2024-03-07,,,4.242361111111111,188.86111111111111,12.294444444444444,,,,,,,,,,
2024-03-08,,,5.535416666666666,178.36805555555554,11.895833333333334,,,,,,,,,,
2024-03-09,,,4.9430555555555555,157.00694444444446,11.875,,,,,,,,,,
2024-03-10,,,6.125694444444445,150.31944444444446,11.934027777777779,,,,,,,,,,
2024-03-11,,,4.855555555555556,167.99305555555554,12.147916666666667,,,,,,,,,,
2024-03-12,,,4.168181818181819,215.60902255639098,12.237593984962405,,,,,,,,,,
2024-03-13,,,6.81875,118.63194444444444,12.283333333333333,,,,,,,,,,
2024-03-14,,,5.997222222222223,146.15972222222223,12.53263888888889,,,,,,,,,,
2024-03-15,,,5.689583333333333,128.44444444444446,12.587499999999999,,,,,,,,,,
2024-03-16,,,2.8368055555555554,173.08333333333334,12.89861111111111,,,,,,,,,,
2024-03-17,,,7.236363636363636,150.91608391608392,13.058041958041958,,,,,,,,,,
2024-03-18,,,3.1277777777777778,128.5625,13.09513888888889,,,,,,,,,,
2024-03-19,,,3.767361111111111,135.48611111111111,13.166666666666666,,,,,,,,,,
2024-03-20,,,6.307638888888889,135.125,12.8625,,,,,,,,,,
2024-03-21,,,4.232638888888889,131.55555555555554,12.763194444444444,,,,,,,,,,
2024-03-22,,,4.488888888888889,103.03472222222223,12.768055555555556,,,,,,,,,,
2024-03-23,,,3.7590277777777774,140.86111111111111,13.322222222222223,,,,,,,,,,
2024-03-24,,,3.5590277777777777,190.38194444444446,13.260416666666666,,,,,,,,,,
2024-03-25,,,11.5,151.0,13.2,,,,,,,,,,
2024-03-26,,,4.465277777777778,181.52777777777777,13.039583333333333,,,,,,,,,,
2024-03-27,,,5.382638888888889,151.10416666666666,13.155555555555557,,,,,,,,,,
2024-03-28,,,4.856249999999999,161.28472222222223,13.172916666666666,,,,,,,,,,
2024-03-29,,,7.725694444444445,115.96527777777777,13.2625,,,,,,,,,,
2024-03-30,,,8.46875,128.02083333333334,13.384722222222223,,,,,,,,,,
2024-03-31,,,4.429166666666666,145.45138888888889,13.621527777777779,,,,,,,,,,
2024-04-01,,,7.277777777777778,134.30555555555554,13.881944444444445,,,,,,,,,,
2024-04-02,,,8.327777777777778,130.31944444444446,14.006944444444445,,,,,,,,,,
2024-04-03,,,6.117361111111111,166.79861111111111,14.027777777777779,,,,,,,,,,
2024-04-04,,,5.3694444444444445,224.74305555555554,14.111805555555556,,,,,,,,,,
2024-04-05,,,6.103472222222222,168.13888888888889,14.113194444444444,,,,,,,,,,
2024-04-06,,,8.513194444444444,127.5625,14.296527777777776,,,,,,,,,,
2024-04-07,,,7.886805555555556,134.57638888888889,14.494444444444444,,,,,,,,,,
2024-04-08,,,6.957638888888889,141.44444444444446,14.519444444444446,,,,,,,,,,
2024-04-09,,,4.819444444444445,192.20138888888889,14.481944444444444,,,,,,,,,,
2024-04-10,,,4.88125,167.91666666666666,14.586805555555555,,,,,,,,,,
2024-04-11,,,6.515972222222222,133.44444444444446,14.686805555555557,,,,,,,,,,
2024-04-12,,,4.319444444444445,135.02777777777777,15.07638888888889,,,,,,,,,,
2024-04-13,,,5.987500000000001,123.13194444444444,15.464583333333334,,,,,,,,,,
2024-04-14,,,5.858333333333333,145.95138888888889,15.749305555555557,,,,,,,,,,
2024-04-15,,,7.195833333333334,138.8125,15.70138888888889,,,,,,,,,,
2024-04-16,,,10.338194444444445,127.60416666666667,15.883333333333333,,,,,,,,,,
2024-04-17,,,9.822916666666666,126.63194444444444,15.974305555555556,,,,,,,,,,
2024-04-18,,,6.331250000000001,183.33333333333334,16.050694444444446,,,,,,,,,,
2024-04-19,,,8.740972222222222,142.16666666666666,16.279166666666665,,,,,,,,,,
2024-04-20,,,8.212499999999999,201.6875,16.012500000000003,,,,,,,,,,
2024-04-21,,,5.632638888888889,218.79166666666666,15.874305555555557,,,,,,,,,,
2024-04-22,,,5.493055555555555,134.79166666666666,15.943750000000001,,,,,,,,,,
2024-04-23,,,6.0412587412587415,164.74825174825176,15.864335664335664,,,,,,,,,,
2024-04-24,,,6.702083333333333,126.36805555555556,16.103472222222223,,,,,,,,,,
2024-04-26,,,6.452083333333333,117.28472222222223,16.25347222222222,,,,,,,,,,
2024-04-27,,,7.029166666666667,147.85416666666666,16.560416666666665,,,,,,,,,,
2024-04-28,,,6.354861111111111,164.47222222222223,16.80902777777778,,,,,,,,,,
2024-04-29,,,6.011111111111111,171.07638888888889,16.602777777777778,,,,,,,,,,
2024-04-30,,,6.81875,138.01388888888889,16.737499999999997,,,,,,,,,,
2024-05-01,,,5.013194444444444,160.33333333333334,16.525694444444444,,,,,,,,,,
2024-05-02,,,6.21875,154.52777777777777,16.478472222222223,,,,,,,,,,
2024-05-03,,,6.990972222222222,135.47222222222223,16.88888888888889,,,,,,,,,,
2024-05-04,,,8.378472222222221,131.24305555555554,17.291666666666668,,,,,,,,,,
2024-05-05,,,7.263194444444445,129.69444444444446,17.296527777777776,,,,,,,,,,
2024-05-06,,,12.870833333333334,118.34722222222223,17.68125,,,,,,,,,,
2024-05-07,,,11.955555555555556,144.6875,17.234722222222224,,,,,,,,,,
2024-05-08,,,5.706250000000001,164.58333333333334,16.68263888888889,,,,,,,,,,
2024-05-09,,,8.911111111111111,131.38888888888889,16.663194444444443,,,,,,,,,,
2024-05-10,,,9.636363636363637,135.8881118881119,16.841958041958044,,,,,,,,,,
2024-05-11,,,10.291608391608392,144.8041958041958,17.05104895104895,,,,,,,,,,
2024-05-12,,,7.938888888888889,152.48611111111111,17.238194444444446,,,,,,,,,,
2024-05-13,,,8.533333333333333,169.21527777777777,17.31736111111111,,,,,,,,,,
2024-05-14,,,9.159027777777778,117.60416666666667,17.55902777777778,,,,,,,,,,
2024-05-15,,,9.76736111111111,132.19444444444446,18.32638888888889,,,,,,,,,,
2024-05-16,,,16.481250000000003,135.46527777777777,18.24722222222222,,,,,,,,,,
2024-05-17,,,9.743749999999999,114.34722222222223,18.047916666666666,,,,,,,,,,
2024-05-18,,,14.264583333333333,124.59027777777777,18.336111111111112,,,,,,,,,,
2024-05-19,,,10.879861111111111,130.11111111111111,18.750694444444445,,,,,,,,,,
2024-05-20,,,10.023076923076923,127.64335664335664,18.96853146853147,,,,,,,,,,
2024-05-21,,,4.731481481481482,150.69291338582678,18.831944444444446,,,,,,,,,,
2024-05-22,,,0.0,0.0,17.60839160839161,,,,,,,,,,
2024-05-23,,,,,17.588111888111886,,,,,,,,,,
2024-05-24,,,,,17.555555555555557,,,,,,,,,,
2024-05-25,,,,,17.70486111111111,,,,,,,,,,
2024-05-26,,,,,17.6,,,,,,,,,,
2024-05-27,,,,,17.93472222222222,,,,,,,,,,
2024-05-28,,,,,17.62847222222222,,,,,,,,,,
2024-05-29,,,,,17.93125,,,,,,,,,,
2024-05-30,,,,,17.959027777777777,,,,,,,,,,
2024-05-31,,,,,17.993055555555557,,,,,,,,,,
2024-06-01,,,,,18.204895104895105,,,,,,,,,,
2024-06-02,,,,,18.720833333333335,,,,,,,,,,
2024-06-03,,,,,18.47222222222222,,,,,,,,,,
2024-06-04,,,,,18.299999999999997,,,,,,,,,,
2024-06-05,,,,,18.575000000000003,,,,,,,,,,
2024-06-06,,,,,18.851388888888888,,,,,,,,,,
2024-06-07,,,,,18.9,,,,,,,,,,
2024-06-08,,,,,,,,,,,,,,,
2024-06-09,,,,,,,,,,,,,,,
2024-06-10,,,,,,,,,,,,,,,
2024-06-11,,,,,,,,,,,,,,,
2024-06-12,,,,,,,,,,,,,,,
2024-06-13,,,,,,,,,,,,,,,
2024-06-14,,,,,,,,,,,,,,,
2024-06-15,,,,,,,,,,,,,,,
2024-06-16,,,,,,,,,,,,,,,
2024-06-17,,,,,,,,,,,,,,,
2024-06-18,,,,,,,,,,,,,,,
2024-06-19,,,,,,,,,,,,,,,
2024-06-20,,,,,,,,,,,,,,,
2024-06-21,,,,,,,,,,,,,,,
2024-06-22,,,,,,,,,,,,,,,
2024-06-23,,,,,,,,,,,,,,,
2024-06-24,,,,,,,,,,,,,,,
2024-06-25,,,,,,,,,,,,,,,
2024-06-26,,,,,,,,,,,,,,,
2024-06-27,,,,,,,,,,,,,,,
2024-06-28,,,,,,,,,,,,,,,
2024-06-29,,,,,,,,,,,,,,,
2024-06-30,,,,,,,,,,,,,,,
2024-07-01,,,,,,,,,,,,,,,
2024-07-02,,,,,,,,,,,,,,,
2024-07-03,,,,,,,,,,,,,,,
2024-07-04,,,,,,,,,,,,,,,
2024-07-05,,,,,,,,,,,,,,,
2024-07-06,,,,,,,,,,,,,,,
2024-07-07,,,,,,,,,,,,,,,
2024-07-08,,,,,,,,,,,,,,,
2024-07-09,,,,,,,,,,,,,,,
2024-07-10,,,,,,,,,,,,,,,
2024-07-11,,,,,,,,,,,,,,,
2024-07-12,,,,,,,,,,,,,,,
2024-07-13,,,,,,,,,,,,,,,
2024-07-14,,,,,,,,,,,,,,,
2024-07-15,,,,,,,,,,,,,,,
2024-07-16,,,,,,,,,,,,,,,
2024-07-17,,,,,,,,,,,,,,,
2024-07-18,,,,,,,,,,,,,,,
2024-07-19,,,,,,,,,,,,,,,
2024-07-20,,,,,,,,,,,,,,,
2024-07-21,,,,,,,,,,,,,,,
2024-07-22,,,,,,,,,,,,,,,
2024-07-23,,,,,,,,,,,,,,,
2024-07-24,,,,,,,,,,,,,,,
2024-07-25,,,,,,,,,,,,,,,
2024-07-26,,,,,,,,,,,,,,,
2024-07-27,,,,,,,,,,,,,,,
2024-07-28,,,,,,,,,,,,,,,
2024-07-29,,,,,,,,,,,,,,,
2024-07-30,,,,,,,,,,,,,,,
2024-07-31,,,,,,,,,,,,,,,
2024-08-01,,,,,,,,,,,,,,,
2024-08-02,,,,,,,,,,,,,,,
2024-08-03,,,,,,,,,,,,,,,
2024-08-04,,,,,,,,,,,,,,,
2024-08-05,,,1.85,116.0,30.1,,,,,,,,,,
2024-08-06,,,9.792307692307693,102.45588235294117,25.040298507462687,,,,,,,,,,
2024-08-07,,,9.418055555555556,120.55555555555556,25.24513888888889,,,,,,,,,,
2024-08-08,,,12.597222222222221,120.19444444444444,25.139583333333334,,,,,,,,,,
2024-08-09,,,9.931249999999999,112.86805555555556,24.56736111111111,,,,,,,,,,
2024-08-10,,,11.303472222222222,139.20138888888889,24.794444444444444,,,,,,,,,,
2024-08-11,,,8.328472222222222,113.04861111111111,25.752083333333335,,,,,,,,,,
2024-08-12,,,9.161805555555555,174.90972222222223,26.149305555555557,,,,,,,,,,
2024-08-13,,,16.428472222222222,282.2083333333333,27.60763888888889,,,,,,,,,,
2024-08-14,,,12.653472222222222,303.5208333333333,28.59444444444445,,,,,,,,,,
2024-08-15,,,13.368055555555555,313.1875,29.220138888888886,,,,,,,,,,
2024-08-16,,,7.593006993006993,242.006993006993,29.365034965034965,,,,,,,,,,
2024-08-17,,,3.904166666666667,138.72916666666666,29.591666666666665,,,,,,,,,,
2024-08-18,,,6.124305555555555,147.21527777777777,29.53541666666667,,,,,,,,,,
2024-08-19,,,7.820138888888888,137.40277777777777,29.303472222222222,,,,,,,,,,
2024-08-20,,,11.702777777777778,136.25,28.53888888888889,,,,,,,,,,
2024-08-21,,,16.34722222222222,127.75,27.481944444444444,,,,,,,,,,
2024-08-22,,,14.245833333333334,121.625,25.649305555555557,,,,,,,,,,
2024-08-23,,,15.091666666666665,117.59722222222223,24.209722222222222,,,,,,,,,,
2024-08-24,,,14.022916666666667,118.15277777777777,22.4125,,,,,,,,,,
2024-08-25,,,12.240972222222222,134.29166666666666,22.254166666666666,,,,,,,,,,
2024-08-26,,,13.775524475524476,123.55944055944056,22.884615384615383,,,,,,,,,,
2024-08-27,,,22.3,118.0,23.5,,,,,,,,,,
2024-08-28,,,17.489583333333332,275.93055555555554,25.970138888888886,,,,,,,,,,
2024-08-29,,,6.536111111111111,259.1041666666667,26.80763888888889,,,,,,,,,,
2024-08-30,,,4.9625,114.74305555555556,26.970833333333335,,,,,,,,,,
2024-08-31,,,5.016666666666667,155.875,26.924999999999997,,,,,,,,,,
2024-09-01,,,4.4319444444444445,154.81944444444446,27.12013888888889,,,,,,,,,,
2024-09-02,,,6.002083333333333,143.84722222222223,27.0875,,,,,,,,,,
2024-09-03,,,12.615277777777777,149.5,26.606944444444444,,,,,,,,,,
2024-09-04,,,5.846527777777777,155.94444444444446,26.516666666666666,,,,,,,,,,
2024-09-05,,,5.811111111111111,139.04166666666666,26.77847222222222,,,,,,,,,,
2024-09-06,,,5.369565217391305,134.65217391304347,26.900000000000002,,,,,,,,,,
2024-09-07,,,6.719444444444445,114.76388888888889,27.116438356164384,,,,,,,,,,
2024-09-08,,,6.904195804195804,133.72727272727272,27.248251748251747,,,,,,,,,,
2024-09-09,,,7.512499999999999,114.04166666666667,27.406944444444445,,,,,,,,,,
2024-09-10,,,6.210416666666666,98.65972222222223,27.752083333333335,,,,,,,,,,
2024-09-11,,,6.311888111888112,104.7972027972028,28.04125874125874,,,,,,,,,,
2024-09-12,,,5.456944444444444,118.06944444444444,28.302083333333332,,,,,,,,,,
2024-09-13,,,5.947916666666667,109.875,28.619444444444444,,,,,,,,,,
2024-09-14,,,3.9664335664335666,135.37062937062936,28.77972027972028,,,,,,,,,,
2024-09-15,,,5.966433566433567,147.7762237762238,28.567832167832165,,,,,,,,,,
2024-09-16,,,4.522377622377623,185.6153846153846,28.29090909090909,,,,,,,,,,
2024-09-17,,,5.895138888888889,178.27083333333334,28.452083333333334,,,,,,,,,,
2024-09-18,,,6.019444444444444,115.81944444444444,28.641666666666666,,,,,,,,,,
2024-09-19,,,6.873611111111111,124.22222222222223,28.27847222222222,,,,,,,,,,
2024-09-20,,,9.858333333333333,109.01388888888889,27.705555555555556,,,,,,,,,,
2024-09-21,,,14.023611111111112,122.07638888888889,26.47152777777778,,,,,,,,,,
2024-09-22,,,7.518181818181818,165.63636363636363,25.196503496503496,,,,,,,,,,
2024-09-23,,,5.195070422535212,140.03521126760563,25.016901408450703,,,,,,,,,,
2024-09-24,,,5.854166666666667,116.79861111111111,25.280555555555555,,,,,,,,,,
2024-09-25,,,5.122916666666667,94.82638888888889,25.420833333333334,,,,,,,,,,
2024-09-26,,,4.780555555555555,100.09722222222223,25.76388888888889,,,,,,,,,,
2024-09-27,,,1.1,27.0,25.9,,,,,,,,,,
2024-09-28,,,3.3895833333333334,141.48611111111111,25.984722222222224,,,,,,,,,,
2024-09-29,,,3.1243055555555554,132.17361111111111,25.739583333333332,,,,,,,,,,
2024-09-30,,,4.114583333333333,152.15277777777777,25.760416666666668,,,,,,,,,,
2024-10-01,,,6.583333333333333,98.94444444444444,25.71388888888889,,,,,,,,,,
2024-10-02,,,5.609722222222222,108.71527777777777,25.143749999999997,,,,,,,,,,
2024-10-03,,,3.699305555555556,178.75,24.493055555555557,,,,,,,,,,
2024-10-04,,,3.564788732394366,213.72535211267606,24.14154929577465,,,,,,,,,,
2024-10-05,,,2.738732394366197,171.16901408450704,24.058450704225354,,,,,,,,,,
2024-10-06,,,3.2979166666666666,128.85416666666666,23.880555555555553,,,,,,,,,,
2024-10-07,,,4.908333333333333,101.34722222222223,23.8375,,,,,,,,,,
2024-10-08,,,4.369230769230769,120.11888111888112,23.846853146853146,,,,,,,,,,
2024-10-09,,,5.0375,99.96527777777777,23.63125,,,,,,,,,,
2024-10-10,,,4.165972222222222,122.63888888888889,23.384722222222223,,,,,,,,,,
2024-10-11,,,4.821527777777778,128.09722222222223,23.484722222222224,,,,,,,,,,
2024-10-12,,,4.06875,116.45138888888889,23.561805555555555,,,,,,,,,,
2024-10-13,,,3.4145833333333333,112.61805555555556,23.5,,,,,,,,,,
2024-10-14,,,3.7608391608391605,136.94405594405595,23.41888111888112,,,,,,,,,,
2024-10-15,,,8.672222222222222,104.66666666666667,23.313194444444445,,,,,,,,,,
2024-10-16,,,8.083216783216784,100.75524475524476,23.241958041958043,,,,,,,,,,
2024-10-17,,,5.145138888888889,109.9375,22.92361111111111,,,,,,,,,,
2024-10-18,,,6.259722222222222,78.98611111111111,22.7125,,,,,,,,,,
2024-10-19,,,6.038888888888889,120.66666666666667,22.443055555555556,,,,,,,,,,
2024-10-20,,,4.9006944444444445,159.94444444444446,21.415277777777778,,,,,,,,,,
2024-10-21,,,3.4734265734265732,129.62937062937064,21.116901408450705,,,,,,,,,,
2024-10-22,,,6.495070422535211,189.44366197183098,21.345774647887325,,,,,,,,,,
2024-10-23,,,12.363194444444444,108.43055555555556,21.485416666666666,,,,,,,,,,
2024-10-24,,,8.245833333333334,101.99305555555556,21.611805555555556,,,,,,,,,,
2024-10-25,,,3.6069444444444443,86.63888888888889,21.643055555555556,,,,,,,,,,
2024-10-26,,,3.102777777777778,116.03472222222223,21.481944444444444,,,,,,,,,,
2024-10-27,,,4.297916666666667,93.13888888888889,21.44861111111111,,,,,,,,,,
2024-10-28,,,5.9,140.0,21.4,,,,,,,,,,
2024-10-29,,,3.270138888888889,137.61111111111111,20.989583333333332,,,,,,,,,,
2024-10-30,,,3.3503496503496506,137.14685314685315,20.995804195804197,,,,,,,,,,
2024-10-31,,,2.1948979591836735,178.55102040816325,20.9,,,,,,,,,,
2024-11-01,,,3.9010000000000002,122.69,20.72079207920792,,,,,,,,,,
2024-11-02,,,4.675694444444444,146.68055555555554,20.518055555555556,,,,,,,,,,
2024-11-03,,,4.371527777777778,111.65972222222223,20.522222222222222,,,,,,,,,,
2024-11-04,,,4.9139860139860145,116.67361111111111,20.437762237762236,,,,,,,,,,
2024-11-05,,,4.890277777777778,97.79861111111111,20.399305555555557,,,,,,,,,,
2024-11-06,,,5.557638888888889,103.80555555555556,19.99722222222222,,,,,,,,,,
2024-11-07,,,4.272222222222222,110.13194444444444,19.691666666666666,,,,,,,,,,
2024-11-08,,,2.632857142857143,127.81428571428572,19.609285714285715,,,,,,,,,,
2024-11-09,,,3.6902777777777778,113.08333333333333,19.639583333333334,,,,,,,,,,
2024-11-10,,,3.0784722222222225,92.76388888888889,19.56041666666667,,,,,,,,,,
2024-11-11,,,3.337762237762238,115.96503496503496,19.60909090909091,,,,,,,,,,
2024-11-12,,,2.808333333333333,118.63194444444444,19.63888888888889,,,,,,,,,,
2024-11-13,,,2.8541666666666665,161.40972222222223,19.584722222222226,,,,,,,,,,
2024-11-14,,,3.245833333333333,197.36111111111111,19.429166666666664,,,,,,,,,,
2024-11-15,,,2.9312500000000004,146.8125,19.395833333333332,,,,,,,,,,
2024-11-16,,,2.8020833333333335,187.47916666666666,19.404861111111114,,,,,,,,,,
2024-11-17,,,5.013888888888889,132.46527777777777,19.20347222222222,,,,,,,,,,
2024-11-18,,,4.697222222222222,122.22222222222223,18.61111111111111,,,,,,,,,,
2024-11-19,,,2.8153846153846156,135.73426573426573,18.174125874125874,,,,,,,,,,
2024-11-20,,,2.817985611510791,136.5251798561151,18.010791366906474,,,,,,,,,,
2024-11-21,,,2.983941605839416,159.85507246376812,17.914492753623186,,,,,,,,,,
2024-11-22,,,2.507086614173228,137.0236220472441,17.683464566929135,,,,,,,,,,
2024-11-23,,,2.7218045112781954,198.044776119403,17.55373134328358,,,,,,,,,,
2024-11-24,,,3.548611111111111,235.41666666666666,17.81875,,,,,,,,,,
2024-11-25,,,2.958741258741259,199.54545454545453,17.688111888111887,,,,,,,,,,
2024-11-26,,,4.740972222222222,139.34722222222223,17.257638888888888,,,,,,,,,,
2024-11-27,,,5.167441860465116,110.26356589147287,16.710852713178298,,,,,,,,,,
2024-11-28,,,,114.0,16.3,,,,,,,,,,
2024-11-29,,,3.0381944444444446,97.875,15.734027777777776,,,,,,,,,,
2024-11-30,,,3.788888888888889,106.47916666666667,15.492361111111112,,,,,,,,,,
2024-12-01,,,3.6812500000000004,136.08333333333334,15.53611111111111,,,,,,,,,,
2024-12-02,,,4.348611111111111,110.15972222222223,15.511805555555554,,,,,,,,,,
2024-12-03,,,3.0229166666666667,149.50694444444446,15.467361111111112,,,,,,,,,,
2024-12-04,,,3.6180555555555554,112.31944444444444,15.125,,,,,,,,,,
2024-12-05,,,3.636805555555556,116.95138888888889,14.91111111111111,,,,,,,,,,
2024-12-06,,,2.5479166666666666,107.82638888888889,14.587499999999999,,,,,,,,,,
2024-12-07,,,3.220833333333333,120.72916666666667,14.33888888888889,,,,,,,,,,
2024-12-08,,,3.5180555555555557,125.84722222222223,13.971527777777778,,,,,,,,,,
2024-12-09,,,2.7895833333333333,175.55555555555554,13.77361111111111,,,,,,,,,,
2024-12-10,,,4.759722222222222,243.04166666666666,14.368749999999999,,,,,,,,,,
2024-12-11,,,4.810416666666667,260.4236111111111,14.847916666666666,,,,,,,,,,
2024-12-12,,,4.042361111111111,199.15972222222223,14.761111111111111,,,,,,,,,,
2024-12-13,,,3.5541666666666667,129.96527777777777,14.127083333333333,,,,,,,,,,
2024-12-14,,,4.643055555555556,191.23611111111111,13.459722222222222,,,,,,,,,,
2024-12-15,,,4.207638888888889,116.88888888888889,13.072916666666666,,,,,,,,,,
2024-12-16,,,4.059722222222223,147.79861111111111,12.752083333333333,,,,,,,,,,
2024-12-17,,,3.497916666666667,211.56944444444446,12.634027777777778,,,,,,,,,,
2024-12-18,,,3.5381944444444446,203.49305555555554,12.496527777777779,,,,,,,,,,
2024-12-19,,,4.223611111111111,240.75694444444446,12.677083333333334,,,,,,,,,,
2024-12-20,,,4.827777777777778,202.09027777777777,13.009722222222223,,,,,,,,,,
2024-12-21,,,3.9268656716417913,127.45185185185186,12.57037037037037,,,,,,,,,,
2024-12-22,,,5.120338983050848,121.0,12.069491525423729,,,,,,,,,,
2024-12-23,,,2.6042553191489364,163.5531914893617,11.90421052631579,,,,,,,,,,
2024-12-24,,,2.6618055555555555,172.22916666666666,11.820138888888888,,,,,,,,,,
2024-12-25,,,3.734027777777778,150.72916666666666,12.360416666666667,,,,,,,,,,
2024-12-26,,,3.886111111111111,159.54861111111111,12.05,,,,,,,,,,
2024-12-27,,,4.433333333333334,174.90277777777777,12.153472222222222,,,,,,,,,,
2024-12-28,,,3.9111111111111114,148.35416666666666,11.96875,,,,,,,,,,
2024-12-29,,,2.6,73.0,11.6,,,,,,,,,,
2024-12-30,,,6.083333333333333,188.44444444444446,12.533333333333333,,,,,,,,,,
2024-12-31,,,4.915277777777778,172.875,12.573611111111111,,,,,,,,,,
2025-01-01,,,5.327777777777778,235.54861111111111,12.582638888888889,,,,,,,,,,
2025-01-02,,,5.502777777777777,261.49305555555554,13.020138888888889,,,,,,,,,,
2025-01-03,,,3.3699999999999997,185.15267175572518,12.551785714285714,,,,,,,,,,
2025-01-04,,,5.1725,174.19540229885058,13.013513513513514,,,,,,,,,,
2025-01-05,,,4.666666666666667,94.21875,13.13846153846154,,,,,,,,,,
2025-01-06,,,4.585106382978723,177.20833333333334,13.05111111111111,,,,,,,,,,
2025-01-07,,,4.768571428571429,71.81944444444444,12.202985074626866,,,,,,,,,,
2025-01-08,,,3.669565217391304,100.08219178082192,12.025757575757577,,,,,,,,,,
2025-01-09,,,3.652054794520548,89.8108108108108,11.251470588235295,,,,,,,,,,
2025-01-10,,,3.1202531645569622,126.4375,10.730263157894736,,,,,,,,,,
2025-01-11,,,3.7987499999999996,158.05,11.243421052631579,,,,,,,,,,
2025-01-12,,,4.984848484848484,78.64179104477611,10.86190476190476,,,,,,,,,,
2025-01-13,,,5.163793103448276,96.98333333333333,11.409090909090908,,,,,,,,,,
2025-01-14,,,4.756862745098039,104.15384615384616,11.646808510638298,,,,,,,,,,
2025-01-15,,,5.236206896551724,113.71186440677967,11.739285714285714,,,,,,,,,,
2025-01-16,,,6.1734375,125.29230769230769,11.478333333333333,,,,,,,,,,
2025-01-17,,,5.458620689655172,220.7865168539326,11.83977272727273,,,,,,,,,,
2025-01-18,,,5.480555555555556,225.34027777777777,11.763194444444444,,,,,,,,,,
2025-01-19,,,4.457638888888889,224.95833333333334,11.647222222222222,,,,,,,,,,
2025-01-20,,,3.7180555555555554,243.59027777777777,11.761111111111111,,,,,,,,,,
2025-01-21,,,3.2305555555555556,239.58333333333334,11.681944444444445,,,,,,,,,,
2025-01-22,,,3.582517482517482,219.34265734265733,11.674125874125874,,,,,,,,,,
2025-01-23,,,3.3909722222222225,257.19444444444446,11.760416666666666,,,,,,,,,,
2025-01-24,,,4.033333333333333,257.88194444444446,11.779166666666667,,,,,,,,,,
2025-01-25,,,3.4194444444444443,234.60416666666666,11.806944444444445,,,,,,,,,,
2025-01-26,,,2.9965277777777777,231.77083333333334,11.632638888888888,,,,,,,,,,
2025-01-27,,,3.927777777777778,147.77083333333334,11.42013888888889,,,,,,,,,,
2025-01-28,,,6.397916666666666,123.57638888888889,11.10625,,,,,,,,,,
2025-01-29,,,6.0,97.0,10.7,,,,,,,,,,
2025-01-30,,,6.877083333333333,180.77083333333334,10.994444444444445,,,,,,,,,,
2025-01-31,,,6.686111111111111,248.99305555555554,11.52986111111111,,,,,,,,,,
2025-02-01,,,5.472727272727273,262.4475524475524,11.894405594405594,,,,,,,,,,
2025-02-02,,,3.5965277777777778,166.15277777777777,11.34375,,,,,,,,,,
2025-02-03,,,4.997222222222223,148.00694444444446,10.719444444444443,,,,,,,,,,
2025-02-04,,,2.9124999999999996,127.76388888888889,10.492361111111112,,,,,,,,,,
2025-02-05,,,2.7874999999999996,140.19444444444446,10.206944444444444,,,,,,,,,,
2025-02-06,,,3.0652777777777778,198.19444444444446,10.198611111111111,,,,,,,,,,
2025-02-07,,,4.195833333333334,154.89583333333334,9.8875,,,,,,,,,,
2025-02-08,,,3.5812500000000003,115.13194444444444,9.408333333333333,,,,,,,,,,
2025-02-09,,,4.292307692307692,239.25874125874125,10.307692307692308,,,,,,,,,,
2025-02-10,,,4.420138888888889,191.90277777777777,10.60625,,,,,,,,,,
2025-02-11,,,6.077083333333333,268.61805555555554,10.976388888888888,,,,,,,,,,
2025-02-12,,,4.105555555555556,206.54861111111111,11.059722222222222,,,,,,,,,,
2025-02-13,,,3.411111111111111,192.36805555555554,10.40763888888889,,,,,,,,,,
2025-02-14,,,3.945138888888889,189.45833333333334,10.395138888888889,,,,,,,,,,
2025-02-15,,,4.470138888888889,211.71527777777777,10.578472222222222,,,,,,,,,,
2025-02-16,,,4.843055555555555,157.95833333333334,10.617361111111112,,,,,,,,,,
2025-02-17,,,3.397222222222222,182.94444444444446,10.280555555555557,,,,,,,,,,
2025-02-18,,,3.240277777777778,153.43055555555554,10.175694444444444,,,,,,,,,,
2025-02-19,,,3.1375,217.96527777777777,10.145138888888889,,,,,,,,,,
2025-02-20,,,3.7562499999999996,200.92361111111111,10.115277777777777,,,,,,,,,,
2025-02-21,,,3.39375,227.375,10.101388888888888,,,,,,,,,,
2025-02-22,,,2.5368055555555555,190.125,9.859027777777778,,,,,,,,,,
2025-02-23,,,3.0006944444444446,172.22222222222223,9.740277777777777,,,,,,,,,,
2025-02-24,,,4.093055555555555,178.6875,9.886805555555556,,,,,,,,,,
2025-02-25,,,3.4659722222222222,191.23611111111111,10.15625,,,,,,,,,,
2025-02-26,,,5.011111111111111,196.48611111111111,10.448611111111111,,,,,,,,,,
2025-02-27,,,5.183333333333334,243.31944444444446,10.678472222222222,,,,,,,,,,
2025-02-28,,,4.638888888888889,193.53472222222223,10.723611111111111,,,,,,,,,,
2025-03-01,,,1.4,248.0,10.8,,,,,,,,,,
2025-03-02,,,4.874305555555555,248.90972222222223,10.756250000000001,,,,,,,,,,
2025-03-03,,,6.622916666666667,202.29861111111111,10.472222222222221,,,,,,,,,,
2025-03-04,,,5.600694444444445,216.72222222222223,10.240277777777777,,,,,,,,,,
2025-03-05,,,3.357638888888889,222.54861111111111,9.83125,,,,,,,,,,
2025-03-06,,,2.521527777777778,184.10416666666666,9.802777777777777,,,,,,,,,,
2025-03-07,,,2.6506944444444445,178.86805555555554,9.968055555555557,,,,,,,,,,
2025-03-08,,,2.801388888888889,153.80555555555554,10.488888888888889,,,,,,,,,,
2025-03-09,,,3.0243055555555554,225.68055555555554,10.832638888888889,,,,,,,,,,
2025-03-10,,,2.2979166666666666,179.51388888888889,10.76875,,,,,,,,,,
2025-03-11,,,2.709722222222222,175.10416666666666,10.904166666666667,,,,,,,,,,
2025-03-12,,,3.8354166666666663,130.28472222222223,11.057638888888889,,,,,,,,,,
2025-03-13,,,2.6430555555555557,226.94444444444446,11.139583333333333,,,,,,,,,,
2025-03-14,,,3.021527777777778,203.21527777777777,11.207638888888889,,,,,,,,,,
2025-03-15,,,4.748611111111111,187.09027777777777,11.269444444444444,,,,,,,,,,
2025-03-16,,,4.145138888888889,144.45833333333334,11.06875,,,,,,,,,,
2025-03-17,,,3.4840277777777775,125.9375,10.8625,,,,,,,,,,
2025-03-18,,,3.912962962962963,140.5,10.896296296296295,,,,,,,,,,
2025-03-19,,,3.4730337078651687,106.98876404494382,10.853333333333333,,,,,,,,,,
2025-03-20,,,5.635416666666667,139.95138888888889,10.90625,,,,,,,,,,
2025-03-21,,,7.697916666666667,111.34027777777777,11.077083333333333,,,,,,,,,,
2025-03-22,,,8.272222222222222,64.85416666666667,11.29375,,,,,,,,,,
2025-03-23,,,10.367361111111112,30.791666666666668,11.643055555555556,,,,,,,,,,
2025-03-24,,,12.5,41.11805555555556,11.79513888888889,,,,,,,,,,
2025-03-25,,,6.743055555555555,88.41666666666667,11.950694444444444,,,,,,,,,,
2025-03-26,,,5.875694444444445,77.14583333333333,12.329166666666667,,,,,,,,,,
2025-03-27,,,8.243055555555555,79.92361111111111,12.520833333333334,,,,,,,,,,
2025-03-28,,,4.677777777777778,143.30555555555554,12.41388888888889,,,,,,,,,,
2025-03-29,,,4.8069444444444445,100.4375,12.168055555555556,,,,,,,,,,
2025-03-30,,,5.955555555555556,119.20833333333333,11.861805555555556,,,,,,,,,,
2025-03-31,,,5.850694444444445,143.27083333333334,11.790972222222221,,,,,,,,,,
2025-04-01,,,1.9,224.0,11.7,,,,,,,,,,
2025-04-02,,,5.4631944444444445,116.16666666666667,11.95138888888889,,,,,,,,,,
2025-04-03,,,3.957638888888889,125.83333333333333,12.019444444444444,,,,,,,,,,
2025-04-04,,,3.900694444444445,138.84027777777777,12.233333333333333,,,,,,,,,,
2025-04-05,,,3.720833333333333,109.0,12.202083333333333,,,,,,,,,,
2025-04-06,,,4.850694444444445,97.61111111111111,12.18888888888889,,,,,,,,,,
2025-04-07,,,3.990277777777778,137.30555555555554,12.290972222222223,,,,,,,,,,
2025-04-08,,,4.43125,120.47222222222223,12.36111111111111,,,,,,,,,,
2025-04-09,,,4.608333333333333,138.04166666666666,12.757638888888888,,,,,,,,,,
2025-04-10,,,5.092361111111111,122.125,12.864583333333334,,,,,,,,,,
2025-04-11,,,4.65625,139.75694444444446,13.136805555555556,,,,,,,,,,
2025-04-12,,,5.282638888888889,122.11805555555556,13.204166666666667,,,,,,,,,,
2025-04-13,,,4.6875,133.61805555555554,12.822222222222223,,,,,,,,,,
2025-04-14,,,5.214583333333334,106.86111111111111,12.473611111111111,,,,,,,,,,
2025-04-15,,,5.145833333333333,118.42361111111111,12.259722222222221,,,,,,,,,,
2025-04-16,,,4.017777777777778,111.78518518518518,12.253333333333334,,,,,,,,,,
2025-04-17,,,4.402777777777778,77.22222222222223,12.443055555555555,,,,,,,,,,
2025-04-18,,,5.204861111111111,79.57638888888889,12.629166666666666,,,,,,,,,,
2025-04-19,,,4.904166666666667,69.25,13.088194444444445,,,,,,,,,,
2025-04-20,,,3.51875,148.72916666666666,12.952777777777778,,,,,,,,,,
2025-04-21,,,3.6631944444444446,162.96527777777777,13.095833333333333,,,,,,,,,,
2025-04-22,,,3.4847222222222225,168.63194444444446,13.23611111111111,,,,,,,,,,
2025-04-23,,,3.922222222222222,163.34027777777777,13.280555555555557,,,,,,,,,,
2025-04-24,,,5.416666666666667,100.04166666666667,13.610416666666667,,,,,,,,,,
2025-04-25,,,4.675000000000001,129.36805555555554,13.497916666666667,,,,,,,,,,
2025-04-26,,,3.8174825174825173,151.8111888111888,13.23076923076923,,,,,,,,,,
2025-04-27,,,5.311111111111111,127.08333333333333,13.16875,,,,,,,,,,
2025-04-28,,,4.373943661971831,117.7605633802817,13.269718309859154,,,,,,,,,,
2025-04-29,,,4.55,97.88888888888889,13.294444444444444,,,,,,,,,,
2025-04-30,,,,,13.3,,,,,,,,,,
2025-05-01,,,,,,,,,,,,,,,
2025-05-02,,,,,,,,,,,,,,,
2025-05-03,,,,,,,,,,,,,,,
2025-05-04,,,,,,,,,,,,,,,
2025-05-05,,,,,,,,,,,,,,,
2025-05-06,,,,,,,,,,,,,,,
2025-05-07,,,,,,,,,,,,,,,
2025-05-08,,,,,,,,,,,,,,,
2025-05-09,,,,,,,,,,,,,,,
2025-05-10,,,,,,,,,,,,,,,
2025-05-11,,,,,,,,,,,,,,,
2025-05-12,,,,,,,,,,,,,,,
2025-05-13,,,,,,,,,,,,,,,
2025-05-14,,,,,,,,,,,,,,,
2025-05-15,,,,,,,,,,,,,,,
2025-05-16,,,,,,,,,,,,,,,
2025-05-17,,,,,,,,,,,,,,,
2025-05-18,,,,,,,,,,,,,,,
2025-05-19,,,,,,,,,,,,,,,
2025-05-20,,,,,,,,,,,,,,,
2025-05-21,,,,,,,,,,,,,,,
2025-05-22,,,,,,,,,,,,,,,
2025-05-23,,,,,,,,,,,,,,,
2025-05-24,,,,,,,,,,,,,,,
2025-05-25,,,,,,,,,,,,,,,
2025-05-26,,,,,,,,,,,,,,,
2025-05-27,,,,,,,,,,,,,,,
2025-05-28,,,,,,,,,,,,,,,
2025-05-29,,,,,,,,,,,,,,,
2025-05-30,,,,,,,,,,,,,,,
2025-05-31,,,,,,,,,,,,,,,
2025-06-01,,,,,,,,,,,,,,,
2025-06-02,,,,,,,,,,,,,,,
2025-06-03,,,,,,,,,,,,,,,
2025-06-04,,,,,,,,,,,,,,,
2025-06-05,,,,,,,,,,,,,,,
2025-06-06,,,,,,,,,,,,,,,
2025-06-07,,,,,,,,,,,,,,,
2025-06-08,,,6.965625,126.35051546391753,17.403092783505155,,,,,,,,,,
2025-06-09,,,3.896527777777778,124.92361111111111,17.220833333333335,,,,,,,,,,
2025-06-10,,,6.44375,125.27083333333333,17.406944444444445,,,,,,,,,,
2025-06-11,,,4.0874125874125875,138.1818181818182,17.283216783216783,,,,,,,,,,
2025-06-12,,,4.793055555555556,127.65277777777777,17.199305555555554,,,,,,,,,,
2025-06-13,,,3.5708333333333337,153.58333333333334,17.145833333333332,,,,,,,,,,
2025-06-14,,,4.956944444444444,167.59027777777777,17.384027777777778,,,,,,,,,,
2025-06-15,,,7.440972222222222,149.02083333333334,17.236805555555556,,,,,,,,,,
2025-06-16,,,8.993055555555555,133.50694444444446,16.78472222222222,,,,,,,,,,
2025-06-17,,,7.550694444444444,132.47222222222223,16.51111111111111,,,,,,,,,,
2025-06-18,,,9.015277777777778,132.79861111111111,16.54513888888889,,,,,,,,,,
2025-06-19,,,9.933333333333334,130.125,16.165277777777778,,,,,,,,,,
2025-06-20,,,6.53125,147.98611111111111,16.22986111111111,,,,,,,,,,
2025-06-21,,,6.428472222222222,157.78472222222223,16.12222222222222,,,,,,,,,,
2025-06-22,,,8.927777777777777,125.65972222222223,15.943750000000001,,,,,,,,,,
2025-06-23,,,5.813194444444445,136.51388888888889,16.256944444444443,,,,,,,,,,
2025-06-24,,,7.836111111111112,129.09722222222223,16.438194444444445,,,,,,,,,,
2025-06-25,,,7.2555555555555555,146.25694444444446,17.28125,,,,,,,,,,
2025-06-26,,,9.808333333333334,125.52083333333333,17.02638888888889,,,,,,,,,,
2025-06-27,,,7.933333333333334,142.67361111111111,17.136805555555554,,,,,,,,,,
2025-06-28,,,7.2444444444444445,132.29166666666666,17.196527777777778,,,,,,,,,,
2025-06-29,,,8.618749999999999,129.99305555555554,17.126388888888886,,,,,,,,,,
2025-06-30,,,9.579166666666667,123.8125,17.029166666666665,,,,,,,,,,
2025-07-01,,,9.072916666666666,120.61805555555556,17.17013888888889,,,,,,,,,,
2025-07-02,,,11.843055555555557,130.20138888888889,17.43402777777778,,,,,,,,,,
2025-07-03,,,3.4,171.0,17.4,,,,,,,,,,
2025-07-04,,,10.296527777777778,131.47916666666666,17.972916666666666,,,,,,,,,,
2025-07-05,,,9.003472222222221,138.96527777777777,18.110416666666666,,,,,,,,,,
2025-07-06,,,8.51875,139.93055555555554,17.947222222222223,,,,,,,,,,
2025-07-07,,,6.752777777777777,146.81944444444446,17.779166666666665,,,,,,,,,,
2025-07-08,,,5.715972222222223,183.93055555555554,19.152083333333334,,,,,,,,,,
2025-07-09,,,18.043055555555554,286.0763888888889,22.422916666666666,,,,,,,,,,
2025-07-10,,,14.590972222222222,308.2361111111111,24.52847222222222,,,,,,,,,,
2025-07-11,,,6.304861111111111,245.60416666666666,24.441666666666666,,,,,,,,,,
2025-07-12,,,4.729861111111111,181.57638888888889,24.430555555555557,,,,,,,,,,
2025-07-13,,,3.084722222222222,148.67361111111111,24.615277777777777,,,,,,,,,,
2025-07-14,,,7.89513888888889,138.08333333333334,24.722916666666666,,,,,,,,,,
2025-07-15,,,6.302777777777778,142.26388888888889,24.515972222222224,,,,,,,,,,
2025-07-16,,,7.038194444444445,149.54861111111111,23.592361111111114,,,,,,,,,,
2025-07-17,,,9.127777777777778,135.09027777777777,23.027083333333334,,,,,,,,,,
2025-07-18,,,8.844444444444443,135.27777777777777,22.580555555555556,,,,,,,,,,
2025-07-19,,,9.840277777777779,148.00694444444446,22.30902777777778,,,,,,,,,,
2025-07-20,,,11.242361111111112,135.84027777777777,22.120833333333334,,,,,,,,,,
2025-07-21,,,13.431944444444445,140.49305555555554,22.563194444444445,,,,,,,,,,
2025-07-22,,,20.313194444444445,130.45138888888889,22.563888888888886,,,,,,,,,,
2025-07-23,,,14.947482014388488,129.568345323741,22.690647482014388,,,,,,,,,,
2025-07-24,,,11.837499999999999,124.16666666666667,23.3125,,,,,,,,,,
2025-07-25,,,11.456944444444444,119.63888888888889,23.65138888888889,,,,,,,,,,
2025-07-26,,,12.922916666666667,124.24305555555556,23.936111111111114,,,,,,,,,,
2025-07-27,,,8.676223776223777,139.95804195804195,24.6,,,,,,,,,,
2025-07-28,,,11.6125,131.80555555555554,24.386805555555554,,,,,,,,,,
2025-07-29,,,14.320979020979022,133.46853146853147,24.37062937062937,,,,,,,,,,
2025-07-30,,,12.7375,131.95138888888889,24.68472222222222,,,,,,,,,,
2025-07-31,,,10.059722222222222,123.35416666666667,25.331249999999997,,,,,,,,,,
2025-08-01,,,9.45625,140.91666666666666,25.96527777777778,,,,,,,,,,
2025-08-02,,,10.257638888888888,131.0625,26.98611111111111,,,,,,,,,,
2025-08-03,,,3.3,148.0,27.2,,,,,,,,,,
2025-08-04,,,10.127083333333333,130.47222222222223,26.654166666666665,,,,,,,,,,
2025-08-05,,,16.241666666666667,142.45138888888889,25.46875,,,,,,,,,,
2025-08-06,,,20.43006993006993,160.0,23.927972027972025,,,,,,,,,,
2025-08-07,,,18.85486111111111,144.10416666666666,22.59861111111111,,,,,,,,,,
2025-08-08,,,26.178472222222222,166.98611111111111,21.580555555555556,,,,,,,,,,
2025-08-09,,,38.918055555555554,162.21527777777777,21.24513888888889,,,,,,,,,,
2025-08-10,,,37.53402777777777,206.45833333333334,21.59861111111111,,,,,,,,,,
2025-08-11,,,47.670833333333334,194.76388888888889,22.310416666666665,,,,,,,,,,
2025-08-12,,,39.84097222222223,155.89583333333334,22.054166666666667,,,,,,,,,,
2025-08-13,,,66.96805555555555,183.48611111111111,22.075694444444444,,,,,,,,,,
2025-08-14,,,54.37569444444445,200.19444444444446,22.263194444444444,,,,,,,,,,
2025-08-15,,,36.68450704225352,177.61805555555554,22.904166666666665,,,,,,,,,,
2025-08-16,,,62.323076923076925,164.91666666666666,22.64513888888889,,,,,,,,,,
2025-08-17,,,34.65069444444444,178.04861111111111,22.738194444444446,,,,,,,,,,
2025-08-18,,,43.62112676056338,167.4125874125874,22.088111888111886,,,,,,,,,,
2025-08-19,,,42.03776223776224,224.93055555555554,21.9,,,,,,,,,,
2025-08-20,,,50.52394366197183,217.92361111111111,22.14236111111111,,,,,,,,,,
2025-08-21,,,40.32587412587413,213.11111111111111,21.979166666666668,,,,,,,,,,
2025-08-22,,,48.763194444444444,164.77083333333334,21.9625,,,,,,,,,,
2025-08-23,,,47.22447552447553,194.13194444444446,21.485416666666666,,,,,,,,,,
2025-08-24,,,38.857638888888886,157.53472222222223,20.584027777777777,,,,,,,,,,
2025-08-25,,,37.931250000000006,188.5625,19.602777777777778,,,,,,,,,,
2025-08-26,,,59.708450704225356,198.57638888888889,19.493055555555557,,,,,,,,,,
2025-08-27,,,62.77622377622377,188.29861111111111,19.51736111111111,,,,,,,,,,
2025-08-28,,,50.550000000000004,172.57746478873239,20.2056338028169,,,,,,,,,,
2025-08-29,,,47.91736111111111,139.83333333333334,21.655555555555555,,,,,,,,,,
2025-08-30,,,53.00833333333333,190.26388888888889,21.586805555555557,,,,,,,,,,
2025-08-31,,,66.91958041958041,201.35416666666666,20.714583333333334,,,,,,,,,,
2025-09-01,,,64.13496503496503,185.625,20.654166666666665,,,,,,,,,,
2025-09-02,,,69.23049645390071,172.94444444444446,20.856944444444444,,,,,,,,,,
2025-09-03,,,65.6,329.0,20.3,,,,,,,,,,
2025-09-04,,,55.15555555555555,166.98611111111111,22.084722222222222,,,,,,,,,,
2025-09-05,,,55.6006993006993,164.52777777777777,23.589583333333334,,,,,,,,,,
2025-09-06,,,56.02569444444444,152.99305555555554,25.106250000000003,,,,,,,,,,
2025-09-07,,,52.99090909090909,206.5625,24.656944444444445,,,,,,,,,,
2025-09-08,,,78.3822695035461,197.1048951048951,23.055244755244757,,,,,,,,,,
2025-09-09,,,59.356944444444444,191.17361111111111,21.929861111111112,,,,,,,,,,
2025-09-10,,,57.78958333333334,205.1875,21.80763888888889,,,,,,,,,,
2025-09-11,,,54.15902777777777,165.95833333333334,22.919444444444444,,,,,,,,,,
2025-09-12,,,78.46503496503496,170.81944444444446,25.113194444444446,,,,,,,,,,
2025-09-13,,,66.17013888888889,191.60416666666666,25.37152777777778,,,,,,,,,,
2025-09-14,,,54.35277777777778,217.63888888888889,25.546527777777776,,,,,,,,,,
2025-09-15,,,69.66357142857143,168.375,25.65347222222222,,,,,,,,,,
2025-09-16,,,87.7320895522388,179.40740740740742,25.64074074074074,,,,,,,,,,
2025-09-17,,,63.853846153846156,242.47222222222223,25.25486111111111,,,,,,,,,,
2025-09-18,,,58.68263888888888,185.27083333333334,24.28611111111111,,,,,,,,,,
2025-09-19,,,51.331944444444446,217.96527777777777,23.672916666666666,,,,,,,,,,
2025-09-20,,,56.851748251748255,172.15277777777777,23.76111111111111,,,,,,,,,,
2025-09-21,,,50.670138888888886,218.59027777777777,23.592361111111114,,,,,,,,,,
2025-09-22,,,43.7027972027972,231.94405594405595,23.417482517482515,,,,,,,,,,
2025-09-23,,,48.23888888888889,199.35416666666666,23.65347222222222,,,,,,,,,,
2025-09-24,,,66.86293706293706,163.1875,23.589583333333334,,,,,,,,,,
2025-09-25,,,94.32291666666667,205.83333333333334,23.738194444444446,,,,,,,,,,
2025-09-26,,,73.58333333333333,180.47222222222223,23.702777777777776,,,,,,,,,,
2025-09-27,,,77.36875,219.80555555555554,23.71597222222222,,,,,,,,,,
2025-09-28,,,63.63472222222222,161.18055555555554,23.831944444444446,,,,,,,,,,
2025-09-29,,,53.30694444444444,214.11805555555554,23.42013888888889,,,,,,,,,,
2025-09-30,,,47.52535211267606,224.92361111111111,23.25625,,,,,,,,,,
2025-10-01,,,44.29020979020979,230.98611111111111,23.314583333333335,,,,,,,,,,
2025-10-02,,,48.50633802816901,205.34027777777777,23.28472222222222,,,,,,,,,,
2025-10-03,,,40.31666666666667,207.04166666666666,23.31458333333333,,,,,,,,,,
2025-10-04,,,45.8,337.0,23.3,,,,,,,,,,
2025-10-05,,,65.4669014084507,209.72222222222223,23.699305555555554,,,,,,,,,,
2025-10-06,,,45.66503496503497,230.95104895104896,23.59090909090909,,,,,,,,,,
2025-10-07,,,67.8781690140845,224.993006993007,23.406293706293706,,,,,,,,,,
2025-10-08,,,59.4076388888889,260.8611111111111,23.259722222222223,,,,,,,,,,
2025-10-09,,,57.675177304964535,222.48611111111111,23.129166666666666,,,,,,,,,,
2025-10-10,,,48.487412587412585,225.04861111111111,23.240972222222222,,,,,,,,,,
2025-10-11,,,55.55277777777778,249.97916666666666,23.321527777777778,,,,,,,,,,
2025-10-12,,,51.25069444444445,271.2083333333333,23.313194444444445,,,,,,,,,,
2025-10-13,,,52.952777777777776,264.1736111111111,23.22152777777778,,,,,,,,,,
2025-10-14,,,27.441666666666666,263.59027777777777,23.114583333333332,,,,,,,,,,
2025-10-15,,,60.513888888888886,210.88888888888889,23.080555555555556,,,,,,,,,,
2025-10-16,,,50.104195804195804,215.55555555555554,23.165277777777778,,,,,,,,,,
2025-10-17,,,40.3027972027972,245.63636363636363,23.154545454545453,,,,,,,,,,
2025-10-18,,,50.44444444444444,259.27777777777777,23.2125,,,,,,,,,,
2025-10-19,,,30.168055555555554,259.18055555555554,23.102083333333336,,,,,,,,,,
2025-10-20,,,29.46111111111111,160.80555555555554,23.146527777777777,,,,,,,,,,
2025-10-21,,,6.820138888888889,187.0625,22.886805555555554,,,,,,,,,,
2025-10-22,,,5.478472222222222,158.31944444444446,22.686805555555555,,,,,,,,,,
2025-10-23,,,3.895138888888889,173.76388888888889,22.59722222222222,,,,,,,,,,
2025-10-24,,,3.132638888888889,158.89583333333334,22.320138888888888,,,,,,,,,,
2025-10-25,,,2.4195804195804196,178.93706293706293,22.20979020979021,,,,,,,,,,
2025-10-26,,,2.535416666666667,124.13194444444444,22.03263888888889,,,,,,,,,,
2025-10-27,,,4.709090909090909,124.1048951048951,21.686013986013986,,,,,,,,,,
2025-10-28,,,6.052777777777778,122.10416666666667,21.08263888888889,,,,,,,,,,
2025-10-29,,,3.28125,131.61805555555554,20.808333333333334,,,,,,,,,,
2025-10-30,,,3.0846153846153848,144.375,20.62777777777778,,,,,,,,,,
2025-10-31,,,2.982638888888889,140.52083333333334,20.45347222222222,,,,,,,,,,
2025-11-01,,,3.801388888888889,125.33333333333333,20.400694444444444,,,,,,,,,,
2025-11-02,,,4.942657342657342,128.65034965034965,20.1993006993007,,,,,,,,,,
2025-11-03,,,5.114583333333333,132.34722222222223,19.796527777777776,,,,,,,,,,
2025-11-04,,,3.7,66.0,19.7,,,,,,,,,,
2025-11-05,,,5.229861111111111,142.22222222222223,19.629166666666666,,,,,,,,,,
2025-11-06,,,7.138194444444445,134.52777777777777,19.59722222222222,,,,,,,,,,
2025-11-07,,,6.604166666666667,136.5625,19.354166666666668,,,,,,,,,,
2025-11-08,,,4.661111111111111,157.5625,19.137500000000003,,,,,,,,,,
2025-11-09,,,3.935416666666667,144.47916666666666,19.009722222222223,,,,,,,,,,
2025-11-10,,,5.799295774647887,117.77464788732394,18.862676056338028,,,,,,,,,,
2025-11-11,,,4.015972222222222,132.34722222222223,18.71527777777778,,,,,,,,,,
2025-11-12,,,3.8076388888888886,137.09722222222223,18.57361111111111,,,,,,,,,,
2025-11-13,,,4.763194444444444,122.125,18.379166666666666,,,,,,,,,,
2025-11-14,,,5.619718309859155,126.54929577464789,18.23732394366197,,,,,,,,,,
2025-11-15,,,6.241666666666666,129.66666666666666,18.05138888888889,,,,,,,,,,
2025-11-16,,,7.397222222222222,127.49305555555556,18.016666666666666,,,,,,,,,,
2025-11-17,,,8.047222222222222,132.55555555555554,17.988194444444446,,,,,,,,,,
2025-11-18,,,8.412500000000001,124.99305555555556,17.42638888888889,,,,,,,,,,
2025-11-19,,,5.163194444444445,120.68055555555556,17.391666666666666,,,,,,,,,,
2025-11-20,,,3.826388888888889,140.27777777777777,16.992361111111112,,,,,,,,,,
2025-11-21,,,4.633333333333334,139.34027777777777,16.773611111111112,,,,,,,,,,
2025-11-22,,,4.063888888888889,129.72222222222223,16.553472222222226,,,,,,,,,,
2025-11-23,,,4.706993006993007,114.6923076923077,16.4986013986014,,,,,,,,,,
2025-11-24,,,5.266666666666667,116.67361111111111,16.655555555555555,,,,,,,,,,
2025-11-25,,,5.629861111111111,120.79861111111111,16.631944444444443,,,,,,,,,,
2025-11-26,,,4.436805555555555,117.39583333333333,16.344444444444445,,,,,,,,,,
2025-11-27,,,5.415277777777778,112.04861111111111,16.289583333333336,,,,,,,,,,
2025-11-28,,,3.1819444444444445,127.86111111111111,15.958333333333334,,,,,,,,,,
2025-11-29,,,3.2437500000000004,151.45138888888889,15.657638888888888,,,,,,,,,,
2025-11-30,,,5.592361111111111,125.78472222222223,15.677777777777777,,,,,,,,,,
2025-12-01,,,3.4194444444444443,136.97916666666666,15.64236111111111,,,,,,,,,,
2025-12-02,,,3.6500000000000004,150.27777777777777,15.465277777777779,,,,,,,,,,
2025-12-03,,,5.346527777777777,141.34722222222223,15.039583333333333,,,,,,,,,,
2025-12-04,,,3.117361111111111,135.50694444444446,14.475694444444445,,,,,,,,,,
2025-12-05,,,5.1,122.0,14.4,,,,,,,,,,
2025-12-06,,,3.775694444444445,163.61111111111111,13.885416666666666,,,,,,,,,,
2025-12-07,,,4.179861111111111,134.68055555555554,13.877777777777778,,,,,,,,,,
2025-12-08,,,3.1202797202797203,147.26388888888889,13.9,,,,,,,,,,
2025-12-09,,,4.016666666666667,126.96527777777777,13.59578947368421,,,,,,,,,,
2025-12-10,,,3.9375,154.32638888888889,13.429166666666667,,,,,,,,,,
2025-12-11,,,4.659027777777777,116.24305555555556,13.4,,,,,,,,,,
2025-12-12,,,2.9409722222222223,190.29166666666666,,,,,,,,,,,
2025-12-13,,,3.4833333333333334,177.875,,,,,,,,,,,
2025-12-14,,,4.751388888888889,113.69444444444444,,,,,,,,,,,
2025-12-15,,,5.1685314685314685,263.84027777777777,,,,,,,,,,,
2025-12-16,,,5.109722222222222,220.02777777777777,,,,,,,,,,,
2025-12-17,,,3.542361111111111,193.6875,,,,,,,,,,,
2025-12-18,,,4.107638888888889,188.86805555555554,,,,,,,,,,,
2025-12-19,,,6.801388888888889,259.6666666666667,,,,,,,,,,,
2025-12-20,,,5.096527777777777,229.15277777777777,,,,,,,,,,,
2025-12-21,,,3.165972222222222,209.5625,,,,,,,,,,,
2025-12-22,,,5.249305555555555,238.41666666666666,,,,,,,,,,,
2025-12-23,,,4.106944444444444,181.65277777777777,,,,,,,,,,,
2025-12-24,,,3.675694444444444,251.57638888888889,,,,,,,,,,,
2025-12-25,,,5.15,172.65972222222223,,,,,,,,,,,
2025-12-26,,,4.049305555555556,141.0,,,,,,,,,,,
2025-12-27,,,3.021527777777778,199.06944444444446,,,,,,,,,,,
2025-12-28,,,4.605555555555556,209.70138888888889,,,,,,,,,,,
2025-12-29,,,3.0319444444444446,137.20138888888889,,,,,,,,,,,
2025-12-30,,,4.464583333333334,242.72916666666666,,,,,,,,,,,
2025-12-31,,,4.010416666666667,218.95833333333334,,,,,,,,,,,
2026-01-01,,,4.142361111111111,234.21527777777777,,,,,,,,,,,
2026-01-02,,,4.043749999999999,228.81944444444446,,,,,,,,,,,
2026-01-03,,,5.684722222222223,204.00694444444446,,,,,,,,,,,
2026-01-04,,,5.570833333333334,185.73611111111111,,,,,,,,,,,
2026-01-05,,,4.9,126.0,,,,,,,,,,,
2026-01-06,,,6.0375,169.6875,,,,,,,,,,,
2026-01-07,,,5.63125,205.95833333333334,,,,,,,,,,,
2026-01-08,,,4.793055555555556,162.44444444444446,,,,,,,,,,,
2026-01-09,,,5.131944444444445,190.72222222222223,,,,,,,,,,,
2026-01-10,,,4.043749999999999,138.09027777777777,,,,,,,,,,,
2026-01-11,,,4.625,122.78472222222223,,,,,,,,,,,
2026-01-12,,,3.39375,204.65972222222223,,,,,,,,,,,
2026-01-13,,,5.146527777777778,125.95138888888889,,,,,,,,,,,
2026-01-14,,,4.397222222222222,261.7638888888889,,,,,,,,,,,
2026-01-15,,,5.831944444444444,156.14583333333334,,,,,,,,,,,
2026-01-16,,,5.081250000000001,239.42361111111111,,,,,,,,,,,
2026-01-17,,,4.201388888888889,231.11111111111111,,,,,,,,,,,
2026-01-18,,,4.517361111111111,200.45138888888889,,,,,,,,,,,
2026-01-19,,,3.2756944444444445,201.23611111111111,,,,,,,,,,,
2026-01-20,,,4.250694444444445,186.88888888888889,,,,,,,,,,,
2026-01-21,,,4.161111111111111,214.89583333333334,,,,,,,,,,,
2026-01-22,,,5.325694444444444,199.88194444444446,,,,,,,,,,,
2026-01-23,,,5.765972222222222,187.22222222222223,,,,,,,,,,,
2026-01-24,,,5.106944444444444,146.8125,,,,,,,,,,,
2026-01-25,,,6.277777777777778,137.90972222222223,,,,,,,,,,,
2026-01-26,,,4.4625,249.05555555555554,,,,,,,,,,,
2026-01-27,,,3.5034722222222223,207.10416666666666,,,,,,,,,,,
2026-01-28,,,3.2604166666666665,220.4375,,,,,,,,,,,
2026-01-29,,,3.876388888888889,151.83333333333334,,,,,,,,,,,
2026-01-30,,,3.857638888888889,145.3125,,,,,,,,,,,
2026-01-31,,,4.214583333333334,214.49305555555554,,,,,,,,,,,
2026-02-01,,,5.685416666666667,214.25,,,,,,,,,,,
2026-02-02,,,4.983333333333333,239.5625,,,,,,,,,,,
2026-02-03,,,6.495833333333334,223.92361111111111,,,,,,,,,,,
2026-02-04,,,5.689583333333333,202.375,,,,,,,,,,,
2026-02-05,,,1.3,163.0,,,,,,,,,,,
2026-02-06,,,3.2270833333333333,238.48611111111111,,,,,,,,,,,
2026-02-07,,,2.4694444444444446,203.45138888888889,,,,,,,,,,,
2026-02-08,,,2.2008849557522123,181.92920353982302,,,,,,,,,,,
2026-02-09,,,3.385321100917431,212.1651376146789,,,,,,,,,,,
2026-02-10,,,4.814285714285714,147.0,,,,,,,,,,,
2026-02-11,,,3.203488372093023,156.32558139534885,,,,,,,,,,,
2026-02-12,,,3.357142857142857,179.77777777777777,,,,,,,,,,,
2026-02-13,,,2.749462365591398,143.83157894736843,,,,,,,,,,,
2026-02-14,,,2.9,188.19791666666666,,,,,,,,,,,
2026-02-15,,,3.1163265306122447,208.66326530612244,,,,,,,,,,,
2026-02-16,,,4.245945945945945,227.57333333333332,,,,,,,,,,,
2026-02-17,,,4.530107526881721,171.247311827957,,,,,,,,,,,
2026-02-18,,,5.44,174.64,,,,,,,,,,,
2026-02-19,,,3.735643564356436,164.58490566037736,,,,,,,,,,,
2026-02-20,,,3.695555555555556,96.61538461538461,,,,,,,,,,,
2026-02-21,,,3.9861702127659573,221.73684210526315,,,,,,,,,,,
2026-02-22,,,3.131081081081081,184.69620253164558,,,,,,,,,,,
2026-02-23,,,3.8978947368421055,192.31632653061226,,,,,,,,,,,
2026-02-24,,,2.5933333333333333,59.241379310344826,,,,,,,,,,,
2026-02-25,,,4.345348837209302,210.24418604651163,,,,,,,,,,,
2026-02-26,,,2.430769230769231,166.54098360655738,,,,,,,,,,,
2026-02-27,,,2.4169491525423727,195.10294117647058,,,,,,,,,,,
2026-02-28,,,2.960606060606061,248.86868686868686,,,,,,,,,,,
