date,suyeong_vol,nambu_vol
2014-01-01,322016,252140
2014-01-02,319176,252382
2014-01-03,318165,258952
2014-01-04,328177,266749
2014-01-05,331863,269621
2014-01-06,316508,254283
2014-01-07,302227,251156
2014-01-08,333611,270318
2014-01-09,330730,249759
2014-01-10,315602,241331
2014-01-11,329604,264056
2014-01-12,328755,252214
2014-01-13,320287,237572
2014-01-14,313791,246266
2014-01-15,317654,243797
2014-01-16,310360,263106
2014-01-17,322247,249373
2014-01-18,326395,248720
2014-01-19,328893,248393
2014-01-20,322074,246150
2014-01-21,316789,258028
2014-01-22,310397,240217
2014-01-23,319028,254688
2014-01-24,315841,253401
2014-01-25,336079,255185
2014-01-26,341149,253902
2014-01-27,326542,247119
2014-01-28,321540,263229
2014-01-29,337070,267139
2014-01-30,350918,277694
2014-01-31,311312,261427
2014-02-01,323017,247921
2014-02-02,357280,242032
2014-02-03,337489,222259
2014-02-04,307135,232879
2014-02-05,310221,243440
2014-02-06,309329,241928
2014-02-07,345847,252576
2014-02-08,387168,262977
2014-02-09,339434,246443
2014-02-10,374955,261646
2014-02-11,328931,252622
2014-02-12,326079,254706
2014-02-13,337162,260321
2014-02-14,314724,250239
2014-02-15,326743,257482
2014-02-16,332929,253714
2014-02-17,343620,249932
2014-02-18,359135,253009
2014-02-19,320013,239648
2014-02-20,314217,246456
2014-02-21,326558,250356
2014-02-22,330226,250297
2014-02-23,336205,252073
2014-02-24,329402,256105
2014-02-25,317476,248761
2014-02-26,330687,240598
2014-02-27,387062,274536
2014-02-28,354531,259092
2014-03-01,343144,255448
2014-03-02,367056,257555
2014-03-03,347951,262987
2014-03-04,339121,254943
2014-03-05,336293,261476
2014-03-06,332075,256028
2014-03-07,334059,246955
2014-03-08,340158,252767
2014-03-09,338482,254618
2014-03-10,333507,259744
2014-03-11,325841,241339
2014-03-12,352514,258626
2014-03-13,426586,289195
2014-03-14,418330,288426
2014-03-15,379636,277413
2014-03-16,370126,274139
2014-03-17,354911,271345
2014-03-18,368355,285120
2014-03-19,340047,270030
2014-03-20,358423,257003
2014-03-21,342049,268535
2014-03-22,343143,262690
2014-03-23,351549,263744
2014-03-24,332973,262729
2014-03-25,342002,260107
2014-03-26,431280,305716
2014-03-27,387916,281751
2014-03-28,365919,273774
2014-03-29,380566,287939
2014-03-30,443151,339278
2014-03-31,410250,279624
2014-04-01,400437,294401
2014-04-02,379568,283524
2014-04-03,367523,274463
2014-04-04,402856,279021
2014-04-05,351588,266754
2014-04-06,355099,263918
2014-04-07,342430,270265
2014-04-08,348882,275655
2014-04-09,334705,264349
2014-04-10,334667,256035
2014-04-11,330965,261784
2014-04-12,343903,257863
2014-04-13,355658,277444
2014-04-14,356495,261985
2014-04-15,335568,263550
2014-04-16,333081,284253
2014-04-17,345748,292218
2014-04-18,388543,317955
2014-04-19,349791,275736
2014-04-20,354959,270007
2014-04-21,347857,279100
2014-04-22,325750,272191
2014-04-23,332990,279979
2014-04-24,327636,274515
2014-04-25,328468,288205
2014-04-26,339842,284268
2014-04-27,349427,276803
2014-04-28,435804,334627
2014-04-29,464759,352231
2014-04-30,454246,352371
2014-05-01,412192,345250
2014-05-02,388670,346428
2014-05-03,371245,334982
2014-05-04,351581,319361
2014-05-05,347503,308807
2014-05-06,347131,302177
2014-05-07,344232,299321
2014-05-08,348357,307246
2014-05-09,344440,301732
2014-05-10,348462,301956
2014-05-11,347337,298191
2014-05-12,483961,309395
2014-05-13,467333,350451
2014-05-14,412994,353228
2014-05-15,389444,345996
2014-05-16,372334,345568
2014-05-17,371463,342477
2014-05-18,379469,329310
2014-05-19,354307,320631
2014-05-20,384215,295863
2014-05-21,361199,307541
2014-05-22,362938,315276
2014-05-23,346145,291326
2014-05-24,353875,302283
2014-05-25,373157,286285
2014-05-26,462150,341792
2014-05-27,364377,329581
2014-05-28,365910,307493
2014-05-29,355508,314209
2014-05-30,358989,316271
2014-05-31,363821,323770
2014-06-01,357629,296394
2014-06-02,363713,296125
2014-06-03,453811,335557
2014-06-04,363387,305230
2014-06-05,384010,309394
2014-06-06,354877,293357
2014-06-07,355959,303083
2014-06-08,352918,292681
2014-06-09,337026,276357
2014-06-10,335345,285242
2014-06-11,341662,289967
2014-06-12,366489,303365
2014-06-13,345251,299831
2014-06-14,362111,316716
2014-06-15,356943,330201
2014-06-16,348783,314575
2014-06-17,332694,292551
2014-06-18,367473,309135
2014-06-19,350084,295648
2014-06-20,340687,291534
2014-06-21,347307,287351
2014-06-22,342078,286513
2014-06-23,344551,291373
2014-06-24,353669,302352
2014-06-25,345590,293864
2014-06-26,340994,280101
2014-06-27,350774,302334
2014-06-28,356390,302484
2014-06-29,350774,300266
2014-06-30,350966,291770
2014-07-01,354190,297346
2014-07-02,349268,293565
2014-07-03,440630,348087
2014-07-04,382378,336163
2014-07-05,362646,287212
2014-07-06,384814,297699
2014-07-07,380051,318145
2014-07-08,446364,363778
2014-07-09,426876,334748
2014-07-10,413045,341958
2014-07-11,383631,348393
2014-07-12,373805,330219
2014-07-13,450994,364797
2014-07-14,393765,349580
2014-07-15,385901,342890
2014-07-16,400460,377549
2014-07-17,409004,384420
2014-07-18,435095,388557
2014-07-19,448397,395365
2014-07-20,405847,380897
2014-07-21,392374,377333
2014-07-22,370591,345709
2014-07-23,370614,348174
2014-07-24,371009,364628
2014-07-25,375347,343518
2014-07-26,389313,352775
2014-07-27,360170,336577
2014-07-28,362599,333739
2014-07-29,353471,320085
2014-07-30,359323,348558
2014-07-31,358307,368293
2014-08-01,354986,352549
2014-08-02,380004,354469
2014-08-03,471017,382668
2014-08-04,512901,394350
2014-08-05,540397,396216
2014-08-06,539207,406415
2014-08-07,471463,392147
2014-08-08,430452,384588
2014-08-09,438049,378301
2014-08-10,427447,367623
2014-08-11,497785,384928
2014-08-12,416335,387158
2014-08-13,392801,372776
2014-08-14,478702,396165
2014-08-15,500330,406776
2014-08-16,492257,401115
2014-08-17,457716,398876
2014-08-18,496934,405683
2014-08-19,536970,416672
2014-08-20,510987,418586
2014-08-21,529265,415673
2014-08-22,538617,420345
2014-08-23,490770,413957
2014-08-24,459687,403925
2014-08-25,460999,408124
2014-08-26,516111,426814
2014-08-27,513333,413401
2014-08-28,463901,413717
2014-08-29,436610,411995
2014-08-30,422071,398445
2014-08-31,405120,388131
2014-09-01,396869,400056
2014-09-02,398988,375339
2014-09-03,431816,400540
2014-09-04,481734,429497
2014-09-05,466373,418306
2014-09-06,454695,391923
2014-09-07,444642,403469
2014-09-08,420548,395323
2014-09-09,409645,394804
2014-09-10,411595,404747
2014-09-11,398869,389853
2014-09-12,384000,369498
2014-09-13,391545,369349
2014-09-14,381235,358361
2014-09-15,380737,359321
2014-09-16,384725,359606
2014-09-17,375298,360246
2014-09-18,381410,353811
2014-09-19,377336,337828
2014-09-20,385390,344527
2014-09-21,372826,342457
2014-09-22,369503,357912
2014-09-23,364832,347464
2014-09-24,476686,411984
2014-09-25,475643,416525
2014-09-26,442714,402371
2014-09-27,424098,392157
2014-09-28,410171,377528
2014-09-29,395651,360320
2014-09-30,388137,344290
2014-10-01,386409,337107
2014-10-02,385404,343578
2014-10-03,380944,348128
2014-10-04,368685,340166
2014-10-05,374606,352889
2014-10-06,377401,338914
2014-10-07,375158,336216
2014-10-08,373794,352777
2014-10-09,377082,348280
2014-10-10,371282,349051
2014-10-11,370678,359026
2014-10-12,373636,332043
2014-10-13,447171,400948
2014-10-14,415304,362342
2014-10-15,379845,340350
2014-10-16,369445,343880
2014-10-17,362957,343594
2014-10-18,369737,327818
2014-10-19,371128,340124
2014-10-20,445634,381085
2014-10-21,425123,382467
2014-10-22,495424,381604
2014-10-23,489396,392380
2014-10-24,430538,404251
2014-10-25,408577,389765
2014-10-26,398915,374600
2014-10-27,396619,372942
2014-10-28,371654,348151
2014-10-29,372114,336904
2014-10-30,365968,339742
2014-10-31,412027,362726
2014-11-01,453331,399521
2014-11-02,389560,369506
2014-11-03,370189,338728
2014-11-04,365222,350473
2014-11-05,361873,347482
2014-11-06,372269,344142
2014-11-07,361531,346916
2014-11-08,364853,341836
2014-11-09,378889,353107
2014-11-10,357794,334163
2014-11-11,353608,334058
2014-11-12,354916,334209
2014-11-13,348795,327416
2014-11-14,357738,311958
2014-11-15,361150,317192
2014-11-16,360903,309440
2014-11-17,348375,326010
2014-11-18,329218,308447
2014-11-19,323032,313726
2014-11-20,319201,306862
2014-11-21,315964,316577
2014-11-22,328186,318919
2014-11-23,327146,320689
2014-11-24,336765,336787
2014-11-25,422788,392433
2014-11-26,353227,327853
2014-11-27,343223,323867
2014-11-28,331683,342441
2014-11-29,339077,330002
2014-11-30,347901,338350
2014-12-01,345799,325444
2014-12-02,314146,311638
2014-12-03,311084,288876
2014-12-04,315544,299569
2014-12-05,314328,306104
2014-12-06,320033,305699
2014-12-07,321169,317494
2014-12-08,336946,326752
2014-12-09,313741,311659
2014-12-10,314532,318196
2014-12-11,313321,312543
2014-12-12,319503,304396
2014-12-13,324042,305396
2014-12-14,323836,314614
2014-12-15,307513,319200
2014-12-16,376355,362988
2014-12-17,305147,306610
2014-12-18,308046,310300
2014-12-19,318050,309623
2014-12-20,393821,382690
2014-12-21,335286,332841
2014-12-22,306537,317773
2014-12-23,307524,310533
2014-12-24,311803,314081
2014-12-25,310113,307820
2014-12-26,305717,317832
2014-12-27,315261,304887
2014-12-28,314918,312636
2014-12-29,312028,314427
2014-12-30,299733,317549
2014-12-31,311983,304681
2015-01-01,300137,306266
2015-01-02,299899,298994
2015-01-03,303172,304895
2015-01-04,310997,312417
2015-01-05,303962,316578
2015-01-06,394080,380661
2015-01-07,305651,318494
2015-01-08,307492,313682
2015-01-09,308419,312685
2015-01-10,313615,318771
2015-01-11,310648,311046
2015-01-12,305145,316936
2015-01-13,301500,321093
2015-01-14,307427,314468
2015-01-15,350156,342730
2015-01-16,311224,333238
2015-01-17,312267,317486
2015-01-18,312745,316835
2015-01-19,303689,317296
2015-01-20,298746,317826
2015-01-21,307993,326541
2015-01-22,358970,350106
2015-01-23,308110,319599
2015-01-24,309165,331356
2015-01-25,312968,318830
2015-01-26,369266,380829
2015-01-27,304877,312592
2015-01-28,302045,308319
2015-01-29,298090,307762
2015-01-30,300168,303207
2015-01-31,307164,313066
2015-02-01,308838,312663
2015-02-02,307737,310070
2015-02-03,298229,302341
2015-02-04,295412,298672
2015-02-05,300142,299766
2015-02-06,299799,313828
2015-02-07,308365,299614
2015-02-08,302321,311666
2015-02-09,293338,312351
2015-02-10,296227,306693
2015-02-11,299828,305055
2015-02-12,298461,289656
2015-02-13,296332,310517
2015-02-14,315105,310268
2015-02-15,315130,319539
2015-02-16,385512,360614
2015-02-17,339348,329917
2015-02-18,335035,342761
2015-02-19,302829,323622
2015-02-20,300816,288120
2015-02-21,328705,339488
2015-02-22,401748,381231
2015-02-23,327658,328895
2015-02-24,306742,325078
2015-02-25,301675,316796
2015-02-26,302172,315189
2015-02-27,299446,310254
2015-02-28,311817,316822
2015-03-01,400960,368314
2015-03-02,320961,332760
2015-03-03,340932,366314
2015-03-04,334606,354714
2015-03-05,317287,357797
2015-03-06,312686,348448
2015-03-07,318425,362062
2015-03-08,317602,344625
2015-03-09,311108,357458
2015-03-10,291672,328928
2015-03-11,297526,330472
2015-03-12,299219,341251
2015-03-13,304030,351334
2015-03-14,333547,363661
2015-03-15,314870,346485
2015-03-16,306735,322404
2015-03-17,299388,341233
2015-03-18,355548,365927
2015-03-19,443309,385128
2015-03-20,380144,386006
2015-03-21,359033,377229
2015-03-22,348612,386809
2015-03-23,325040,360295
2015-03-24,312424,337560
2015-03-25,308413,336258
2015-03-26,307334,329988
2015-03-27,308608,333859
2015-03-28,321799,331650
2015-03-29,321726,344195
2015-03-30,316958,339807
2015-03-31,329288,346920
2015-04-01,330404,348816
2015-04-02,332400,339649
2015-04-03,449772,391091
2015-04-04,407188,386409
2015-04-05,484207,391678
2015-04-06,484502,385887
2015-04-07,412692,374130
2015-04-08,380998,381352
2015-04-09,362221,373033
2015-04-10,349179,384395
2015-04-11,351474,381174
2015-04-12,341405,366856
2015-04-13,453233,395383
2015-04-14,430417,378358
2015-04-15,375534,385981
2015-04-16,356943,384453
2015-04-17,343752,374349
2015-04-18,358155,379996
2015-04-19,433715,386349
2015-04-20,492872,387373
2015-04-21,485090,386269
2015-04-22,448806,380489
2015-04-23,400520,393585
2015-04-24,383177,385533
2015-04-25,380698,378444
2015-04-26,365160,374168
2015-04-27,353571,390090
2015-04-28,345581,384308
2015-04-29,413130,371704
2015-04-30,391283,387427
2015-05-01,367149,398166
2015-05-02,355153,398106
2015-05-03,444928,394212
2015-05-04,493837,403931
2015-05-05,408794,396557
2015-05-06,374579,400192
2015-05-07,358744,392925
2015-05-08,348337,399568
2015-05-09,350131,391195
2015-05-10,345460,383040
2015-05-11,353402,369506
2015-05-12,504151,387167
2015-05-13,487176,392821
2015-05-14,426838,396309
2015-05-15,415593,388565
2015-05-16,389093,372495
2015-05-17,379696,394660
2015-05-18,407488,388425
2015-05-19,446244,400786
2015-05-20,387810,400358
2015-05-21,357155,396783
2015-05-22,349206,393521
2015-05-23,346342,387084
2015-05-24,341342,389604
2015-05-25,335476,392019
2015-05-26,332137,398331
2015-05-27,333200,397523
2015-05-28,327443,370497
2015-05-29,329788,387730
2015-05-30,345200,365618
2015-05-31,338440,375138
2015-06-01,322851,370626
2015-06-02,314349,363072
2015-06-03,319538,383310
2015-06-04,317572,365249
2015-06-05,362703,380429
2015-06-06,330616,376086
2015-06-07,321268,362549
2015-06-08,320974,356736
2015-06-09,321647,349271
2015-06-10,324224,365391
2015-06-11,315819,355723
2015-06-12,328922,350436
2015-06-13,322038,339777
2015-06-14,328315,357378
2015-06-15,314965,356526
2015-06-16,314823,341712
2015-06-17,315735,361561
2015-06-18,311359,356630
2015-06-19,313128,349966
2015-06-20,315382,339208
2015-06-21,314473,336875
2015-06-22,311061,345642
2015-06-23,313697,342054
2015-06-24,312015,335744
2015-06-25,324999,339246
2015-06-26,462082,392196
2015-06-27,343320,378745
2015-06-28,326275,334387
2015-06-29,323018,342919
2015-06-30,367756,352035
2015-07-01,393809,381437
2015-07-02,332836,384507
2015-07-03,329325,370509
2015-07-04,328815,360462
2015-07-05,326989,354501
2015-07-06,314015,342240
2015-07-07,382844,365118
2015-07-08,478572,394308
2015-07-09,489518,403276
2015-07-10,422120,394758
2015-07-11,406925,385244
2015-07-12,435179,387782
2015-07-13,491581,399876
2015-07-14,459157,389888
2015-07-15,409451,384558
2015-07-16,371709,381442
2015-07-17,360715,383206
2015-07-18,371474,374467
2015-07-19,363506,369530
2015-07-20,382088,380430
2015-07-21,388487,393724
2015-07-22,358113,352860
2015-07-23,452334,386881
2015-07-24,454283,399191
2015-07-25,473463,383237
2015-07-26,414527,413499
2015-07-27,399760,409693
2015-07-28,379771,409667
2015-07-29,373224,398457
2015-07-30,362920,398104
2015-07-31,350626,404684
2015-08-01,347816,395661
2015-08-02,336117,394183
2015-08-03,349735,398376
2015-08-04,336072,387324
2015-08-05,332298,389472
2015-08-06,329683,377466
2015-08-07,323059,379738
2015-08-08,326284,381694
2015-08-09,326674,380611
2015-08-10,319217,367816
2015-08-11,321800,357345
2015-08-12,430883,389134
2015-08-13,362475,399808
2015-08-14,340540,384010
2015-08-15,331835,372947
2015-08-16,335766,374549
2015-08-17,387206,384618
2015-08-18,325750,375972
2015-08-19,328251,364408
2015-08-20,352239,359661
2015-08-21,450622,383454
2015-08-22,404464,382666
2015-08-23,362124,346943
2015-08-24,342126,352553
2015-08-25,477947,351878
2015-08-26,472593,349162
2015-08-27,412294,362958
2015-08-28,382451,357027
2015-08-29,371456,348623
2015-08-30,366080,350932
2015-08-31,373818,352770
2015-09-01,470102,373976
2015-09-02,392778,362667
2015-09-03,409656,362803
2015-09-04,373508,364134
2015-09-05,366547,357251
2015-09-06,486560,356487
2015-09-07,415316,356501
2015-09-08,369042,358524
2015-09-09,351642,376809
2015-09-10,347137,369525
2015-09-11,344688,373475
2015-09-12,374680,363742
2015-09-13,357102,357081
2015-09-14,335229,340989
2015-09-15,373538,353943
2015-09-16,343850,341610
2015-09-17,486079,365553
2015-09-18,461138,365966
2015-09-19,415939,368779
2015-09-20,394172,369904
2015-09-21,367649,365373
2015-09-22,362915,345284
2015-09-23,386530,359488
2015-09-24,475228,391543
2015-09-25,452726,391330
2015-09-26,426032,383875
2015-09-27,386017,375934
2015-09-28,362633,385468
2015-09-29,364232,375214
2015-09-30,344861,365406
2015-10-01,450983,384610
2015-10-02,467297,391530
2015-10-03,410485,373676
2015-10-04,378872,376939
2015-10-05,358185,380420
2015-10-06,345369,363978
2015-10-07,345456,362857
2015-10-08,341669,348126
2015-10-09,337890,354216
2015-10-10,335240,358477
2015-10-11,337777,352881
2015-10-12,329987,344663
2015-10-13,322596,340977
2015-10-14,320029,356407
2015-10-15,321971,325517
2015-10-16,324282,369360
2015-10-17,331879,364366
2015-10-18,335785,359882
2015-10-19,323055,367525
2015-10-20,315633,352085
2015-10-21,321962,356480
2015-10-22,319209,374064
2015-10-23,325092,343873
2015-10-24,329528,355531
2015-10-25,325767,364163
2015-10-26,321194,365536
2015-10-27,357708,354050
2015-10-28,333121,356933
2015-10-29,318993,356136
2015-10-30,317955,347687
2015-10-31,316336,334096
2015-11-01,314015,321428
2015-11-02,320395,341803
2015-11-03,314963,323878
2015-11-04,313994,323430
2015-11-05,309250,334476
2015-11-06,313199,336810
2015-11-07,375875,338329
2015-11-08,467006,365525
2015-11-09,396140,358467
2015-11-10,350512,354722
2015-11-11,338333,359880
2015-11-12,324933,349631
2015-11-13,372216,344612
2015-11-14,398536,368987
2015-11-15,355559,368553
2015-11-16,347101,371609
2015-11-17,379193,353412
2015-11-18,383510,371891
2015-11-19,348386,359890
2015-11-20,334259,364492
2015-11-21,335671,384142
2015-11-22,340877,380198
2015-11-23,323739,357135
2015-11-24,330487,315434
2015-11-25,332090,295707
2015-11-26,330671,334926
2015-11-27,324809,341507
2015-11-28,328716,338974
2015-11-29,327110,343776
2015-11-30,321908,328373
2015-12-01,315047,330173
2015-12-02,312712,342762
2015-12-03,311567,329255
2015-12-04,307336,325667
2015-12-05,317938,320259
2015-12-06,320091,320908
2015-12-07,314093,324764
2015-12-08,311933,321173
2015-12-09,304808,322195
2015-12-10,377227,352482
2015-12-11,445338,393340
2015-12-12,383798,373753
2015-12-13,356804,342961
2015-12-14,330928,339541
2015-12-15,330872,341960
2015-12-16,324034,337345
2015-12-17,314110,334852
2015-12-18,314561,323873
2015-12-19,330869,311885
2015-12-20,322782,307712
2015-12-21,354581,355170
2015-12-22,312774,307503
2015-12-23,321165,315647
2015-12-24,316684,320939
2015-12-25,312681,315462
2015-12-26,313161,312071
2015-12-27,316894,317382
2015-12-28,302154,308034
2015-12-29,300408,298866
2015-12-30,298498,298740
2015-12-31,306869,306465
2016-01-01,303003,294640
2016-01-02,309706,298561
2016-01-03,311520,306127
2016-01-04,306808,292458
2016-01-05,292985,295198
2016-01-06,300788,276528
2016-01-07,298371,311756
2016-01-08,297836,312870
2016-01-09,306885,311702
2016-01-10,308327,323840
2016-01-11,298840,318523
2016-01-12,291781,324115
2016-01-13,294540,322504
2016-01-14,295497,304709
2016-01-15,293494,325137
2016-01-16,302142,309547
2016-01-17,320545,318437
2016-01-18,329267,332764
2016-01-19,290415,307914
2016-01-20,302808,289410
2016-01-21,298624,307862
2016-01-22,307376,307776
2016-01-23,309538,304439
2016-01-24,306875,318260
2016-01-25,299817,311737
2016-01-26,312511,320043
2016-01-27,333008,322023
2016-01-28,333266,345210
2016-01-29,403496,381087
2016-01-30,393244,371481
2016-01-31,365404,356129
2016-02-01,347124,341494
2016-02-02,322078,328010
2016-02-03,316427,335725
2016-02-04,318011,324117
2016-02-05,324642,333260
2016-02-06,347119,338647
2016-02-07,355134,338427
2016-02-08,321807,326081
2016-02-09,306910,310247
2016-02-10,312877,330940
2016-02-11,316867,354572
2016-02-12,377892,370655
2016-02-13,460658,452222
2016-02-14,457426,444337
2016-02-15,371558,405872
2016-02-16,347239,371321
2016-02-17,337968,358533
2016-02-18,317589,348984
2016-02-19,334225,351957
2016-02-20,334581,349660
2016-02-21,329782,352220
2016-02-22,313306,339153
2016-02-23,310090,329365
2016-02-24,306653,325588
2016-02-25,303377,320266
2016-02-26,307577,326844
2016-02-27,318645,330292
2016-02-28,325035,329222
2016-02-29,312424,301381
2016-03-01,304234,302327
2016-03-02,305480,302982
2016-03-03,309023,319933
2016-03-04,410969,391275
2016-03-05,422223,395630
2016-03-06,451550,395499
2016-03-07,445174,399244
2016-03-08,389195,385316
2016-03-09,454013,411092
2016-03-10,382194,402392
2016-03-11,362010,379784
2016-03-12,357010,385832
2016-03-13,348306,360453
2016-03-14,333796,348969
2016-03-15,327154,359015
2016-03-16,322272,348963
2016-03-17,324160,354235
2016-03-18,423816,448770
2016-03-19,442687,461407
2016-03-20,392926,453445
2016-03-21,366918,423429
2016-03-22,350645,410112
2016-03-23,345752,316623
2016-03-24,332108,373354
2016-03-25,327599,351818
2016-03-26,366475,377312
2016-03-27,404302,387460
2016-03-28,338231,358499
2016-03-29,320066,336912
2016-03-30,332584,353285
2016-03-31,320002,345394
2016-04-01,329214,354628
2016-04-02,334446,339000
2016-04-03,329131,340204
2016-04-04,356235,365210
2016-04-05,319232,342342
2016-04-06,327563,343009
2016-04-07,461030,395366
2016-04-08,452563,428216
2016-04-09,420822,438524
2016-04-10,395232,415392
2016-04-11,359512,376607
2016-04-12,340183,356084
2016-04-13,385099,408500
2016-04-14,372432,401307
2016-04-15,342786,355378
2016-04-16,360950,378639
2016-04-17,459950,456520
2016-04-18,446250,465693
2016-04-19,429391,425330
2016-04-20,388565,407860
2016-04-21,426136,443704
2016-04-22,452940,478647
2016-04-23,429559,452033
2016-04-24,410098,411860
2016-04-25,380528,374560
2016-04-26,364077,374752
2016-04-27,434924,402367
2016-04-28,462061,430062
2016-04-29,427752,446408
2016-04-30,396275,415553
2016-05-01,382488,392452
2016-05-02,371837,396176
2016-05-03,414570,435220
2016-05-04,457171,478894
2016-05-05,446408,449690
2016-05-06,429591,450557
2016-05-07,423046,419396
2016-05-08,406238,408025
2016-05-09,390469,291307
2016-05-10,418278,430872
2016-05-11,417060,400325
2016-05-12,381003,387457
2016-05-13,371292,379579
2016-05-14,372668,375391
2016-05-15,385578,370227
2016-05-16,438211,440182
2016-05-17,399024,400966
2016-05-18,362516,367634
2016-05-19,353163,370253
2016-05-20,346778,375721
2016-05-21,349963,374776
2016-05-22,348669,375886
2016-05-23,342510,364599
2016-05-24,365524,394571
2016-05-25,393440,402520
2016-05-26,354673,374987
2016-05-27,364580,364278
2016-05-28,341635,356314
2016-05-29,355007,359153
2016-05-30,349139,356378
2016-05-31,350012,366898
2016-06-01,346404,352921
2016-06-02,332854,354374
2016-06-03,322135,375329
2016-06-04,360873,381083
2016-06-05,348183,371063
2016-06-06,356970,374925
2016-06-07,338334,376067
2016-06-08,335183,364122
2016-06-09,335963,367486
2016-06-10,327791,373632
2016-06-11,339869,346723
2016-06-12,345011,381596
2016-06-13,350520,359138
2016-06-14,323574,339491
2016-06-15,324395,345824
2016-06-16,348355,358364
2016-06-17,333414,364316
2016-06-18,339427,360278
2016-06-19,412354,414110
2016-06-20,346359,371217
2016-06-21,393389,411952
2016-06-22,378052,361987
2016-06-23,378449,424921
2016-06-24,375327,445962
2016-06-25,420028,475614
2016-06-26,361539,432570
2016-06-27,345022,396424
2016-06-28,338639,395106
2016-06-29,344959,398636
2016-06-30,352630,411034
2016-07-01,364422,431546
2016-07-02,480471,453345
2016-07-03,482768,492990
2016-07-04,484882,459360
2016-07-05,475092,501173
2016-07-06,462444,483298
2016-07-07,444807,479244
2016-07-08,421755,452915
2016-07-09,424064,453996
2016-07-10,391946,451227
2016-07-11,387115,443979
2016-07-12,418941,434663
2016-07-13,448053,487884
2016-07-14,390361,411545
2016-07-15,374373,383686
2016-07-16,391541,393729
2016-07-17,421213,423338
2016-07-18,399359,411152
2016-07-19,382855,389258
2016-07-20,372225,397642
2016-07-21,363146,377343
2016-07-22,355271,382624
2016-07-23,363409,408583
2016-07-24,366366,395295
2016-07-25,363280,411440
2016-07-26,358456,381234
2016-07-27,358082,379540
2016-07-28,357984,379869
2016-07-29,353993,391730
2016-07-30,352957,400573
2016-07-31,347034,400743
2016-08-01,370291,395552
2016-08-02,361945,391086
2016-08-03,368566,384836
2016-08-04,423571,401656
2016-08-05,384481,392976
2016-08-06,373263,391530
2016-08-07,367051,393785
2016-08-08,353842,371250
2016-08-09,358034,341319
2016-08-10,351167,366286
2016-08-11,352958,385669
2016-08-12,355568,380258
2016-08-13,355036,398520
2016-08-14,338475,363589
2016-08-15,361583,385705
2016-08-16,359348,418858
2016-08-17,348125,367410
2016-08-18,344728,382669
2016-08-19,341029,373688
2016-08-20,345278,387797
2016-08-21,338597,379503
2016-08-22,341089,381972
2016-08-23,332796,359843
2016-08-24,331805,367870
2016-08-25,330609,351390
2016-08-26,333454,353435
2016-08-27,323583,369677
2016-08-28,442208,399427
2016-08-29,452023,455378
2016-08-30,377762,348898
2016-08-31,362835,352790
2016-09-01,356105,369977
2016-09-02,438367,404637
2016-09-03,480983,418801
2016-09-04,476603,414668
2016-09-05,449513,406601
2016-09-06,428678,419662
2016-09-07,406509,403428
2016-09-08,423729,416596
2016-09-09,384934,405851
2016-09-10,379930,375842
2016-09-11,375317,392351
2016-09-12,405914,364787
2016-09-13,418560,424948
2016-09-14,406499,416131
2016-09-15,373538,388176
2016-09-16,361579,376349
2016-09-17,439173,422613
2016-09-18,445350,438571
2016-09-19,449130,423849
2016-09-20,448276,426565
2016-09-21,428193,420615
2016-09-22,404388,398928
2016-09-23,396838,385521
2016-09-24,390107,394542
2016-09-25,380030,379866
2016-09-26,368017,393072
2016-09-27,374771,384936
2016-09-28,406994,393897
2016-09-29,459288,397820
2016-09-30,442048,400331
2016-10-01,464084,394128
2016-10-02,443948,407408
2016-10-03,424637,398658
2016-10-04,412428,381635
2016-10-05,464615,396733
2016-10-06,459852,399421
2016-10-07,452370,390256
2016-10-08,461505,390754
2016-10-09,455814,408182
2016-10-10,442637,404391
2016-10-11,422116,381785
2016-10-12,409605,391210
2016-10-13,397558,393053
2016-10-14,394791,391644
2016-10-15,394303,375636
2016-10-16,402340,384498
2016-10-17,464098,409438
2016-10-18,452084,382494
2016-10-19,435955,388195
2016-10-20,412670,346041
2016-10-21,393586,367273
2016-10-22,389155,342420
2016-10-23,382032,342202
2016-10-24,375484,343209
2016-10-25,376799,363609
2016-10-26,370200,345824
2016-10-27,358418,333160
2016-10-28,406275,369732
2016-10-29,377481,345273
2016-10-30,358188,323989
2016-10-31,348900,333249
2016-11-01,351693,321230
2016-11-02,344674,319325
2016-11-03,344221,323699
2016-11-04,341384,320211
2016-11-05,350406,322559
2016-11-06,338749,322527
2016-11-07,334208,301781
2016-11-08,330347,323970
2016-11-09,327674,277839
2016-11-10,371768,322943
2016-11-11,359553,314952
2016-11-12,346536,322419
2016-11-13,339500,324393
2016-11-14,403971,350626
2016-11-15,346183,339553
2016-11-16,342513,322058
2016-11-17,332847,310942
2016-11-18,351766,335368
2016-11-19,442705,395992
2016-11-20,365587,370714
2016-11-21,348033,338201
2016-11-22,336747,336755
2016-11-23,329244,337099
2016-11-24,326432,296503
2016-11-25,327437,315882
2016-11-26,334250,333405
2016-11-27,335661,349209
2016-11-28,331332,308149
2016-11-29,322550,298711
2016-11-30,378670,363747
2016-12-01,335865,300541
2016-12-02,327502,271783
2016-12-03,336181,329008
2016-12-04,333107,317203
2016-12-05,325973,301767
2016-12-06,312496,302570
2016-12-07,319188,324274
2016-12-08,317734,286722
2016-12-09,323682,291630
2016-12-10,326578,307670
2016-12-11,327635,319739
2016-12-12,314190,308738
2016-12-13,319840,298066
2016-12-14,324365,309569
2016-12-15,317306,315024
2016-12-16,310762,304189
2016-12-17,321733,301155
2016-12-18,325985,317780
2016-12-19,363876,342658
2016-12-20,383333,361282
2016-12-21,342918,333023
2016-12-22,459396,382728
2016-12-23,460214,417132
2016-12-24,421875,388704
2016-12-25,395504,348684
2016-12-26,398051,355972
2016-12-27,464877,366064
2016-12-28,422218,380702
2016-12-29,389941,363424
2016-12-30,369242,342894
2016-12-31,374825,359892
2017-01-01,358303,346300
2017-01-02,351216,340527
2017-01-03,343510,325473
2017-01-04,342077,320846
2017-01-05,340485,331317
2017-01-06,336468,324396
2017-01-07,339075,320697
2017-01-08,393895,356498
2017-01-09,338428,317149
2017-01-10,325884,306798
2017-01-11,322667,307199
2017-01-12,329338,312329
2017-01-13,321261,312868
2017-01-14,330997,322128
2017-01-15,330963,298515
2017-01-16,326728,317053
2017-01-17,321064,320737
2017-01-18,325323,317498
2017-01-19,321323,319824
2017-01-20,322156,305406
2017-01-21,325457,294880
2017-01-22,329861,332287
2017-01-23,316298,304173
2017-01-24,316085,293520
2017-01-25,325509,312709
2017-01-26,340990,329593
2017-01-27,360007,336973
2017-01-28,310204,313085
2017-01-29,336275,319071
2017-01-30,347191,339567
2017-01-31,317563,302499
2017-02-01,311526,292444
2017-02-02,311518,294066
2017-02-03,310600,302895
2017-02-04,320635,304426
2017-02-05,376972,369334
2017-02-06,315037,298893
2017-02-07,306191,296848
2017-02-08,310841,298165
2017-02-09,310177,294657
2017-02-10,313198,286920
2017-02-11,319298,305725
2017-02-12,321753,297342
2017-02-13,310424,299072
2017-02-14,305871,290010
2017-02-15,304167,287090
2017-02-16,310902,297856
2017-02-17,380085,340383
2017-02-18,316813,291748
2017-02-19,316359,304302
2017-02-20,311946,291943
2017-02-21,300070,300025
2017-02-22,340673,296062
2017-02-23,380690,345422
2017-02-24,321714,297172
2017-02-25,324188,288703
2017-02-26,322566,299052
2017-02-27,309762,302969
2017-02-28,306772,303642
2017-03-01,306750,280142
2017-03-02,375779,326095
2017-03-03,314607,298037
2017-03-04,322476,298400
2017-03-05,324696,295591
2017-03-06,314686,297722
2017-03-07,302491,286760
2017-03-08,300026,288758
2017-03-09,310408,283395
2017-03-10,307195,294666
2017-03-11,320276,311930
2017-03-12,318906,298704
2017-03-13,314277,293368
2017-03-14,306702,303565
2017-03-15,300836,290611
2017-03-16,313813,278803
2017-03-17,309492,295547
2017-03-18,318351,281742
2017-03-19,321559,300066
2017-03-20,321800,302062
2017-03-21,385948,332471
2017-03-22,313837,301579
2017-03-23,312882,295505
2017-03-24,309105,287298
2017-03-25,320607,296187
2017-03-26,357668,328242
2017-03-27,333177,302766
2017-03-28,313387,296679
2017-03-29,315480,281032
2017-03-30,317609,304819
2017-03-31,306911,296793
2017-04-01,354066,306871
2017-04-02,349399,300513
2017-04-03,324113,296828
2017-04-04,315385,296924
2017-04-05,386849,345645
2017-04-06,483925,398906
2017-04-07,463108,371295
2017-04-08,409056,369568
2017-04-09,376937,332642
2017-04-10,355490,318903
2017-04-11,434250,361037
2017-04-12,381105,344967
2017-04-13,360572,359415
2017-04-14,348594,313890
2017-04-15,354579,327782
2017-04-16,356509,327102
2017-04-17,411299,367709
2017-04-18,458585,398686
2017-04-19,408902,373150
2017-04-20,368391,346533
2017-04-21,360400,336741
2017-04-22,359199,322861
2017-04-23,354919,314079
2017-04-24,339877,320690
2017-04-25,330688,310028
2017-04-26,373191,338942
2017-04-27,342799,328811
2017-04-28,333210,308318
2017-04-29,341086,334715
2017-04-30,337323,308430
2017-05-01,333824,307853
2017-05-02,318264,310107
2017-05-03,309543,292148
2017-05-04,318274,289486
2017-05-05,343049,321679
2017-05-06,332784,333105
2017-05-07,329873,305523
2017-05-08,317330,309727
2017-05-09,400838,352602
2017-05-10,360050,325419
2017-05-11,330835,289486
2017-05-12,368883,348350
2017-05-13,362588,339380
2017-05-14,333042,324492
2017-05-15,325243,300763
2017-05-16,317234,305093
2017-05-17,317736,296631
2017-05-18,317963,305473
2017-05-19,319909,306486
2017-05-20,323618,297935
2017-05-21,322971,314807
2017-05-22,321015,303411
2017-05-23,313399,303348
2017-05-24,315323,295756
2017-05-25,322231,300694
2017-05-26,314565,304241
2017-05-27,317594,316682
2017-05-28,314569,292169
2017-05-29,315320,309871
2017-05-30,310781,304065
2017-05-31,310315,293897
2017-06-01,320891,301025
2017-06-02,312134,309303
2017-06-03,313682,300570
2017-06-04,309660,303556
2017-06-05,300823,298423
2017-06-06,295991,289570
2017-06-07,407609,369968
2017-06-08,324295,316392
2017-06-09,312418,319523
2017-06-10,313707,295349
2017-06-11,319014,306389
2017-06-12,303483,300001
2017-06-13,302166,314776
2017-06-14,304290,305559
2017-06-15,310229,308797
2017-06-16,311776,301598
2017-06-17,314258,305820
2017-06-18,316245,307485
2017-06-19,312487,315071
2017-06-20,328285,322854
2017-06-21,356194,324202
2017-06-22,322224,316588
2017-06-23,321710,296646
2017-06-24,323758,325638
2017-06-25,325609,318813
2017-06-26,318299,314669
2017-06-27,308379,300299
2017-06-28,315113,314041
2017-06-29,322930,313384
2017-06-30,379901,347887
2017-07-01,328995,314225
2017-07-02,366298,338259
2017-07-03,326740,316674
2017-07-04,427683,405575
2017-07-05,443137,423158
2017-07-06,355483,373060
2017-07-07,338451,362979
2017-07-08,342880,362527
2017-07-09,356622,363057
2017-07-10,331830,382139
2017-07-11,376029,337184
2017-07-12,338608,373525
2017-07-13,339349,357751
2017-07-14,340367,369947
2017-07-15,338630,348061
2017-07-16,338174,354963
2017-07-17,330075,361707
2017-07-18,396286,392013
2017-07-19,333991,363535
2017-07-20,332178,370306
2017-07-21,335994,373153
2017-07-22,338012,382931
2017-07-23,336024,373231
2017-07-24,342182,370800
2017-07-25,347504,365014
2017-07-26,345395,363468
2017-07-27,320308,362086
2017-07-28,316908,337404
2017-07-29,324392,340830
2017-07-30,321773,329512
2017-07-31,330502,319782
2017-08-01,326647,339620
2017-08-02,304136,337633
2017-08-03,311778,332070
2017-08-04,315717,320229
2017-08-05,317941,331603
2017-08-06,322456,334160
2017-08-07,328652,345026
2017-08-08,324652,326044
2017-08-09,372479,364427
2017-08-10,339507,348309
2017-08-11,341051,342938
2017-08-12,315134,338749
2017-08-13,309192,321205
2017-08-14,365961,356700
2017-08-15,417017,398679
2017-08-16,345305,354704
2017-08-17,340069,343796
2017-08-18,321876,367061
2017-08-19,317997,348434
2017-08-20,324959,364382
2017-08-21,343098,334838
2017-08-22,350129,395254
2017-08-23,371667,367914
2017-08-24,345302,337658
2017-08-25,331693,337732
2017-08-26,317552,327206
2017-08-27,310718,312244
2017-08-28,308426,319832
2017-08-29,299538,315277
2017-08-30,313237,330291
2017-08-31,313162,332623
2017-09-01,311739,313515
2017-09-02,315686,318160
2017-09-03,308664,328685
2017-09-04,301641,323696
2017-09-05,303782,311789
2017-09-06,326151,324998
2017-09-07,460520,399706
2017-09-08,341282,374273
2017-09-09,331184,328095
2017-09-10,328288,330639
2017-09-11,395892,424236
2017-09-12,377937,449560
2017-09-13,401176,421254
2017-09-14,349796,383538
2017-09-15,335531,355130
2017-09-16,331543,347910
2017-09-17,403951,406971
2017-09-18,360358,362536
2017-09-19,325785,345653
2017-09-20,320591,347167
2017-09-21,321915,323125
2017-09-22,319735,340986
2017-09-23,328594,351719
2017-09-24,328943,329228
2017-09-25,322009,364763
2017-09-26,320333,366077
2017-09-27,405594,387646
2017-09-28,324363,335925
2017-09-29,312872,312558
2017-09-30,320249,322816
2017-10-01,330044,329921
2017-10-02,479110,427917
2017-10-03,446417,493322
2017-10-04,343284,414992
2017-10-05,314024,322525
2017-10-06,405853,387230
2017-10-07,362031,350520
2017-10-08,358509,347686
2017-10-09,352597,344995
2017-10-10,331261,348123
2017-10-11,325018,318050
2017-10-12,362837,353159
2017-10-13,373300,353651
2017-10-14,320642,328444
2017-10-15,407475,388073
2017-10-16,331642,335681
2017-10-17,323329,336995
2017-10-18,311137,332799
2017-10-19,326189,305947
2017-10-20,318268,328314
2017-10-21,321880,344196
2017-10-22,320012,330797
2017-10-23,310313,308734
2017-10-24,343654,346988
2017-10-25,320859,323884
2017-10-26,322825,308477
2017-10-27,309920,302657
2017-10-28,312999,321983
2017-10-29,319113,326855
2017-10-30,312078,315891
2017-10-31,307645,299532
2017-11-01,310473,309328
2017-11-02,310899,330394
2017-11-03,307754,328195
2017-11-04,312913,318795
2017-11-05,309753,317307
2017-11-06,293520,305381
2017-11-07,328709,312423
2017-11-08,310731,324226
2017-11-09,308331,314448
2017-11-10,300105,321758
2017-11-11,304666,314012
2017-11-12,306315,290773
2017-11-13,308002,307351
2017-11-14,305551,314787
2017-11-15,303566,295273
2017-11-16,305425,298018
2017-11-17,309524,316241
2017-11-18,309522,310932
2017-11-19,302824,330715
2017-11-20,307718,281963
2017-11-21,302175,300050
2017-11-22,298792,312917
2017-11-23,311623,287053
2017-11-24,298909,298380
2017-11-25,305136,295488
2017-11-26,300048,290437
2017-11-27,292658,311330
2017-11-28,294765,275184
2017-11-29,296580,317740
2017-11-30,298640,286851
2017-12-01,304104,307258
2017-12-02,307544,289207
2017-12-03,309038,297579
2017-12-04,293742,314770
2017-12-05,284855,297183
2017-12-06,301203,290056
2017-12-07,303505,295100
2017-12-08,301303,312780
2017-12-09,298000,290329
2017-12-10,310048,309632
2017-12-11,297042,305286
2017-12-12,307138,296513
2017-12-13,288006,298858
2017-12-14,300892,282450
2017-12-15,294198,312459
2017-12-16,308557,311961
2017-12-17,309440,318523
2017-12-18,296818,311369
2017-12-19,282234,289078
2017-12-20,281112,311148
2017-12-21,290558,299798
2017-12-22,290789,303935
2017-12-23,298607,301304
2017-12-24,318226,351178
2017-12-25,299433,321185
2017-12-26,282651,281005
2017-12-27,278982,290795
2017-12-28,283089,314886
2017-12-29,291626,310545
2017-12-30,298036,305181
2017-12-31,287767,308916
2018-01-01,284075,250693
2018-01-02,279317,254263
2018-01-03,280829,248012
2018-01-04,280737,246327
2018-01-05,276664,246918
2018-01-06,287659,247868
2018-01-07,279991,252800
2018-01-08,314287,292459
2018-01-09,275915,255571
2018-01-10,271179,229875
2018-01-11,283244,250268
2018-01-12,285295,236415
2018-01-13,293985,257374
2018-01-14,311784,271813
2018-01-15,313360,277914
2018-01-16,352612,276104
2018-01-17,421839,325487
2018-01-18,328314,277181
2018-01-19,310949,263617
2018-01-20,301670,289073
2018-01-21,296930,250579
2018-01-22,285945,261218
2018-01-23,297685,224460
2018-01-24,294826,243300
2018-01-25,289607,238955
2018-01-26,305424,243818
2018-01-27,304562,248721
2018-01-28,322341,254891
2018-01-29,306620,236884
2018-01-30,291313,279589
2018-01-31,316073,279867
2018-02-01,302609,271424
2018-02-02,310419,270879
2018-02-03,313781,282872
2018-02-04,300977,274829
2018-02-05,286232,264053
2018-02-06,281812,259945
2018-02-07,283732,248938
2018-02-08,290493,208626
2018-02-09,301927,231552
2018-02-10,319046,273466
2018-02-11,310345,282317
2018-02-12,298978,249447
2018-02-13,292486,237526
2018-02-14,307862,253528
2018-02-15,314330,265219
2018-02-16,290220,230077
2018-02-17,285887,236350
2018-02-18,307410,247456
2018-02-19,297986,237446
2018-02-20,282218,234134
2018-02-21,279925,237913
2018-02-22,278464,232918
2018-02-23,279735,222798
2018-02-24,292340,224374
2018-02-25,289489,229775
2018-02-26,296779,231319
2018-02-27,283415,227946
2018-02-28,315548,268377
2018-03-01,371289,317322
2018-03-02,304361,267402
2018-03-03,304499,257220
2018-03-04,312979,287302
2018-03-05,435804,288495
2018-03-06,370723,321780
2018-03-07,328993,273472
2018-03-08,436327,276075
2018-03-09,405499,276546
2018-03-10,363579,306687
2018-03-11,338390,252492
2018-03-12,338416,266585
2018-03-13,321039,264826
2018-03-14,324429,272326
2018-03-15,383959,261195
2018-03-16,453710,297142
2018-03-17,385395,303541
2018-03-18,357548,303561
2018-03-19,458300,303783
2018-03-20,454655,320794
2018-03-21,480785,279731
2018-03-22,443893,263406
2018-03-23,429702,318201
2018-03-24,397616,305823
2018-03-25,378122,299796
2018-03-26,360942,279204
2018-03-27,342795,291840
2018-03-28,344393,274691
2018-03-29,333967,274318
2018-03-30,321163,273251
2018-03-31,330709,273231
2018-04-01,341053,268262
2018-04-02,321136,277441
2018-04-03,310759,265336
2018-04-04,319578,286423
2018-04-05,311412,259678
2018-04-06,376835,348118
2018-04-07,379999,311249
2018-04-08,341354,273574
2018-04-09,326022,248893
2018-04-10,313070,265671
2018-04-11,320632,274233
2018-04-12,314542,285502
2018-04-13,313891,263834
2018-04-14,364772,259146
2018-04-15,409220,324334
2018-04-16,371157,301673
2018-04-17,328430,271530
2018-04-18,322593,278738
2018-04-19,318660,280589
2018-04-20,319765,282573
2018-04-21,321543,267754
2018-04-22,315920,272132
2018-04-23,399729,293614
2018-04-24,490989,291167
2018-04-25,456022,287444
2018-04-26,412517,322687
2018-04-27,360214,332333
2018-04-28,359412,291596
2018-04-29,345222,305166
2018-04-30,334320,301196
2018-05-01,336170,281904
2018-05-02,442762,312926
2018-05-03,344020,271794
2018-05-04,324418,281609
2018-05-05,312482,267836
2018-05-06,373591,269971
2018-05-07,456272,312185
2018-05-08,442277,305915
2018-05-09,405980,332403
2018-05-10,388120,310197
2018-05-11,354204,303380
2018-05-12,349772,297791
2018-05-13,434781,337831
2018-05-14,375200,295890
2018-05-15,380922,297017
2018-05-16,347462,306958
2018-05-17,368232,312384
2018-05-18,405817,336063
2018-05-19,356253,326830
2018-05-20,334269,292574
2018-05-21,316066,280914
2018-05-22,316864,282221
2018-05-23,426421,356017
2018-05-24,390122,335061
2018-05-25,376244,321414
2018-05-26,368864,319266
2018-05-27,344628,296636
2018-05-28,333636,297491
2018-05-29,325231,300962
2018-05-30,331251,296503
2018-05-31,324634,268208
2018-06-01,324432,300450
2018-06-02,331609,255031
2018-06-03,332425,284311
2018-06-04,323065,291068
2018-06-05,348332,289050
2018-06-06,323899,278681
2018-06-07,316967,279802
2018-06-08,319770,260102
2018-06-09,314931,274237
2018-06-10,317500,263481
2018-06-11,398664,339154
2018-06-12,353847,289626
2018-06-13,321254,264779
2018-06-14,319149,276113
2018-06-15,319915,285950
2018-06-16,312259,262745
2018-06-17,316011,267317
2018-06-18,319533,268031
2018-06-19,327342,283262
2018-06-20,361977,312034
2018-06-21,313205,253673
2018-06-22,305264,265006
2018-06-23,311528,274873
2018-06-24,318727,263106
2018-06-25,317705,278938
2018-06-26,318372,262518
2018-06-27,348039,310048
2018-06-28,402485,289875
2018-06-29,416073,293120
2018-06-30,403794,326925
2018-07-01,419152,342223
2018-07-02,414946,346984
2018-07-03,479632,340181
2018-07-04,493383,320320
2018-07-05,489845,341680
2018-07-06,464932,344244
2018-07-07,444014,347567
2018-07-08,405850,345514
2018-07-09,408159,330225
2018-07-10,398955,328135
2018-07-11,359982,344468
2018-07-12,404630,307726
2018-07-13,392208,321675
2018-07-14,382007,338216
2018-07-15,370662,329293
2018-07-16,359533,310863
2018-07-17,346284,324091
2018-07-18,347233,302569
2018-07-19,341266,309453
2018-07-20,350469,301309
2018-07-21,349324,274365
2018-07-22,341625,294468
2018-07-23,333459,291941
2018-07-24,338321,276619
2018-07-25,330427,299026
2018-07-26,333670,269079
2018-07-27,337585,295717
2018-07-28,345781,286726
2018-07-29,329485,288306
2018-07-30,341209,315498
2018-07-31,320364,272808
2018-08-01,317775,298042
2018-08-02,307083,268767
2018-08-03,315807,269101
2018-08-04,318182,280503
2018-08-05,320443,281574
2018-08-06,327827,273582
2018-08-07,311675,270417
2018-08-08,315083,266618
2018-08-09,313207,286288
2018-08-10,313350,300183
2018-08-11,320680,296820
2018-08-12,324717,293238
2018-08-13,322411,289437
2018-08-14,316126,285859
2018-08-15,351235,302244
2018-08-16,409750,336847
2018-08-17,325158,312668
2018-08-18,300566,263522
2018-08-19,304383,265757
2018-08-20,302922,271088
2018-08-21,306745,280946
2018-08-22,311435,283011
2018-08-23,347031,301881
2018-08-24,451202,324923
2018-08-25,334310,307646
2018-08-26,411078,335135
2018-08-27,442488,339966
2018-08-28,382951,328721
2018-08-29,352126,310684
2018-08-30,344108,312606
2018-08-31,393846,314542
2018-09-01,515113,377619
2018-09-02,464403,371136
2018-09-03,451049,347609
2018-09-04,455298,368409
2018-09-05,463136,346045
2018-09-06,383171,341795
2018-09-07,425423,348374
2018-09-08,396333,330642
2018-09-09,364516,323693
2018-09-10,353845,323783
2018-09-11,349560,282731
2018-09-12,354631,294372
2018-09-13,378408,321423
2018-09-14,453197,355513
2018-09-15,470054,356958
2018-09-16,428353,346360
2018-09-17,381040,334645
2018-09-18,371630,304647
2018-09-19,353984,311521
2018-09-20,432493,356815
2018-09-21,434604,325515
2018-09-22,446864,345201
2018-09-23,420999,342855
2018-09-24,362200,321250
2018-09-25,345926,303710
2018-09-26,351683,312652
2018-09-27,341377,308636
2018-09-28,330285,270944
2018-09-29,393448,329464
2018-09-30,464262,351018
2018-10-01,426340,345491
2018-10-02,365804,320170
2018-10-03,349248,332152
2018-10-04,343432,313744
2018-10-05,452500,361560
2018-10-06,434139,365959
2018-10-07,439720,369137
2018-10-08,442381,351521
2018-10-09,428676,357289
2018-10-10,402300,350015
2018-10-11,378138,345368
2018-10-12,358641,330242
2018-10-13,352553,317878
2018-10-14,355396,300957
2018-10-15,349197,308404
2018-10-16,339395,293215
2018-10-17,345532,301771
2018-10-18,324875,284428
2018-10-19,320789,287431
2018-10-20,326327,287791
2018-10-21,327363,289842
2018-10-22,321872,287807
2018-10-23,314263,293642
2018-10-24,317304,293031
2018-10-25,315867,291445
2018-10-26,340331,300618
2018-10-27,329168,296561
2018-10-28,313675,287704
2018-10-29,314392,290099
2018-10-30,303574,277632
2018-10-31,302079,265916
2018-11-01,302211,280831
2018-11-02,305095,279114
2018-11-03,310713,272687
2018-11-04,308876,279000
2018-11-05,307932,289230
2018-11-06,307884,260505
2018-11-07,301695,253942
2018-11-08,370493,303094
2018-11-09,443813,349801
2018-11-10,409242,341208
2018-11-11,373204,309506
2018-11-12,378286,310810
2018-11-13,340211,304760
2018-11-14,336142,293360
2018-11-15,328872,296432
2018-11-16,325652,283517
2018-11-17,324445,275156
2018-11-18,313776,283404
2018-11-19,322005,285775
2018-11-20,308131,262185
2018-11-21,308276,278145
2018-11-22,315510,274973
2018-11-23,312104,269006
2018-11-24,311082,283605
2018-11-25,313094,285690
2018-11-26,308024,287973
2018-11-27,304617,259284
2018-11-28,307298,268117
2018-11-29,306572,269663
2018-11-30,296844,283391
2018-12-01,307050,250537
2018-12-02,314347,269904
2018-12-03,351614,336270
2018-12-04,345279,314018
2018-12-05,366155,308486
2018-12-06,344002,307820
2018-12-07,320410,282181
2018-12-08,327520,281432
2018-12-09,317214,264918
2018-12-10,315897,270987
2018-12-11,317644,295976
2018-12-12,302142,275243
2018-12-13,283224,249841
2018-12-14,301888,256165
2018-12-15,300081,266777
2018-12-16,311873,286075
2018-12-17,295491,252568
2018-12-18,291626,259536
2018-12-19,290542,278045
2018-12-20,281915,264094
2018-12-21,293062,268501
2018-12-22,303653,291073
2018-12-23,310452,283714
2018-12-24,284053,288054
2018-12-25,289211,280736
2018-12-26,285876,282298
2018-12-27,288780,278909
2018-12-28,284951,276956
2018-12-29,296705,273578
2018-12-30,297245,276865
2018-12-31,294764,284987
2019-01-01,283523,279087
2019-01-02,282630,289535
2019-01-03,286733,293057
2019-01-04,287082,298024
2019-01-05,290295,304395
2019-01-06,297101,295919
2019-01-07,286842,299872
2019-01-08,281905,282943
2019-01-09,293620,280691
2019-01-10,288017,287192
2019-01-11,285320,280650
2019-01-12,296730,292553
2019-01-13,293532,308628
2019-01-14,286511,257385
2019-01-15,280656,242403
2019-01-16,280844,244703
2019-01-17,282960,234419
2019-01-18,281640,242168
2019-01-19,297137,261113
2019-01-20,295296,270517
2019-01-21,288226,239405
2019-01-22,293176,244563
2019-01-23,281856,248098
2019-01-24,286124,250985
2019-01-25,282127,243889
2019-01-26,290658,230657
2019-01-27,295723,247988
2019-01-28,293958,253974
2019-01-29,282848,240130
2019-01-30,285487,242340
2019-01-31,326887,270104
2019-02-01,314308,255274
2019-02-02,308535,248230
2019-02-03,354331,254964
2019-02-04,356353,272199
2019-02-05,287855,255511
2019-02-06,294828,226545
2019-02-07,296653,247773
2019-02-08,282366,237374
2019-02-09,289388,242428
2019-02-10,288589,243902
2019-02-11,281284,243061
2019-02-12,277333,241102
2019-02-13,280691,237490
2019-02-14,280624,250044
2019-02-15,280785,241012
2019-02-16,289454,242281
2019-02-17,294284,254964
2019-02-18,284419,241041
2019-02-19,372004,284523
2019-02-20,342516,237057
2019-02-21,303630,287359
2019-02-22,300428,261793
2019-02-23,306057,241837
2019-02-24,303287,248066
2019-02-25,293540,244616
2019-02-26,288944,253873
2019-02-27,284877,230662
2019-02-28,291665,243135
2019-03-01,289418,247794
2019-03-02,289974,248255
2019-03-03,298271,242575
2019-03-04,298531,248900
2019-03-05,279443,252346
2019-03-06,290964,257526
2019-03-07,273359,244276
2019-03-08,289537,243372
2019-03-09,290016,262504
2019-03-10,380001,297658
2019-03-11,370384,264051
2019-03-12,310465,277642
2019-03-13,299933,260875
2019-03-14,294314,251985
2019-03-15,313544,244108
2019-03-16,320075,263597
2019-03-17,304398,264040
2019-03-18,289001,256038
2019-03-19,300548,245606
2019-03-20,299249,246713
2019-03-21,427762,302517
2019-03-22,392152,344327
2019-03-23,334581,277287
2019-03-24,321307,264804
2019-03-25,335876,283123
2019-03-26,303876,266456
2019-03-27,303131,266071
2019-03-28,301195,258059
2019-03-29,300488,280318
2019-03-30,314148,260137
2019-03-31,305071,258394
2019-04-01,294932,265268
2019-04-02,294889,254436
2019-04-03,297651,254656
2019-04-04,299166,277563
2019-04-05,297231,242753
2019-04-06,301213,275849
2019-04-07,311065,263905
2019-04-08,306488,271103
2019-04-09,295038,267127
2019-04-10,385401,315110
2019-04-11,309890,265424
2019-04-12,316751,257881
2019-04-13,305735,258609
2019-04-14,303614,244818
2019-04-15,302434,265510
2019-04-16,307643,242611
2019-04-17,295060,257849
2019-04-18,300333,249560
2019-04-19,295917,269846
2019-04-20,305550,244331
2019-04-21,304343,245942
2019-04-22,297401,248842
2019-04-23,302855,265791
2019-04-24,397960,277728
2019-04-25,321179,267690
2019-04-26,341892,286173
2019-04-27,329537,282614
2019-04-28,302100,256085
2019-04-29,336966,269988
2019-04-30,380472,310348
2019-05-01,349184,314339
2019-05-02,330264,269275
2019-05-03,316843,270809
2019-05-04,307670,279233
2019-05-05,297011,269312
2019-05-06,307249,263365
2019-05-07,299335,243481
2019-05-08,290859,259658
2019-05-09,292998,259533
2019-05-10,293163,246437
2019-05-11,301152,248934
2019-05-12,295691,246588
2019-05-13,296708,243280
2019-05-14,295863,237354
2019-05-15,299943,246633
2019-05-16,299001,259583
2019-05-17,297952,249916
2019-05-18,340240,268519
2019-05-19,365144,273566
2019-05-20,408103,271839
2019-05-21,315123,262486
2019-05-22,301699,265667
2019-05-23,311686,257491
2019-05-24,307952,275715
2019-05-25,305334,265722
2019-05-26,319094,273150
2019-05-27,357107,297333
2019-05-28,434213,291542
2019-05-29,351064,298169
2019-05-30,324518,266046
2019-05-31,316566,255360
2019-06-01,315346,261462
2019-06-02,309019,255189
2019-06-03,301322,271307
2019-06-04,307232,269624
2019-06-05,304276,247390
2019-06-06,319758,268003
2019-06-07,464155,273792
2019-06-08,392297,285582
2019-06-09,336986,297295
2019-06-10,321467,275037
2019-06-11,309373,276141
2019-06-12,309044,257859
2019-06-13,309701,255671
2019-06-14,344578,298551
2019-06-15,360197,274898
2019-06-16,334383,264165
2019-06-17,312494,273905
2019-06-18,300378,273447
2019-06-19,304778,262294
2019-06-20,305872,268790
2019-06-21,299507,272279
2019-06-22,300113,274071
2019-06-23,296703,260118
2019-06-24,290644,260114
2019-06-25,294760,256782
2019-06-26,403208,273659
2019-06-27,515968,283901
2019-06-28,497494,271233
2019-06-29,445071,284597
2019-06-30,477590,332186
2019-07-01,460650,292563
2019-07-02,449189,274730
2019-07-03,403694,308538
2019-07-04,386388,324630
2019-07-05,368285,286802
2019-07-06,360512,269228
2019-07-07,341720,301757
2019-07-08,333875,303093
2019-07-09,320989,265525
2019-07-10,384897,282401
2019-07-11,486941,311841
2019-07-12,409901,332919
2019-07-13,372961,292746
2019-07-14,365984,261451
2019-07-15,342608,304164
2019-07-16,335173,279597
2019-07-17,333350,253781
2019-07-18,432541,258545
2019-07-19,420013,281406
2019-07-20,466928,272390
2019-07-21,495017,276278
2019-07-22,451165,273560
2019-07-23,448118,305370
2019-07-24,459449,318401
2019-07-25,420982,283009
2019-07-26,422711,276167
2019-07-27,428145,312641
2019-07-28,417586,318795
2019-07-29,410459,299219
2019-07-30,384662,284383
2019-07-31,415501,296783
2019-08-01,359143,308446
2019-08-02,358915,309262
2019-08-03,339564,295939
2019-08-04,343184,295742
2019-08-05,342092,307035
2019-08-06,378532,318739
2019-08-07,437722,329520
2019-08-08,423820,336674
2019-08-09,411317,337336
2019-08-10,391834,318087
2019-08-11,361432,312615
2019-08-12,373638,302213
2019-08-13,357351,310452
2019-08-14,363759,307838
2019-08-15,411397,309452
2019-08-16,377506,311024
2019-08-17,356409,313091
2019-08-18,363335,298158
2019-08-19,339838,294531
2019-08-20,332068,304211
2019-08-21,343725,266179
2019-08-22,453732,323906
2019-08-23,432465,312125
2019-08-24,426741,311875
2019-08-25,374925,305482
2019-08-26,370476,303843
2019-08-27,411822,321173
2019-08-28,373192,323408
2019-08-29,369965,310724
2019-08-30,360995,403685
2019-08-31,349481,303010
2019-09-01,344867,301041
2019-09-02,399345,281982
2019-09-03,393693,291282
2019-09-04,394070,322235
2019-09-05,415438,316280
2019-09-06,392735,322041
2019-09-07,461047,305423
2019-09-08,407168,316031
2019-09-09,403788,297454
2019-09-10,375483,318182
2019-09-11,443568,319142
2019-09-12,418067,320428
2019-09-13,348076,316013
2019-09-14,345054,288586
2019-09-15,355732,305615
2019-09-16,364116,305442
2019-09-17,326956,290694
2019-09-18,326695,287880
2019-09-19,336542,276594
2019-09-20,325022,275310
2019-09-21,435181,305416
2019-09-22,500010,340545
2019-09-23,480375,340326
2019-09-24,481491,337163
2019-09-25,437852,329910
2019-09-26,415110,334839
2019-09-27,389926,329979
2019-09-28,486471,334977
2019-09-29,472707,333669
2019-09-30,453143,334120
2019-10-01,458334,336027
2019-10-02,470749,320342
2019-10-03,506155,321040
2019-10-04,499659,336972
2019-10-05,484069,320524
2019-10-06,438641,322224
2019-10-07,418006,340415
2019-10-08,399052,341454
2019-10-09,390422,334495
2019-10-10,368096,325595
2019-10-11,362470,323359
2019-10-12,362913,330309
2019-10-13,358724,307168
2019-10-14,351868,310000
2019-10-15,336978,296504
2019-10-16,338508,284453
2019-10-17,339914,288792
2019-10-18,422182,314853
2019-10-19,392590,320565
2019-10-20,378923,328732
2019-10-21,358302,293217
2019-10-22,347209,283844
2019-10-23,339694,293054
2019-10-24,342541,289334
2019-10-25,341143,273095
2019-10-26,338823,273891
2019-10-27,335038,293547
2019-10-28,338667,283044
2019-10-29,320659,272078
2019-10-30,324261,289550
2019-10-31,320821,268512
2019-11-01,321904,259099
2019-11-02,323878,261035
2019-11-03,336343,263381
2019-11-04,323605,278600
2019-11-05,323428,260904
2019-11-06,329417,243598
2019-11-07,318080,250700
2019-11-08,310714,275906
2019-11-09,319744,245029
2019-11-10,314651,264586
2019-11-11,348602,268749
2019-11-12,308673,268938
2019-11-13,304598,263315
2019-11-14,307997,234090
2019-11-15,305203,241796
2019-11-16,309098,264447
2019-11-17,305902,266694
2019-11-18,415457,316346
2019-11-19,313348,260998
2019-11-20,311447,275773
2019-11-21,310152,256141
2019-11-22,311567,241098
2019-11-23,318344,263964
2019-11-24,307747,264216
2019-11-25,308265,266569
2019-11-26,294780,250611
2019-11-27,297283,254534
2019-11-28,301826,265098
2019-11-29,302293,258640
2019-11-30,307091,261843
2019-12-01,330865,256805
2019-12-02,385106,321672
2019-12-03,327428,287360
2019-12-04,320971,269293
2019-12-05,316556,255888
2019-12-06,306549,263191
2019-12-07,315260,265184
2019-12-08,314799,245882
2019-12-09,306789,257685
2019-12-10,304301,262779
2019-12-11,311198,264595
2019-12-12,300710,237926
2019-12-13,301500,253687
2019-12-14,312468,264214
2019-12-15,308251,257055
2019-12-16,302507,255745
2019-12-17,289173,246157
2019-12-18,300235,253974
2019-12-19,298050,235647
2019-12-20,295599,249141
2019-12-21,305833,242233
2019-12-22,297578,259538
2019-12-23,297173,245105
2019-12-24,285811,222718
2019-12-25,288188,224418
2019-12-26,294880,237042
2019-12-27,294287,227406
2019-12-28,292105,248202
2019-12-29,278067,240101
2019-12-30,344336,279060
2019-12-31,294050,245288
2020-01-01,284464,268555
2020-01-02,296944,232437
2020-01-03,288039,218557
2020-01-04,308747,282757
2020-01-05,281497,219261
2020-01-06,331302,243546
2020-01-07,410779,226751
2020-01-08,421677,262096
2020-01-09,350644,271196
2020-01-10,327234,257847
2020-01-11,322580,260383
2020-01-12,321826,260766
2020-01-13,303721,235229
2020-01-14,295727,231541
2020-01-15,307143,245007
2020-01-16,298366,238354
2020-01-17,298653,225494
2020-01-18,326462,253519
2020-01-19,307107,248145
2020-01-20,303572,238141
2020-01-21,305132,206489
2020-01-22,309404,286072
2020-01-23,353675,268147
2020-01-24,331074,267286
2020-01-25,313062,222472
2020-01-26,290600,228172
2020-01-27,395642,289047
2020-01-28,400268,300312
2020-01-29,397477,294568
2020-01-30,384190,286228
2020-01-31,369172,281764
2020-02-01,351212,279229
2020-02-02,342684,254580
2020-02-03,336256,257699
2020-02-04,323358,269618
2020-02-05,315636,253656
2020-02-06,312620,241772
2020-02-07,320120,257494
2020-02-08,311523,268251
2020-02-09,320352,257242
2020-02-10,309561,247849
2020-02-11,314923,256658
2020-02-12,355704,279715
2020-02-13,401951,297386
2020-02-14,364522,331032
2020-02-15,349350,278148
2020-02-16,391712,297807
2020-02-17,327438,275709
2020-02-18,315912,247374
2020-02-19,314466,256740
2020-02-20,318718,275064
2020-02-21,320957,246806
2020-02-22,363980,289540
2020-02-23,316929,252203
2020-02-24,313312,253728
2020-02-25,394208,268697
2020-02-26,423669,289294
2020-02-27,457133,292569
2020-02-28,372385,287399
2020-02-29,361266,285866
2020-03-01,347826,271079
2020-03-02,339859,263481
2020-03-03,320928,276988
2020-03-04,319837,246675
2020-03-05,312005,265712
2020-03-06,316020,216190
2020-03-07,326679,255819
2020-03-08,350764,267675
2020-03-09,315585,254523
2020-03-10,440689,263101
2020-03-11,374721,260170
2020-03-12,341923,266681
2020-03-13,328608,273507
2020-03-14,328819,305212
2020-03-15,322351,274612
2020-03-16,314578,257844
2020-03-17,307505,237020
2020-03-18,306634,247927
2020-03-19,301476,259520
2020-03-20,301511,238826
2020-03-21,308707,239676
2020-03-22,304214,249567
2020-03-23,295453,267269
2020-03-24,293851,226797
2020-03-25,292729,235344
2020-03-26,297900,237591
2020-03-27,385102,298100
2020-03-28,339679,286613
2020-03-29,321980,251336
2020-03-30,319015,247136
2020-03-31,308819,266282
2020-04-01,320814,237814
2020-04-02,306586,246445
2020-04-03,307846,233835
2020-04-04,310753,256700
2020-04-05,308708,230029
2020-04-06,306410,231922
2020-04-07,301329,236987
2020-04-08,302452,251706
2020-04-09,295598,239929
2020-04-10,290307,219793
2020-04-11,297792,241964
2020-04-12,371994,277099
2020-04-13,331934,302835
2020-04-14,298489,267623
2020-04-15,299441,272756
2020-04-16,298839,238191
2020-04-17,351962,232878
2020-04-18,404273,278434
2020-04-19,371434,266114
2020-04-20,468439,267711
2020-04-21,385982,270826
2020-04-22,345481,261703
2020-04-23,336217,259273
2020-04-24,323209,259326
2020-04-25,327559,258377
2020-04-26,319046,291836
2020-04-27,313267,312089
2020-04-28,310166,285790
2020-04-29,312752,286770
2020-04-30,310601,264418
2020-05-01,324421,281744
2020-05-02,316617,290065
2020-05-03,398251,295086
2020-05-04,378998,299181
2020-05-05,313004,291246
2020-05-06,317894,284123
2020-05-07,315926,291724
2020-05-08,317824,277073
2020-05-09,419219,297706
2020-05-10,468281,299307
2020-05-11,384243,294633
2020-05-12,341763,294496
2020-05-13,323624,285094
2020-05-14,313957,305383
2020-05-15,390228,324627
2020-05-16,355682,311681
2020-05-17,320965,311363
2020-05-18,351273,340915
2020-05-19,355602,342152
2020-05-20,319539,298461
2020-05-21,306584,296296
2020-05-22,309310,322218
2020-05-23,315015,306206
2020-05-24,319943,282838
2020-05-25,311323,303951
2020-05-26,306906,305443
2020-05-27,315715,315789
2020-05-28,302799,277869
2020-05-29,304027,291706
2020-05-30,297803,306177
2020-05-31,310127,290109
2020-06-01,311956,287724
2020-06-02,298513,295148
2020-06-03,292313,319919
2020-06-04,308458,309013
2020-06-05,313872,275673
2020-06-06,300204,300575
2020-06-07,302320,314641
2020-06-08,300725,297281
2020-06-09,291224,286492
2020-06-10,302736,302661
2020-06-11,373877,353350
2020-06-12,317078,325938
2020-06-13,377282,372187
2020-06-14,383000,367471
2020-06-15,380360,360001
2020-06-16,330461,347535
2020-06-17,322386,316474
2020-06-18,458946,353955
2020-06-19,455841,362500
2020-06-20,360201,361215
2020-06-21,348212,351536
2020-06-22,336690,340516
2020-06-23,327488,343183
2020-06-24,341689,330193
2020-06-25,500955,365972
2020-06-26,453302,362220
2020-06-27,401512,361732
2020-06-28,360622,362888
2020-06-29,388868,359790
2020-06-30,484605,315026
2020-07-01,489595,364066
2020-07-02,443059,363382
2020-07-03,414895,359988
2020-07-04,431952,362321
2020-07-05,373540,361455
2020-07-06,370011,353635
2020-07-07,378830,352476
2020-07-08,358819,342202
2020-07-09,348204,347601
2020-07-10,470204,360517
2020-07-11,476893,365845
2020-07-12,461894,375635
2020-07-13,468648,374011
2020-07-14,472191,371919
2020-07-15,466008,370759
2020-07-16,458483,366280
2020-07-17,451409,368518
2020-07-18,432476,366626
2020-07-19,414045,366032
2020-07-20,447945,366596
2020-07-21,462115,363760
2020-07-22,465454,367281
2020-07-23,487313,368663
2020-07-24,495626,368125
2020-07-25,478626,366871
2020-07-26,442928,363608
2020-07-27,459366,367447
2020-07-28,493821,369542
2020-07-29,480628,367823
2020-07-30,494429,367114
2020-07-31,471533,364296
2020-08-01,469182,365713
2020-08-02,457426,366938
2020-08-03,430418,365954
2020-08-04,426194,362827
2020-08-05,417538,362608
2020-08-06,439004,362355
2020-08-07,420407,363498
2020-08-08,507574,364669
2020-08-09,495656,365041
2020-08-10,491858,366741
2020-08-11,476492,366383
2020-08-12,472828,365783
2020-08-13,476373,363544
2020-08-14,457937,367288
2020-08-15,447958,364939
2020-08-16,458243,364288
2020-08-17,447217,362252
2020-08-18,442595,361275
2020-08-19,425772,362763
2020-08-20,408379,377692
2020-08-21,397416,376512
2020-08-22,399168,374229
2020-08-23,412629,373872
2020-08-24,407300,364878
2020-08-25,390642,365394
2020-08-26,376612,366507
2020-08-27,440467,371234
2020-08-28,446542,366466
2020-08-29,419633,365008
2020-08-30,373663,365264
2020-08-31,378486,360926
2020-09-01,360633,365194
2020-09-02,395726,359478
2020-09-03,450532,365837
2020-09-04,442273,365769
2020-09-05,464166,367761
2020-09-06,504664,367179
2020-09-07,488293,368279
2020-09-08,506228,367139
2020-09-09,492003,368159
2020-09-10,475330,366406
2020-09-11,456585,369905
2020-09-12,475067,368957
2020-09-13,434448,364191
2020-09-14,424065,365948
2020-09-15,403854,366098
2020-09-16,370947,367666
2020-09-17,400115,368437
2020-09-18,440084,369530
2020-09-19,372325,368228
2020-09-20,361724,366229
2020-09-21,356418,366862
2020-09-22,345542,369747
2020-09-23,344534,373953
2020-09-24,345796,351473
2020-09-25,337215,374850
2020-09-26,340820,361247
2020-09-27,334089,364465
2020-09-28,331508,373851
2020-09-29,338448,365608
2020-09-30,340853,363664
2020-10-01,310753,353815
2020-10-02,312909,351802
2020-10-03,318232,353030
2020-10-04,322217,357192
2020-10-05,307480,360530
2020-10-06,301070,338145
2020-10-07,307984,320276
2020-10-08,306818,326324
2020-10-09,310480,329372
2020-10-10,297086,307545
2020-10-11,313393,334101
2020-10-12,323744,323340
2020-10-13,321896,307957
2020-10-14,313191,319363
2020-10-15,307540,327045
2020-10-16,302567,332372
2020-10-17,307042,339383
2020-10-18,298643,339038
2020-10-19,309845,324941
2020-10-20,298103,315196
2020-10-21,299956,330383
2020-10-22,385623,383990
2020-10-23,335567,349640
2020-10-24,311424,332495
2020-10-25,307767,331992
2020-10-26,313565,324063
2020-10-27,309130,313011
2020-10-28,308845,319365
2020-10-29,311344,326517
2020-10-30,316295,317644
2020-10-31,315905,310449
2020-11-01,308121,320034
2020-11-02,326016,340949
2020-11-03,303534,326956
2020-11-04,303302,309282
2020-11-05,303864,312430
2020-11-06,305486,322109
2020-11-07,317473,317567
2020-11-08,308099,312108
2020-11-09,285081,310779
2020-11-10,284480,314361
2020-11-11,293302,301502
2020-11-12,310121,311282
2020-11-13,291013,312324
2020-11-14,310605,319551
2020-11-15,308041,314188
2020-11-16,305847,308224
2020-11-17,293082,311087
2020-11-18,310898,308421
2020-11-19,436200,368060
2020-11-20,360640,347479
2020-11-21,321345,294766
2020-11-22,319677,288703
2020-11-23,317130,291263
2020-11-24,304274,276039
2020-11-25,311777,284145
2020-11-26,299417,291248
2020-11-27,308576,281158
2020-11-28,299567,293116
2020-11-29,303510,280361
2020-11-30,295996,286274
2020-12-01,293603,279941
2020-12-02,292554,274808
2020-12-03,294279,279647
2020-12-04,283376,278979
2020-12-05,293382,276698
2020-12-06,288217,285765
2020-12-07,300127,280704
2020-12-08,286565,283860
2020-12-09,289903,279225
2020-12-10,287128,273832
2020-12-11,290463,285230
2020-12-12,292887,291194
2020-12-13,301265,293320
2020-12-14,282597,290640
2020-12-15,280459,282313
2020-12-16,294318,279280
2020-12-17,284256,283961
2020-12-18,267637,280850
2020-12-19,279469,285532
2020-12-20,268772,283829
2020-12-21,266099,290971
2020-12-22,264099,303967
2020-12-23,278396,285912
2020-12-24,277979,282239
2020-12-25,287577,280402
2020-12-26,276233,275384
2020-12-27,269779,286941
2020-12-28,279118,286353
2020-12-29,286079,302343
2020-12-30,307919,317228
2020-12-31,285876,275064
2021-01-01,278249,288157
2021-01-02,278200,289695
2021-01-03,279608,282325
2021-01-04,297809,288085
2021-01-05,287588,291643
2021-01-06,279991,285239
2021-01-07,271060,284741
2021-01-08,277559,285269
2021-01-09,275502,273141
2021-01-10,280927,279698
2021-01-11,289644,312414
2021-01-12,295887,316923
2021-01-13,313533,317622
2021-01-14,308145,315712
2021-01-15,296121,308716
2021-01-16,319951,306972
2021-01-17,297353,286760
2021-01-18,305485,286529
2021-01-19,312004,286667
2021-01-20,314636,289519
2021-01-21,324718,286770
2021-01-22,330040,298443
2021-01-23,303982,298105
2021-01-24,326008,287407
2021-01-25,317743,289497
2021-01-26,338034,299899
2021-01-27,296639,311004
2021-01-28,315800,299403
2021-01-29,300611,302513
2021-01-30,293119,300507
2021-01-31,280793,296353
2021-02-01,330121,313489
2021-02-02,314293,304760
2021-02-03,311459,299920
2021-02-04,299134,301537
2021-02-05,296892,301953
2021-02-06,334820,295017
2021-02-07,338347,291807
2021-02-08,313342,304474
2021-02-09,306283,300662
2021-02-10,340865,282134
2021-02-11,327367,285445
2021-02-12,306022,266416
2021-02-13,267189,269188
2021-02-14,352187,271935
2021-02-15,361628,280977
2021-02-16,308639,278192
2021-02-17,302034,295211
2021-02-18,295645,283714
2021-02-19,292144,280168
2021-02-20,288107,297569
2021-02-21,280032,294177
2021-02-22,298331,295177
2021-02-23,297397,299901
2021-02-24,286351,295799
2021-02-25,275576,289142
2021-02-26,327276,310487
2021-02-27,293600,302166
2021-02-28,292550,295759
2021-03-01,285252,301586
2021-03-02,394686,309097
2021-03-03,358227,308718
2021-03-04,346361,308561
2021-03-05,399865,309234
2021-03-06,328139,320068
2021-03-07,317600,316117
2021-03-08,314548,302280
2021-03-09,308305,276983
2021-03-10,295577,295188
2021-03-11,297847,289067
2021-03-12,364875,270450
2021-03-13,381114,271028
2021-03-14,338219,312704
2021-03-15,327885,298208
2021-03-16,346613,275128
2021-03-17,322585,278139
2021-03-18,299318,303090
2021-03-19,315771,299681
2021-03-20,350033,280442
2021-03-21,337033,280443
2021-03-22,317512,305284
2021-03-23,301124,291498
2021-03-24,307889,280550
2021-03-25,304028,295151
2021-03-26,311276,295227
2021-03-27,315852,304532
2021-03-28,397778,292520
2021-03-29,402311,295663
2021-03-30,381601,325160
2021-03-31,349237,349608
2021-04-01,327162,318965
2021-04-02,315630,318775
2021-04-03,333844,325068
2021-04-04,431581,399451
2021-04-05,424848,365658
2021-04-06,409099,340404
2021-04-07,381036,366972
2021-04-08,350094,330502
2021-04-09,345620,297952
2021-04-10,336352,298145
2021-04-11,330507,305726
2021-04-12,363679,301709
2021-04-13,466795,323598
2021-04-14,448440,318049
2021-04-15,411800,355892
2021-04-16,374773,336128
2021-04-17,374581,307491
2021-04-18,354643,311643
2021-04-19,339039,310214
2021-04-20,328866,284725
2021-04-21,327471,313954
2021-04-22,316624,260155
2021-04-23,321816,299290
2021-04-24,329427,278991
2021-04-25,323844,285974
2021-04-26,316246,290639
2021-04-27,305281,306808
2021-04-28,316805,266764
2021-04-29,313993,279170
2021-04-30,313079,283577
2021-05-01,416837,330908
2021-05-02,313649,297897
2021-05-03,318319,266208
2021-05-04,315161,284025
2021-05-05,439447,372405
2021-05-06,388921,313506
2021-05-07,352377,300387
2021-05-08,322394,297146
2021-05-09,323788,287860
2021-05-10,324740,298388
2021-05-11,306946,277746
2021-05-12,321397,288067
2021-05-13,315864,289254
2021-05-14,332807,286777
2021-05-15,362246,310542
2021-05-16,425784,319496
2021-05-17,399780,354978
2021-05-18,393659,358814
2021-05-19,400843,296556
2021-05-20,383529,335367
2021-05-21,415667,375894
2021-05-22,389290,346067
2021-05-23,368302,312684
2021-05-24,349820,318002
2021-05-25,341904,319788
2021-05-26,328736,313734
2021-05-27,335414,303713
2021-05-28,349306,324203
2021-05-29,364202,319314
2021-05-30,339046,300635
2021-05-31,336245,313424
2021-06-01,320649,264121
2021-06-02,319178,304431
2021-06-03,363538,298170
2021-06-04,413366,357856
2021-06-05,354999,319336
2021-06-06,332350,310772
2021-06-07,339128,313039
2021-06-08,327097,289896
2021-06-09,329505,294041
2021-06-10,323456,305047
2021-06-11,411444,320916
2021-06-12,488110,344482
2021-06-13,458453,349760
2021-06-14,456993,377579
2021-06-15,440993,362723
2021-06-16,476412,367520
2021-06-17,471712,341984
2021-06-18,458017,371922
2021-06-19,432495,383363
2021-06-20,409922,347409
2021-06-21,404277,325061
2021-06-22,381482,336131
2021-06-23,373117,318656
2021-06-24,352194,311134
2021-06-25,353816,319041
2021-06-26,349955,320971
2021-06-27,346791,316326
2021-06-28,341396,309484
2021-06-29,338557,306591
2021-06-30,340534,306564
2021-07-01,321792,296741
2021-07-02,333844,297954
2021-07-03,370933,314561
2021-07-04,443622,353359
2021-07-05,423521,356962
2021-07-06,462619,351160
2021-07-07,400254,355979
2021-07-08,434415,345370
2021-07-09,437141,358888
2021-07-10,428199,353872
2021-07-11,403227,328804
2021-07-12,413210,354206
2021-07-13,479734,365491
2021-07-14,456245,350294
2021-07-15,443806,355496
2021-07-16,427985,360726
2021-07-17,498880,361344
2021-07-18,444048,335080
2021-07-19,425571,335329
2021-07-20,419811,340775
2021-07-21,389796,331826
2021-07-22,388442,325781
2021-07-23,393240,329073
2021-07-24,396082,336436
2021-07-25,369826,328238
2021-07-26,359745,320808
2021-07-27,356484,317524
2021-07-28,375292,325683
2021-07-29,339232,314837
2021-07-30,339111,304720
2021-07-31,361894,327480
2021-08-01,347513,306906
2021-08-02,346994,307953
2021-08-03,323725,306375
2021-08-04,330284,302583
2021-08-05,329874,313209
2021-08-06,331243,311376
2021-08-07,332498,305179
2021-08-08,404006,345734
2021-08-09,402310,352850
2021-08-10,361677,344519
2021-08-11,382131,332259
2021-08-12,346105,319189
2021-08-13,383757,345525
2021-08-14,439909,358378
2021-08-15,390452,328181
2021-08-16,342251,322702
2021-08-17,424832,361292
2021-08-18,445347,348678
2021-08-19,398375,344944
2021-08-20,375878,330043
2021-08-21,410703,347407
2021-08-22,484997,347618
2021-08-23,464267,353666
2021-08-24,489035,357512
2021-08-25,486377,351937
2021-08-26,472845,344415
2021-08-27,464286,348064
2021-08-28,504048,345034
2021-08-29,442487,341560
2021-08-30,440513,343410
2021-08-31,434857,342158
2021-09-01,453672,340289
2021-09-02,503004,349625
2021-09-03,489975,343836
2021-09-04,490703,340656
2021-09-05,424454,341506
2021-09-06,444024,343543
2021-09-07,454361,345403
2021-09-08,442463,341016
2021-09-09,419949,338236
2021-09-10,402125,351180
2021-09-11,403147,335735
2021-09-12,385809,310449
2021-09-13,383514,335940
2021-09-14,405756,344253
2021-09-15,400858,343996
2021-09-16,365517,333307
2021-09-17,407489,341125
2021-09-18,413508,352322
2021-09-19,431896,345976
2021-09-20,419628,340893
2021-09-21,432731,335226
2021-09-22,401921,320083
2021-09-23,405144,344018
2021-09-24,399338,343632
2021-09-25,401504,334287
2021-09-26,377808,341471
2021-09-27,401535,343459
2021-09-28,353529,316409
2021-09-29,364603,346921
2021-09-30,419421,350087
2021-10-01,390752,340954
2021-10-02,369056,340214
2021-10-03,347513,337400
2021-10-04,371104,343889
2021-10-05,350098,343884
2021-10-06,349489,348964
2021-10-07,361972,300536
2021-10-08,350308,318205
2021-10-09,355896,323525
2021-10-10,325726,294155
2021-10-11,336649,314494
2021-10-12,365846,312799
2021-10-13,334441,287175
2021-10-14,334594,293384
2021-10-15,325623,297976
2021-10-16,395318,325240
2021-10-17,366468,304286
2021-10-18,346695,293505
2021-10-19,330861,302462
2021-10-20,320458,306233
2021-10-21,343240,319753
2021-10-22,346948,308880
2021-10-23,321558,299956
2021-10-24,324313,302640
2021-10-25,314075,300886
2021-10-26,314829,278991
2021-10-27,323059,287812
2021-10-28,315546,274886
2021-10-29,305929,284504
2021-10-30,318641,291750
2021-10-31,322428,288057
2021-11-01,326160,290252
2021-11-02,308134,299354
2021-11-03,316655,262649
2021-11-04,317490,291871
2021-11-05,312526,301401
2021-11-06,316186,289042
2021-11-07,306842,291632
2021-11-08,383794,308625
2021-11-09,355443,321591
2021-11-10,321573,303200
2021-11-11,326921,254966
2021-11-12,316914,295881
2021-11-13,313345,275321
2021-11-14,309860,278729
2021-11-15,322198,291164
2021-11-16,303309,278783
2021-11-17,309353,290598
2021-11-18,307242,279426
2021-11-19,302585,281711
2021-11-20,301906,287781
2021-11-21,306244,299862
2021-11-22,307452,288406
2021-11-23,293245,242757
2021-11-24,306828,274995
2021-11-25,299920,277955
2021-11-26,294800,274619
2021-11-27,299225,271500
2021-11-28,298627,278220
2021-11-29,295049,289526
2021-11-30,390767,307988
2021-12-01,352176,314668
2021-12-02,318833,291314
2021-12-03,316818,292197
2021-12-04,315885,291129
2021-12-05,313135,288823
2021-12-06,298293,288380
2021-12-07,302074,289149
2021-12-08,295307,288480
2021-12-09,294188,275639
2021-12-10,297546,283853
2021-12-11,301807,290642
2021-12-12,300040,280641
2021-12-13,289124,271908
2021-12-14,284262,279462
2021-12-15,288084,287460
2021-12-16,314973,305402
2021-12-17,297278,279956
2021-12-18,286656,274228
2021-12-19,282453,292355
2021-12-20,284963,279871
2021-12-21,294061,278864
2021-12-22,287586,282807
2021-12-23,285287,283816
2021-12-24,279023,289645
2021-12-25,290613,274630
2021-12-26,274901,285575
2021-12-27,278280,284616
2021-12-28,287980,278606
2021-12-29,294896,283861
2021-12-30,289690,281973
2021-12-31,294116,284272
2022-01-01,279805,286845
2022-01-02,289384,291059
2022-01-03,290104,289950
2022-01-04,277535,284959
2022-01-05,290397,290443
2022-01-06,292169,280362
2022-01-07,285584,286559
2022-01-08,290548,276950
2022-01-09,285495,283346
2022-01-10,284822,289903
2022-01-11,295604,283850
2022-01-12,310893,279708
2022-01-13,310903,280068
2022-01-14,311689,283245
2022-01-15,312748,283454
2022-01-16,313313,289431
2022-01-17,286398,286252
2022-01-18,300976,284324
2022-01-19,301224,278504
2022-01-20,289211,286915
2022-01-21,298063,286243
2022-01-22,311326,293738
2022-01-23,300122,299901
2022-01-24,300070,295820
2022-01-25,285806,289858
2022-01-26,293779,286309
2022-01-27,289497,289135
2022-01-28,294976,290919
2022-01-29,291940,299568
2022-01-30,291341,308216
2022-01-31,278226,311383
2022-02-01,282053,293669
2022-02-02,275649,286559
2022-02-03,282094,301956
2022-02-04,277924,290825
2022-02-05,270796,284034
2022-02-06,269782,285800
2022-02-07,282985,298724
2022-02-08,275840,287903
2022-02-09,281130,286705
2022-02-10,276035,295147
2022-02-11,279198,294796
2022-02-12,273713,286922
2022-02-13,279321,294555
2022-02-14,285969,304761
2022-02-15,289241,299072
2022-02-16,284754,288116
2022-02-17,279791,297923
2022-02-18,291933,292547
2022-02-19,274443,305923
2022-02-20,276875,300294
2022-02-21,296008,302077
2022-02-22,286767,290753
2022-02-23,300405,290366
2022-02-24,288772,287174
2022-02-25,284587,296721
2022-02-26,288934,291225
2022-02-27,284563,300326
2022-02-28,288285,277612
2022-03-01,277094,283286
2022-03-02,301056,296182
2022-03-03,294743,301753
2022-03-04,296754,298998
2022-03-05,280732,299320
2022-03-06,281698,299119
2022-03-07,289979,305135
2022-03-08,277619,301819
2022-03-09,273094,291558
2022-03-10,295333,297649
2022-03-11,284396,292771
2022-03-12,281045,299215
2022-03-13,272539,299765
2022-03-14,295359,297277
2022-03-15,300134,300563
2022-03-16,270944,302604
2022-03-17,285457,304011
2022-03-18,310930,307238
2022-03-19,355584,304864
2022-03-20,347973,303728
2022-03-21,293505,308536
2022-03-22,313591,314345
2022-03-23,316796,314318
2022-03-24,307033,305615
2022-03-25,306522,306470
2022-03-26,362783,314583
2022-03-27,401398,322221
2022-03-28,331704,315267
2022-03-29,342292,330823
2022-03-30,335547,332365
2022-03-31,327381,328644
2022-04-01,321141,328028
2022-04-02,311944,328385
2022-04-03,313165,320358
2022-04-04,332982,330925
2022-04-05,310078,312297
2022-04-06,304920,291319
2022-04-07,309342,300890
2022-04-08,309210,300948
2022-04-09,307129,298208
2022-04-10,313448,305473
2022-04-11,326454,305366
2022-04-12,318256,312533
2022-04-13,297238,307793
2022-04-14,296790,293654
2022-04-15,308394,295526
2022-04-16,296660,304613
2022-04-17,314077,296131
2022-04-18,305278,301556
2022-04-19,302417,308870
2022-04-20,305626,298453
2022-04-21,313203,314361
2022-04-22,314605,308853
2022-04-23,306940,307943
2022-04-24,309328,307780
2022-04-25,315378,308666
2022-04-26,396599,343916
2022-04-27,379285,339531
2022-04-28,360283,340123
2022-04-29,362937,337978
2022-04-30,334495,324720
2022-05-01,323935,333168
2022-05-02,348129,338399
2022-05-03,363767,342102
2022-05-04,338451,332481
2022-05-05,316763,328822
2022-05-06,324161,322214
2022-05-07,323674,330474
2022-05-08,309367,321624
2022-05-09,323674,316543
2022-05-10,305716,320247
2022-05-11,293502,310412
2022-05-12,306502,320998
2022-05-13,314400,322114
2022-05-14,318710,325112
2022-05-15,307931,311565
2022-05-16,314574,328519
2022-05-17,305453,320994
2022-05-18,314601,316223
2022-05-19,302456,314727
2022-05-20,303698,329459
2022-05-21,314102,322751
2022-05-22,313424,310901
2022-05-23,318485,328409
2022-05-24,311654,327985
2022-05-25,320173,327750
2022-05-26,302214,311046
2022-05-27,284982,307285
2022-05-28,286258,317463
2022-05-29,285099,313665
2022-05-30,308086,316123
2022-05-31,306566,314672
2022-06-01,305275,311434
2022-06-02,309318,313753
2022-06-03,302838,320773
2022-06-04,309831,313714
2022-06-05,331103,314150
2022-06-06,436854,343257
2022-06-07,317939,348235
2022-06-08,325489,251099
2022-06-09,330087,298594
2022-06-10,326877,301576
2022-06-11,311055,302747
2022-06-12,315765,300500
2022-06-13,327638,317502
2022-06-14,388229,306147
2022-06-15,356513,318037
2022-06-16,321685,322268
2022-06-17,324391,316186
2022-06-18,335465,316880
2022-06-19,329617,317345
2022-06-20,329037,309492
2022-06-21,330770,303874
2022-06-22,334482,307801
2022-06-23,335190,311365
2022-06-24,384845,342445
2022-06-25,349118,325825
2022-06-26,348855,328676
2022-06-27,373654,341363
2022-06-28,388480,340648
2022-06-29,397960,341492
2022-06-30,381271,335379
2022-07-01,360031,338727
2022-07-02,356317,346230
2022-07-03,344166,334920
2022-07-04,352472,334011
2022-07-05,340537,339327
2022-07-06,319589,319739
2022-07-07,315958,332120
2022-07-08,335020,340126
2022-07-09,329267,333290
2022-07-10,323487,340626
2022-07-11,350064,314301
2022-07-12,342587,320202
2022-07-13,359426,323728
2022-07-14,347119,315809
2022-07-15,338745,321875
2022-07-16,345591,322867
2022-07-17,335556,325376
2022-07-18,406545,321392
2022-07-19,465008,321456
2022-07-20,402284,321519
2022-07-21,405162,321345
2022-07-22,366144,321899
2022-07-23,356909,319331
2022-07-24,414029,321162
2022-07-25,412312,317563
2022-07-26,411168,319183
2022-07-27,361656,320939
2022-07-28,331233,322957
2022-07-29,367877,319229
2022-07-30,360671,325598
2022-07-31,378536,323748
2022-08-01,366187,320835
2022-08-02,369851,324218
2022-08-03,428802,323072
2022-08-04,355850,323118
2022-08-05,367767,322482
2022-08-06,361194,322083
2022-08-07,338516,313227
2022-08-08,337496,314394
2022-08-09,322786,322913
2022-08-10,353445,319591
2022-08-11,321425,323119
2022-08-12,338347,322231
2022-08-13,366431,323456
2022-08-14,388224,320395
2022-08-15,356616,318800
2022-08-16,389890,319927
2022-08-17,452744,326205
2022-08-18,388897,313506
2022-08-19,364823,331053
2022-08-20,374069,341465
2022-08-21,398030,339960
2022-08-22,395179,339419
2022-08-23,371572,337147
2022-08-24,425767,349564
2022-08-25,407235,338522
2022-08-26,379327,334168
2022-08-27,355177,332240
2022-08-28,340134,339412
2022-08-29,348795,336419
2022-08-30,350995,333552
2022-08-31,412971,346676
2022-09-01,425392,348511
2022-09-02,462557,343623
2022-09-03,479786,351885
2022-09-04,488081,347310
2022-09-05,475726,341726
2022-09-06,488416,345064
2022-09-07,468352,337650
2022-09-08,473959,342275
2022-09-09,466266,344627
2022-09-10,410007,342280
2022-09-11,382797,337137
2022-09-12,379597,336452
2022-09-13,367903,337625
2022-09-14,344100,315855
2022-09-15,345817,331783
2022-09-16,336562,333849
2022-09-17,352938,333465
2022-09-18,357794,343882
2022-09-19,447606,353476
2022-09-20,400998,333821
2022-09-21,355514,336833
2022-09-22,337630,332579
2022-09-23,338693,329771
2022-09-24,322032,331513
2022-09-25,320237,333618
2022-09-26,341051,341706
2022-09-27,332581,289530
2022-09-28,335249,330505
2022-09-29,325208,330632
2022-09-30,329977,325807
2022-10-01,318564,318559
2022-10-02,310662,295765
2022-10-03,353210,326974
2022-10-04,372920,336674
2022-10-05,363237,293360
2022-10-06,325274,314773
2022-10-07,319932,319371
2022-10-08,312076,320323
2022-10-09,304520,312347
2022-10-10,321276,322329
2022-10-11,319939,325994
2022-10-12,326162,304527
2022-10-13,299508,303508
2022-10-14,303954,302626
2022-10-15,316122,313687
2022-10-16,312189,303259
2022-10-17,312179,304344
2022-10-18,282267,299013
2022-10-19,303684,288497
2022-10-20,292631,307248
2022-10-21,285691,292609
2022-10-22,293990,306830
2022-10-23,309650,316694
2022-10-24,306196,305948
2022-10-25,289117,297578
2022-10-26,296260,294349
2022-10-27,279207,298264
2022-10-28,300017,308928
2022-10-29,294600,294930
2022-10-30,289630,295936
2022-10-31,309328,302198
2022-11-01,300311,293416
2022-11-02,312434,294352
2022-11-03,302836,289474
2022-11-04,307188,288973
2022-11-05,308694,297545
2022-11-06,290774,291918
2022-11-07,299462,294420
2022-11-08,297639,303611
2022-11-09,296496,302789
2022-11-10,286430,274159
2022-11-11,289027,297626
2022-11-12,305445,295118
2022-11-13,409144,346562
2022-11-14,310915,298222
2022-11-15,292093,285278
2022-11-16,298011,293518
2022-11-17,303184,290714
2022-11-18,296193,285845
2022-11-19,311071,295158
2022-11-20,306050,290699
2022-11-21,302670,295437
2022-11-22,322140,298119
2022-11-23,352679,311227
2022-11-24,314180,301876
2022-11-25,310498,295837
2022-11-26,299997,296547
2022-11-27,290691,296417
2022-11-28,324256,300874
2022-11-29,434059,344651
2022-11-30,374504,303987
2022-12-01,338322,290217
2022-12-02,341534,293725
2022-12-03,311684,296699
2022-12-04,298096,287244
2022-12-05,300944,293273
2022-12-06,297296,274568
2022-12-07,305709,288341
2022-12-08,299936,289057
2022-12-09,305359,285658
2022-12-10,304400,282878
2022-12-11,304773,269958
2022-12-12,304742,283969
2022-12-13,296293,285660
2022-12-14,289205,286726
2022-12-15,279232,286328
2022-12-16,301199,298525
2022-12-17,294608,285007
2022-12-18,295707,270806
2022-12-19,305786,274297
2022-12-20,301032,294834
2022-12-21,357493,315094
2022-12-22,334567,308709
2022-12-23,312933,293621
2022-12-24,318460,306896
2022-12-25,312912,293328
2022-12-26,298629,290539
2022-12-27,303284,294110
2022-12-28,295865,296631
2022-12-29,295638,289078
2022-12-30,302284,283542
2022-12-31,299185,286154
2023-01-01,308428,277048
2023-01-02,298557,290884
2023-01-03,297235,281879
2023-01-04,298023,285842
2023-01-05,313387,280587
2023-01-06,306674,281925
2023-01-07,304312,291694
2023-01-08,307000,300849
2023-01-09,305003,273351
2023-01-10,291971,278010
2023-01-11,296969,288054
2023-01-12,302954,288733
2023-01-13,340990,310941
2023-01-14,335180,304532
2023-01-15,330772,291642
2023-01-16,327312,298585
2023-01-17,333125,300862
2023-01-18,317839,295785
2023-01-19,317188,304399
2023-01-20,317292,300636
2023-01-21,320087,312582
2023-01-22,309468,289171
2023-01-23,304503,291987
2023-01-24,304853,298787
2023-01-25,296994,288062
2023-01-26,306731,299531
2023-01-27,314946,306846
2023-01-28,320761,306043
2023-01-29,322393,301569
2023-01-30,323938,294777
2023-01-31,316569,287697
2023-02-01,303909,287807
2023-02-02,301695,286891
2023-02-03,291807,283235
2023-02-04,288831,290557
2023-02-05,283815,297802
2023-02-06,278362,294008
2023-02-07,275719,291563
2023-02-08,289286,299197
2023-02-09,296343,287779
2023-02-10,358086,321267
2023-02-11,299805,304441
2023-02-12,317561,293421
2023-02-13,303037,298266
2023-02-14,301639,295824
2023-02-15,292920,279501
2023-02-16,297823,276160
2023-02-17,301959,290040
2023-02-18,344369,307900
2023-02-19,306598,301736
2023-02-20,310671,301221
2023-02-21,292087,297966
2023-02-22,296753,278553
2023-02-23,303143,284553
2023-02-24,308953,291435
2023-02-25,304928,284973
2023-02-26,304000,275199
2023-02-27,299118,280854
2023-02-28,295273,269385
2023-03-01,299739,272132
2023-03-02,307486,272193
2023-03-03,311329,273962
2023-03-04,314015,282147
2023-03-05,309117,265398
2023-03-06,322787,285104
2023-03-07,304464,289376
2023-03-08,325197,280916
2023-03-09,310921,283373
2023-03-10,308185,288420
2023-03-11,320619,281630
2023-03-12,302968,286651
2023-03-13,344644,287842
2023-03-14,318314,274428
2023-03-15,294657,268326
2023-03-16,310013,260055
2023-03-17,312250,283884
2023-03-18,315374,309108
2023-03-19,315029,280365
2023-03-20,328310,281739
2023-03-21,316782,272625
2023-03-22,326719,286734
2023-03-23,410033,324050
2023-03-24,388379,329261
2023-03-25,357909,324400
2023-03-26,316992,308851
2023-03-27,335122,302319
2023-03-28,296407,287884
2023-03-29,305217,276374
2023-03-30,305191,283106
2023-03-31,305030,280766
2023-04-01,305480,286368
2023-04-02,310475,281335
2023-04-03,323373,282809
2023-04-04,306981,275201
2023-04-05,395901,312244
2023-04-06,425961,331422
2023-04-07,432468,331417
2023-04-08,405432,327886
2023-04-09,361971,316926
2023-04-10,369592,313630
2023-04-11,357686,309272
2023-04-12,334069,294153
2023-04-13,339948,293116
2023-04-14,348711,295310
2023-04-15,388164,333061
2023-04-16,341638,318586
2023-04-17,380012,308573
2023-04-18,329725,298032
2023-04-19,320490,282170
2023-04-20,321212,304624
2023-04-21,320891,302970
2023-04-22,310183,300577
2023-04-23,312372,290146
2023-04-24,312932,281185
2023-04-25,331039,306399
2023-04-26,348082,313833
2023-04-27,317337,295466
2023-04-28,317431,287228
2023-04-29,384481,327378
2023-04-30,342972,313392
2023-05-01,331172,303605
2023-05-02,310443,302989
2023-05-03,306607,298165
2023-05-04,294854,288725
2023-05-05,408914,335076
2023-05-06,427808,323708
2023-05-07,429738,326938
2023-05-08,406548,322636
2023-05-09,417241,320315
2023-05-10,403240,320340
2023-05-11,390313,323684
2023-05-12,373582,323365
2023-05-13,424116,326003
2023-05-14,384807,311048
2023-05-15,387373,314047
2023-05-16,350031,321338
2023-05-17,388320,322886
2023-05-18,373408,325059
2023-05-19,440719,331630
2023-05-20,396517,329983
2023-05-21,376050,324260
2023-05-22,361972,321963
2023-05-23,344400,314476
2023-05-24,337478,323093
2023-05-25,338890,291972
2023-05-26,335575,316620
2023-05-27,329129,311573
2023-05-28,350211,313492
2023-05-29,428656,324080
2023-05-30,441359,313330
2023-05-31,433076,324771
2023-06-01,416393,322779
2023-06-02,422045,320291
2023-06-03,380692,323278
2023-06-04,374573,324699
2023-06-05,355413,331568
2023-06-06,343917,328607
2023-06-07,342368,320174
2023-06-08,338799,320009
2023-06-09,331300,331987
2023-06-10,334669,324724
2023-06-11,331862,326639
2023-06-12,333392,329072
2023-06-13,323070,321939
2023-06-14,326244,275431
2023-06-15,370348,308839
2023-06-16,330574,299288
2023-06-17,323855,313337
2023-06-18,332442,317983
2023-06-19,346458,319181
2023-06-20,333986,314410
2023-06-21,438994,339879
2023-06-22,367045,325437
2023-06-23,348327,324304
2023-06-24,333131,319243
2023-06-25,331873,317933
2023-06-26,442784,334120
2023-06-27,366994,329246
2023-06-28,425613,333924
2023-06-29,411788,336258
2023-06-30,401417,336084
2023-07-01,380349,326184
2023-07-02,362902,315811
2023-07-03,370596,333800
2023-07-04,357692,314858
2023-07-05,398563,327013
2023-07-06,385619,334664
2023-07-07,395977,336552
2023-07-08,406843,340752
2023-07-09,401365,316885
2023-07-10,394034,318857
2023-07-11,386614,333720
2023-07-12,416318,342540
2023-07-13,414284,340496
2023-07-14,429571,340646
2023-07-15,433974,340576
2023-07-16,449763,339788
2023-07-17,440362,335213
2023-07-18,437196,338015
2023-07-19,446996,336038
2023-07-20,435051,333802
2023-07-21,431898,342453
2023-07-22,453102,335438
2023-07-23,433995,320599
2023-07-24,446138,308654
2023-07-25,447577,322808
2023-07-26,422267,323239
2023-07-27,439085,331909
2023-07-28,428473,337191
2023-07-29,426515,335958
2023-07-30,404939,334363
2023-07-31,413663,332207
2023-08-01,383089,334302
2023-08-02,399885,332028
2023-08-03,368290,326334
2023-08-04,358145,332030
2023-08-05,360961,332853
2023-08-06,351794,336979
2023-08-07,339911,334035
2023-08-08,348140,335045
2023-08-09,400149,339537
2023-08-10,460117,340499
2023-08-11,444795,337896
2023-08-12,433019,333124
2023-08-13,463959,328325
2023-08-14,406774,333264
2023-08-15,421728,335540
2023-08-16,404824,332380
2023-08-17,412818,341066
2023-08-18,418643,339834
2023-08-19,453210,339254
2023-08-20,435804,293427
2023-08-21,421717,341536
2023-08-22,412969,336474
2023-08-23,392033,336687
2023-08-24,399849,336903
2023-08-25,399142,335140
2023-08-26,397708,343362
2023-08-27,418391,314148
2023-08-28,404224,337734
2023-08-29,406911,329753
2023-08-30,435808,340465
2023-08-31,436850,321425
2023-09-01,440949,339639
2023-09-02,429821,335584
2023-09-03,423796,339364
2023-09-04,409303,334810
2023-09-05,414987,333066
2023-09-06,416147,334969
2023-09-07,419229,336041
2023-09-08,405349,336639
2023-09-09,391076,333922
2023-09-10,384824,337956
2023-09-11,385036,337854
2023-09-12,382897,336058
2023-09-13,388799,333034
2023-09-14,448509,341582
2023-09-15,423959,341832
2023-09-16,419989,333537
2023-09-17,491352,310770
2023-09-18,463358,323312
2023-09-19,444862,342232
2023-09-20,442885,337525
2023-09-21,457515,239217
2023-09-22,456871,340671
2023-09-23,454276,342936
2023-09-24,446065,340465
2023-09-25,433405,338997
2023-09-26,448014,337165
2023-09-27,431619,337350
2023-09-28,423985,335115
2023-09-29,415165,344199
2023-09-30,389012,341223
2023-10-01,379986,343549
2023-10-02,370440,340954
2023-10-03,371880,340587
2023-10-04,364162,338436
2023-10-05,369815,339552
2023-10-06,347182,319830
2023-10-07,352366,319294
2023-10-08,336254,322635
2023-10-09,352460,316889
2023-10-10,346677,319333
2023-10-11,345508,318427
2023-10-12,348875,267173
2023-10-13,347385,331778
2023-10-14,350174,320197
2023-10-15,350760,323795
2023-10-16,360254,318730
2023-10-17,349729,318724
2023-10-18,342556,309010
2023-10-19,351539,303147
2023-10-20,350674,319127
2023-10-21,344545,302626
2023-10-22,339029,291150
2023-10-23,356878,303755
2023-10-24,318316,288652
2023-10-25,346361,297844
2023-10-26,346269,302516
2023-10-27,348697,313944
2023-10-28,338636,305461
2023-10-29,341549,315256
2023-10-30,337646,311406
2023-10-31,337785,304894
2023-11-01,343113,295697
2023-11-02,332382,301062
2023-11-03,345654,300118
2023-11-04,342649,303210
2023-11-05,326963,301073
2023-11-06,448935,338735
2023-11-07,345035,292595
2023-11-08,336238,271467
2023-11-09,335205,281526
2023-11-10,344839,284721
2023-11-11,339862,280746
2023-11-12,340827,275305
2023-11-13,334867,285459
2023-11-14,328986,285461
2023-11-15,328965,288053
2023-11-16,349253,306608
2023-11-17,373497,309935
2023-11-18,332040,301599
2023-11-19,331360,292049
2023-11-20,342810,291494
2023-11-21,328015,292278
2023-11-22,323654,282706
2023-11-23,338563,285990
2023-11-24,311427,291543
2023-11-25,317225,284821
2023-11-26,318337,286899
2023-11-27,322745,290988
2023-11-28,312533,279459
2023-11-29,320668,289399
2023-11-30,323484,282731
2023-12-01,313519,279622
2023-12-02,338314,282036
2023-12-03,338531,282060
2023-12-04,344655,282980
2023-12-05,313788,274985
2023-12-06,320408,276819
2023-12-07,343451,297254
2023-12-08,328810,275784
2023-12-09,336308,282620
2023-12-10,333395,286166
2023-12-11,381254,321284
2023-12-12,369622,310767
2023-12-13,339508,304545
2023-12-14,356331,302394
2023-12-15,415210,341672
2023-12-16,427616,343863
2023-12-17,363145,325316
2023-12-18,350278,310292
2023-12-19,373195,313047
2023-12-20,364228,302395
2023-12-21,369294,297814
2023-12-22,353243,293111
2023-12-23,350225,302469
2023-12-24,355196,298514
2023-12-25,360329,298673
2023-12-26,360741,282795
2023-12-27,356313,301804
2023-12-28,343664,295600
2023-12-29,337266,268104
2023-12-30,359471,264942
2023-12-31,361389,275951
2024-01-01,339239,272128
2024-01-02,340370,289551
2024-01-03,332062,292279
2024-01-04,339477,280002
2024-01-05,328785,278215
2024-01-06,332914,273924
2024-01-07,336638,274065
2024-01-08,336256,285461
2024-01-09,332255,275736
2024-01-10,395376,303050
2024-01-11,338928,285231
2024-01-12,334475,288039
2024-01-13,326404,297349
2024-01-14,345478,282577
2024-01-15,336997,288969
2024-01-16,331557,276942
2024-01-17,339941,285427
2024-01-18,354306,288786
2024-01-19,383584,299059
2024-01-20,378358,306342
2024-01-21,400926,321950
2024-01-22,358019,306013
2024-01-23,337563,296792
2024-01-24,327706,291864
2024-01-25,329184,291873
2024-01-26,333158,294078
2024-01-27,324715,292060
2024-01-28,327195,297698
2024-01-29,331499,297464
2024-01-30,324553,282416
2024-01-31,316128,287458
2024-02-01,327941,285616
2024-02-02,333657,296029
2024-02-03,332283,289495
2024-02-04,351792,311363
2024-02-05,386414,349415
2024-02-06,382106,305487
2024-02-07,370814,304017
2024-02-08,369732,307367
2024-02-09,362542,307241
2024-02-10,358354,292848
2024-02-11,314106,290275
2024-02-12,338408,292948
2024-02-13,347864,296442
2024-02-14,347126,301006
2024-02-15,385617,304655
2024-02-16,342813,285970
2024-02-17,335350,293873
2024-02-18,333060,286556
2024-02-19,378770,339044
2024-02-20,393469,328045
2024-02-21,395891,318450
2024-02-22,388708,306202
2024-02-23,374468,305892
2024-02-24,372238,328659
2024-02-25,393022,339889
2024-02-26,371251,320506
2024-02-27,311959,314945
2024-02-28,339807,311901
2024-02-29,346824,311815
2024-03-01,356935,324544
2024-03-02,328854,309882
2024-03-03,341682,310084
2024-03-04,347174,305988
2024-03-05,384260,344739
2024-03-06,379873,320470
2024-03-07,356089,305407
2024-03-08,344466,307202
2024-03-09,338277,311858
2024-03-10,335788,320524
2024-03-11,344098,309400
2024-03-12,346426,328675
2024-03-13,350505,303988
2024-03-14,341734,312574
2024-03-15,329457,295967
2024-03-16,330303,288809
2024-03-17,329449,298108
2024-03-18,345501,297670
2024-03-19,326790,293235
2024-03-20,334204,287636
2024-03-21,336591,294010
2024-03-22,332392,294720
2024-03-23,375385,330029
2024-03-24,334282,310652
2024-03-25,338053,307124
2024-03-26,354637,336009
2024-03-27,363315,320035
2024-03-28,347715,333165
2024-03-29,357771,350209
2024-03-30,370627,349546
2024-03-31,362077,342132
2024-04-01,374116,342408
2024-04-02,367769,327871
2024-04-03,397552,349369
2024-04-04,407150,352325
2024-04-05,409415,377752
2024-04-06,420603,361806
2024-04-07,405730,363903
2024-04-08,383639,342905
2024-04-09,386332,334943
2024-04-10,369596,318823
2024-04-11,369477,319855
2024-04-12,361847,316550
2024-04-13,364248,329359
2024-04-14,358686,321749
2024-04-15,364022,346349
2024-04-16,396303,360357
2024-04-17,386011,338413
2024-04-18,361103,327320
2024-04-19,369116,330776
2024-04-20,374045,342178
2024-04-21,406042,346300
2024-04-22,372237,320745
2024-04-23,376223,346602
2024-04-24,353271,333350
2024-04-25,367514,323476
2024-04-26,364671,315018
2024-04-27,358826,312412
2024-04-28,357159,317641
2024-04-29,372603,291959
2024-04-30,378803,335169
2024-05-01,368361,375856
2024-05-02,355082,331246
2024-05-03,350915,341059
2024-05-04,340744,337599
2024-05-05,348467,337007
2024-05-06,352877,344566
2024-05-07,381904,388272
2024-05-08,425583,365049
2024-05-09,410063,342253
2024-05-10,413519,357855
2024-05-11,394998,347686
2024-05-12,418654,398285
2024-05-13,401027,335633
2024-05-14,392292,350125
2024-05-15,374105,348111
2024-05-16,376746,346936
2024-05-17,368234,335643
2024-05-18,360572,338398
2024-05-19,357330,329616
2024-05-20,369284,320574
2024-05-21,338302,325231
2024-05-22,342984,314007
2024-05-23,340361,314001
2024-05-24,342044,325065
2024-05-25,336897,328592
2024-05-26,333064,317944
2024-05-27,399119,356858
2024-05-28,346418,331348
2024-05-29,331192,315547
2024-05-30,327547,301837
2024-05-31,321100,316351
2024-06-01,336351,310301
2024-06-02,323661,314126
2024-06-03,333797,311715
2024-06-04,324059,312251
2024-06-05,317331,311281
2024-06-06,324003,302656
2024-06-07,315387,314566
2024-06-08,326660,339569
2024-06-09,369318,360615
2024-06-10,341774,326139
2024-06-11,345281,328232
2024-06-12,329883,316462
2024-06-13,337037,275886
2024-06-14,331228,321322
2024-06-15,338166,322975
2024-06-16,344418,355627
2024-06-17,337904,328150
2024-06-18,339275,303013
2024-06-19,321707,315916
2024-06-20,327638,319231
2024-06-21,332494,324337
2024-06-22,356088,359883
2024-06-23,374583,381045
2024-06-24,375008,354325
2024-06-25,341952,351517
2024-06-26,331931,323546
2024-06-27,337775,329295
2024-06-28,333596,335234
2024-06-29,353485,327818
2024-06-30,416415,385298
2024-07-01,408675,387519
2024-07-02,420477,387866
2024-07-03,414171,380817
2024-07-04,423200,379028
2024-07-05,390235,395481
2024-07-06,380901,375063
2024-07-07,381548,358265
2024-07-08,367126,359177
2024-07-09,374574,349494
2024-07-10,441607,388367
2024-07-11,425837,343503
2024-07-12,408887,395605
2024-07-13,384476,376267
2024-07-14,424384,397227
2024-07-15,422299,395396
2024-07-16,423071,395328
2024-07-17,419178,392619
2024-07-18,412524,380698
2024-07-19,410542,385870
2024-07-20,405552,380516
2024-07-21,405832,384560
2024-07-22,393066,387434
2024-07-23,393890,371822
2024-07-24,413013,394087
2024-07-25,396670,387867
2024-07-26,406225,388386
2024-07-27,400724,381858
2024-07-28,433741,371680
2024-07-29,405530,368694
2024-07-30,380368,363138
2024-07-31,372017,358314
2024-08-01,368201,347900
2024-08-02,368246,352341
2024-08-03,374986,350969
2024-08-04,368717,350851
2024-08-05,362525,340297
2024-08-06,360268,354917
2024-08-07,387366,354737
2024-08-08,389624,363594
2024-08-09,364070,354843
2024-08-10,356684,355040
2024-08-11,347927,355327
2024-08-12,345616,338392
2024-08-13,347608,330703
2024-08-14,346091,330001
2024-08-15,334127,329948
2024-08-16,338723,333054
2024-08-17,348379,339234
2024-08-18,337645,348813
2024-08-19,351046,354476
2024-08-20,429611,384984
2024-08-21,427739,390403
2024-08-22,392555,381274
2024-08-23,389924,376471
2024-08-24,361668,365291
2024-08-25,346655,344346
2024-08-26,362029,340836
2024-08-27,350093,349255
2024-08-28,364347,333541
2024-08-29,412584,360090
2024-08-30,390110,360059
2024-08-31,360441,347445
2024-09-01,347523,346664
2024-09-02,348147,351788
2024-09-03,337665,338141
2024-09-04,349549,346534
2024-09-05,356876,339120
2024-09-06,336549,335369
2024-09-07,346453,334139
2024-09-08,353449,336026
2024-09-09,334522,342762
2024-09-10,347097,317844
2024-09-11,373436,352530
2024-09-12,361778,315820
2024-09-13,358500,316913
2024-09-14,362718,328940
2024-09-15,344938,340701
2024-09-16,377521,361087
2024-09-17,334988,344630
2024-09-18,348130,337992
2024-09-19,344642,347317
2024-09-20,361155,357785
2024-09-21,429774,395006
2024-09-22,421682,391438
2024-09-23,423595,391141
2024-09-24,405961,387160
2024-09-25,395515,392753
2024-09-26,400378,381673
2024-09-27,367630,385694
2024-09-28,371634,366055
2024-09-29,363119,326013
2024-09-30,362868,351762
2024-10-01,356299,347987
2024-10-02,347524,341816
2024-10-03,346559,362508
2024-10-04,392008,357737
2024-10-05,344331,336806
2024-10-06,339901,334442
2024-10-07,393311,340785
2024-10-08,385503,338492
2024-10-09,361423,331836
2024-10-10,358708,306080
2024-10-11,357687,309900
2024-10-12,356205,312642
2024-10-13,346369,312679
2024-10-14,344477,318791
2024-10-15,417933,395921
2024-10-16,411312,380918
2024-10-17,403275,375895
2024-10-18,381677,373206
2024-10-19,406300,391121
2024-10-20,418830,379780
2024-10-21,399369,369262
2024-10-22,409914,406888
2024-10-23,331497,398477
2024-10-24,388985,398978
2024-10-25,396918,414948
2024-10-26,389732,384364
2024-10-27,374345,378379
2024-10-28,380998,390405
2024-10-29,370087,362332
2024-10-30,367492,361403
2024-10-31,364293,348405
2024-11-01,386700,388237
2024-11-02,422583,389248
2024-11-03,416606,396609
2024-11-04,427167,391202
2024-11-05,410767,395961
2024-11-06,396055,393046
2024-11-07,384030,367482
2024-11-08,381641,346704
2024-11-09,368539,349897
2024-11-10,358770,352532
2024-11-11,369146,338907
2024-11-12,351424,333829
2024-11-13,347282,335838
2024-11-14,348137,348078
2024-11-15,339998,343667
2024-11-16,345693,331812
2024-11-17,340332,331915
2024-11-18,338326,322644
2024-11-19,335781,325862
2024-11-20,334001,323358
2024-11-21,333279,313044
2024-11-22,331606,306061
2024-11-23,342603,324166
2024-11-24,326675,309975
2024-11-25,331094,314481
2024-11-26,356074,341296
2024-11-27,362570,324415
2024-11-28,357803,331824
2024-11-29,327750,326667
2024-11-30,343561,327670
2024-12-01,327518,332218
2024-12-02,344971,320435
2024-12-03,332239,311468
2024-12-04,331828,305901
2024-12-05,325402,304267
2024-12-06,327547,305006
2024-12-07,320400,302392
2024-12-08,323837,296262
2024-12-09,326978,305129
2024-12-10,328762,292909
2024-12-11,314920,286552
2024-12-12,328688,298472
2024-12-13,321192,298393
2024-12-14,325786,304179
2024-12-15,312505,300978
2024-12-16,328307,303547
2024-12-17,314843,308674
2024-12-18,315960,297283
2024-12-19,299538,299006
2024-12-20,319924,286335
2024-12-21,325309,304111
2024-12-22,319980,292635
2024-12-23,312887,280528
2024-12-24,317066,292111
2024-12-25,314459,285055
2024-12-26,304042,287532
2024-12-27,309688,278018
2024-12-28,305900,301431
2024-12-29,314452,289907
2024-12-30,310566,303892
2024-12-31,299706,278361
2025-01-01,300967,300696
2025-01-02,308720,301930
2025-01-03,303346,291588
2025-01-04,313060,278679
2025-01-05,304026,288569
2025-01-06,313989,292143
2025-01-07,301677,282106
2025-01-08,304418,268638
2025-01-09,300908,281336
2025-01-10,318324,290114
2025-01-11,313465,270997
2025-01-12,311703,287660
2025-01-13,317186,286865
2025-01-14,313428,286293
2025-01-15,307838,285867
2025-01-16,302421,285998
2025-01-17,307235,269777
2025-01-18,314983,277820
2025-01-19,313463,273325
2025-01-20,309127,265971
2025-01-21,306576,265992
2025-01-22,308619,263944
2025-01-23,302131,262830
2025-01-24,313911,268515
2025-01-25,306468,272079
2025-01-26,311716,273125
2025-01-27,319540,268068
2025-01-28,316920,265264
2025-01-29,307486,263974
2025-01-30,281334,259859
2025-01-31,305178,271228
2025-02-01,308853,283265
2025-02-02,327875,278167
2025-02-03,324983,277742
2025-02-04,313421,270880
2025-02-05,312562,258911
2025-02-06,307305,258576
2025-02-07,304576,265071
2025-02-08,302425,265286
2025-02-09,305239,267607
2025-02-10,310929,263432
2025-02-11,313926,265177
2025-02-12,339538,290647
2025-02-13,331283,264272
2025-02-14,312816,261838
2025-02-15,309441,260602
2025-02-16,305591,259803
2025-02-17,310986,260403
2025-02-18,300439,259455
2025-02-19,300960,262516
2025-02-20,301711,261240
2025-02-21,303137,262728
2025-02-22,299077,262342
2025-02-23,296487,260610
2025-02-24,305379,260629
2025-02-25,297170,259603
2025-02-26,312675,263892
2025-02-27,310485,264957
2025-02-28,310023,268901
2025-03-01,317356,265007
2025-03-02,307570,276018
2025-03-03,394438,338561
2025-03-04,401019,327737
2025-03-05,347614,270377
2025-03-06,335706,268832
2025-03-07,332983,266497
2025-03-08,325148,273727
2025-03-09,334291,269986
2025-03-10,333381,269225
2025-03-11,325803,267320
2025-03-12,326469,267480
2025-03-13,334976,263232
2025-03-14,330744,267847
2025-03-15,349031,301266
2025-03-16,392973,310988
2025-03-17,351285,270887
2025-03-18,341168,263205
2025-03-19,326879,262574
2025-03-20,330748,263242
2025-03-21,334256,270037
2025-03-22,313536,270764
2025-03-23,337248,272968
2025-03-24,353557,262930
2025-03-25,321430,263417
2025-03-26,326307,266711
2025-03-27,342623,321096
2025-03-28,329267,288443
2025-03-29,322787,264382
2025-03-30,314022,265090
2025-03-31,314782,269192
2025-04-01,309510,264695
2025-04-02,304830,277109
2025-04-03,309327,283943
2025-04-04,310292,267087
2025-04-05,301927,284180
2025-04-06,308624,286100
2025-04-07,322073,285975
2025-04-08,300465,257186
2025-04-09,308363,260572
2025-04-10,305418,258044
2025-04-11,314201,259539
2025-04-12,299193,269546
2025-04-13,393382,287690
2025-04-14,384018,286240
2025-04-15,354435,275917
2025-04-16,361038,275651
2025-04-17,332034,273840
2025-04-18,334612,267788
2025-04-19,332476,270568
2025-04-20,313178,265344
2025-04-21,321451,267173
2025-04-22,355522,265932
2025-04-23,411647,286466
2025-04-24,353441,279730
2025-04-25,334643,279747
2025-04-26,330799,273781
2025-04-27,324685,269401
2025-04-28,332865,274974
2025-04-29,314003,285811
2025-04-30,313801,264389
2025-05-01,322740,283997
2025-05-02,355436,296362
2025-05-03,342985,284686
2025-05-04,318462,275940
2025-05-05,307209,283243
2025-05-06,323492,286078
2025-05-07,346601,286203
2025-05-08,313794,278845
2025-05-09,349890,306265
2025-05-10,395221,307567
2025-05-11,359603,301887
2025-05-12,361261,289666
2025-05-13,336794,286542
2025-05-14,326099,297415
2025-05-15,326796,298835
2025-05-16,337040,294861
2025-05-17,393728,310694
2025-05-18,368031,310694
2025-05-19,380512,300411
2025-05-20,360295,294669
2025-05-21,361432,297316
2025-05-22,339829,295726
2025-05-23,331112,296363
2025-05-24,350639,300060
2025-05-25,330897,300522
2025-05-26,340074,301339
2025-05-27,318495,301363
2025-05-28,328747,300523
2025-05-29,327212,298503
2025-05-30,314492,298680
2025-05-31,319383,296765
2025-06-01,318459,286659
2025-06-02,325633,277618
2025-06-03,368021,304809
2025-06-04,324476,299500
2025-06-05,330475,298916
2025-06-06,322053,299476
2025-06-07,311645,288756
2025-06-08,335378,297198
2025-06-09,336711,292721
2025-06-10,342802,298415
2025-06-11,311426,298259
2025-06-12,333600,325300
2025-06-13,331905,239629
2025-06-14,412949,337250
2025-06-15,419264,347442
2025-06-16,417274,344984
2025-06-17,409493,347184
2025-06-18,387341,344575
2025-06-19,377651,343773
2025-06-20,369974,326287
2025-06-21,372147,351834
2025-06-22,415139,346541
2025-06-23,401740,343977
2025-06-24,412141,345839
2025-06-25,433686,347898
2025-06-26,416736,345910
2025-06-27,415353,341520
2025-06-28,397772,340334
2025-06-29,389966,341356
2025-06-30,390293,340770
2025-07-01,344014,341281
2025-07-02,351744,340459
2025-07-03,347614,327337
2025-07-04,350353,324540
2025-07-05,343180,329535
2025-07-06,333045,327662
2025-07-07,336484,337299
2025-07-08,341324,327382
2025-07-09,340708,332904
2025-07-10,338631,320072
2025-07-11,339741,312544
2025-07-12,344100,314051
2025-07-13,348961,316875
2025-07-14,405354,347633
2025-07-15,416246,336068
2025-07-16,413291,338016
2025-07-17,415960,339810
2025-07-18,425861,346296
2025-07-19,442543,345156
2025-07-20,436125,338788
2025-07-21,421977,281761
2025-07-22,397548,305678
2025-07-23,422368,335714
2025-07-24,410061,337840
2025-07-25,379960,340063
2025-07-26,382152,337687
2025-07-27,364549,331834
2025-07-28,372304,333859
2025-07-29,346660,317960
2025-07-30,350461,318168
2025-07-31,358803,312012
2025-08-01,351796,318026
2025-08-02,351843,319332
2025-08-03,359333,324817
2025-08-04,420486,353539
2025-08-05,422842,327368
2025-08-06,424292,328502
2025-08-07,381747,323877
2025-08-08,357166,315351
2025-08-09,356570,320188
2025-08-10,425298,347509
2025-08-11,422754,324243
2025-08-12,431457,349748
2025-08-13,433435,350422
2025-08-14,417475,330647
2025-08-15,404154,329948
2025-08-16,411081,332535
2025-08-17,395742,333385
2025-08-18,386002,329971
2025-08-19,371413,325053
2025-08-20,369270,339906
2025-08-21,354572,329586
2025-08-22,349956,325127
2025-08-23,353610,327383
2025-08-24,351933,323322
2025-08-25,349051,318717
2025-08-26,358867,318036
2025-08-27,345172,316613
2025-08-28,330296,326524
2025-08-29,339399,306672
2025-08-30,348354,306672
2025-08-31,344708,309352
2025-09-01,346705,327590
2025-09-02,353495,321998
2025-09-03,367480,310708
2025-09-04,340947,311915
2025-09-05,328269,309435
2025-09-06,329707,316362
2025-09-07,341378,319392
2025-09-08,344236,322854
2025-09-09,376522,329591
2025-09-10,334762,311062
2025-09-11,340163,311455
2025-09-12,332265,312231
2025-09-13,368530,341169
2025-09-14,352196,318397
2025-09-15,364040,304048
2025-09-16,342722,299793
2025-09-17,351753,302268
2025-09-18,351138,310990
2025-09-19,329490,303476
2025-09-20,346052,328327
2025-09-21,321511,309562
2025-09-22,324737,310453
2025-09-23,318598,299490
2025-09-24,322038,301945
2025-09-25,323539,303677
2025-09-26,320690,296695
2025-09-27,323988,298190
2025-09-28,341837,313722
2025-09-29,333713,293789
2025-09-30,319185,288913
2025-10-01,324037,289277
2025-10-02,319909,286345
2025-10-03,357406,331035
2025-10-04,386529,346518
2025-10-05,355913,326013
2025-10-06,375232,330721
2025-10-07,350073,324876
2025-10-08,341189,330018
2025-10-09,334693,329556
2025-10-10,338086,321943
2025-10-11,329898,302756
2025-10-12,324551,307912
2025-10-13,315807,266883
2025-10-14,344885,331090
2025-10-15,349157,322922
2025-10-16,379565,345128
2025-10-17,370476,319973
2025-10-18,342216,352140
2025-10-19,331241,319971
2025-10-20,333915,253710
2025-10-21,321662,311415
2025-10-22,325367,319331
2025-10-23,330879,299996
2025-10-24,337371,323344
2025-10-25,365422,331091
2025-10-26,332757,310868
2025-10-27,328510,311318
2025-10-28,312837,287608
2025-10-29,321249,294740
2025-10-30,318099,287565
2025-10-31,310139,307081
2025-11-01,322523,290017
2025-11-02,316686,313660
2025-11-03,320941,303802
2025-11-04,313773,308506
2025-11-05,319075,301668
2025-11-06,311985,296713
2025-11-07,318456,256799
2025-11-08,318466,322986
2025-11-09,383587,348346
2025-11-10,344211,320673
2025-11-11,310394,294343
2025-11-12,308678,296169
2025-11-13,304633,293895
2025-11-14,302375,290187
2025-11-15,307565,291482
2025-11-16,300119,297175
2025-11-17,302506,294370
2025-11-18,299286,279420
2025-11-19,293576,291577
2025-11-20,301873,298802
2025-11-21,299794,283210
2025-11-22,301821,292114
2025-11-23,302788,287441
2025-11-24,291603,291984
2025-11-25,291908,293760
2025-11-26,294007,279731
2025-11-27,310606,281198
2025-11-28,293435,295471
2025-11-29,302266,272870
2025-11-30,301360,278279
2025-12-01,302200,295842
2025-12-02,289156,279079
2025-12-03,295357,263659
2025-12-04,285783,292055
2025-12-05,298198,292024
2025-12-06,302220,291901
2025-12-07,294561,301507
2025-12-08,302861,296785
2025-12-09,293897,284468
2025-12-10,291412,276770
2025-12-11,295412,274052
2025-12-12,294352,270393
2025-12-13,293938,285170
2025-12-14,295948,275054
2025-12-15,301648,278072
2025-12-16,290580,273030
2025-12-17,306445,278458
2025-12-18,285557,277035
2025-12-19,289108,298529
2025-12-20,290836,280389
2025-12-21,291400,301205
2025-12-22,290938,280159
2025-12-23,289985,287189
2025-12-24,338794,330517
2025-12-25,298207,299311
2025-12-26,299405,290793
2025-12-27,292163,268710
2025-12-28,290388,278593
2025-12-29,299278,272735
2025-12-30,290137,279134
2025-12-31,283427,269007
2026-01-01,284752,268651
2026-01-02,283027,270523
2026-01-03,275959,267370
2026-01-04,285807,282650
2026-01-05,296727,284551
2026-01-06,289571,274839
2026-01-07,276378,275916
2026-01-08,283891,274311
2026-01-09,279392,268589
2026-01-10,290725,263415
2026-01-11,280291,267442
2026-01-12,294314,275589
2026-01-13,278608,264341
2026-01-14,283593,261500
2026-01-15,282153,269381
2026-01-16,295032,269621
2026-01-17,287141,266375
2026-01-18,289285,276438
2026-01-19,288623,271740
2026-01-20,275594,268468
2026-01-21,281456,265596
2026-01-22,283051,266754
2026-01-23,283055,271789
2026-01-24,284604,269780
2026-01-25,277036,268482
2026-01-26,291324,275249
2026-01-27,281215,257416
2026-01-28,286107,243735
2026-01-29,278721,256311
2026-01-30,284391,266980
2026-01-31,274125,265703
2026-02-01,286291,270446
2026-02-02,283395,270403
2026-02-03,279486,265621
2026-02-04,290960,273566
2026-02-05,281718,278172
2026-02-06,286231,276438
2026-02-07,278047,270860
2026-02-08,278438,271649
2026-02-09,284986,271629
2026-02-10,279100,265539
2026-02-11,280122,264746
2026-02-12,279403,265033
2026-02-13,290472,268085
2026-02-14,287236,285386
2026-02-15,299206,287563
2026-02-16,288629,285058
2026-02-17,283371,285058
2026-02-18,269581,258363
2026-02-19,281684,276197
2026-02-20,280843,271008
2026-02-21,275675,276827
2026-02-22,283633,277702
2026-02-23,285502,267628
2026-02-24,290378,287273
2026-02-25,320492,269419
2026-02-26,298180,273718
2026-02-27,309463,309261
2026-02-28,311764,289772
2026-03-01,294737,279659
2026-03-02,299133,307852
2026-03-03,331615,337972
2026-03-04,316433,297476
2026-03-05,305767,289853
2026-03-06,302478,299533
2026-03-07,295012,282951
2026-03-08,289656,272466
2026-03-09,298695,276239
2026-03-10,292171,276469
2026-03-11,293379,250151
2026-03-12,294885,261329
2026-03-13,291351,272009
2026-03-14,290140,279481
2026-03-15,288970,261149
2026-03-16,298111,267570
2026-03-17,295119,308804
2026-03-18,304609,290621
2026-03-19,310834,291317
2026-03-20,294842,283645
2026-03-21,290723,293562
2026-03-22,293050,289314
2026-03-23,297575,288987
2026-03-24,295679,276590
2026-03-25,287891,278444
2026-03-26,292173,270401
2026-03-27,288345,276111
2026-03-28,292704,280454
2026-03-29,292896,293724
2026-03-30,301941,314293
2026-03-31,336507,358094
2026-04-01,319177,309013
2026-04-02,309036,304211
2026-04-03,302444,315146
2026-04-04,324665,363723
2026-04-05,343058,351837
2026-04-06,344129,332051
2026-04-07,317744,314333
2026-04-08,319735,295244
2026-04-09,302286,337228
2026-04-10,343555,360088
2026-04-11,341970,343073
2026-04-12,323600,333465
2026-04-13,326568,314649
2026-04-14,312214,307837
2026-04-15,308807,315055
2026-04-16,312031,318674
2026-04-17,312159,320804
2026-04-18,355049,362118
2026-04-19,317873,329533
2026-04-20,324441,325927
2026-04-21,309284,304983
2026-04-22,300554,301961
2026-04-23,304923,303087
2026-04-24,303459,297415
2026-04-25,294619,281577
2026-04-26,298669,299657
2026-04-27,305877,310438
2026-04-28,292964,288388
2026-04-29,303313,287031
2026-04-30,296683,300838
2026-05-01,362383,354517
2026-05-02,314006,319025
2026-05-03,324345,331841
2026-05-04,340089,317086
2026-05-05,307779,324751
2026-05-06,307049,301559
2026-05-07,301205,298195
2026-05-08,296910,307946
2026-05-09,304489,303108
2026-05-10,295552,289544
2026-05-11,303105,292570
2026-05-12,296100,286203
2026-05-13,300138,299295
2026-05-14,300415,306321
2026-05-15,300642,303408
2026-05-16,296804,299529
2026-05-17,301232,320553
2026-05-18,308043,312573
2026-05-19,296286,304101
2026-05-20,317530,338236
2026-05-21,391104,346478
2026-05-22,333852,330770
2026-05-23,307084,318002
2026-05-24,302971,304315
2026-05-25,306708,304946
2026-05-26,307833,324360
2026-05-27,368543,354238
2026-05-28,359655,351969
2026-05-29,320471,345439
2026-05-30,310560,335068
2026-05-31,301433,308664
2026-06-01,311750,340237
2026-06-02,387359,356773
2026-06-03,356468,355875
2026-06-04,313617,327990
2026-06-05,313792,338130
2026-06-06,305559,324256
2026-06-07,292158,309366
2026-06-08,306165,320676
2026-06-09,297849,301353
2026-06-10,296116,306172
2026-06-11,293677,307999
2026-06-12,297983,300454
2026-06-13,291043,323896
2026-06-14,294074,326342
2026-06-15,301616,332637
2026-06-16,293997,322406
2026-06-17,298420,342084
2026-06-18,297710,293612
2026-06-19,319578,322153
2026-06-20,388531,356421
2026-06-21,353693,350730
2026-06-22,331625,351903
2026-06-23,301759,304751
2026-06-24,320803,312304
2026-06-25,318939,313084
2026-06-26,319816,327085
2026-06-27,308247,321002
2026-06-28,304289,307464
2026-06-29,327477,315878
2026-06-30,308086,313339
2026-07-01,384847,352713
2026-07-02,404556,358505
2026-07-03,364646,357153
2026-07-04,353226,359327
2026-07-05,354944,341861
2026-07-06,333588,346327
2026-07-07,333760,332713
2026-07-08,313980,337842
2026-07-09,319090,322478
2026-07-10,319665,306662
2026-07-11,326628,336443
2026-07-12,322076,331882
2026-07-13,320977,325227
2026-07-14,314074,338611
2026-07-15,322184,322327
2026-07-16,308826,327218
2026-07-17,311380,335242
2026-07-18,313662,318784
2026-07-19,309251,316378
2026-07-20,346717,340818
2026-07-21,319714,316943
2026-07-22,320116,298683
2026-07-23,311833,306559
2026-07-24,299996,314334
2026-07-25,308293,301293
2026-07-26,312839,297487
2026-07-27,299887,335580
2026-07-28,298600,319480
2026-07-29,301635,313474
2026-07-30,298537,298676
2026-07-31,298007,319639
2026-08-01,295835,320039
2026-08-02,296985,327028
2026-08-03,300233,303354
2026-08-04,297208,304856
2026-08-05,297345,301456
2026-08-06,294329,298689
2026-08-07,297952,0
2026-08-08,297299,0
2026-08-09,312652,0
2026-08-10,331395,0
2026-08-11,296586,0
2026-08-12,309612,0
2026-08-13,337078,0
2026-08-14,323747,0
2026-08-15,309030,0
2026-08-16,398325,0
2026-08-17,405304,0
2026-08-18,411227,0
2026-08-19,397753,0
2026-08-20,381566,0
2026-08-21,347775,0
2026-08-22,329180,0
2026-08-23,323130,0
2026-08-24,332301,0
2026-08-25,318550,0
2026-08-26,323870,0
2026-08-27,344972,0
2026-08-28,362991,0
2026-08-29,418829,0
2026-08-30,420921,0
2026-08-31,413898,0
2026-09-01,393439,0
2026-09-02,391660,0
2026-09-03,366330,0
2026-09-04,354431,0
2026-09-05,353708,0
2026-09-06,333862,0
2026-09-07,342173,0
2026-09-08,343478,0
2026-09-09,340735,0
2026-09-10,352428,0
