老磊,家阿贸府樊(沛/老),ph,bod,cod,ss,tn,tp
20260910,352428,null,null,null,null,null,null
20260909,340735,null,null,null,null,null,null
20260908,343478,null,null,null,null,null,null
20260907,342173,6.5,5.7,7.9,3.1,11.906,0.417
20260906,333862,6.6,5.2,6.9,3.3,11.652,0.365
20260905,353708,6.6,8.8,7.2,3.3,11.297,0.376
20260904,354431,6.6,9,7.2,3.6,10.39,0.267
20260903,366330,null,8.8,null,null,null,null
20260902,391660,6.5,8.9,7,3.2,6.003,0.437
20260901,393439,6.5,9,6.4,3.3,5.429,0.398
20260831,413898,6.3,8.8,6,3.1,4.951,0.438
20260830,420921,6.3,6.6,6,3,5.368,0.373
20260829,418829,6.2,5.4,5,3.9,4.390,0.390
20260828,362991,6.5,8.4,7.9,4.3,12.535,0.810
20260827,344972,6.5,7,7.5,3.3,9.455,0.537
20260826,323870,6.4,5.9,7.2,3.3,7.696,0.418
20260825,318550,6.5,4.6,7.4,3.5,7.339,0.546
20260824,332301,6.5,5,7.3,3.3,8.753,0.647
20260823,323130,6.4,5,7,3.3,9.133,0.59
20260822,329180,6.6,4.7,7,3.5,8.739,0.545
20260821,347775,6.5,6,6.6,3.5,7.512,0.591
20260820,381566,6.5,6,6.4,3.3,5.436,0.546
20260819,397753,6.4,6,6.1,3.2,5.999,0.563
20260818,411227,6.2,4.8,5.1,3.3,5.212,0.632
20260817,405304,6.1,6,4.6,3.2,5.823,0.572
20260816,398325,6.3,7,6.8,3.8,11.375,0.850
20260815,309030,6.3,6.8,6.6,3.5,9.415,0.745
20260814,323747,6.3,7.2,6.8,3.7,2.737,0.679
20260813,337078,6.3,8.7,6.9,3.6,6.026,0.987
20260812,309612,6.2,8.9,6.6,3.6,8.350,0.859
20260811,296586,6.3,9,6.8,3.6,9.383,1.096
20260810,331395,6.4,8.9,7.3,3.3,3.917,0.804
20260809,312652,6.5,8.9,7,3.5,6.396,1.028
20260808,297299,6.5,9,7,3.4,5.514,0.961
20260807,297952,6.5,8.9,6.8,3.4,7.845,0.788
20260806,294329,6.6,8.8,7.1,3.3,8.846,0.713
20260805,297345,6.5,9,6.9,3.5,9.466,0.813
20260804,297208,6.5,9,6.9,3.6,10.534,0.891
20260803,300233,6.6,8.9,7,3.4,10.656,1.206
20260802,296985,6.5,8.9,6.8,3.4,9.709,0.760
20260801,295835,6.4,9.1,6.6,3.6,10.298,0.833
20260731,298007,6.6,9.1,7,3.5,9.612,0.548
20260730,298537,6.5,9.5,4.8,3.6,9.708,0.789
20260729,301635,6.5,9.1,6.8,3.5,9.699,0.678
20260728,298600,6.5,9,6.9,3.4,10.537,0.699
20260727,299887,6.6,9.1,7.2,3.5,12.780,0.813
20260726,312839,6.5,9.0,6.9,3.4,11.040,0.366
20260725,308293,6.5,8.9,6.6,3.5,10.128,0.385
20260724,299996,6.6,9.1,9.4,4,11.003,0.961
20260723,311833,6.6,9.0,9.4,4,11.003,0.961
20260722,320116,6.7,8.8,9.4,4,11.003,0.961
20260721,319714,6.6,9,9.4,4,11.003,0.961
20260720,346717,6.6,8.9,9.4,4,11.003,0.961
20260719,309251,6.6,9.0,9.4,4,11.003,0.961
20260718,313662,6.6,8.9,9.1,4.4,10.989,0.648
20260717,311380,6.6,8.7,9.5,4.5,10.455,0.614
20260716,308826,6.6,9.2,9.4,4.4,10.512,0.819
20260715,322184,6.6,9,8.7,4.4,9.334,0.601
20260714,314074,6.7,9.1,8.8,4.1,12.643,0.4
20260713,320977,6.6,8.9,8.0,4.6,13.553,0.411
20260712,322076,6.6,8.9,7.6,4.7,13.148,0.83
20260711,326628,6.7,7.4,7.1,4.8,12.691,0.661
20260710,319665,6.7,9,6.3,4.7,12.271,0.284
20260709,319090,6.6,9,6.3,4.7,12.920,0.276
20260708,313980,6.6,5.5,6.4,4.8,14.987,0.894
20260707,333760,6.7,8.9,6.1,5,12.432,0.567
20260706,333588,6.7,9,6.3,4.3,10.951,1.084
20260705,354944,6.6,8.9,5.7,4.3,8.507,0.748
20260704,353226,6.5,9,5.4,4.3,7.164,0.47
20260703,364646,6.5,6.4,5.2,4.6,5.389,0.822
20260702,404556,6.3,6.7,4.8,4.4,4.084,0.281
20260701,384847,6.6,9,6,4.7,8.431,0.723
20260630,308086,6.6,7.7,5.9,4.8,8.537,0.904
20260629,327477,6.5,9,5.9,4.6,8.941,1.027
20260628,304289,6.5,6.7,5.6,4.3,8.561,0.55
20260627,308247,6.6,5.7,5.6,4.6,7.796,0.532
20260626,319816,6.5,7.4,5.6,4.8,8.417,0.459
20260625,318939,6.5,7.8,5.7,4.5,9.182,0.799
20260624,320803,6.3,7.6,5.2,4.5,6.647,0.332
20260623,301759,6.4,6.2,5.2,4.4,7.128,0.716
20260622,331625,6.4,7.9,5.3,4.2,7.082,0.603
20260621,353693,6.2,8.9,4.8,4.1,5.251,0.475
20260620,388531,6.3,7,5.4,4.2,8.653,0.577
20260619,319578,6.4,7.3,5.7,4.4,10.007,0.509
20260618,297710,6.4,7.3,5.9,4.3,9.822,0.633
20260617,298420,6.4,9,5.8,5.7,9.058,0.702
20260616,293997,6.4,7.9,5.7,4.6,9.452,0.606
20260615,301616,6.4,8.9,6.5,4.5,10.669,0.640
20260614,294074,6.3,7.6,5.8,4.3,10.267,0.592
20260613,291043,6.4,6.7,5.9,4.4,10.562,0.575
20260612,297983,6.4,5,5.7,4.4,10.421,0.601
20260611,293677,6.4,8.4,6.2,4.4,10.188,0.560
20260610,296116,6.3,9.1,6.1,4.4,11.288,0.694
20260609,297849,6.3,9,5.9,4.5,12.140,0.585
20260608,306165,6.4,8.9,6.3,4.4,11.248,0.676
20260607,292158,6.3,7.6,5.8,4.3,9.265,0.507
20260606,305559,6.4,6.7,5.6,4.4,9.143,0.563
20260605,313792,6.4,8.9,6,4.6,8.845,0.535
20260604,313617,6.4,5.7,5.8,4.6,8.372,0.731
20260603,356468,6.2,5.7,5.1,4.1,6.712,0.652
20260602,387359,6.4,7.7,5.8,5.2,10.263,0.752
20260601,311750,6.4,9,6,4.7,9.373,0.666
20260531,301433,6.4,5.1,5.7,4.7,8.722,0.704
20260530,310560,6.4,4.4,5.6,4.6,8.130,0.632
20260529,320471,6.4,4.4,5.4,4.8,7.192,0.663
20260528,359655,6.3,4.5,5.4,4.9,7.827,0.698
20260527,368543,6.3,2.1,5.5,4.7,10.526,0.692
20260526,307833,6.4,8.8,6.1,4.7,10.349,0.901
20260525,306708,6.3,9.1,5.8,4.6,10.356,0.851
20260524,302971,6.3,8.5,5.8,4.6,9.745,0.744
20260523,307084,6.4,7,5.7,4.7,8.533,0.769
20260522,333852,6.5,8.7,5.5,4.8,7.305,0.812
20260521,391104,6.2,8.4,5.2,5,7.347,0.665
20260520,317530,6.4,8.6,6.5,5.2,10.424,0.871
20260519,296286,6.3,8.8,6.9,5.2,10.168,0.798
20260518,308043,6.9,8.9,6.7,5.4,11.308,0.907
20260517,301232,6.9,9.2,6.5,4.7,10.523,1.003
20260516,296804,6.9,5.3,6.7,5.1,10.001,0.831
20260515,300642,6.9,8,7.2,5.2,11.672,0.880
20260514,300415,7,6.8,6.1,4.9,11.450,1.009
20260513,300138,6.9,9.2,6.1,4.6,12.187,0.893
20260512,296100,6.8,8.8,6.7,5.5,12.328,0.892
20260511,303105,6.5,8.8,6.5,4.4,11.678,0.947
20260510,295552,6.8,8.6,5.9,4.4,11.243,0.810
20260509,304489,6.8,4.2,5.8,4.7,9.907,0.770
20260508,296910,6.8,8.5,5.9,5.1,10.956,0.886
20260507,301205,7,8.2,5.9,4.9,10.809,1.154
20260506,307049,6.8,8.8,5.6,4.7,10.265,0.909
20260505,307779,6.8,8.4,5.4,4.9,8.880,0.766
20260504,340089,6.8,9.2,5.1,4.9,7.707,0.731
20260503,324345,6.7,9,5.8,5.1,10.593,1.073
20260502,314006,6.6,6.9,5.6,4.7,8.782,0.931
20260501,362383,6.8,7.5,6.4,5,11.271,1.238
20260430,296683,7,8.9,7.5,4.6,10.170,0.984
20260429,303313,7,8.9,7.1,5.1,10.924,1.089
20260428,292964,6.7,8.8,7.1,5.6,10.752,0.920
20260427,305877,7,8.8,7.2,4.6,10.652,1.084
20260426,298669,6.8,8.9,7.1,4.5,10.622,1.053
20260425,294619,6.8,9.1,7,4.5,11.239,1.094
20260424,303459,6.9,8.8,6.8,4.6,11.361,0.928
20260423,304923,6.8,9.4,7.1,4.8,11.391,0.940
20260422,300554,6.8,8.9,7.2,4.9,10.155,0.702
20260421,309284,6.9,8.9,7.2,5.1,10.634,0.775
20260420,324441,7.1,8.9,8.3,5,10.697,1.081
20260419,317873,7.1,9.2,8.2,5,9.249,1.005
20260418,355049,7,2.1,8.7,6,9.685,0.800
20260417,312159,6.7,4.9,9.1,5.3,9.647,0.818
20260416,312031,7.1,2.8,8.7,5,9.634,0.790
20260415,308807,6.8,8.8,8.7,5.9,10.553,0.668
20260414,312214,6.7,8.9,6.9,6.6,9.894,0.544
20260413,326568,7.1,9.1,8.1,5.4,10.757,0.911
20260412,323600,7.1,8.8,7.6,5.3,9.688,0.728
20260411,341970,6.7,6.4,7.1,5.2,8.159,0.513
20260410,343555,6.6,8.8,6.3,5.9,7.815,0.371
20260409,302286,6.8,8.9,14.5,5.6,10.375,0.778
20260408,319735,6.8,9,14.4,5.2,8.023,0.575
20260407,317744,6.7,9,14,5.6,8.386,0.712
20260406,344129,7.1,8.9,9.1,6.7,7.426,0.609
20260405,343058,7,8.7,8.5,6.5,7.809,0.704
20260404,324665,6.7,8.8,8.9,6.9,11.660,1.046
20260403,302444,6.7,9.2,9,6.2,11.040,0.888
20260402,309036,6.8,9.0,9.1,5.9,11.198,0.944
20260401,319177,6.6,9.1,9.1,6.4,9.982,0.686
20260331,336507,6.5,8.9,8.2,6.6,11.002,0.652
20260330,301941,7.1,8.8,9.2,5.4,12.481,0.852
20260329,292896,7,9.1,9,5.6,11.415,0.709
20260328,292704,6.8,9.0,9.4,7.1,11.618,0.721
20260327,288345,6.7,9.0,9.5,6.4,11.720,0.705
20260326,292173,7.1,9.1,9.4,4.9,12.987,0.732
20260325,287891,6.8,9.0,9.1,5.4,13.068,0.632
20260324,295679,6.8,8.9,9.2,7.0,13.084,0.666
20260323,297575,7.1,8.9,10.4,6.2,13.752,1.028
20260322,293050,7.1,9.1,9.3,5.8,12.173,0.659
20260321,290723,6.7,8.5,9.2,6.8,9.161,0.721
20260320,294842,6.7,8.7,9.9,9.0,13.097,0.720
20260319,310834,7.1,9.0,9.8,6.0,13.381,0.816
20260318,304609,6.9,9.1,9.5,6.4,13.528,0.732
20260317,295119,6.6,9.0,9.2,6.7,14.014,0.697
20260316,298111,7.1,8.9,9.8,5.8,14.755,0.947
20260315,288970,7,9.0,9.1,5.3,13.962,0.895
20260314,290140,6.6,5.9,9.1,6.2,12.871,0.949
20260313,291351,6.7,9.0,8.8,5.7,12.891,1.031
20260312,294885,6.8,9.0,16.6,5.2,12.322,0.803
20260311,293379,6.7,9.1,16.5,5.9,12.609,0.7570
20260310,292171,6.8,8.9,14.2,5.6,13.597,0.862
20260309,298695,6.9,8.4,16,6.1,11.385,0.833
20260308,289656,6.8,9.1,15.5,6.4,10.687,0.613
20260307,295012,6.8,9.1,15.1,6.0,10.360,0.615
20260306,302478,6.7,8.7,16.2,7.3,10.899,0.679
20260305,305767,6.7,9.0,12.1,5.3,10.170,0.640
20260304,316433,6.5,9.1,13.6,7.3,9.234,0.457
20260303,331615,6.6,9.1,11.5,3.7,9.093,0.507
20260302,299133,7,9.2,14.8,6.5,11.857,0.532
20260301,294737,6.9,9.3,14.8,6.7,10.589,0.483
20260228,311764,6.4,6.5,14,6.9,10.222,0.480
20260227,309463,6.6,9.1,14.8,7,11.785,0.517
20260226,298180,6.5,9.3,14,6.4,11.505,0.527
20260225,320492,6.5,9.1,12.8,7.3,10.373,0.563
20260224,290378,7.2,9,13.6,5.5,15.103,0.717
20260223,285502,7.1,9.1,14.4,6.4,15.026,0.706
20260222,283633,7,8.7,14.3,6.4,15.478,0.618
20260221,275675,6.9,6.8,13.3,6.9,14.652,0.494
20260220,280843,6.7,8.9,14.1,7.1,15.477,0.501
20260219,281684,7.1,9.3,15.3,7.9,15.884,0.506
20260218,269581,6.9,9.1,15.7,6.5,16.666,0.410
20260217,283371,6.5,9,16.4,9.1,15.002,0.582
20260216,288629,6.7,9.4,16.5,7.3,16.070,1.152
20260215,299206,6.6,8.8,15.7,7.7,14.370,0.780
20260214,287236,6.3,2.1,14,7.1,14.977,0.668
20260213,290472,6.5,8.6,13.9,8.5,13.924,0.580
20260212,279403,6.5,7.6,13.6,7.1,14.428,0.676
20260211,280122,6.4,5.9,12.4,7.1,14.612,0.709
20260210,279100,6.5,8.7,11.7,8.2,14.839,0.737
20260209,284986,6.6,8.9,12.2,7.2,13.265,0.778
20260208,278438,6.6,9,12.2,6.2,12.529,0.856
20260207,278047,6.6,6.7,11.9,6.3,12.040,0.906
20260206,286231,6.6,9.2,10.6,7.1,12.118,0.664
20260205,281718,6.8,8.2,10.4,3.8,12.636,0.751
20260204,290960,6.5,9.2,11.1,6.8,13.424,0.886
20260203,279486,6.6,8.9,10.5,6.8,12.393,0.571
20260202,283395,6.4,8.8,9.5,6.4,12.701,0.696
20260201,286291,6.5.5,9.2,9.6,6.4,12.287,0.6570
20260131,274125,6.4,9.1,9.1,6.5,11.953,0.558
20260130,284391,6.4,8.9,9.2,7.0,12.167,0.657
20260129,278721,6.6,8.9,10.1,5.8,11.439,0.622
20260128,286107,6.5,8.9,9.0,6.5,12.348,0.697
20260127,281215,6.4,8.9,8.9,7.0,12.904,0.698
20260126,291324,6.5,8.1,9.2,6.6,12.826,0.883
20260125,277036,6.5,9.3,9.0,6.4,12.490,0.938
20260124,284604,6.4,6.7,8.7,6.5,12.216,0.725
20260123,283055,6.5,9.1,8.7,6.1,12.026,0.6580
20260122,283051,6.5,9.1,8.2,5.9,10.485,0.577
20260121,281456,6.4,8.8,8.2,5.9,11.086,0.541
20260120,275594,6.5,9.1,8.5,5.3,12.579,0.609
20260119,288623,6.7,8.9,8.8,4.7,12.474,0.685
20260118,289285,6.7,8.9,9.0,4.6,12.444,0.837
20260117,287141,6.7,8.8,9.4,4.5,11.829,0.828
20260116,295032,6.7,8.9,8.8,4.9,12.458,0.845
20260115,282153,6.7,8.9,9.1,4.4,13.281,0.999
20260114,283593,6.7,9.2,9,4.8,12.159,0.8810
20260113,278608,6.7,9.1,8.7,4.7,12.434,0.927
20260112,294314,6.7,8.9,9.2,4.7,10.683,0.808
20260111,280291,6.7,8.8,8.6,4.2,9.759,0.825
20260110,290725,6.6,9.6,8.7,4.6,11.589,0.871
20260109,279392,6.5,8.9,8.2,4.5,10.592,0.793
20260108,283891,6.6,8.9,8.0,4.3,9.914,0.757
20260107,276378,6.6,9.7,7.9,4.3,11.091,0.998
20260106,289571,6.5,9.1,7.8,4.7,10.641,0.7750
20260105,296727,6.9,8.8,7.7,2.2,11.244,0.899
20260104,285807,6.7,8.9,8,3.1,9.304,0
20260103,275959,6.6,9.4,7.4,4.6,8.920,0.755
20260102,283027,6.7,7.8,7.6,3.9,10.467,0.92
20260101,284752,6.7,9.7,7.3,3.9,8.542,0
20251231,283427,6.7,8.9,7.2,4.0,8.928,0.602
20251230,290137,6.6,9.7,7.3,4.3,9.332,0.807
20251229,299278,6.8,9.8,7.8,4.4,10.367,0.859
20251228,290388,6.7,9.0,7.6,4.6,8.961,0.708
20251227,292163,6.6,6.8,7.4,4.2,7.887,0.585
20251226,299405,6.6,6.6,7.6,4.0,9.089,00.805
20251225,298207,6.6,6.3,7,4.3,8.398,0.74
20251224,338794,6.7,9.3,7.7,4.7,10.054,0.9320
20251223,289985,6.6,9.0,7.8,4.4,9.175,0.848
20251222,290938,6.7,9.8,7.8,4.1,9.921,0.779
20251221,291400,6.7,9.7,7.7,4.4,8.983,0.7987
20251220,290836,6.6,6.8,7.8,4.2,8.843,1.022
20251219,289108,6.6,8.6,7.6,3.9,7.644,0.755
20251218,285557,6.6,9.3,7.3,3.7,8.993,0.803
20251217,306445,6.5,9.6,7.1,3.7,8.934,0.664
20251216,290580,6.6,9.6,7.2,3.9,10.169,0.8610
20251215,301648,6.5,9.0,7.8,3.8,9.706,0.772
20251214,295948,6.5,9.8,7.5,3.6,8.638,0.749
20251213,293938,6.5,2.4,7.2,3.4,7.259,0.592
20251212,294352,6.5,7.1,7.1,3.7,8.283,0.694
20251211,295412,6.5,5.6,7.8,3.7,8.641,0.725
20251210,291412,6.5,7.0,7.3,3.7,8.624,0.7540
20251209,293897,6.5,9.0,7.1,3.6,9.663,0.701
20251208,302861,6.5,9.6,7.5,3.8,11.125,1.014
20251207,294561,6.5,8.4,7.2,3.7,12.162,0
20251206,302220,6.5,8.4,6.9,3.8,10.267,0.695
20251205,298198,6.4,7.0,7.1,3.6,9.808,0.7
20251204,285783,6.5,9.0,7.1,3.5,8.076,0.439
20251203,295357,6.5,9.6,7,3.6,8.861,0.586
20251202,289156,6.5,9.4,6.9,3.8,10.918,0.6060
20251201,302200,6.6,9.7,7.6,3.5,11.679,0.591
20251130,301360,6.5,2.6,7.6,3.5,12.696,0.607
20251129,302266,6.5,2.7,7,3.6,9.789,0.549
20251128,293435,6.5,9.1,7.1,3.7,10.203,0.518
20251127,310606,6.5,9.2,7.4,3.6,8.948,0.484
20251126,294007,6.5,7.8,7.3,3.7,8.634,0.461
20251125,291908,6.5,9.7,7.1,4.0,10.765,0.597
20251124,291603,6.4,9.2,7.2,4.0,11.612,0.603
20251123,302788,6.4,8.9,7.5,3.8,11.527,0.59
20251122,301821,6.5,8.2,7.3,3.9,11.138,0.558
20251121,299794,6.5,9.4,7.0,4.1,9.785,00.439
20251120,301873,6.4,9.5,6.7,4.3,9.576,0.363
20251119,293576,6.5,9.7,6.9,3.9,9.734,0.425
20251118,299286,6.5,9.7,7.0,4.1,11.552,0.5530
20251117,302506,6.5,8.9,7.3,3.7,7.759,0.688
20251116,300119,6.5,8.1,7.5,3.9,5.932,0.533
20251115,307565,6.5,4.7,6.9,4.0,6.454,0.493
20251114,302375,6.5,9.7,6.7,3.9,6.205,0.552
20251113,304633,6.7,9.3,7.1,4.4,8.810,0.954
20251112,308678,6.5,8.3,6.6,4.4,8.045,0.705
20251111,310394,6.5,6.4,5.9,4.3,5.876,0.7280
20251110,344211,6.4,8.9,5.9,3.2,5.888,0.458
20251109,383587,6.4,8.9,6.1,3.2,5.888,0.55
20251108,318466,6.6,7.4,6.4,3.7,6.680,0.455
20251107,318456,6.7,7.7,7.7,5.2,9.174,0.93
20251106,311985,6.7,6.2,6.8,5.7,11.697,0.9120
20251105,319075,6.7,5.8,8,4.7,8.680,1.296
20251104,313773,6.6,4.0,7,4.5,8.968,1.103
20251103,320941,6.5,4.0,6.6,3.5,8.398,0.749
20251102,316686,6.5,4.3,6.6,3.4,7.596,0.757
20251101,322523,6.5,3.1,6.1,3.6,7.621,0.8260
20251031,310139,6.5,3.4,6.4,3.5,6.322,0.7650
20251030,318099,6.5,3.9,6.2,3.3,6.247,0.787
20251029,321249,6.4,3.7,5.8,3.4,6.957,0.7310
20251028,312837,6.4,5.5,5.8,3.5,6.787,0.756
20251027,328510,6.4,4.8,5.9,3.2,7.740,0.907
20251026,332757,6.4,5.0,5.6,3.2,6.501,0.839
20251025,365422,6.3,3.8,4.9,3.1,5.362,0.676
20251024,337371,6.4,4.0,5.7,3.4,7.351,0.8350
20251023,330879,6.4,3.6,5.6,3.1,6.597,0.797
20251022,325367,6.4,9.4,6.1,3.2,7.247,0.8590
20251021,321662,6.4,7.9,5.5,3.3,6.938,0.671
20251020,333915,6.4,5.4,5.9,3.1,7.562,0.945
20251019,331241,6.5,5.9,5.6,3.0,7.088,0.911
20251018,342216,6.5,9.0,5.3,3.1,7.072,0.8
20251017,370476,6.5,9.4,5.4,2.8,6.113,0.848
20251016,379565,6.5,6.3,5.6,3.4,7.332,0.841
20251015,349157,6.4,6.8,5.7,3.2,5.795,0.674
20251014,344885,6.5,3.9,5.8,3.3,8.782,0.912
20251013,315807,6.6,4.0,6,3.2,9.235,0.775
20251012,324551,6.6,4.2,5.9,3.0,9.146,0.793
20251011,329898,6.5,8.8,5.6,3.2,7.926,0.7140
20251010,338086,6.5,4.3,6.0,3.3,9.247,0.711
20251009,334693,6.4,6.6,5.8,3.9,9.320,0.603
20251008,341189,6.5,6.0,5.6,3.4,9.008,0.652
20251007,350073,6.4,5.9,5.5,3.3,6.910,0.533
20251006,375232,6.5,6.4,5.5,3.7,6.241,0.566
20251005,355913,6.4,9.2,5.5,3.9,6.239,0.615
20251004,386529,6.3,9.1,4.7,3.5,4.859,0.656
20251003,357406,6.5,9.5,5.9,3.9,9.318,0.72
20251002,319909,6.7,9.3,5.9,3.4,9.176,0.7990
20251001,324037,6.6,8.4,5.8,3.4,9.718,0.905
20250930,319185,6.6,6.9,5.7,3.7,8.913,0.754
20250929,333713,6.6,6.7,6.0,3.3,7.767,0.729
20250928,341837,6.6,5.6,5.9,3.5,8.736,0.796
20250927,323988,6.6,3.7,5.9,3.6,9.137,0.781
20250926,320690,6.5,4.6,2.0,3.9,9.144,0.741
20250925,323539,6.6,8.6,9.3,3.2,9.863,0.897
20250924,322038,6.8,6.7,6,2.1,8.985,0.683
20250923,318598,6.4,6.7,5.7,3.2,8.086,0.772
20250922,324737,6.5,5.9,6.2,3.3,8.479,0.774
20250921,321511,6.5,7.6,6,3.1,8.657,0.7770
20250920,346052,6.5,9.5,5.8,3.2,8.490,0.742
20250919,329490,6.5,8.8,5.7,3.5,7.488,0.614
20250918,351138,6.6,6.0,6,3.2,7.429,0.597
20250917,351753,6.5,5.7,5.8,3.0,7.711,0.605
20250916,342722,6.5,4.5,5.5,3.1,8.272,0.591
20250915,364040,6.6,8.4,5.6,3.0,8.049,0.5650
20250914,352196,6.4,8.5,5.3,2.9,7.830,0.496
20250913,368530,6.5,9.2,5.7,3.2,10.217,0.681
20250912,332265,6.5,9.1,5.7,3.3,8.658,0.556
20250911,340163,6.6,9.2,6.2,3.2,8.625,0.7470
20250910,334762,6.6,9.9,6.2,3.2,8.625,0.747
20250909,376522,6.6,5.8,6.2,3.2,8.625,0.7470
20250908,344236,6.6,9.8,6.2,3.2,8.625,0.747
20250907,341378,6.4,9.7,5.9,3.2,10.660,0.753
20250906,329707,6.3,6.0,5.3,3.1,7.403,0.732
20250905,328269,6.4,8.8,5.5,3.1,6.557,0.6750
20250904,340947,6.4,6.0,5.7,3.2,5.578,0.627
20250903,367480,6.3,6.0,6,3.1,5.543,0.579
20250902,353495,6.4,6.6,5.7,3.3,8.347,0.7140
20250901,346705,6.4,6.1,5.9,2.5,9.187,0.7460
20250831,344708,6.4,7.1,5.6,3.5,7.959,0.726
20250830,348354,6.3,5.0,5.2,3.3,6.389,0.616
20250829,339399,6.4,3.9,5.6,3.2,6.973,0.708
20250828,330296,6.4,4.6,5.5,3.1,5.611,0.6460
20250827,345172,6.4,5.6,5.9,3.1,5.770,0.678
20250826,358867,6.4,6.2,5.2,3.1,7.110,0.6720
20250825,349051,6.4,6.2,5.4,3.1,7.300,0.697
20250824,351933,6.4,5.7,5.1,2.8,5.700,0.574
20250823,353610,6.4,5.7,4.9,2.8,5.700,0.550.55
20250822,349956,6.3,1.7,4.9,3.0,6.505,0.591
20250821,354572,6.5,1.7,5.3,2.8,4.764,0.519
20250820,369270,6.4,3.7,5,3.0,5.825,0.559
20250819,371413,6.4,1.0,5,3.1,5.744,0.5630
20250818,386002,6.4,2.3,5.2,3.1,6.210,0.636
20250817,395742,6.5,4.2,4.9,3.2,6.274,0.598
20250816,411081,6.4,5.9,4.9,3.2,5.600,0.978
20250815,404154,6.4,8.1,4.5,1.5,6.706,0.726
20250814,417475,6.4,4.5,4.6,3.3,4.673,0.671
20250813,433435,6.4,6.9,4.0,3.5,4.526,0.642
20250812,431457,6.3,5.3,4.2,3.6,5.162,0.630
20250811,422754,6.3,5.6,4.8,3.2,5.277,0.637
20250810,425298,6.3,5.7,5.2,3.6,7.709,0.615
20250809,356570,6.4,9.6,5.2,3.1,6.920,0.565
20250808,357166,6.4,5.7,5.2,3.1,5.907,0.543
20250807,381747,6.4,7.7,5.0,3.0,5.025,0.587
20250806,424292,6.3,9.3,4.7,3.4,5.606,0.593
20250805,422842,6.3,7.9,4.9,3.8,6.453,0.521
20250804,420486,6.5,5.2,5.2,3.5,7.884,0.777
20250803,359333,6.6,5.7,5.20,3.2,7.526,0.678
20250802,351843,6.6,5.2,5.20,3.3,8.185,0.7140
20250801,351796,6.5,5.4,5.3,3.2,9.470,0.611
20250731,358803,6.5,3.3,5.5,3.2,7.912,0.546
20250730,350461,6.5,4.0,5.5,3.2,8.929,0.572
20250729,346660,6.5,3.7,5.1,3.2,8.287,0.567
20250728,372304,6.5,2.1,5.2,3.2,8.455,0.625
20250727,364549,6.4,1.0,4.9,3.1,8.545,0.612
20250726,382152,6.5,1.7,4.9,3.3,7.106,0.581
20250725,379960,6.4,3.2,4.8,3.3,7.129,0.5890
20250724,410061,6.4,3.8,4.8,3.5,7.475,0.664
20250723,422368,6.3,3.5,4.7,3.4,7.023,0.627
20250722,397548,6.4,3.6,4.6,3.3,6.847,0.695
20250721,421977,6.4,0.5,4.6,3.6,7.157,0.932
20250720,436125,6.4,2.4,4,3.5,6.814,0.862
20250719,442543,6.4,7.8,4.2,3.4,6.525,0.714
20250718,425861,6.9,4.4,5,2.1,11.222,0.716
20250717,415960,6.9,5.1,5,2.1,11.222,0.716
20250716,413291,6.9,9.3,4.8,2.1,11.222,0.716
20250715,416246,6.9,9.8,4.4,2.1,11.222,0.716
20250714,405354,6.9,9.8,4.7,2.1,11.222,0.716
20250713,348961,6.9,9.6,5.8,2.1,11.222,0.716
20250712,344100,6.9,9.9,5.4,2.2,9.404,0.578
20250711,339741,6.9,7.7,5.6,2.3,8.613,0.439
20250710,338631,6.9,8.3,5.5,2.3,10.712,0.497
20250709,340708,6.9,5.5,5.8,2.4,9.858,0.438
20250708,341324,6.9,9.2,5.5,2.6,9.623,0.4190
20250707,336484,7,6.9,6.3,2.5,10.930,0.499
20250706,333045,7,8.9,5.7,2.6,11.592,0.543
20250705,343180,6.9,2.1,5.5,2.5,7.409,0.424
20250704,350353,6.8,1.0,5.5,2.6,9.532,0.417
20250703,347614,6.9,1.6,5.8,2.4,8.677,0.4180
20250702,351744,6.8,2.3,5.4,2.2,8.340,0.406
20250701,344014,6.9,3.0,5.2,2.8,7.990,0.3530
20250630,390293,6.8,4.5,5.6,2.7,8.500,0.489
20250629,389966,6.3,4.5,4.8,0.6,8.789,0.041
20250628,397772,6.8,5.8,4.8,2.4,7.254,0.52
20250627,415353,6.8,5.0,4.5,2.5,5.266,0.5120
20250626,416736,6.8,6.0,4,2.8,5.509,0.460
20250625,433686,6.7,8.2,3.7,2.8,5.171,0.4350
20250624,412141,6.7,9.5,5,2.8,6.798,0.529
20250623,401740,6.7,5.7,4.7,2.4,6.987,0.641
20250622,415139,6.7,5.7,4.6,2.4,6.987,0.588
20250621,372147,6.8,8.9,5.2,2.4,8.730,0.6310
20250620,369974,6.9,9.8,5.1,2.7,7.572,0.631
20250619,377651,6.8,9.6,5.3,2.8,8.461,0.472
20250618,387341,6.9,9.7,4.9,2.4,6.898,0.663
20250617,409493,6.9,9.7,4.7,2.5,6.292,0.558
20250616,417274,6.9,9.7,4.8,2.6,7.040,0.573
20250615,419264,6.9,9.6,4.3,2.4,5.976,0.498
20250614,412949,6.9,7.0,4.8,2.6,9.153,0.662
20250613,331905,6.9,9.7,5.6,2.8,10.115,0.6480
20250612,333600,6.9,9.7,6.1,3.0,10.313,0.560
20250611,311426,6.9,9.8,6.2,4.0,14.039,1.080
20250610,342802,6.9,9.8,5.7,5.3,10.769,0.527
20250609,336711,7,9.7,5.9,3.3,10.706,0.601
20250608,335378,6.9,9.7,5.6,3.0,10.111,0.498
20250607,311645,6.9,4.2,6,2.9,10.700,0.5350
20250606,322053,6.9,9.8,5.7,3.5,10.034,0.413
20250605,330475,6.9,9.8,5.8,3.1,10.418,0.764
20250604,324476,6.9,9.7,5.8,3.0,11.088,0.816
20250603,368021,6.9,9.7,6.2,3.5,13.595,0.946
20250602,325633,7,9.4,5.4,3.6,12.305,0.947
20250601,318459,7,9.6,6.4,3.2,11.600,0.8430
20250531,319383,6.9,9.3,6.2,3.1,10.567,0.583
20250530,314492,6.9,9.5,5.9,3.1,11.193,0.7520
20250529,327212,6.9,9.2,6.3,2.6,9.252,0.613
20250528,328747,6.9,9.5,5.9,2.7,8.812,0.887
20250527,318495,6.8,9.7,5.9,3.2,9.398,0.6820
20250526,340074,6.9,8.4,5.7,2.5,8.101,0.704
20250525,330897,6.9,9.7,5.8,2.5,7.408,0.58
20250524,350639,6.9,9.2,5.7,2.5,8.532,0
20250523,331112,6.9,9.6,5.5,2.5,7.890,0.3220
20250522,339829,7.1,6.1,5.6,2.7,8.356,00.5
20250521,361432,7,9.9,5.9,2.8,8.418,0.6550
20250520,360295,6.9,9.7,5.2,2.2,7.713,0.655
20250519,380512,7,4.4,5.3,2.6,6.928,0.777
20250518,368031,7,5.6,5.0,2.5,5.642,0.6690
20250517,393728,6.8,8.4,4.7,2.6,6.928,0.665
20250516,337040,6.9,8.3,6.2,3.0,8.473,0.5970
20250515,326796,6.9,9.8,6.3,2.8,7.905,0.632
20250514,326099,7,9.5,7.2,3.2,10.514,0.6330
20250513,336794,6.8,9.6,5.6,4.0,8.085,0.567
20250512,361261,7.1,8.1,5.8,4.0,7.451,0.805
20250511,359603,7,3.3,5.6,3.0,7.654,0.892
20250510,395221,6.8,1.8,4.9,5.3.3,6.077,0.544
20250509,349890,6.8,5.1,6.1,3.8,7.349,0.593
20250508,313794,6.8,5.2,6,4.1,7.375,0.468
20250507,346601,7.1,9.5,6.1,2.6,8.247,0.559
20250506,323492,7.1,9.7,6.1,3.1,9.839,.65
20250505,307209,7,9.1,6,3.2,7.154,0.584
20250504,318462,6.9,9.8,6.1,3.3,7.466,0.487
20250503,342985,6.8,7.3,5.2,3.6,6.519,0.477
20250502,355436,6.7,9.5,4.9,3.1,6.979,0.503
20250501,322740,6.9,9.5,5.7,5.8,7.868,0.4710
20250430,313801,6.9,9.7,6,5.8,6.275,.356
20250429,314003,6.9,9.0,5.5,3.2,8.463,0.486
20250428,332865,7.1,9.5,5.7,3.8,8.848,0.625
20250427,324685,7,9.6,5.4,3.6,8.216,0.561
20250426,330799,6.9,3.2,5.4,3.3,9.081,0.514
20250425,334643,6.8,9.5,5.4,3.6,9.695,0.959
20250424,353441,7,7.5,5.0,3.5,8.053,0.584
20250423,411647,6.8,9.5,4.4,3.8,7.503,0.315
20250422,355522,7,8.8,5.4,3.5,8.676,0.352
20250421,321451,6.8,8.0,5.4,2.8,9.604,0.541
20250420,313178,6.7,7.5,5.4,3.8,8.323,0.489
20250419,332476,6.7,7.5,5.4,3.7,8.394,0.487
20250418,334612,6.8,9.6,5.6,3.9,8.286,0.465
20250417,332034,6.9,9.0,5.6,3.7,9.073,0.653
20250416,361038,6.8,9.7,5.1,3.4,8.600,0.405
20250415,354435,6.7,8.1,5,3.4,8.185,0.379
20250414,384018,6.8,9.8,4.9,4.0,7.744,0.387
20250413,393382,6.8,9.8,4.9,5.8,9.384,0.413
20250412,299193,6.8,7.8,6.1,5.4,9.801,0.519
20250411,314201,6.8,9.7,6.1,3.6,9.178,0.423
20250410,305418,6.8,9.7,5.9,3.5,9.236,0.44
20250409,308363,6.9,9.8,5.6,1.7,8.669,0.473
20250408,300465,6.8,8.2,5.6,4.9,8.534,0
20250407,322073,6.8,8.2,5.3,3.0,8.581,0.441
20250406,308624,6.8,7.5,5.6,2.8,9.316,0.504
20250405,301927,6.9,8.2,5.2,3.6,8.571,0.409
20250404,310292,6.8,9.6,5.5,3.3,10.048,0.627
20250403,309327,6.7,9.7,5.5,3.1,9.569,0.556
20250402,304830,6.8,5.4,6.3,4.2,9.665,0.481
20250401,309510,6.8,9.4,5.7,4.1,10.014,0.562
20250331,314782,6.8,9.7,5.6,4.3,9.825,0.507
20250330,314022,6.9,9.6,5.3,4.0,10.926,0.786
20250329,322787,6.8,9.5,5.6,2.1,9.715,0.3
20250328,329267,6.8,9.2,5.9,5.0,10.288,0.262
20250327,342623,6.8,9.2,5.9,6.4,10.563,0.296
20250326,326307,6.8,7.7,6.1,4.3,11.092,0.330
20250325,321430,6.8,9.7,6.1,4.2,12.095,0.413
20250324,353557,6.9,8.0,6.4,3.3,10.766,0.484
20250323,337248,6.9,9.3,6,4.7,9.439,0.343
20250322,313536,6.8,9.2,6.5,4.4,9.990,0.547
20250321,334256,6.9,9.5,6.6,4.6,8.803,0.418
20250320,330748,6.8,9.7,6.2,3.8,9.172,0.486
20250319,326879,6.7,9.8,6.2,3.8,9.144,0.291
20250318,341168,6.8,9.1,5.9,4.9,9.658,0.229
20250317,351285,6.9,9.1,5.6,2.5,9.997,0.45
20250316,392973,6.8,9.2,5.8,2.8,9.364,0.343
20250315,349031,6.9,9.2,6.2,3.6,9.811,0.347
20250314,330744,6.9,9.7,6.0,3.9,9.388,0.362
20250313,334976,6.8,9.7,6.4,2.6,10.223,0.488
20250312,326469,6.9,8.0,6.4,3.0,9.611,0.391
20250311,325803,6.9,9.8,6.3,2.9,10.408,0.419
20250310,333381,6.9,9.4,6.1,3.6,11.344,0.704
20250309,334291,6.8,9.1,6.1,3.2,11.205,0.663
20250308,325148,6.8,8.6,5.9,3.1,10.717,0.512
20250307,332983,6.9,9.8,5.7,3.5,10.485,0.458
20250306,335706,6.8,9.3,6,3.2,11.697,0.599
20250305,347614,6.9,9.9,5.4,3.3,11.442,0.38
20250304,401019,6.9,9.7,6.,4.5,12.193,0.658
20250303,394438,6.9,9.3,6.,4.6,12.180,0.532
20250302,307570,7,9.9,6.6,3.4,13.292,0.557
20250301,317356,6.9,7.5,6.8,3.4,12.700,0.608
20250228,310023,6.9,9.3,6.6,4.1,13.681,0.6
20250227,310485,7,9.8,7.2,3.9,12.809,0.57
20250226,312675,6.9,9.3,6.9,3.9,12.375,0.419
20250225,297170,6.9,9.4,7.2,4.8,13.493,0.361
20250224,305379,6.9,8.6,6.9,4.4,13.641,0.375
20250223,296487,7,9.3,6.7,4.5,12.851,0.356
20250222,299077,7,7.5,6.6,4.4,13.031,0.322
20250221,303137,6.9,9.2,6.6,4.3,12.911,0.357
20250220,301711,7,9.7,6.3,5.3,14.040,0.279
20250219,300960,6.9,9.3,6.3,3.4,12.812,0.291
20250218,300439,7,9.7,6.4,3.9,13.702,0.373
20250217,310986,6.9,8.3,6.6,3.2,11.702,0.544
20250216,305591,7,8.8,6.5,3.4,12.564,0.518
20250215,309441,7,7.4,6.3,3.5,11.090,0.49
20250214,312816,7,8.1,6.5,4.0,12.630,0.538
20250213,331283,6.9,8.8,5.9,3.5,11.793,0.408
20250212,339538,6.9,9.6,6.4,4.5,12.570,0.293
20250211,313926,7,9.3,6.5,4.0,11.784,0.278
20250210,310929,7,8.4,6.3,3.5,13.547,0.458
20250209,305239,7,8.7,6.3,3.9,12.433,0.325
20250208,302425,7,9.1,5.9,3.5,11.494,0.234
20250207,304576,6.9,9.0,6.3,4.6,11.899,0.348
20250206,307305,7,8.5,6,3.9,11.239,0.313
20250205,312562,6.9,9.3,5.6,3.9,10.307,0.304
20250204,313421,6.9,9.5,5.9,4.1,10.149,0.302
20250203,324983,6.9,9.2,5.9,3.7,11.518,0.365
20250202,327875,6.8,9.3,5.4,3.9,10.179,0.205
20250201,308853,6.9,7.7,6.1,5.9,12.371,0.308
20250131,305178,6.9,7.6,6.3,3.8,11.934,0.224
20250130,281334,6.9,8.5,6.4,3.7,13.593,0.214
20250129,307486,6.9,7.4,6.5,4.5,12.143,0.391
20250128,316920,6.9,7.5,6.4,4.0,11.924,0.413
20250127,319540,7.1,7.3,6.1,3.1,11.608,0.439
20250126,311716,7.1,6.9,5.9,3.4,10.401,0.491
20250125,306468,7,6.9,5.9,3.8,10.695,0.426
20250124,313911,6.9,7.8,5.9,3.6,10.206,0.4
20250123,302131,6.9,7.9,6,3.5,10.051,0.393
20250122,308619,6.8,7.4,6.2,3.7,9.582,0.341
20250121,306576,6.8,7.7,5.7,3.5,10.221,0.333
20250120,309127,6.9,9.0,6.8,3.0,7.996,0.616
20250119,313463,6.8,8.6,6.5,3.2,7.402,0.68
20250118,314983,6.8,7.5,6.6,3.6,8.235,0.526
20250117,307235,6.9,7.6,6.5,3.5,6.161,0.472
20250116,302421,6.9,8.4,6.7,3.2,6.024,0.639
20250115,307838,6.9,8.2,6,3.8,5.805,0.57
20250114,313428,7.1,7.7,5.8,3.8,8.257,0.561
20250113,317186,6.9,8.7,5.7,3.3,7.275,0.665
20250112,311703,6.8,8.3,5.6,3.7,7.593,0.834
20250111,313465,6.9,8.4,5.6,3.5,6.867,0.571
20250110,318324,6.9,9.5,5.3,3.5,6.425,0.402
20250109,300908,6.9,6.1,5.1,3.8,5.303,0.421
20250108,304418,6.8,5.4,4.9,3.5,6.619,0.408
20250107,301677,6.8,8.6,5,3.1,5.844,0.309
20250106,313989,6.9,5.2,5.2,2.8,8.171,0.583
20250105,304026,6.8,5.2,5.2,2.5,8.253,0.642
20250104,313060,6.9,3.4,4.6,2.6,5.969,0.38
20250103,303346,6.8,6.0,4.8,2.8,7.353,0.393
20250102,308720,6.9,8.1,5.2,2.4,7.086,0.42
20250101,300967,6.8,9.3,5.3,2.6,7.069,0.4120
20241231,299706,6.8,9.8,5.2,3.3,7.099,0.412
20241230,310566,6.8,9.8,5.3,3.4,9.009,0.454
20241229,314452,6.9,9.6,5.7,2.9,9.469,0.624
20241228,305900,6.9,9.2,5.2,2.8,6.777,0.392
20241227,309688,6.9,9.3,4.9,2.7,6.827,0.365
20241226,304042,6.8,9.3,5.6,2.6,8.149,0.574
20241225,314459,6.8,9.9,5.2,2.7,8.541,0.429
20241224,317066,6.8,9.3,5,2.9,7.884,0.435
20241223,312887,6.9,8.5,4.6,2.6,8.038,0.638
20241222,319980,6.8,8.6,4.5,2.7,8.283,0.545
20241221,325309,6.8,9.2,4.4,3.2,9.173,0.396
20241220,319924,6.8,9.3,4,3.3,8.876,0.239
20241219,299538,6.8,9.1,3.9,3.3,5.400,0.235
20241218,315960,6.9,9.8,4.1,2.9,9.352,0.255
20241217,314843,6.9,8.6,3.9,2.8,8.566,0.303
20241216,328307,6.8,8.9,4,2.8,10.648,0.334
20241215,312505,6.7,7.6,4,3.2,9.613,0.282
20241214,325786,6.8,4.7,4.1,3.0,7.967,0.332
20241213,321192,6.8,3.9,4.2,3.2,9.241,0.347
20241212,328688,6.7,8.8,4.7,3.2,9.629,0.365
20241211,314920,6.8,8.6,4.3,3.0,7.972,0.367
20241210,328762,6.8,8.8,4.1,3.4,10.574,0.362
20241209,326978,6.7,6.1,4.2,2.9,9.733,0.429
20241208,323837,6.8,7.1,4.2,3.2,10.080,0.534
20241207,320400,6.8,4.1,4,2.9,8.520,0.459
20241206,327547,6.8,4.7,4,2.9,8.300,0.399
20241205,325402,6.8,7.3,4,3.0,8.460,0.435
20241204,331828,6.8,8.9,4.2,2.9,9.580,0.403
20241203,332239,6.8,5.0,4.2,3.3,9.100,0.493
20241202,344971,6.7,7.2,4.1,3.1,9.096,0.646
20241201,327518,6.8,5.3,4,2.9,10.420,0.732
20241130,343561,6.8,6.2,4,3.1,8.920,0.680
20241129,327750,6.8,7.0,4,5.3,7.770,0.647
20241128,357803,6.9,7.3,4,3.2,8.456,0.617
20241127,362570,6.8,7.5,3.9,3.3,8.800,0.384
20241126,356074,6.8,8.5,4.1,5.1,11.350,0.466
20241125,331094,6.4,8.5,3.8,3.0,5.876,0.674
20241124,326675,6.5,9.6,4,3.1,10.880,0.483
20241123,342603,6.6,5.9,4,3.1,8.100,0.389
20241122,331606,6.7,8.2,3.9,3.2,9.690,0.351
20241121,333279,6.8,9.0,3.7,3.2,7.850,0.306
20241120,334001,6.800,8.7,4.1,2.7,12.903,0.322
20241119,335781,6.8,8.1,4.2,2.9,10.910,0.307
20241118,338326,6.8,9.6,3.7,2.6,8.990,0.287
20241117,340332,6.7,7.3,3.8,3.2,9.020,0.423
20241116,345693,6.8,7.2,3.8,2.8,11.720,0.386
20241115,339998,6.7,7.4,3.9,3.1,8.890,0.342
20241114,348137,6.8,9.4,2.8,3.1,7.580,0.318
20241113,347282,6.8,7.5,2.8,3.0,7.790,0.458
20241112,351424,6.7,7.1,2.8,3.2,7.820,0.478
20241111,369146,6.7,9.1,2.8,3.3,8.820,0.650
20241110,358770,6.6,9.3,3.0,3.2,8.800,0.658
20241109,368539,6.6,9.7,2.9,3.0,7.260,0.651
20241108,381641,6.8,7.3,2.4,3.5,7.840,0.605
20241107,384030,6.7,7.3,3.3,3.2,8.150,0.590
20241106,396055,6.7,8.5,3.5,3.4,8.270,0.845
20241105,410767,6.8,5.3,3.7,4.4,8.540,0.775
20241104,427167,6.8,5.7,4.2,3.2,7.410,0.461
20241103,416606,6.7,5.8,3.6,4.7,6.710,0.373
20241102,422583,6.8,5.9,2.7,2.7,7.060,0.322
20241101,386700,6.8,5.7,5.1,3.5,8.710,0.539
20241031,364293,6.6,5.5,5.6,3.7,8.290,0.795
20241030,367492,6.7,5.4,4.6,2.6,7.000,0.582
20241029,370087,6.7,5.3,5.1,3.0,8.370,0.559
20241028,380998,6.8,7.5,5,2.9,8.770,0.562
20241027,374345,6.7,5.6,4.7,2.8,8.480,.502
20241026,389732,6.8,7.6,4.8,3.2,7.780,0.609
20241025,396918,6.6,7.8,4.8,3.2,8.540,0.434
20241024,388985,6.5,7.5,3.7,3.0,6.940,0.499
20241023,331497,6.7,6.4,3.4,2.6,5.760,0.530
20241022,409914,6.6,9.4,4.1,3.8,8.700,0.520
20241021,399369,6.7,3.6,4.9,3.1,6.726,0.684
20241020,418830,6.7,3.1,4.4,2.9,6.220,0.584
20241019,406300,6.6,5.8,4,3.1,5.890,0.459
20241018,381677,6.7,7.4,4.8,3.7,7.640,0.439
20241017,403275,6.6,7.6,3.7,2.3,6.230,0.648
20241016,411312,6.6,9.4,4.5,2.9,5.280,0.445
20241015,417933,6.8,7.9,4.4,2.7,7.320,0.387
20241014,344477,6.7,7.2,5.5,3.1,5.323,0.537
20241013,346369,6.8,7.6,5.9,3.1,4.930,0.61
20241012,356205,6.7,5.8,5.3,3.3,6.150,0.449
20241011,357687,6.7,8.9,5.3,3.2,5.970,0.376
20241010,358708,6.7,9.0,5.2,3.2,7.560,0.080
20241009,361423,6.7,8.5,4.7,3.1,6.970,0.496
20241008,385503,6.7,8.2,5,3.1,5.300,0.365
20241007,393311,6.7,8.8,5.8,4.4,7.930,0.498
20241006,339901,6.7,7.9,4.9,4.7,5.910,00.675
20241005,344331,6.8,5.9,5.5,6.1,6.950,0.88
20241004,392008,6.8,6.4,5.3,4.2,7.740,0.551
20241003,346559,6.8,6.6,5,3.5,6.820,0.470
20241002,347524,6.7,8.7,5.2,3.2,7.910,0.643
20241001,356299,6.9,7.9,5.3,3.1,8.470,00.592
20240930,362868,6.7,7.0,5,3.3,7.383,0.645
20240929,363119,6.7,7.1,5,2.9,7.810,0.726
20240928,371634,6.8,8.3,4.7,3.0,7.790,0.640
20240927,367630,6.8,7.4,4.5,2.8,4.526,00.576
20240926,400378,6.7,7.3,4.3,2.8,7.070,0.450
20240925,395515,5.7,7.6,4.3,3,7.020,0.511
20240924,405961,6.7,8.7,3.6,2.9,6.830,0.295
20240923,423595,6.8,8.9,3,2.8,5.836,0.371
20240922,421682,6.8,6.2,2.1,2.5,4.530,0.292
20240921,429774,6.8,6.2,4.8,3.1,7.310,0.272
20240920,361155,6.8,7.1,4.5,2.7,11.080,0.292
20240919,344642,6.8,8.9,4.3,2.5,9.280,0.263
20240918,348130,6.7,7.5,4.3,2.7,10.520,0.215
20240917,334988,6.6,5.2,5.1,3.7,10.500,0.405
20240916,377521,6.7,8.9,5.3,1.8,11.910,0.451
20240915,344938,6.8,8.3,5.6,7.0,10.740,0.671
20240914,362718,6.8,7.1,5.8,3.2,9.060,0.760
20240913,358500,6.8,5.6,1.1,3.1,8.180,0.399
20240912,361778,6.8,5.6,1.1,3.0,6.216,0.454
20240911,373436,6.7,7.2,1.1,3.1,5.730,0.502
20240910,347097,6.7,7.0,1.1,3.0,7.640,0.3180
20240909,334522,6.8,6.9,1.1,2.9,7.980,0.530
20240908,353449,6.8,5.8,1.1,3.0,9.240,0.621
20240907,346453,6.8,6.7,1.1,5.2,9.790,0.542
20240906,336549,6.7,6.1,1.1,3.3,9.000,00.567
20240905,356876,6.9,7.0,1.1,2.7,8.460,0.411
20240904,349549,6.8,4.8,1.1,3.0,8.510,0.307
20240903,337665,6.9,5.3,1.1,3.1,8.820,0.3390
20240902,348147,6.8,6.3,1.1,3.6,8.346,0.467
20240901,347523,6.7,5.8,4.2,3.4,8.050,0.4210
20240831,360441,6.7,6.0,4.9,3.4,7.270,0.430
20240830,390110,6.8,6.6,4.7,3.3,7.670,0.397
20240829,412584,6.8,5.9,4.4,2.6,8.920,0.479
20240828,364347,6.7,3.3,4.9,2.5,7.610,0.294
20240827,350093,6.8,4.1,4.3,2.8,8.830,0.355
20240826,362029,6.6,5.0,5,3.1,10.630,0.294
20240825,346655,6.6,7.1,0.6,1.5,2.156,0.156
20240824,361668,6.7,6.5,4.6,2.6,6.840,0.373
20240823,389924,6.7,8.2,4.6,3.2,7.930,0.393
20240822,392555,6.6,5.6,4.4,2.9,4.126,0.559
20240821,427739,6.8,8.1,3.9,2.8,4.700,0.326
20240820,429611,6.7,8.5,5.4,3.2,2.663,0.441
20240819,351046,6.9,7.9,4.8,3.2,9.116,0.408
20240818,337645,6.9,6.9,4.9,3.4,8.920,0.367
20240817,348379,6.9,8.1,4.4,3.5,8.010,0.3050
20240816,338723,6.8,6.8,5,2.8,8.660,0.359
20240815,334127,6.8,6.4,4.8,3.2,7.180,0.329
20240814,346091,6.8,7.1,4.9,2.9,8.320,0.285
20240813,347608,6.7,6.3,4.8,2.9,8.960,0.3030
20240812,345616,6.8,6.1,5.2,2.8,8.540,0.411
20240811,347927,6.8,9.0,4.7,2.8,8.150,0.565
20240810,356684,6.7,8.8,4.9,3.7,8.390,0.468
20240809,364070,6.8,8.8,5.1,3.7,11.506,0.324
20240808,389624,6.8,8.6,5,3.3,8.500,0.470
20240807,387366,6.7,9.0,5.4,3.0,9.000,0.482
20240806,360268,6.8,8.0,4.7,3.0,8.930,0.3600
20240805,362525,6.7,6.9,5.2,3.3,8.500,0.425
20240804,368717,6.8,7.3,4.9,3.3,9.310,0.598
20240803,374986,6.7,3.7,4.6,3.1,9.400,0.519
20240802,368246,6.8,4.1,4.6,2.9,9.420,0.386
20240801,368201,6.8,3.9,4.7,3.9,9.080,0.4360
20240731,372017,6.7,3.8,4.7,3.3,9.940,0.391
20240730,380368,6.7,6.6,4.4,3.7,8.320,0.4480
20240729,405530,6.7,9.4,4.8,3.1,7.853,0.693
20240728,433741,6.6,8.5,4.1,3.0,6.040,0.680
20240727,400724,6.6,4.8,3.8,2.8,5.580,0.492
20240726,406225,6.6,4.2,4.2,1.6,7.306,0.402
20240725,396670,6.7,5.2,4,1.6,7.306,0.402
20240724,413013,6.7,5.6,4.8,1.6,7.306,0.402
20240723,393890,6.7,3.7,4.5,1.6,7.306,0.4020
20240722,393066,6.6,5.4,5.3,1.6,7.306,0.402
20240721,405832,6.6,5.0,4.3,1.6,7.306,0.402
20240720,405552,6.6,5.2,3.9,1.4,5.890,0.465
20240719,410542,6.6,5.6,4.2,1.6,7.370,0.416
20240718,412524,6.4,6.3,3.9,1.0,4.210,0.831
20240717,419178,6.5,4.8,2.7,1.3,4.220,0.810
20240716,423071,6.6,2.1,3.3,1.4,4.490,0.680
20240715,422299,6.8,1.1,3.3,1.0,3.410,00.456
20240714,424384,6.7,1.0,5.1,1.4,7.450,0.784
20240713,384476,6.7,1.7,4.6,1.4,5.790,0.855
20240712,408887,6.7,2.8,4.7,1.4,5.150,0.731
20240711,425837,6.6,2.2,4.4,1.2,4.810,0.636
20240710,441607,6.7,1.0,5.4,1.4,6.830,00.608
20240709,374574,6.7,2.1,4.9,1.5,5.190,0.473
20240708,367126,6.8,2.6,5.4,1.5,6.110,0.748
20240707,381548,6.7,1.0,5.1,1.5,4.520,0.727
20240706,380901,6.7,1.9,5.5,1.5,5.150,0.681
20240705,390235,6.8,3.4,4.7,1.6,5.100,1.133
20240704,423200,6.8,4.5,4.7,1.2,5.033,0.736
20240703,414171,6.6,3.4,3.7,1.1,4.430,0.684
20240702,420477,6.7,7.0,4.5,1.5,5.900,0.708
20240701,408675,6.5,5.4,4.2,1.1,4.430,0
20240630,416415,6.6,7.1,4.2,1.1,5.100,0.455
20240629,353485,6.8,8.9,6.2,1.4,5.150,0.535
20240628,333596,6.7,8.6,5.7,1.4,6.770,0.531
20240627,337775,6.8,8.5,5.6,1.6,6.340,0.430
20240626,331931,6.7,8.3,5.4,1.6,5.730,0.485
20240625,341952,6.7,8.5,5.4,2.0,5.930,0.464
20240624,375008,6.9,8.0,4.5,1.0,5.910,0.485
20240623,374583,6.6,8.5,5.3,1.5,8.150,0.348
20240622,356088,6.8,8.3,6.6,1.9,8.150,0.318
20240621,332494,6.7,7.8,7.0,2.1,8.150,0.3680
20240620,327638,6.8,8.2,7.1,2.7,10.541,0
20240619,321707,6.7,8.1,7.1,2.1,10.930,00.551
20240618,339275,6.7,8.5,7.2,2.1,9.907,0.553
20240617,337904,6.8,8.6,6.7,2.2,9.960,0.589
20240616,344418,6.7,8.1,7.4,1.8,9.221,0.919
20240615,338166,6.8,8.5,7,2.2,10.406,0.6270
20240614,331228,6.8,8.0,7.5,2.1,10.608,0.4
20240613,337037,6.8,8.3,7.9,2.0,9.240,0.628
20240612,329883,6.8,8.4,7.3,2.0,8.875,0.561
20240611,345281,6.7,8.0,7.5,2.1,9.408,0.4460
20240610,341774,6.8,8.0,7.1,1.7,8.150,0.432
20240609,369318,6.7,8.8,6.5,1.5,8.370,0.285
20240608,326660,6.8,8.6,6.9,1.7,11.490,0.3460
20240607,315387,6.9,8.7,7.7,1.9,9.816,0.612
20240606,324003,6.8,8.7,8.2,1.8,9.030,0.366
20240605,317331,6.8,8.2,8.9,1.7,8.300,0.289
20240604,324059,6.8,8.3,7.9,1.9,9.110,0.2890
20240603,333797,7,8.5,7.8,2.8,10.596,0.372
20240602,323661,6.9,7.8,7.5,1.8,10.110,0.319
20240601,336351,6.8,8.6,7.5,1.7,8.570,0.2080
20240531,321100,6.9,8.7,7.4,1.5,10.540,0.1860
20240530,327547,6.8,8.6,7.6,1.4,9.070,0.215
20240529,331192,6.8,8.5,7.3,1.9,7.920,0.217
20240528,346418,7.0,8.2,6.6,1.6,5.290,0.279
20240527,399119,7,8.7,6.8,2.2,10.170,0.485
20240526,333064,7,8.5,8.5,2.4,8.160,0.331
20240525,336897,6.8,8.5,7.1,2.5,7.100,0.2950
20240524,342044,6.8,7.8,7.6,2.5,9.900,0.5740
20240523,340361,6.9,7.9,7.6,2.0,6.890,0.4850
20240522,342984,6.9,8.5,7.3,2.1,7.390,0.425
20240521,338302,7.0,8.1,7.1,2.7,12.663,0.48
20240520,369284,7,8.2,7.0,2.3,7.910,0.617
20240519,357330,6.9,7.8,6.6,2.2,5.950,0.542
20240518,360572,6.8,7.7,5.9,2.3,5.310,0.343
20240517,368234,6.7,8.3,5.8,2.2,6.370,0.3330
20240516,376746,6.9,7.6,5.3,2.2,7.140,0.562
20240515,374105,6.9,8.0,5.2,1.7,5.390,0.462
20240514,392292,6.8,8.2,5.1,2.1,3.760,0.4450
20240513,401027,6.9,7.3,5.0,2.0,4.030,0.455
20240512,418654,6.9,8.5,4.5,2.3,6.570,0.754
20240511,394998,6.8,8.8,4.5,1.9,4.170,0.654
20240510,413519,6.6,8.1,4.4,2.1,4.470,0.5130
20240509,410063,6.8,8.3,4.4,2.9,3.873,0.5630
20240508,425583,6.6,8.3,3.9,2.4,3.540,0.4310
20240507,381904,6.8,8.6,3.5,2.0,1.886,0.3640
20240506,352877,6.9,8.1,3.4,1.8,2.720,0.34
20240505,348467,6.8,8.0,5.8,2.7,4.930,0.54
20240504,340744,6.8,8.2,5.5,2.6,4.800,0.516
20240503,350915,6.8,8.5,5.6,2.3,6.470,0.605
20240502,355082,6.7,8.2,5.6,2.0,6.176,0.541
20240501,368361,6.7,8.0,4.5,1.5,4.420,0.347
20240430,378803,6.6,8.1,4.1,1.2,3.300,0.2430
20240429,372603,6.8,7.9,6.2,2.4,7.286,0.605
20240428,357159,6.8,8.5,5.8,2.0,5.270,0.689
20240427,358826,6.7,8.7,5.9,2.1,6.020,0.6630
20240426,364671,6.7,8.6,6,2.1,5.880,0.803
20240425,367514,6.7,8.3,5.4,2.3,4.920,0.5880
20240424,353271,6.7,8.3,4.9,1.9,5.080,0.3940
20240423,376223,6.7,8.4,5,2.4,5.780,0.3130
20240422,372237,6.9,8.3,3.4,2.2,6.750,0.747
20240421,406042,6.9,8.9,3.3,1.9,6.350,0.484
20240420,374045,6.8,9.0,4.1,4.3,10.086,0.7120
20240419,369116,6.7,8.9,3.6,2.8,6.760,0.4580
20240418,361103,6.9,8.5,3.9,4.0,7.420,0.596
20240417,386011,6.9,8.4,3.8,2.3,6.690,0.452
20240416,396303,6.7,8.0,3.4,2.2,6.190,0.2680
20240415,364022,6.9,8.5,4.8,2.3,8.916,0.862
20240414,358686,6.9,8.2,4.6,3.0,8.510,0.922
20240413,364248,6.8,8.2,4.4,3.8,7.960,0.857
20240412,361847,6.7,8.6,4.3,4.5,9.220,0.6320
20240411,369477,6.8,8.4,4.1,3.2,7.840,0.8320
20240410,369596,6.7,8.0,3.9,2.5,6.800,0.590
20240409,386332,6.7,7.4,4.7,3.1,9.393,0.606
20240408,383639,6.6,7.2,4.7,2.6,8.676,0.9780
20240407,405730,6.6,8.3,4,2.0,7.460,0.905
20240406,420603,6.6,8.4,4,1.8,8.170,0.6860
20240405,409415,6.6,8.0,4.3,2.2,6.950,0.5010
20240404,407150,6.5,8.2,2.9,2.2,5.103,0.4010
20240403,397552,6.7,7.7,4.3,2.9,8.610,0.7420
20240402,367769,6.6,8.7,4.6,2.9,8.380,0.6370
20240401,374116,6.8,8.3,4.5,2.6,8.476,0.743
20240331,362077,6.8,8.0,4.5,2.3,7.990,0.462
20240330,370627,6.6,8.4,4,2.9,7.100,0.3920
20240329,357771,6.5,8.7,3.8,2.7,6.570,0.268
20240328,347715,6.9,8.8,5,2.6,6.820,0.651
20240327,363315,6.7,8.5,4.9,3.3,5.630,0.5980
20240326,354637,6.7,8.3,4.5,3.6,8.136,0.372
20240325,338053,6.9,8.2,5.5,2.5,8.143,0.3690
20240324,334282,6.9,8.0,5.9,2.7,9.340,0.631
20240323,375385,6.8,8.2,6.1,2.8,9.940,0.7840
20240322,332392,6.7,8.2,5.8,2.4,9.760,0.4550
20240321,336591,6.9,8.3,6,2.3,9.283,0.53
20240320,334204,6.9,8.5,6,2.5,10.280,0.520
20240319,326790,6.8,8.2,5.7,3.1,9.750,0.5360
20240318,345501,6.9,8.4,6.5,3.2,10.903,0.672
20240317,329449,6.9,7.8,7.3,4.1,10.830,0.941
20240316,330303,6.8,7.9,6.3,2.7,8.930,0.5450
20240315,329457,6.7,8.0,6,2.7,8.960,0.6080
20240314,341734,6.9,8.1,6.3,3.3,8.980,0.586
20240313,350505,6.8,7.8,6.2,4.1,8.690,0.3360
20240312,346426,6.8,8.3,6.5,3.7,10.810,0.405
20240311,344098,7,7.3,6.6,3.6,9.573,0.612
20240310,335788,7,7.5,6.6,2.8,8.090,0.49
20240309,338277,7,8.2,6.4,3.2,7.290,0.3290
20240308,344466,6.3,7.9,6.5,4.0,8.420,0.3880
20240307,356089,7.0,7.6,6.7,2.9,7.713,0.401
20240306,379873,6.9,7.2,6,3.9,6.990,0.249
20240305,384260,6.8,8.2,7,3.8,11.410,0.7710
20240304,347174,7,7.8,7.1,3.0,9.723,0.810
20240303,341682,6.9,8.5,6.9,3.4,7.910,0.611
20240302,328854,6.9,8.0,6.7,2.9,7.320,0.538
20240301,356935,6.6,8.5,6.2,2.9,6.740,0.2990
20240229,346824,6.8,7.5,6.9,2.9,9.153,0.4480
20240228,339807,6.8,7.3,6.8,3.1,7.830,0.4030
20240227,311959,7,7.7,6.8,3.5,4.566,0.5330
20240226,371251,6.9,7.9,6.6,2.9,7.230,0.585
20240225,393022,6.8,7.2,6.2,2.9,8.030,0.654
20240224,372238,6.8,7.6,6.3,3.2,6.880,0.4750
20240223,374468,6.8,8.4,6.1,3.1,6.940,0.3340
20240222,388708,7,7.9,6.1,3.0,6.620,0.2680
20240221,395891,6.8,8.2,5.9,2.4,6.780,0.1870
20240220,393469,6.6,8.0,5,1.9,3.600,0.1510
20240219,378770,7.1,8.2,7.5,3.8,13.300,0.58
20240218,333060,7.1,8.5,7.9,2.7,11.570,0.401
20240217,335350,7,8.2,8,2.5,10.320,0.314
20240216,342813,6.9,8.8,8.4,3.2,9.030,0.3060
20240215,385617,7,8.3,8.3,3.8,10.106,0.3030
20240214,347126,6.8,8.8,9.4,2.9,11.040,0.2360
20240213,347864,7.1,8.4,9.3,2.9,12.260,0.482
20240212,338408,7.1,8.5,8.5,2.8,12.090,0.438
20240211,314106,7.1,7.7,8.3,2.7,12.660,0.435
20240210,358354,7,8.3,7.9,3.8,10.590,0.785
20240209,362542,6.8,8.6,7.9,3.5,8.710,0.485
20240208,369732,6.9,7.9,7.5,3.4,8.490,0.3750
20240207,370814,6.9,8.6,7.3,2.7,8.160,0.2520
20240206,382106,6.8,7.8,6,2.8,6.070,0.1480
20240205,386414,7.1,7.6,7.4,3.4,10.140,0.695
20240204,351792,7.0,8.3,7.5,3.6,9.940,0.595
20240203,332283,7.0,8.5,7.6,2.6,9.420,0.4570
20240202,333657,6.9,7.9,7.7,2.4,11.060,0.586
20240201,327941,7,7.9,9.5,2.1,10.053,0.8260
20240131,316128,7,8.0,9.3,3.0,8.660,0.5760
20240130,324553,6.8,7.9,9.1,2.2,8.020,0.4670
20240129,331499,7,7.7,12.4,2.6,9.156,0.7130
20240128,327195,7,7.5,11.2,2.2,9.610,0.777
20240127,324715,6.9,7.6,10.9,2.0,9.700,0.6090
20240126,333158,6.8,7.3,10.2,2.2,9.760,0.5440
20240125,329184,7,7.7,9.2,2.0,8.430,0.4910
20240124,327706,6.9,7.4,9.3,2.6,7.190,0.435
20240123,337563,6.8,9.3,8.7,2.1,7.100,0.436
20240122,358019,6.8,9.1,8.5,2.2,5.066,0.358
20240121,400926,6.7,8.7,6.9,1.9,4.470,0.301
20240120,378358,6.8,8.7,9.3,2.5,5.110,0.4070
20240119,383584,6.7,9.3,8.4,2.0,4.650,0.274
20240118,354306,6.8,9.5,9.3,2.1,7.976,0.4270
20240117,339941,6.6,8.5,9.2,2.0,7.800,0.3280
20240116,331557,6.3,9.0,9.2,2.0,6.060,0.242
20240115,336997,7,9.4,9.5,2.0,6.680,0.5030
20240114,345478,6.9,8.9,9.5,2.2,7.760,0.432
20240113,326404,6.7,9.1,9.5,2.9,5.040,0.406
20240112,334475,6.6,9.1,9.9,2.2,6.350,0.3690
20240111,338928,6.7,8.4,10.4,1.9,7.036,0.402
20240110,395376,6.8,8.7,10.2,2.9,8.110,0.425
20240109,332255,6.8,9.1,10.1,1.8,6.710,0.292
20240108,336256,7.0,9.0,9.5,1.7,6.710,0.3680
20240107,336638,6.9,9.3,10,1.8,5.250,0.401
20240106,332914,6.6,8.9,10.2,1.7,5.630,0
20240105,328785,6.7,8.8,9.5,1.8,5.480,0.3110
20240104,339477,6.5,9.3,8.7,1.8,6.643,0.267
20240103,332062,6.7,9.2,8.1,1.8,6.970,0.2410
20240102,340370,7.0,9.5,8.8,2.1,6.595,0.4370
20240101,339239,7.0,8.2,8.8,2.0,8.010,0.5060
20231231,361389,7,8.3,9.0,3.5,3.860,0.726
20231230,359471,6.7,8.8,8.7,2.1,7.300,0.683
20231229,337266,6.7,8.6,8.6,2.0,6.160,0.629
20231228,343664,6.8,8.7,8.6,2.1,5.400,0.4890
20231227,356313,6.8,8.1,8.1,1.9,4.820,0.3520
20231226,360741,6.8,9.0,10.2,2.2,5.760,0.630
20231225,360329,6.7,9.0,10.1,2.4,4.850,0.696
20231224,355196,6.8,8.5,9.5,2.2,6.660,0.546
20231223,350225,6.8,8.9,9.1,2.1,5.220,0.4470
20231222,353243,6.8,8.5,8.2,2.1,5.920,0.3940
20231221,369294,6.8,7.4,7.4,2.0,5.836,0.3630
20231220,364228,6.8,4.8,7.3,2.9,5.540,0.3510
20231219,373195,6.8,9.2,7,2.1,6.790,0.3650
20231218,350278,6.8,8.5,7,2.0,10.126,0.402
20231217,363145,6.7,8.6,5.2,2.2,10.880,0.302
20231216,427616,6.6,8.8,5.1,3.0,9.220,0.240
20231215,415210,6.7,9.0,6.4,2.8,9.390,0.2230
20231214,356331,7,9.0,8.2,2.5,9.573,0.3390
20231213,339508,6.9,9.0,7.9,3.1,8.530,0.298
20231212,369622,6.8,9.3,7.2,1.8,7.990,0.3130
20231211,381254,6.9,8.7,9.3,5.4,11.113,0.5680
20231210,333395,6.9,8.3,8.3,3.0,9.420,0.971
20231209,336308,6.8,8.9,8.5,2.6,9.440,0.562
20231208,328810,6.8,9.0,8.2,2.9,9.190,0.288
20231207,343451,6.8,9.0,8.2,2.7,10.146,0.241
20231206,320408,6.7,9.3,8,2.2,8.360,0.2680
20231205,313788,6.9,9.1,9,2.4,9.373,0.2340
20231204,344655,6.8,8.8,8.7,1.9,6.030,0.275
20231203,338531,6.7,9.1,8.7,1.9,4.590,0.288
20231202,338314,6.8,8.9,8.2,1.9,4.970,0.1580
20231201,313519,6.8,8.8,9.6,1.8,8.223,0.1960
20231130,323484,6.8,9.0,9.4,1.5,4.650,0.2370
20231129,320668,6.8,8.9,9.3,1.7,3.260,0.25
20231128,312533,6.7,8.7,9,1.9,4.470,0.2206.7
20231127,322745,6.9,9.1,9.7,2.7,6.036,0.261
20231126,318337,6.7,8.9,9.1,2.8,5.190,0.233
20231125,317225,6.6,8.7,8.8,2.7,5.200,0.269
20231124,311427,6.7,8.6,8.4,2.8,7.500,0.271
20231123,338563,6.7,8.5,8.5,2.4,6.740,0.637
20231122,323654,6.7,8.8,8.1,2.4,5.500,0.504
20231121,328015,6.6,8.6,8.1,2.3,5.790,0.5090
20231120,342810,6.7,6.9,8.4,2.8,5.283,00.773
20231119,331360,6.6,8.8,8,2.9,6.580,0.651
20231118,332040,6.5,8.7,13.3,2.8,6.680,0.4470
20231117,373497,6.7,8.8,7.9,2.5,9.763,0.4670
20231116,349253,6.7,8.9,7.8,2.2,5.780,0.588
20231115,328965,6.6,8.6,7.2,1.7,5.040,0.470
20231114,328986,6.8,8.4,7.1,2.5,10.020,0.5970
20231113,334867,6.8,7.9,6.7,1.7,6.050,0.627
20231112,340827,6.8,7.0,7,1.8,5.620,0.609
20231111,339862,6.7,7.4,6.8,1.5,4.940,0.530
20231110,344839,6.6,8.8,6.8,1.6,5.920,0.481
20231109,335205,6.8,8.8,7.8,1.7,4.683,0.6720
20231108,336238,6.7,8.7,6.6,1.4,4.230,0.4080
20231107,345035,6.6,8.9,6.2,1.7,2.740,0.3
20231106,448935,6.8,8.8,7.3,2.7,7.013,0.855
20231105,326963,6.8,8.7,6.7,1.7,2.750,0.57
20231104,342649,6.7,8.9,7,1.9,3.230,0.6210
20231103,345654,6.6,8.8,6.9,1.3,3.730,00.544
20231102,332382,6.8,8.8,7.0,1.8,3.093,0.81
20231101,343113,6.8,9.0,7.1,1.9,4.300,0.7320
20231031,337785,6.7,9.2,7,1.7,3.100,0.550
20231030,337646,6.8,8.6,6.9,1.9,1.686,0.608
20231029,341549,6.8,8.1,6.9,1.8,2.600,0.638
20231028,338636,6.7,8.8,7.1,1.8,1.560,0.4850
20231027,348697,6.7,8.8,7.3,1.9,3.790,0.390
20231026,346269,6.8,8.8,6.8,2.1,1.513,0.447
20231025,346361,6.7,8.9,7.0,2.0,2.070,0.2070
20231024,318316,6.8,8.8,6.8,2.0,3.590,0.549
20231023,356878,6.8,9.1,7,1.9,6.070,0.554
20231022,339029,6.7,8.9,6.9,2.4,6.040,0.624
20231021,344545,6.6,8.8,7.1,2.3,3.040,0.6660
20231020,350674,6.7,8.8,7.2,2.0,6.900,0.5830
20231019,351539,6.6,8.8,7.2,1.9,6.136,0.659
20231018,342556,6.6,8.7,7.3,2.0,5.910,0.580
20231017,349729,6.6,8.7,7.1,1.9,6.850,0.4760
20231016,360254,6.7,8.6,6.5,2.1,5.803,.592
20231015,350760,6.8,8.5,6.5,2.2,7.240,0.684
20231014,350174,6.7,8.5,6.4,2.1,8.040,0.5880
20231013,347385,6.7,8.9,5.98,2.0,8.650,0.6850
20231012,348875,6.6,8.8,6.1,1.7,8.181,0.7020
20231011,345508,6.7,8.9,6,1.8,8.299,0.648
20231010,346677,6.9,8.9,5.8,1.8,9.038,0.631
20231009,352460,6.9,8.7,5.6,1.8,8.174,0.629
20231008,336254,6.8,8.7,5.8,1.9,9.614,0.488
20231007,352366,6.7,8.5,5.8,1.9,10.454,0.4650
20231006,347182,6.7,8.6,5.8,1.9,8.726,0.348
20231005,369815,6.8,8.4,5.6,2.1,9.922,0.345
20231004,364162,6.8,8.6,5.4,2.4,10.565,0.273
20231003,371880,6.8,8.5,5.2,2.0,9.259,0.255
20231002,370440,6.7,8.0,5.1,2.3,9.106,0.232
20231001,379986,6.7,8.3,5,2.4,9.557,0.2640
20230930,389012,6.6,8.2,5.3,2.1,10.272,0.482
20230929,415165,6.7,7.5,5.3,2.3,9.106,0.441
20230928,423985,6.8,7.5,5.5,2.3,7.853,0.730
20230927,431619,6.8,6.7,5,1.9,7.987,00.530
20230926,448014,6.7,5.4,4.7,2.0,7.411,0.456
20230925,433405,6.7,8.1,4.8,2.0,2.680,0.5540
20230924,446065,6.6,7.8,4.5,1.8,3.170,0.377
20230923,454276,6.7,7.4,4.3,1.8,3.530,0.3440
20230922,456871,6.7,6.8,4.1,1.5,3.283,0.479
20230921,457515,6.7,8.1,3.9,1.6,4.480,0.301
20230920,442885,6.7,7.7,4.3,1.6,3.430,0.2740
20230919,444862,6.6,8.3,4,1.6,1.520,0.2880
20230918,463358,6.6,8.1,3.6,1.3,3.990,0.289
20230917,491352,6.6,8.6,3.6,1.1,6.090,0.206
20230916,419989,6.6,8.2,4.8,1.8,7.290,0.151
20230915,423959,6.6,7.9,4.8,1.6,5.420,0.122
20230914,448509,6.7,7.7,5,1.8,6.596,0.203
20230913,388799,6.7,8.1,5.2,1.8,10.430,0.178
20230912,382897,6.7,7.6,5.4,2.9,9.300,0.469
20230911,385036,6.8,7.8,4.1,1.7,9.366,0.297
20230910,384824,6.7,7.5,4,2.0,9.360,0.424
20230909,391076,6.7,8.3,3.8,1.8,9.040,0.384
20230908,405349,6.7,7.6,3.7,1.7,7.680,0.3130
20230907,419229,6.7,7.1,3.7,1.7,7.603,0.4290
20230906,416147,6.7,7.8,3.5,1.6,7.500,0.259
20230905,414987,6.6,8.5,3.4,1.5,6.590,0.2770
20230904,409303,6.6,8.4,3.2,1.7,6.123,0.424
20230903,423796,6.7,8.6,3.1,1.4,5.360,0.412
20230902,429821,6.6,8.8,2.9,1.5,5.000,0.3890
20230901,440949,6.6,8.8,3.2,1.5,8.600,0.024
20230831,436850,6.7,8.4,3.6,1.9,9.510,0.2280
20230830,435808,6.7,8.8,3.8,1.7,8.990,0.2180
20230829,406911,6.6,8.4,4.2,1.8,9.300,0.216
20230828,404224,6.7,7.1,4.1,2.3,7.600,0.386
20230827,418391,6.6,8.8,4.3,1.6,7.970,0.313
20230826,397708,6.6,8.5,4,1.5,7.850,0.222
20230825,399142,6.5,8.6,3.7,1.4,6.510,0.1410
20230824,399849,6.8,8.4,5,3.3,8.996,0.464
20230823,392033,6.6,8.2,4.6,2.3,7.500,00.27
20230822,412969,6.6,7.9,4.5,2.3,8.220,0.271
20230821,421717,6.7,8.5,4.4,2.1,7.663,0.458
20230820,435804,6.6,8.2,3.9,1.7,6.540,0.251
20230819,453210,6.6,8.0,4.7,2.2,8.090,0.3140
20230818,418643,6.6,8.2,5.2,5.7,9.010,0.436
20230817,412818,6.8,8.5,4.5,2.0,9.670,0.2740
20230816,404824,6.8,7.6,4.5,2.0,9.670,0.2740
20230815,421728,6.8,7.6,4.5,2.0,9.670,0.2740
20230814,406774,6.6,9.1,4,2.0,9.670,0.274
20230813,463959,6.8,8.8,3.9,1.6,10.020,0.263
20230812,433019,6.6,9.0,3.5,1.6,9.210,0.195
20230811,444795,6.5,8.9,3.2,1.7,8.630,0.181
20230810,460117,6.6,9.0,3.6,1.6,8.750,0.23
20230809,400149,6.7,9.1,4.8,1.9,9.890,0.226
20230808,348140,6.6,8.5,4.7,2.2,9.620,0.201
20230807,339911,6.7,8.8,5.8,2.2,10.270,0.25
20230806,351794,6.7,8.8,5.7,2.9,9.860,0.276
20230805,360961,6.8,8.6,5.3,2.9,10.220,0.2730
20230804,358145,6.6,8.9,6.4,2.3,8.880,0.2110
20230803,368290,6.6,8.5,6.6,1.6,8.906,0.2620
20230802,399885,6.6,8.7,6.2,1.8,7.980,0.2030
20230801,383089,6.7,8.9,5.8,1.0,6.540,0.1980
20230731,413663,6.8,8.8,6.3,2.1,7.446,0.31
20230730,404939,6.7,8.5,5.3,2.0,6.340,0.276
20230729,426515,6.6,8.7,5.1,2.1,6.850,0.270
20230728,428473,6.6,7.9,4.4,2.3,6.240,0.2440
20230727,439085,6.6,8.3,4.3,1.8,5.350,0.2560
20230726,422267,6.6,7.6,4.9,1.3,4.170,0.209
20230725,447577,6.5,6.5,5.3,1.7,3.870,0.1980
20230724,446138,6.6,7.6,4.6,2.5,5.520,0.338
20230723,433995,6.6,7.2,4.9,2.4,3.500,0.386
20230722,453102,6.6,7.8,3.5,2.3,4.680,0.416
20230721,431898,6.6,8.1,3.6,2.2,4.100,.3620
20230720,435051,6.6,7.0,3.8,2.3,4.530,0.361
20230719,446996,6.6,7.8,3.2,2.4,4.160,0.4010
20230718,437196,6.6,6.5,3.0,2.7,3.400,0.322
20230717,440362,6.4,7.8,2.6,2.0,1.633,0.279
20230716,449763,6.5,8.3,3.1,2.0,4.100,0.408
20230715,433974,6.5,8.1,2.8,1.9,3.810,0.361
20230714,429571,6.5,6.8,4.3,2.0,3.920,0.315
20230713,414284,6.4,7.2,4.7,2.1,3.313,0.3070
20230712,416318,6.5,8.4,4.5,1.9,2.910,0.199
20230711,386614,6.5,7.9,6.1,2.8,3.140,0.2570
20230710,394034,6.5,8.4,3.9,2.8,3.110,0.33
20230709,401365,6.5,8.7,3.6,2.2,2.990,0.237
20230708,406843,6.5,8.7,3.5,2.0,2.300,0.166
20230707,395977,6.6,8.3,5.6,2.8,4.060,0.1780
20230706,385619,6.5,6.9,5.1,3.4,2.383,0.211
20230705,398563,6.6,8.3,6.1,4.2,4.220,0.301
20230704,357692,6.6,8.7,11,4.3,3.380,0.2380
20230703,370596,6.5,7.9,6.1,4.7,2.783,0.375
20230702,362902,6.5,8.8,5.3,4.4,1.620,0.284
20230701,380349,6.4,9.0,4.6,3.4,1.590,0.27
20230630,401417,6.5,9.2,5.4,3.6,2.920,0.2150
20230629,411788,6.4,8.9,7.5,3.8,1.220,0.204
20230628,425613,6.4,8.7,4.5,3.4,2.850,0.2110
20230627,366994,6.5,8.5,4.5,3.5,2.150,0.205
20230626,442784,6.4,8.4,6.1,3.9,8.523,0.305
20230625,331873,6.6,8.9,6.4,3.9,8.270,0.323
20230624,333131,6.6,9.5,7.4,3.9,8.270,0.413
20230623,348327,6.5,9.3,6.3,3.8,8.600,0.487
20230622,367045,6.4,8.9,6.3,3.7,6.980,0.381
20230621,438994,6.5,8.7,8.1,4.1,10.020,0.446
20230620,333986,6.6,8.9,6.7,3.9,9.080,0.476
20230619,346458,6.6,9.4,7,3.7,9.266,0.744
20230618,332442,6.6,9.4,6.8,3.7,9.310,0.661
20230617,323855,6.5,9.1,7.5,3.9,8.610,0.568
20230616,330574,6.5,9.3,6.0,3.5,6.720,0.4210
20230615,370348,6.5,9.4,7.3,3.8,8.520,0.533
20230614,326244,6.5,9.4,6.0,3.9,7.860,0.4480
20230613,323070,6.5,9.4,5.7,4.3,8.240,0.441
20230612,333392,6.6,9.3,6.6,4.0,8.680,0.590
20230611,331862,6.6,9.3,6.7,4.3,8.360,0.685
20230610,334669,6.5,9.0,6.4,4.0,7.680,0.50
20230609,331300,6.5,8.7,7.2,4.0,7.830,.4990
20230608,338799,6.5,8.0,7.4,4.0,7.266,0.486
20230607,342368,6.5,7.8,7.3,3.9,7.630,.494
20230606,343917,6.5,6.9,7.0,4.0,6.360,0.3140
20230605,355413,6.6,8.0,6.2,4.3,7.230,0.580
20230604,374573,6.6,8.9,6.3,5.3,6.220,0.560
20230603,380692,6.5,9.0,6.1,4.3,5.110,0.537
20230602,422045,6.4,9.0,6.2,4.4,4.950,0.4390
20230601,416393,6.5,8.8,7,4.8,4.190,0.5410
20230531,433076,6.3,8.4,5.6,4.2,4.700,0.413
20230530,441359,6.3,6.9,5.0,4.0,3.626,0.476
20230529,428656,6.6,8.7,6.9,5.1,9.590,0.648
20230528,350211,6.5,8.5,6.2,4.4,7.630,0.664
20230527,329129,6.5,8.8,6.8,4.3,7.500,0.58
20230526,335575,6.5,8.0,7.1,4.4,7.400,0.522
20230525,338890,6.4,7.0,7.3,4.1,7.580,0.478
20230524,337478,6.4,7.4,7.3,4.1,8.390,0.463
20230523,344400,6.4,8.2,6.4,4.1,7.800,0.446
20230522,361972,6.4,8.7,6.5,4.3,7.463,0.512
20230521,376050,6.4,8.8,6.9,4.5,7.210,0.482
20230520,396517,6.4,8.7,5.9,3.9,6.630,0.406
20230519,440719,6.3,8.8,6.9,5.2,7.130,0.42
20230518,373408,6.5,8.5,7.2,3.9,7.573,0.495
20230517,388320,6.5,8.9,5.5,5.7,7.030,0.515
20230516,350031,6.5,8.8,7.1,4.2,7.160,0.416
20230515,387373,6.5,8.8,7.0,4.0,7.903,0.572
20230514,384807,6.4,8.7,6.3,3.6,5.840,0.407
20230513,424116,6.5,8.5,8.0,4.9,7.330,0.482
20230512,373582,6.5,6.4,6.8,4.3,6.800,0.382
20230511,390313,6.6,7.2,6.8,4.0,5.913,0.535
20230510,403240,6.5,7.1,7.4,5.3,4.960,0.48
20230509,417241,6.4,8.9,6.8,4.9,5.420,0.305
20230508,406548,6.4,9.5,5.3,4.0,5.713,0.278
20230507,429738,6.3,9.3,4.9,3.5,4.670,0.251
20230506,427808,6.3,9.2,4.8,3.7,4.490,0.237
20230505,408914,6.6,9.5,8.8,6.4,11.560,0
20230504,294854,6.6,8.8,8.3,3.9,7.723,0.347
20230503,306607,6.6,9.3,9.3,4.4,6.510,0.262
20230502,310443,6.6,9.4,6.8,4.5,8.050,0.321
20230501,331172,6.7,9.6,6.4,3.8,8.120,0.690
20230430,342972,6.5,9.4,6.3,4.5,4.610,0.405
20230429,384481,6.6,9.4,8.4,3.8,8.120,0.721
20230428,317431,6.6,9.1,9.0,5.5,8.150,0.514
20230427,317337,6.5,9.2,7.2,4.3,8.166,0.552
20230426,348082,6.6,9.2,7.9,4.0,6.020,0.433
20230425,331039,6.6,9.4,7.8,4.6,8.140,0.494
20230424,312932,6.6,9.6,8.7,5.2,9.510,0.553
20230423,312372,6.6,9.1,7.6,4.4,10.910,.550
20230422,310183,6.6,9.5,7.5,5.4,10.350,0.578
20230421,320891,6.6,9.4,7.6,5.3,10.770,0.596
20230420,321212,6.6,7.5,7.1,4.2,12.120,0.599
20230419,320490,6.6,9.5,9.0,5.3,11.410,0.524
20230418,329725,6.6,9.4,7.3,5.9,9.640,0.498
20230417,380012,6.5,9.1,7.9,4.4,10.013,0.536
20230416,341638,6.6,9.3,8.0,4.3,10.210,0.666
20230415,388164,6.6,9.0,8.8,5.0,10.800,0.709
20230414,348711,6.5,9.6,7.9,4.5,9.780,0.381
20230413,339948,6.6,9.3,8.2,4.2,10.150,0.435
20230412,334069,6.6,9.5,9,5.6,11.300,0.731
20230411,357686,6.6,9.6,8.5,4.7,9.140,0.461
20230410,369592,6.5,9.4,7.3,4.1,8.400,0.479
20230409,361971,6.5,9.8,7.4,4.5,6.470,0.464
20230408,405432,6.5,9.8,6.6,4.0,6.510,0.371
20230407,432468,6.4,9.3,6.1,4.3,6.410,0.303
20230406,425961,6.5,9.4,5.9,4.5,5.906,0.392
20230405,395901,6.7,9.1,9.4,5.2,10.800,0.721
20230404,306981,6.6,9.6,7.6,4.1,9.690,0.410
20230403,323373,6.6,9.7,8.1,4.0,9.646,0.624
20230402,310475,6.7,9.3,8.6,5.0,8.490,0.52
20230401,305480,6.6,9.4,8.1,4.4,8.600,0.4350
20230331,305030,6.5,9.7,7.4,4.8,8.090,0.387
20230330,305191,6.7,9.7,8.5,4.2,7.610,0.49
20230329,305217,6.7,9.6,8.7,5.0,7.520,0.351
20230328,296407,6.5,9.8,7.4,5.3,7.100,0.281
20230327,335122,6.7,9.8,8.5,4.5,8.013,0.561
20230326,316992,6.6,9.6,7.9,4.3,7.430,0.469
20230325,357909,6.5,9.6,7.2,6.5,6.040,0.406
20230324,388379,6.4,9.6,7.1,4.2,3.770,0.172
20230323,410033,6.6,9.4,10.5,6.2,9.496,0.868
20230322,326719,6.5,9.7,9.4,5.2,7.990,0.599
20230321,316782,6.5,9.7,8.9,4.7,8.080,0.409
20230320,328310,6.6,9.7,10.9,4.4,10.483,0.41
20230319,315029,6.6,8.8,6.8,4.1,9.790,0.356
20230318,315374,6.6,9.8,7.7,4.2,10.860,0.386
20230317,312250,6.5,9.7,8.4,4.9,12.300,0.38
20230316,310013,6.6,9.4,8.8,4.3,10.290,0.296
20230315,294657,6.6,9.6,8.3,4.5,9.960,0.219
20230314,318314,6.6,9.6,8.2,4.4,9.850,0.151
20230313,344644,6.6,9.5,9.3,5.5,11.313,0.667
20230312,302968,6.6,9.8,9.3,4.8,12.140,.674
20230311,320619,6.6,9.8,9.5,4.4,11.790,0.377
20230310,308185,6.6,9.4,9.9,5.0,12.860,0.555
20230309,310921,6.7,9.8,10.3,4.9,12.700,0.536
20230308,325197,6.6,9.4,9.5,6.3,11.760,0.461
20230307,304464,6.6,9.7,10,6.4,12.130,0.379
20230306,322787,6.7,9.3,8.8,4.6,12.583,0.415
20230305,309117,6.6,9.4,8.8,4.7,11.600,0.371
20230304,314015,6.6,9.7,8.5,4.7,11.600,0.246
20230303,311329,6.6,9.8,8.7,4.7,10.810,0.260
20230302,307486,6.7,9.8,9.1,4.9,11.980,0.474
20230301,299739,6.6,9.6,8.2,5.2,11.420,0.3020
20230228,295273,6.6,9.6,8.5,5.2,11.330,0.237
20230227,299118,6.7,9.5,8.8,4.5,10.326,0.386
20230226,304000,6.6,9.6,10.1,4.4,10.320,0.296
20230225,304928,6.6,9.8,9.2,5.1,10.380,0.392
20230224,308953,6.6,9.7,8.2,5.4,9.100,.419
20230223,303143,6.6,9.8,8.3,4.6,8.526,0.548
20230222,296753,6.5,9.5,9,4.8,7.930,0.366
20230221,292087,6.5,9.4,11.4,4.9,8.530,0.326
20230220,310671,6.7,9.6,11.5,4.8,8.913,0.667
20230219,306598,6.7,9.5,10.4,4.7,8.500,0.529
20230218,344369,6.6,9.5,11.8,5.3,8.120,0.529
20230217,301959,6.5,9.5,12,6.0,7.950,0.399
20230216,297823,6.5,9.4,9,4.4,7.476,0.296
20230215,292920,6.5,9.4,9.4,4.9,6.670,0.264
20230214,301639,6.5,9.6,9.4,5.8,7.510,0.285
20230213,303037,6.7,9.6,9,4.4,7.633,0.693
20230212,317561,6.6,9.5,9,5.4,6.170,0.636
20230211,299805,6.5,9.3,9.1,4.8,5.400,0.220
20230210,358086,6.5,9.7,10.2,5.8,9.000,0.639
20230209,296343,6.6,9.6,8.5,4.7,8.000,0.465
20230208,289286,6.5,9.5,8.5,4.6,7.050,0.402
20230207,275719,6.5,9.6,8.3,5.2,5.960,0.237
20230206,278362,6.5,9.6,7,4.0,6.360,0.2610
20230205,283815,6.5,8.7,7,4.1,5.820,0.250
20230204,288831,6.5,9.3,7.6,4.1,6.660,0.227
20230203,291807,6.5,9.5,7,5.0,6.300,0.357
20230202,301695,6.6,9.4,8.2,4.6,7.523,0.335
20230201,303909,6.6,9.3,8.4,4.4,8.200,0.3270
20230131,316569,6.5,9.6,9,4.6,8.470,0.271
20230130,323938,6.5,9.5,7.8,4.6,8.330,0.287
20230129,322393,6.7,9.6,7.7,4.1,9.000,0.290
20230128,320761,6.6,9.7,7.4,4.7,8.020,0.250
20230127,314946,6.5,9.8,9,5.8,7.790,0.235
20230126,306731,6.7,9.7,7.3,4.1,8.626,0.130
20230125,296994,6.6,9.7,9.3,5.3,8.860,0.143
20230124,304853,6.7,9.7,10.1,4.5,9.213,0.251
20230123,304503,6.6,9.5,9.4,4.4,8.310,0.223
20230122,309468,6.6,9.5,9.3,4.8,6.930,0.686
20230121,320087,6.6,9.8,9.9,5.5,5.760,0.366
20230120,317292,6.6,9.4,7.2,5.2,6.040,0.390
20230119,317188,6.6,9.1,7.5,4.7,5.280,0.300
20230118,317839,6.6,9.5,7.6,5.5,4.410,0.270
20230117,333125,6.6,9.7,7.4,6.0,5.380,0.256
20230116,327312,6.6,9.6,8.,5.5,11.783,0.274
20230115,330772,6.6,9.4,6.3,4.6,9.490,0.188
20230114,335180,6.4,9.6,4.9,4.4,8.410,0.131
20230113,340990,6.6,9.0,10.5,9.1,13.770,0.573
20230112,302954,6.7,9.4,9.1,3.9,11.806,.283
20230111,296969,6.6,9.4,8.8,4.5,10.870,.332
20230110,291971,6.5,8.5,8.1,4.3,12.880,0.364
20230109,305003,6.6,9.2,8.8,4.3,11.816,0.544
20230108,307000,6.6,9.4,7.7,4.4,12.060,1.053
20230107,304312,6.5,9.6,7.6,4.2,11.420,0.837
20230106,306674,6.5,9.0,8.6,3.8,10.020,0.389
20230105,313387,6.5,8.6,6.9,4.3,9.123,0.455
20230104,298023,6.5,8.9,7.4,4.4,8.640,0.367
20230103,297235,6.5,9.6,6,4.4,9.010,0.191
20230102,298557,6.8,9.4,8.4,4.2,8.400,0.307
20230101,308428,6.5,9.3,10.7,4.3,7.910,0.3130
20221231,299185,null,9.5,null,4.5,7.380,0.309
20221230,302284,null,9.3,null,4.8,7.710,0.244
20221229,295638,null,9.3,null,4.2,7.940,0.337
20221228,295865,null,9.2,null,4.6,8.080,0.369
20221227,303284,null,9.3,null,4.8,8.020,0.393
20221226,298629,null,9.4,null,4.4,8.910,0.460
20221225,312912,null,9.5,null,4.6,8.060,0.668
20221224,318460,null,9.5,null,4.6,8.310,0.532
20221223,312933,null,9.6,null,4.8,8.970,0.735
20221222,334567,null,9.3,null,4.7,8.330,0.526
20221221,357493,null,9.1,null,5.1,7.580,0.372
20221220,301032,null,9.6,null,4.8,8.050,0.372
20221219,305786,null,8.9,null,4.3,11.463,0.466
20221218,295707,null,7.9,null,4.3,9.870,0.554
20221217,294608,null,8.7,null,4.6,9.070,0.437
20221216,301199,null,9.4,null,5.4,8.570,0.744
20221215,279232,null,9.5,null,4.2,7.850,0.308
20221214,289205,null,9.3,null,4.4,8.650,0.201
20221213,296293,null,9.3,null,4.4,8.810,0.210
20221212,304742,null,9.4,null,4.5,8.830,0.466
20221211,304773,null,9.3,null,4.4,7.980,0.583
20221210,304400,null,9.4,null,4.3,7.800,0.451
20221209,305359,null,9.5,null,4.9,7.370,0.389
20221208,299936,null,9.0,null,4.4,6.670,0.432
20221207,305709,null,8.1,null,6.7,9.120,0.622
20221206,297296,null,9.0,8.0,4.4,8.120,0.410
20221205,300944,null,8.4,8.5,4.6,7.403,0.686
20221204,298096,null,9.4,7.9,4.3,7.340,0.893
20221203,311684,null,9.7,7.0,4.6,6.760,0.526
20221202,341534,null,9.5,7.3,4.6,7.000,0.375
20221201,338322,null,9.3,6.2,4.4,5.600,0.318
20221130,374504,null,8.8,6.5,4.4,4.800,0.227
20221129,434059,null,9.3,7.8,4.8,7.690,0.287
20221128,324256,null,7.1,8.5,4.5,7.193,0.634
20221127,290691,null,9.2,7.4,4.3,6.580,0.530
20221126,299997,null,9.7,8.1,3.4,6.350,0.303
20221125,310498,null,9.4,7.6,4.9,5.550,0.271
20221124,314180,null,7.7,7.3,4.6,5.290,0.585
20221123,352679,null,9.1,7.9,4.6,5.730,0.268
20221122,322140,null,9.7,7.0,4.7,4.820,0.328
20221121,302670,null,9.3,9.3,4.5,9.696,0.509
20221120,306050,null,9.3,9.0,4.2,9.790,0.399
20221119,311071,null,9.6,9.0,4.3,9.290,0.507
20221118,296193,null,8.9,8.6,4.5,9.583,0.284
20221117,303184,null,9.4,9.5,4.3,8.770,0.255
20221116,298011,null,9.4,10.3,4.4,8.690,0.240
20221115,292093,null,9.5,8.7,4.6,8.290,0.238
20221114,310915,null,7.6,10.0,4.6,7.820,0.343
20221113,409144,null,7.6,11.1,5.9,11.420,0.860
20221112,305445,null,8.1,9.9,4.5,7.470,0.355
20221111,289027,null,7.8,10.7,4.7,8.220,0.568
20221110,286430,null,9.6,10.9,3.5,8.450,0.749
20221109,296496,null,9.6,10.6,3.9,7.170,0.487
20221108,297639,null,9.1,9.7,4.4,7.280,0.401
20221107,299462,null,9.3,8.9,4.0,5.590,0.548
20221106,290774,null,9.6,9.4,4.0,6.450,0.773
20221105,308694,null,9.3,9.3,4.1,7.140,0.583
20221104,307188,null,8.0,10.3,4.2,6.600,0.593
20221103,302836,null,8.9,10.0,4.3,7.040,0.798
20221102,312434,null,7.5,8.9,4.2,6.150,0.637
20221101,300311,1,8.2,8.6,4.3,7.040,0.684
20221031,309328,null,8.0,9.0,4.1,6.590,0.667
20221030,289630,null,8.1,8.6,4.3,5.860,0.523
20221029,294600,null,9.4,9.2,4.3,6.460,0.635
20221028,300017,null,8.6,8.8,4.3,5.570,0.646
20221027,279207,null,8.5,8.6,5.4,5.410,0.816
20221026,296260,null,8.2,8.9,4.2,5.240,0.484
20221025,289117,null,8.6,10.0,4.2,8.540,0.381
20221024,306196,null,9.3,8.5,4.5,8.050,0.572
20221023,309650,null,9.1,9.0,4.2,7.920,0.779
20221022,293990,null,9.5,8.2,4.0,8.000,0.736
20221021,285691,null,8.4,8.0,4.2,7.410,0.617
20221020,292631,null,9.2,8.1,4.0,7.410,0.600
20221019,303684,null,8.9,8.5,4.0,7.440,0.552
20221018,282267,null,9.6,8.2,4.1,7.410,0.359
20221017,312179,null,9.2,8.4,3.8,7.330,0.607
20221016,312189,null,8.9,8.1,4.2,6.990,0.636
20221015,316122,null,8.9,7.4,4.3,8.370,0.551
20221014,303954,null,9.0,8.2,4.4,8.940,0.543
20221013,299508,null,9.5,8.0,3.8,7.990,1.148
20221012,326162,null,9.5,8.1,4.0,7.370,0.829
20221011,319939,null,9.6,8.3,4.2,7.866,0.762
20221010,321276,null,9.5,8.2,4.2,7.510,0.697
20221009,304520,null,9.6,8.0,3.8,7.060,0.649
20221008,312076,null,9.5,8.5,4.0,7.190,0.587
20221007,319932,null,8.7,8.0,4.1,7.840,0.663
20221006,325274,null,9.5,7.9,4.0,7.030,0.575
20221005,363237,null,8.8,7.7,4.0,7.650,0.368
20221004,372920,null,9.4,8.5,4.0,7.066,0.595
20221003,353210,null,9.2,8.0,4.1,6.870,0.535
20221002,310662,null,9.2,7.1,3.8,6.420,0.453
20221001,318564,null,9.4,8.4,3.9,6.020,0.464
20220930,329977,null,8.6,7.9,4.1,6.720,0.440
20220929,325208,null,9.6,8.7,3.9,7.680,0.499
20220928,335249,null,9.5,8.2,3.8,7.200,0.520
20220927,332581,null,9.0,8.1,4.5,7.680,0.404
20220926,341051,null,9.6,10.2,4.4,9.120,0.460
20220925,320237,null,8.2,9.9,4.4,7.200,0.476
20220924,322032,null,9.2,9.7,4.3,7.200,0.375
20220923,338693,null,9.3,9.6,5.1,8.640,0.321
20220922,337630,null,9.6,9.3,4.0,7.680,0.396
20220921,355514,null,9.3,9.6,4.1,7.680,0.313
20220920,400998,null,9.1,9.0,4.2,6.720,0.235
20220919,447606,null,9.3,12.1,4.1,9.570,0.295
20220918,357794,null,9.6,11.8,4.2,8.870,0.276
20220917,352938,null,9.7,11.8,4.3,8.700,0.288
20220916,336562,null,9.2,11.5,4.3,8.080,0.306
20220915,345817,null,9.0,11.1,4.3,6.753,0.212
20220914,344100,null,8.5,11.7,4.2,7.010,0.223
20220913,367903,null,9.3,11.6,4.2,8.776,0.275
20220912,379597,null,3.4,11.8,4.1,8.350,0.198
20220911,382797,null,6.9,10.6,4.1,8.010,0.149
20220910,410007,null,8.3,10.8,4.4,7.480,0.385
20220909,466266,null,8.7,9.2,4.3,2.400,0.053
20220908,473959,null,8.6,9.6,5.0,4.666,0.327
20220907,468352,null,9.3,8.8,5.2,3.960,0.260
20220906,488416,null,6.2,9.6,3.9,5.540,0.080
20220905,475726,null,9.5,9.4,4.0,4.600,0.517
20220904,488081,null,9.4,8.9,4.0,4.010,0.440
20220903,479786,null,9.3,8.5,4.1,4.160,0.533
20220902,462557,null,9.4,9.8,4.0,5.730,0.390
20220901,425392,null,9.3,9.7,3.9,4.756,0.413
20220831,412971,null,9.1,10.3,4.3,7.010,0.334
20220830,350995,null,8.7,10.4,4.1,5.460,0.386
20220829,348795,null,9.1,10.3,4.1,5.810,0.519
20220828,340134,null,9.4,10.8,4.0,5.040,0.378
20220827,355177,null,8.6,9.7,4.0,5.410,0.314
20220826,379327,null,9.5,10.1,4.0,6.300,0.232
20220825,407235,null,9.2,9.7,4.0,8.490,0.265
20220824,425767,null,9.2,10.3,4.3,10.000,0.285
20220823,371572,null,8.1,10.6,4.2,9.440,0.258
20220822,395179,null,9.4,9.9,4.1,8.650,0.324
20220821,398030,null,9.6,9.2,4.0,7.750,0.276
20220820,374069,null,8.7,11.1,4.1,8.760,0.261
20220819,364823,null,9.2,10.0,4.1,8.200,0.250
20220818,388897,null,9.5,6.4,3.9,7.050,0.316
20220817,452744,null,9.2,5.9,4.2,6.970,0.238
20220816,389890,null,9.1,7.2,4.2,10.430,0.296
20220815,356616,null,9.7,7.8,3.9,9.193,0.372
20220814,388224,null,9.6,7.4,3.9,7.610,0.256
20220813,366431,null,9.4,7.1,4.1,10.030,0.236
20220812,338347,null,9.4,7.9,4.3,10.900,0.219
20220811,321425,null,9.6,5.8,4.3,10.466,0.510
20220810,353445,null,9.3,5.5,4.2,10.090,0.288
20220809,322786,null,9.3,6.5,4.4,11.300,0.401
20220808,337496,null,9.2,7.0,6.6,9.910,1.205
20220807,338516,null,9.2,6.5,5.5,8.910,0.479
20220806,361194,null,9.1,6.4,4.9,7.850,0.448
20220805,367767,null,9.5,10.5,7.0,11.040,0.802
20220804,355850,null,9.5,10.2,7.0,9.120,0.458
20220803,428802,null,9.1,9.8,5.8,11.040,0.711
20220802,369851,null,9.4,9.4,5.0,11.520,0.529
20220801,366187,null,9.3,10.5,4.2,12.960,0.615
20220731,378536,null,9.3,10.5,4.6,12.000,0.714
20220730,360671,null,9.3,9.7,4.9,8.030,0.277
20220729,367877,null,9.3,8.9,4.6,10.160,0.278
20220728,331233,null,9.3,10.3,5.0,12.620,0.614
20220727,361656,null,9.4,9.0,4.7,11.290,0.542
20220726,411168,null,9.2,8.3,4.7,9.040,0.431
20220725,412312,null,8.9,6.5,4.3,8.560,0.295
20220724,414029,null,8.6,7.4,4.4,11.160,0.328
20220723,356909,null,9.3,7.9,4.4,9.020,0.306
20220722,366144,null,9.4,6.7,4.4,7.070,0.270
20220721,405162,null,9.7,7.3,4.7,8.260,0.519
20220720,402284,null,9.2,6.2,4.3,6.730,0.369
20220719,465008,null,9.6,5.2,4.2,6.370,0.205
20220718,406545,null,9.1,10.0,4.5,11.720,0.478
20220717,335556,null,9.5,9.4,4.4,10.620,0.361
20220716,345591,null,9.6,9.5,4.3,10.440,0.348
20220715,338745,null,9.1,9.3,4.4,9.260,0.249
20220714,347119,null,9.3,8.3,4.5,9.196,0.236
20220713,359426,null,9.2,7.4,4.3,8.990,0.206
20220712,342587,null,9.2,6.3,4.3,8.470,0.153
20220711,350064,null,9.4,6.9,4.4,10.646,0.190
20220710,323487,null,9.4,7.7,4.3,11.770,0.193
20220709,329267,null,9.5,7.0,4.7,9.440,0.136
20220708,335020,null,9.1,7.2,4.5,10.490,0.170
20220707,315958,null,8.5,12.8,5.0,11.540,0.531
20220706,319589,null,8.6,12.2,4.9,10.190,0.426
20220705,340537,null,9.3,11.3,5.3,9.120,0.445
20220704,352472,null,9.0,11.8,5.5,11.280,0.756
20220703,344166,null,9.2,10.8,5.0,8.960,0.769
20220702,356317,null,8.4,10.2,5.0,6.600,0.829
20220701,360031,null,9.6,8.8,4.5,5.180,0.367
20220630,381271,null,9.1,8.2,4.3,5.393,0.261
20220629,397960,null,9.0,8.3,4.2,6.440,0.200
20220628,388480,null,9.1,7.1,4.0,6.410,0.144
20220627,373654,null,9.0,4.7,4.5,9.600,0.236
20220626,348855,null,9.0,6.3,4.4,6.950,0.333
20220625,349118,null,9.0,2.7,4.3,5.590,0.138
20220624,384845,null,9.4,5.2,4.6,11.350,0.793
20220623,335190,null,9.2,15.9,4.6,9.350,0.767
20220622,334482,null,9.0,15.4,4.6,8.600,0.440
20220621,330770,null,9.3,15.3,4.7,9.050,0.371
20220620,329037,null,9.3,15.1,7.8,11.730,0.704
20220619,329617,null,8.6,15.1,5.2,8.160,0.622
20220618,335465,null,9.4,15.5,4.6,8.170,0.620
20220617,324391,null,9.8,16.4,4.7,8.660,0.348
20220616,321685,null,9.2,14.9,4.7,8.300,0.806
20220615,356513,null,9.4,12.5,5.0,7.190,0.720
20220614,388229,null,9.6,14.3,4.7,9.840,0.526
20220613,327638,null,8.3,11.7,4.5,9.466,0.401
20220612,315765,null,9.1,13.6,4.5,8.370,0.347
20220611,311055,null,8.8,11.6,4.5,7.730,0.300
20220610,326877,null,9.2,11.9,4.7,7.720,0.342
20220609,330087,null,9.3,11.5,4.5,7.996,0.357
20220608,325489,null,9.3,10.8,4.6,6.950,0.289
20220607,317939,null,9.3,9.6,4.9,6.500,0.380
20220606,436854,null,9.3,9.4,5.3,7.400,0.216
20220605,331103,null,9.5,11.0,4.7,9.430,0.353
20220604,309831,null,9.3,10.9,4.9,8.870,0.362
20220603,302838,null,9.6,10.2,5.0,9.800,0.327
20220602,309318,null,9.7,10.6,4.3,9.146,0.228
20220601,305275,null,9.4,10.5,4.2,8.190,0.181
20220531,306566,null,9.3,10.2,4.4,8.910,0.226
20220530,308086,null,9.3,9.4,4.7,7.970,0.342
20220529,285099,null,9.3,10.4,4.5,7.560,0.322
20220528,286258,null,9.3,9.6,4.9,7.550,0.390
20220527,284982,null,9.6,10.0,5.4,8.020,0.757
20220526,302214,null,9.7,10.0,6.2,8.220,1.021
20220525,320173,null,9.3,9.0,5.0,7.230,1.021
20220524,311654,null,9.2,7.7,4.6,7.330,0.510
20220523,318485,null,9.2,7.9,4.9,8.510,0.667
20220522,313424,null,9.1,7.8,5.4,9.320,0.807
20220521,314102,null,9.5,7.5,5.5,9.110,0.815
20220520,303698,null,9.0,6.3,5.3,9.660,0.730
20220519,302456,null,9.5,7.4,5.2,8.693,0.960
20220518,314601,null,9.2,7.5,5.2,9.540,0.609
20220517,305453,null,9.0,6.9,4.7,8.770,0.309
20220516,314574,null,8.5,10.1,4.7,7.790,0.556
20220515,307931,null,9.1,9.3,4.4,7.580,0.511
20220514,318710,null,9.3,8.9,4.5,7.660,0.399
20220513,314400,null,8.9,10.3,4.5,7.640,0.832
20220512,306502,null,9.6,11.3,5.4,7.410,1.018
20220511,293502,null,9.1,10.3,4.5,7.640,0.832
20220510,305716,null,9.3,12.3,4.4,9.800,0.577
20220509,323674,null,9.0,9.0,3.7,8.360,0.786
20220508,309367,null,9.0,10.2,4.4,8.300,0.899
20220507,323674,null,9.1,9.0,4.7,8.170,0.790
20220506,324161,null,8.5,10.7,3.6,7.650,1.029
20220505,316763,null,7.7,7.6,4.3,6.130,0.768
20220504,338451,null,9.7,7.1,5.6,6.260,0.726
20220503,363767,null,9.5,8.1,5.7,7.440,0.666
20220502,348129,null,8.9,8.7,4.9,7.820,1.015
20220501,323935,null,9.5,7.1,7.0,6.730,0.614
20220430,334495,null,9.2,5.9,4.4,6.110,0.558
20220429,362937,null,9.2,6.2,7.0,8.310,0.686
20220428,360283,null,9.3,7.1,5.0,8.640,1.207
20220427,379285,null,9.7,6.0,5.2,6.240,0.569
20220426,396599,null,9.0,7.3,6.6,12.930,1.485
20220425,315378,null,8.6,7.8,3.9,12.386,1.091
20220424,309328,null,9.5,9.3,3.9,11.230,0.838
20220423,306940,null,9.4,12.1,4.0,10.970,0.833
20220422,314605,null,9.4,9.6,4.2,10.540,0.745
20220421,313203,null,9.3,8.8,4.6,9.940,0.877
20220420,305626,null,9.5,7.8,4.3,9.050,0.812
20220419,302417,null,9.2,8.3,6.3,9.080,0.520
20220418,305278,null,9.0,14.2,4.2,8.990,1.285
20220417,314077,null,9.0,14.1,4.3,8.470,1.092
20220416,296660,null,9.3,15.3,5.4,8.330,0.705
20220415,308394,null,9.3,14.0,5.1,8.630,0.732
20220414,296790,null,9.1,13.4,5.1,8.750,1.223
20220413,297238,null,9.3,18.0,6.2,8.660,1.058
20220412,318256,null,9.5,37.4,5.2,10.910,0.672
20220411,326454,null,9.4,13.1,4.3,9.286,1.673
20220410,313448,null,9.1,12.3,4.3,8.130,1.282
20220409,307129,null,9.4,12.8,6.1,7.560,0.691
20220408,309210,null,9.4,12.6,5.2,8.670,0.591
20220407,309342,null,9.6,17.0,4.4,7.860,1.058
20220406,304920,null,9.7,14.9,4.5,8.470,0.912
20220405,310078,null,9.3,17.5,5.5,9.630,0.585
20220404,332982,null,9.3,13.0,4.7,10.926,0.548
20220403,313165,null,8.6,12.9,4.1,8.540,0.725
20220402,311944,null,9.5,13.7,4.0,7.970,0.432
20220401,321141,null,8.2,12.2,4.6,8.240,0.400
20220331,327381,null,8.2,14.8,4.1,10.016,0.644
20220330,335547,null,9.3,11.3,4.5,8.060,0.464
20220329,342292,null,9.6,11.2,5.5,8.440,0.367
20220328,331704,null,8.9,9.2,6.2,6.540,0.490
20220327,401398,null,9.7,11.6,5.3,6.340,1.645
20220326,362783,null,9.2,12.9,6.6,13.200,1.857
20220325,306522,null,9.2,11.6,4.5,9.970,0.123
20220324,307033,null,9.7,12.2,4.7,9.060,1.185
20220323,316796,null,9.7,13.1,7.1,9.190,0.790
20220322,313591,null,9.2,12.4,6.5,8.780,0.487
20220321,293505,null,9.4,11.7,6.4,7.780,0.336
20220320,347973,null,9.6,14.6,6.6,5.460,1.799
20220319,355584,null,9.4,10.1,6.2,5.330,0.626
20220318,310930,null,9.3,12.9,9.2,10.950,0.790
20220317,285457,null,9.4,13.2,9.8,10.210,1.028
20220316,270944,null,9.3,13.0,7.4,11.540,0.888
20220315,300134,null,9.6,null,6.8,10.320,0.239
20220314,295359,null,9.1,12.3,7.2,8.650,0.858
20220313,272539,null,9.5,14.6,7.0,13.740,1.106
20220312,281045,null,9.6,17.7,6.4,11.870,0.467
20220311,284396,null,9.7,11.8,8.0,10.820,0.340
20220310,295333,null,9.3,14.3,6.2,9.820,0.599
20220309,273094,null,9.7,14.6,5.4,8.900,0.347
20220308,277619,null,9.5,12.6,6.4,9.880,0.328
20220307,289979,null,9.6,14.5,7.2,9.450,0.508
20220306,281698,null,9.6,13.5,6.6,8.210,0.334
20220305,280732,null,9.5,14.1,6.2,10.440,0.466
20220304,296754,null,9.3,11.7,7.4,9.920,0.507
20220303,294743,null,9.5,12.8,5.8,10.690,0.418
20220302,301056,null,9.2,13.4,6.4,12.110,0.569
20220301,277094,null,9.3,12.4,5.2,10.750,0.418
20220228,288285,null,8.9,12.0,8.2,10.540,0.643
20220227,284563,null,8.2,11.8,7.6,9.180,0.452
20220226,288934,null,8.5,12.5,5.2,9.700,0.351
20220225,284587,null,9.4,12.1,4.7,9.110,0.468
20220224,288772,null,9.2,13.9,4.5,10.280,1.012
20220223,300405,null,9.3,13.6,4.6,9.580,0.667
20220222,286767,null,9.5,11.7,5.5,8.990,0.540
20220221,296008,null,9.3,10.5,3.8,11.360,0.616
20220220,276875,null,9.2,12.0,7.2,12.970,1.015
20220219,274443,null,9.6,12.1,4.9,11.610,0.754
20220218,291933,null,9.6,12.4,7.1,10.790,0.698
20220217,279791,null,9.2,12.4,6.3,11.050,1.179
20220216,284754,null,8.9,12.1,8.6,11.240,0.877
20220215,289241,null,9.3,11.9,7.9,13.000,0.968
20220214,285969,null,9.6,11.3,5.2,12.490,0.895
20220213,279321,null,9.2,12.1,5.1,13.210,0.547
20220212,273713,null,9.3,11.4,5.8,11.840,0.381
20220211,279198,null,9.4,12.5,5.4,10.600,0.518
20220210,276035,null,9.3,12.2,5.5,10.670,0.604
20220209,281130,null,9.2,12.4,6.3,10.940,0.776
20220208,275840,null,9.2,11.0,6.6,11.480,0.749
20220207,282985,null,9.3,7.5,6.1,11.680,0.469
20220206,269782,null,9.2,8.0,4.3,11.730,0.581
20220205,270796,null,9.3,7.9,4.9,11.840,0.532
20220204,277924,null,8.8,7.8,5.8,11.220,0.468
20220203,282094,null,9.3,8.2,6.1,12.430,0.660
20220202,275649,null,9.6,8.4,3.3,13.670,0.378
20220201,282053,null,8.9,8.6,5.1,12.810,0.434
20220131,278226,null,9.6,8.5,4.4,11.943,0.263
20220130,291341,null,9.0,8.9,3.3,11.640,0.316
20220129,291940,null,9.2,8.9,5.4,12.290,0.276
20220128,294976,null,8.2,9.3,4.0,12.700,0.393
20220127,289497,null,9.4,8.4,4.3,14.400,0.581
20220126,293779,null,8.6,8.9,4.8,13.920,0.692
20220125,285806,null,7.6,8.4,5.7,14.400,0.434
20220124,300070,null,9.0,11.4,4.6,15.840,0.872
20220123,300122,null,8.6,13.2,4.1,16.320,0.765
20220122,311326,null,9.1,12.4,3.5,16.800,0.734
20220121,298063,null,9.0,12.4,4.0,13.920,0.734
20220120,289211,null,8.3,12.9,5.8,11.520,0.777
20220119,301224,null,8.1,12.4,5.1,12.000,0.754
20220118,300976,null,8.1,12.2,5.0,12.480,0.684
20220117,286398,null,8.8,11.4,5.4,12.960,0.766
20220116,313313,null,8.7,12.9,3.5,11.520,0.780
20220115,312748,null,8.7,13.3,4.2,13.920,0.664
20220114,311689,null,9.5,12.6,5.8,13.920,0.648
20220113,310903,null,8.4,13.3,4.7,15.840,0.766
20220112,310893,null,9.5,12.6,4.1,13.920,0.798
20220111,295604,null,9.6,13.9,3.9,12.000,0.539
20220110,284822,null,9.7,13.8,3.1,10.973,0.604
20220109,285495,null,9.1,14.2,1.6,10.973,0.497
20220108,290548,null,7.9,14.9,2.7,10.973,0.609
20220107,285584,null,8.3,14.7,3.5,10.973,0.508
20220106,292169,null,9.2,15.1,3.5,11.023,0.627
20220105,290397,null,9.1,13.4,3.7,11.340,0.565
20220104,277535,null,7.9,12.4,3.6,12.240,0.615
20220103,290104,null,9.2,6.5,5.3,13.193,0.526
20220102,289384,null,8.6,12.5,3.2,11.610,0.616
20220101,279805,null,9.3,12.4,3.8,11.340,0.615
20211231,294116,null,8.7,11.2,4.0,10.880,0.631
20211230,289690,null,8.4,12.1,4.3,12.070,0.873
20211229,294896,null,9.2,14.1,5.7,12.280,0.781
20211228,287980,null,7.9,11.9,4.2,13.670,0.768
20211227,278280,null,9.2,11.9,3.7,13.360,0.754
20211226,274901,null,8.5,12.2,2.7,14.980,0.695
20211225,290613,null,7.3,13.4,5.1,13.340,0.894
20211224,279023,null,8.4,12.3,2.6,13.710,0.759
20211223,285287,null,7.6,13.3,3.6,11.860,0.589
20211222,287586,null,8.3,12.9,4.5,12.820,0.700
20211221,294061,null,7.3,11.3,5.1,13.100,0.662
20211220,284963,null,8.4,11.7,3.2,12.740,0.741
20211219,282453,null,8.1,12.5,2.9,13.520,0.803
20211218,286656,null,7.6,13.2,3.0,10.340,0.678
20211217,297278,null,9.6,12.3,3.1,11.990,0.686
20211216,314973,null,8.3,12.8,5.6,12.320,0.528
20211215,288084,null,7.2,11.6,2.7,13.090,0.530
20211214,284262,null,8.4,10.0,2.3,11.430,0.459
20211213,289124,null,7.4,11.9,2.5,10.460,0.471
20211212,300040,null,8.0,11.6,2.6,12.050,0.421
20211211,301807,null,8.7,11.9,2.5,10.460,0.355
20211210,297546,null,8.1,11.0,2.5,10.850,0.502
20211209,294188,null,8.0,14.5,1.6,8.810,0.453
20211208,295307,null,8.4,14.1,2.5,8.600,0.456
20211207,302074,null,8.0,13.6,3.0,11.130,0.503
20211206,298293,null,9.6,13.0,3.8,10.100,0.579
20211205,313135,null,7.7,13.7,3.3,9.460,0.454
20211204,315885,null,7.8,14.3,3.5,10.050,0.321
20211203,316818,null,7.2,13.5,3.5,9.570,0.384
20211202,318833,null,7.6,12.6,3.2,8.250,0.395
20211201,352176,null,8.1,null,3.3,7.440,0.391
20211130,390767,null,9.5,13.5,3.3,9.380,0.597
20211129,295049,null,8.4,null,3.1,9.880,1.198
20211128,298627,null,7.5,12.0,2.5,8.140,1.016
20211127,299225,null,7.7,13.8,2.9,7.960,0.697
20211126,294800,null,7.2,13.3,3.8,8.010,0.982
20211125,299920,null,7.5,10.5,5.8,8.640,0.986
20211124,306828,null,8.7,null,2.7,7.640,0.591
20211123,293245,null,8.0,7.3,2.8,8.690,0.737
20211122,307452,null,7.7,7.8,3.2,10.140,0.719
20211121,306244,null,8.8,6.9,2.4,8.230,0.609
20211120,301906,null,7.7,7.2,2.6,8.200,0.579
20211119,302585,null,9.0,6.5,3.1,8.250,0.509
20211118,307242,null,8.9,null,5.6,9.600,0.412
20211117,309353,null,8.5,7.2,3.8,7.730,0.509
20211116,303309,null,7.2,6.7,7.8,7.830,0.518
20211115,322198,null,7.8,6.8,4.4,10.610,0.528
20211114,309860,null,7.7,7.1,3.7,10.760,0.471
20211113,313345,null,7.0,6.9,3.4,10.100,0.393
20211112,316914,null,8.1,7.2,3.9,9.250,0.563
20211111,326921,null,8.8,7.5,6.6,9.960,0.520
20211110,321573,null,7.9,7.2,2.9,10.010,0.566
20211109,355443,null,8.2,7.0,2.4,9.820,0.498
20211108,383794,null,7.5,8.4,2.9,11.000,0.571
20211107,306842,null,8.2,8.7,3.0,11.690,0.501
20211106,316186,null,7.6,6.4,3.3,11.930,0.546
20211105,312526,null,7.7,7.6,4.6,10.900,0.863
20211104,317490,null,8.0,6.3,4.7,10.140,0.875
20211103,316655,null,7.8,10.5,2.7,10.700,0.858
20211102,308134,null,8.6,12.5,3.4,11.240,0.905
20211101,326160,null,7.3,null,3.8,9.750,0.820
20211031,322428,null,7.2,12.7,3.2,10.270,0.623
20211030,318641,null,7.2,12.7,3.2,10.270,0.623
20211029,305929,null,7.4,11.8,4.1,9.910,0.714
20211028,315546,null,7.4,12.4,4.8,9.290,0.710
20211027,323059,null,8.0,11.7,5.0,10.120,0.701
20211026,314829,null,7.7,13.1,5.4,10.560,0.782
20211025,314075,null,8.2,12.3,4.6,11.910,0.638
20211024,324313,null,8.1,10.5,3.9,8.250,0.450
20211023,321558,null,6.6,11.5,5.0,9.880,0.417
20211022,346948,null,8.1,11.5,5.0,9.880,0.371
20211021,343240,null,7.2,10.9,5.0,7.720,0.497
20211020,320458,null,7.7,10.9,4.4,7.360,0.514
20211019,330861,null,7.9,10.3,4.6,7.420,0.626
20211018,346695,null,7.7,11.1,4.2,8.480,0.324
20211017,366468,null,7.7,10.5,3.7,7.610,0.442
20211016,395318,null,8.0,11.7,4.4,10.570,0.284
20211015,325623,null,7.3,10.6,4.4,6.780,0.694
20211014,334594,null,7.7,11.4,4.9,7.570,0.616
20211013,334441,null,6.9,8.9,4.3,7.610,0.487
20211012,365846,null,7.4,10.4,4.3,8.840,0.529
20211011,336649,null,6.6,11.9,4.2,8.960,0.516
20211010,325726,null,7.0,12.7,3.9,8.870,0.510
20211009,355896,null,7.4,13.3,4.2,8.210,0.318
20211008,350308,null,8.1,11.2,4.6,8.700,0.497
20211007,361972,null,8.2,11.5,3.8,7.150,0.450
20211006,349489,null,7.5,11.2,4.3,9.430,0.444
20211005,350098,null,7.2,12.4,3.9,7.850,0.420
20211004,371104,null,6.6,12.3,3.7,8.500,0.387
20211003,347513,null,7.0,11.7,3.6,7.630,0.412
20211002,369056,null,6.5,11.7,3.9,7.840,0.383
20211001,390752,null,7.9,8.9,3.7,8.610,0.322
20210930,419421,null,7.8,null,3.8,10.710,0.422
20210929,364603,null,8.0,10.2,4.4,8.400,0.380
20210928,353529,null,8.6,9.1,4.3,8.830,0.590
20210927,401535,null,6.9,10.5,4.5,8.140,0.456
20210926,377808,null,6.8,10.7,4.1,8.080,0.612
20210925,401504,null,7.0,null,3.9,8.760,0.778
20210924,399338,null,7.5,10.1,4.1,7.670,0.903
20210923,405144,null,7.8,9.6,4.0,8.220,0.543
20210922,401921,null,7.1,9.6,3.9,7.340,0.529
20210921,432731,null,7.0,9.1,4.9,7.500,0.755
20210920,419628,null,7.3,10.4,3.9,6.990,0.660
20210919,431896,null,8.0,9.6,3.6,5.970,0.670
20210918,413508,null,7.0,9.3,3.4,6.160,0.613
20210917,407489,null,7.9,10.4,3.7,9.190,0.783
20210916,365517,null,7.3,11.3,3.8,6.910,0.594
20210915,400858,null,7.8,11.0,3.6,8.480,0.614
20210914,405756,null,7.4,11.3,4.0,8.240,0.571
20210913,383514,null,8.4,null,3.8,7.910,0.675
20210912,385809,null,9.5,11.0,3.8,7.910,0.675
20210911,403147,null,8.6,11.9,3.8,7.940,0.521
20210910,402125,null,8.6,11.8,4.1,7.730,0.210
20210909,419949,null,6.6,11.8,4.1,6.420,0.730
20210908,442463,null,7.8,11.0,3.6,8.480,0.614
20210907,454361,null,9.2,null,3.9,8.560,0.271
20210906,444024,null,8.1,10.5,3.7,7.340,0.532
20210905,424454,null,8.6,11.4,3.5,7.600,0.444
20210904,490703,null,6.9,10.7,3.5,8.410,0.249
20210903,489975,null,7.5,9.5,3.4,8.630,0.230
20210902,503004,null,8.6,9.5,3.3,8.680,0.291
20210901,453672,null,5.6,11.4,3.7,9.930,0.577
20210831,434857,null,5.5,10.3,3.8,7.780,0.492
20210830,440513,null,7.9,11.0,3.7,7.620,0.537
20210829,442487,null,5.3,10.6,3.8,7.880,0.462
20210828,504048,null,6.3,10.9,4.7,8.730,0.463
20210827,464286,null,6.6,null,3.6,9.072,0.480
20210826,472845,null,6.7,7.5,3.6,8.544,0.591
20210825,486377,null,5.1,7.8,4.2,9.504,0.603
20210824,489035,null,7.1,null,4.4,7.104,0.404
20210823,464267,null,5.9,null,4.2,9.120,0.516
20210822,484997,null,8.0,null,3.6,11.040,0.398
20210821,410703,null,9.0,null,5.2,12.480,0.438
20210820,375878,null,8.4,8.0,1.9,6.880,0.459
20210819,398375,null,6.8,8.1,1.7,6.760,0.502
20210818,445347,null,7.4,7.5,1.7,5.340,0.341
20210817,424832,null,7.8,6.8,2.0,7.110,0.396
20210816,342251,null,7.1,8.1,1.6,7.390,0.464
20210815,390452,null,8.5,9.4,1.4,5.830,0.391
20210814,439909,null,8.5,9.2,1.5,9.180,0.419
20210813,383757,null,6.6,9.6,2.4,9.130,0.385
20210812,346105,null,7.3,10.2,1.9,7.170,0.483
20210811,382131,null,8.4,14.3,2.0,6.740,0.508
20210810,361677,null,7.2,14.8,2.0,6.990,0.429
20210809,402310,null,8.1,15.1,1.9,9.780,0.325
20210808,404006,null,7.7,12.8,1.8,11.430,0.463
20210807,332498,null,6.8,14.2,2.4,10.830,0.571
20210806,331243,null,7.2,11.5,2.3,11.550,0.495
20210805,329874,null,8.1,11.4,3.8,9.260,0.364
20210804,330284,null,7.5,10.9,1.5,8.770,0.332
20210803,323725,null,8.7,10.5,3.1,7.510,0.362
20210802,346994,null,9.8,9.5,2.8,9.100,0.465
20210801,347513,null,8.3,10.5,0.3,8.020,0.400
20210731,361894,null,8.2,9.8,0.6,8.150,0.358
20210730,339111,null,7.1,11.6,2.3,10.660,0.374
20210729,339232,null,7.9,11.1,2.5,9.040,0.420
20210728,375292,null,9.1,9.6,2.4,8.430,0.293
20210727,356484,null,8.5,10.5,2.8,9.020,0.241
20210726,359745,null,8.3,10.2,2.9,10.950,0.304
20210725,369826,null,7.3,9.9,2.0,9.900,0.305
20210724,396082,null,8.6,9.3,2.3,9.580,0.430
20210723,393240,null,6.7,13.7,2.3,11.760,1.288
20210722,388442,null,4.3,7.8,2.1,10.510,0.333
20210721,389796,null,7.7,7.5,2.1,8.800,0.470
20210720,419811,null,8.1,8.1,2.0,6.430,0.275
20210719,425571,null,8.6,8.3,2.0,8.040,0.426
20210718,444048,null,6.4,9.3,1.3,6.360,0.313
20210717,498880,null,6.8,8.9,1.6,8.080,0.360
20210716,427985,null,6.5,7.3,2.1,7.450,0.374
20210715,443806,null,4.3,6.8,0.9,7.560,0.376
20210714,456245,null,4.4,6.7,2.4,9.396,0.454
20210713,479734,null,5.9,null,3.2,8.424,0.511
20210712,413210,null,6.8,5.2,1.2,5.300,0.372
20210711,403227,null,6.4,6.2,0.7,4.960,0.342
20210710,428199,null,6.4,4.8,0.9,7.150,0.325
20210709,437141,null,6.7,6.5,1.0,7.300,0.275
20210708,434415,null,7.4,7.8,0.5,7.020,0.451
20210707,400254,null,8.9,8.3,0.9,6.090,0.338
20210706,462619,null,8.6,9.3,3.6,6.640,0.313
20210705,423521,null,6.2,8.4,5.1,5.320,0.263
20210704,443622,null,7.2,10.0,4.6,7.290,0.272
20210703,370933,null,6.6,10.6,4.2,8.860,0.253
20210702,333844,null,7.5,10.7,2.7,9.850,0.291
20210701,321792,null,7.8,11.1,5.3,10.250,0.341
20210630,340534,null,7.1,10.6,5.9,9.530,0.281
20210629,338557,null,8.3,10.2,8.1,9.080,0.279
20210628,341396,null,7.8,10.2,7.4,9.700,0.342
20210627,346791,null,7.9,12.4,6.1,9.320,0.314
20210626,349955,null,8.8,10.2,6.5,8.050,0.251
20210625,353816,null,6.4,9.8,7.5,8.370,0.295
20210624,352194,null,5.7,10.4,4.3,7.720,0.360
20210623,373117,null,7.1,9.8,5.1,7.020,0.319
20210622,381482,null,6.5,8.5,5.9,6.260,0.274
20210621,404277,null,8.5,11.2,5.3,5.730,0.430
20210620,409922,null,6.6,9.7,3.8,5.570,0.456
20210619,432495,null,7.2,8.7,2.7,5.950,0.303
20210618,458017,null,7.9,9.2,3.1,6.890,0.267
20210617,471712,null,6.5,7.3,2.8,4.320,0.280
20210616,476412,null,9.7,10.9,4.9,4.830,0.246
20210615,440993,null,6.5,9.4,5.2,7.270,0.278
20210614,456993,null,8.0,9.3,3.0,5.680,0.348
20210613,458453,null,7.6,7.9,4.1,4.380,0.230
20210612,488110,null,6.9,9.3,3.2,4.720,0.209
20210611,411444,null,8.5,11.3,3.4,10.060,0.408
20210610,323456,null,6.0,11.5,2.2,9.650,0.575
20210609,329505,null,7.3,10.9,2.0,8.380,0.474
20210608,327097,null,7.8,11.1,5.6,8.570,0.477
20210607,339128,null,4.7,10.8,1.3,7.500,0.433
20210606,332350,null,8.7,12.5,1.5,7.450,0.414
20210605,354999,null,8.4,10.3,1.1,6.990,0.516
20210604,413366,null,8.2,10.1,1.7,8.980,0.355
20210603,363538,null,9.2,12.2,3.5,9.970,0.597
20210602,319178,null,8.1,11.7,6.2,7.280,0.663
20210601,320649,null,9.3,11.3,5.7,9.000,0.727
20210531,336245,null,6.6,10.4,4.6,7.840,0.693
20210530,339046,null,7.8,11.6,4.9,7.870,0.634
20210529,364202,null,7.7,9.8,4.6,7.560,0.453
20210528,349306,null,7.8,11.2,5.5,8.650,0.488
20210527,335414,null,6.8,12.3,3.8,10.030,0.517
20210526,328736,null,8.6,11.3,3.7,10.350,0.501
20210525,341904,null,8.2,13.0,3.7,8.350,0.333
20210524,349820,null,7.0,12.3,3.7,9.020,0.491
20210523,368302,null,8.3,11.4,4.9,8.580,0.507
20210522,389290,null,6.7,11.3,5.2,9.610,0.483
20210521,415667,null,7.6,10.3,4.6,8.480,0.276
20210520,383529,null,6.5,12.5,3.9,8.170,0.808
20210519,400843,null,7.5,11.5,5.0,7.590,0.594
20210518,393659,null,7.5,11.0,4.2,9.840,0.531
20210517,399780,null,8.4,10.5,3.8,6.900,0.467
20210516,425784,null,5.8,10.7,4.2,8.750,0.563
20210515,362246,null,7.8,11.9,4.3,8.680,0.602
20210514,332807,null,5.9,11.8,4.9,8.750,0.598
20210513,315864,null,5.3,null,4.2,8.770,0.514
20210512,321397,null,6.3,null,4.6,8.620,0.569
20210511,306946,null,7.6,11.9,5.3,8.090,0.634
20210510,324740,null,6.4,11.0,4.1,8.090,0.648
20210509,323788,null,7.3,11.1,4.3,8.190,0.579
20210508,322394,null,6.6,11.7,4.5,8.880,0.441
20210507,352377,null,6.5,10.9,3.8,8.470,0.414
20210506,388921,null,6.3,9.5,3.5,6.780,0.535
20210505,439447,null,6.4,11.1,3.9,5.830,0.551
20210504,315161,null,6.7,10.8,4.2,7.130,0.529
20210503,318319,null,6.8,11.0,4.1,6.070,0.464
20210502,313649,null,7.1,10.4,4.4,6.680,0.507
20210501,416837,null,5.9,12.2,4.9,9.400,0.745
20210430,313079,null,7.1,10.1,4.2,7.760,0.473
20210429,313993,null,5.9,13.3,3.4,6.960,0.474
20210428,316805,null,6.9,12.0,3.5,7.190,0.598
20210427,305281,null,6.0,12.0,3.9,8.220,1.257
20210426,316246,null,4.4,9.4,4.4,8.112,0.608
20210425,323844,null,7.9,11.6,3.7,7.750,0.406
20210424,329427,null,8.3,10.7,3.8,8.400,0.164
20210423,321816,null,8.2,10.1,3.9,8.150,0.367
20210422,316624,null,8.0,13.7,4.8,8.500,0.572
20210421,327471,null,7.0,10.6,4.8,9.170,0.559
20210420,328866,null,8.6,10.2,5.1,8.720,0.631
20210419,339039,null,4.4,11.1,4.7,7.450,0.573
20210418,354643,null,5.0,9.6,3.9,8.340,0.583
20210417,374581,null,4.2,10.6,4.2,7.720,0.594
20210416,374773,null,7.0,9.7,4.1,8.070,0.488
20210415,411800,null,7.7,7.8,5.2,7.580,0.604
20210414,448440,null,8.8,9.1,5.2,8.710,0.438
20210413,466795,null,7.1,11.2,5.7,8.660,0.381
20210412,363679,null,8.9,12.0,5.2,9.610,0.675
20210411,330507,null,8.3,11.6,4.7,7.690,0.508
20210410,336352,null,9.3,11.7,4.8,7.970,0.428
20210409,345620,null,6.6,12.1,5.2,9.030,0.401
20210408,350094,null,6.8,8.8,4.8,7.950,0.487
20210407,381036,null,8.2,8.3,5.8,8.880,0.450
20210406,409099,null,7.8,12.0,4.3,8.380,0.659
20210405,424848,null,7.3,11.8,4.3,8.290,0.462
20210404,431581,null,8.2,12.7,4.4,8.420,0.537
20210403,333844,null,8.3,13.6,4.5,9.340,0.405
20210402,315630,null,8.7,12.5,5.3,9.370,0.611
20210401,327162,null,8.6,11.6,4.0,8.500,0.376
20210331,349237,null,8.2,13.3,5.1,9.310,0.289
20210330,381601,null,8.4,13.1,5.9,10.180,0.356
20210329,402311,null,8.8,13.0,4.9,8.910,0.353
20210328,397778,null,8.4,15.5,4.8,11.980,0.505
20210327,315852,null,8.6,14.5,4.8,12.100,0.265
20210326,311276,null,6.8,13.6,6.3,11.270,0.418
20210325,304028,null,9.1,14.8,6.2,11.360,0.737
20210324,307889,null,7.9,14.4,6.7,10.030,0.472
20210323,301124,null,9.5,13.3,5.3,10.520,0.407
20210322,317512,null,9.5,14.4,5.6,9.900,0.544
20210321,337033,null,7.7,14.1,5.0,10.090,0.370
20210320,350033,null,8.4,14.0,7.6,10.820,0.434
20210319,315771,null,7.6,13.8,6.4,10.910,0.496
20210318,299318,null,9.0,13.9,5.7,10.130,0.303
20210317,322585,null,7.0,12.8,6.8,14.676,0.412
20210316,346613,null,7.7,13.8,6.2,13.000,0.241
20210315,327885,null,8.8,12.6,7.5,11.720,0.642
20210314,338219,null,6.4,13.2,6.2,11.450,0.563
20210313,381114,null,6.4,10.8,6.9,10.480,0.179
20210312,364875,null,9.4,12.7,5.9,13.740,0.402
20210311,297847,null,8.4,12.8,6.5,12.260,1.211
20210310,295577,null,7.9,12.4,5.1,11.450,0.313
20210309,308305,null,7.4,13.9,5.8,10.430,0.302
20210308,314548,null,8.1,12.2,5.2,9.690,0.512
20210307,317600,null,7.0,12.0,4.8,10.790,0.376
20210306,328139,null,8.7,12.2,6.3,11.240,0.427
20210305,399865,null,9.0,11.1,6.5,12.180,0.560
20210304,346361,null,7.9,11.3,5.9,11.020,0.301
20210303,358227,null,8.0,12.0,6.0,12.060,0.239
20210302,394686,null,8.3,12.6,4.0,8.090,1.382
20210301,285252,null,9.0,14.4,4.3,10.650,0.782
20210228,292550,null,7.0,14.5,4.0,11.260,0.577
20210227,293600,null,8.0,14.5,4.1,10.340,0.519
20210226,327276,null,8.8,14.1,7.2,13.710,0.601
20210225,275576,null,8.2,14.1,5.6,10.100,0.681
20210224,286351,null,8.3,14.1,5.6,9.980,0.571
20210223,297397,null,8.3,13.2,6.0,11.950,0.556
20210222,298331,null,9.5,10.8,6.5,13.790,0.567
20210221,280032,null,8.0,12.0,5.8,12.910,0.570
20210220,288107,null,8.1,11.4,6.2,13.380,0.500
20210219,292144,null,8.5,12.1,5.3,13.300,0.316
20210218,295645,null,9.5,12.4,6.0,11.510,0.372
20210217,302034,null,9.7,13.3,5.5,11.480,0.325
20210216,308639,null,8.0,14.5,6.2,11.580,0.247
20210215,361628,null,8.9,10.8,5.6,10.670,0.347
20210214,352187,null,9.0,9.7,5.3,12.570,0.082
20210213,267189,null,8.4,10.9,5.5,15.940,0.380
20210212,306022,null,6.6,12.2,6.1,14.210,0.887
20210211,327367,null,6.5,13.5,6.0,12.590,0.413
20210210,340865,null,9.7,13.0,5.4,11.430,0.228
20210209,306283,null,7.8,null,5.3,12.480,0.222
20210208,313342,null,9.8,8.1,5.2,11.920,0.817
20210207,338347,null,6.4,10.6,4.2,12.640,0.740
20210206,334820,null,7.1,12.7,4.7,12.240,0.596
20210205,296892,null,9.4,12.0,5.4,11.430,0.455
20210204,299134,null,8.8,11.1,5.1,11.790,0.347
20210203,311459,null,9.9,11.5,4.8,11.620,0.314
20210202,314293,null,9.1,7.7,6.2,10.510,0.231
20210201,330121,null,8.7,7.8,5.1,14.260,0.779
20210131,280793,null,4.3,7.8,4.5,12.500,0.564
20210130,293119,null,8.0,7.4,4.4,11.780,0.306
20210129,300611,null,9.5,9.7,4.3,13.480,0.597
20210128,315800,null,8.4,6.9,5.0,10.900,0.324
20210127,296639,null,8.6,10.3,5.2,13.408,0.260
20210126,338034,null,9.0,8.2,5.1,14.056,0.864
20210125,317743,null,8.8,12.9,5.4,15.292,0.796
20210124,326008,null,9.8,12.2,5.1,15.504,0.567
20210123,303982,null,8.9,15.1,5.0,14.020,0.744
20210122,330040,null,9.4,9.8,5.8,14.160,0.495
20210121,324718,null,8.2,12.0,5.2,14.224,0.693
20210120,314636,null,8.8,10.7,5.2,13.026,0.459
20210119,312004,null,9.0,10.1,5.2,14.184,0.448
20210118,305485,null,8.3,12.1,6.1,8.760,1.498
20210117,297353,null,8.5,8.4,5.0,8.470,0.842
20210116,319951,null,6.9,7.6,5.0,9.720,0.551
20210115,296121,null,8.0,8.5,5.4,9.220,0.412
20210114,308145,null,7.4,9.5,4.7,9.280,0.637
20210113,313533,null,5.9,9.8,4.9,10.520,0.672
20210112,295887,null,6.7,9.4,5.3,12.760,0.497
20210111,289644,null,7.1,11.1,5.1,14.250,0.495
20210110,280927,null,6.3,10.1,4.5,14.050,0.363
20210109,275502,null,6.9,11.2,5.2,13.160,0.331
20210108,277559,null,8.1,6.7,4.3,12.160,0.422
20210107,271060,null,9.0,10.5,4.2,12.170,0.424
20210106,279991,null,8.7,9.0,4.0,12.612,0.572
20210105,287588,null,7.7,8.8,4.2,12.300,0.557
20210104,297809,null,8.7,9.2,4.7,11.670,0.612
20210103,279608,null,8.0,8.4,4.7,11.600,0.514
20210102,278200,null,7.3,9.5,5.1,12.310,0.499
20210101,278249,null,7.7,9.2,4.7,10.310,0.495
20201231,285876,null,7.5,9.8,4.1,9.660,0.490
20201230,307919,null,8.1,10.0,4.8,9.870,0.530
20201229,286079,null,7.7,9.7,5.4,10.870,0.412
20201228,279118,null,7.2,7.2,4.2,11.310,0.645
20201227,269779,null,7.1,7.9,4.2,11.800,0.547
20201226,276233,null,7.1,7.3,4.2,11.390,0.513
20201225,287577,null,7.2,7.3,4.5,10.500,0.367
20201224,277979,null,7.9,9.3,4.9,11.370,0.391
20201223,278396,null,7.8,7.6,4.6,11.190,0.260
20201222,264099,null,7.9,6.6,4.5,11.790,0.255
20201221,266099,null,7.7,9.8,4.6,13.810,0.756
20201220,268772,null,7.5,11.7,4.9,13.990,0.993
20201219,279469,null,7.7,9.5,4.4,11.240,0.558
20201218,267637,null,7.8,8.4,4.0,11.920,0.349
20201217,284256,null,7.7,11.0,4.0,11.930,0.373
20201216,294318,null,7.5,9.8,4.5,11.390,0.316
20201215,280459,null,7.4,10.3,4.2,11.050,0.326
20201214,282597,null,8.0,10.1,4.5,11.770,0.357
20201213,301265,null,7.7,10.4,4.4,11.830,0.549
20201212,292887,null,7.4,9.7,4.1,11.750,0.384
20201211,290463,null,7.5,7.9,4.5,11.750,0.411
20201210,287128,null,7.7,10.8,4.4,11.300,0.421
20201209,289903,null,7.4,10.3,4.3,12.050,0.534
20201208,286565,null,7.1,10.2,4.8,11.240,0.624
20201207,300127,null,7.6,10.4,5.0,11.140,0.749
20201206,288217,null,7.4,10.0,3.5,10.820,0.782
20201205,293382,null,6.9,7.6,4.2,11.100,0.725
20201204,283376,null,6.5,8.7,4.8,11.710,0.796
20201203,294279,null,7.9,9.1,4.4,10.150,0.744
20201202,292554,null,7.3,7.1,4.6,10.880,0.545
20201201,293603,null,7.5,8.0,4.5,10.780,0.435
20201130,295996,null,7.4,7.9,3.8,7.280,0.547
20201129,303510,null,6.6,6.8,3.7,6.930,0.496
20201128,299567,null,6.6,7.9,6.2,6.350,0.434
20201127,308576,null,3.3,9.4,4.5,7.320,0.510
20201126,299417,null,7.5,7.3,4.4,8.000,0.551
20201125,311777,null,6.4,7.8,4.9,7.090,0.588
20201124,304274,null,6.4,7.5,4.6,7.590,0.466
20201123,317130,null,7.7,6.6,4.8,8.040,0.753
20201122,319677,null,7.7,9.0,3.6,7.530,0.501
20201121,321345,null,7.2,8.6,3.4,6.510,0.354
20201120,360640,null,7.8,7.4,4.2,6.500,0.304
20201119,436200,null,7.6,10.2,4.9,10.480,0.756
20201118,310898,null,7.5,10.8,4.2,9.320,0.582
20201117,293082,null,7.6,13.8,4.6,9.950,0.390
20201116,305847,null,7.8,8.5,4.1,10.590,0.607
20201115,308041,null,7.0,8.6,4.0,10.760,0.635
20201114,310605,null,7.6,8.8,4.4,10.850,0.547
20201113,291013,null,7.7,8.4,5.1,9.580,0.589
20201112,310121,null,7.7,9.5,5.4,8.520,0.670
20201111,293302,null,7.3,7.9,5.4,9.650,0.531
20201110,284480,null,7.4,9.1,5.2,11.340,0.491
20201109,285081,null,7.2,8.6,3.7,11.567,0.821
20201108,308099,null,7.6,9.7,4.3,10.263,0.569
20201107,317473,null,7.5,9.8,4.9,10.657,0.473
20201106,305486,null,7.2,9.8,4.9,10.657,0.473
20201105,303864,null,7.4,8.6,3.4,7.425,0.535
20201104,303302,null,7.0,9.1,3.7,7.105,0.557
20201103,303534,null,7.6,8.2,4.0,8.291,0.561
20201102,326016,null,6.9,8.0,4.0,8.430,0.706
20201101,308121,null,7.3,7.7,2.7,7.669,0.532
20201031,315905,null,6.8,9.4,2.8,6.914,0.508
20201030,316295,null,6.9,8.6,5.2,8.117,0.472
20201029,311344,null,7.7,8.2,3.4,6.878,0.546
20201028,308845,null,7.3,7.0,4.0,8.024,0.598
20201027,309130,null,7.5,5.8,3.7,7.624,0.437
20201026,313565,null,7.6,7.0,3.7,8.697,0.704
20201025,307767,null,6.8,6.6,3.2,8.234,0.534
20201024,311424,null,7.1,7.1,3.5,7.030,0.512
20201023,335567,null,7.7,7.5,3.9,7.132,0.406
20201022,385623,null,7.1,8.2,3.4,5.631,0.413
20201021,299956,null,7.0,9.0,3.4,6.157,0.589
20201020,298103,null,7.7,8.3,4.1,6.666,0.552
20201019,309845,null,7.5,9.7,3.3,7.011,0.703
20201018,298643,null,6.8,10.4,3.7,7.400,0.785
20201017,307042,null,7.3,10.2,2.4,7.386,0.941
20201016,302567,null,7.1,8.4,3.9,8.540,0.657
20201015,307540,null,7.4,8.5,3.3,6.471,0.667
20201014,313191,null,6.9,7.7,3.2,9.362,0.891
20201013,321896,null,7.1,7.9,3.7,10.111,0.670
20201012,323744,null,7.0,6.6,4.7,9.242,0.867
20201011,313393,null,6.8,6.6,2.9,7.962,0.902
20201010,297086,null,6.5,7.4,3.1,8.117,0.758
20201009,310480,null,6.9,7.3,2.8,7.830,0.794
20201008,306818,null,7.4,7.1,3.5,9.310,0.706
20201007,307984,null,7.2,6.4,3.7,7.409,0.739
20201006,301070,null,6.9,7.4,4.8,8.621,0.537
20201005,307480,null,6.6,9.7,3.8,8.611,0.623
20201004,322217,null,6.8,9.6,3.0,8.211,0.614
20201003,318232,null,6.8,8.9,3.2,8.797,0.551
20201002,312909,null,6.8,9.2,3.3,8.289,0.355
20201001,310753,null,6.6,10.1,4.2,8.972,0.922
20200930,340853,null,6.3,9.1,2.6,8.366,0.448
20200929,338448,null,6.9,8.1,3.6,7.238,0.599
20200928,331508,null,6.7,7.3,3.8,7.784,0.673
20200927,334089,null,6.4,8.5,2.7,6.736,0.635
20200926,340820,null,6.4,6.9,2.8,6.708,0.568
20200925,337215,null,6.8,7.9,3.9,8.919,0.393
20200924,345796,null,6.8,6.6,3.3,7.003,0.220
20200923,344534,null,6.6,8.5,2.9,6.772,0.563
20200922,345542,null,6.8,9.1,3.4,7.385,0.556
20200921,356418,null,6.9,10.2,3.1,8.640,0.946
20200920,361724,null,6.6,10.9,3.5,8.327,0.772
20200919,372325,null,6.9,9.2,3.0,6.775,0.517
20200918,440084,null,6.0,9.0,3.3,7.116,0.425
20200917,400115,null,6.8,8.9,3.6,8.073,0.500
20200916,370947,null,6.1,7.7,3.3,8.716,0.444
20200915,403854,null,6.6,8.0,3.5,6.672,0.621
20200914,424065,null,6.4,9.0,3.1,6.983,0.671
20200913,434448,null,4.2,6.9,2.5,7.012,0.531
20200912,475067,null,6.4,6.7,2.6,5.248,0.505
20200911,456585,null,6.4,7.7,3.2,6.205,0.629
20200910,475330,null,5.1,7.7,2.3,5.745,0.627
20200909,492003,null,6.1,7.4,4.8,6.267,0.537
20200908,506228,null,6.2,5.7,2.3,6.398,0.514
20200907,488293,null,6.6,7.1,2.5,9.674,0.616
20200906,504664,null,6.6,6.3,2.6,6.429,0.548
20200905,464166,null,6.3,6.9,2.5,6.594,0.458
20200904,442273,null,6.6,6.6,2.7,6.098,0.453
20200903,450532,null,5.7,9.5,2.9,7.113,0.448
20200902,395726,null,6.9,8.9,2.6,7.952,0.521
20200901,360633,null,6.3,10.4,3.0,7.951,0.441
20200831,378486,null,6.9,12.6,2.5,8.177,0.433
20200830,373663,null,6.6,11.1,2.8,7.284,0.454
20200829,419633,null,5.1,10.0,2.8,5.606,0.249
20200828,446542,null,6.3,11.3,2.9,7.811,0.323
20200827,440467,null,5.4,11.5,3.0,9.511,0.604
20200826,376612,null,6.6,12.2,2.6,8.584,0.458
20200825,390642,null,5.5,11.1,2.6,9.173,0.728
20200824,407300,null,5.3,10.4,2.3,9.263,0.285
20200823,412629,null,5.7,10.5,2.4,8.263,0.166
20200822,399168,null,5.6,10.2,2.7,7.541,0.174
20200821,397416,null,5.9,9.4,2.7,7.153,0.188
20200820,408379,null,4.8,9.8,2.3,7.466,0.695
20200819,425772,null,5.7,9.7,2.3,7.487,0.219
20200818,442595,null,5.8,8.7,2.4,7.521,0.381
20200817,447217,null,6.3,7.7,2.3,6.623,0.361
20200816,458243,null,5.6,7.9,2.3,6.345,0.318
20200815,447958,null,5.1,6.3,2.6,6.049,0.254
20200814,457937,null,5.3,8.3,3.4,5.262,0.387
20200813,476373,null,6.2,6.6,2.2,4.976,0.324
20200812,472828,null,5.9,6.1,2.3,4.735,0.314
20200811,476492,null,3.8,5.6,2.7,5.212,0.299
20200810,491858,null,4.5,6.6,2.3,5.319,0.303
20200809,495656,null,5.5,6.0,2.3,5.447,0.250
20200808,507574,null,5.4,5.6,2.6,5.832,0.184
20200807,420407,null,6.1,6.1,2.8,6.273,0.277
20200806,439004,null,4.8,9.1,2.5,6.925,0.456
20200805,417538,null,5.3,7.6,2.4,5.946,0.324
20200804,426194,null,4.1,7.7,2.4,6.293,0.334
20200803,430418,null,4.4,5.3,2.3,5.678,0.510
20200802,457426,null,5.5,4.6,2.4,5.375,0.467
20200801,469182,null,4.8,3.5,2.6,5.312,0.306
20200731,471533,null,5.4,4.4,3.9,5.522,0.373
20200730,494429,null,3.8,7.2,2.4,5.500,0.375
20200729,480628,null,2.3,7.0,2.6,5.136,0.322
20200728,493821,null,3.1,6.2,2.6,4.855,0.365
20200727,459366,null,5.7,6.1,2.4,6.076,0.439
20200726,442928,null,5.6,5.0,2.4,5.965,0.311
20200725,478626,null,4.5,4.9,2.5,7.060,0.261
20200724,495626,null,5.2,4.4,3.4,7.068,0.361
20200723,487313,null,6.2,4.7,2.2,6.244,0.284
20200722,465454,null,8.3,6.6,2.4,5.086,0.487
20200721,462115,null,4.9,9.7,2.3,5.511,0.523
20200720,447945,null,6.0,8.1,3.6,7.139,0.733
20200719,414045,null,5.8,8.4,3.0,6.647,0.620
20200718,432476,null,6.1,7.4,3.0,6.716,0.737
20200717,451409,null,6.5,6.8,3.3,6.028,0.571
20200716,458483,null,5.8,6.3,3.5,6.619,0.514
20200715,466008,null,3.3,6.5,3.5,6.965,0.560
20200714,472191,null,6.1,3.7,3.5,7.504,0.544
20200713,468648,null,5.5,3.7,3.0,5.582,0.675
20200712,461894,null,5.8,3.5,2.9,5.608,0.599
20200711,476893,null,6.1,4.6,3.0,6.265,0.681
20200710,470204,null,5.6,5.7,3.4,8.364,0.510
20200709,348204,null,5.6,8.1,3.4,7.410,0.477
20200708,358819,null,6.4,8.4,3.8,8.292,0.746
20200707,378830,null,5.8,7.5,3.4,8.505,0.610
20200706,370011,null,6.8,7.0,3.3,7.981,0.758
20200705,373540,null,4.8,6.3,3.2,6.474,0.576
20200704,431952,null,5.5,8.2,3.2,7.016,0.590
20200703,414895,null,5.4,7.4,3.5,6.579,0.689
20200702,443059,null,6.6,6.5,3.1,6.756,0.694
20200701,489595,null,3.7,5.6,3.2,7.022,0.514
20200630,484605,null,6.0,5.3,3.6,5.986,0.459
20200629,388868,null,6.3,7.1,3.2,7.249,0.670
20200628,360622,null,6.9,5.4,3.2,6.567,0.653
20200627,401512,null,5.8,5.3,3.5,5.303,0.658
20200626,453302,null,5.1,6.2,3.5,4.278,0.716
20200625,500955,null,5.6,8.7,3.2,8.438,0.586
20200624,341689,null,4.6,9.8,3.2,9.026,0.831
20200623,327488,null,6.1,6.6,4.0,9.181,0.676
20200622,336690,null,5.7,7.5,3.5,6.694,0.629
20200621,348212,null,5.7,7.3,3.1,6.474,0.715
20200620,360201,null,6.5,6.2,3.3,5.930,0.789
20200619,455841,null,6.5,6.2,3.8,6.497,0.623
20200618,458946,null,5.4,9.2,4.0,8.656,0.696
20200617,322386,null,6.2,9.4,4.1,7.746,0.858
20200616,330461,null,6.8,9.8,3.9,6.408,0.609
20200615,380360,null,5.9,9.8,3.5,5.861,0.889
20200614,383000,null,5.6,8.4,3.2,5.812,0.599
20200613,377282,null,5.2,9.6,3.2,7.352,0.896
20200612,317078,null,6.6,9.1,3.9,6.801,0.635
20200611,373877,null,5.4,11.4,4.0,9.154,0.833
20200610,302736,null,7.0,9.9,3.2,7.317,0.870
20200609,291224,null,7.0,9.0,3.5,7.981,0.907
20200608,300725,null,5.9,9.4,2.9,7.359,1.003
20200607,302320,null,6.6,9.8,2.8,7.092,0.765
20200606,300204,null,6.1,9.4,3.2,6.495,0.665
20200605,313872,null,6.2,9.8,3.7,6.974,0.712
20200604,308458,null,6.1,9.8,3.1,7.551,0.646
20200603,292313,null,5.8,10.6,3.0,7.839,0.840
20200602,298513,null,6.5,11.2,2.8,7.496,0.712
20200601,311956,null,6.0,11.3,2.8,8.937,1.146
20200531,310127,null,6.4,9.8,2.8,7.951,0.921
20200530,297803,null,6.8,10.1,3.0,7.970,0.725
20200529,304027,null,6.2,11.0,3.1,8.191,0.733
20200528,302799,null,6.7,10.2,2.0,9.452,0.607
20200527,315715,null,6.8,10.4,2.4,9.320,0.698
20200526,306906,null,5.5,10.2,2.6,10.255,0.751
20200525,311323,null,6.1,8.5,3.1,10.692,0.904
20200524,319943,null,6.4,7.7,2.2,10.175,0.980
20200523,315015,null,5.8,8.8,3.2,9.844,0.964
20200522,309310,null,6.5,9.6,5.4,10.659,1.041
20200521,306584,null,5.5,8.5,3.7,8.813,0.909
20200520,319539,null,6.7,8.9,3.3,8.387,0.618
20200519,355602,null,7.0,8.8,3.2,9.641,0.736
20200518,351273,null,6.5,6.4,2.5,10.182,0.444
20200517,320965,null,6.4,6.6,2.1,10.738,0.676
20200516,355682,null,6.4,6.7,2.1,10.520,0.819
20200515,390228,null,6.7,7.3,4.2,9.556,0.678
20200514,313957,null,6.2,9.7,2.2,9.446,0.667
20200513,323624,null,6.1,10.5,2.1,8.816,0.492
20200512,341763,null,5.9,10.1,2.7,9.244,0.551
20200511,384243,null,6.8,7.6,2.4,9.466,0.729
20200510,468281,null,6.9,7.1,2.2,9.196,0.545
20200509,419219,null,6.3,13.9,2.8,12.981,1.405
20200508,317824,null,7.7,9.9,2.7,10.134,0.539
20200507,315926,null,6.6,11.1,2.2,10.526,0.401
20200506,317894,null,6.5,10.2,2.6,11.220,0.393
20200505,313004,null,6.5,11.3,2.7,8.229,0.414
20200504,378998,null,6.5,8.1,3.0,8.720,0.393
20200503,398251,null,7.1,11.2,3.9,11.814,0.888
20200502,316617,null,6.9,9.6,2.6,11.648,0.679
20200501,324421,null,6.7,9.5,2.6,10.600,0.675
20200430,310601,null,6.2,9.3,3.2,9.072,0.635
20200429,312752,null,6.6,10.3,3.0,9.926,0.674
20200428,310166,null,7.0,8.7,2.3,8.955,0.698
20200427,313267,null,6.3,9.7,2.6,8.821,0.600
20200426,319046,null,6.1,9.0,2.8,8.822,0.721
20200425,327559,null,6.1,7.2,2.8,10.441,0.704
20200424,323209,null,6.6,9.0,3.1,9.514,0.673
20200423,336217,null,6.4,9.7,2.5,8.285,0.660
20200422,345481,null,6.8,10.0,2.8,7.613,0
20200421,385982,null,7.1,8.1,3.7,7.362,0.639
20200420,468439,null,6.0,7.9,3.0,6.548,0.739
20200419,371434,null,6.1,7.6,2.5,6.047,0.598
20200418,404273,null,6.6,7.2,2.5,6.959,0.511
20200417,351962,null,6.4,9.1,2.7,8.289,0.623
20200416,298839,null,6.5,10.0,2.9,9.225,0.795
20200415,299441,null,5.8,10.6,3.0,9.078,0.760
20200414,298489,null,6.0,8.6,3.5,9.135,0.608
20200413,331934,null,6.8,10.0,6.3,11.031,0.787
20200412,371994,null,5.8,13.7,5.2,12.777,1.192
20200411,297792,null,5.3,13.7,4.2,10.037,0.937
20200410,290307,null,6.1,9.1,4.2,9.724,0.701
20200409,295598,null,6.4,9.4,3.9,7.964,0.770
20200408,302452,null,6.8,9.4,3.2,8.325,0.669
20200407,301329,null,7.3,9.1,4.0,8.634,0.598
20200406,306410,null,7.4,8.5,3.7,9.070,0.611
20200405,308708,null,6.9,8.0,3.6,9.423,0.521
20200404,310753,null,7.8,11.0,5.7,9.345,1.104
20200403,307846,null,8.9,9.2,3.1,7.832,0.780
20200402,306586,null,6.3,9.8,3.6,8.397,0.688
20200401,320814,null,5.8,8.4,3.4,8.067,0.646
20200331,308819,null,7.7,8.0,3.6,7.488,0.573
20200330,319015,null,8.7,7.8,3.0,7.681,0.594
20200329,321980,null,6.0,9.0,3.3,7.946,0.655
20200328,339679,null,6.6,12.1,3.3,8.346,0.973
20200327,385102,null,6.8,8.8,4.8,8.847,0.947
20200326,297900,null,7.9,11.4,5.6,8.978,1.068
20200325,292729,null,7.9,12.5,4.2,8.832,1.095
20200324,293851,null,6.7,9.3,3.5,7.885,0.650
20200323,295453,null,6.0,8.9,3.7,9.220,0.646
20200322,304214,null,6.9,8.8,3.4,9.542,0.663
20200321,308707,null,6.3,9.4,3.3,9.165,0.571
20200320,301511,null,6.3,9.6,3.7,9.367,0.762
20200319,301476,null,6.4,10.6,3.5,9.274,0.876
20200318,306634,null,8.9,10.4,3.1,8.874,0.784
20200317,307505,null,9.2,9.2,2.8,8.866,0.837
20200316,314578,null,8.7,10.4,3.4,9.729,1.047
20200315,322351,null,8.6,10.1,3.7,9.728,0.923
20200314,328819,null,9.4,11.9,3.6,9.237,0.822
20200313,328608,null,8.6,11.1,4.2,9.514,0.902
20200312,341923,null,8.2,11.1,5.6,7.988,0.728
20200311,374721,null,8.8,9.5,3.8,9.892,0.753
20200310,440689,null,8.0,10.3,5.3,9.911,0.923
20200309,315585,null,8.6,10.0,4.3,9.433,0.922
20200308,350764,null,7.8,14.4,3.9,10.718,0.971
20200307,326679,null,8.0,10.5,4.2,9.335,0.841
20200306,316020,null,7.4,10.8,3.6,10.396,0.804
20200305,312005,null,8.5,9.7,2.5,10.330,0.793
20200304,319837,null,8.6,9.6,2.6,10.009,0.704
20200303,320928,null,8.3,9.6,3.6,9.072,0.688
20200302,339859,null,8.1,9.5,2.9,9.658,0.722
20200301,347826,null,7.6,8.1,3.1,9.282,0.735
20200229,361266,null,8.0,8.9,3.4,10.195,0.753
20200228,372385,null,6.8,7.6,5.8,10.615,0.793
20200227,457133,null,7.0,7.2,3.8,10.253,0.849
20200226,423669,null,6.1,9.5,4.2,10.443,0.807
20200225,394208,null,7.0,9.0,5.2,11.219,0.715
20200224,313312,null,6.7,7.3,3.3,10.166,0.536
20200223,316929,null,7.5,8.1,3.5,8.989,0.552
20200222,363980,null,7.2,7.8,3.3,9.616,0.664
20200221,320957,null,8.9,8.9,4.0,9.834,0.770
20200220,318718,null,8.0,9.5,3.6,9.910,0.812
20200219,314466,null,9.7,10.8,3.5,9.402,0.758
20200218,315912,null,9.2,10.1,4.2,10.965,0.705
20200217,327438,null,9.5,7.5,3.6,10.538,0.623
20200216,391712,null,9.0,7.6,5.5,11.087,0.986
20200215,349350,null,8.1,7.8,4.1,7.902,0.610
20200214,364522,null,9.6,9.2,5.5,8.610,0.966
20200213,401951,null,8.8,11.8,5.9,8.994,0.838
20200212,355704,null,9.7,10.4,8.1,10.575,0.776
20200211,314923,null,8.7,9.0,4.9,9.417,0.638
20200210,309561,null,9.4,7.8,4.3,10.042,0.625
20200209,320352,null,9.4,11.2,4.0,10.081,0.701
20200208,311523,null,8.3,9.0,4.9,9.494,0.502
20200207,320120,null,8.7,9.4,5.1,9.755,0.744
20200206,312620,null,8.2,10.7,2.1,9.190,0.467
20200205,315636,null,8.5,10.1,2.5,9.247,0.490
20200204,323358,null,9.7,11.9,2.4,8.569,0.405
20200203,336256,null,8.6,10.7,3.3,10.274,0.733
20200202,342684,null,9.5,10.2,3.5,9.375,0.516
20200201,351212,null,8.4,10.8,2.5,9.706,0.573
20200131,369172,null,9.2,8.8,4.8,8.755,0.636
20200130,384190,null,9.2,9.6,4.9,10.429,0.663
20200129,397477,null,9.2,8.8,5.6,11.597,0.556
20200128,400268,null,9.4,10.0,4.3,10.829,0.595
20200127,395642,null,8.3,10.1,5.1,13.570,0.573
20200126,290600,null,9.8,10.1,4.2,11.771,0.234
20200125,313062,null,8.8,9.7,5.8,10.121,1.025
20200124,331074,null,8.5,10.4,4.8,9.933,0.741
20200123,353675,null,9.1,9.8,3.5,9.328,0.633
20200122,309404,null,8.3,11.4,4.3,11.768,0.899
20200121,305132,null,9.2,10.3,4.0,10.695,0.594
20200120,303572,null,9.0,8.8,4.2,10.678,0.523
20200119,307107,null,9.3,8.0,4.7,10.489,0.397
20200118,326462,null,9.2,9.3,4.4,10.774,0.516
20200117,298653,null,9.0,9.3,3.9,10.852,0.592
20200116,298366,null,8.1,9.8,4.5,10.876,1.012
20200115,307143,null,9.1,9.5,4.3,11.190,1.148
20200114,295727,null,8.2,8.3,4.2,11.430,0.696
20200113,303721,null,9.3,8.4,4.2,10.209,0.689
20200112,321826,null,8.9,9.2,4.5,7.965,0.589
20200111,322580,null,8.0,9.0,4.5,9.877,1.115
20200110,327234,null,9.2,8.1,4.1,8.263,0.771
20200109,350644,null,7.5,8.1,5.8,7.943,0.587
20200108,421677,null,8.9,7.3,4.8,8.463,0.500
20200107,410779,null,9.0,8.1,5.6,10.271,0.672
20200106,331302,null,9.4,10.2,4.3,11.809,0.873
20200105,281497,null,8.3,11.0,5.8,11.231,0.925
20200104,308747,null,7.3,11.3,5.4,11.480,0.768
20200103,288039,null,9.4,10.7,4.3,10.809,0.802
20200102,296944,null,8.4,10.5,4.1,9.525,0.708
20200101,284464,null,9.5,10.5,4.1,9.525,0.708
20191231,294050,null,9.1,11.4,4.1,8.408,0.604
20191230,344336,null,7.1,8.3,4.6,9.928,0.446
20191229,278067,null,7.4,10.0,5.5,9.919,0.514
20191228,292105,null,8.9,10.6,3.0,8.987,0.483
20191227,294287,null,8.8,10.6,3.4,9.246,0.439
20191226,294880,null,8.5,10.3,3.8,10.324,0.501
20191225,288188,null,7.1,10.6,4.7,9.083,0.476
20191224,285811,null,8.1,9.9,4.0,8.468,0.677
20191223,297173,null,7.8,11.1,4.4,8.306,0.721
20191222,297578,null,8.0,9.9,2.7,9.367,0.716
20191221,305833,null,8.2,11.1,4.4,8.306,0.721
20191220,295599,null,8.0,9.6,3.5,8.444,0.623
20191219,298050,null,9.0,11.6,3.5,8.952,0.596
20191218,300235,null,9.3,11.3,3.4,8.775,0.532
20191217,289173,null,9.0,10.8,4.1,10.033,0.467
20191216,302507,null,8.9,7.9,3.5,9.789,0.558
20191215,308251,null,8.8,8.7,4.1,9.867,0.514
20191214,312468,null,8.3,8.6,4.2,10.247,0.791
20191213,301500,null,7.9,9.0,3.7,9.493,0.761
20191212,300710,null,8.1,9.2,3.9,9.273,0.481
20191211,311198,null,7.7,11.3,3.5,10.364,0.851
20191210,304301,null,9.6,10.7,3.9,11.919,0.583
20191209,306789,null,9.1,10.7,3.8,11.638,0.875
20191208,314799,null,9.2,9.5,3.1,10.508,0.775
20191207,315260,null,8.8,10.4,3.6,9.740,0.552
20191206,306549,null,9.5,10.7,3.1,9.807,0.671
20191205,316556,null,9.3,12.4,3.1,10.456,0.697
20191204,320971,null,8.9,11.9,3.7,10.908,0.737
20191203,327428,null,9.4,9.4,3.3,9.893,0.580
20191202,385106,null,7.0,9.6,3.5,8.959,0.493
20191201,330865,null,7.7,10.7,3.5,10.188,0.620
20191130,307091,null,9.6,10.8,3.6,8.801,0.567
20191129,302293,null,7.9,10.2,3.3,9.525,0.504
20191128,301826,null,7.5,10.5,3.4,8.927,0.529
20191127,297283,null,7.8,10.7,3.5,9.228,0.607
20191126,294780,null,6.4,9.7,3.3,8.638,0.672
20191125,308265,null,2.7,10.7,3.4,10.885,0.751
20191124,307747,null,5.6,10.7,3.6,10.407,0.642
20191123,318344,null,6.0,9.5,4.2,9.533,0.707
20191122,311567,null,8.1,9.9,3.4,9.587,0.598
20191121,310152,null,6.7,10.7,3.2,10.327,0.657
20191120,311447,null,6.2,10.9,3.1,9.310,0.674
20191119,313348,null,3.7,8.6,3.6,10.119,0.394
20191118,415457,null,3.2,10.5,4.6,9.557,0.923
20191117,305902,null,5.6,9.8,4.8,8.071,0.570
20191116,309098,null,6.2,9.6,4.9,7.350,0.582
20191115,305203,null,7.4,9.6,3.9,10.416,0.774
20191114,307997,null,7.3,10.0,3.6,9.486,0.877
20191113,304598,null,6.8,10.7,3.9,8.555,0.675
20191112,308673,null,4.1,10.7,4.0,7.525,0.741
20191111,348602,null,6.3,10.4,3.4,9.281,0.997
20191110,314651,null,7.7,10.4,3.4,8.281,0.997
20191109,319744,null,5.9,9.9,4.1,7.728,0.861
20191108,310714,null,6.9,9.9,4.1,7.728,0.861
20191107,318080,null,7.6,9.6,3.7,8.281,0.976
20191106,329417,null,6.2,10.7,3.3,8.530,0.880
20191105,323428,null,6.4,9.3,3.8,8.997,0.628
20191104,323605,null,6.9,9.1,3.2,8.624,0.718
20191103,336343,null,6.4,8.4,3.1,7.986,0.740
20191102,323878,null,5.8,9.4,3.2,7.275,0.921
20191101,321904,null,5.4,8.3,3.2,9.568,0.921
20191031,320821,null,8.9,8.6,3.6,9.526,0.906
20191030,324261,null,7.9,8.0,4.0,9.802,0.923
20191029,320659,null,7.3,7.9,3.2,8.733,0.835
20191028,338667,null,5.1,8.5,2.8,9.031,0.736
20191027,335038,null,6.2,8.8,3.2,9.064,0.796
20191026,338823,null,5.8,8.9,3.4,8.964,0.721
20191025,341143,null,5.3,7.6,2.8,9.000,0.884
20191024,342541,null,6.3,9.5,2.5,8.838,0.700
20191023,339694,null,6.5,6.5,3.2,8.177,0.900
20191022,347209,null,3.5,7.6,2.9,8.145,0.816
20191021,358302,null,6.4,7.6,4.3,9.046,0.870
20191020,378923,null,6.9,7.9,3.3,8.689,0.892
20191019,392590,null,6.0,6.6,3.7,7.943,0.539
20191018,422182,null,6.8,8.6,3.5,9.072,0.821
20191017,339914,null,3.1,8.8,4.4,8.241,0.722
20191016,338508,null,7.0,10.2,3.8,8.640,0.939
20191015,336978,null,7.3,10.1,3.3,8.546,0.832
20191014,351868,null,6.4,9.2,3.0,7.786,0.900
20191013,358724,null,4.1,9.6,3.8,8.492,0.788
20191012,362913,null,3.9,7.7,4.2,7.844,0.677
20191011,362470,null,3.5,8.7,3.3,8.150,0.809
20191010,368096,null,4.4,8.5,3.9,8.172,0.841
20191009,390422,null,3.4,8.4,3.0,7.116,0.920
20191008,399052,null,4.9,5.8,3.3,8.062,0.786
20191007,418006,null,6.1,7.2,3.0,9.034,0.858
20191006,438641,null,7.5,6.2,3.2,8.335,0.634
20191005,484069,null,3.7,5.6,2.8,7.318,0.594
20191004,499659,null,6.1,6.2,3.2,7.589,0.576
20191003,506155,null,3.3,7.1,3.4,8.366,0.758
20191002,470749,null,5.8,6.3,3.0,7.229,0.863
20191001,458334,null,6.0,9.7,3.3,6.801,0.786
20190930,453143,null,3.6,7.9,3.2,7.460,0.785
20190929,472707,null,4.5,7.1,3.1,6.606,0.672
20190928,486471,null,2.3,7.4,3.2,6.663,0.596
20190927,389926,null,6.7,8.2,3.4,7.496,0.718
20190926,415110,null,6.4,8.3,3.4,7.851,0.795
20190925,437852,null,7.5,7.2,3.2,8.564,0.796
20190924,481491,null,7.5,6.6,4.2,8.292,0.773
20190923,480375,null,7.6,6.4,3.8,8.426,0.841
20190922,500010,null,6.8,7.2,3.6,8.787,0.633
20190921,435181,null,8.6,8.5,3.4,9.456,0.531
20190920,325022,null,7.8,8.5,3.0,8.964,0.822
20190919,336542,null,6.0,10.0,3.0,9.243,0.556
20190918,326695,null,4.2,9.6,3.2,9.940,0.516
20190917,326956,null,7.3,8.9,3.3,9.742,0.670
20190916,364116,null,6.3,9.5,3.6,10.770,0.543
20190915,355732,null,4.2,9.1,2.9,9.964,0.507
20190914,345054,null,4.0,8.4,2.8,10.837,0.310
20190913,348076,null,3.8,9.3,3.2,9.817,0.558
20190912,418067,null,4.1,10.0,3.2,8.314,0.447
20190911,443568,null,4.8,9.4,3.5,8.660,0.429
20190910,375483,null,4.9,8.5,3.4,9.091,0.483
20190909,403788,null,5.6,7.6,3.2,8.144,0.629
20190908,407168,null,4.5,6.3,2.7,7.478,0.575
20190907,461047,null,5.5,8.7,2.8,8.309,0.480
20190906,392735,null,6.0,7.6,3.2,7.650,0.570
20190905,415438,null,4.0,8.5,3.4,7.940,0.819
20190904,394070,null,3.9,8.0,3.2,7.530,0.843
20190903,393693,null,3.5,6.6,3.1,7.680,0.638
20190902,399345,null,3.6,6.9,3.3,9.270,0.515
20190901,344867,null,6.6,7.6,2.9,8.187,0.678
20190831,349481,null,6.6,8.0,3.7,8.127,0.557
20190830,360995,null,6.0,7.6,3.4,8.610,0.660
20190829,369965,null,6.5,7.5,2.9,8.538,0.570
20190828,373192,null,5.6,6.6,3.0,8.934,0.778
20190827,411822,null,6.2,6.8,2.8,9.740,0.361
20190826,370476,null,8.4,7.4,2.8,9.956,0.501
20190825,374925,null,8.8,5.9,3.0,9.401,0.468
20190824,426741,null,3.0,5.7,2.8,9.728,0.483
20190823,432465,null,6.4,5.6,3.0,9.918,0.520
20190822,453732,null,7.5,5.5,2.8,9.842,0.336
20190821,343725,null,8.2,7.3,3.0,10.022,0.457
20190820,332068,null,7.2,7.9,3.2,10.666,0.753
20190819,339838,null,5.0,9.9,2.9,9.820,0.913
20190818,363335,null,5.9,9.0,3.0,10.325,0.488
20190817,356409,null,6.8,9.2,3.3,10.014,0.554
20190816,377506,null,7.1,8.9,3.3,10.331,0.646
20190815,411397,null,5.1,9.9,3.0,10.862,0.546
20190814,363759,null,5.0,8.4,3.1,10.500,0.326
20190813,357351,null,4.5,10.0,3.6,11.030,0.537
20190812,373638,null,3.7,9.7,3.3,11.172,0.491
20190811,361432,null,6.7,7.3,2.9,11.725,1.217
20190810,391834,null,6.1,9.3,3.1,10.430,0.626
20190809,411317,null,6.4,7.6,3.3,9.260,0.603
20190808,423820,null,7.1,6.4,3.2,9.754,0.643
20190807,437722,null,6.7,5.5,4.2,8.610,0.478
20190806,378532,null,8.6,9.2,3.1,9.508,0.535
20190805,342092,null,7.3,5.9,3.4,9.735,0.480
20190804,343184,null,5.0,6.0,2.5,9.906,0.509
20190803,339564,null,6.3,7.3,3.9,9.748,0.796
20190802,358915,null,6.4,8.6,3.5,7.770,0.387
20190801,359143,null,8.1,8.7,1.9,7.809,0.498
20190731,415501,null,4.1,9.5,1.8,7.861,0.489
20190730,384662,null,3.6,11.9,1.9,9.539,0.668
20190729,410459,null,2.7,10.4,1.9,7.634,0.573
20190728,417586,null,3.4,10.2,2.1,7.538,0.509
20190727,428145,null,2.2,9.8,2.2,9.219,0.523
20190726,422711,null,2.5,9.5,2.4,8.290,0.618
20190725,420982,null,3.0,9.7,1.3,7.770,0.693
20190724,459449,null,2.2,9.0,1.7,8.024,0.714
20190723,448118,null,5.6,9.0,1.8,8.140,0.737
20190722,451165,null,6.8,6.7,2.6,6.191,1.059
20190721,495017,null,7.0,6.7,2.6,6.191,1.059
20190720,466928,null,6.7,7.1,2.8,6.171,0.868
20190719,420013,null,8.0,7.6,2.7,6.840,0.573
20190718,432541,null,6.0,8.3,4.2,8.200,0.718
20190717,333350,null,7.1,9.7,2.7,8.210,0.634
20190716,335173,null,7.1,9.0,2.9,8.030,0.509
20190715,342608,null,8.4,8.4,2.8,8.309,0.741
20190714,365984,null,7.8,8.2,2.7,8.837,0.549
20190713,372961,null,6.5,7.7,3.0,7.772,0.603
20190712,409901,null,6.3,7.4,3.2,7.920,0.825
20190711,486941,null,6.8,7.0,3.3,7.124,0.602
20190710,384897,null,7.9,9.6,2.8,8.820,0.450
20190709,320989,null,4.1,7.7,3.1,8.268,0.425
20190708,333875,null,3.6,8.9,3.0,9.661,0.750
20190707,341720,null,5.2,7.6,2.8,9.210,0.655
20190706,360512,null,4.5,8.2,2.7,8.245,0.569
20190705,368285,null,2.8,7.4,3.2,7.105,0.830
20190704,386388,null,4.4,7.7,4.4,6.132,0.565
20190703,403694,null,4.8,7.7,3.0,5.520,0.690
20190702,449189,null,4.2,6.5,3.1,7.043,0.857
20190701,460650,null,5.2,6.3,3.8,6.467,0.728
20190630,477590,null,6.3,6.5,2.7,6.604,0.891
20190629,445071,null,5.6,6.9,2.7,6.650,0.749
20190628,497494,null,6.8,5.6,3.3,7.280,0.729
20190627,515968,null,6.0,5.5,3.0,6.530,0.747
20190626,403208,null,6.6,8.6,2.9,6.670,0.722
20190625,294760,null,5.0,8.2,2.8,7.226,0.709
20190624,290644,null,4.2,7.1,2.9,7.561,0.577
20190623,296703,null,7.1,7.1,2.6,7.170,0.771
20190622,300113,null,7.2,8.7,2.8,9.198,0.457
20190621,299507,null,6.6,7.5,3.3,7.841,0.717
20190620,305872,null,1.9,8.1,3.2,7.891,0.698
20190619,304778,null,6.5,8.6,3.5,7.751,0.636
20190618,300378,null,4.0,8.8,3.0,7.403,0.593
20190617,312494,null,3.9,8.8,2.5,7.820,0.777
20190616,334383,null,5.8,7.1,2.6,7.170,0.771
20190615,360197,null,6.4,8.7,2.8,8.198,0.457
20190614,344578,null,8.3,8.2,2.9,9.209,0.235
20190613,309701,null,8.8,10.0,2.6,9.549,0.234
20190612,309044,null,8.2,8.9,2.8,9.778,0.674
20190611,309373,null,6.5,7.4,2.6,9.238,0.735
20190610,321467,null,7.0,6.6,2.6,9.080,0.841
20190609,336986,null,6.6,6.1,2.7,8.580,0.789
20190608,392297,null,7.2,4.1,2.8,8.837,0.563
20190607,464155,null,4.6,7.4,3.2,9.177,0.594
20190606,319758,null,6.1,7.8,2.9,8.296,0.769
20190605,304276,null,5.5,10.3,3.3,9.700,0.657
20190604,307232,null,4.5,4.8,3.0,7.981,0.684
20190603,301322,null,3.5,5.6,3.2,7.320,0.722
20190602,309019,null,5.0,6.3,3.0,8.908,0.617
20190601,315346,null,4.8,6.7,3.3,8.406,0.571
20190531,316566,null,5.2,6.5,3.4,7.290,0.653
20190530,324518,null,6.6,7.6,3.3,7.150,0.565
20190529,351064,null,8.4,6.2,3.6,8.436,0.886
20190528,434213,null,4.9,5.2,3.0,7.980,0.498
20190527,357107,null,4.2,8.7,4.1,9.562,0.773
20190526,319094,null,3.5,8.2,3.0,8.187,0.497
20190525,305334,null,6.0,8.8,3.4,8.889,0.635
20190524,307952,null,8.2,7.9,3.3,9.640,0.656
20190523,311686,null,5.5,9.3,3.4,9.993,0.779
20190522,301699,null,8.0,8.6,3.5,9.546,0.502
20190521,315123,null,6.0,7.9,3.5,9.705,0.557
20190520,408103,null,6.4,7.5,3.7,8.290,0.680
20190519,365144,null,5.7,6.3,3.4,8.371,0.686
20190518,340240,null,7.5,9.8,3.7,9.640,0.450
20190517,297952,null,8.6,8.8,4.0,8.679,0.490
20190516,299001,null,8.0,7.3,4.1,8.851,0.535
20190515,299943,null,5.6,9.8,3.8,9.478,0.627
20190514,295863,null,6.0,7.0,3.8,6.909,1.099
20190513,296708,null,6.3,7.3,4.1,7.832,0.748
20190512,295691,null,6.2,7.1,4.0,7.408,0.799
20190511,301152,null,6.5,8.0,4.0,8.606,0.760
20190510,293163,null,5.5,9.0,4.4,8.649,0.790
20190509,292998,null,5.6,9.9,2.3,9.261,0.716
20190508,290859,null,2.5,10.5,2.5,8.870,0.616
20190507,299335,null,5.2,8.8,2.7,10.132,0.723
20190506,307249,null,5.6,8.7,2.6,10.103,0.974
20190505,297011,null,4.7,8.4,2.3,9.749,0.843
20190504,307670,null,5.4,8.2,2.3,9.108,0.874
20190503,316843,null,6.1,8.4,2.4,9.752,0.805
20190502,330264,null,4.4,9.0,2.9,10.291,0.945
20190501,349184,null,5.2,8.2,2.6,11.529,0.941
20190430,380472,null,6.4,8.2,2.6,10.200,0.653
20190429,336966,null,5.4,8.4,2.6,12.125,0.880
20190428,302100,null,8.7,8.4,2.4,10.664,0.904
20190427,329537,null,6.2,8.4,2.3,9.571,0.700
20190426,341892,null,7.7,8.7,2.4,11.064,0.809
20190425,321179,null,8.6,8.9,2.3,10.042,0.986
20190424,397960,null,7.6,9.0,3.6,10.473,0.744
20190423,302855,null,4.7,9.9,2.2,10.660,0.492
20190422,297401,null,8.8,9.4,2.4,11.541,0.826
20190421,304343,null,6.6,8.8,2.1,11.613,0.765
20190420,305550,null,1.1,10.9,2.2,10.445,0.574
20190419,295917,null,8.0,9.3,2.3,9.750,0.699
20190418,300333,null,8.5,11.1,2.4,9.980,0.649
20190417,295060,null,8.2,9.6,2.3,9.603,0.620
20190416,307643,null,7.3,9.9,2.5,9.716,0.673
20190415,302434,null,6.0,9.4,2.5,10.732,0.859
20190414,303614,null,8.9,9.2,2.2,9.721,0.747
20190413,305735,null,7.4,8.5,2.2,9.160,0.740
20190412,316751,null,6.5,9.8,2.4,10.280,0.930
20190411,309890,null,3.8,9.4,3.5,10.019,0.910
20190410,385401,null,5.5,11.0,3.9,11.919,0.928
20190409,295038,null,8.2,9.2,2.2,11.115,0.569
20190408,306488,null,5.1,10.4,3.3,10.617,0.891
20190407,311065,null,6.5,9.5,2.9,11.156,0.586
20190406,301213,null,6.8,9.5,3.0,10.906,0.678
20190405,297231,null,7.1,9.0,2.3,12.334,0.887
20190404,299166,null,7.3,10.5,2.8,11.928,0.777
20190403,297651,null,7.1,10.3,2.6,11.806,0.948
20190402,294889,null,8.1,10.9,2.3,10.967,0.872
20190401,294932,null,5.1,11.6,2.2,10.351,0.898
20190331,305071,null,6.3,9.8,2.6,10.702,0.815
20190330,314148,null,3.1,11.7,2.9,11.363,0.694
20190329,300488,null,6.8,10.2,3.6,11.380,0.834
20190328,301195,null,9.5,10.1,3.5,11.944,0.573
20190327,303131,null,7.1,11.3,4.0,12.740,0.565
20190326,303876,null,4.4,10.8,3.6,12.744,1.289
20190325,335876,null,6.6,10.0,3.0,11.822,0.892
20190324,321307,null,7.3,9.2,3.2,10.392,0.730
20190323,334581,null,4.2,10.4,3.1,11.247,0.765
20190322,392152,null,4.8,8.7,3.8,10.153,0.598
20190321,427762,null,4.7,10.8,2.6,12.239,0.622
20190320,299249,null,4.2,10.0,2.1,11.415,1.035
20190319,300548,null,4.2,9.0,2.4,13.320,0.729
20190318,289001,null,2.7,10.9,2.5,11.849,0.910
20190317,304398,null,4.8,10.0,1.2,11.200,0.716
20190316,320075,null,5.0,10.5,1.5,9.910,0.567
20190315,313544,null,6.0,11.3,2.0,10.152,0.843
20190314,294314,null,4.8,8.8,0.7,9.270,0.965
20190313,299933,null,4.7,10.0,1.1,9.090,0.845
20190312,310465,null,4.3,9.4,1.0,10.038,0.926
20190311,370384,null,2.7,8.0,1.4,10.141,0.527
20190310,380001,null,4.0,9.6,3.9,12.241,1.324
20190309,290016,null,4.8,9.5,1.8,9.106,0.559
20190308,289537,null,5.7,11.5,2.7,10.728,0.575
20190307,273359,null,4.7,11.1,2.2,10.060,0.554
20190306,290964,null,4.8,11.2,2.1,10.029,0.712
20190305,279443,null,7.5,10.4,2.6,10.090,0.557
20190304,298531,null,4.8,10.1,4.3,13.160,0.705
20190303,298271,null,4.4,9.3,3.2,13.776,0.910
20190302,289974,null,4.5,9.7,4.2,12.618,0.732
20190301,289418,null,4.8,9.8,3.2,15.426,0.480
20190228,291665,null,6.8,10.9,4.6,10.560,0.636
20190227,284877,null,5.4,9.2,4.1,9.900,0.600
20190226,288944,null,5.3,7.2,4.1,9.705,0.590
20190225,293540,null,7.0,8.0,6.0,12.950,0.954
20190224,303287,null,4.7,8.1,8.4,9.645,0.697
20190223,306057,null,4.3,8.4,4.2,9.630,0.600
20190222,300428,null,6.0,8.8,4.7,9.922,0.831
20190221,303630,null,4.6,7.8,4.6,9.510,0.699
20190220,342516,null,4.5,8.6,4.8,9.510,0.488
20190219,372004,null,5.5,9.5,5.9,12.761,0.630
20190218,284419,null,4.8,9.9,4.8,11.048,0.901
20190217,294284,null,5.2,7.7,5.1,9.676,0.484
20190216,289454,null,2.0,8.0,5.2,10.451,0.594
20190215,280785,null,5.9,10.9,4.3,10.765,0.693
20190214,280624,null,6.1,11.6,4.3,10.042,0.546
20190213,280691,null,4.2,12.5,5.1,10.388,0.576
20190212,277333,null,3.8,9.1,4.9,10.399,0.592
20190211,281284,null,3.3,10.6,3.8,10.770,0.718
20190210,288589,null,4.1,10.9,3.5,10.722,0.589
20190209,289388,null,3.7,9.7,3.8,10.890,0.334
20190208,282366,null,5.8,7.5,4.6,10.764,0.376
20190207,296653,null,6.2,8.7,4.0,11.632,0.289
20190206,294828,null,4.1,9.6,4.5,12.846,0.167
20190205,287855,null,4.6,8.1,4.7,10.744,0.882
20190204,356353,null,4.0,7.2,4.1,9.826,0.370
20190203,354331,null,3.8,8.5,5.1,12.088,0.748
20190202,308535,null,4.2,9.2,4.4,10.196,0.755
20190201,314308,null,3.9,10.5,4.6,11.309,0.664
20190131,326887,null,6.4,11.9,5.9,12.257,0.740
20190130,285487,null,5.2,12.3,4.7,10.821,0.611
20190129,282848,null,3.6,10.5,3.8,11.958,0.648
20190128,293958,null,3.4,8.6,4.5,11.496,0.789
20190127,295723,null,4.4,9.3,3.7,11.031,0.535
20190126,290658,null,3.9,8.8,4.0,10.192,0.616
20190125,282127,null,3.6,10.7,4.5,10.590,0.789
20190124,286124,null,7.1,11.2,4.6,10.198,0.651
20190123,281856,null,6.2,12.3,5.8,11.336,0.634
20190122,293176,null,3.1,9.5,4.7,10.800,0.484
20190121,288226,null,3.3,9.2,5.8,12.242,0.716
20190120,295296,null,3.1,8.8,2.2,11.869,0.680
20190119,297137,null,4.2,9.2,4.4,11.180,0.445
20190118,281640,null,6.1,10.7,3.7,12.119,0.741
20190117,282960,null,6.9,9.7,2.0,12.717,0.892
20190116,280844,null,2.8,9.8,2.7,12.010,0.619
20190115,280656,null,3.1,6.5,1.5,11.593,0.367
20190114,286511,null,2.5,6.8,1.8,11.332,0.418
20190113,293532,null,3.1,7.5,1.9,10.934,0.308
20190112,296730,null,3.6,8.8,2.4,11.050,0.100
20190111,285320,null,3.1,9.0,3.7,11.018,1.459
20190110,288017,null,2.8,9.9,4.5,11.034,1.024
20190109,293620,null,6.5,9.7,3.9,10.646,0.567
20190108,281905,null,2.8,9.7,2.4,13.231,0.655
20190107,286842,null,3.9,8.5,4.0,13.991,0.833
20190106,297101,null,4.2,9.2,5.1,13.543,0.876
20190105,290295,null,3.2,8.2,4.0,13.141,0.885
20190104,287082,null,2.9,8.7,4.8,13.053,1.408
20190103,286733,null,2.8,8.0,4.1,12.739,1.064
20190102,282630,null,6.6,8.8,3.4,12.107,0.802
20190101,283523,null,4.2,7.6,4.4,12.235,0.782
20181231,294764,null,2.8,7.8,1.6,11.410,0.888
20181230,297245,null,3.8,8.1,2.4,11.146,0.609
20181229,296705,null,4.2,8.1,1.5,10.689,0.782
20181228,284951,null,2.7,8.7,1.3,10.740,0.792
20181227,288780,null,3.0,11.0,2.6,10.317,0.631
20181226,285876,null,3.0,10.3,2.9,11.197,0.582
20181225,289211,null,4.2,8.8,4.4,9.925,0.313
20181224,284053,null,3.2,9.0,4.9,10.369,0.408
20181223,310452,null,3.7,10.2,3.6,11.593,0.615
20181222,303653,null,4.2,9.2,2.7,9.688,0.950
20181221,293062,null,2.9,8.0,3.0,10.595,0.888
20181220,281915,null,3.1,9.5,4.4,9.816,0.750
20181219,290542,null,2.5,9.2,2.4,9.343,1.061
20181218,291626,null,2.9,8.1,2.6,9.082,0.542
20181217,295491,null,3.0,4.0,7.5,11.143,0.873
20181216,311873,null,3.0,8.1,3.5,10.908,1.132
20181215,300081,null,2.7,8.4,3.0,8.992,0.957
20181214,301888,null,3.2,8.4,2.6,9.381,1.219
20181213,283224,null,2.7,7.9,3.0,9.085,0.761
20181212,302142,null,2.9,8.3,2.4,8.930,0.530
20181211,317644,null,2.7,8.2,2.1,9.841,0.854
20181210,315897,null,2.5,7.0,2.8,9.992,0.625
20181209,317214,null,3.3,7.3,1.5,7.983,1.254
20181208,327520,null,2.1,7.5,1.6,7.884,0.862
20181207,320410,null,3.2,6.9,2.6,8.802,1.026
20181206,344002,null,3.1,6.2,1.6,9.030,0.839
20181205,366155,null,3.8,6.4,2.5,8.140,0.489
20181204,345279,null,2.5,8.7,2.5,11.040,0.385
20181203,351614,null,3.0,7.6,4.0,10.865,1.236
20181202,314347,null,4.2,7.5,3.2,8.761,1.129
20181201,307050,null,3.7,7.5,4.1,9.537,0.618
20181130,296844,null,3.1,7.4,4.2,9.359,0.984
20181129,306572,null,2.5,8.3,3.5,8.751,0.853
20181128,307298,null,3.9,8.4,3.6,9.390,0.783
20181127,304617,null,2.8,7.0,3.4,9.803,0.664
20181126,308024,null,3.0,7.5,4.6,8.903,0.872
20181125,313094,null,2.8,7.3,2.6,8.670,1.051
20181124,311082,null,2.6,6.4,2.6,8.275,0.858
20181123,312104,null,3.0,7.4,3.6,8.668,1.022
20181122,315510,null,4.2,8.1,2.7,9.499,0.770
20181121,308276,null,3.0,7.4,3.0,9.300,0.772
20181120,308131,null,5.6,6.7,2.7,9.246,0.884
20181119,322005,null,2.9,6.2,3.0,9.280,0.785
20181118,313776,null,3.5,7.0,2.3,9.048,0.606
20181117,324445,null,3.3,7.0,2.8,7.778,0.832
20181116,325652,null,2.6,7.4,2.7,9.539,0.860
20181115,328872,null,2.0,7.5,2.9,8.488,0.832
20181114,336142,null,2.5,6.6,2.8,8.791,1.189
20181113,340211,null,2.9,6.7,3.1,9.599,0.983
20181112,378286,null,3.0,7.5,3.7,9.146,1.235
20181111,373204,null,3.2,6.1,2.7,7.781,0.851
20181110,409242,null,2.1,6.4,2.7,7.860,0.601
20181109,443813,null,3.0,5.2,3.5,7.370,0.714
20181108,370493,null,2.8,8.9,3.2,9.690,0.943
20181107,301695,null,3.1,8.5,3.3,9.974,1.120
20181106,307884,null,3.1,7.7,3.1,10.211,0.984
20181105,307932,null,2.9,8.7,3.0,9.639,1.176
20181104,308876,null,4.1,8.5,2.9,10.770,0.845
20181103,310713,null,3.9,7.9,2.7,8.785,1.172
20181102,305095,null,3.6,7.7,2.8,9.321,0.920
20181101,302211,null,3.0,8.3,2.6,10.732,0.767
20181031,302079,null,4.9,8.3,2.6,12.413,0.798
20181030,303574,null,3.1,7.4,2.7,10.870,0.695
20181029,314392,null,3.1,7.4,2.7,10.870,0.695
20181028,313675,null,2.9,8.3,2.5,10.683,0.576
20181027,329168,null,3.0,9.1,2.6,10.057,0.611
20181026,340331,null,2.1,9.6,3.1,10.813,0.731
20181025,315867,null,3.1,9.1,3.4,10.274,0.576
20181024,317304,null,3.4,9.0,2.8,9.936,0.673
20181023,314263,null,3.4,7.5,2.3,11.544,0.628
20181022,321872,null,3.1,6.5,2.8,9.708,0.689
20181021,327363,null,2.5,7.3,2.5,8.975,0.548
20181020,326327,null,2.6,7.1,2.8,9.508,0.548
20181019,320789,null,2.1,8.5,3.4,8.877,0.562
20181018,324875,null,2.5,8.2,3.0,11.602,0.557
20181017,345532,null,2.9,8.5,2.9,9.861,0.760
20181016,339395,null,3.2,7.9,3.2,10.047,0.732
20181015,349197,null,3.1,6.9,3.0,9.820,0.832
20181014,355396,null,2.5,7.2,3.3,10.016,0.731
20181013,352553,null,2.2,7.1,4.0,10.267,0.679
20181012,358641,null,2.1,7.4,2.9,9.088,0.656
20181011,378138,null,2.4,7.7,3.3,10.470,0.565
20181010,402300,null,2.8,7.1,3.6,12.586,0.695
20181009,428676,null,3.0,6.4,4.2,11.989,0.670
20181008,442381,null,3.1,5.2,2.6,10.150,0.615
20181007,439720,null,2.3,5.5,2.4,10.583,0.724
20181006,434139,null,2.5,5.6,3.1,10.347,0.563
20181005,452500,null,2.7,7.3,2.5,10.640,0.770
20181004,343432,null,2.8,7.9,2.3,10.238,0.762
20181003,349248,null,3.0,7.4,2.7,11.111,0.786
20181002,365804,null,2.4,6.9,2.7,12.690,0.855
20181001,426340,null,3.6,5.2,2.5,10.625,0.768
20180930,464262,null,3.3,5.5,2.1,10.348,0.721
20180929,393448,null,2.6,6.8,2.4,11.391,0.656
20180928,330285,null,3.3,6.0,2.4,11.140,0.756
20180927,341377,null,2.5,6.9,2.6,11.694,0.824
20180926,351683,null,2.1,7.3,2.4,12.516,0.818
20180925,345926,null,2.0,6.5,1.6,11.086,0.247
20180924,362200,null,2.6,7.3,2.5,10.014,0.771
20180923,420999,null,2.5,7.6,2.3,8.836,0.602
20180922,446864,null,3.0,6.1,2.0,9.102,0.181
20180921,434604,null,3.5,6.2,2.1,8.830,0.621
20180920,432493,null,3.0,8.1,2.3,10.248,0.643
20180919,353984,null,3.9,7.8,2.2,9.457,0.475
20180918,371630,null,4.3,7.1,2.3,9.318,0.513
20180917,381040,null,4.2,6.5,2.5,8.926,0.713
20180916,428353,null,3.1,6.3,2.2,9.428,0.789
20180915,470054,null,3.9,5.7,2.2,8.230,0.684
20180914,453197,null,3.4,8.5,2.6,9.409,0.768
20180913,378408,null,3.2,9.4,2.2,10.920,0.845
20180912,354631,null,3.8,8.7,2.2,11.853,0.721
20180911,349560,null,3.0,8.2,2.6,9.294,0.942
20180910,353845,null,3.2,8.2,2.6,9.290,0.942
20180909,364516,null,2.6,7.4,2.1,9.395,0.811
20180908,396333,null,2.7,7.2,2.2,11.900,0.615
20180907,425423,null,2.8,8.1,2.9,10.167,0.800
20180906,383171,null,2.6,7.9,2.6,9.929,0.685
20180905,463136,null,3.0,7.7,2.5,10.552,0.767
20180904,455298,null,3.4,6.9,1.9,11.806,0.808
20180903,451049,null,2.4,5.6,2.3,8.938,0.776
20180902,464403,null,3.5,4.9,2.3,7.967,0.759
20180901,515113,null,3.3,4.7,2.3,6.766,0.584
20180831,393846,null,3.1,6.2,2.1,8.236,0.462
20180830,344108,null,5.1,7.0,2.9,11.136,0.572
20180829,352126,null,3.3,7.4,2.6,10.319,0.721
20180828,382951,null,4.3,6.5,2.6,10.041,0.747
20180827,442488,null,7.7,6.6,2.8,11.007,0.786
20180826,411078,null,3.5,8.0,2.8,12.593,0.711
20180825,334310,null,4.0,7.5,3.2,11.734,0.620
20180824,451202,null,3.7,7.7,2.5,11.828,0.586
20180823,347031,null,3.9,8.7,3.0,11.488,0.508
20180822,311435,null,4.0,9.8,3.2,11.725,0.696
20180821,306745,null,6.2,9.7,2.8,10.974,0.909
20180820,302922,null,5.2,8.4,2.6,11.640,0.996
20180819,304383,null,3.7,8.1,2.3,10.910,0.885
20180818,300566,null,4.4,8.5,2.3,11.243,0.904
20180817,325158,null,4.0,8.6,2.3,11.902,0.905
20180816,409750,null,4.2,6.5,2.6,9.911,0.765
20180815,351235,null,4.0,7.3,2.1,10.169,0.567
20180814,316126,null,4.2,7.3,2.2,10.231,0.629
20180813,322411,null,3.4,7.3,2.3,10.509,0.951
20180812,324717,null,3.7,7.2,2.3,10.648,1.248
20180811,320680,null,6.2,5.9,2.0,12.294,0.635
20180810,313350,null,4.3,6.8,2.2,10.832,0.536
20180809,313207,null,4.9,5.9,1.9,10.699,0.349
20180808,315083,null,3.2,7.1,2.1,11.710,0.332
20180807,311675,null,3.8,7.2,2.0,12.120,0.393
20180806,327827,null,4.4,7.4,2.2,11.891,0.609
20180805,320443,null,4.2,7.4,2.2,11.788,0.524
20180804,318182,null,4.0,6.8,2.1,11.299,0.365
20180803,315807,null,4.3,7.8,2.0,12.050,0.432
20180802,307083,null,4.0,7.4,1.5,11.447,0.457
20180801,317775,null,4.6,7.7,1.4,11.906,0.571
20180731,320364,null,3.8,8.5,1.4,11.391,0.613
20180730,341209,null,4.4,8.5,1.8,12.015,0.601
20180729,329485,null,4.2,7.1,1.6,11.343,0.596
20180728,345781,null,4.2,7.4,1.7,10.555,0.754
20180727,337585,null,7.1,7.9,1.5,11.956,0.614
20180726,333670,null,7.9,7.7,1.7,11.040,0.748
20180725,330427,null,6.7,7.9,2.1,11.550,0.819
20180724,338321,null,4.6,7.8,1.8,11.504,0.828
20180723,333459,null,3.6,8.2,1.6,11.560,0.731
20180722,341625,null,2.9,7.4,1.7,11.038,0.655
20180721,349324,null,3.3,6.6,2.0,9.649,0.720
20180720,350469,null,3.3,7.6,1.9,10.499,0.707
20180719,341266,null,4.1,9.9,1.6,8.462,0.690
20180718,347233,null,3.8,9.8,1.7,9.881,0.755
20180717,346284,null,5.7,9.9,1.6,8.462,0.690
20180716,359533,null,9.0,9.2,3.2,9.317,0.613
20180715,370662,null,3.4,9.5,1.8,8.669,0.504
20180714,382007,null,3.2,9.5,3.4,9.450,0.743
20180713,392208,null,5.9,9.1,3.4,9.214,0.951
20180712,404630,null,3.9,9.4,2.9,8.994,0.750
20180711,359982,null,3.6,9.1,2.2,9.195,0.651
20180710,398955,null,4.8,8.6,1.6,11.169,0.737
20180709,408159,null,2.9,8.6,1.6,11.169,0.737
20180708,405850,null,3.3,7.5,1.4,11.554,0.844
20180707,444014,null,3.1,7.6,1.6,11.357,0.794
20180706,464932,null,4.1,6.5,1.5,9.823,0.725
20180705,489845,null,3.1,6.9,2.6,9.995,0.783
20180704,493383,null,4.0,6.6,1.7,9.213,0.686
20180703,479632,null,3.2,7.7,1.5,11.579,0.916
20180702,414946,null,3.7,8.5,2.8,10.557,0.930
20180701,419152,null,4.0,8.3,3.1,9.666,0.846
20180630,403794,null,4.2,6.4,2.8,10.780,0.792
20180629,416073,null,6.6,5.8,3.0,9.840,0.565
20180628,402485,null,5.1,8.2,2.8,11.261,0.799
20180627,348039,null,4.3,8.5,3.3,10.302,0.642
20180626,318372,null,6.2,8.2,2.9,8.931,0.643
20180625,317705,null,7.3,6.9,3.1,9.367,0.757
20180624,318727,null,4.0,7.2,2.9,10.618,0.882
20180623,311528,null,4.2,6.9,3.0,8.325,0.851
20180622,305264,null,4.6,7.4,3.9,8.548,0.735
20180621,313205,null,4.7,7.9,2.9,9.689,0.763
20180620,361977,null,4.8,8.5,2.9,9.747,0.887
20180619,327342,null,4.6,7.9,3.4,10.766,0.748
20180618,319533,null,4.9,7.7,3.1,11.324,0.891
20180617,316011,null,4.3,6.8,4.6,11.277,0.952
20180616,312259,null,4.6,9.2,3.1,11.170,0.950
20180615,319915,null,4.1,9.9,3.2,11.248,0.954
20180614,319149,null,4.3,8.6,3.4,10.593,0.966
20180613,321254,null,3.9,8.6,2.2,11.929,1.089
20180612,353847,null,3.1,7.2,3.6,11.420,0.821
20180611,398664,null,5.5,8.0,3.2,12.953,0.922
20180610,317500,null,3.9,7.7,3.3,11.198,0.936
20180609,314931,null,4.0,9.3,3.2,11.255,0.758
20180608,319770,null,3.6,8.0,2.7,11.884,0.607
20180607,316967,null,3.7,7.3,2.9,12.638,0.862
20180606,323899,null,4.1,9.1,3.0,11.824,0.823
20180605,348332,null,3.5,9.3,3.4,11.269,0.736
20180604,323065,null,5.4,8.9,3.5,10.418,0.842
20180603,332425,null,4.2,8.2,3.2,10.774,0.838
20180602,331609,null,4.1,9.3,3.0,12.126,0.732
20180601,324432,null,4.1,7.9,3.4,11.655,0.738
20180531,324634,null,4.7,10.0,3.2,11.211,0.688
20180530,331251,null,4.6,10.3,3.4,11.528,0.699
20180529,325231,null,6.5,10.9,3.0,12.851,0.729
20180528,333636,null,7.3,8.6,3.4,12.229,0.778
20180527,344628,null,4.0,9.2,3.4,11.680,0.705
20180526,368864,null,4.3,10.5,3.4,11.458,0.724
20180525,376244,null,4.4,9.9,2.8,11.460,0.796
20180524,390122,null,5.9,9.5,3.4,10.862,0.670
20180523,426421,null,3.2,9.0,3.0,12.642,0.645
20180522,316864,null,4.2,9.8,3.6,12.813,0.682
20180521,316066,null,3.3,10.6,3.6,12.012,0.594
20180520,334269,null,3.9,10.1,2.7,11.121,0.679
20180519,356253,null,4.3,10.5,3.1,11.878,0.867
20180518,405817,null,4.0,8.9,3.1,12.321,0.674
20180517,368232,null,4.9,10.2,3.8,11.753,0.537
20180516,347462,null,3.6,10.3,4.5,11.004,0.446
20180515,380922,null,4.4,9.8,5.3,11.280,1.422
20180514,375200,null,4.1,9.6,4.2,10.214,0.525
20180513,434781,null,3.9,10.2,4.7,11.866,0.851
20180512,349772,null,4.5,9.9,3.9,11.182,0.904
20180511,354204,null,3.8,8.5,3.4,11.228,0.778
20180510,388120,null,3.2,9.0,4.2,10.466,0.740
20180509,405980,null,4.0,8.7,4.3,10.492,0.920
20180508,442277,null,4.7,8.9,3.3,10.689,0.809
20180507,456272,null,4.7,9.3,4.7,10.450,0.699
20180506,373591,null,4.4,10.6,4.9,12.376,0.976
20180505,312482,null,5.3,10.1,4.6,11.163,0.838
20180504,324418,null,4.9,10.8,4.6,10.012,0.751
20180503,344020,null,3.6,10.5,4.3,9.405,0.694
20180502,442762,null,3.8,9.6,5.2,11.733,0.957
20180501,336170,null,4.0,9.1,4.5,9.769,0.859
20180430,334320,null,3.8,9.7,4.6,10.256,0.929
20180429,345222,null,4.4,10.1,4.5,9.778,0.826
20180428,359412,null,5.1,10.3,4.8,9.691,0.922
20180427,360214,null,3.9,9.9,4.9,10.672,0.911
20180426,412517,null,3.6,9.5,3.9,10.920,0.686
20180425,456022,null,4.8,8.8,4.1,11.879,0.601
20180424,490989,null,4.7,8.9,3.6,9.207,0.698
20180423,399729,null,4.7,9.4,3.6,11.367,1.080
20180422,315920,null,4.4,10.5,3.6,10.766,0.759
20180421,321543,null,4.5,10.5,3.6,11.018,0.807
20180420,319765,null,4.4,9.3,3.8,11.731,0.912
20180419,318660,null,3.6,8.1,4.0,11.724,0.958
20180418,322593,null,4.2,8.7,4.0,12.003,0.977
20180417,328430,null,4.6,8.5,5.4,11.089,0.685
20180416,371157,null,3.6,8.3,4.0,11.316,0.888
20180415,409220,null,4.0,7.5,3.7,10.505,0.507
20180414,364772,null,4.0,7.5,3.7,10.505,0.507
20180413,313891,null,4.9,9.5,4.1,9.349,0.870
20180412,314542,null,5.4,9.6,4.2,9.968,0.916
20180411,320632,null,3.5,9.6,4.3,10.223,0.889
20180410,313070,null,3.6,8.7,4.6,9.898,1.007
20180409,326022,null,5.5,6.6,5.1,10.492,0.834
20180408,341354,null,4.5,5.1,4.2,9.560,0.717
20180407,379999,null,4.6,5.1,4.6,9.059,0.659
20180406,376835,null,6.6,7.4,5.2,12.217,1.083
20180405,311412,null,3.2,7.6,4.4,10.875,0.617
20180404,319578,null,5.6,7.7,5.1,10.389,0.827
20180403,310759,null,4.6,8.4,4.5,10.350,0.601
20180402,321136,null,3.5,7.6,4.6,10.440,0.607
20180401,341053,null,4.5,7.8,4.8,10.249,0.735
20180331,330709,null,4.8,8.7,4.3,9.835,0.619
20180330,321163,null,4.9,8.7,5.2,10.102,0.655
20180329,333967,null,4.7,7.2,5.0,10.694,0.869
20180328,344393,null,4.8,9.9,6.7,10.325,0.993
20180327,342795,null,3.9,9.0,4.4,10.499,0.674
20180326,360942,null,3.6,10.1,4.5,10.754,0.589
20180325,378122,null,3.8,9.9,4.8,10.233,1.111
20180324,397616,null,5.0,9.3,5.9,10.689,1.229
20180323,429702,null,3.9,8.8,5.1,11.583,0.872
20180322,443893,null,4.8,8.7,5.5,12.780,0.559
20180321,480785,null,4.8,6.8,5.0,11.585,0.806
20180320,454655,null,4.3,6.3,4.7,11.278,0.520
20180319,458300,null,3.8,7.6,5.1,10.917,0.601
20180318,357548,null,4.1,8.5,5.1,11.647,1.145
20180317,385395,null,3.8,7.2,6.4,12.299,0.592
20180316,453710,null,4.9,7.6,4.6,10.120,0.411
20180315,383959,null,6.6,10.5,4.9,11.996,0.710
20180314,324429,null,4.6,9.8,4.4,11.980,0.697
20180313,321039,null,4.5,9.1,5.3,12.493,0.541
20180312,338416,null,3.2,9.5,4.1,12.461,0.505
20180311,338390,null,3.8,9.1,4.9,10.893,1.105
20180310,363579,null,4.0,8.4,4.2,11.866,0.556
20180309,405499,null,4.1,6.7,4.5,11.706,0.449
20180308,436327,null,4.4,9.8,4.2,11.529,0.665
20180307,328993,null,4.7,10.2,4.3,11.546,0.917
20180306,370723,null,4.2,8.5,3.9,11.429,0.346
20180305,435804,null,3.8,5.9,4.0,11.982,0.534
20180304,312979,null,4.0,7.4,4.2,13.386,0.536
20180303,304499,null,3.7,7.7,4.1,13.084,0.540
20180302,304361,null,4.0,9.9,4.3,12.010,1.000
20180301,371289,null,3.5,9.8,4.2,13.609,0.406
20180228,315548,null,4.1,8.9,5.4,15.296,0.454
20180227,283415,null,4.0,11.4,4.6,13.454,0.550
20180226,296779,null,4.8,10.1,5.3,13.143,0.497
20180225,289489,null,4.1,10.2,4.5,13.572,0.474
20180224,292340,null,3.8,11.0,4.3,13.360,0.385
20180223,279735,null,4.1,9.8,4.2,13.609,0.406
20180222,278464,null,4.4,10.8,5.1,13.753,0.371
20180221,279925,null,4.8,10.6,4.3,14.010,0.378
20180220,282218,null,9.2,9.7,4.4,13.384,0.270
20180219,297986,null,3.6,10.0,4.1,14.241,0.359
20180218,307410,null,5.0,10.0,4.9,12.873,0.253
20180217,285887,null,4.4,10.4,4.6,14.610,0.207
20180216,290220,null,3.9,9.8,5.1,11.675,0.742
20180215,314330,null,4.2,11.6,4.3,13.452,1.078
20180214,307862,null,8.8,10.9,4.3,14.184,1.060
20180213,292486,null,9.1,10.9,4.0,13.532,0.490
20180212,298978,null,9.5,10.1,5.1,14.194,0.551
20180211,310345,null,3.8,11.8,4.6,14.190,1.210
20180210,319046,null,3.6,10.5,4.0,14.216,0.702
20180209,301927,null,3.4,10.4,5.9,13.333,0.745
20180208,290493,null,6.9,10.6,4.2,14.080,0.714
20180207,283732,null,6.2,10.5,4.0,14.502,0.608
20180206,281812,null,4.4,9.9,4.0,15.629,0.452
20180205,286232,null,7.4,9.6,4.1,14.283,0.488
20180204,300977,null,3.3,10.1,3.9,13.848,0.749
20180203,313781,null,4.0,10.9,4.1,14.132,0.559
20180202,310419,null,4.7,10.3,4.3,14.230,0.566
20180201,302609,null,4.5,10.6,4.3,14.638,0.649
20180131,316073,null,4.7,10.5,4.2,14.350,0.987
20180130,291313,null,3.3,10.6,4.1,14.640,0.748
20180129,306620,null,3.7,9.7,5.2,14.171,0.785
20180128,322341,null,4.0,9.7,5.2,14.443,1.066
20180127,304562,null,4.4,10.8,3.9,14.825,0.737
20180126,305424,null,3.5,10.0,4.2,15.190,0.734
20180125,289607,null,3.5,10.8,4.2,14.938,0.738
20180124,294826,null,3.1,10.3,3.6,14.585,0.781
20180123,297685,null,3.6,10.4,3.6,13.956,0.491
20180122,285945,null,3.2,10.0,4.6,13.424,0.542
20180121,296930,null,4.0,9.7,3.9,13.229,0.476
20180120,301670,null,3.9,9.8,3.6,12.165,0.980
20180119,310949,null,3.9,11.4,3.7,12.269,0.844
20180118,328314,null,4.1,6.5,3.7,12.468,0.809
20180117,421839,null,3.4,6.5,3.9,12.191,0.485
20180116,352612,null,4.5,7.4,3.9,13.558,0.581
20180115,313360,null,3.2,7.4,5.7,13.558,0.508
20180114,311784,null,3.7,6.3,3.7,13.133,0.480
20180113,293985,null,4.1,7.4,3.7,13.430,1.333
20180112,285295,null,3.4,7.6,4.0,14.360,0.687
20180111,283244,null,3.9,7.2,4.7,13.500,1.019
20180110,271179,null,3.6,7.7,5.2,12.955,0.642
20180109,275915,null,3.9,7.9,4.0,13.327,0.554
20180108,314287,null,4.2,6.9,5.5,14.772,0.820
20180107,279991,null,4.1,8.1,4.0,13.974,0.945
20180106,287659,null,3.8,9.0,4.1,15.019,0.824
20180105,276664,null,4.0,10.1,4.0,11.266,0.905
20180104,280737,null,3.7,8.4,3.9,14.459,0.735
20180103,280829,null,3.5,7.6,4.9,13.647,0.708
20180102,279317,null,4.1,6.8,4.1,13.614,0.499
20180101,284075,null,4.4,8.3,3.9,14.291,0.630
20171231,287767,null,4.0,8.4,4.6,14.624,0.728
20171230,298036,null,3.6,8.5,3.3,14.074,1.143
20171229,291626,null,3.4,8.5,4.7,15.026,1.191
20171228,283089,null,6.1,8.2,4.6,13.316,0.693
20171227,278982,null,4.0,7.6,4.4,12.580,0.666
20171226,282651,null,3.5,9.2,4.0,12.560,0.742
20171225,299433,null,3.9,7.5,3.1,11.967,0.572
20171224,318226,null,3.7,7.8,4.0,13.860,0.896
20171223,298607,null,3.3,7.6,3.5,12.500,0.623
20171222,290789,null,3.0,7.9,4.0,14.115,0.989
20171221,290558,null,3.5,8.8,4.8,11.262,0.877
20171220,281112,null,3.0,8.9,3.7,9.929,0.766
20171219,282234,null,4.1,9.0,3.9,10.804,0.671
20171218,296818,null,4.4,7.2,3.9,13.385,0.679
20171217,309440,null,3.8,7.6,3.4,13.248,0.757
20171216,308557,null,4.7,7.9,5.0,15.345,0.819
20171215,294198,null,4.6,8.7,4.2,13.990,1.040
20171214,300892,null,5.7,8.3,3.7,14.334,0.796
20171213,288006,null,5.1,7.4,3.7,16.216,0.856
20171212,307138,null,4.9,8.2,3.7,14.373,0.637
20171211,297042,null,7.4,9.0,3.8,12.478,1.007
20171210,310048,null,4.1,9.2,3.1,13.730,1.019
20171209,298000,null,3.7,8.5,3.5,14.007,0.809
20171208,301303,null,3.2,8.8,3.3,12.916,0.785
20171207,303505,null,3.6,9.0,3.4,8.343,0.765
20171206,301203,null,3.3,8.3,4.0,12.523,0.881
20171205,284855,null,4.1,7.8,2.5,14.743,0.701
20171204,293742,null,3.9,9.0,3.6,13.011,0.657
20171203,309038,null,3.6,8.9,4.8,14.011,0.887
20171202,307544,null,4.0,8.5,3.6,14.130,0.882
20171201,304104,null,3.2,9.6,3.9,12.567,1.070
20171130,298640,null,5.1,8.8,4.0,12.941,0.977
20171129,296580,null,4.0,8.1,4.0,11.139,1.105
20171128,294765,null,4.4,8.9,4.8,12.525,1.056
20171127,292658,null,3.9,8.9,4.2,12.056,1.105
20171126,300048,null,5.8,8.7,3.9,10.661,1.081
20171125,305136,null,5.0,8.9,4.1,11.254,0.989
20171124,298909,null,7.1,8.8,3.1,10.357,0.660
20171123,311623,null,6.1,8.7,3.0,11.056,0.750
20171122,298792,null,5.8,9.0,3.1,11.235,1.019
20171121,302175,null,7.4,8.2,3.6,11.202,0.843
20171120,307718,null,3.5,6.2,3.7,13.121,0.654
20171119,302824,null,3.8,7.0,3.8,12.964,0.795
20171118,309522,null,3.4,7.0,3.9,6.562,0.679
20171117,309524,null,3.6,7.7,4.2,11.002,0.985
20171116,305425,null,3.8,7.0,4.3,10.442,0.897
20171115,303566,null,3.8,7.9,4.2,12.354,1.154
20171114,305551,null,3.2,5.2,3.9,11.968,0.767
20171113,308002,null,4.3,5.6,3.6,11.242,0.804
20171112,306315,null,3.5,5.2,3.5,10.970,0.735
20171111,304666,null,4.0,5.4,3.0,11.327,0.640
20171110,300105,null,3.4,5.0,3.6,10.558,0.711
20171109,308331,null,5.8,5.2,3.6,10.802,0.738
20171108,310731,null,8.1,6.0,4.1,11.530,0.709
20171107,328709,null,6.1,8.0,3.6,11.124,0.917
20171106,293520,null,3.5,6.9,3.6,11.676,0.851
20171105,309753,null,3.4,5.7,3.5,10.527,0.797
20171104,312913,null,2.9,6.1,3.7,10.821,0.778
20171103,307754,null,3.1,5.1,3.3,10.615,0.861
20171102,310899,null,3.1,5.1,3.3,10.796,0.786
20171101,310473,null,4.4,9.1,3.3,10.565,0.719
20171031,307645,null,3.4,9.2,3.3,10.729,0.571
20171030,312078,null,3.0,6.6,3.1,10.043,0.795
20171029,319113,null,3.5,5.9,3.7,10.903,0.951
20171028,312999,null,3.6,5.8,3.3,10.851,0.938
20171027,309920,null,4.2,10.5,3.4,8.640,1.316
20171026,322825,null,3.9,9.4,3.2,9.192,1.009
20171025,320859,null,3.4,10.3,3.0,9.108,0.978
20171024,343654,null,4.7,9.7,2.4,9.324,0.884
20171023,310313,null,4.6,9.3,3.6,10.596,0.886
20171022,320012,null,4.0,9.8,4.2,10.789,0.979
20171021,321880,null,3.6,10.2,3.9,10.002,0.944
20171020,318268,null,3.5,10.6,3.2,9.891,1.005
20171019,326189,null,3.9,9.2,2.8,9.352,1.025
20171018,311137,null,4.2,10.4,3.2,9.252,1.075
20171017,323329,null,5.4,9.6,3.2,8.904,0.967
20171016,331642,null,3.1,8.8,3.4,9.228,0.984
20171015,407475,null,3.7,9.7,2.1,10.177,0.745
20171014,320642,null,4.0,10.8,1.7,10.584,0.621
20171013,373300,null,3.5,9.0,1.8,9.597,0.763
20171012,362837,null,4.9,9.0,2.3,10.148,0.761
20171011,325018,null,4.4,10.9,2.2,10.393,0.692
20171010,331261,null,3.3,10.9,2.2,10.393,0.692
20171009,352597,null,2.5,11.4,1.9,11.398,0.792
20171008,358509,null,2.9,11.5,1.9,11.219,0.798
20171007,362031,null,3.2,9.6,2.0,12.595,0.725
20171006,405853,null,3.0,9.0,2.0,13.801,0.862
20171005,314024,null,2.5,7.7,1.5,12.877,0.467
20171004,343284,null,2.8,10.3,2.4,8.219,0.701
20171003,446417,null,2.6,8.4,2.0,8.847,0.514
20171002,479110,null,3.1,6.6,1.7,7.935,0.834
20171001,330044,null,4.1,8.5,1.7,9.280,0.582
20170930,320249,null,3.5,7.9,1.4,8.962,0.975
20170929,312872,null,3.7,8.3,2.2,9.316,0.740
20170928,324363,null,3.6,8.9,1.6,9.684,0.683
20170927,405594,null,2.0,8.9,1.6,9.877,0.680
20170926,320333,null,5.0,8.0,1.5,9.408,0.651
20170925,322009,null,2.5,7.8,2.3,9.356,0.942
20170924,328943,null,3.1,8.8,1.8,9.273,0.860
20170923,328594,null,3.0,8.4,2.1,8.747,0.987
20170922,319735,null,3.8,9.0,2.6,9.646,1.127
20170921,321915,null,2.9,9.7,2.3,8.912,0.761
20170920,320591,null,2.1,11.0,3.1,8.059,0.577
20170919,325785,null,4.4,8.5,2.6,8.603,0.770
20170918,360358,null,2.5,7.9,2.4,7.714,0.763
20170917,403951,null,3.1,9.0,0.8,9.872,1.213
20170916,331543,null,2.5,9.7,0.6,9.464,0.741
20170915,335531,null,2.6,7.8,1.1,8.312,0.623
20170914,349796,null,2.9,8.3,2.5,12.143,0.744
20170913,401176,null,2.9,6.6,2.5,14.758,0.907
20170912,377937,null,3.0,6.4,1.0,13.313,0.608
20170911,395892,null,3.2,4.7,2.9,11.697,0.886
20170910,328288,null,3.2,6.6,2.6,9.221,0.857
20170909,331184,null,3.3,9.6,3.0,10.534,0.688
20170908,341282,null,3.1,9.7,3.5,10.698,0.826
20170907,460520,null,4.0,7.0,1.9,9.287,0.785
20170906,326151,null,1.3,10.2,2.5,11.371,1.004
20170905,303782,null,4.0,9.8,2.4,10.617,1.003
20170904,301641,null,3.8,7.2,2.2,12.469,1.589
20170903,308664,null,3.7,7.9,2.2,12.385,0.912
20170902,315686,null,3.2,7.7,2.2,10.726,0.983
20170901,311739,null,4.0,7.8,2.0,7.417,1.069
20170831,313162,null,3.9,7.1,1.9,7.645,1.009
20170830,313237,null,3.7,7.7,1.3,7.573,1.232
20170829,299538,null,3.7,7.8,2.2,11.016,1.028
20170828,308426,null,4.1,7.7,2.5,10.630,0.964
20170827,310718,null,4.1,9.0,2.2,9.781,1.007
20170826,317552,null,3.3,8.9,2.0,9.882,0.975
20170825,331693,null,3.8,8.1,3.0,9.264,0.835
20170824,345302,null,8.4,9.8,3.0,7.235,0.778
20170823,371667,null,5.1,8.9,2.0,7.169,0.937
20170822,350129,null,4.5,9.1,2.6,9.484,1.104
20170821,343098,null,4.1,9.6,3.0,10.480,1.014
20170820,324959,null,3.0,9.7,2.4,10.317,0.991
20170819,317997,null,3.9,14.4,2.9,11.350,0.997
20170818,321876,null,3.7,10.3,2.4,11.614,1.002
20170817,340069,null,3.7,8.5,2.4,13.660,0.918
20170816,345305,null,3.1,6.7,2.3,10.904,1.160
20170815,417017,null,2.0,8.4,2.0,10.374,0.997
20170814,365961,null,3.0,6.7,1.8,12.508,0.974
20170813,309192,null,3.2,8.5,1.0,10.910,0.815
20170812,315134,null,3.0,10.2,1.4,10.412,0.736
20170811,341051,null,4.2,10.3,1.7,9.061,0.821
20170810,339507,null,3.9,7.9,1.0,8.860,0.908
20170809,372479,null,4.2,10.3,1.1,9.507,1.076
20170808,324652,null,1.5,10.5,1.7,7.772,0.825
20170807,328652,null,4.7,7.7,1.4,7.579,1.017
20170806,322456,null,3.5,7.8,0.2,6.827,0.990
20170805,317941,null,3.3,10.0,0.8,7.071,0.844
20170804,315717,null,3.1,8.4,1.1,9.068,0.852
20170803,311778,null,3.9,6.6,0.8,9.428,0.927
20170802,304136,null,2.4,7.2,1.0,11.968,0.989
20170801,326647,null,3.8,7.2,1.1,10.372,0.908
20170731,330502,null,4.7,8.3,1.1,12.572,0.932
20170730,321773,null,3.7,7.1,1.5,12.581,0.618
20170729,324392,null,3.3,9.0,1.2,10.623,0.714
20170728,316908,null,3.9,9.8,1.6,12.291,1.034
20170727,320308,null,3.9,9.6,1.3,12.836,0.919
20170726,345395,null,3.4,10.4,1.3,11.481,1.101
20170725,347504,null,4.1,10.4,1.7,11.881,1.350
20170724,342182,null,3.7,9.0,2.4,13.306,1.080
20170723,336024,null,2.9,8.9,2.7,10.720,0.941
20170722,338012,null,3.3,9.8,2.6,11.719,0.675
20170721,335994,null,3.9,9.7,2.2,9.632,0.635
20170720,332178,null,2.2,10.3,2.4,11.369,0.748
20170719,333991,null,4.0,9.0,2.4,11.567,0.744
20170718,396286,null,4.5,10.3,3.7,13.506,0.800
20170717,330075,null,4.2,7.1,2.0,8.723,0.913
20170716,338174,null,3.0,7.8,1.7,7.802,0.717
20170715,338630,null,2.8,7.8,2.7,7.444,0.724
20170714,340367,null,3.0,9.6,4.0,7.292,0.739
20170713,339349,null,4.2,10.3,4.3,8.787,0.757
20170712,338608,null,5.0,11.6,3.4,8.482,0.841
20170711,376029,null,3.0,9.0,1.9,8.306,0.658
20170710,331830,null,2.5,9.0,1.6,7.934,0.712
20170709,356622,null,2.5,8.4,1.2,8.727,0.621
20170708,342880,null,2.1,9.6,1.2,7.525,0.781
20170707,338451,null,3.9,9.7,1.4,7.786,0.739
20170706,355483,null,4.1,9.0,1.5,6.964,0.660
20170705,443137,null,4.2,5.8,1.7,6.441,0.584
20170704,427683,null,3.0,7.8,2.6,8.329,0.880
20170703,326740,null,3.6,8.3,2.0,7.067,0.809
20170702,366298,null,3.4,8.3,1.7,9.944,1.047
20170701,328995,null,4.0,7.8,1.7,7.560,0.835
20170630,379901,null,3.2,8.4,2.3,7.715,1.089
20170629,322930,null,4.9,9.0,3.6,10.647,1.070
20170628,315113,null,4.2,10.3,2.3,10.835,0.923
20170627,308379,null,4.8,12.1,5.3,11.869,0.820
20170626,318299,null,4.8,10.4,2.7,10.627,1.076
20170625,325609,null,4.0,11.0,3.0,8.796,1.017
20170624,323758,null,3.8,10.3,2.4,11.898,0.804
20170623,321710,null,4.1,10.8,3.4,10.697,1.134
20170622,322224,null,4.4,10.1,3.8,14.211,1.125
20170621,356194,null,3.3,9.7,3.2,8.999,1.088
20170620,328285,null,4.3,10.3,3.2,11.652,1.099
20170619,312487,null,3.4,9.5,3.2,9.424,0.957
20170618,316245,null,3.3,5.3,2.4,10.682,0.921
20170617,314258,null,4.0,9.6,2.4,12.030,0.851
20170616,311776,null,3.7,9.6,3.6,12.184,0.896
20170615,310229,null,3.9,10.3,3.7,11.961,1.027
20170614,304290,null,4.4,11.5,3.8,14.074,0.965
20170613,302166,null,4.4,10.8,3.6,13.856,0.881
20170612,303483,null,5.9,11.4,3.8,12.886,1.044
20170611,319014,null,4.1,9.0,2.4,10.170,0.978
20170610,313707,null,3.3,9.1,2.9,11.177,0.868
20170609,312418,null,4.9,8.5,3.8,10.547,0.933
20170608,324295,null,4.7,10.2,4.8,10.507,0.891
20170607,407609,null,5.2,9.6,3.3,13.319,1.658
20170606,295991,null,4.0,9.6,3.2,12.717,1.017
20170605,300823,null,3.9,7.1,3.5,11.524,0.910
20170604,309660,null,3.9,9.0,2.5,12.125,0.470
20170603,313682,null,4.7,9.0,2.2,10.888,0.623
20170602,312134,null,4.4,11.3,2.9,11.680,1.256
20170601,320891,null,4.7,10.2,2.7,10.058,0.627
20170531,310315,null,4.4,9.6,3.3,10.881,0.704
20170530,310781,null,3.2,9.0,4.0,11.549,0.680
20170529,315320,null,4.2,9.6,3.6,11.624,0.784
20170528,314569,null,3.6,10.8,4.1,10.950,0.682
20170527,317594,null,4.1,10.8,3.6,11.441,0.740
20170526,314565,null,3.1,10.8,4.2,10.844,0.803
20170525,322231,null,3.8,9.6,4.1,11.664,0.965
20170524,315323,null,4.0,10.2,3.6,12.197,0.678
20170523,313399,null,4.5,9.5,3.5,11.001,0.567
20170522,321015,null,4.0,9.6,3.5,10.193,0.627
20170521,322971,null,3.9,7.1,3.0,10.127,0.555
20170520,323618,null,4.0,10.1,3.3,10.141,0.837
20170519,319909,null,3.1,9.0,3.9,9.688,0.790
20170518,317963,null,3.7,8.4,3.4,10.387,0.726
20170517,317736,null,4.4,9.6,3.5,11.451,0.682
20170516,317234,null,4.9,9.0,2.8,7.789,0.786
20170515,325243,null,4.9,9.6,3.5,8.612,0.960
20170514,333042,null,4.0,9.0,3.2,7.893,0.870
20170513,362588,null,3.7,8.4,2.7,7.646,0.729
20170512,368883,null,3.3,9.6,4.5,10.659,1.027
20170511,330835,null,4.9,9.0,3.8,8.545,0.885
20170510,360050,null,4.3,9.0,2.8,7.456,0.714
20170509,400838,null,3.7,10.7,3.2,10.022,0.681
20170508,317330,null,4.2,9.0,2.6,9.447,1.043
20170507,329873,null,4.9,8.9,2.5,9.298,0.818
20170506,332784,null,4.8,8.4,2.5,8.968,0.965
20170505,343049,null,3.5,9.0,3.0,8.105,0.961
20170504,318274,null,4.0,8.9,2.9,9.560,1.006
20170503,309543,null,3.1,8.4,2.7,7.211,0.800
20170502,318264,null,4.4,8.4,2.8,7.634,0.876
20170501,333824,null,3.7,8.4,2.8,8.489,0.879
20170430,337323,null,4.1,7.7,2.7,7.583,0.864
20170429,341086,null,3.5,8.4,3.1,8.102,0.886
20170428,333210,null,3.3,7.8,3.4,9.284,0.917
20170427,342799,null,3.1,8.4,3.3,10.448,1.278
20170426,373191,null,4.6,9.6,3.4,10.600,0.786
20170425,330688,null,4.5,9.6,3.9,8.495,0.920
20170424,339877,null,5.1,9.6,3.2,8.898,0.909
20170423,354919,null,4.0,10.2,3.2,11.036,0.766
20170422,359199,null,3.6,9.6,2.9,10.198,0.938
20170421,360400,null,3.5,9.6,3.2,9.786,0.789
20170420,368391,null,3.1,10.1,3.3,10.270,0.795
20170419,408902,null,4.5,9.6,3.0,8.904,0.815
20170418,458585,null,3.7,9.5,2.8,9.233,0.660
20170417,411299,null,4.7,6.9,4.4,10.762,0.665
20170416,356509,null,3.5,8.4,3.7,9.259,0.786
20170415,354579,null,3.0,9.0,3.4,10.401,0.777
20170414,348594,null,4.1,9.2,4.2,10.763,0.875
20170413,360572,null,3.9,7.8,3.5,10.576,1.173
20170412,381105,null,2.9,9.7,3.3,10.671,1.063
20170411,434250,null,4.8,9.5,3.4,12.567,0.857
20170410,355490,null,3.8,7.2,3.9,10.484,0.942
20170409,376937,null,4.0,11.5,3.9,11.173,0.767
20170408,409056,null,3.7,9.6,3.3,10.734,0.962
20170407,463108,null,3.0,8.3,3.6,11.849,0.766
20170406,483925,null,3.0,6.7,4.4,8.878,0.567
20170405,386849,null,3.8,9.4,3.6,12.020,1.005
20170404,315385,null,3.8,9.0,3.5,11.846,0.911
20170403,324113,null,4.8,6.3,3.7,11.088,0.937
20170402,349399,null,3.8,8.0,3.7,11.097,0.759
20170401,354066,null,4.4,9.0,3.6,11.023,0.692
20170331,306911,null,5.0,5.1,5.1,11.298,1.063
20170330,317609,null,4.9,10.2,4.4,11.631,0.996
20170329,315480,null,3.8,8.9,4.4,11.725,1.112
20170328,313387,null,4.7,7.7,3.9,11.939,0.879
20170327,333177,null,5.1,10.8,3.9,10.947,0.875
20170326,357668,null,4.6,10.9,4.1,12.048,0.658
20170325,320607,null,4.2,13.3,3.4,12.190,0.546
20170324,309105,null,6.3,9.5,4.3,12.548,0.627
20170323,312882,null,4.9,9.0,3.7,11.632,0.669
20170322,313837,null,7.2,7.9,3.5,12.026,0.627
20170321,385948,null,6.4,6.0,3.7,12.097,0.694
20170320,321800,null,4.6,9.1,5.4,13.658,0.771
20170319,321559,null,4.7,8.4,4.1,15.507,0.876
20170318,318351,null,5.2,9.7,6.4,12.587,0.649
20170317,309492,null,4.4,9.5,4.5,12.211,0.658
20170316,313813,null,4.4,10.1,5.3,15.289,0.658
20170315,300836,null,6.2,9.6,4.3,14.728,0.766
20170314,306702,null,4.9,6.5,4.2,13.000,0.584
20170313,314277,null,4.6,8.9,4.5,14.728,0.928
20170312,318906,null,4.0,8.5,4.6,13.752,0.896
20170311,320276,null,4.5,6.6,3.9,13.740,0.542
20170310,307195,null,4.9,7.8,4.5,12.918,0.989
20170309,310408,null,4.4,11.3,4.4,13.299,0.812
20170308,300026,null,6.8,7.8,3.1,13.494,0.719
20170307,302491,null,9.8,9.4,3.6,12.313,0.684
20170306,314686,null,4.3,8.4,3.1,12.182,0.691
20170305,324696,null,3.6,8.9,3.4,12.112,0.768
20170304,322476,null,4.1,9.0,3.6,12.161,0.710
20170303,314607,null,7.0,9.6,4.0,11.807,0.611
20170302,375779,null,4.8,7.3,4.2,11.374,0.713
20170301,306750,null,4.2,9.4,4.4,12.441,0.927
20170228,306772,null,3.9,9.1,3.6,13.100,0.710
20170227,309762,null,5.7,7.2,4.2,12.168,0.660
20170226,322566,null,4.3,5.7,3.7,11.908,0.652
20170225,324188,null,4.0,8.6,3.8,12.315,0.900
20170224,321714,null,6.9,9.5,4.2,12.616,1.099
20170223,380690,null,7.8,7.2,3.9,10.078,0.199
20170222,340673,null,4.7,10.5,3.4,11.069,1.003
20170221,300070,null,5.0,8.5,3.6,11.849,0.502
20170220,311946,null,5.3,8.7,3.5,11.565,0.733
20170219,316359,null,4.1,8.3,4.1,11.621,0.404
20170218,316813,null,4.7,9.1,3.4,10.383,0.721
20170217,380085,null,4.9,10.0,5.2,12.257,1.338
20170216,310902,null,4.3,7.8,4.0,11.523,0.965
20170215,304167,null,4.2,8.0,4.6,12.647,0.939
20170214,305871,null,5.1,9.0,4.8,12.817,0.859
20170213,310424,null,5.0,10.1,4.5,13.878,0.894
20170212,321753,null,5.1,8.5,4.9,13.729,0.753
20170211,319298,null,5.8,11.8,4.2,13.437,0.771
20170210,313198,null,6.1,9.7,5.0,13.588,0.997
20170209,310177,null,5.1,10.7,4.3,13.727,0.938
20170208,310841,null,4.6,10.1,5.2,14.448,0.790
20170207,306191,null,3.6,9.4,4.1,13.551,0.643
20170206,315037,null,5.1,8.9,4.0,13.156,0.649
20170205,376972,null,3.9,10.0,4.0,14.216,0.902
20170204,320635,null,5.5,9.6,4.3,14.344,0.945
20170203,310600,null,4.1,10.7,4.5,13.634,0.772
20170202,311518,null,3.3,9.5,4.5,14.294,0.782
20170201,311526,null,4.4,7.3,4.2,14.570,0.692
20170131,317563,null,5.0,10.7,3.9,15.455,0.775
20170130,347191,null,4.7,8.9,3.5,14.101,0.564
20170129,336275,null,4.2,7.7,2.6,14.980,0.265
20170128,310204,null,5.1,10.6,4.9,13.738,1.228
20170127,360007,null,3.9,9.5,4.1,11.834,1.164
20170126,340990,null,3.3,9.0,4.7,12.767,1.214
20170125,325509,null,4.0,10.0,4.1,12.563,1.047
20170124,316085,null,6.4,7.6,4.2,12.785,0.799
20170123,316298,null,6.6,9.5,3.9,12.588,0.771
20170122,329861,null,3.7,5.5,4.0,10.671,1.134
20170121,325457,null,4.2,8.8,3.6,11.248,0.627
20170120,322156,null,8.9,7.6,4.5,10.887,0.858
20170119,321323,null,3.3,14.3,3.9,11.659,1.039
20170118,325323,null,4.0,10.0,3.4,11.623,0.994
20170117,321064,null,4.0,9.6,3.1,12.658,0.854
20170116,326728,null,4.1,8.8,3.6,12.875,0.805
20170115,330963,null,3.8,6.6,0.9,13.209,0.851
20170114,330997,null,4.3,4.9,3.4,11.974,0.831
20170113,321261,null,4.0,8.5,3.4,11.698,1.154
20170112,329338,null,3.3,4.0,3.3,12.332,0.886
20170111,322667,null,3.5,7.1,2.8,12.199,0.928
20170110,325884,null,7.8,5.7,3.1,12.484,0.783
20170109,338428,null,5.9,5.5,2.7,11.142,0.968
20170108,393895,null,5.2,5.5,2.7,11.141,0.968
20170107,339075,null,4.7,8.0,2.7,12.488,0.829
20170106,336468,null,4.2,8.3,2.8,12.501,0.932
20170105,340485,null,4.3,10.3,2.6,11.931,0.880
20170104,342077,null,7.5,8.5,2.7,11.652,0.919
20170103,343510,null,4.1,9.5,2.4,11.875,0.878
20170102,351216,null,3.6,8.3,2.7,11.418,0.851
20170101,358303,null,3.6,7.1,2.6,10.352,0.782
20161231,374825,null,3.0,9.0,2.4,11.176,1.007
20161230,369242,null,3.7,7.2,2.5,10.147,0.979
20161229,389941,null,6.1,9.1,2.9,11.253,0.978
20161228,422218,null,3.9,6.7,2.8,11.351,0.807
20161227,464877,null,6.1,5.0,2.6,9.528,0.490
20161226,398051,null,7.8,7.9,2.5,10.920,0.865
20161225,395504,null,4.0,7.1,2.7,11.267,0.856
20161224,421875,null,4.2,4.4,2.5,10.075,0.689
20161223,460214,null,5.9,5.4,2.5,11.114,0.449
20161222,459396,null,5.9,6.5,2.7,8.055,0.354
20161221,342918,null,7.1,10.6,2.8,11.094,0.922
20161220,383333,null,4.0,6.9,2.6,10.564,0.466
20161219,363876,null,4.6,9.0,3.3,11.579,0.685
20161218,325985,null,3.9,6.7,3.0,11.159,0.654
20161217,321733,null,3.5,7.1,2.4,12.583,0.536
20161216,310762,null,4.8,10.7,3.2,10.255,1.047
20161215,317306,null,3.3,11.1,2.8,9.615,1.083
20161214,324365,null,4.1,10.7,3.1,11.178,0.938
20161213,319840,null,4.0,9.0,2.9,11.989,0.866
20161212,314190,null,3.9,8.2,2.7,10.666,0.866
20161211,327635,null,3.8,6.5,2.8,10.131,0.863
20161210,326578,null,4.1,5.2,2.0,9.902,0.691
20161209,323682,null,4.8,7.2,2.6,10.255,0.916
20161208,317734,null,6.1,8.0,2.4,10.706,0.858
20161207,319188,null,4.1,8.5,2.0,11.765,0.763
20161206,312496,null,4.9,5.5,2.3,9.801,0.798
20161205,325973,null,4.1,6.4,2.4,10.966,0.842
20161204,333107,null,3.5,8.8,2.4,10.553,0.784
20161203,336181,null,3.3,9.6,2.1,9.978,0.834
20161202,327502,null,4.2,7.7,2.7,8.277,0.809
20161201,335865,null,5.8,7.7,2.9,8.714,0.875
20161130,378670,null,4.1,8.9,3.0,10.009,0.753
20161129,322550,null,5.0,7.7,2.8,9.974,0.859
20161128,331332,null,4.7,5.4,2.7,9.293,0.812
20161127,335661,null,3.8,8.2,2.4,9.469,0.703
20161126,334250,null,3.7,5.9,2.3,9.123,0.643
20161125,327437,null,4.9,7.1,2.3,12.503,0.745
20161124,326432,null,4.8,5.5,2.1,11.583,0.843
20161123,329244,null,4.8,9.5,3.0,9.781,0.732
20161122,336747,null,4.4,7.2,3.1,10.325,0.766
20161121,348033,null,4.0,4.8,3.6,9.180,0.679
20161120,365587,null,3.7,6.5,2.0,9.018,0.720
20161119,442705,null,4.0,4.8,2.6,7.932,0.444
20161118,351766,null,4.2,9.5,3.8,9.881,0.862
20161117,332847,null,6.2,12.4,3.1,10.400,0.725
20161116,342513,null,6.4,11.2,3.6,9.964,0.840
20161115,346183,null,4.5,10.2,3.1,10.094,0.724
20161114,403971,null,4.7,8.2,3.2,11.273,0.848
20161113,339500,null,4.2,10.2,2.2,10.152,0.710
20161112,346536,null,3.9,11.7,2.4,10.552,0.737
20161111,359553,null,4.2,5.9,2.6,10.471,0.604
20161110,371768,null,6.8,8.1,2.5,10.909,0.771
20161109,327674,null,6.3,8.2,2.7,11.949,0.789
20161108,330347,null,5.1,7.7,2.5,10.331,0.725
20161107,334208,null,5.3,5.4,2.9,9.995,0.835
20161106,338749,null,4.1,7.7,2.4,9.155,0.801
20161105,350406,null,4.0,5.9,2.7,9.488,0.696
20161104,341384,null,4.7,8.9,3.2,9.820,0.724
20161103,344221,null,4.9,10.6,2.9,10.110,0.790
20161102,344674,null,5.1,6.6,3.2,10.892,0.859
20161101,351693,null,4.3,6.6,2.6,10.159,0.707
20161031,348900,null,7.4,5.9,2.2,9.670,0.767
20161030,358188,null,4.6,4.2,2.1,8.325,0.861
20161029,377481,null,5.0,5.4,1.9,8.623,0.839
20161028,406275,null,4.8,5.4,2.0,9.393,0.800
20161027,358418,null,4.1,5.5,2.0,9.017,0.814
20161026,370200,null,4.7,7.1,2.4,9.271,0.873
20161025,376799,null,4.7,7.5,2.6,10.587,0.801
20161024,375484,null,4.7,7.8,1.7,9.787,0.920
20161023,382032,null,4.0,7.8,2.2,7.790,0.970
20161022,389155,null,4.2,5.4,1.8,8.729,0.846
20161021,393586,null,5.1,9.5,2.4,8.129,0.893
20161020,412670,null,2.3,8.9,2.2,8.703,0.936
20161019,435955,null,1.4,8.9,2.2,9.000,0.949
20161018,452084,null,1.2,7.8,1.9,8.517,0.848
20161017,464098,null,1.9,7.1,2.1,7.348,0.567
20161016,402340,null,5.0,9.0,2.2,10.035,0.896
20161015,394303,null,4.8,8.9,1.7,9.076,0.853
20161014,394791,null,6.5,8.3,2.2,9.653,0.861
20161013,397558,null,4.2,8.9,2.4,9.254,0.735
20161012,409605,null,5.7,10.0,1.7,9.452,0.876
20161011,422116,null,2.9,7.1,2.1,8.935,0.858
20161010,442637,null,4.1,7.2,1.9,8.868,0.765
20161009,455814,null,4.8,6.0,0.9,8.370,0.714
20161008,461505,null,3.0,6.1,0.7,7.400,0.735
20161007,452370,null,2.2,7.2,1.0,7.583,0.766
20161006,459852,null,3.2,7.1,1.6,8.288,0.533
20161005,464615,null,3.7,8.9,1.5,9.913,0.800
20161004,412428,null,3.2,8.2,1.8,9.614,0.667
20161003,424637,null,4.0,5.9,2.1,8.767,0.689
20161002,443948,null,3.5,5.9,2.3,9.267,0.803
20161001,464084,null,3.6,7.1,1.7,9.837,0.646
20160930,442048,null,4.9,5.4,2.4,9.903,0.779
20160929,459288,null,4.8,5.7,1.7,6.512,0.718
20160928,406994,null,4.5,9.1,2.4,7.829,0.854
20160927,374771,null,4.2,9.3,2.4,9.377,0.824
20160926,368017,null,4.9,10.0,2.3,9.401,0.793
20160925,380030,null,3.8,10.0,1.9,9.274,0.724
20160924,390107,null,3.0,10.0,2.4,9.283,0.788
20160923,396838,null,3.9,7.6,2.3,9.463,0.818
20160922,404388,null,4.7,8.1,2.2,8.856,0.765
20160921,428193,null,4.5,6.2,2.2,10.188,0.712
20160920,448276,null,4.6,5.1,2.1,10.565,0.754
20160919,449130,null,4.9,4.4,2.1,10.322,0.556
20160918,445350,null,3.3,2.7,1.0,9.873,0.605
20160917,439173,null,3.5,10.6,1.9,10.439,0.712
20160916,361579,null,3.9,8.9,2.0,10.083,0.646
20160915,373538,null,4.0,7.0,2.1,8.633,0.615
20160914,406499,null,2.9,6.9,1.9,8.967,0.684
20160913,418560,null,3.3,5.8,1.5,9.417,0.707
20160912,405914,null,3.2,7.4,1.7,9.913,0.708
20160911,375317,null,3.3,4.6,1.6,8.295,0.735
20160910,379930,null,3.0,6.3,1.7,9.963,0.758
20160909,384934,null,3.9,8.9,1.7,9.580,0.699
20160908,423729,null,3.5,7.4,4.0,8.213,0.822
20160907,406509,null,2.9,8.1,2.0,10.130,0.811
20160906,428678,null,3.1,7.4,2.0,9.884,0.723
20160905,449513,null,2.6,3.9,1.6,9.964,0.660
20160904,476603,null,2.6,5.7,1.1,9.030,0.598
20160903,480983,null,3.0,4.0,1.1,7.338,0.627
20160902,438367,null,3.8,10.5,1.5,8.479,0.907
20160901,356105,null,3.8,10.6,3.2,8.940,1.030
20160831,362835,null,4.9,7.5,2.5,8.672,1.027
20160830,377762,null,3.3,11.4,2.2,11.289,0.897
20160829,452023,null,2.8,6.2,4.6,10.747,0.571
20160828,442208,null,4.2,6.2,2.2,12.087,0.704
20160827,323583,null,4.0,5.7,1.5,12.006,0.997
20160826,333454,null,6.4,4.9,2.3,10.613,0.834
20160825,330609,null,4.8,5.7,2.1,11.440,0.780
20160824,331805,null,3.5,8.2,3.0,8.774,0.892
20160823,332796,null,3.3,5.0,2.8,10.651,0.895
20160822,341089,null,2.7,11.9,2.6,9.400,0.973
20160821,338597,null,5.0,12.4,2.6,12.541,1.116
20160820,345278,null,4.2,11.2,3.0,10.635,0.780
20160819,341029,null,6.9,10.7,2.7,9.952,0.880
20160818,344728,null,7.0,9.5,2.4,10.406,0.848
20160817,348125,null,3.5,8.9,2.8,10.574,0.818
20160816,359348,null,5.6,6.4,2.8,10.050,0.594
20160815,361583,null,5.5,6.3,2.2,8.473,1.012
20160814,338475,null,7.8,5.7,2.3,8.349,0.874
20160813,355036,null,6.6,5.7,2.3,11.527,0.789
20160812,355568,null,4.8,6.9,2.2,9.779,0.630
20160811,352958,null,5.9,5.0,2.9,9.050,0.816
20160810,351167,null,8.8,5.8,2.6,9.721,0.667
20160809,358034,null,7.9,10.1,2.5,10.445,0.699
20160808,353842,null,5.2,7.1,3.0,11.662,0.864
20160807,367051,null,3.2,11.3,1.7,10.407,0.906
20160806,373263,null,3.6,9.4,1.8,10.444,0.962
20160805,384481,null,2.3,6.4,3.1,9.947,0.666
20160804,423571,null,5.9,11.3,4.8,10.883,0.717
20160803,368566,null,4.3,5.3,2.6,11.240,0.563
20160802,361945,null,5.7,8.3,1.8,8.133,0.913
20160801,370291,null,7.2,8.1,2.5,10.455,0.993
20160731,347034,null,2.3,9.4,2.0,9.041,0.865
20160730,352957,null,3.2,8.1,2.0,9.672,0.837
20160729,353993,null,4.8,7.6,2.5,10.754,0.820
20160728,357984,null,6.9,6.9,2.8,8.971,0.792
20160727,358082,null,2.7,8.2,3.0,8.774,0.892
20160726,358456,null,7.0,7.5,2.0,8.643,1.124
20160725,363280,null,1.8,7.8,3.0,7.705,0.909
20160724,366366,null,4.4,8.2,2.8,9.486,0.930
20160723,363409,null,3.9,8.9,3.1,10.244,0.886
20160722,355271,null,3.0,7.6,3.0,9.781,0.921
20160721,363146,null,5.9,8.2,2.8,9.310,0.937
20160720,372225,null,2.7,7.6,2.2,9.859,0.878
20160719,382855,null,2.4,8.2,3.0,9.079,0.972
20160718,399359,null,5.1,7.5,2.1,8.576,0.907
20160717,421213,null,2.0,10.0,1.9,8.567,0.802
20160716,391541,null,2.0,10.0,1.9,8.567,0.802
20160715,374373,null,2.8,5.2,1.8,8.163,0.875
20160714,390361,null,2.9,6.2,2.1,8.374,0.693
20160713,448053,null,3.1,6.4,1.8,13.338,1.020
20160712,418941,null,2.2,4.6,2.1,12.439,0.848
20160711,387115,null,3.9,8.8,1.8,11.705,0.777
20160710,391946,null,3.1,8.8,1.8,10.950,0.705
20160709,424064,null,4.9,8.8,1.5,11.755,0.949
20160708,421755,null,2.5,9.3,1.6,12.382,0.734
20160707,444807,null,3.1,11.2,2.2,10.766,0.843
20160706,462444,null,8.0,9.4,2.5,12.187,0.890
20160705,475092,null,8.8,8.3,2.3,11.981,0.936
20160704,484882,null,4.9,7.6,2.1,10.068,0.983
20160703,482768,null,8.5,11.4,1.4,10.573,0.841
20160702,480471,null,9.6,9.0,1.7,11.079,0.852
20160701,364422,null,9.0,10.8,2.5,9.630,0.819
20160630,352630,null,6.1,7.3,2.3,11.639,0.733
20160629,344959,null,5.3,7.5,2.2,11.936,0.779
20160628,338639,null,4.1,5.7,2.4,10.027,0.908
20160627,345022,null,5.9,5.0,2.4,9.018,0.941
20160626,361539,null,4.7,5.0,1.1,8.904,1.000
20160625,420028,null,5.3,6.4,0.9,8.908,0.722
20160624,375327,null,6.3,6.9,2.7,8.410,0.811
20160623,378449,null,6.1,6.3,1.7,8.414,0.943
20160622,378052,null,8.4,7.5,2.0,7.954,0.911
20160621,393389,null,7.4,7.4,2.0,9.180,0.687
20160620,346359,null,6.8,7.5,3.2,8.984,0.727
20160619,412354,null,6.3,8.8,2.7,8.725,0.772
20160618,339427,null,5.8,8.2,3.9,9.182,0.757
20160617,333414,null,6.2,9.5,5.8,16.457,0.998
20160616,348355,null,6.1,9.3,5.2,16.569,1.069
20160615,324395,null,8.0,10.1,6.2,16.254,0.902
20160614,323574,null,9.0,8.6,5.4,16.965,0.900
20160613,350520,null,9.2,9.1,4.2,10.767,0.857
20160612,345011,null,5.5,8.2,3.3,11.791,0.856
20160611,339869,null,5.3,8.2,3.2,11.436,0.939
20160610,327791,null,6.2,7.7,3.4,11.341,1.251
20160609,335963,null,6.1,9.4,3.0,11.050,0.929
20160608,335183,null,6.2,10.6,3.0,10.208,0.865
20160607,338334,null,6.1,10.7,3.2,11.498,1.091
20160606,356970,null,7.0,12.2,3.4,10.660,1.167
20160605,348183,null,5.9,10.7,3.0,9.892,0.752
20160604,360873,null,6.0,8.7,3.2,10.081,0.709
20160603,322135,null,6.0,12.6,3.0,10.971,0.769
20160602,332854,null,6.1,10.4,3.2,10.473,0.687
20160601,346404,null,6.5,10.0,2.8,8.929,0.648
20160531,350012,null,6.2,9.4,2.7,11.598,0.924
20160530,349139,null,7.8,8.7,2.8,11.262,0.831
20160529,355007,null,6.0,9.3,3.7,9.466,1.010
20160528,341635,null,6.7,10.0,3.1,10.281,0.920
20160527,364580,null,8.0,10.5,3.1,10.335,0.822
20160526,354673,null,6.2,9.3,3.2,10.945,0.945
20160525,393440,null,8.2,8.7,2.7,10.193,0.852
20160524,365524,null,4.4,8.7,3.2,9.803,0.905
20160523,342510,null,6.4,8.7,2.9,10.327,0.991
20160522,348669,null,5.2,10.0,3.1,8.986,0.996
20160521,349963,null,5.0,10.1,2.8,8.762,0.787
20160520,346778,null,4.7,10.0,3.4,10.606,0.942
20160519,353163,null,8.7,10.6,2.8,6.746,0.855
20160518,362516,null,4.6,10.0,2.6,6.945,0.928
20160517,399024,null,5.5,8.7,2.7,6.832,0.985
20160516,438211,null,4.7,9.3,3.3,6.586,0.836
20160515,385578,null,4.8,8.7,2.7,7.739,0.771
20160514,372668,null,3.7,9.3,2.7,6.666,0.941
20160513,371292,null,3.7,9.6,3.2,7.949,0.987
20160512,381003,null,3.8,10.0,3.0,7.860,0.942
20160511,417060,null,4.8,10.6,2.8,8.748,0.912
20160510,418278,null,5.9,11.8,2.4,9.487,0.805
20160509,390469,null,4.2,10.0,2.8,7.842,0.952
20160508,406238,null,5.5,10.0,2.9,7.056,1.084
20160507,423046,null,5.0,8.5,2.8,7.957,1.032
20160506,429591,null,4.9,8.7,2.8,8.646,0.882
20160505,446408,null,4.0,5.9,3.6,9.043,0.879
20160504,457171,null,3.1,7.6,2.7,8.893,0.832
20160503,414570,null,3.8,11.0,2.9,8.651,0.843
20160502,371837,null,4.4,10.3,2.9,7.818,1.071
20160501,382488,null,4.4,6.2,2.6,6.889,0.837
20160430,396275,null,3.5,6.4,2.8,7.546,0.986
20160429,427752,null,4.3,5.2,3.0,12.181,0.808
20160428,462061,null,6.3,4.0,3.4,12.342,0.731
20160427,434924,null,4.2,7.1,4.0,11.099,0.926
20160426,364077,null,5.3,7.1,3.3,10.267,0.916
20160425,380528,null,9.8,9.1,3.2,11.123,0.861
20160424,410098,null,7.0,9.5,3.2,10.214,1.018
20160423,429559,null,8.0,6.7,3.0,9.823,0.988
20160422,452940,null,4.1,7.2,2.7,11.097,0.919
20160421,426136,null,4.0,8.4,3.2,11.211,1.001
20160420,388565,null,6.1,8.5,3.3,10.781,0.878
20160419,429391,null,5.2,7.3,3.6,10.966,0.788
20160418,446250,null,4.1,5.9,3.4,11.456,0.652
20160417,459950,null,5.1,6.4,3.3,9.401,1.361
20160416,360950,null,6.0,9.6,3.1,11.720,0.935
20160415,342786,null,5.3,9.1,3.9,11.419,0.906
20160414,372432,null,6.2,6.5,3.8,11.069,0.942
20160413,385099,null,7.1,8.5,3.3,11.605,0.885
20160412,340183,null,7.0,9.1,4.0,11.585,0.873
20160411,359512,null,6.5,8.5,4.3,11.290,0.946
20160410,395232,null,7.0,8.0,4.6,10.171,0.958
20160409,420822,null,6.7,7.2,4.0,9.194,0.745
20160408,452563,null,8.0,7.1,4.2,11.340,0.708
20160407,461030,null,6.0,7.9,4.3,9.767,0.778
20160406,327563,null,7.2,11.3,4.3,12.825,1.002
20160405,319232,null,5.0,10.3,5.2,11.845,0.701
20160404,356235,null,4.3,9.2,4.9,12.975,0.966
20160403,329131,null,4.7,10.3,4.5,11.868,1.144
20160402,334446,null,5.3,11.5,4.9,12.121,1.029
20160401,329214,null,4.1,10.3,5.2,11.845,0.701
20160331,320002,null,3.8,10.4,5.4,11.340,1.626
20160330,332584,null,5.3,10.3,4.7,10.352,0.929
20160329,320066,null,7.2,8.6,5.4,9.947,0.966
20160328,338231,null,6.1,8.4,5.1,9.973,1.000
20160327,404302,null,3.5,7.7,4.9,9.435,0.910
20160326,366475,null,3.6,8.6,4.8,11.422,1.171
20160325,327599,null,3.8,9.8,5.8,11.696,1.101
20160324,332108,null,3.7,11.0,5.5,10.864,1.066
20160323,345752,null,4.8,9.2,4.8,8.804,1.069
20160322,350645,null,5.5,8.5,4.7,9.642,0.887
20160321,366918,null,7.0,9.6,4.5,9.197,0.956
20160320,392926,null,6.3,7.1,3.6,8.359,1.001
20160319,442687,null,6.8,6.0,3.8,8.622,0.758
20160318,423816,null,6.5,9.2,4.5,11.024,1.135
20160317,324160,null,5.5,11.0,4.7,11.722,1.136
20160316,322272,null,4.3,9.7,4.2,12.250,1.055
20160315,327154,null,3.7,8.5,4.2,11.629,0.933
20160314,333796,null,4.4,8.5,4.0,12.485,1.020
20160313,348306,null,4.0,9.1,4.2,8.223,1.035
20160312,357010,null,4.1,9.2,3.9,7.978,0.908
20160311,362010,null,3.7,10.3,4.6,9.216,1.070
20160310,382194,null,3.7,15.3,4.7,9.956,0.930
20160309,454013,null,3.5,8.5,4.7,8.991,0.817
20160308,389195,null,4.6,8.5,3.8,8.735,0.821
20160307,445174,null,4.8,9.1,4.1,8.819,0.745
20160306,451550,null,3.9,7.2,4.4,8.140,0.804
20160305,422223,null,4.0,7.2,3.4,9.404,0.597
20160304,410969,null,4.0,10.5,4.5,12.954,0.914
20160303,309023,null,3.5,10.3,4.0,13.236,0.943
20160302,305480,null,6.9,9.7,4.1,13.413,0.956
20160301,304234,null,4.2,8.6,4.2,12.551,0.823
20160229,312424,null,3.7,10.3,4.6,12.118,0.824
20160228,325035,null,4.4,11.2,4.8,13.141,1.143
20160227,318645,null,4.7,11.1,4.6,13.849,0.921
20160226,307577,null,4.7,10.4,5.7,14.421,0.821
20160225,303377,null,5.9,10.6,3.8,13.750,0.806
20160224,306653,null,6.7,10.2,4.3,13.288,0.856
20160223,310090,null,5.8,9.1,4.3,13.867,0.903
20160222,313306,null,4.8,10.0,4.7,13.495,0.845
20160221,329782,null,4.6,9.6,3.9,13.848,1.106
20160220,334581,null,4.2,7.9,3.8,13.905,0.825
20160219,334225,null,4.8,9.5,4.0,13.271,0.991
20160218,317589,null,4.7,6.9,4.1,13.159,0.928
20160217,337968,null,4.8,7.9,4.6,12.884,0.806
20160216,347239,null,7.4,6.2,3.7,12.195,0.682
20160215,371558,null,7.5,6.3,3.6,11.648,0.832
20160214,457426,null,4.6,5.1,3.4,10.206,0.514
20160213,460658,null,3.5,5.0,4.1,9.256,0.491
20160212,377892,null,6.7,9.3,4.7,14.445,0.924
20160211,316867,null,5.5,9.0,4.5,14.567,0.877
20160210,312877,null,4.7,7.9,3.9,14.369,0.456
20160209,306910,null,5.0,6.8,3.6,15.410,0.157
20160208,321807,null,4.6,8.4,5.0,14.353,1.083
20160207,355134,null,4.0,7.4,4.2,13.028,1.110
20160206,347119,null,3.5,6.4,4.2,11.942,0.947
20160205,324642,null,4.7,10.6,4.4,13.398,1.177
20160204,318011,null,3.3,9.6,4.6,12.935,0.966
20160203,316427,null,4.6,9.6,4.3,13.437,0.851
20160202,322078,null,5.7,10.1,4.3,11.793,0.720
20160201,347124,null,8.0,9.4,4.3,12.077,0.920
20160131,365404,null,7.7,9.0,4.6,12.190,1.323
20160130,393244,null,6.7,7.9,4.1,13.169,0.714
20160129,403496,null,7.9,8.3,4.4,11.424,0.567
20160128,333266,null,7.5,10.1,4.4,14.314,0.976
20160127,333008,null,4.9,12.6,4.0,15.075,1.060
20160126,312511,null,4.8,12.3,4.2,16.024,0.945
20160125,299817,null,4.6,13.3,3.6,15.059,0.752
20160124,306875,null,5.1,11.8,3.8,12.681,0.956
20160123,309538,null,4.2,12.3,3.7,14.208,0.854
20160122,307376,null,4.8,12.3,3.9,14.911,0.922
20160121,298624,null,6.9,11.7,3.8,15.452,1.167
20160120,302808,null,5.8,8.4,3.9,15.186,1.042
20160119,290415,null,7.6,7.4,3.7,14.212,0.894
20160118,329267,null,4.2,7.4,3.7,12.513,0.764
20160117,320545,null,3.6,8.0,3.9,12.556,1.033
20160116,302142,null,4.1,6.4,3.9,13.126,0.888
20160115,293494,null,3.8,11.0,3.9,13.440,0.876
20160114,295497,null,3.9,9.6,4.3,14.557,1.024
20160113,294540,null,3.9,10.0,3.9,12.820,0.957
20160112,291781,null,3.0,10.5,4.1,11.975,0.867
20160111,298840,null,4.1,7.5,4.0,13.864,0.979
20160110,308327,null,3.3,8.9,3.7,13.653,1.041
20160109,306885,null,3.2,10.8,4.0,15.081,0.911
20160108,297836,null,3.8,10.6,4.0,14.791,1.120
20160107,298371,null,3.8,11.2,4.0,14.529,0.954
20160106,300788,null,3.6,10.6,4.1,14.239,1.036
20160105,292985,null,3.8,9.6,4.1,14.191,0.947
20160104,306808,null,4.0,9.0,3.9,14.715,0.995
20160103,311520,null,4.7,9.9,3.0,14.481,0.969
20160102,309706,null,4.3,10.1,3.0,16.158,0.861
20160101,303003,null,4.5,10.1,3.0,12.217,0.800
20151231,306869,null,4.2,7.9,3.6,13.546,0.922
20151230,298498,null,4.8,7.9,4.4,14.188,0.835
20151229,300408,null,4.9,7.9,4.0,11.065,1.067
20151228,302154,null,4.6,8.4,3.0,16.075,1.046
20151227,316894,null,4.0,8.0,3.0,14.210,0.907
20151226,313161,null,4.9,7.9,3.2,13.488,0.757
20151225,312681,null,4.4,8.4,3.1,11.728,0.828
20151224,316684,null,4.8,8.4,3.1,11.728,0.828
20151223,321165,null,4.7,8.4,3.2,11.127,0.777
20151222,312774,null,4.6,6.8,3.1,11.343,0.627
20151221,354581,null,4.3,7.2,4.0,11.302,1.111
20151220,322782,null,4.1,6.3,3.2,11.437,0.984
20151219,330869,null,4.0,6.8,3.0,11.294,0.957
20151218,314561,null,4.6,7.3,3.6,11.070,0.919
20151217,314110,null,4.6,7.9,3.5,7.538,0.739
20151216,324034,null,4.5,7.3,3.1,6.881,0.769
20151215,330872,null,4.4,8.9,3.3,7.114,0.776
20151214,330928,null,4.3,7.9,3.6,7.218,0.943
20151213,356804,null,4.3,7.3,3.3,7.967,1.047
20151212,383798,null,3.9,6.3,3.3,9.191,0.836
20151211,445338,null,4.4,10.0,4.7,7.401,0.546
20151210,377227,null,4.4,7.3,3.5,10.181,0.810
20151209,304808,null,4.4,9.1,5.5,8.886,0.900
20151208,311933,null,4.5,9.3,3.5,9.628,0.830
20151207,314093,null,4.2,7.4,4.0,9.778,0.909
20151206,320091,null,4.7,6.9,3.8,10.955,1.072
20151205,317938,null,4.6,6.2,3.5,11.636,0.887
20151204,307336,null,4.0,7.3,3.6,12.017,0.948
20151203,311567,null,4.3,7.9,3.7,11.032,0.914
20151202,312712,null,4.4,9.1,3.3,8.238,0.912
20151201,315047,null,5.4,8.7,3.7,8.682,0.860
20151130,321908,null,4.2,10.2,4.0,9.561,1.005
20151129,327110,null,5.1,10.2,4.0,11.110,0.966
20151128,328716,null,5.2,10.1,3.6,12.326,0.951
20151127,324809,null,5.3,9.7,4.3,12.144,1.119
20151126,330671,null,7.2,10.2,4.6,11.352,1.166
20151125,332090,null,6.0,9.6,4.5,11.320,1.102
20151124,330487,null,5.1,7.4,4.5,12.080,1.102
20151123,323739,null,5.2,9.1,4.4,10.679,1.074
20151122,340877,null,4.0,6.4,3.6,9.891,1.043
20151121,335671,null,4.2,7.9,3.9,11.223,0.985
20151120,334259,null,6.4,7.8,4.6,11.999,0.982
20151119,348386,null,6.0,7.4,4.0,11.790,0.996
20151118,383510,null,5.1,7.4,4.2,12.317,0.929
20151117,379193,null,4.9,6.8,4.6,10.143,0.867
20151116,347101,null,4.6,6.4,4.0,10.373,0.856
20151115,355559,null,5.0,6.9,4.2,10.520,0.884
20151114,398536,null,4.1,6.2,4.1,11.766,0.871
20151113,372216,null,5.7,7.5,4.4,12.131,1.012
20151112,324933,null,4.7,7.6,4.6,11.672,0.975
20151111,338333,null,4.6,8.5,4.3,12.178,0.970
20151110,350512,null,5.5,7.4,4.6,11.326,0.916
20151109,396140,null,4.6,6.4,4.5,12.682,0.759
20151108,467006,null,4.5,6.7,4.9,9.573,0.727
20151107,375875,null,4.7,7.3,3.4,14.747,0.942
20151106,313199,null,5.3,7.9,4.4,13.170,0.962
20151105,309250,null,6.3,8.4,4.2,13.797,0.913
20151104,313994,null,6.3,8.0,5.1,15.252,0.925
20151103,314963,null,6.2,9.1,6.4,14.967,0.819
20151102,320395,null,6.0,7.9,4.7,15.689,0.890
20151101,314015,null,5.0,8.9,4.1,13.727,0.643
20151031,316336,null,5.3,9.0,4.8,14.028,0.924
20151030,317955,null,5.5,6.2,5.2,13.103,0.864
20151029,318993,null,5.1,12.2,6.2,12.063,0.818
20151028,333121,null,6.6,11.1,5.3,10.535,0.627
20151027,357708,null,6.3,9.0,5.1,12.506,0.787
20151026,321194,null,6.3,8.4,4.5,12.084,0.748
20151025,325767,null,4.8,8.0,4.5,12.866,0.773
20151024,329528,null,5.1,8.9,4.5,10.963,0.567
20151023,325092,null,5.2,9.0,5.1,11.943,0.636
20151022,319209,null,5.1,8.0,5.1,11.574,0.627
20151021,321962,null,5.0,9.6,5.7,12.725,0.989
20151020,315633,null,5.1,6.8,4.8,12.251,0.606
20151019,323055,null,5.0,9.0,4.9,12.935,0.845
20151018,335785,null,4.9,7.4,4.1,13.020,0.980
20151017,331879,null,5.3,9.1,4.0,11.517,1.017
20151016,324282,null,5.3,9.0,4.5,11.112,0.816
20151015,321971,null,4.8,7.4,4.8,11.309,1.018
20151014,320029,null,5.3,8.0,4.8,12.373,1.063
20151013,322596,null,5.2,7.4,4.5,11.361,0.905
20151012,329987,null,5.2,7.9,4.3,10.604,0.713
20151011,337777,null,4.7,7.9,4.5,11.314,0.670
20151010,335240,null,4.0,6.2,3.6,10.791,0.755
20151009,337890,null,4.2,7.9,3.7,9.539,0.615
20151008,341669,null,4.8,9.0,3.2,10.750,0.774
20151007,345456,null,5.2,12.2,4.1,11.566,0.614
20151006,345369,null,5.0,7.4,3.7,12.088,0.712
20151005,358185,null,4.6,8.3,3.7,10.797,0.703
20151004,378872,null,4.3,7.6,3.6,9.518,0.647
20151003,410485,null,4.1,6.7,3.5,9.025,0.673
20151002,467297,null,3.5,6.0,3.4,9.464,0.722
20151001,450983,null,3.8,8.4,3.7,11.849,0.899
20150930,344861,null,4.2,13.8,3.9,11.996,0.832
20150929,364232,null,4.2,9.6,3.8,10.776,0.737
20150928,362633,null,4.1,8.4,3.7,10.019,0.295
20150927,386017,null,3.9,8.9,5.0,11.287,0.867
20150926,426032,null,4.2,7.3,4.1,7.980,0.763
20150925,452726,null,4.9,5.4,3.7,8.145,0.643
20150924,475228,null,4.1,5.4,3.6,7.377,0.459
20150923,386530,null,4.9,5.6,3.8,6.687,0.707
20150922,362915,null,4.0,10.1,4.1,7.276,0.701
20150921,367649,null,4.2,6.0,4.2,6.272,0.686
20150920,394172,null,3.5,8.7,3.9,6.105,0.905
20150919,415939,null,3.7,9.4,4.4,6.150,0.650
20150918,461138,null,4.1,4.9,5.2,7.695,0.520
20150917,486079,null,4.0,5.9,3.8,5.629,0.539
20150916,343850,null,4.3,6.6,4.1,8.752,0.815
20150915,373538,null,4.7,6.6,4.5,9.193,0.549
20150914,335229,null,3.9,7.2,3.9,8.296,0.559
20150913,357102,null,3.7,7.4,4.0,6.922,0.656
20150912,374680,null,3.6,6.7,4.0,7.254,0.673
20150911,344688,null,4.0,7.1,4.0,8.243,0.601
20150910,347137,null,3.1,7.1,3.2,8.761,0.646
20150909,351642,null,3.8,8.6,3.3,9.112,0.669
20150908,369042,null,3.0,5.3,3.4,8.825,0.590
20150907,415316,null,3.3,4.2,3.4,8.551,0.515
20150906,486560,null,3.4,4.2,3.1,8.096,0.406
20150905,366547,null,3.3,5.9,3.6,8.881,0.708
20150904,373508,null,3.3,4.9,3.4,9.308,0.617
20150903,409656,null,3.9,5.5,3.5,9.072,0.525
20150902,392778,null,4.5,7.2,4.0,8.313,0.702
20150901,470102,null,3.8,7.1,3.4,6.729,0.665
20150831,373818,null,4.7,7.4,4.1,9.860,0.533
20150830,366080,null,3.8,8.2,4.2,8.217,1.217
20150829,371456,null,3.9,7.7,4.0,8.862,1.044
20150828,382451,null,4.0,5.4,3.8,10.049,0.835
20150827,412294,null,4.1,5.4,3.8,10.049,0.835
20150826,472593,null,4.3,3.8,3.3,10.220,0.711
20150825,477947,null,4.0,10.2,4.1,10.487,0.739
20150824,342126,null,4.4,9.8,4.3,8.716,0.714
20150823,362124,null,3.7,8.3,3.8,7.991,0.753
20150822,404464,null,3.9,6.6,3.9,8.853,0.496
20150821,450622,null,4.1,9.4,3.9,9.983,0.879
20150820,352239,null,4.0,8.3,4.3,10.033,0.918
20150819,328251,null,4.1,9.0,4.2,9.776,0.968
20150818,325750,null,4.0,7.7,4.2,11.643,1.079
20150817,387206,null,4.0,7.7,4.3,10.690,0.927
20150816,335766,null,3.4,7.6,4.1,11.038,0.918
20150815,331835,null,3.8,8.0,4.1,11.224,0.879
20150814,340540,null,3.7,9.6,3.7,10.505,1.317
20150813,362475,null,3.9,6.6,4.5,9.501,0.986
20150812,430883,null,3.9,11.2,4.9,9.643,0.990
20150811,321800,null,4.0,10.8,4.3,10.645,0.985
20150810,319217,null,4.1,8.5,5.0,10.646,1.018
20150809,326674,null,3.6,8.3,4.3,9.609,0.942
20150808,326284,null,3.8,6.7,4.1,10.109,0.794
20150807,323059,null,3.8,7.4,4.5,9.969,0.651
20150806,329683,null,4.2,8.0,7.3,10.696,1.132
20150805,332298,null,3.8,9.3,5.5,11.096,0.773
20150804,336072,null,3.9,9.9,5.3,10.886,0.837
20150803,349735,null,4.0,8.8,5.0,10.037,0.678
20150802,336117,null,3.5,8.7,5.2,9.658,0.480
20150801,347816,null,3.8,9.8,5.1,9.786,0.500
20150731,350626,null,4.0,7.8,5.4,10.203,0.541
20150730,362920,null,4.2,7.7,5.2,10.032,0.492
20150729,373224,null,4.5,7.8,4.4,10.212,0.587
20150728,379771,null,4.3,6.2,4.6,6.687,0.577
20150727,399760,null,4.2,10.3,4.2,6.998,0.592
20150726,414527,null,3.8,12.5,4.0,7.232,1.076
20150725,473463,null,4.0,11.3,5.0,7.837,0.778
20150724,454283,null,4.3,8.0,4.6,6.039,0.685
20150723,452334,null,4.4,9.2,4.6,7.670,1.002
20150722,358113,null,4.0,9.3,5.6,7.146,0.945
20150721,388487,null,4.5,8.5,5.3,6.881,0.716
20150720,382088,null,4.0,9.8,4.9,7.598,0.760
20150719,363506,null,3.2,7.9,4.3,7.418,0.559
20150718,371474,null,4.0,9.5,4.6,9.486,0.838
20150717,360715,null,4.5,9.1,4.8,8.724,0.903
20150716,371709,null,4.6,8.1,5.0,6.849,0.814
20150715,409451,null,4.5,8.4,5.6,6.227,0.917
20150714,459157,null,4.6,6.2,4.3,7.149,0.812
20150713,491581,null,5.0,6.0,3.9,7.782,0.571
20150712,435179,null,3.8,8.4,4.3,6.964,0.725
20150711,406925,null,4.0,6.6,4.1,6.819,0.830
20150710,422120,null,4.7,7.7,4.6,6.806,0.826
20150709,489518,null,4.8,5.2,4.2,7.081,0.801
20150708,478572,null,4.8,6.2,5.2,7.569,0.789
20150707,382844,null,4.9,9.6,5.6,8.946,0.941
20150706,314015,null,5.2,9.9,4.5,9.211,0.971
20150705,326989,null,3.8,9.6,4.5,9.119,1.057
20150704,328815,null,3.8,11.1,4.3,9.160,1.024
20150703,329325,null,4.0,9.1,4.1,9.561,0.993
20150702,332836,null,4.7,10.3,4.1,8.640,1.013
20150701,393809,null,4.8,5.6,4.0,8.091,0.924
20150630,367756,null,4.1,8.2,4.2,9.199,0.862
20150629,323018,null,4.9,7.1,3.7,10.749,0.944
20150628,326275,null,4.4,11.3,2.9,8.329,0.890
20150627,343320,null,3.2,8.4,4.5,8.192,0.597
20150626,462082,null,3.2,6.6,4.9,8.475,0.752
20150625,324999,null,3.8,9.6,4.7,9.363,0.553
20150624,312015,null,4.0,8.6,4.2,9.553,0.707
20150623,313697,null,3.9,10.6,5.4,9.457,1.554
20150622,311061,null,5.1,8.4,6.4,10.534,0.789
20150621,314473,null,3.5,10.3,4.7,9.414,0.772
20150620,315382,null,4.0,11.4,4.9,9.586,0.874
20150619,313128,null,4.1,8.8,5.0,11.889,1.155
20150618,311359,null,4.0,8.9,5.4,9.648,1.160
20150617,315735,null,4.1,8.7,4.9,11.324,0.980
20150616,314823,null,4.1,8.8,4.4,10.893,0.828
20150615,314965,null,3.9,9.0,5.0,10.289,0.696
20150614,328315,null,4.0,8.9,4.4,10.149,0.784
20150613,322038,null,4.0,9.5,4.5,9.958,0.790
20150612,328922,null,4.4,8.9,4.1,10.536,0.724
20150611,315819,null,3.8,8.9,4.1,9.903,0.779
20150610,324224,null,3.9,9.6,4.1,11.248,0.772
20150609,321647,null,3.8,7.8,4.4,10.333,0.764
20150608,320974,null,4.0,9.4,3.9,9.591,0.836
20150607,321268,null,3.8,10.5,3.6,8.225,0.874
20150606,330616,null,4.1,8.5,3.7,7.720,1.191
20150605,362703,null,2.7,8.5,4.4,11.995,1.169
20150604,317572,null,2.5,10.0,3.8,11.696,1.096
20150603,319538,null,2.3,8.4,3.6,11.813,1.076
20150602,314349,null,2.1,8.4,4.0,11.916,0.907
20150601,322851,null,3.8,8.4,3.7,11.612,0.916
20150531,338440,null,3.2,6.8,3.5,11.246,0.828
20150530,345200,null,3.0,6.9,3.9,11.541,0.849
20150529,329788,null,3.3,7.3,3.5,11.680,0.794
20150528,327443,null,3.5,6.9,3.6,11.252,0.701
20150527,333200,null,3.9,10.3,3.6,11.134,0.628
20150526,332137,null,4.0,11.4,4.1,13.051,0.703
20150525,335476,null,4.3,12.0,3.6,13.248,0.759
20150524,341342,null,3.9,11.1,3.3,12.527,0.767
20150523,346342,null,2.2,11.0,3.8,11.207,0.584
20150522,349206,null,3.6,14.1,3.9,11.602,0.562
20150521,357155,null,2.4,8.5,4.5,10.391,1.363
20150520,387810,null,3.8,8.0,3.9,9.964,0.777
20150519,446244,null,2.9,6.3,3.7,9.609,0.766
20150518,407488,null,3.8,9.1,5.2,10.879,0.850
20150517,379696,null,2.0,8.1,3.5,10.445,0.885
20150516,389093,null,2.3,7.5,3.9,9.236,0.749
20150515,415593,null,3.1,8.9,4.0,9.275,1.003
20150514,426838,null,2.4,6.8,3.8,9.490,0.803
20150513,487176,null,2.6,6.3,4.0,9.746,0.596
20150512,504151,null,3.6,6.2,3.2,7.896,0.482
20150511,353402,null,2.6,9.6,3.9,11.774,0.737
20150510,345460,null,3.0,9.0,3.2,10.251,0.621
20150509,350131,null,3.1,9.0,3.1,10.406,0.627
20150508,348337,null,4.2,9.0,2.6,9.447,1.043
20150507,358744,null,2.8,8.6,4.3,10.214,0.645
20150506,374579,null,3.0,9.1,4.2,9.798,0.714
20150505,408794,null,2.9,8.3,3.8,8.720,0.559
20150504,493837,null,3.4,4.9,3.9,9.457,0.481
20150503,444928,null,2.4,9.7,5.7,12.747,0.696
20150502,355153,null,2.6,9.0,4.0,10.823,0.925
20150501,367149,null,3.2,8.5,3.6,10.554,0.713
20150430,391283,null,3.6,6.8,3.7,9.197,0.528
20150429,413130,null,3.3,9.2,4.5,7.540,0.764
20150428,345581,null,3.0,9.6,4.6,12.216,0.708
20150427,353571,null,2.2,9.4,5.1,11.574,0.773
20150426,365160,null,3.3,9.6,4.5,11.254,0.859
20150425,380698,null,3.2,9.1,4.5,9.753,0.921
20150424,383177,null,3.0,10.1,5.2,9.751,0.958
20150423,400520,null,3.8,10.3,5.7,8.802,0.908
20150422,448806,null,2.9,9.7,5.2,8.513,0.929
20150421,485090,null,2.0,7.6,6.1,8.963,0.681
20150420,492872,null,2.9,6.0,5.1,6.643,0.574
20150419,433715,null,3.0,11.9,5.6,9.601,0.922
20150418,358155,null,3.3,9.8,5.0,10.118,0.720
20150417,343752,null,3.5,9.1,5.0,9.042,0.603
20150416,356943,null,3.4,9.1,4.9,9.753,0.622
20150415,375534,null,2.9,8.0,5.0,9.111,0.755
20150414,430417,null,3.2,8.0,6.2,10.205,0.746
20150413,453233,null,1.2,8.2,5.4,10.456,1.304
20150412,341405,null,2.9,9.6,6.3,11.282,1.029
20150411,351474,null,2.5,9.2,5.0,10.102,1.089
20150410,349179,null,3.0,8.0,5.4,9.785,1.223
20150409,362221,null,3.7,8.6,5.5,9.729,1.065
20150408,380998,null,3.0,8.6,5.6,9.052,1.083
20150407,412692,null,2.9,5.4,5.1,8.496,0.975
20150406,484502,null,3.0,6.9,5.1,9.501,0.873
20150405,484207,null,3.6,5.9,4.5,6.353,0.718
20150404,407188,null,3.8,5.4,4.2,8.414,0.741
20150403,449772,null,3.7,7.2,6.1,9.479,1.192
20150402,332400,null,3.5,12.4,5.0,11.663,1.082
20150401,330404,null,3.3,13.3,5.1,9.972,0.918
20150331,329288,null,3.9,10.8,4.9,11.082,0.867
20150330,316958,null,4.0,11.5,5.1,11.721,1.211
20150329,321726,null,4.0,9.8,4.7,11.219,1.099
20150328,321799,null,3.7,12.8,4.4,10.578,0.889
20150327,308608,null,3.6,13.7,4.7,11.706,1.142
20150326,307334,null,3.4,11.6,4.5,11.788,1.182
20150325,308413,null,3.5,13.0,4.9,11.804,1.011
20150324,312424,null,3.7,13.1,5.0,11.908,0.984
20150323,325040,null,3.2,11.6,5.3,12.761,0.930
20150322,348612,null,3.8,13.4,5.2,10.967,1.031
20150321,359033,null,4.1,12.6,5.0,10.750,0.940
20150320,380144,null,3.6,9.1,5.6,10.535,0.778
20150319,443309,null,3.5,7.4,4.8,8.637,0.545
20150318,355548,null,3.6,10.2,5.5,13.013,0.931
20150317,299388,null,3.8,8.6,5.0,12.650,0.875
20150316,306735,null,3.0,9.5,5.8,13.282,1.043
20150315,314870,null,4.0,8.2,5.3,12.474,1.065
20150314,333547,null,3.6,11.3,5.3,14.549,1.253
20150313,304030,null,4.1,9.1,5.1,14.413,1.132
20150312,299219,null,3.9,8.2,5.6,13.706,1.014
20150311,297526,null,4.4,9.6,5.4,12.945,0.987
20150310,291672,null,3.9,9.7,5.9,13.338,1.043
20150309,311108,null,4.0,10.1,6.0,13.669,1.173
20150308,317602,null,3.9,9.9,5.9,14.238,1.181
20150307,318425,null,3.8,9.7,5.1,13.675,0.924
20150306,312686,null,3.3,11.6,5.6,13.042,0.804
20150305,317287,null,4.5,9.8,5.7,13.293,0.919
20150304,334606,null,4.4,8.0,5.3,12.228,0.776
20150303,340932,null,4.2,9.7,5.2,10.780,0.888
20150302,320961,null,4.2,10.1,5.4,12.414,0.984
20150301,400960,null,3.5,8.8,7.1,11.457,0.857
20150228,311817,null,4.0,9.8,5.2,13.077,0.676
20150227,299446,null,4.2,10.4,5.6,13.923,1.276
20150226,302172,null,3.9,10.2,6.2,15.123,0.771
20150225,301675,null,4.3,10.8,3.9,11.119,0.869
20150224,306742,null,3.6,9.1,4.2,13.135,1.255
20150223,327658,null,3.5,9.1,4.4,12.046,1.268
20150222,401748,null,4.0,7.0,4.3,10.777,0.759
20150221,328705,null,3.9,11.5,4.1,13.381,0.769
20150220,300816,null,3.7,9.3,4.0,12.573,0.266
20150219,302829,null,3.5,8.7,5.4,10.214,0.849
20150218,335035,null,4.2,8.8,5.1,12.176,0.842
20150217,339348,null,3.7,10.3,4.9,12.242,0.781
20150216,385512,null,4.2,9.8,5.6,14.352,0.825
20150215,315130,null,3.8,7.6,4.5,13.174,1.102
20150214,315105,null,4.0,9.2,4.5,13.195,0.771
20150213,296332,null,4.2,10.1,4.8,13.858,0.894
20150212,298461,null,4.2,9.2,4.9,14.027,1.091
20150211,299828,null,3.9,10.6,5.0,13.580,1.208
20150210,296227,null,4.1,14.5,4.6,13.370,0.845
20150209,293338,null,4.1,11.3,4.6,12.909,0.890
20150208,302321,null,4.2,13.5,4.8,11.598,1.105
20150207,308365,null,4.7,9.2,4.6,11.199,0.885
20150206,299799,null,4.2,11.3,4.8,13.065,0.923
20150205,300142,null,4.7,10.9,5.1,14.296,0.932
20150204,295412,null,4.9,11.4,4.6,13.563,0.962
20150203,298229,null,5.2,10.8,5.0,13.685,0.777
20150202,307737,null,4.8,11.1,5.0,16.405,0.881
20150201,308838,null,4.7,10.2,5.0,16.853,0.896
20150131,307164,null,5.0,10.2,4.6,14.885,0.679
20150130,300168,null,4.8,11.0,4.6,14.245,0.889
20150129,298090,null,5.5,11.6,4.6,14.904,0.853
20150128,302045,null,4.7,10.8,4.9,14.416,0.609
20150127,304877,null,5.3,10.6,5.2,13.390,0.659
20150126,369266,null,5.1,11.5,4.8,15.440,0.851
20150125,312968,null,5.3,10.9,4.6,13.363,0.966
20150124,309165,null,5.5,13.2,4.5,14.759,0.909
20150123,308110,null,4.8,10.3,4.4,14.537,0.909
20150122,358970,null,5.4,12.5,4.4,13.991,0.931
20150121,307993,null,4.8,11.5,4.5,14.778,1.170
20150120,298746,null,5.4,12.0,4.8,13.413,0.944
20150119,303689,null,5.4,12.4,3.9,14.086,0.989
20150118,312745,null,4.8,11.5,3.7,14.594,0.844
20150117,312267,null,5.0,11.4,4.0,13.080,0.896
20150116,311224,null,5.3,10.3,4.4,13.400,1.244
20150115,350156,null,5.4,11.2,4.1,14.050,1.424
20150114,307427,null,4.8,11.0,4.1,13.174,1.026
20150113,301500,null,4.8,9.7,3.8,14.765,1.234
20150112,305145,null,5.0,10.2,3.4,14.677,1.116
20150111,310648,null,4.8,11.7,3.7,15.625,1.249
20150110,313615,null,5.4,9.8,3.3,16.218,0.900
20150109,308419,null,5.0,10.6,3.5,15.636,0.913
20150108,307492,null,5.4,9.5,3.7,15.023,0.781
20150107,305651,null,5.3,10.2,3.5,14.604,0.661
20150106,394080,null,5.0,9.1,4.7,11.384,0.873
20150105,303962,null,5.2,11.0,3.9,14.250,0.756
20150104,310997,null,4.5,10.2,3.6,15.379,0.833
20150103,303172,null,4.8,11.2,3.8,14.344,0.649
20150102,299899,null,5.0,10.4,3.6,15.198,0.773
20150101,300137,null,5.2,10.9,3.0,14.670,0.418
20141231,311983,null,5.2,10.7,3.5,13.880,0.651
20141230,299733,null,5.2,9.1,3.4,13.098,0.542
20141229,312028,null,4.9,9.9,3.2,13.721,0.544
20141228,314918,null,4.4,9.8,3.1,14.214,0.609
20141227,315261,null,4.0,10.4,3.1,13.364,0.539
20141226,305717,null,4.6,10.5,3.3,12.747,0.693
20141225,310113,null,5.1,10.2,3.3,11.139,0.627
20141224,311803,null,5.3,10.5,4.0,12.776,0.607
20141223,307524,null,5.3,10.0,3.9,14.111,0.628
20141222,306537,null,5.5,9.1,3.4,13.446,1.017
20141221,335286,null,5.2,8.6,3.4,13.053,0.932
20141220,393821,null,4.1,10.3,3.5,13.477,1.004
20141219,318050,null,4.3,10.7,3.5,13.917,0.574
20141218,308046,null,4.1,11.4,2.9,13.800,0.566
20141217,305147,null,4.2,12.0,3.4,13.332,0.519
20141216,376355,null,4.1,11.4,4.4,13.849,0.775
20141215,307513,null,4.6,9.7,3.5,14.626,0.742
20141214,323836,null,4.8,10.3,3.2,12.641,0.701
20141213,324042,null,5.1,9.7,3.5,13.295,0.485
20141212,319503,null,4.1,9.7,3.4,12.958,0.603
20141211,313321,null,3.9,9.7,3.0,13.450,0.756
20141210,314532,null,4.0,9.2,2.8,11.072,0.772
20141209,313741,null,4.0,9.7,3.1,10.456,1.010
20141208,336946,null,4.4,10.3,3.0,9.557,1.039
20141207,321169,null,4.1,9.7,2.5,11.049,1.078
20141206,320033,null,3.9,8.7,2.5,11.668,0.949
20141205,314328,null,4.5,9.1,2.9,11.060,0.987
20141204,315544,null,4.1,9.1,2.9,12.071,1.063
20141203,311084,null,4.0,11.3,2.7,12.779,0.792
20141202,314146,null,3.9,9.2,2.7,13.451,0.914
20141201,345799,null,3.6,8.6,3.2,12.265,0.851
20141130,347901,null,3.3,10.2,2.6,14.194,0.872
20141129,339077,null,3.8,8.7,2.3,11.868,0.981
20141128,331683,null,4.2,8.7,2.4,11.408,0.907
20141127,343223,null,4.0,8.6,2.3,11.131,0.822
20141126,353227,null,3.8,8.1,4.1,11.952,0.601
20141125,422788,null,4.0,7.9,4.3,9.685,0.534
20141124,336765,null,3.7,9.1,4.4,12.881,0.861
20141123,327146,null,3.8,10.7,4.3,13.546,1.112
20141122,328186,null,3.5,9.6,4.7,12.394,0.728
20141121,315964,null,3.9,8.0,3.9,11.264,0.561
20141120,319201,null,3.9,8.2,3.6,11.810,0.894
20141119,323032,null,3.8,7.6,3.8,12.488,0.845
20141118,329218,null,3.6,8.1,3.4,11.878,1.009
20141117,348375,null,3.7,7.0,3.4,12.387,0.709
20141116,360903,null,3.9,8.0,3.5,12.598,0.738
20141115,361150,null,3.4,8.1,3.0,12.439,0.597
20141114,357738,null,3.5,7.5,3.0,12.631,0.677
20141113,348795,null,3.5,7.5,3.8,12.037,0.728
20141112,354916,null,3.8,8.1,4.1,12.201,0.862
20141111,353608,null,3.6,7.6,3.9,12.410,0.858
20141110,357794,null,3.2,7.1,4.2,11.956,0.936
20141109,378889,null,3.6,7.1,3.6,12.300,0.983
20141108,364853,null,3.4,7.6,4.4,12.430,0.814
20141107,361531,null,3.0,8.2,4.7,12.148,0.940
20141106,372269,null,2.9,8.0,4.1,11.902,0.915
20141105,361873,null,3.1,7.7,3.2,10.342,1.213
20141104,365222,null,3.3,8.2,3.5,11.466,1.090
20141103,370189,null,3.4,7.2,3.0,11.179,0.911
20141102,389560,null,3.0,7.7,2.9,12.502,0.827
20141101,453331,null,3.3,5.8,2.9,9.939,0.510
20141031,412027,null,3.3,7.6,3.5,12.634,0.942
20141030,365968,null,3.0,8.6,3.2,12.062,0.953
20141029,372114,null,3.1,8.7,3.8,12.145,1.011
20141028,371654,null,3.0,7.8,3.4,11.125,0.897
20141027,396619,null,2.8,7.7,4.9,11.032,0.826
20141026,398915,null,3.0,7.9,3.4,10.877,0.902
20141025,408577,null,3.4,6.5,3.6,10.087,0.934
20141024,430538,null,3.8,6.5,3.1,11.278,1.056
20141023,489396,null,3.9,6.8,3.2,10.280,0.868
20141022,495424,null,3.8,6.0,3.0,8.005,0.723
20141021,425123,null,3.8,7.5,3.2,10.174,0.735
20141020,445634,null,3.5,8.1,4.6,11.808,0.892
20141019,371128,null,3.0,8.7,3.2,12.441,0.800
20141018,369737,null,3.2,8.6,3.3,12.697,0.954
20141017,362957,null,4.0,8.3,4.0,12.549,0.859
20141016,369445,null,4.2,8.2,4.7,10.915,1.012
20141015,379845,null,4.0,8.7,3.9,11.274,0.886
20141014,415304,null,3.8,6.9,3.7,10.246,0.821
20141013,447171,null,3.7,7.5,4.0,11.355,1.090
20141012,373636,null,3.6,8.0,3.4,12.091,1.165
20141011,370678,null,3.3,8.5,5.2,11.856,0.855
20141010,371282,null,4.0,8.6,4.6,10.908,1.080
20141009,377082,null,3.6,8.2,4.2,12.153,1.205
20141008,373794,null,3.7,7.6,3.6,11.791,0.891
20141007,375158,null,3.5,8.6,3.8,11.424,0.942
20141006,377401,null,3.4,6.9,3.7,11.945,1.008
20141005,374606,null,3.8,9.3,3.2,12.328,0.994
20141004,368685,null,3.9,7.5,3.3,10.336,0.851
20141003,380944,null,3.8,8.1,3.1,11.680,1.184
20141002,385404,null,3.4,7.0,2.9,11.132,0.929
20141001,386409,null,3.5,6.8,2.9,11.343,0.913
20140930,388137,null,3.5,8.2,3.8,10.393,0.957
20140929,395651,null,3.6,8.2,3.5,10.564,0.926
20140928,410171,null,4.0,8.2,4.1,10.218,0.986
20140927,424098,null,3.8,7.0,3.7,10.210,1.083
20140926,442714,null,4.3,7.3,3.6,9.905,1.006
20140925,475643,null,4.0,6.0,3.0,8.341,0.605
20140924,476686,null,4.3,8.3,4.8,11.210,0.790
20140923,364832,null,4.2,9.2,3.5,13.875,0.546
20140922,369503,null,3.9,8.3,3.1,14.301,0.432
20140921,372826,null,3.6,9.7,3.8,15.570,0.796
20140920,385390,null,3.4,9.2,3.1,14.795,0.503
20140919,377336,null,3.5,10.1,3.9,13.876,0.638
20140918,381410,null,3.6,9.8,3.2,15.169,0.563
20140917,375298,null,3.8,9.2,3.1,16.055,0.858
20140916,384725,null,4.3,8.5,3.5,14.579,0.582
20140915,380737,null,4.5,8.4,3.2,14.696,0.786
20140914,381235,null,3.7,7.4,2.6,13.395,0.663
20140913,391545,null,3.8,8.3,3.4,13.065,0.360
20140912,384000,null,4.1,8.8,3.7,12.770,0.315
20140911,398869,null,4.2,10.4,3.7,12.671,0.513
20140910,411595,null,3.7,11.1,2.3,11.810,0.255
20140909,409645,null,3.2,9.2,2.2,11.359,0.179
20140908,420548,null,4.6,9.2,2.5,10.954,0.931
20140907,444642,null,4.5,9.8,2.3,10.988,0.638
20140906,454695,null,4.4,6.7,2.9,9.192,0.311
20140905,466373,null,4.4,8.6,3.6,9.185,0.297
20140904,481734,null,4.9,6.6,3.2,8.017,0.192
20140903,431816,null,3.9,11.9,3.4,11.133,0.465
20140902,398988,null,4.2,10.4,3.5,10.142,0.484
20140901,396869,null,5.0,10.3,3.3,9.445,0.505
20140831,405120,null,3.9,9.8,3.9,9.042,0.607
20140830,422071,null,4.1,11.0,3.7,9.321,0.959
20140829,436610,null,5.4,6.7,4.1,10.128,0.998
20140828,463901,null,5.9,6.3,3.2,9.741,0.826
20140827,513333,null,3.6,6.1,3.5,8.007,0.643
20140826,516111,null,3.3,5.8,3.0,7.404,0.548
20140825,460999,null,3.1,7.3,3.8,9.869,0.955
20140824,459687,null,3.2,7.5,3.3,9.485,1.053
20140823,490770,null,3.5,5.3,3.9,8.854,1.006
20140822,538617,null,4.6,5.9,3.2,8.159,0.730
20140821,529265,null,4.1,4.6,3.6,6.704,0.929
20140820,510987,null,3.8,5.9,3.9,8.775,0.792
20140819,536970,null,4.5,5.0,2.4,8.686,0.477
20140818,496934,null,3.8,6.6,4.4,10.265,0.948
20140817,457716,null,3.4,9.1,3.2,10.306,0.914
20140816,492257,null,3.6,8.2,3.9,9.547,0.774
20140815,500330,null,4.0,8.0,3.6,10.805,0.685
20140814,478702,null,3.9,9.8,3.2,11.018,0.752
20140813,392801,null,4.2,8.2,3.9,11.207,1.219
20140812,416335,null,3.9,7.6,3.9,10.372,0.791
20140811,497785,null,3.9,6.9,3.0,9.961,0.697
20140810,427447,null,3.5,8.7,3.4,13.440,1.348
20140809,438049,null,3.4,8.7,3.9,12.942,0.836
20140808,430452,null,3.7,9.1,3.9,12.191,0.871
20140807,471463,null,3.8,7.6,3.1,10.630,1.134
20140806,539207,null,4.3,6.9,3.3,10.121,1.246
20140805,540397,null,4.5,6.1,3.3,9.330,1.050
20140804,512901,null,4.5,6.0,2.9,9.514,1.040
20140803,471017,null,4.4,6.6,2.8,11.639,0.643
20140802,380004,null,4.7,7.1,2.9,11.993,0.692
20140801,354986,null,4.3,9.4,3.7,14.023,0.594
20140731,358307,null,4.6,9.5,3.9,13.835,0.385
20140730,359323,null,4.5,9.5,5.5,14.337,0.830
20140729,353471,null,4.4,9.1,4.2,14.063,0.935
20140728,362599,null,4.3,10.1,4.8,12.931,0.792
20140727,360170,null,4.1,9.0,4.0,11.806,0.692
20140726,389313,null,4.2,9.5,3.7,13.387,1.007
20140725,375347,null,4.3,9.2,4.2,13.766,0.656
20140724,371009,null,4.8,9.2,5.8,14.232,0.649
20140723,370614,null,4.0,10.6,4.5,13.801,0.757
20140722,370591,null,4.5,7.9,6.8,12.549,1.363
20140721,392374,null,3.9,9.0,4.4,12.959,0.929
20140720,405847,null,4.5,7.3,5.9,9.173,1.072
20140719,448397,null,3.8,6.8,2.8,8.955,0.463
20140718,435095,null,4.3,7.9,3.3,11.063,0.579
20140717,409004,null,4.3,9.5,5.2,13.636,0.885
20140716,400460,null,4.5,7.9,4.5,10.855,0.620
20140715,385901,null,4.0,9.0,5.2,13.239,1.349
20140714,393765,null,4.1,7.8,3.7,10.913,0.627
20140713,450994,null,4.4,8.5,3.5,12.923,0.937
20140712,373805,null,4.1,8.4,3.5,12.484,1.143
20140711,383631,null,4.2,9.1,3.5,10.376,0.868
20140710,413045,null,4.3,8.0,3.9,10.833,0.500
20140709,426876,null,4.0,8.0,3.0,10.186,0.365
20140708,446364,null,4.1,9.1,3.5,13.514,0.697
20140707,380051,null,4.4,8.4,3.7,12.854,0.416
20140706,384814,null,4.2,9.0,3.2,13.335,0.831
20140705,362646,null,4.3,9.1,3.6,12.117,1.437
20140704,382378,null,4.1,8.0,3.2,10.046,0.712
20140703,440630,null,4.2,8.9,3.5,9.189,0.318
20140702,349268,null,4.2,9.6,5.4,13.470,0.724
20140701,354190,null,4.8,9.1,4.5,12.681,0.732
20140630,350966,null,4.7,9.5,4.0,13.878,0.706
20140629,350774,null,4.5,9.0,3.3,13.777,0.540
20140628,356390,null,4.2,9.4,4.4,13.342,0.561
20140627,350774,null,4.4,9.1,5.3,13.556,0.959
20140626,340994,null,4.5,10.2,4.3,12.939,0.628
20140625,345590,null,4.4,10.4,4.4,14.179,0.806
20140624,353669,null,4.5,10.0,4.1,16.296,1.035
20140623,344551,null,4.2,9.3,4.0,15.467,0.744
20140622,342078,null,4.6,9.7,4.1,14.814,0.649
20140621,347307,null,4.3,9.5,4.0,14.775,0.912
20140620,340687,null,4.3,9.8,4.8,14.554,1.022
20140619,350084,null,4.3,10.1,4.8,15.202,0.928
20140618,367473,null,4.3,9.4,4.4,14.699,1.187
20140617,332694,null,4.5,10.6,5.0,14.854,1.257
20140616,348783,null,4.4,9.8,3.9,14.643,1.326
20140615,356943,null,4.2,9.7,3.6,15.975,1.035
20140614,362111,null,4.4,9.6,4.5,15.937,0.860
20140613,345251,null,4.3,9.7,4.3,16.002,0.812
20140612,366489,null,4.4,10.1,4.2,16.802,0.913
20140611,341662,null,4.2,9.4,3.2,16.215,0.757
20140610,335345,null,4.5,9.3,3.9,16.561,0.772
20140609,337026,null,4.2,9.8,3.0,16.561,1.237
20140608,352918,null,4.1,9.4,3.2,15.756,0.710
20140607,355959,null,4.2,9.9,3.3,15.690,1.204
20140606,354877,null,4.5,9.6,3.6,15.433,1.447
20140605,384010,null,4.1,10.3,3.3,13.532,1.159
20140604,363387,null,4.2,9.2,3.5,13.332,0.933
20140603,453811,null,4.0,8.7,3.5,12.208,0.711
20140602,363713,null,4.3,9.4,3.7,14.985,0.807
20140601,357629,null,4.0,10.1,3.9,13.673,1.348
20140531,363821,null,4.1,9.3,3.7,14.457,0.718
20140530,358989,null,4.3,9.4,4.3,13.979,0.843
20140529,355508,null,3.9,9.8,4.3,14.713,0.916
20140528,365910,null,4.3,9.7,3.9,14.237,1.566
20140527,364377,null,4.5,9.2,3.8,13.047,1.320
20140526,462150,null,4.4,9.3,3.9,11.183,0.612
20140525,373157,null,4.3,9.5,4.1,14.477,0.657
20140524,353875,null,4.7,8.8,4.7,16.008,0.673
20140523,346145,null,4.6,10.3,4.7,16.143,0.733
20140522,362938,null,4.4,10.6,4.4,16.373,0.780
20140521,361199,null,4.5,10.3,4.5,15.151,1.068
20140520,384215,null,4.3,10.1,4.7,16.222,1.293
20140519,354307,null,4.0,11.3,5.1,16.778,1.605
20140518,379469,null,4.0,11.0,4.4,14.520,1.671
20140517,371463,null,4.4,10.7,4.4,15.166,1.658
20140516,372334,null,4.3,10.9,4.2,14.967,1.582
20140515,389444,null,4.5,10.4,4.1,14.888,1.583
20140514,412994,null,4.6,8.4,4.0,10.801,1.402
20140513,467333,null,4.3,8.4,3.4,10.212,1.318
20140512,483961,null,4.4,9.8,4.2,14.054,1.324
20140511,347337,null,4.5,9.7,4.0,16.117,1.446
20140510,348462,null,4.1,10.9,4.0,15.699,1.254
20140509,344440,null,4.3,11.0,5.0,15.843,1.494
20140508,348357,null,4.0,10.3,3.6,16.994,1.077
20140507,344232,null,4.2,10.3,3.0,16.663,0.923
20140506,347131,null,3.5,10.3,3.3,15.343,0.949
20140505,347503,null,3.1,9.7,3.1,15.710,0.967
20140504,351581,null,2.8,10.1,3.1,13.475,0.928
20140503,371245,null,4.4,10.1,3.6,12.286,0.802
20140502,388670,null,4.4,10.7,3.8,12.034,0.921
20140501,412192,null,4.1,8.4,3.4,11.914,1.125
20140430,454246,null,4.3,7.8,4.3,11.199,1.197
20140429,464759,null,4.0,6.7,3.1,8.274,0.468
20140428,435804,null,4.2,11.1,5.4,13.386,1.278
20140427,349427,null,4.3,10.7,4.8,14.499,0.833
20140426,339842,null,4.5,10.3,4.4,14.517,0.531
20140425,328468,null,4.2,11.0,5.3,17.288,0.938
20140424,327636,null,4.2,10.3,5.6,16.616,1.084
20140423,332990,null,4.3,11.4,4.8,16.556,1.303
20140422,325750,null,4.9,11.4,4.4,16.192,1.011
20140421,347857,null,4.7,10.0,4.9,16.031,1.008
20140420,354959,null,4.6,9.5,4.4,13.555,0.665
20140419,349791,null,4.3,9.1,4.3,12.737,0.384
20140418,388543,null,4.5,9.4,4.8,11.814,0.331
20140417,345748,null,4.7,11.7,5.9,17.519,1.428
20140416,333081,null,4.8,11.2,4.3,17.458,0.628
20140415,335568,null,4.6,11.0,5.5,17.244,0.564
20140414,356495,null,4.5,10.2,4.8,16.376,0.476
20140413,355658,null,4.6,10.7,4.4,16.831,0.627
20140412,343903,null,4.7,12.0,4.5,17.682,0.667
20140411,330965,null,4.5,12.0,4.5,16.682,0.667
20140410,334667,null,4.3,11.0,5.2,17.414,0.768
20140409,334705,null,4.5,10.7,4.6,16.261,0.736
20140408,348882,null,4.7,10.7,4.4,17.283,0.762
20140407,342430,null,4.5,10.8,5.8,16.738,0.699
20140406,355099,null,4.2,10.4,4.6,15.432,0.539
20140405,351588,null,3.8,9.7,4.3,13.633,0.519
20140404,402856,null,3.6,10.3,4.3,13.986,1.150
20140403,367523,null,3.8,10.8,4.2,15.984,1.355
20140402,379568,null,4.1,10.4,4.8,15.008,1.005
20140401,400437,null,4.0,9.6,4.4,12.934,1.104
20140331,410250,null,3.6,7.8,4.1,10.476,0.511
20140330,443151,null,4.2,7.1,4.0,9.859,0.638
20140329,380566,null,4.0,8.7,4.1,10.891,0.819
20140328,365919,null,4.4,10.0,6.6,16.779,0.708
20140327,387916,null,4.3,9.9,4.3,13.428,0.656
20140326,431280,null,4.3,9.4,3.7,14.985,0.807
20140325,342002,null,4.3,10.1,4.7,16.660,0.758
20140324,332973,null,4.4,9.6,4.6,17.161,0.628
20140323,351549,null,4.3,10.5,4.7,17.339,0.755
20140322,343143,null,4.4,10.3,4.5,16.890,0.565
20140321,342049,null,4.2,9.7,4.3,17.427,0.495
20140320,358423,null,4.1,10.4,4.6,16.701,0.754
20140319,340047,null,3.8,10.5,5.0,17.855,1.152
20140318,368355,null,3.9,10.1,4.0,16.467,0.578
20140317,354911,null,4.4,10.2,5.5,16.435,0.700
20140316,370126,null,4.4,9.8,4.7,16.366,0.626
20140315,379636,null,4.2,8.6,4.1,11.050,0.507
20140314,418330,null,4.1,7.0,3.6,11.046,0.398
20140313,426586,null,4.2,9.2,4.5,8.989,0.331
20140312,352514,null,4.4,10.4,4.9,16.934,1.065
20140311,325841,null,4.5,10.5,5.1,17.823,0.449
20140310,333507,null,4.7,10.2,4.2,17.274,0.433
20140309,338482,null,4.3,10.0,4.0,16.763,0.652
20140308,340158,null,4.6,10.4,4.5,17.407,0.928
20140307,334059,null,4.7,10.7,4.8,17.307,1.309
20140306,332075,null,4.6,10.8,6.2,16.789,1.280
20140305,336293,null,4.4,11.2,5.2,17.783,1.169
20140304,339121,null,4.1,10.3,5.1,17.415,1.098
20140303,347951,null,4.6,10.8,5.2,17.958,0.812
20140302,367056,null,4.6,10.8,4.6,17.725,0.773
20140301,343144,null,4.5,10.7,5.1,16.382,0.863
20140228,354531,null,4.2,10.3,4.3,16.936,1.227
20140227,387062,null,4.4,9.1,5.4,15.072,0.834
20140226,330687,null,4.2,11.2,4.5,17.202,1.273
20140225,317476,null,4.5,11.3,6.7,17.323,0.875
20140224,329402,null,4.3,11.1,6.0,16.094,0.516
20140223,336205,null,4.7,10.3,6.4,16.179,0.701
20140222,330226,null,4.6,10.8,6.0,17.165,0.648
20140221,326558,null,4.3,10.2,6.4,17.076,0.959
20140220,314217,null,4.5,11.4,6.7,17.394,0.851
20140219,320013,null,4.6,10.8,5.0,16.815,0.835
20140218,359135,null,4.2,12.0,6.5,16.955,0.607
20140217,343620,null,4.1,11.5,6.3,17.634,0.619
20140216,332929,null,4.0,10.9,5.5,16.754,0.833
20140215,326743,null,4.2,11.5,5.0,16.915,0.791
20140214,314724,null,4.0,12.0,6.6,16.610,0.968
20140213,337162,null,4.1,10.4,6.4,17.831,0.528
20140212,326079,null,4.2,10.4,5.9,16.990,0.519
20140211,328931,null,4.5,10.4,6.1,17.091,0.984
20140210,374955,null,5.2,10.8,6.9,17.223,0.402
20140209,339434,null,4.8,10.5,6.6,17.382,0.458
20140208,387168,null,4.1,10.3,6.1,17.520,0.763
20140207,345847,null,4.2,10.7,6.8,17.844,1.156
20140206,309329,null,4.3,12.1,6.2,17.791,1.129
20140205,310221,null,4.4,13.3,6.6,18.107,0.894
20140204,307135,null,4.3,11.3,6.2,17.984,0.517
20140203,337489,null,4.6,9.9,6.2,17.864,0.628
20140202,357280,null,4.7,10.1,5.3,16.784,0.540
20140201,323017,null,4.5,10.3,5.1,17.008,0.603
20140131,311312,null,4.7,10.4,6.1,17.850,1.653
20140130,350918,null,4.4,10.3,5.2,16.852,1.499
20140129,337070,null,4.9,11.1,6.1,17.490,0.994
20140128,321540,null,4.5,11.2,6.4,17.977,0.656
20140127,326542,null,4.8,10.7,6.1,17.315,0.529
20140126,341149,null,4.5,11.4,5.6,17.268,0.900
20140125,336079,null,4.6,10.6,5.9,17.085,1.344
20140124,315841,null,4.8,11.7,5.7,17.614,1.500
20140123,319028,null,4.4,10.7,5.8,17.361,1.209
20140122,310397,null,4.6,11.4,5.9,17.209,0.995
20140121,316789,null,4.8,10.7,5.7,16.779,0.531
20140120,322074,null,4.7,10.7,5.4,16.893,0.650
20140119,328893,null,4.9,11.1,6.6,17.669,0.685
20140118,326395,null,4.8,10.1,5.3,17.653,0.871
20140117,322247,null,4.6,10.6,6.0,17.735,1.120
20140116,310360,null,4.5,10.9,6.0,16.034,0.730
20140115,317654,null,4.3,10.4,4.8,17.466,0.958
20140114,313791,null,4.8,10.7,5.8,17.082,0.619
20140113,320287,null,4.6,10.5,6.1,17.537,0.717
20140112,328755,null,4.4,10.0,5.1,16.429,0.944
20140111,329604,null,4.5,9.7,5.0,16.903,0.942
20140110,315602,null,4.2,9.4,4.9,16.664,0.609
20140109,330730,null,4.8,10.7,5.3,17.266,0.361
20140108,333611,null,4.6,10.4,4.9,16.919,0.333
20140107,302227,null,4.8,10.1,4.2,16.046,0.579
20140106,316508,null,4.6,10.0,5.7,16.904,0.981
20140105,331863,null,4.7,10.1,4.1,15.246,0.903
20140104,328177,null,4.6,11.5,4.9,15.934,0.538
20140103,318165,null,4.4,10.8,4.6,16.071,0.519
20140102,319176,null,4.7,11.4,4.7,16.263,0.407
20140101,322016,null,4.8,10.7,4.8,14.924,0.387
