date,wind_speed_10m_max,wind_direction_10m_dominant
2014-01-01,6.2222272,267.5
2014-01-02,4.027781,299.9166666666667
2014-01-03,2.5833354000000006,295.3333333333333
2014-01-04,4.6388926,177.375
2014-01-05,4.3611146000000005,165.41666666666666
2014-01-06,4.166670000000001,220.29166666666666
2014-01-07,3.7777808000000004,303.375
2014-01-08,5.8888936,335.5
2014-01-09,8.1111176,320.1666666666667
2014-01-10,6.2222272,305.5
2014-01-11,3.333336,307.75
2014-01-12,4.916670600000001,303.0
2014-01-13,5.638893400000001,335.7083333333333
2014-01-14,4.5000036,342.5833333333333
2014-01-15,5.638893400000001,334.5416666666667
2014-01-16,3.6388918,337.125
2014-01-17,4.5277814,332.6666666666667
2014-01-18,6.4722274,312.9166666666667
2014-01-19,4.7777816,258.2083333333333
2014-01-20,5.6666712,272.7083333333333
2014-01-21,6.111116000000001,309.0833333333333
2014-01-22,4.3888924000000005,321.875
2014-01-23,3.3055582000000006,281.7083333333333
2014-01-24,6.055560400000001,255.125
2014-01-25,6.194449400000001,251.58333333333334
2014-01-26,6.0277826,178.5
2014-01-27,5.555560000000001,205.04166666666666
2014-01-28,4.666670400000001,290.25
2014-01-29,3.333336,266.4166666666667
2014-01-30,6.833338800000001,257.5416666666667
2014-01-31,3.5833362000000006,249.04166666666666
2014-02-01,5.305559800000001,201.75
2014-02-02,3.9166698,208.79166666666666
2014-02-03,6.4444496000000004,333.125
2014-02-04,7.500006000000001,323.4166666666667
2014-02-05,4.9722262,171.66666666666666
2014-02-06,4.944448400000001,78.58333333333333
2014-02-07,8.138895400000001,52.833333333333336
2014-02-08,7.444450400000001,44.583333333333336
2014-02-09,5.555560000000001,152.875
2014-02-10,8.472229,32.666666666666664
2014-02-11,6.5000052,40.5
2014-02-12,5.305559800000001,35.875
2014-02-13,6.5833386,36.833333333333336
2014-02-14,8.5833402,39.0
2014-02-15,4.916670600000001,144.25
2014-02-16,3.0000024000000005,209.79166666666666
2014-02-17,7.111116800000001,136.5
2014-02-18,8.4166734,43.375
2014-02-19,6.138893800000001,40.5
2014-02-20,2.9444468,205.625
2014-02-21,3.8333364000000008,246.04166666666666
2014-02-22,2.916669,202.29166666666666
2014-02-23,3.1111136,63.458333333333336
2014-02-24,3.6388918,245.875
2014-02-25,3.1111136,245.25
2014-02-26,5.7222268000000005,52.291666666666664
2014-02-27,4.888892800000001,232.125
2014-02-28,6.305560600000001,121.20833333333333
2014-03-01,4.2222256,56.166666666666664
2014-03-02,5.444448800000001,174.08333333333334
2014-03-03,4.3888924000000005,55.583333333333336
2014-03-04,3.3611138,141.25
2014-03-05,6.194449400000001,330.5416666666667
2014-03-06,5.6666712,321.7083333333333
2014-03-07,5.305559800000001,305.2083333333333
2014-03-08,3.7222252000000005,282.4583333333333
2014-03-09,6.750005400000001,302.625
2014-03-10,5.3333376,296.5416666666667
2014-03-11,5.6944490000000005,266.5833333333333
2014-03-12,3.8888920000000002,215.70833333333334
2014-03-13,9.638896600000002,120.70833333333333
2014-03-14,4.0000032,319.4166666666667
2014-03-15,7.388894800000001,254.125
2014-03-16,5.6666712,238.83333333333334
2014-03-17,6.3888940000000005,226.75
2014-03-18,7.166672400000001,189.0
2014-03-19,5.8888936,58.458333333333336
2014-03-20,5.4722266,254.5
2014-03-21,4.5000036,256.625
2014-03-22,4.805559400000001,251.95833333333334
2014-03-23,4.611114800000001,272.4166666666667
2014-03-24,6.5833386,255.25
2014-03-25,6.0833382,224.20833333333334
2014-03-26,4.305559000000001,213.75
2014-03-27,3.5277806000000003,220.75
2014-03-28,4.3333368000000005,242.04166666666666
2014-03-29,5.7777824,142.83333333333334
2014-03-30,3.4166694000000004,117.54166666666667
2014-03-31,3.611114,214.58333333333334
2014-04-01,3.1388914000000003,229.58333333333334
2014-04-02,3.3888916,192.33333333333334
2014-04-03,4.1944478,217.41666666666666
2014-04-04,5.8055602,300.6666666666667
2014-04-05,5.6944490000000005,185.58333333333334
2014-04-06,4.9722262,301.375
2014-04-07,4.8333372,265.625
2014-04-08,3.6944474000000005,243.375
2014-04-09,4.750003800000001,266.0416666666667
2014-04-10,6.888894400000001,151.54166666666666
2014-04-11,3.1111136,71.375
2014-04-12,3.3611138,63.083333333333336
2014-04-13,5.305559800000001,38.875
2014-04-14,3.9166698,84.625
2014-04-15,4.5277814,276.75
2014-04-16,5.0555596000000005,264.0
2014-04-17,5.583337800000001,201.20833333333334
2014-04-18,5.9444492,42.958333333333336
2014-04-19,7.222228,49.666666666666664
2014-04-20,5.972227,64.625
2014-04-21,3.0555580000000004,235.54166666666666
2014-04-22,4.027781,205.91666666666666
2014-04-23,4.805559400000001,253.91666666666666
2014-04-24,4.5277814,229.75
2014-04-25,3.8888920000000002,240.75
2014-04-26,3.9444476,234.70833333333334
2014-04-27,4.305559000000001,178.95833333333334
2014-04-28,8.1111176,72.25
2014-04-29,6.3611162000000006,167.79166666666666
2014-04-30,3.333336,165.125
2014-05-01,4.861115000000001,236.16666666666666
2014-05-02,6.416671800000001,253.83333333333334
2014-05-03,6.666672,271.375
2014-05-04,6.1666716,231.04166666666666
2014-05-05,5.4722266,283.1666666666667
2014-05-06,4.9722262,256.0416666666667
2014-05-07,5.8055602,224.95833333333334
2014-05-08,7.7222284000000005,249.91666666666666
2014-05-09,4.5000036,193.95833333333334
2014-05-10,5.4722266,53.833333333333336
2014-05-11,4.916670600000001,99.08333333333333
2014-05-12,9.611118800000002,224.79166666666666
2014-05-13,5.583337800000001,248.45833333333334
2014-05-14,3.3055582000000006,219.58333333333334
2014-05-15,4.916670600000001,301.625
2014-05-16,4.750003800000001,262.8333333333333
2014-05-17,4.5555592,164.875
2014-05-18,3.1111136,159.58333333333334
2014-05-19,3.6388918,227.29166666666666
2014-05-20,3.0000024000000005,103.45833333333333
2014-05-21,3.6666696,233.70833333333334
2014-05-22,4.3611146000000005,175.70833333333334
2014-05-23,3.4444472000000004,97.20833333333333
2014-05-24,5.3888932,241.95833333333334
2014-05-25,7.0833390000000005,207.125
2014-05-26,6.3888940000000005,248.41666666666666
2014-05-27,6.555560800000001,234.75
2014-05-28,6.3611162000000006,225.375
2014-05-29,4.722226,243.41666666666666
2014-05-30,5.1944486,238.70833333333334
2014-05-31,4.9722262,247.41666666666666
2014-06-01,4.250003400000001,247.70833333333334
2014-06-02,3.0833358,156.54166666666666
2014-06-03,5.1944486,92.625
2014-06-04,7.3333392,55.5
2014-06-05,5.3333376,30.791666666666668
2014-06-06,4.611114800000001,37.458333333333336
2014-06-07,4.6388926,50.125
2014-06-08,3.6388918,78.54166666666667
2014-06-09,4.6944482,61.541666666666664
2014-06-10,5.416671000000001,46.583333333333336
2014-06-11,5.916671400000001,36.041666666666664
2014-06-12,3.6388918,52.875
2014-06-13,4.611114800000001,223.66666666666666
2014-06-14,5.4722266,257.4166666666667
2014-06-15,5.277782,248.91666666666666
2014-06-16,5.0277818000000005,253.29166666666666
2014-06-17,4.4722258,165.29166666666666
2014-06-18,5.6666712,56.666666666666664
2014-06-19,4.5277814,223.29166666666666
2014-06-20,4.861115000000001,106.375
2014-06-21,7.000005600000001,44.708333333333336
2014-06-22,5.1944486,46.666666666666664
2014-06-23,3.611114,159.75
2014-06-24,4.0555588,221.54166666666666
2014-06-25,4.111114400000001,213.20833333333334
2014-06-26,4.861115000000001,207.95833333333334
2014-06-27,4.5555592,115.375
2014-06-28,4.6388926,257.9166666666667
2014-06-29,3.5833362000000006,225.91666666666666
2014-06-30,3.5833362000000006,137.45833333333334
2014-07-01,3.8333364000000008,218.0
2014-07-02,3.3055582000000006,152.91666666666666
2014-07-03,6.3888940000000005,69.125
2014-07-04,4.5277814,113.79166666666667
2014-07-05,3.611114,107.0
2014-07-06,4.4166702,79.66666666666667
2014-07-07,3.2500026,93.54166666666667
2014-07-08,3.5000028000000003,176.58333333333334
2014-07-09,6.4722274,63.208333333333336
2014-07-10,6.5000052,116.33333333333333
2014-07-11,4.0833366,275.5833333333333
2014-07-12,5.361115400000001,234.66666666666666
2014-07-13,3.0555580000000004,220.75
2014-07-14,4.861115000000001,249.08333333333334
2014-07-15,3.3611138,214.5
2014-07-16,3.8888920000000002,233.5
2014-07-17,4.9722262,235.79166666666666
2014-07-18,4.611114800000001,238.20833333333334
2014-07-19,3.5833362000000006,245.16666666666666
2014-07-20,2.8055578000000003,165.95833333333334
2014-07-21,4.0833366,220.625
2014-07-22,6.055560400000001,230.33333333333334
2014-07-23,5.277782,231.54166666666666
2014-07-24,5.166670800000001,232.95833333333334
2014-07-25,8.4444512,201.25
2014-07-26,8.5833402,226.0
2014-07-27,4.138892200000001,184.75
2014-07-28,2.9444468,69.95833333333333
2014-07-29,3.4166694000000004,126.16666666666667
2014-07-30,2.5555576,190.20833333333334
2014-07-31,4.750003800000001,90.45833333333333
2014-08-01,5.972227,64.08333333333333
2014-08-02,9.0000072,101.79166666666667
2014-08-03,10.166674800000001,165.625
2014-08-04,7.1944502,209.33333333333334
2014-08-05,5.1111152,238.20833333333334
2014-08-06,4.4166702,233.45833333333334
2014-08-07,4.277781200000001,139.20833333333334
2014-08-08,8.1666732,41.833333333333336
2014-08-09,10.3888972,38.333333333333336
2014-08-10,7.250005800000001,168.0
2014-08-11,3.7777808000000004,195.20833333333334
2014-08-12,3.9722254000000006,267.0833333333333
2014-08-13,2.2500018,191.0
2014-08-14,5.3888932,33.541666666666664
2014-08-15,4.944448400000001,47.75
2014-08-16,3.4722250000000003,45.333333333333336
2014-08-17,5.7500046000000005,51.833333333333336
2014-08-18,6.4444496000000004,178.79166666666666
2014-08-19,6.666672,210.66666666666666
2014-08-20,5.277782,193.375
2014-08-21,8.638895800000002,211.5
2014-08-22,3.333336,240.08333333333334
2014-08-23,3.7500030000000004,248.04166666666666
2014-08-24,2.8888912,210.70833333333334
2014-08-25,5.305559800000001,201.25
2014-08-26,4.6388926,209.70833333333334
2014-08-27,5.0277818000000005,41.958333333333336
2014-08-28,4.4722258,49.708333333333336
2014-08-29,5.277782,47.166666666666664
2014-08-30,5.3888932,42.458333333333336
2014-08-31,4.305559000000001,44.416666666666664
2014-09-01,5.2222264,42.541666666666664
2014-09-02,5.0555596000000005,59.75
2014-09-03,6.944450000000001,191.45833333333334
2014-09-04,4.0555588,245.125
2014-09-05,2.6944466,262.9583333333333
2014-09-06,2.361113,229.33333333333334
2014-09-07,3.2222248000000002,128.875
2014-09-08,2.6944466,82.41666666666667
2014-09-09,2.8611134000000003,259.25
2014-09-10,3.2500026,50.125
2014-09-11,4.166670000000001,47.958333333333336
2014-09-12,3.3055582000000006,64.375
2014-09-13,5.361115400000001,57.791666666666664
2014-09-14,4.7777816,50.291666666666664
2014-09-15,2.1944462000000002,214.33333333333334
2014-09-16,2.916669,155.20833333333334
2014-09-17,2.6111132,59.625
2014-09-18,5.0555596000000005,50.291666666666664
2014-09-19,4.111114400000001,68.5
2014-09-20,4.722226,67.29166666666667
2014-09-21,3.5000028000000003,59.583333333333336
2014-09-22,4.916670600000001,44.916666666666664
2014-09-23,4.2222256,69.54166666666667
2014-09-24,9.0000072,118.41666666666667
2014-09-25,4.305559000000001,160.66666666666666
2014-09-26,5.0833374000000005,46.791666666666664
2014-09-27,2.4166686,158.95833333333334
2014-09-28,3.7222252000000005,172.66666666666666
2014-09-29,3.1111136,69.04166666666667
2014-09-30,6.944450000000001,103.66666666666667
2014-10-01,5.2500042,52.541666666666664
2014-10-02,3.1111136,101.25
2014-10-03,4.888892800000001,207.58333333333334
2014-10-04,8.916673800000002,42.791666666666664
2014-10-05,9.0000072,34.958333333333336
2014-10-06,6.194449400000001,129.08333333333334
2014-10-07,3.4444472000000004,98.70833333333333
2014-10-08,4.3611146000000005,56.041666666666664
2014-10-09,3.8333364000000008,41.25
2014-10-10,7.638895000000001,31.791666666666668
2014-10-11,8.277784400000002,46.291666666666664
2014-10-12,7.8333396,40.916666666666664
2014-10-13,11.166675600000001,96.45833333333333
2014-10-14,5.611115600000001,47.541666666666664
2014-10-15,2.8055578000000003,117.0
2014-10-16,5.444448800000001,277.9166666666667
2014-10-17,3.1944470000000003,243.25
2014-10-18,2.3055574000000005,226.08333333333334
2014-10-19,2.7222244000000004,112.29166666666667
2014-10-20,5.7777824,206.91666666666666
2014-10-21,7.7500062000000005,121.41666666666667
2014-10-22,8.6944514,31.208333333333332
2014-10-23,3.6944474000000005,55.125
2014-10-24,2.6944466,258.375
2014-10-25,2.7777800000000004,256.5833333333333
2014-10-26,3.5000028000000003,273.125
2014-10-27,5.277782,161.625
2014-10-28,2.4166686,187.41666666666666
2014-10-29,2.0555572000000004,79.375
2014-10-30,2.4722242000000003,64.25
2014-10-31,5.3333376,113.58333333333333
2014-11-01,2.0555572000000004,203.83333333333334
2014-11-02,6.3611162000000006,291.75
2014-11-03,6.1666716,309.2083333333333
2014-11-04,2.4722242000000003,215.29166666666666
2014-11-05,2.1111128,289.5
2014-11-06,3.9722254000000006,337.6666666666667
2014-11-07,3.3888916,150.0
2014-11-08,2.6111132,90.79166666666667
2014-11-09,4.3333368000000005,322.2083333333333
2014-11-10,3.5277806000000003,171.20833333333334
2014-11-11,2.6111132,232.375
2014-11-12,6.833338800000001,278.375
2014-11-13,6.805561000000001,294.875
2014-11-14,5.4722266,285.7083333333333
2014-11-15,3.2777804000000006,305.7083333333333
2014-11-16,2.916669,298.75
2014-11-17,4.5277814,310.375
2014-11-18,4.277781200000001,331.4166666666667
2014-11-19,2.6111132,290.7083333333333
2014-11-20,2.3055574000000005,292.375
2014-11-21,2.5833354000000006,253.875
2014-11-22,2.361113,312.8333333333333
2014-11-23,3.3888916,164.54166666666666
2014-11-24,7.166672400000001,30.916666666666668
2014-11-25,8.1666732,40.333333333333336
2014-11-26,4.6944482,65.29166666666667
2014-11-27,2.5555576,195.41666666666666
2014-11-28,4.4166702,152.0
2014-11-29,4.6944482,187.125
2014-11-30,3.3055582000000006,101.75
2014-12-01,8.666673600000001,293.6666666666667
2014-12-02,6.7222276,292.2083333333333
2014-12-03,6.5833386,263.75
2014-12-04,4.805559400000001,295.1666666666667
2014-12-05,6.6388942,304.5833333333333
2014-12-06,6.7777832,302.8333333333333
2014-12-07,3.8333364000000008,312.625
2014-12-08,4.750003800000001,273.7083333333333
2014-12-09,4.7777816,235.125
2014-12-10,3.0277802000000005,203.33333333333334
2014-12-11,5.166670800000001,300.9583333333333
2014-12-12,6.0833382,304.875
2014-12-13,6.1666716,302.2916666666667
2014-12-14,5.0277818000000005,292.2083333333333
2014-12-15,2.7222244000000004,236.5
2014-12-16,8.6944514,281.5
2014-12-17,8.4444512,298.1666666666667
2014-12-18,5.7500046000000005,324.125
2014-12-19,2.1666684000000003,304.0
2014-12-20,6.750005400000001,296.7083333333333
2014-12-21,5.583337800000001,295.2916666666667
2014-12-22,6.333338400000001,284.375
2014-12-23,4.583337,287.5
2014-12-24,5.2222264,283.1666666666667
2014-12-25,5.8055602,316.7083333333333
2014-12-26,4.4166702,284.0416666666667
2014-12-27,3.1666692000000003,245.16666666666666
2014-12-28,2.7222244000000004,323.5416666666667
2014-12-29,4.6388926,293.0
2014-12-30,4.5277814,267.9166666666667
2014-12-31,7.361117000000001,288.375
2015-01-01,8.8333404,303.5
2015-01-02,7.388894800000001,300.5416666666667
2015-01-03,4.111114400000001,286.4166666666667
2015-01-04,2.7222244000000004,289.625
2015-01-05,4.111114400000001,194.04166666666666
2015-01-06,7.222228,295.875
2015-01-07,6.3611162000000006,326.9166666666667
2015-01-08,4.583337,317.7916666666667
2015-01-09,5.500004400000001,303.9583333333333
2015-01-10,4.7777816,293.875
2015-01-11,6.666672,287.7083333333333
2015-01-12,5.5277822,163.54166666666666
2015-01-13,2.1111128,91.41666666666667
2015-01-14,3.3611138,135.125
2015-01-15,5.1111152,162.20833333333334
2015-01-16,6.305560600000001,249.54166666666666
2015-01-17,6.5833386,306.125
2015-01-18,5.555560000000001,278.4166666666667
2015-01-19,6.694449800000001,290.2916666666667
2015-01-20,3.7777808000000004,182.5
2015-01-21,2.4444464000000004,45.791666666666664
2015-01-22,6.416671800000001,66.625
2015-01-23,3.4166694000000004,286.1666666666667
2015-01-24,3.0000024000000005,256.0
2015-01-25,3.7777808000000004,115.25
2015-01-26,4.0833366,259.4166666666667
2015-01-27,5.555560000000001,329.8333333333333
2015-01-28,5.2222264,172.66666666666666
2015-01-29,5.2222264,63.958333333333336
2015-01-30,6.5833386,273.3333333333333
2015-01-31,5.861115800000001,335.2083333333333
2015-02-01,2.6944466,252.54166666666666
2015-02-02,2.5000020000000003,66.41666666666667
2015-02-03,2.4166686,62.041666666666664
2015-02-04,4.166670000000001,244.25
2015-02-05,5.4722266,316.5
2015-02-06,3.2500026,284.6666666666667
2015-02-07,4.0833366,280.0416666666667
2015-02-08,7.8333396,300.4166666666667
2015-02-09,6.333338400000001,301.4583333333333
2015-02-10,5.6666712,270.75
2015-02-11,6.3611162000000006,254.0
2015-02-12,6.277782800000001,297.7916666666667
2015-02-13,5.2500042,303.9583333333333
2015-02-14,4.250003400000001,271.2916666666667
2015-02-15,4.666670400000001,172.91666666666666
2015-02-16,5.833338,60.333333333333336
2015-02-17,5.3888932,304.9583333333333
2015-02-18,4.305559000000001,324.4583333333333
2015-02-19,4.611114800000001,176.04166666666666
2015-02-20,3.6666696,64.125
2015-02-21,5.7222268000000005,125.54166666666667
2015-02-22,5.2222264,245.375
2015-02-23,4.666670400000001,300.25
2015-02-24,3.8333364000000008,279.3333333333333
2015-02-25,3.9444476,112.16666666666667
2015-02-26,6.0833382,279.0833333333333
2015-02-27,5.7500046000000005,203.0
2015-02-28,6.194449400000001,55.75
2015-03-01,5.8888936,294.2083333333333
2015-03-02,5.611115600000001,267.25
2015-03-03,2.5833354000000006,264.875
2015-03-04,7.0833390000000005,303.2916666666667
2015-03-05,4.9722262,171.5
2015-03-06,3.7222252000000005,62.916666666666664
2015-03-07,2.8333356,111.375
2015-03-08,4.666670400000001,115.5
2015-03-09,7.6666728000000015,278.5833333333333
2015-03-10,8.277784400000002,304.75
2015-03-11,7.7500062000000005,272.5833333333333
2015-03-12,5.4722266,264.8333333333333
2015-03-13,6.9166722,253.29166666666666
2015-03-14,3.1666692000000003,240.875
2015-03-15,4.3611146000000005,242.625
2015-03-16,2.638891,194.125
2015-03-17,3.6666696,256.2083333333333
2015-03-18,7.1944502,51.041666666666664
2015-03-19,6.000004800000001,47.375
2015-03-20,4.611114800000001,190.16666666666666
2015-03-21,4.166670000000001,269.5833333333333
2015-03-22,5.305559800000001,300.5
2015-03-23,5.7222268000000005,318.7083333333333
2015-03-24,3.3611138,220.5
2015-03-25,4.444448,227.70833333333334
2015-03-26,4.8333372,254.45833333333334
2015-03-27,5.0833374000000005,265.5416666666667
2015-03-28,5.611115600000001,247.45833333333334
2015-03-29,2.5555576,225.625
2015-03-30,4.4166702,147.70833333333334
2015-03-31,3.9444476,219.41666666666666
2015-04-01,7.111116800000001,105.625
2015-04-02,9.444452,112.91666666666667
2015-04-03,10.111119200000001,177.70833333333334
2015-04-04,6.5833386,52.083333333333336
2015-04-05,4.888892800000001,55.541666666666664
2015-04-06,4.3611146000000005,51.041666666666664
2015-04-07,7.0833390000000005,53.125
2015-04-08,4.9722262,62.208333333333336
2015-04-09,4.5555592,57.625
2015-04-10,5.5277822,38.083333333333336
2015-04-11,4.861115000000001,116.54166666666667
2015-04-12,6.861116600000001,47.791666666666664
2015-04-13,9.0000072,38.5
2015-04-14,5.3888932,184.0
2015-04-15,6.750005400000001,260.375
2015-04-16,8.027784200000001,244.125
2015-04-17,4.4166702,249.29166666666666
2015-04-18,3.3611138,233.04166666666666
2015-04-19,6.333338400000001,178.83333333333334
2015-04-20,5.7222268000000005,38.708333333333336
2015-04-21,4.305559000000001,221.125
2015-04-22,5.1111152,274.9583333333333
2015-04-23,4.611114800000001,264.9166666666667
2015-04-24,4.8333372,253.41666666666666
2015-04-25,3.8055586000000003,274.0
2015-04-26,4.6944482,262.2083333333333
2015-04-27,5.1944486,242.54166666666666
2015-04-28,3.8333364000000008,184.41666666666666
2015-04-29,3.7500030000000004,67.66666666666667
2015-04-30,4.3611146000000005,50.541666666666664
2015-05-01,2.9722246,114.875
2015-05-02,3.8333364000000008,231.25
2015-05-03,5.6944490000000005,136.16666666666666
2015-05-04,5.361115400000001,304.8333333333333
2015-05-05,5.0555596000000005,275.125
2015-05-06,3.1388914000000003,249.91666666666666
2015-05-07,3.9722254000000006,246.75
2015-05-08,3.8055586000000003,237.91666666666666
2015-05-09,3.5833362000000006,195.91666666666666
2015-05-10,5.1111152,66.5
2015-05-11,9.2500074,103.16666666666667
2015-05-12,10.6666752,227.16666666666666
2015-05-13,8.333340000000002,229.75
2015-05-14,8.1111176,220.58333333333334
2015-05-15,3.4166694000000004,198.25
2015-05-16,4.3333368000000005,110.66666666666667
2015-05-17,3.5000028000000003,256.8333333333333
2015-05-18,2.6944466,206.08333333333334
2015-05-19,4.305559000000001,257.875
2015-05-20,4.3333368000000005,223.66666666666666
2015-05-21,5.3333376,261.2083333333333
2015-05-22,5.4722266,253.375
2015-05-23,4.4166702,236.375
2015-05-24,4.5000036,247.08333333333334
2015-05-25,5.0833374000000005,246.95833333333334
2015-05-26,4.3888924000000005,267.2083333333333
2015-05-27,3.8611142000000003,255.5
2015-05-28,4.4166702,113.79166666666667
2015-05-29,3.8055586000000003,170.70833333333334
2015-05-30,2.0000016,250.125
2015-05-31,5.1944486,158.33333333333334
2015-06-01,4.3888924000000005,252.58333333333334
2015-06-02,4.2222256,222.54166666666666
2015-06-03,3.8611142000000003,182.875
2015-06-04,4.916670600000001,226.0
2015-06-05,3.9722254000000006,101.0
2015-06-06,4.611114800000001,211.45833333333334
2015-06-07,3.5555584000000007,104.625
2015-06-08,2.8611134000000003,67.91666666666667
2015-06-09,4.611114800000001,211.20833333333334
2015-06-10,3.6388918,208.5
2015-06-11,4.916670600000001,96.83333333333333
2015-06-12,6.7222276,231.04166666666666
2015-06-13,7.916673,183.83333333333334
2015-06-14,5.555560000000001,213.5
2015-06-15,5.638893400000001,215.75
2015-06-16,3.2222248000000002,176.625
2015-06-17,3.9444476,74.16666666666667
2015-06-18,7.166672400000001,42.958333333333336
2015-06-19,5.861115800000001,38.25
2015-06-20,2.1111128,110.41666666666667
2015-06-21,2.7222244000000004,154.66666666666666
2015-06-22,4.5000036,214.95833333333334
2015-06-23,3.7777808000000004,192.45833333333334
2015-06-24,4.0000032,65.41666666666667
2015-06-25,5.2500042,56.5
2015-06-26,6.972227800000001,204.29166666666666
2015-06-27,4.1944478,58.458333333333336
2015-06-28,4.7777816,60.583333333333336
2015-06-29,2.1944462000000002,122.0
2015-06-30,3.6944474000000005,162.66666666666666
2015-07-01,5.6666712,219.75
2015-07-02,4.5277814,233.25
2015-07-03,3.6666696,234.95833333333334
2015-07-04,4.305559000000001,70.29166666666667
2015-07-05,3.611114,70.70833333333333
2015-07-06,4.166670000000001,61.791666666666664
2015-07-07,5.6666712,48.833333333333336
2015-07-08,5.3333376,54.375
2015-07-09,5.500004400000001,41.875
2015-07-10,4.888892800000001,49.208333333333336
2015-07-11,3.1666692000000003,64.54166666666667
2015-07-12,11.250009,138.20833333333334
2015-07-13,10.3611194,214.70833333333334
2015-07-14,5.2222264,225.25
2015-07-15,6.611116400000001,158.95833333333334
2015-07-16,9.222229600000002,27.333333333333332
2015-07-17,7.555561600000001,143.41666666666666
2015-07-18,2.9722246,155.66666666666666
2015-07-19,4.3333368000000005,45.708333333333336
2015-07-20,4.611114800000001,42.041666666666664
2015-07-21,2.8611134000000003,94.83333333333333
2015-07-22,5.361115400000001,172.45833333333334
2015-07-23,5.916671400000001,219.41666666666666
2015-07-24,8.472229,211.125
2015-07-25,7.500006000000001,215.79166666666666
2015-07-26,3.5555584000000007,176.875
2015-07-27,5.305559800000001,256.875
2015-07-28,3.9722254000000006,239.29166666666666
2015-07-29,4.805559400000001,234.54166666666666
2015-07-30,5.1944486,227.91666666666666
2015-07-31,4.583337,232.16666666666666
2015-08-01,4.888892800000001,236.625
2015-08-02,5.166670800000001,228.875
2015-08-03,5.416671000000001,228.66666666666666
2015-08-04,5.166670800000001,229.79166666666666
2015-08-05,4.7777816,234.41666666666666
2015-08-06,3.1111136,243.41666666666666
2015-08-07,3.8333364000000008,64.625
2015-08-08,3.4722250000000003,69.25
2015-08-09,4.3333368000000005,246.33333333333334
2015-08-10,3.8888920000000002,277.375
2015-08-11,3.9166698,281.4166666666667
2015-08-12,6.5833386,52.791666666666664
2015-08-13,3.9444476,247.0
2015-08-14,3.0833358,239.08333333333334
2015-08-15,2.222224,156.58333333333334
2015-08-16,4.666670400000001,71.875
2015-08-17,4.0555588,48.5
2015-08-18,4.916670600000001,37.458333333333336
2015-08-19,5.000004000000001,51.416666666666664
2015-08-20,2.1111128,87.08333333333333
2015-08-21,6.0833382,65.625
2015-08-22,2.4722242000000003,247.79166666666666
2015-08-23,3.0000024000000005,120.91666666666667
2015-08-24,6.3611162000000006,58.875
2015-08-25,10.194452600000002,151.41666666666666
2015-08-26,3.333336,200.79166666666666
2015-08-27,4.750003800000001,235.83333333333334
2015-08-28,4.0833366,232.66666666666666
2015-08-29,2.0277794,214.45833333333334
2015-08-30,2.6111132,173.04166666666666
2015-08-31,5.305559800000001,64.66666666666667
2015-09-01,6.5000052,68.91666666666667
2015-09-02,3.8055586000000003,122.95833333333333
2015-09-03,3.8333364000000008,262.5416666666667
2015-09-04,3.1388914000000003,177.08333333333334
2015-09-05,3.1388914000000003,90.29166666666667
2015-09-06,7.7500062000000005,47.0
2015-09-07,7.222228,34.541666666666664
2015-09-08,7.7222284000000005,31.833333333333332
2015-09-09,6.944450000000001,61.75
2015-09-10,3.1111136,227.875
2015-09-11,4.4722258,237.83333333333334
2015-09-12,3.2777804000000006,266.625
2015-09-13,3.611114,256.0
2015-09-14,4.916670600000001,51.958333333333336
2015-09-15,6.250005000000001,53.833333333333336
2015-09-16,6.555560800000001,37.75
2015-09-17,7.944450800000001,22.458333333333332
2015-09-18,5.3333376,39.166666666666664
2015-09-19,2.8055578000000003,60.875
2015-09-20,2.1388906000000003,141.08333333333334
2015-09-21,4.4166702,50.166666666666664
2015-09-22,4.277781200000001,54.791666666666664
2015-09-23,5.0833374000000005,45.875
2015-09-24,6.833338800000001,44.25
2015-09-25,5.500004400000001,30.208333333333332
2015-09-26,2.8055578000000003,139.375
2015-09-27,4.583337,41.291666666666664
2015-09-28,4.5277814,105.125
2015-09-29,6.5833386,39.583333333333336
2015-09-30,5.416671000000001,85.91666666666667
2015-10-01,10.9166754,200.20833333333334
2015-10-02,7.500006000000001,298.25
2015-10-03,4.5277814,260.25
2015-10-04,4.250003400000001,156.58333333333334
2015-10-05,2.638891,75.95833333333333
2015-10-06,2.638891,91.25
2015-10-07,3.0833358,49.708333333333336
2015-10-08,2.7500022000000004,213.79166666666666
2015-10-09,4.1944478,287.125
2015-10-10,5.7222268000000005,259.5416666666667
2015-10-11,5.1944486,270.9166666666667
2015-10-12,5.000004000000001,282.3333333333333
2015-10-13,3.6388918,284.9166666666667
2015-10-14,2.638891,220.54166666666666
2015-10-15,2.222224,56.333333333333336
2015-10-16,2.916669,146.08333333333334
2015-10-17,3.6388918,90.66666666666667
2015-10-18,2.3888908,205.45833333333334
2015-10-19,4.166670000000001,66.20833333333333
2015-10-20,4.9722262,166.16666666666666
2015-10-21,2.6944466,50.875
2015-10-22,5.916671400000001,55.958333333333336
2015-10-23,2.1388906000000003,109.45833333333333
2015-10-24,5.1111152,281.25
2015-10-25,6.6388942,58.833333333333336
2015-10-26,4.611114800000001,97.45833333333333
2015-10-27,8.555562400000001,254.20833333333334
2015-10-28,5.3888932,295.7083333333333
2015-10-29,3.9444476,277.625
2015-10-30,4.3333368000000005,328.125
2015-10-31,4.5555592,342.25
2015-11-01,3.0277802000000005,197.625
2015-11-02,4.5277814,306.5416666666667
2015-11-03,3.0833358,211.45833333333334
2015-11-04,2.361113,152.75
2015-11-05,2.1944462000000002,296.25
2015-11-06,6.888894400000001,54.083333333333336
2015-11-07,7.3333392,47.041666666666664
2015-11-08,3.8611142000000003,92.29166666666667
2015-11-09,3.9444476,251.375
2015-11-10,3.9166698,186.125
2015-11-11,4.5000036,47.875
2015-11-12,7.388894800000001,73.375
2015-11-13,7.388894800000001,65.375
2015-11-14,3.7777808000000004,255.79166666666666
2015-11-15,2.4444464000000004,225.0
2015-11-16,4.5277814,135.45833333333334
2015-11-17,5.5277822,128.20833333333334
2015-11-18,8.5277846,38.541666666666664
2015-11-19,6.750005400000001,56.375
2015-11-20,2.222224,273.4583333333333
2015-11-21,2.9722246,56.583333333333336
2015-11-22,5.3333376,38.625
2015-11-23,4.0833366,22.125
2015-11-24,6.7222276,153.70833333333334
2015-11-25,5.583337800000001,169.45833333333334
2015-11-26,7.1944502,289.7083333333333
2015-11-27,6.7222276,294.3333333333333
2015-11-28,4.666670400000001,301.9166666666667
2015-11-29,2.1944462000000002,303.625
2015-11-30,3.8611142000000003,320.2916666666667
2015-12-01,3.1388914000000003,207.83333333333334
2015-12-02,6.0833382,191.875
2015-12-03,7.694450600000001,275.9583333333333
2015-12-04,7.6666728000000015,284.0416666666667
2015-12-05,5.361115400000001,285.1666666666667
2015-12-06,2.7777800000000004,332.25
2015-12-07,3.5000028000000003,180.54166666666666
2015-12-08,3.7222252000000005,103.58333333333333
2015-12-09,3.1111136,79.25
2015-12-10,5.3333376,51.291666666666664
2015-12-11,6.750005400000001,106.79166666666667
2015-12-12,5.611115600000001,35.375
2015-12-13,2.5555576,101.33333333333333
2015-12-14,3.5000028000000003,63.958333333333336
2015-12-15,4.944448400000001,273.0416666666667
2015-12-16,5.861115800000001,288.2916666666667
2015-12-17,6.805561000000001,312.0833333333333
2015-12-18,4.5277814,315.2083333333333
2015-12-19,3.5833362000000006,224.91666666666666
2015-12-20,2.3333352000000005,228.79166666666666
2015-12-21,2.5277798000000002,323.2083333333333
2015-12-22,3.0000024000000005,193.29166666666666
2015-12-23,2.7777800000000004,109.58333333333333
2015-12-24,5.416671000000001,332.4583333333333
2015-12-25,6.0833382,316.0833333333333
2015-12-26,5.000004000000001,270.125
2015-12-27,4.111114400000001,331.375
2015-12-28,6.138893800000001,316.75
2015-12-29,5.0833374000000005,320.9583333333333
2015-12-30,3.1111136,300.0416666666667
2015-12-31,5.166670800000001,311.2916666666667
2016-01-01,3.1944470000000003,288.0
2016-01-02,3.611114,262.5
2016-01-03,3.3888916,280.4166666666667
2016-01-04,3.6944474000000005,310.25
2016-01-05,3.5000028000000003,328.3333333333333
2016-01-06,4.611114800000001,324.6666666666667
2016-01-07,5.2500042,312.25
2016-01-08,5.500004400000001,302.5416666666667
2016-01-09,4.5277814,287.1666666666667
2016-01-10,3.2777804000000006,302.9166666666667
2016-01-11,4.4166702,336.9583333333333
2016-01-12,4.166670000000001,328.2916666666667
2016-01-13,6.333338400000001,292.2083333333333
2016-01-14,4.111114400000001,288.4583333333333
2016-01-15,2.4166686,274.25
2016-01-16,2.916669,72.5
2016-01-17,3.8055586000000003,66.04166666666667
2016-01-18,8.472229,305.0416666666667
2016-01-19,9.7500078,291.5416666666667
2016-01-20,7.8333396,322.0416666666667
2016-01-21,5.361115400000001,326.2916666666667
2016-01-22,5.4722266,334.5416666666667
2016-01-23,6.6388942,319.0416666666667
2016-01-24,9.916674600000002,306.0
2016-01-25,6.250005000000001,297.7916666666667
2016-01-26,6.250005000000001,277.0416666666667
2016-01-27,4.0555588,260.7083333333333
2016-01-28,5.583337800000001,153.20833333333334
2016-01-29,7.166672400000001,27.333333333333332
2016-01-30,6.305560600000001,34.625
2016-01-31,4.166670000000001,326.375
2016-02-01,5.000004000000001,327.8333333333333
2016-02-02,5.4722266,331.75
2016-02-03,4.5555592,321.25
2016-02-04,4.6944482,301.125
2016-02-05,4.250003400000001,315.0833333333333
2016-02-06,4.5555592,316.625
2016-02-07,4.444448,291.625
2016-02-08,6.833338800000001,274.2083333333333
2016-02-09,6.0833382,289.7083333333333
2016-02-10,2.6944466,214.41666666666666
2016-02-11,3.2222248000000002,90.08333333333333
2016-02-12,7.305561400000001,165.375
2016-02-13,6.138893800000001,192.625
2016-02-14,7.305561400000001,289.125
2016-02-15,7.361117000000001,298.0833333333333
2016-02-16,6.111116000000001,276.0416666666667
2016-02-17,4.750003800000001,285.6666666666667
2016-02-18,6.111116000000001,260.9583333333333
2016-02-19,4.0833366,253.83333333333334
2016-02-20,5.1111152,167.75
2016-02-21,5.6666712,314.4583333333333
2016-02-22,3.0000024000000005,254.0
2016-02-23,5.8055602,312.0833333333333
2016-02-24,5.6666712,259.8333333333333
2016-02-25,5.4722266,311.4583333333333
2016-02-26,5.583337800000001,260.9583333333333
2016-02-27,6.666672,249.75
2016-02-28,8.611118000000001,270.6666666666667
2016-02-29,8.222228800000002,304.4583333333333
2016-03-01,5.3888932,299.3333333333333
2016-03-02,5.3888932,265.3333333333333
2016-03-03,4.3888924000000005,246.41666666666666
2016-03-04,2.4166686,158.29166666666666
2016-03-05,7.2777836,129.75
2016-03-06,7.944450800000001,182.29166666666666
2016-03-07,4.4722258,89.125
2016-03-08,4.0555588,334.1666666666667
2016-03-09,6.555560800000001,73.20833333333333
2016-03-10,5.361115400000001,335.7083333333333
2016-03-11,5.138893,307.875
2016-03-12,3.8888920000000002,284.7916666666667
2016-03-13,2.0555572000000004,217.58333333333334
2016-03-14,4.583337,175.0
2016-03-15,3.8055586000000003,244.125
2016-03-16,4.583337,247.91666666666666
2016-03-17,3.8888920000000002,251.45833333333334
2016-03-18,4.444448,184.58333333333334
2016-03-19,5.555560000000001,151.04166666666666
2016-03-20,4.611114800000001,53.958333333333336
2016-03-21,3.3611138,94.16666666666667
2016-03-22,4.805559400000001,266.125
2016-03-23,5.1111152,39.166666666666664
2016-03-24,6.305560600000001,43.041666666666664
2016-03-25,3.4444472000000004,105.25
2016-03-26,3.0277802000000005,223.91666666666666
2016-03-27,4.111114400000001,297.2083333333333
2016-03-28,5.1111152,268.875
2016-03-29,7.7777840000000005,237.29166666666666
2016-03-30,5.2500042,242.58333333333334
2016-03-31,2.5555576,241.95833333333334
2016-04-01,3.7222252000000005,162.29166666666666
2016-04-02,3.3055582000000006,224.375
2016-04-03,5.1111152,123.41666666666667
2016-04-04,5.8055602,51.333333333333336
2016-04-05,3.7222252000000005,253.625
2016-04-06,4.861115000000001,184.5
2016-04-07,4.9722262,234.33333333333334
2016-04-08,4.166670000000001,258.4583333333333
2016-04-09,4.444448,255.54166666666666
2016-04-10,5.361115400000001,137.75
2016-04-11,5.8888936,60.333333333333336
2016-04-12,3.7222252000000005,112.33333333333333
2016-04-13,4.916670600000001,188.70833333333334
2016-04-14,3.0833358,308.625
2016-04-15,5.444448800000001,62.333333333333336
2016-04-16,11.027786600000002,184.04166666666666
2016-04-17,12.027787400000001,254.83333333333334
2016-04-18,5.166670800000001,251.83333333333334
2016-04-19,5.0833374000000005,228.29166666666666
2016-04-20,3.7777808000000004,173.45833333333334
2016-04-21,6.4444496000000004,213.125
2016-04-22,4.5277814,264.2916666666667
2016-04-23,2.4166686,164.04166666666666
2016-04-24,4.4722258,152.54166666666666
2016-04-25,3.0000024000000005,64.08333333333333
2016-04-26,4.888892800000001,110.70833333333333
2016-04-27,8.666673600000001,33.875
2016-04-28,7.8333396,69.95833333333333
2016-04-29,3.9444476,210.16666666666666
2016-04-30,6.5833386,231.54166666666666
2016-05-01,5.416671000000001,232.625
2016-05-02,5.3888932,216.58333333333334
2016-05-03,11.861120600000001,202.25
2016-05-04,8.555562400000001,245.33333333333334
2016-05-05,4.750003800000001,236.08333333333334
2016-05-06,5.916671400000001,201.29166666666666
2016-05-07,4.750003800000001,304.75
2016-05-08,4.0000032,97.25
2016-05-09,2.4444464000000004,78.91666666666667
2016-05-10,6.3611162000000006,95.875
2016-05-11,4.5000036,242.08333333333334
2016-05-12,4.027781,235.25
2016-05-13,4.888892800000001,178.625
2016-05-14,5.166670800000001,51.25
2016-05-15,7.3333392,154.04166666666666
2016-05-16,7.527783800000001,267.9583333333333
2016-05-17,2.8333356,253.0
2016-05-18,2.0555572000000004,211.0
2016-05-19,2.222224,107.375
2016-05-20,3.8055586000000003,50.458333333333336
2016-05-21,4.3611146000000005,43.041666666666664
2016-05-22,4.3333368000000005,45.75
2016-05-23,2.8888912,104.75
2016-05-24,5.972227,217.54166666666666
2016-05-25,3.9444476,261.125
2016-05-26,3.5833362000000006,229.41666666666666
2016-05-27,3.7222252000000005,200.95833333333334
2016-05-28,2.7777800000000004,236.20833333333334
2016-05-29,3.5000028000000003,253.95833333333334
2016-05-30,3.2777804000000006,220.625
2016-05-31,4.4722258,275.75
2016-06-01,5.6944490000000005,56.541666666666664
2016-06-02,3.6388918,89.29166666666667
2016-06-03,4.4722258,253.0
2016-06-04,3.9166698,178.33333333333334
2016-06-05,7.361117000000001,41.25
2016-06-06,4.7777816,49.041666666666664
2016-06-07,2.3055574000000005,112.04166666666667
2016-06-08,3.5277806000000003,223.54166666666666
2016-06-09,2.5555576,173.20833333333334
2016-06-10,2.6111132,95.83333333333333
2016-06-11,3.8611142000000003,233.54166666666666
2016-06-12,1.8333348,197.41666666666666
2016-06-13,3.0833358,163.625
2016-06-14,3.0277802000000005,117.375
2016-06-15,6.194449400000001,201.5
2016-06-16,3.7500030000000004,242.08333333333334
2016-06-17,5.2222264,249.0
2016-06-18,4.8333372,219.08333333333334
2016-06-19,5.611115600000001,220.5
2016-06-20,3.7500030000000004,211.375
2016-06-21,3.0555580000000004,78.0
2016-06-22,3.3055582000000006,67.20833333333333
2016-06-23,3.1666692000000003,101.04166666666667
2016-06-24,7.7222284000000005,215.08333333333334
2016-06-25,6.194449400000001,248.125
2016-06-26,3.3611138,243.66666666666666
2016-06-27,3.6388918,225.5
2016-06-28,3.4444472000000004,127.25
2016-06-29,2.6944466,115.45833333333333
2016-06-30,4.666670400000001,234.16666666666666
2016-07-01,8.3888956,205.45833333333334
2016-07-02,9.6666744,221.16666666666666
2016-07-03,2.7500022000000004,184.25
2016-07-04,3.7222252000000005,173.0
2016-07-05,7.0555612000000005,184.125
2016-07-06,5.3888932,214.625
2016-07-07,3.0555580000000004,142.125
2016-07-08,3.3055582000000006,113.54166666666667
2016-07-09,3.0000024000000005,165.16666666666666
2016-07-10,2.9722246,225.875
2016-07-11,4.111114400000001,176.95833333333334
2016-07-12,4.166670000000001,212.54166666666666
2016-07-13,4.250003400000001,247.5
2016-07-14,4.444448,195.0
2016-07-15,4.138892200000001,61.833333333333336
2016-07-16,4.805559400000001,143.25
2016-07-17,4.916670600000001,240.0
2016-07-18,2.5555576,246.08333333333334
2016-07-19,4.5000036,79.875
2016-07-20,4.916670600000001,61.541666666666664
2016-07-21,4.138892200000001,71.625
2016-07-22,3.3888916,70.33333333333333
2016-07-23,2.1111128,116.375
2016-07-24,4.2222256,227.25
2016-07-25,3.2222248000000002,239.5
2016-07-26,5.0833374000000005,229.0
2016-07-27,6.0833382,226.33333333333334
2016-07-28,6.5000052,215.625
2016-07-29,4.8333372,222.95833333333334
2016-07-30,3.333336,234.875
2016-07-31,2.222224,194.08333333333334
2016-08-01,2.8611134000000003,244.33333333333334
2016-08-02,2.0555572000000004,229.41666666666666
2016-08-03,2.3333352000000005,140.45833333333334
2016-08-04,3.5277806000000003,71.08333333333333
2016-08-05,2.4722242000000003,71.79166666666667
2016-08-06,2.4722242000000003,79.375
2016-08-07,2.8888912,240.33333333333334
2016-08-08,1.9166682000000004,165.875
2016-08-09,4.750003800000001,51.125
2016-08-10,3.0277802000000005,137.20833333333334
2016-08-11,3.8055586000000003,219.83333333333334
2016-08-12,3.4444472000000004,234.54166666666666
2016-08-13,4.805559400000001,244.20833333333334
2016-08-14,4.888892800000001,251.54166666666666
2016-08-15,1.8333348,235.375
2016-08-16,4.7777816,94.29166666666667
2016-08-17,2.5277798000000002,51.75
2016-08-18,4.3611146000000005,58.5
2016-08-19,4.138892200000001,54.791666666666664
2016-08-20,5.1111152,43.583333333333336
2016-08-21,4.9722262,41.041666666666664
2016-08-22,4.5277814,37.375
2016-08-23,4.5000036,56.458333333333336
2016-08-24,5.138893,54.125
2016-08-25,3.3611138,123.125
2016-08-26,8.194451,103.70833333333333
2016-08-27,7.027783400000001,52.0
2016-08-28,6.3888940000000005,98.16666666666667
2016-08-29,5.638893400000001,332.2083333333333
2016-08-30,6.277782800000001,272.1666666666667
2016-08-31,9.8055634,242.41666666666666
2016-09-01,6.6388942,210.70833333333334
2016-09-02,4.805559400000001,103.70833333333333
2016-09-03,4.2222256,121.41666666666667
2016-09-04,4.2222256,63.0
2016-09-05,3.3611138,63.666666666666664
2016-09-06,1.8888904000000002,230.25
2016-09-07,1.9166682000000004,215.16666666666666
2016-09-08,2.4444464000000004,206.04166666666666
2016-09-09,2.7777800000000004,93.83333333333333
2016-09-10,3.1666692000000003,67.625
2016-09-11,3.7777808000000004,43.958333333333336
2016-09-12,4.916670600000001,23.75
2016-09-13,4.0833366,39.708333333333336
2016-09-14,3.0277802000000005,57.208333333333336
2016-09-15,2.5000020000000003,57.208333333333336
2016-09-16,2.1666684000000003,92.04166666666667
2016-09-17,6.527783,57.166666666666664
2016-09-18,6.0833382,37.333333333333336
2016-09-19,8.555562400000001,40.083333333333336
2016-09-20,8.777784800000001,28.541666666666668
2016-09-21,5.5277822,33.5
2016-09-22,4.888892800000001,28.625
2016-09-23,3.5555584000000007,37.416666666666664
2016-09-24,3.5555584000000007,44.75
2016-09-25,2.4444464000000004,59.166666666666664
2016-09-26,2.8611134000000003,46.708333333333336
2016-09-27,2.3888908,88.29166666666667
2016-09-28,3.9722254000000006,170.08333333333334
2016-09-29,6.666672,48.541666666666664
2016-09-30,3.7777808000000004,36.708333333333336
2016-10-01,3.333336,45.083333333333336
2016-10-02,3.0277802000000005,68.83333333333333
2016-10-03,5.1944486,229.0
2016-10-04,7.361117000000001,103.45833333333333
2016-10-05,12.083343000000001,123.95833333333333
2016-10-06,4.305559000000001,193.16666666666666
2016-10-07,5.5277822,67.91666666666667
2016-10-08,3.4166694000000004,243.5
2016-10-09,5.7777824,164.66666666666666
2016-10-10,4.6388926,90.625
2016-10-11,3.3055582000000006,185.70833333333334
2016-10-12,3.8888920000000002,182.33333333333334
2016-10-13,1.9444460000000001,88.08333333333333
2016-10-14,2.4166686,120.83333333333333
2016-10-15,4.166670000000001,47.541666666666664
2016-10-16,2.638891,85.08333333333333
2016-10-17,2.916669,268.6666666666667
2016-10-18,4.0555588,160.20833333333334
2016-10-19,2.7222244000000004,170.375
2016-10-20,5.972227,161.08333333333334
2016-10-21,6.5000052,59.708333333333336
2016-10-22,4.138892200000001,42.0
2016-10-23,8.638895800000002,43.541666666666664
2016-10-24,5.305559800000001,54.75
2016-10-25,7.9722286,216.54166666666666
2016-10-26,2.9722246,295.4583333333333
2016-10-27,6.972227800000001,73.70833333333333
2016-10-28,5.7500046000000005,138.79166666666666
2016-10-29,5.444448800000001,174.25
2016-10-30,5.416671000000001,193.75
2016-10-31,2.222224,303.7083333333333
2016-11-01,6.9166722,327.0833333333333
2016-11-02,5.138893,321.1666666666667
2016-11-03,3.4444472000000004,287.125
2016-11-04,3.7777808000000004,272.625
2016-11-05,5.4722266,265.2083333333333
2016-11-06,7.7500062000000005,86.41666666666667
2016-11-07,4.3888924000000005,86.0
2016-11-08,5.3888932,308.625
2016-11-09,5.861115800000001,172.45833333333334
2016-11-10,4.4166702,86.83333333333333
2016-11-11,3.8333364000000008,290.8333333333333
2016-11-12,3.4444472000000004,246.58333333333334
2016-11-13,2.6944466,195.875
2016-11-14,3.1944470000000003,191.08333333333334
2016-11-15,4.9722262,337.2916666666667
2016-11-16,2.8333356,325.0833333333333
2016-11-17,3.2222248000000002,165.45833333333334
2016-11-18,5.0555596000000005,174.04166666666666
2016-11-19,4.5555592,256.625
2016-11-20,3.8888920000000002,199.25
2016-11-21,3.6944474000000005,36.041666666666664
2016-11-22,5.7222268000000005,334.5416666666667
2016-11-23,5.555560000000001,271.9166666666667
2016-11-24,7.500006000000001,325.4583333333333
2016-11-25,4.805559400000001,330.25
2016-11-26,3.1666692000000003,286.375
2016-11-27,4.583337,338.5
2016-11-28,4.1944478,317.8333333333333
2016-11-29,4.0833366,243.45833333333334
2016-11-30,3.1944470000000003,139.54166666666666
2016-12-01,5.416671000000001,293.9583333333333
2016-12-02,4.250003400000001,315.8333333333333
2016-12-03,2.7222244000000004,297.7916666666667
2016-12-04,3.5833362000000006,281.8333333333333
2016-12-05,4.805559400000001,269.875
2016-12-06,6.333338400000001,322.8333333333333
2016-12-07,3.9722254000000006,293.3333333333333
2016-12-08,3.1944470000000003,280.3333333333333
2016-12-09,5.305559800000001,293.2916666666667
2016-12-10,5.1111152,334.0
2016-12-11,3.7222252000000005,166.58333333333334
2016-12-12,2.9722246,275.5833333333333
2016-12-13,4.166670000000001,315.7916666666667
2016-12-14,4.916670600000001,329.9166666666667
2016-12-15,6.666672,320.25
2016-12-16,5.9444492,311.4583333333333
2016-12-17,4.611114800000001,284.9583333333333
2016-12-18,3.2222248000000002,295.0
2016-12-19,2.3888908,180.54166666666666
2016-12-20,3.7222252000000005,135.66666666666666
2016-12-21,7.638895000000001,96.04166666666667
2016-12-22,10.166674800000001,245.91666666666666
2016-12-23,6.972227800000001,292.0416666666667
2016-12-24,5.2222264,292.1666666666667
2016-12-25,3.5277806000000003,239.29166666666666
2016-12-26,5.2222264,219.0
2016-12-27,7.4166726,317.9583333333333
2016-12-28,5.1944486,303.4583333333333
2016-12-29,5.500004400000001,311.5833333333333
2016-12-30,4.444448,318.375
2016-12-31,3.5277806000000003,317.25
2017-01-01,3.5555584000000007,291.1666666666667
2017-01-02,4.111114400000001,292.7083333333333
2017-01-03,4.166670000000001,296.3333333333333
2017-01-04,4.805559400000001,300.25
2017-01-05,7.250005800000001,120.16666666666667
2017-01-06,7.000005600000001,37.791666666666664
2017-01-07,4.666670400000001,91.29166666666667
2017-01-08,6.416671800000001,106.08333333333333
2017-01-09,6.7777832,305.2083333333333
2017-01-10,6.750005400000001,310.875
2017-01-11,8.277784400000002,306.0
2017-01-12,6.694449800000001,278.125
2017-01-13,6.9166722,287.0416666666667
2017-01-14,7.0555612000000005,308.7916666666667
2017-01-15,6.861116600000001,308.875
2017-01-16,6.666672,269.0
2017-01-17,2.5277798000000002,297.7083333333333
2017-01-18,3.4722250000000003,319.0833333333333
2017-01-19,2.7777800000000004,257.4583333333333
2017-01-20,11.0555644,296.9166666666667
2017-01-21,5.6666712,290.7083333333333
2017-01-22,6.666672,295.5833333333333
2017-01-23,7.305561400000001,303.7916666666667
2017-01-24,8.0000064,312.2916666666667
2017-01-25,3.6388918,306.875
2017-01-26,6.138893800000001,272.875
2017-01-27,7.6666728000000015,284.5833333333333
2017-01-28,2.6111132,257.5
2017-01-29,3.6388918,197.04166666666666
2017-01-30,6.5833386,305.3333333333333
2017-01-31,2.8888912,294.2916666666667
2017-02-01,5.861115800000001,313.3333333333333
2017-02-02,6.277782800000001,296.1666666666667
2017-02-03,4.944448400000001,300.9166666666667
2017-02-04,3.7500030000000004,263.0
2017-02-05,6.3888940000000005,275.4166666666667
2017-02-06,7.0833390000000005,300.625
2017-02-07,3.3888916,219.33333333333334
2017-02-08,4.5277814,310.9583333333333
2017-02-09,9.6666744,300.9583333333333
2017-02-10,9.916674600000002,296.875
2017-02-11,6.7777832,300.0416666666667
2017-02-12,6.527783,314.125
2017-02-13,4.888892800000001,294.1666666666667
2017-02-14,3.7222252000000005,271.2083333333333
2017-02-15,4.305559000000001,284.375
2017-02-16,8.027784200000001,255.25
2017-02-17,7.7500062000000005,288.4166666666667
2017-02-18,6.861116600000001,308.875
2017-02-19,9.0555628,254.875
2017-02-20,8.8333404,287.4166666666667
2017-02-21,4.166670000000001,140.08333333333334
2017-02-22,8.3055622,164.29166666666666
2017-02-23,8.4166734,310.375
2017-02-24,5.9444492,315.125
2017-02-25,4.3888924000000005,272.9583333333333
2017-02-26,4.8333372,182.04166666666666
2017-02-27,5.7777824,55.291666666666664
2017-02-28,5.000004000000001,255.95833333333334
2017-03-01,5.444448800000001,255.41666666666666
2017-03-02,7.805561800000001,298.3333333333333
2017-03-03,4.611114800000001,265.125
2017-03-04,4.277781200000001,270.7083333333333
2017-03-05,3.6944474000000005,273.6666666666667
2017-03-06,6.7222276,311.7916666666667
2017-03-07,6.861116600000001,301.2083333333333
2017-03-08,7.000005600000001,292.0
2017-03-09,6.972227800000001,267.7083333333333
2017-03-10,4.5555592,300.6666666666667
2017-03-11,4.0555588,250.25
2017-03-12,4.3888924000000005,267.6666666666667
2017-03-13,7.7222284000000005,172.25
2017-03-14,6.2222272,58.458333333333336
2017-03-15,6.833338800000001,134.125
2017-03-16,4.3333368000000005,221.04166666666666
2017-03-17,4.2222256,213.08333333333334
2017-03-18,2.7500022000000004,277.25
2017-03-19,6.250005000000001,147.375
2017-03-20,5.3888932,49.916666666666664
2017-03-21,7.305561400000001,187.25
2017-03-22,5.3333376,225.75
2017-03-23,6.3611162000000006,178.625
2017-03-24,5.861115800000001,73.75
2017-03-25,5.1111152,85.04166666666667
2017-03-26,3.9444476,184.08333333333334
2017-03-27,5.138893,298.875
2017-03-28,7.000005600000001,266.5833333333333
2017-03-29,2.8888912,239.25
2017-03-30,6.416671800000001,178.625
2017-03-31,7.361117000000001,43.875
2017-04-01,4.4166702,120.20833333333333
2017-04-02,4.861115000000001,225.83333333333334
2017-04-03,5.166670800000001,287.75
2017-04-04,4.5555592,263.8333333333333
2017-04-05,8.055562,206.83333333333334
2017-04-06,10.611119600000002,221.20833333333334
2017-04-07,6.7777832,151.375
2017-04-08,3.9444476,228.04166666666666
2017-04-09,9.333340800000002,39.666666666666664
2017-04-10,9.6666744,51.0
2017-04-11,6.305560600000001,216.0
2017-04-12,6.527783,213.33333333333334
2017-04-13,5.500004400000001,259.2083333333333
2017-04-14,10.194452600000002,230.58333333333334
2017-04-15,6.5000052,236.66666666666666
2017-04-16,3.5000028000000003,248.16666666666666
2017-04-17,7.361117000000001,166.70833333333334
2017-04-18,7.555561600000001,246.04166666666666
2017-04-19,6.416671800000001,277.0833333333333
2017-04-20,4.277781200000001,248.54166666666666
2017-04-21,4.5555592,192.58333333333334
2017-04-22,4.9722262,61.75
2017-04-23,3.8055586000000003,227.04166666666666
2017-04-24,4.916670600000001,227.875
2017-04-25,5.972227,225.41666666666666
2017-04-26,3.1666692000000003,152.83333333333334
2017-04-27,4.750003800000001,255.125
2017-04-28,7.361117000000001,255.375
2017-04-29,7.305561400000001,261.375
2017-04-30,7.7777840000000005,236.95833333333334
2017-05-01,7.6666728000000015,109.75
2017-05-02,5.9444492,47.583333333333336
2017-05-03,3.3888916,92.25
2017-05-04,4.166670000000001,104.91666666666667
2017-05-05,5.8055602,244.0
2017-05-06,4.583337,243.5
2017-05-07,8.027784200000001,262.0
2017-05-08,5.2500042,251.45833333333334
2017-05-09,6.972227800000001,148.5
2017-05-10,5.2500042,241.625
2017-05-11,6.3888940000000005,234.95833333333334
2017-05-12,4.9722262,167.125
2017-05-13,6.694449800000001,222.75
2017-05-14,6.861116600000001,257.9166666666667
2017-05-15,5.861115800000001,282.2916666666667
2017-05-16,4.277781200000001,188.91666666666666
2017-05-17,3.1111136,178.41666666666666
2017-05-18,4.5555592,242.29166666666666
2017-05-19,6.3888940000000005,261.1666666666667
2017-05-20,6.666672,256.1666666666667
2017-05-21,4.944448400000001,238.875
2017-05-22,3.0277802000000005,179.5
2017-05-23,5.277782,231.79166666666666
2017-05-24,5.2222264,124.04166666666667
2017-05-25,6.4444496000000004,244.54166666666666
2017-05-26,6.666672,149.45833333333334
2017-05-27,6.5833386,154.83333333333334
2017-05-28,6.611116400000001,236.16666666666666
2017-05-29,5.583337800000001,247.83333333333334
2017-05-30,4.250003400000001,251.08333333333334
2017-05-31,6.5833386,226.0
2017-06-01,5.861115800000001,222.125
2017-06-02,5.305559800000001,94.0
2017-06-03,7.1944502,182.625
2017-06-04,5.2222264,158.20833333333334
2017-06-05,7.222228,63.583333333333336
2017-06-06,5.2500042,77.83333333333333
2017-06-07,9.333340800000002,200.875
2017-06-08,4.861115000000001,276.9166666666667
2017-06-09,5.7222268000000005,255.95833333333334
2017-06-10,5.7222268000000005,199.125
2017-06-11,6.3611162000000006,41.125
2017-06-12,6.666672,54.333333333333336
2017-06-13,4.444448,68.91666666666667
2017-06-14,5.7777824,224.25
2017-06-15,5.2222264,244.29166666666666
2017-06-16,6.7777832,48.583333333333336
2017-06-17,4.9722262,57.041666666666664
2017-06-18,3.611114,159.125
2017-06-19,5.7222268000000005,211.58333333333334
2017-06-20,4.6388926,154.625
2017-06-21,5.916671400000001,129.75
2017-06-22,5.0277818000000005,224.75
2017-06-23,3.2777804000000006,166.08333333333334
2017-06-24,4.1944478,64.66666666666667
2017-06-25,4.916670600000001,64.41666666666667
2017-06-26,4.111114400000001,80.125
2017-06-27,4.3611146000000005,63.666666666666664
2017-06-28,3.3611138,217.29166666666666
2017-06-29,4.3333368000000005,212.20833333333334
2017-06-30,6.750005400000001,219.66666666666666
2017-07-01,6.833338800000001,229.95833333333334
2017-07-02,6.4444496000000004,226.875
2017-07-03,8.500006800000001,229.75
2017-07-04,5.2222264,220.0
2017-07-05,3.5000028000000003,91.41666666666667
2017-07-06,5.416671000000001,224.875
2017-07-07,6.250005000000001,231.33333333333334
2017-07-08,5.3888932,221.29166666666666
2017-07-09,5.6944490000000005,229.33333333333334
2017-07-10,8.722229200000001,213.75
2017-07-11,9.1388962,227.45833333333334
2017-07-12,5.166670800000001,253.5
2017-07-13,5.611115600000001,235.75
2017-07-14,5.2500042,233.83333333333334
2017-07-15,6.7222276,224.79166666666666
2017-07-16,6.5833386,238.5
2017-07-17,5.5277822,247.16666666666666
2017-07-18,4.583337,243.58333333333334
2017-07-19,5.0555596000000005,235.5
2017-07-20,4.666670400000001,210.29166666666666
2017-07-21,5.416671000000001,235.66666666666666
2017-07-22,4.3888924000000005,200.54166666666666
2017-07-23,4.666670400000001,208.91666666666666
2017-07-24,3.0277802000000005,222.16666666666666
2017-07-25,7.0833390000000005,129.79166666666666
2017-07-26,8.333340000000002,45.625
2017-07-27,5.305559800000001,48.25
2017-07-28,3.3611138,163.08333333333334
2017-07-29,6.1666716,49.458333333333336
2017-07-30,4.166670000000001,71.08333333333333
2017-07-31,3.7222252000000005,47.0
2017-08-01,4.8333372,50.666666666666664
2017-08-02,6.111116000000001,48.791666666666664
2017-08-03,6.138893800000001,49.666666666666664
2017-08-04,5.138893,47.166666666666664
2017-08-05,5.2500042,47.958333333333336
2017-08-06,5.7500046000000005,40.0
2017-08-07,4.305559000000001,179.16666666666666
2017-08-08,6.138893800000001,259.2083333333333
2017-08-09,3.7777808000000004,123.45833333333333
2017-08-10,5.000004000000001,172.33333333333334
2017-08-11,4.4166702,149.20833333333334
2017-08-12,7.527783800000001,36.208333333333336
2017-08-13,6.611116400000001,44.625
2017-08-14,7.583339400000001,53.583333333333336
2017-08-15,5.583337800000001,61.166666666666664
2017-08-16,4.4722258,126.83333333333333
2017-08-17,3.4722250000000003,116.45833333333333
2017-08-18,2.916669,130.04166666666666
2017-08-19,3.611114,47.25
2017-08-20,4.166670000000001,83.08333333333333
2017-08-21,6.666672,216.70833333333334
2017-08-22,6.7222276,235.25
2017-08-23,7.0833390000000005,241.25
2017-08-24,9.2777852,235.0
2017-08-25,5.361115400000001,216.20833333333334
2017-08-26,4.0000032,184.875
2017-08-27,4.277781200000001,58.625
2017-08-28,4.9722262,228.125
2017-08-29,5.8055602,143.20833333333334
2017-08-30,4.5555592,145.45833333333334
2017-08-31,7.4166726,148.08333333333334
2017-09-01,8.0000064,28.291666666666668
2017-09-02,7.0833390000000005,124.29166666666667
2017-09-03,6.1666716,88.54166666666667
2017-09-04,6.138893800000001,52.5
2017-09-05,4.5555592,38.125
2017-09-06,3.5277806000000003,228.41666666666666
2017-09-07,2.2777796,158.20833333333334
2017-09-08,3.8055586000000003,242.54166666666666
2017-09-09,2.6944466,210.54166666666666
2017-09-10,3.8333364000000008,143.95833333333334
2017-09-11,10.805564200000001,205.91666666666666
2017-09-12,4.111114400000001,232.625
2017-09-13,4.9722262,174.08333333333334
2017-09-14,6.5833386,41.375
2017-09-15,10.611119600000002,58.416666666666664
2017-09-16,8.916673800000002,51.083333333333336
2017-09-17,9.3888964,84.08333333333333
2017-09-18,4.750003800000001,265.2916666666667
2017-09-19,5.861115800000001,258.625
2017-09-20,4.750003800000001,261.125
2017-09-21,3.4166694000000004,84.33333333333333
2017-09-22,3.8611142000000003,84.33333333333333
2017-09-23,2.8611134000000003,266.4166666666667
2017-09-24,3.5277806000000003,180.91666666666666
2017-09-25,4.583337,156.5
2017-09-26,4.5277814,52.25
2017-09-27,8.222228800000002,82.20833333333333
2017-09-28,5.555560000000001,119.125
2017-09-29,4.305559000000001,250.54166666666666
2017-09-30,3.2500026,261.4166666666667
2017-10-01,5.2500042,148.75
2017-10-02,9.472229800000001,134.08333333333334
2017-10-03,7.0833390000000005,29.875
2017-10-04,6.944450000000001,53.5
2017-10-05,7.944450800000001,71.54166666666667
2017-10-06,5.3888932,33.541666666666664
2017-10-07,6.055560400000001,71.41666666666667
2017-10-08,4.305559000000001,94.33333333333333
2017-10-09,3.8333364000000008,232.41666666666666
2017-10-10,3.2777804000000006,181.25
2017-10-11,4.7777816,219.91666666666666
2017-10-12,6.194449400000001,155.0
2017-10-13,3.5277806000000003,231.95833333333334
2017-10-14,7.7777840000000005,129.125
2017-10-15,8.1111176,42.333333333333336
2017-10-16,7.611117200000001,42.958333333333336
2017-10-17,7.2777836,39.875
2017-10-18,8.666673600000001,52.666666666666664
2017-10-19,7.1388946,36.75
2017-10-20,7.638895000000001,25.791666666666668
2017-10-21,9.2777852,33.208333333333336
2017-10-22,14.000011200000001,56.625
2017-10-23,7.222228,174.66666666666666
2017-10-24,3.6944474000000005,116.45833333333333
2017-10-25,2.5000020000000003,227.70833333333334
2017-10-26,2.916669,160.83333333333334
2017-10-27,4.916670600000001,140.04166666666666
2017-10-28,8.055562,32.791666666666664
2017-10-29,8.4444512,232.95833333333334
2017-10-30,8.194451,310.7916666666667
2017-10-31,3.3888916,289.9583333333333
2017-11-01,3.1666692000000003,280.2083333333333
2017-11-02,2.7500022000000004,277.5
2017-11-03,5.0833374000000005,294.9166666666667
2017-11-04,5.916671400000001,197.08333333333334
2017-11-05,3.333336,274.9166666666667
2017-11-06,4.750003800000001,273.7916666666667
2017-11-07,3.7777808000000004,267.7916666666667
2017-11-08,4.444448,291.0833333333333
2017-11-09,4.166670000000001,166.45833333333334
2017-11-10,8.2500066,183.54166666666666
2017-11-11,6.3888940000000005,285.625
2017-11-12,2.916669,305.2083333333333
2017-11-13,4.4722258,280.5416666666667
2017-11-14,3.7777808000000004,299.6666666666667
2017-11-15,6.5000052,290.7916666666667
2017-11-16,3.6388918,303.7916666666667
2017-11-17,2.7222244000000004,247.91666666666666
2017-11-18,9.1388962,316.625
2017-11-19,9.1111184,314.125
2017-11-20,4.805559400000001,291.625
2017-11-21,4.3611146000000005,280.0
2017-11-22,4.750003800000001,278.0833333333333
2017-11-23,7.222228,292.8333333333333
2017-11-24,7.500006000000001,292.2916666666667
2017-11-25,5.1944486,205.25
2017-11-26,5.2222264,232.08333333333334
2017-11-27,4.6944482,101.41666666666667
2017-11-28,4.3333368000000005,251.25
2017-11-29,3.8333364000000008,313.8333333333333
2017-11-30,6.1666716,314.8333333333333
2017-12-01,7.361117000000001,319.7083333333333
2017-12-02,2.2777796,302.0
2017-12-03,2.5000020000000003,299.5
2017-12-04,6.611116400000001,309.9583333333333
2017-12-05,6.611116400000001,301.7916666666667
2017-12-06,4.138892200000001,297.7916666666667
2017-12-07,4.5277814,306.375
2017-12-08,7.444450400000001,311.7083333333333
2017-12-09,5.0555596000000005,292.7083333333333
2017-12-10,5.305559800000001,290.125
2017-12-11,10.305563800000002,286.125
2017-12-12,5.6666712,304.2083333333333
2017-12-13,6.7222276,308.0
2017-12-14,2.638891,277.5416666666667
2017-12-15,4.0833366,310.5416666666667
2017-12-16,7.7777840000000005,299.25
2017-12-17,7.7777840000000005,303.625
2017-12-18,5.4722266,282.5416666666667
2017-12-19,5.4722266,305.5833333333333
2017-12-20,5.611115600000001,311.7083333333333
2017-12-21,4.250003400000001,306.3333333333333
2017-12-22,3.7777808000000004,290.2083333333333
2017-12-23,2.5833354000000006,287.9583333333333
2017-12-24,8.083339800000001,247.70833333333334
2017-12-25,6.888894400000001,299.5416666666667
2017-12-26,5.972227,297.9166666666667
2017-12-27,6.5833386,297.875
2017-12-28,7.805561800000001,294.4583333333333
2017-12-29,4.4722258,301.4583333333333
2017-12-30,2.5555576,292.875
2017-12-31,5.972227,301.2916666666667
2018-01-01,6.305560600000001,308.7916666666667
2018-01-02,4.250003400000001,297.0416666666667
2018-01-03,5.3888932,315.2916666666667
2018-01-04,3.7500030000000004,259.2083333333333
2018-01-05,4.944448400000001,316.125
2018-01-06,6.6388942,316.5
2018-01-07,3.8888920000000002,192.08333333333334
2018-01-08,4.888892800000001,255.79166666666666
2018-01-09,9.472229800000001,275.8333333333333
2018-01-10,7.111116800000001,292.9166666666667
2018-01-11,8.138895400000001,292.875
2018-01-12,6.750005400000001,300.2916666666667
2018-01-13,5.3333376,298.2916666666667
2018-01-14,3.0555580000000004,297.2916666666667
2018-01-15,3.6666696,272.3333333333333
2018-01-16,6.4444496000000004,211.16666666666666
2018-01-17,5.500004400000001,263.2083333333333
2018-01-18,3.1944470000000003,314.2916666666667
2018-01-19,2.8333356,303.875
2018-01-20,2.3888908,282.875
2018-01-21,3.611114,178.75
2018-01-22,5.583337800000001,270.625
2018-01-23,7.527783800000001,297.375
2018-01-24,6.861116600000001,305.625
2018-01-25,7.7500062000000005,310.0416666666667
2018-01-26,7.9722286,314.0833333333333
2018-01-27,3.4166694000000004,282.125
2018-01-28,5.277782,307.4583333333333
2018-01-29,5.444448800000001,308.5833333333333
2018-01-30,7.166672400000001,307.4166666666667
2018-01-31,2.916669,295.5833333333333
2018-02-01,3.3055582000000006,274.7916666666667
2018-02-02,3.8333364000000008,321.125
2018-02-03,6.888894400000001,304.5833333333333
2018-02-04,8.8055626,298.75
2018-02-05,9.166674,296.3333333333333
2018-02-06,7.222228,294.9166666666667
2018-02-07,5.8055602,305.7083333333333
2018-02-08,3.0833358,263.9583333333333
2018-02-09,4.277781200000001,253.29166666666666
2018-02-10,5.833338,291.75
2018-02-11,8.333340000000002,279.6666666666667
2018-02-12,6.4444496000000004,278.25
2018-02-13,5.8055602,260.25
2018-02-14,9.777785600000001,255.04166666666666
2018-02-15,3.4444472000000004,199.625
2018-02-16,2.916669,267.7083333333333
2018-02-17,5.0555596000000005,310.0416666666667
2018-02-18,2.8333356,255.5
2018-02-19,3.1944470000000003,225.95833333333334
2018-02-20,3.5277806000000003,297.25
2018-02-21,5.972227,221.08333333333334
2018-02-22,4.6388926,294.9166666666667
2018-02-23,5.833338,265.7916666666667
2018-02-24,4.5277814,214.29166666666666
2018-02-25,3.9722254000000006,89.16666666666667
2018-02-26,5.416671000000001,135.75
2018-02-27,4.916670600000001,258.375
2018-02-28,9.444452,119.375
2018-03-01,9.416674200000001,284.9583333333333
2018-03-02,4.305559000000001,259.2916666666667
2018-03-03,3.7777808000000004,262.0
2018-03-04,3.2777804000000006,192.125
2018-03-05,11.7777872,28.75
2018-03-06,7.222228,40.041666666666664
2018-03-07,8.1111176,55.833333333333336
2018-03-08,9.722230000000001,164.79166666666666
2018-03-09,5.500004400000001,130.58333333333334
2018-03-10,4.4722258,187.08333333333334
2018-03-11,5.1944486,275.0833333333333
2018-03-12,5.1944486,255.20833333333334
2018-03-13,6.4444496000000004,243.66666666666666
2018-03-14,4.8333372,238.25
2018-03-15,6.000004800000001,236.16666666666666
2018-03-16,11.972231800000001,35.458333333333336
2018-03-17,5.416671000000001,46.708333333333336
2018-03-18,2.7777800000000004,222.70833333333334
2018-03-19,12.083343000000001,42.333333333333336
2018-03-20,14.222233600000003,43.541666666666664
2018-03-21,11.944454,79.79166666666667
2018-03-22,5.3333376,268.0833333333333
2018-03-23,4.8333372,274.75
2018-03-24,5.6666712,277.9583333333333
2018-03-25,5.3333376,273.5
2018-03-26,4.6944482,269.5416666666667
2018-03-27,5.138893,267.125
2018-03-28,6.055560400000001,249.66666666666666
2018-03-29,6.0833382,163.875
2018-03-30,7.250005800000001,48.333333333333336
2018-03-31,3.5000028000000003,127.45833333333333
2018-04-01,5.3333376,247.20833333333334
2018-04-02,5.6944490000000005,241.54166666666666
2018-04-03,5.305559800000001,238.79166666666666
2018-04-04,8.194451,85.75
2018-04-05,7.583339400000001,57.291666666666664
2018-04-06,7.222228,224.0
2018-04-07,9.1388962,282.5416666666667
2018-04-08,9.1111184,255.83333333333334
2018-04-09,7.4722282,254.04166666666666
2018-04-10,9.361118600000001,220.66666666666666
2018-04-11,9.722230000000001,252.875
2018-04-12,6.138893800000001,284.0416666666667
2018-04-13,7.694450600000001,90.04166666666667
2018-04-14,7.361117000000001,147.70833333333334
2018-04-15,5.444448800000001,290.5
2018-04-16,6.833338800000001,156.70833333333334
2018-04-17,4.6388926,90.125
2018-04-18,5.361115400000001,260.7083333333333
2018-04-19,5.555560000000001,253.75
2018-04-20,2.7222244000000004,229.58333333333334
2018-04-21,4.944448400000001,249.83333333333334
2018-04-22,7.8333396,141.41666666666666
2018-04-23,9.2777852,39.833333333333336
2018-04-24,9.8055634,26.416666666666668
2018-04-25,6.277782800000001,51.958333333333336
2018-04-26,3.4166694000000004,255.375
2018-04-27,5.2500042,209.33333333333334
2018-04-28,5.166670800000001,240.0
2018-04-29,6.611116400000001,244.91666666666666
2018-04-30,6.666672,246.29166666666666
2018-05-01,2.8611134000000003,136.95833333333334
2018-05-02,6.694449800000001,104.33333333333333
2018-05-03,9.194451800000001,271.5833333333333
2018-05-04,8.138895400000001,252.95833333333334
2018-05-05,7.7500062000000005,238.54166666666666
2018-05-06,7.3333392,207.08333333333334
2018-05-07,6.972227800000001,37.291666666666664
2018-05-08,11.111120000000001,40.291666666666664
2018-05-09,8.888896,42.541666666666664
2018-05-10,4.5277814,183.33333333333334
2018-05-11,5.2500042,246.45833333333334
2018-05-12,6.055560400000001,227.875
2018-05-13,8.055562,216.91666666666666
2018-05-14,4.750003800000001,247.70833333333334
2018-05-15,4.805559400000001,244.20833333333334
2018-05-16,6.527783,224.875
2018-05-17,6.9166722,221.58333333333334
2018-05-18,8.8333404,143.25
2018-05-19,10.416675000000001,43.083333333333336
2018-05-20,11.166675600000001,49.916666666666664
2018-05-21,8.2500066,42.333333333333336
2018-05-22,4.888892800000001,74.20833333333333
2018-05-23,6.000004800000001,113.95833333333333
2018-05-24,5.583337800000001,271.7083333333333
2018-05-25,4.027781,260.875
2018-05-26,3.6944474000000005,175.04166666666666
2018-05-27,3.3055582000000006,209.95833333333334
2018-05-28,3.1944470000000003,162.45833333333334
2018-05-29,3.1111136,123.79166666666667
2018-05-30,6.000004800000001,236.625
2018-05-31,5.277782,212.70833333333334
2018-06-01,3.8055586000000003,199.0
2018-06-02,3.8333364000000008,246.20833333333334
2018-06-03,4.916670600000001,231.83333333333334
2018-06-04,5.0277818000000005,234.75
2018-06-05,2.5555576,136.04166666666666
2018-06-06,3.5000028000000003,237.08333333333334
2018-06-07,4.888892800000001,245.41666666666666
2018-06-08,4.1944478,203.45833333333334
2018-06-09,9.5555632,43.625
2018-06-10,9.0555628,44.5
2018-06-11,7.111116800000001,31.875
2018-06-12,3.8611142000000003,55.416666666666664
2018-06-13,5.444448800000001,53.833333333333336
2018-06-14,7.611117200000001,57.125
2018-06-15,9.472229800000001,43.416666666666664
2018-06-16,7.694450600000001,50.375
2018-06-17,4.3333368000000005,42.333333333333336
2018-06-18,2.6944466,93.29166666666667
2018-06-19,3.8055586000000003,237.75
2018-06-20,3.8333364000000008,224.79166666666666
2018-06-21,4.805559400000001,270.0
2018-06-22,3.1111136,219.875
2018-06-23,4.250003400000001,243.33333333333334
2018-06-24,6.000004800000001,259.3333333333333
2018-06-25,4.4166702,236.20833333333334
2018-06-26,9.083340600000001,211.95833333333334
2018-06-27,9.444452,224.875
2018-06-28,10.8611198,219.375
2018-06-29,4.888892800000001,237.41666666666666
2018-06-30,5.916671400000001,194.45833333333334
2018-07-01,3.1388914000000003,169.29166666666666
2018-07-02,4.4722258,126.29166666666667
2018-07-03,11.694453800000002,55.083333333333336
2018-07-04,6.3611162000000006,228.375
2018-07-05,5.7500046000000005,55.208333333333336
2018-07-06,9.416674200000001,41.791666666666664
2018-07-07,10.277786,37.0
2018-07-08,7.861117400000001,38.125
2018-07-09,6.4444496000000004,40.25
2018-07-10,4.166670000000001,60.083333333333336
2018-07-11,3.9166698,145.125
2018-07-12,4.750003800000001,247.79166666666666
2018-07-13,4.111114400000001,235.375
2018-07-14,3.3888916,229.79166666666666
2018-07-15,4.5277814,242.625
2018-07-16,4.4166702,240.875
2018-07-17,4.916670600000001,245.66666666666666
2018-07-18,4.0555588,237.41666666666666
2018-07-19,3.5277806000000003,211.58333333333334
2018-07-20,2.9722246,189.70833333333334
2018-07-21,3.9722254000000006,110.04166666666667
2018-07-22,3.5555584000000007,156.875
2018-07-23,4.5555592,243.45833333333334
2018-07-24,4.444448,243.5
2018-07-25,5.555560000000001,250.20833333333334
2018-07-26,3.1944470000000003,212.0
2018-07-27,3.1388914000000003,75.95833333333333
2018-07-28,6.250005000000001,42.625
2018-07-29,8.638895800000002,86.29166666666667
2018-07-30,7.166672400000001,44.25
2018-07-31,6.861116600000001,37.541666666666664
2018-08-01,4.8333372,43.833333333333336
2018-08-02,5.2500042,54.333333333333336
2018-08-03,5.3888932,153.33333333333334
2018-08-04,6.305560600000001,249.75
2018-08-05,6.111116000000001,263.5416666666667
2018-08-06,4.916670600000001,75.0
2018-08-07,5.8055602,56.208333333333336
2018-08-08,4.6944482,54.75
2018-08-09,3.611114,61.625
2018-08-10,4.444448,58.208333333333336
2018-08-11,7.1388946,52.333333333333336
2018-08-12,5.416671000000001,53.666666666666664
2018-08-13,3.6944474000000005,143.79166666666666
2018-08-14,4.0000032,85.79166666666667
2018-08-15,7.2777836,85.79166666666667
2018-08-16,8.916673800000002,131.45833333333334
2018-08-17,9.0555628,58.125
2018-08-18,6.000004800000001,66.875
2018-08-19,3.2777804000000006,163.58333333333334
2018-08-20,3.4722250000000003,219.375
2018-08-21,3.611114,179.125
2018-08-22,8.138895400000001,88.5
2018-08-23,8.6944514,93.33333333333333
2018-08-24,13.250010600000001,211.625
2018-08-25,5.2500042,253.25
2018-08-26,6.138893800000001,223.29166666666666
2018-08-27,6.5833386,227.95833333333334
2018-08-28,4.750003800000001,222.625
2018-08-29,6.527783,230.70833333333334
2018-08-30,6.694449800000001,231.91666666666666
2018-08-31,6.194449400000001,240.95833333333334
2018-09-01,6.9166722,66.875
2018-09-02,6.3611162000000006,43.583333333333336
2018-09-03,7.7500062000000005,149.29166666666666
2018-09-04,5.2500042,243.83333333333334
2018-09-05,6.5833386,266.0
2018-09-06,3.8611142000000003,262.25
2018-09-07,5.7222268000000005,238.875
2018-09-08,5.1111152,153.58333333333334
2018-09-09,6.3611162000000006,20.125
2018-09-10,8.638895800000002,33.333333333333336
2018-09-11,9.6944522,43.208333333333336
2018-09-12,6.0833382,30.375
2018-09-13,6.055560400000001,31.791666666666668
2018-09-14,6.4722274,47.291666666666664
2018-09-15,6.2222272,38.916666666666664
2018-09-16,4.250003400000001,240.04166666666666
2018-09-17,2.8888912,219.04166666666666
2018-09-18,3.1388914000000003,82.83333333333333
2018-09-19,3.8333364000000008,43.791666666666664
2018-09-20,7.500006000000001,74.45833333333333
2018-09-21,6.2222272,95.875
2018-09-22,4.4722258,281.5833333333333
2018-09-23,4.5000036,264.375
2018-09-24,3.4722250000000003,276.2916666666667
2018-09-25,7.361117000000001,119.91666666666667
2018-09-26,8.8055626,40.416666666666664
2018-09-27,7.444450400000001,25.375
2018-09-28,5.7777824,33.708333333333336
2018-09-29,5.972227,32.041666666666664
2018-09-30,6.944450000000001,89.95833333333333
2018-10-01,6.833338800000001,271.25
2018-10-02,3.2500026,248.91666666666666
2018-10-03,3.6388918,209.375
2018-10-04,9.1111184,45.666666666666664
2018-10-05,10.555564,40.291666666666664
2018-10-06,18.4166814,191.16666666666666
2018-10-07,3.7777808000000004,259.1666666666667
2018-10-08,4.4166702,157.41666666666666
2018-10-09,4.888892800000001,45.875
2018-10-10,5.555560000000001,301.4583333333333
2018-10-11,5.972227,317.9166666666667
2018-10-12,3.3611138,206.70833333333334
2018-10-13,5.638893400000001,119.375
2018-10-14,3.1111136,201.20833333333334
2018-10-15,3.333336,257.9583333333333
2018-10-16,2.2500018,246.625
2018-10-17,3.1944470000000003,184.54166666666666
2018-10-18,6.416671800000001,187.58333333333334
2018-10-19,6.7777832,162.45833333333334
2018-10-20,3.6944474000000005,166.66666666666666
2018-10-21,3.1666692000000003,181.83333333333334
2018-10-22,3.2222248000000002,200.45833333333334
2018-10-23,4.0833366,291.75
2018-10-24,3.2222248000000002,233.83333333333334
2018-10-25,3.5000028000000003,174.95833333333334
2018-10-26,5.3888932,174.25
2018-10-27,6.5000052,274.9166666666667
2018-10-28,7.527783800000001,260.5833333333333
2018-10-29,7.4166726,284.125
2018-10-30,5.166670800000001,316.0416666666667
2018-10-31,4.027781,299.9166666666667
2018-11-01,3.0277802000000005,255.70833333333334
2018-11-02,2.7777800000000004,236.16666666666666
2018-11-03,2.1944462000000002,243.08333333333334
2018-11-04,2.1944462000000002,281.9583333333333
2018-11-05,3.4166694000000004,141.16666666666666
2018-11-06,4.611114800000001,97.25
2018-11-07,4.4166702,45.708333333333336
2018-11-08,9.611118800000002,113.70833333333333
2018-11-09,8.027784200000001,275.0
2018-11-10,3.0000024000000005,280.0833333333333
2018-11-11,1.9444460000000001,261.75
2018-11-12,5.8888936,125.70833333333333
2018-11-13,7.111116800000001,24.333333333333332
2018-11-14,5.0833374000000005,21.208333333333332
2018-11-15,3.4166694000000004,118.66666666666667
2018-11-16,2.8333356,323.3333333333333
2018-11-17,3.5555584000000007,216.70833333333334
2018-11-18,3.6388918,312.2916666666667
2018-11-19,3.8333364000000008,240.79166666666666
2018-11-20,3.611114,249.625
2018-11-21,3.1111136,291.2916666666667
2018-11-22,7.6666728000000015,307.75
2018-11-23,5.8888936,320.25
2018-11-24,3.5555584000000007,198.95833333333334
2018-11-25,3.7777808000000004,300.5416666666667
2018-11-26,2.6944466,249.95833333333334
2018-11-27,2.9722246,310.5833333333333
2018-11-28,5.6944490000000005,160.33333333333334
2018-11-29,3.0000024000000005,262.3333333333333
2018-11-30,3.2500026,300.1666666666667
2018-12-01,4.250003400000001,160.08333333333334
2018-12-02,4.250003400000001,48.166666666666664
2018-12-03,6.4444496000000004,170.375
2018-12-04,5.555560000000001,283.5
2018-12-05,5.138893,215.54166666666666
2018-12-06,5.305559800000001,318.375
2018-12-07,6.3888940000000005,315.6666666666667
2018-12-08,5.0277818000000005,290.25
2018-12-09,7.500006000000001,319.625
2018-12-10,5.1944486,220.95833333333334
2018-12-11,6.000004800000001,194.58333333333334
2018-12-12,6.805561000000001,316.5
2018-12-13,5.5277822,296.5416666666667
2018-12-14,5.9444492,317.75
2018-12-15,2.6111132,295.2083333333333
2018-12-16,4.583337,312.0833333333333
2018-12-17,6.250005000000001,292.5416666666667
2018-12-18,4.8333372,290.9166666666667
2018-12-19,5.0833374000000005,266.8333333333333
2018-12-20,3.611114,129.66666666666666
2018-12-21,3.5000028000000003,74.83333333333333
2018-12-22,3.9722254000000006,216.5
2018-12-23,5.972227,292.2083333333333
2018-12-24,4.888892800000001,313.6666666666667
2018-12-25,2.4166686,293.5416666666667
2018-12-26,5.1111152,321.0416666666667
2018-12-27,7.555561600000001,311.6666666666667
2018-12-28,9.333340800000002,309.375
2018-12-29,10.055563600000001,311.4166666666667
2018-12-30,8.083339800000001,282.3333333333333
2018-12-31,4.027781,294.7083333333333
2019-01-01,6.416671800000001,303.75
2019-01-02,7.7500062000000005,305.0416666666667
2019-01-03,4.611114800000001,315.0833333333333
2019-01-04,4.250003400000001,299.4166666666667
2019-01-05,5.583337800000001,322.75
2019-01-06,3.8055586000000003,297.4166666666667
2019-01-07,4.888892800000001,312.5833333333333
2019-01-08,6.138893800000001,312.5416666666667
2019-01-09,6.111116000000001,246.375
2019-01-10,6.611116400000001,301.875
2019-01-11,8.2500066,170.91666666666666
2019-01-12,4.305559000000001,338.4166666666667
2019-01-13,3.5277806000000003,329.1666666666667
2019-01-14,2.6944466,291.9166666666667
2019-01-15,6.805561000000001,296.9166666666667
2019-01-16,7.861117400000001,311.8333333333333
2019-01-17,7.527783800000001,294.125
2019-01-18,4.4722258,301.5833333333333
2019-01-19,4.0555588,290.125
2019-01-20,6.416671800000001,308.5833333333333
2019-01-21,6.333338400000001,288.9166666666667
2019-01-22,4.8333372,278.5416666666667
2019-01-23,4.6944482,290.9166666666667
2019-01-24,3.6944474000000005,300.4583333333333
2019-01-25,6.111116000000001,304.4583333333333
2019-01-26,6.694449800000001,315.4583333333333
2019-01-27,4.277781200000001,286.7083333333333
2019-01-28,7.527783800000001,286.375
2019-01-29,3.8333364000000008,255.04166666666666
2019-01-30,4.0000032,286.75
2019-01-31,5.861115800000001,319.625
2019-02-01,7.861117400000001,298.0833333333333
2019-02-02,4.2222256,279.1666666666667
2019-02-03,8.3611178,241.125
2019-02-04,5.916671400000001,315.0833333333333
2019-02-05,2.6111132,230.375
2019-02-06,3.1666692000000003,234.875
2019-02-07,6.3611162000000006,303.5833333333333
2019-02-08,4.8333372,196.58333333333334
2019-02-09,7.000005600000001,321.3333333333333
2019-02-10,4.722226,228.41666666666666
2019-02-11,6.888894400000001,315.875
2019-02-12,4.9722262,318.25
2019-02-13,3.7222252000000005,326.25
2019-02-14,5.6944490000000005,99.125
2019-02-15,4.6944482,238.04166666666666
2019-02-16,5.861115800000001,313.25
2019-02-17,4.5555592,307.9583333333333
2019-02-18,2.6944466,268.0833333333333
2019-02-19,5.1111152,167.33333333333334
2019-02-20,6.694449800000001,314.2083333333333
2019-02-21,2.8333356,221.54166666666666
2019-02-22,3.5833362000000006,209.54166666666666
2019-02-23,7.500006000000001,168.70833333333334
2019-02-24,4.111114400000001,207.125
2019-02-25,5.0277818000000005,182.08333333333334
2019-02-26,3.6666696,210.83333333333334
2019-02-27,4.4722258,50.166666666666664
2019-02-28,5.3888932,176.45833333333334
2019-03-01,3.7777808000000004,202.04166666666666
2019-03-02,5.0833374000000005,41.666666666666664
2019-03-03,5.6666712,45.833333333333336
2019-03-04,5.7500046000000005,179.625
2019-03-05,4.250003400000001,274.0
2019-03-06,3.1111136,245.33333333333334
2019-03-07,6.277782800000001,141.33333333333334
2019-03-08,4.4166702,229.20833333333334
2019-03-09,5.444448800000001,265.7083333333333
2019-03-10,7.8888952,131.04166666666666
2019-03-11,5.2222264,271.2916666666667
2019-03-12,7.7777840000000005,263.9166666666667
2019-03-13,8.8333404,282.0833333333333
2019-03-14,5.7777824,264.8333333333333
2019-03-15,6.527783,273.2916666666667
2019-03-16,7.3333392,270.7083333333333
2019-03-17,4.5277814,288.5833333333333
2019-03-18,5.9444492,222.95833333333334
2019-03-19,3.5000028000000003,239.91666666666666
2019-03-20,6.527783,207.91666666666666
2019-03-21,10.888897600000002,265.25
2019-03-22,6.4722274,268.0
2019-03-23,6.3611162000000006,309.5416666666667
2019-03-24,6.111116000000001,273.0416666666667
2019-03-25,5.1111152,264.5
2019-03-26,5.0555596000000005,289.5
2019-03-27,9.194451800000001,248.95833333333334
2019-03-28,5.500004400000001,93.0
2019-03-29,4.750003800000001,192.79166666666666
2019-03-30,8.083339800000001,234.79166666666666
2019-03-31,6.666672,290.4583333333333
2019-04-01,7.4722282,300.0833333333333
2019-04-02,6.0277826,289.25
2019-04-03,5.583337800000001,254.54166666666666
2019-04-04,6.7777832,258.5416666666667
2019-04-05,6.666672,251.70833333333334
2019-04-06,4.444448,237.54166666666666
2019-04-07,5.2500042,140.41666666666666
2019-04-08,6.6388942,209.875
2019-04-09,10.5000084,69.08333333333333
2019-04-10,11.222231200000001,27.625
2019-04-11,4.305559000000001,56.25
2019-04-12,4.027781,250.04166666666666
2019-04-13,3.9444476,251.75
2019-04-14,5.7500046000000005,258.5416666666667
2019-04-15,4.916670600000001,257.4166666666667
2019-04-16,3.9444476,258.0416666666667
2019-04-17,4.0555588,264.5
2019-04-18,7.861117400000001,249.375
2019-04-19,8.1666732,97.08333333333333
2019-04-20,3.1666692000000003,117.375
2019-04-21,3.4166694000000004,189.75
2019-04-22,6.194449400000001,47.083333333333336
2019-04-23,4.583337,47.541666666666664
2019-04-24,4.250003400000001,167.29166666666666
2019-04-25,7.6666728000000015,36.875
2019-04-26,6.277782800000001,21.666666666666668
2019-04-27,5.7500046000000005,114.16666666666667
2019-04-28,3.5000028000000003,156.08333333333334
2019-04-29,6.194449400000001,38.541666666666664
2019-04-30,6.000004800000001,38.916666666666664
2019-05-01,4.166670000000001,285.0416666666667
2019-05-02,4.4722258,232.125
2019-05-03,4.5555592,181.66666666666666
2019-05-04,2.9444468,185.875
2019-05-05,4.250003400000001,259.7916666666667
2019-05-06,8.1666732,126.91666666666667
2019-05-07,5.361115400000001,226.83333333333334
2019-05-08,5.8055602,263.5416666666667
2019-05-09,5.583337800000001,262.5833333333333
2019-05-10,3.333336,250.375
2019-05-11,3.1944470000000003,196.08333333333334
2019-05-12,6.944450000000001,63.416666666666664
2019-05-13,5.583337800000001,87.83333333333333
2019-05-14,3.2222248000000002,215.5
2019-05-15,2.916669,192.16666666666666
2019-05-16,3.3888916,176.0
2019-05-17,5.7500046000000005,73.16666666666667
2019-05-18,7.250005800000001,68.29166666666667
2019-05-19,6.6388942,101.95833333333333
2019-05-20,5.444448800000001,245.41666666666666
2019-05-21,7.111116800000001,262.625
2019-05-22,5.4722266,251.875
2019-05-23,5.8055602,255.625
2019-05-24,5.7222268000000005,252.54166666666666
2019-05-25,4.750003800000001,258.2083333333333
2019-05-26,5.611115600000001,235.91666666666666
2019-05-27,11.666676,200.08333333333334
2019-05-28,5.833338,209.75
2019-05-29,4.944448400000001,266.25
2019-05-30,4.666670400000001,268.0833333333333
2019-05-31,5.861115800000001,243.375
2019-06-01,4.138892200000001,241.5
2019-06-02,3.9166698,242.20833333333334
2019-06-03,4.250003400000001,248.08333333333334
2019-06-04,3.6944474000000005,237.41666666666666
2019-06-05,5.1944486,161.75
2019-06-06,4.250003400000001,187.0
2019-06-07,7.527783800000001,51.041666666666664
2019-06-08,6.194449400000001,128.20833333333334
2019-06-09,7.000005600000001,41.833333333333336
2019-06-10,6.833338800000001,41.458333333333336
2019-06-11,6.666672,41.416666666666664
2019-06-12,4.3333368000000005,53.375
2019-06-13,3.333336,78.91666666666667
2019-06-14,3.7777808000000004,70.33333333333333
2019-06-15,4.305559000000001,118.875
2019-06-16,4.750003800000001,127.875
2019-06-17,5.277782,201.58333333333334
2019-06-18,5.166670800000001,245.66666666666666
2019-06-19,2.8055578000000003,193.20833333333334
2019-06-20,4.9722262,247.125
2019-06-21,6.194449400000001,197.75
2019-06-22,7.388894800000001,46.083333333333336
2019-06-23,6.694449800000001,66.58333333333333
2019-06-24,3.8333364000000008,161.29166666666666
2019-06-25,3.5555584000000007,144.83333333333334
2019-06-26,5.416671000000001,68.25
2019-06-27,4.2222256,188.70833333333334
2019-06-28,5.305559800000001,118.45833333333333
2019-06-29,8.638895800000002,183.66666666666666
2019-06-30,5.3888932,254.33333333333334
2019-07-01,4.111114400000001,250.08333333333334
2019-07-02,4.805559400000001,237.04166666666666
2019-07-03,3.0833358,160.0
2019-07-04,3.4722250000000003,230.54166666666666
2019-07-05,4.3888924000000005,128.75
2019-07-06,8.0000064,39.541666666666664
2019-07-07,7.638895000000001,49.375
2019-07-08,6.4444496000000004,44.75
2019-07-09,7.305561400000001,41.791666666666664
2019-07-10,8.4166734,45.083333333333336
2019-07-11,5.861115800000001,223.79166666666666
2019-07-12,4.4166702,187.66666666666666
2019-07-13,3.6388918,217.83333333333334
2019-07-14,4.250003400000001,108.45833333333333
2019-07-15,3.6388918,59.208333333333336
2019-07-16,4.6388926,56.333333333333336
2019-07-17,5.361115400000001,59.75
2019-07-18,3.5000028000000003,95.54166666666667
2019-07-19,6.7222276,102.66666666666667
2019-07-20,10.583341800000001,147.625
2019-07-21,10.2500082,217.33333333333334
2019-07-22,5.6666712,236.45833333333334
2019-07-23,4.750003800000001,238.25
2019-07-24,6.611116400000001,226.375
2019-07-25,6.944450000000001,222.66666666666666
2019-07-26,7.611117200000001,219.95833333333334
2019-07-27,5.3888932,217.58333333333334
2019-07-28,7.250005800000001,222.58333333333334
2019-07-29,5.0833374000000005,223.75
2019-07-30,7.305561400000001,227.08333333333334
2019-07-31,6.1666716,227.875
2019-08-01,5.0277818000000005,239.0
2019-08-02,2.6111132,177.83333333333334
2019-08-03,3.9722254000000006,53.083333333333336
2019-08-04,3.9166698,51.791666666666664
2019-08-05,5.583337800000001,47.416666666666664
2019-08-06,11.861120600000001,52.208333333333336
2019-08-07,6.694449800000001,218.625
2019-08-08,2.7222244000000004,229.625
2019-08-09,2.3333352000000005,131.58333333333334
2019-08-10,6.0277826,56.958333333333336
2019-08-11,6.305560600000001,73.91666666666667
2019-08-12,4.305559000000001,179.58333333333334
2019-08-13,6.3888940000000005,50.166666666666664
2019-08-14,9.9722302,28.5
2019-08-15,8.777784800000001,168.45833333333334
2019-08-16,6.888894400000001,247.79166666666666
2019-08-17,6.2222272,240.83333333333334
2019-08-18,4.2222256,238.375
2019-08-19,5.0277818000000005,73.29166666666667
2019-08-20,7.694450600000001,45.416666666666664
2019-08-21,4.722226,159.58333333333334
2019-08-22,8.0000064,226.20833333333334
2019-08-23,3.7500030000000004,271.0416666666667
2019-08-24,4.027781,276.75
2019-08-25,3.6944474000000005,271.1666666666667
2019-08-26,3.0833358,200.45833333333334
2019-08-27,3.333336,149.04166666666666
2019-08-28,3.3611138,130.58333333333334
2019-08-29,4.0555588,249.79166666666666
2019-08-30,4.611114800000001,264.0833333333333
2019-08-31,3.8888920000000002,269.25
2019-09-01,2.6111132,153.16666666666666
2019-09-02,4.4166702,78.125
2019-09-03,5.138893,57.583333333333336
2019-09-04,4.1944478,58.875
2019-09-05,3.6388918,60.333333333333336
2019-09-06,6.9166722,66.66666666666667
2019-09-07,12.0555652,171.29166666666666
2019-09-08,2.7500022000000004,231.5
2019-09-09,3.4166694000000004,180.33333333333334
2019-09-10,4.6944482,210.66666666666666
2019-09-11,7.583339400000001,150.20833333333334
2019-09-12,8.0000064,42.291666666666664
2019-09-13,7.527783800000001,50.083333333333336
2019-09-14,3.5000028000000003,208.66666666666666
2019-09-15,6.2222272,140.95833333333334
2019-09-16,6.861116600000001,27.416666666666668
2019-09-17,8.500006800000001,32.708333333333336
2019-09-18,5.1111152,157.45833333333334
2019-09-19,6.972227800000001,45.583333333333336
2019-09-20,8.333340000000002,52.375
2019-09-21,10.6388974,63.375
2019-09-22,17.0555692,32.916666666666664
2019-09-23,13.888900000000001,222.75
2019-09-24,2.8055578000000003,179.25
2019-09-25,5.5277822,118.66666666666667
2019-09-26,5.972227,38.833333333333336
2019-09-27,4.6944482,36.541666666666664
2019-09-28,3.1111136,127.875
2019-09-29,2.1666684000000003,231.54166666666666
2019-09-30,2.361113,217.58333333333334
2019-10-01,3.1111136,52.208333333333336
2019-10-02,10.472230600000001,87.25
2019-10-03,12.916677000000002,258.625
2019-10-04,3.7777808000000004,153.45833333333334
2019-10-05,8.0000064,175.66666666666666
2019-10-06,8.5833402,38.041666666666664
2019-10-07,4.1944478,80.875
2019-10-08,5.2500042,299.7083333333333
2019-10-09,3.0833358,230.75
2019-10-10,1.8611126000000002,283.7083333333333
2019-10-11,7.638895000000001,147.58333333333334
2019-10-12,11.694453800000002,24.583333333333332
2019-10-13,8.5833402,29.083333333333332
2019-10-14,3.611114,191.70833333333334
2019-10-15,9.027785000000002,37.291666666666664
2019-10-16,4.1944478,118.0
2019-10-17,6.055560400000001,50.708333333333336
2019-10-18,8.916673800000002,57.041666666666664
2019-10-19,6.0833382,65.875
2019-10-20,4.888892800000001,36.083333333333336
2019-10-21,7.4722282,27.791666666666668
2019-10-22,7.555561600000001,44.0
2019-10-23,7.166672400000001,39.166666666666664
2019-10-24,7.361117000000001,70.625
2019-10-25,6.694449800000001,218.16666666666666
2019-10-26,4.6944482,310.25
2019-10-27,4.888892800000001,319.5416666666667
2019-10-28,3.8888920000000002,278.7083333333333
2019-10-29,4.1944478,282.7083333333333
2019-10-30,3.9444476,298.25
2019-10-31,3.8333364000000008,289.375
2019-11-01,3.9722254000000006,189.45833333333334
2019-11-02,3.0833358,105.875
2019-11-03,6.305560600000001,172.16666666666666
2019-11-04,6.3611162000000006,49.166666666666664
2019-11-05,2.916669,294.5833333333333
2019-11-06,2.5000020000000003,250.83333333333334
2019-11-07,5.7222268000000005,246.25
2019-11-08,3.2222248000000002,285.8333333333333
2019-11-09,2.9444468,323.1666666666667
2019-11-10,8.055562,267.9583333333333
2019-11-11,7.7222284000000005,273.4583333333333
2019-11-12,2.2777796,265.7083333333333
2019-11-13,5.611115600000001,281.0416666666667
2019-11-14,6.5000052,313.1666666666667
2019-11-15,4.8333372,269.4583333333333
2019-11-16,4.916670600000001,274.125
2019-11-17,8.0000064,159.16666666666666
2019-11-18,9.722230000000001,275.625
2019-11-19,4.750003800000001,310.625
2019-11-20,4.805559400000001,324.2083333333333
2019-11-21,5.444448800000001,124.91666666666667
2019-11-22,5.7777824,43.208333333333336
2019-11-23,5.361115400000001,150.66666666666666
2019-11-24,5.6944490000000005,225.25
2019-11-25,8.500006800000001,179.20833333333334
2019-11-26,7.361117000000001,50.125
2019-11-27,4.6944482,316.125
2019-11-28,8.9722294,51.083333333333336
2019-11-29,3.5277806000000003,312.0833333333333
2019-11-30,3.8888920000000002,277.2083333333333
2019-12-01,6.9166722,182.875
2019-12-02,6.5833386,290.875
2019-12-03,4.111114400000001,282.25
2019-12-04,4.7777816,266.2916666666667
2019-12-05,5.0833374000000005,317.125
2019-12-06,4.250003400000001,318.6666666666667
2019-12-07,3.4722250000000003,316.0416666666667
2019-12-08,2.6111132,297.625
2019-12-09,2.9722246,295.8333333333333
2019-12-10,3.8333364000000008,278.8333333333333
2019-12-11,6.833338800000001,282.5
2019-12-12,5.500004400000001,312.125
2019-12-13,3.5277806000000003,290.625
2019-12-14,5.8888936,292.5416666666667
2019-12-15,4.916670600000001,52.916666666666664
2019-12-16,3.1111136,168.75
2019-12-17,3.4722250000000003,293.3333333333333
2019-12-18,5.972227,285.4166666666667
2019-12-19,5.7500046000000005,310.625
2019-12-20,3.611114,287.875
2019-12-21,3.6666696,315.5
2019-12-22,4.2222256,232.29166666666666
2019-12-23,4.916670600000001,305.375
2019-12-24,3.5277806000000003,243.95833333333334
2019-12-25,3.333336,258.0416666666667
2019-12-26,7.388894800000001,205.08333333333334
2019-12-27,7.944450800000001,310.0416666666667
2019-12-28,2.2777796,306.25
2019-12-29,4.8333372,186.16666666666666
2019-12-30,4.0833366,254.66666666666666
2019-12-31,7.694450600000001,309.6666666666667
2020-01-01,3.8055586000000003,301.2916666666667
2020-01-02,3.8055586000000003,302.5
2020-01-03,7.3333392,303.125
2020-01-04,4.805559400000001,305.4166666666667
2020-01-05,2.6111132,259.0416666666667
2020-01-06,3.8055586000000003,128.29166666666666
2020-01-07,12.138898600000003,210.16666666666666
2020-01-08,10.0833414,273.4166666666667
2020-01-09,6.1666716,309.6666666666667
2020-01-10,3.8055586000000003,283.1666666666667
2020-01-11,3.6944474000000005,320.0416666666667
2020-01-12,5.916671400000001,300.2083333333333
2020-01-13,5.7222268000000005,288.6666666666667
2020-01-14,4.5277814,313.9166666666667
2020-01-15,4.027781,311.1666666666667
2020-01-16,2.6111132,304.2916666666667
2020-01-17,3.2500026,272.2916666666667
2020-01-18,5.3333376,306.4583333333333
2020-01-19,5.1944486,295.25
2020-01-20,4.9722262,296.5833333333333
2020-01-21,4.611114800000001,222.54166666666666
2020-01-22,6.694449800000001,150.79166666666666
2020-01-23,7.1388946,85.0
2020-01-24,6.111116000000001,144.58333333333334
2020-01-25,5.611115600000001,51.416666666666664
2020-01-26,9.638896600000002,45.833333333333336
2020-01-27,13.527788600000003,65.0
2020-01-28,8.1666732,124.45833333333333
2020-01-29,4.2222256,112.79166666666667
2020-01-30,5.972227,28.916666666666668
2020-01-31,4.2222256,202.54166666666666
2020-02-01,4.916670600000001,310.0416666666667
2020-02-02,3.0000024000000005,295.9583333333333
2020-02-03,4.5277814,318.3333333333333
2020-02-04,3.0277802000000005,300.625
2020-02-05,4.805559400000001,312.375
2020-02-06,4.888892800000001,231.66666666666666
2020-02-07,5.166670800000001,309.6666666666667
2020-02-08,6.750005400000001,311.875
2020-02-09,4.3611146000000005,289.9166666666667
2020-02-10,4.250003400000001,296.4583333333333
2020-02-11,3.5555584000000007,216.625
2020-02-12,8.194451,190.75
2020-02-13,5.4722266,259.25
2020-02-14,3.3888916,182.58333333333334
2020-02-15,5.916671400000001,59.916666666666664
2020-02-16,8.5277846,258.4166666666667
2020-02-17,10.2500082,276.0833333333333
2020-02-18,6.9166722,305.4166666666667
2020-02-19,2.8333356,258.2083333333333
2020-02-20,3.3055582000000006,227.04166666666666
2020-02-21,4.583337,196.16666666666666
2020-02-22,8.333340000000002,269.9166666666667
2020-02-23,6.4444496000000004,281.5833333333333
2020-02-24,4.6388926,268.2083333333333
2020-02-25,8.055562,96.375
2020-02-26,7.444450400000001,50.958333333333336
2020-02-27,6.277782800000001,38.708333333333336
2020-02-28,2.7777800000000004,84.08333333333333
2020-02-29,4.861115000000001,25.708333333333332
2020-03-01,4.250003400000001,93.0
2020-03-02,5.8055602,229.25
2020-03-03,5.138893,52.791666666666664
2020-03-04,6.9166722,276.4166666666667
2020-03-05,7.527783800000001,253.45833333333334
2020-03-06,4.5277814,273.75
2020-03-07,3.3055582000000006,188.875
2020-03-08,6.0833382,153.875
2020-03-09,5.0555596000000005,62.125
2020-03-10,6.666672,204.83333333333334
2020-03-11,6.4722274,296.625
2020-03-12,5.0833374000000005,259.2083333333333
2020-03-13,3.3055582000000006,284.125
2020-03-14,5.7500046000000005,310.0
2020-03-15,8.083339800000001,273.75
2020-03-16,6.4722274,261.8333333333333
2020-03-17,9.027785000000002,251.33333333333334
2020-03-18,5.1944486,262.5833333333333
2020-03-19,11.3611202,248.91666666666666
2020-03-20,6.750005400000001,251.625
2020-03-21,6.6388942,240.70833333333334
2020-03-22,6.888894400000001,124.91666666666667
2020-03-23,7.1388946,206.29166666666666
2020-03-24,5.0555596000000005,69.33333333333333
2020-03-25,3.0000024000000005,130.75
2020-03-26,5.6944490000000005,189.08333333333334
2020-03-27,7.166672400000001,158.625
2020-03-28,6.3888940000000005,80.20833333333333
2020-03-29,6.250005000000001,94.0
2020-03-30,4.916670600000001,56.0
2020-03-31,5.2500042,80.58333333333333
2020-04-01,5.583337800000001,224.75
2020-04-02,5.5277822,205.66666666666666
2020-04-03,5.555560000000001,261.0
2020-04-04,7.3333392,203.70833333333334
2020-04-05,5.305559800000001,232.95833333333334
2020-04-06,5.555560000000001,265.8333333333333
2020-04-07,6.2222272,277.9166666666667
2020-04-08,6.111116000000001,225.125
2020-04-09,5.305559800000001,224.58333333333334
2020-04-10,5.7500046000000005,56.916666666666664
2020-04-11,3.1111136,279.2916666666667
2020-04-12,9.722230000000001,34.333333333333336
2020-04-13,8.1666732,151.0
2020-04-14,5.972227,272.9583333333333
2020-04-15,5.1111152,249.125
2020-04-16,7.222228,47.375
2020-04-17,5.3888932,136.58333333333334
2020-04-18,6.5000052,220.54166666666666
2020-04-19,7.527783800000001,56.125
2020-04-20,7.500006000000001,240.54166666666666
2020-04-21,8.1111176,268.2083333333333
2020-04-22,8.2500066,275.25
2020-04-23,7.388894800000001,285.625
2020-04-24,8.555562400000001,257.5
2020-04-25,10.611119600000002,229.04166666666666
2020-04-26,7.1388946,224.04166666666666
2020-04-27,6.000004800000001,234.70833333333334
2020-04-28,7.000005600000001,238.58333333333334
2020-04-29,4.9722262,256.7083333333333
2020-04-30,7.7222284000000005,237.33333333333334
2020-05-01,8.2500066,239.04166666666666
2020-05-02,5.611115600000001,240.75
2020-05-03,4.250003400000001,121.70833333333333
2020-05-04,7.555561600000001,169.70833333333334
2020-05-05,6.5000052,52.416666666666664
2020-05-06,8.333340000000002,129.0
2020-05-07,7.555561600000001,45.333333333333336
2020-05-08,6.138893800000001,110.04166666666667
2020-05-09,8.222228800000002,155.70833333333334
2020-05-10,6.527783,253.08333333333334
2020-05-11,5.000004000000001,262.4583333333333
2020-05-12,8.777784800000001,245.41666666666666
2020-05-13,6.333338400000001,276.6666666666667
2020-05-14,3.7222252000000005,257.875
2020-05-15,5.3888932,139.0
2020-05-16,3.5277806000000003,172.75
2020-05-17,2.9722246,128.08333333333334
2020-05-18,4.3333368000000005,74.58333333333333
2020-05-19,9.1388962,248.625
2020-05-20,5.3888932,172.25
2020-05-21,4.305559000000001,68.875
2020-05-22,5.8055602,53.25
2020-05-23,4.5555592,92.33333333333333
2020-05-24,6.0277826,250.0
2020-05-25,3.2500026,254.54166666666666
2020-05-26,4.5000036,263.2916666666667
2020-05-27,4.0833366,224.5
2020-05-28,6.3888940000000005,230.79166666666666
2020-05-29,4.583337,43.166666666666664
2020-05-30,4.166670000000001,45.166666666666664
2020-05-31,3.5555584000000007,81.08333333333333
2020-06-01,6.0833382,252.875
2020-06-02,5.3888932,234.75
2020-06-03,5.8055602,229.875
2020-06-04,6.0277826,242.91666666666666
2020-06-05,4.750003800000001,167.45833333333334
2020-06-06,7.027783400000001,44.583333333333336
2020-06-07,4.5555592,46.958333333333336
2020-06-08,3.0000024000000005,99.375
2020-06-09,3.2222248000000002,208.58333333333334
2020-06-10,4.166670000000001,163.83333333333334
2020-06-11,5.916671400000001,156.75
2020-06-12,4.666670400000001,208.5
2020-06-13,3.7500030000000004,125.875
2020-06-14,6.861116600000001,242.16666666666666
2020-06-15,5.0833374000000005,262.4583333333333
2020-06-16,5.0555596000000005,174.83333333333334
2020-06-17,3.0000024000000005,141.25
2020-06-18,7.6666728000000015,103.66666666666667
2020-06-19,7.361117000000001,34.541666666666664
2020-06-20,5.0277818000000005,48.458333333333336
2020-06-21,6.250005000000001,43.75
2020-06-22,2.8333356,157.79166666666666
2020-06-23,2.7777800000000004,157.375
2020-06-24,4.250003400000001,107.33333333333333
2020-06-25,5.3333376,218.16666666666666
2020-06-26,5.416671000000001,246.58333333333334
2020-06-27,3.3611138,214.41666666666666
2020-06-28,3.5277806000000003,205.66666666666666
2020-06-29,8.777784800000001,84.95833333333333
2020-06-30,11.861120600000001,227.0
2020-07-01,4.166670000000001,227.70833333333334
2020-07-02,2.6944466,136.54166666666666
2020-07-03,7.111116800000001,45.75
2020-07-04,5.638893400000001,69.54166666666667
2020-07-05,2.9444468,211.75
2020-07-06,3.0277802000000005,98.58333333333333
2020-07-07,7.500006000000001,233.79166666666666
2020-07-08,2.7500022000000004,204.125
2020-07-09,5.138893,57.0
2020-07-10,6.944450000000001,179.625
2020-07-11,5.6944490000000005,147.70833333333334
2020-07-12,6.5000052,52.791666666666664
2020-07-13,7.7500062000000005,43.708333333333336
2020-07-14,5.166670800000001,38.291666666666664
2020-07-15,4.305559000000001,37.75
2020-07-16,4.5000036,49.708333333333336
2020-07-17,4.611114800000001,55.166666666666664
2020-07-18,4.166670000000001,53.333333333333336
2020-07-19,7.166672400000001,130.66666666666666
2020-07-20,8.3888956,217.66666666666666
2020-07-21,3.9444476,215.75
2020-07-22,3.3888916,97.75
2020-07-23,10.4444528,71.58333333333333
2020-07-24,8.638895800000002,196.25
2020-07-25,6.0833382,210.125
2020-07-26,4.166670000000001,174.91666666666666
2020-07-27,5.555560000000001,73.54166666666667
2020-07-28,4.1944478,106.91666666666667
2020-07-29,2.9444468,135.83333333333334
2020-07-30,6.111116000000001,202.66666666666666
2020-07-31,4.250003400000001,251.33333333333334
2020-08-01,5.0555596000000005,240.375
2020-08-02,6.3888940000000005,228.75
2020-08-03,7.305561400000001,226.08333333333334
2020-08-04,6.4444496000000004,224.75
2020-08-05,5.861115800000001,208.41666666666666
2020-08-06,8.6944514,219.08333333333334
2020-08-07,7.611117200000001,229.66666666666666
2020-08-08,8.333340000000002,224.75
2020-08-09,8.083339800000001,209.91666666666666
2020-08-10,11.916676200000001,191.08333333333334
2020-08-11,8.8611182,220.83333333333334
2020-08-12,6.055560400000001,233.04166666666666
2020-08-13,6.666672,233.70833333333334
2020-08-14,6.861116600000001,227.41666666666666
2020-08-15,5.638893400000001,235.29166666666666
2020-08-16,5.7500046000000005,241.41666666666666
2020-08-17,3.3055582000000006,241.58333333333334
2020-08-18,3.6944474000000005,227.29166666666666
2020-08-19,4.2222256,256.3333333333333
2020-08-20,3.611114,162.91666666666666
2020-08-21,5.444448800000001,55.958333333333336
2020-08-22,5.6666712,49.416666666666664
2020-08-23,3.2222248000000002,74.79166666666667
2020-08-24,3.2500026,165.08333333333334
2020-08-25,4.166670000000001,66.20833333333333
2020-08-26,8.8055626,124.79166666666667
2020-08-27,7.7222284000000005,189.29166666666666
2020-08-28,3.9166698,196.04166666666666
2020-08-29,4.111114400000001,225.45833333333334
2020-08-30,5.861115800000001,200.41666666666666
2020-08-31,8.611118000000001,35.291666666666664
2020-09-01,6.527783,40.125
2020-09-02,15.000012000000002,58.708333333333336
2020-09-03,24.6666864,214.79166666666666
2020-09-04,3.8333364000000008,241.625
2020-09-05,5.611115600000001,148.79166666666666
2020-09-06,13.6944554,25.166666666666668
2020-09-07,17.500014,163.04166666666666
2020-09-08,8.5833402,232.125
2020-09-09,5.6944490000000005,231.75
2020-09-10,3.611114,213.25
2020-09-11,7.638895000000001,43.458333333333336
2020-09-12,8.8611182,24.333333333333332
2020-09-13,5.0555596000000005,66.75
2020-09-14,4.5277814,183.41666666666666
2020-09-15,3.333336,138.875
2020-09-16,3.7777808000000004,126.29166666666667
2020-09-17,2.5555576,277.75
2020-09-18,3.9166698,263.4166666666667
2020-09-19,4.5555592,272.75
2020-09-20,4.3611146000000005,265.9166666666667
2020-09-21,5.3888932,34.0
2020-09-22,8.027784200000001,44.375
2020-09-23,8.555562400000001,37.208333333333336
2020-09-24,8.083339800000001,30.208333333333332
2020-09-25,8.138895400000001,29.916666666666668
2020-09-26,7.111116800000001,61.375
2020-09-27,7.694450600000001,26.833333333333332
2020-09-28,6.194449400000001,32.0
2020-09-29,4.750003800000001,148.54166666666666
2020-09-30,5.2222264,96.45833333333333
2020-10-01,5.6944490000000005,60.75
2020-10-02,3.9722254000000006,237.58333333333334
2020-10-03,3.4722250000000003,197.45833333333334
2020-10-04,4.666670400000001,255.16666666666666
2020-10-05,6.6388942,316.3333333333333
2020-10-06,5.416671000000001,136.70833333333334
2020-10-07,8.6944514,30.208333333333332
2020-10-08,12.1666764,46.5
2020-10-09,11.8888984,40.458333333333336
2020-10-10,7.805561800000001,28.875
2020-10-11,5.500004400000001,110.0
2020-10-12,3.0555580000000004,235.5
2020-10-13,2.9722246,250.79166666666666
2020-10-14,3.9444476,240.0
2020-10-15,5.9444492,136.41666666666666
2020-10-16,4.250003400000001,67.20833333333333
2020-10-17,4.8333372,201.58333333333334
2020-10-18,3.6944474000000005,208.16666666666666
2020-10-19,4.888892800000001,148.125
2020-10-20,4.916670600000001,122.54166666666667
2020-10-21,2.8611134000000003,107.04166666666667
2020-10-22,4.8333372,240.79166666666666
2020-10-23,6.833338800000001,313.125
2020-10-24,6.1666716,299.875
2020-10-25,5.000004000000001,288.1666666666667
2020-10-26,2.2777796,214.66666666666666
2020-10-27,2.7777800000000004,264.4166666666667
2020-10-28,3.2500026,300.25
2020-10-29,4.0000032,156.54166666666666
2020-10-30,8.8333404,66.54166666666667
2020-10-31,3.8888920000000002,86.5
2020-11-01,3.1944470000000003,297.5
2020-11-02,2.3333352000000005,323.0833333333333
2020-11-03,6.944450000000001,309.8333333333333
2020-11-04,7.222228,306.2083333333333
2020-11-05,2.4166686,260.3333333333333
2020-11-06,2.5277798000000002,286.3333333333333
2020-11-07,3.7500030000000004,290.4166666666667
2020-11-08,6.2222272,304.0833333333333
2020-11-09,7.527783800000001,310.75
2020-11-10,2.6944466,254.54166666666666
2020-11-11,3.2500026,220.20833333333334
2020-11-12,2.8055578000000003,212.91666666666666
2020-11-13,3.7777808000000004,172.41666666666666
2020-11-14,6.0833382,63.75
2020-11-15,3.5000028000000003,229.375
2020-11-16,5.305559800000001,169.5
2020-11-17,4.5000036,81.75
2020-11-18,4.861115000000001,129.20833333333334
2020-11-19,9.9444524,222.04166666666666
2020-11-20,6.305560600000001,300.4583333333333
2020-11-21,6.611116400000001,97.75
2020-11-22,4.2222256,319.125
2020-11-23,7.638895000000001,313.2916666666667
2020-11-24,2.5833354000000006,234.20833333333334
2020-11-25,4.5277814,316.375
2020-11-26,3.5277806000000003,234.91666666666666
2020-11-27,6.9166722,306.2916666666667
2020-11-28,8.472229,311.2916666666667
2020-11-29,5.6944490000000005,308.125
2020-11-30,5.0277818000000005,314.875
2020-12-01,4.4166702,195.16666666666666
2020-12-02,4.3333368000000005,157.79166666666666
2020-12-03,5.5277822,319.625
2020-12-04,4.583337,309.9166666666667
2020-12-05,4.888892800000001,312.2916666666667
2020-12-06,2.6111132,317.7916666666667
2020-12-07,4.250003400000001,304.0416666666667
2020-12-08,4.5277814,321.5833333333333
2020-12-09,1.9722238,268.25
2020-12-10,2.4166686,313.7916666666667
2020-12-11,3.4166694000000004,310.7916666666667
2020-12-12,4.888892800000001,308.2916666666667
2020-12-13,8.4444512,271.0833333333333
2020-12-14,7.8333396,313.75
2020-12-15,6.750005400000001,309.7916666666667
2020-12-16,7.305561400000001,298.5416666666667
2020-12-17,6.194449400000001,303.3333333333333
2020-12-18,4.861115000000001,289.2083333333333
2020-12-19,7.861117400000001,315.4583333333333
2020-12-20,5.861115800000001,308.5416666666667
2020-12-21,5.6666712,288.375
2020-12-22,4.861115000000001,286.2916666666667
2020-12-23,3.2777804000000006,283.875
2020-12-24,5.166670800000001,298.0
2020-12-25,5.2500042,303.6666666666667
2020-12-26,3.0833358,296.9583333333333
2020-12-27,4.166670000000001,241.91666666666666
2020-12-28,2.3333352000000005,278.7916666666667
2020-12-29,6.138893800000001,313.6666666666667
2020-12-30,9.305563000000001,301.375
2020-12-31,9.916674600000002,291.625
2021-01-01,5.305559800000001,286.0416666666667
2021-01-02,5.277782,309.9166666666667
2021-01-03,5.166670800000001,304.75
2021-01-04,4.4722258,313.25
2021-01-05,5.4722266,320.5833333333333
2021-01-06,7.222228,306.625
2021-01-07,8.0000064,297.375
2021-01-08,5.7222268000000005,303.4583333333333
2021-01-09,6.611116400000001,297.7916666666667
2021-01-10,6.4444496000000004,300.875
2021-01-11,3.4166694000000004,230.0
2021-01-12,3.9444476,295.875
2021-01-13,7.000005600000001,265.0
2021-01-14,3.4166694000000004,180.54166666666666
2021-01-15,7.0833390000000005,219.75
2021-01-16,6.5833386,319.25
2021-01-17,9.416674200000001,307.625
2021-01-18,7.694450600000001,288.1666666666667
2021-01-19,4.5555592,231.79166666666666
2021-01-20,2.8611134000000003,262.5416666666667
2021-01-21,2.7222244000000004,295.25
2021-01-22,5.361115400000001,115.75
2021-01-23,10.194452600000002,46.208333333333336
2021-01-24,8.722229200000001,40.291666666666664
2021-01-25,7.583339400000001,52.208333333333336
2021-01-26,4.0555588,275.4166666666667
2021-01-27,5.2222264,181.125
2021-01-28,9.8055634,272.9166666666667
2021-01-29,7.2777836,295.0833333333333
2021-01-30,7.3333392,273.6666666666667
2021-01-31,4.305559000000001,232.45833333333334
2021-02-01,7.583339400000001,235.33333333333334
2021-02-02,5.7222268000000005,307.75
2021-02-03,3.7500030000000004,280.0833333333333
2021-02-04,7.638895000000001,301.4166666666667
2021-02-05,4.3333368000000005,284.0
2021-02-06,3.9444476,275.25
2021-02-07,3.9444476,281.3333333333333
2021-02-08,6.694449800000001,314.625
2021-02-09,6.5833386,308.1666666666667
2021-02-10,4.0555588,296.75
2021-02-11,4.111114400000001,201.0
2021-02-12,2.6666688,282.8333333333333
2021-02-13,3.0555580000000004,193.45833333333334
2021-02-14,2.638891,113.79166666666667
2021-02-15,9.5555632,292.625
2021-02-16,8.333340000000002,274.875
2021-02-17,10.6666752,287.1666666666667
2021-02-18,6.861116600000001,304.5
2021-02-19,6.888894400000001,257.8333333333333
2021-02-20,8.3055622,243.29166666666666
2021-02-21,8.3888956,245.16666666666666
2021-02-22,6.9166722,257.8333333333333
2021-02-23,4.8333372,220.29166666666666
2021-02-24,4.944448400000001,93.54166666666667
2021-02-25,5.500004400000001,61.083333333333336
2021-02-26,10.194452600000002,52.041666666666664
2021-02-27,9.861119,55.708333333333336
2021-02-28,6.888894400000001,60.416666666666664
2021-03-01,10.6388974,169.95833333333334
2021-03-02,8.555562400000001,15.625
2021-03-03,3.9722254000000006,125.25
2021-03-04,3.1666692000000003,134.58333333333334
2021-03-05,5.861115800000001,81.08333333333333
2021-03-06,9.916674600000002,113.58333333333333
2021-03-07,7.222228,45.541666666666664
2021-03-08,6.1666716,108.875
2021-03-09,3.8888920000000002,205.16666666666666
2021-03-10,8.6944514,119.29166666666667
2021-03-11,3.0555580000000004,140.25
2021-03-12,8.2500066,86.58333333333333
2021-03-13,5.8055602,146.08333333333334
2021-03-14,4.0833366,266.5416666666667
2021-03-15,6.194449400000001,196.41666666666666
2021-03-16,5.3333376,241.5
2021-03-17,6.0833382,39.375
2021-03-18,6.972227800000001,49.25
2021-03-19,7.8333396,49.708333333333336
2021-03-20,6.4722274,99.58333333333333
2021-03-21,6.416671800000001,290.75
2021-03-22,6.7222276,291.9583333333333
2021-03-23,7.000005600000001,258.9166666666667
2021-03-24,4.750003800000001,244.20833333333334
2021-03-25,4.305559000000001,236.08333333333334
2021-03-26,4.111114400000001,194.04166666666666
2021-03-27,10.694453000000001,133.5
2021-03-28,9.7500078,241.91666666666666
2021-03-29,5.7222268000000005,257.25
2021-03-30,4.2222256,213.91666666666666
2021-03-31,4.9722262,89.79166666666667
2021-04-01,10.4444528,46.916666666666664
2021-04-02,8.8333404,40.875
2021-04-03,4.9722262,98.45833333333333
2021-04-04,9.888896800000001,51.666666666666664
2021-04-05,8.5277846,27.958333333333332
2021-04-06,3.333336,203.375
2021-04-07,5.4722266,196.91666666666666
2021-04-08,5.4722266,162.33333333333334
2021-04-09,8.3611178,111.41666666666667
2021-04-10,4.916670600000001,56.791666666666664
2021-04-11,3.611114,54.583333333333336
2021-04-12,6.805561000000001,100.54166666666667
2021-04-13,9.3888964,263.0
2021-04-14,7.944450800000001,270.375
2021-04-15,2.8333356,213.0
2021-04-16,5.6944490000000005,235.58333333333334
2021-04-17,8.1666732,208.29166666666666
2021-04-18,5.8055602,274.875
2021-04-19,6.0277826,271.4166666666667
2021-04-20,3.4722250000000003,208.16666666666666
2021-04-21,3.0277802000000005,149.79166666666666
2021-04-22,6.5000052,54.208333333333336
2021-04-23,9.2777852,37.166666666666664
2021-04-24,7.3333392,44.666666666666664
2021-04-25,9.888896800000001,101.70833333333333
2021-04-26,5.972227,62.541666666666664
2021-04-27,4.277781200000001,179.04166666666666
2021-04-28,5.2222264,228.91666666666666
2021-04-29,4.6944482,234.33333333333334
2021-04-30,9.611118800000002,234.83333333333334
2021-05-01,6.4722274,263.7916666666667
2021-05-02,5.7222268000000005,212.125
2021-05-03,6.7222276,255.25
2021-05-04,10.000008000000001,210.375
2021-05-05,11.222231200000001,267.3333333333333
2021-05-06,4.6944482,262.2916666666667
2021-05-07,9.916674600000002,231.45833333333334
2021-05-08,8.055562,255.95833333333334
2021-05-09,6.861116600000001,257.6666666666667
2021-05-10,4.916670600000001,147.41666666666666
2021-05-11,8.0000064,47.125
2021-05-12,8.0000064,39.708333333333336
2021-05-13,4.916670600000001,44.541666666666664
2021-05-14,4.138892200000001,106.54166666666667
2021-05-15,5.7500046000000005,134.58333333333334
2021-05-16,8.0000064,196.83333333333334
2021-05-17,4.611114800000001,50.458333333333336
2021-05-18,3.5555584000000007,78.0
2021-05-19,3.5277806000000003,236.41666666666666
2021-05-20,7.361117000000001,92.33333333333333
2021-05-21,6.611116400000001,218.04166666666666
2021-05-22,5.0555596000000005,235.16666666666666
2021-05-23,4.916670600000001,260.2916666666667
2021-05-24,4.250003400000001,235.29166666666666
2021-05-25,8.4444512,276.125
2021-05-26,7.027783400000001,242.25
2021-05-27,7.916673,197.75
2021-05-28,11.000008800000002,247.58333333333334
2021-05-29,6.7222276,241.58333333333334
2021-05-30,4.027781,106.70833333333333
2021-05-31,4.583337,80.125
2021-06-01,3.7222252000000005,80.66666666666667
2021-06-02,2.7777800000000004,180.16666666666666
2021-06-03,5.305559800000001,186.0
2021-06-04,5.555560000000001,263.3333333333333
2021-06-05,7.583339400000001,237.79166666666666
2021-06-06,6.277782800000001,232.875
2021-06-07,4.944448400000001,240.20833333333334
2021-06-08,3.7777808000000004,159.20833333333334
2021-06-09,4.916670600000001,51.208333333333336
2021-06-10,3.8888920000000002,111.5
2021-06-11,7.916673,165.375
2021-06-12,4.3888924000000005,97.5
2021-06-13,3.4166694000000004,119.375
2021-06-14,4.1944478,53.708333333333336
2021-06-15,6.944450000000001,57.958333333333336
2021-06-16,9.9722302,48.375
2021-06-17,6.527783,42.291666666666664
2021-06-18,4.3333368000000005,236.08333333333334
2021-06-19,3.611114,213.33333333333334
2021-06-20,3.8888920000000002,234.25
2021-06-21,5.611115600000001,193.58333333333334
2021-06-22,5.2222264,54.541666666666664
2021-06-23,5.0277818000000005,55.125
2021-06-24,3.1111136,103.20833333333333
2021-06-25,3.1111136,183.41666666666666
2021-06-26,3.3611138,215.875
2021-06-27,5.138893,47.125
2021-06-28,6.250005000000001,41.291666666666664
2021-06-29,4.611114800000001,51.166666666666664
2021-06-30,5.0833374000000005,59.875
2021-07-01,5.583337800000001,38.916666666666664
2021-07-02,7.1388946,36.583333333333336
2021-07-03,7.444450400000001,63.958333333333336
2021-07-04,11.416675800000002,225.29166666666666
2021-07-05,6.611116400000001,241.29166666666666
2021-07-06,9.833341200000001,230.29166666666666
2021-07-07,6.5833386,234.54166666666666
2021-07-08,4.9722262,184.79166666666666
2021-07-09,5.3888932,208.58333333333334
2021-07-10,6.527783,228.125
2021-07-11,5.416671000000001,227.54166666666666
2021-07-12,3.9722254000000006,232.58333333333334
2021-07-13,5.1944486,221.54166666666666
2021-07-14,4.7777816,225.25
2021-07-15,3.2777804000000006,216.20833333333334
2021-07-16,4.4166702,96.5
2021-07-17,6.277782800000001,95.20833333333333
2021-07-18,5.2222264,81.91666666666667
2021-07-19,3.0277802000000005,51.041666666666664
2021-07-20,4.8333372,59.166666666666664
2021-07-21,6.833338800000001,39.333333333333336
2021-07-22,6.555560800000001,44.0
2021-07-23,5.4722266,47.083333333333336
2021-07-24,5.1111152,49.25
2021-07-25,4.805559400000001,66.625
2021-07-26,4.305559000000001,73.29166666666667
2021-07-27,5.000004000000001,48.125
2021-07-28,4.750003800000001,42.875
2021-07-29,3.3055582000000006,128.375
2021-07-30,5.0555596000000005,235.91666666666666
2021-07-31,3.333336,230.83333333333334
2021-08-01,2.8611134000000003,132.70833333333334
2021-08-02,4.111114400000001,208.875
2021-08-03,4.722226,230.16666666666666
2021-08-04,3.4444472000000004,185.75
2021-08-05,4.0000032,118.0
2021-08-06,4.7777816,52.666666666666664
2021-08-07,4.166670000000001,55.375
2021-08-08,7.6666728000000015,35.583333333333336
2021-08-09,6.1666716,213.95833333333334
2021-08-10,4.583337,95.70833333333333
2021-08-11,4.805559400000001,147.04166666666666
2021-08-12,4.5555592,57.0
2021-08-13,6.416671800000001,56.541666666666664
2021-08-14,7.250005800000001,54.333333333333336
2021-08-15,5.583337800000001,32.958333333333336
2021-08-16,7.305561400000001,53.0
2021-08-17,7.694450600000001,52.25
2021-08-18,7.388894800000001,72.33333333333333
2021-08-19,6.805561000000001,192.33333333333334
2021-08-20,3.3055582000000006,108.08333333333333
2021-08-21,10.972231,195.08333333333334
2021-08-22,7.6666728000000015,241.125
2021-08-23,6.694449800000001,155.29166666666666
2021-08-24,17.0277914,218.125
2021-08-25,7.361117000000001,228.33333333333334
2021-08-26,6.2222272,243.91666666666666
2021-08-27,6.5000052,242.91666666666666
2021-08-28,5.3333376,249.45833333333334
2021-08-29,5.4722266,249.875
2021-08-30,2.6944466,136.66666666666666
2021-08-31,3.3055582000000006,63.875
2021-09-01,7.7222284000000005,156.08333333333334
2021-09-02,6.3611162000000006,42.291666666666664
2021-09-03,8.194451,36.25
2021-09-04,6.000004800000001,31.333333333333332
2021-09-05,6.000004800000001,33.75
2021-09-06,7.6666728000000015,47.083333333333336
2021-09-07,5.916671400000001,154.16666666666666
2021-09-08,3.611114,170.5
2021-09-09,3.611114,106.16666666666667
2021-09-10,5.138893,271.0
2021-09-11,3.1111136,205.41666666666666
2021-09-12,4.750003800000001,145.45833333333334
2021-09-13,7.4166726,57.375
2021-09-14,8.8333404,67.29166666666667
2021-09-15,10.833342000000002,50.0
2021-09-16,7.583339400000001,58.125
2021-09-17,12.2500098,25.458333333333332
2021-09-18,5.555560000000001,124.875
2021-09-19,6.250005000000001,31.666666666666668
2021-09-20,4.888892800000001,73.875
2021-09-21,9.222229600000002,206.0
2021-09-22,7.166672400000001,247.33333333333334
2021-09-23,4.9722262,279.1666666666667
2021-09-24,5.972227,73.45833333333333
2021-09-25,7.611117200000001,51.833333333333336
2021-09-26,7.1388946,42.208333333333336
2021-09-27,6.5833386,45.333333333333336
2021-09-28,5.611115600000001,36.25
2021-09-29,6.5833386,154.29166666666666
2021-09-30,5.9444492,89.125
2021-10-01,3.6944474000000005,193.33333333333334
2021-10-02,3.3611138,258.1666666666667
2021-10-03,2.3888908,216.91666666666666
2021-10-04,6.805561000000001,223.91666666666666
2021-10-05,5.5277822,230.625
2021-10-06,4.861115000000001,43.5
2021-10-07,4.0555588,258.4166666666667
2021-10-08,5.138893,61.875
2021-10-09,4.944448400000001,46.291666666666664
2021-10-10,3.8888920000000002,202.08333333333334
2021-10-11,8.277784400000002,100.0
2021-10-12,9.722230000000001,44.625
2021-10-13,7.9722286,39.208333333333336
2021-10-14,3.9166698,112.29166666666667
2021-10-15,4.9722262,147.79166666666666
2021-10-16,6.861116600000001,328.9166666666667
2021-10-17,7.222228,251.0
2021-10-18,3.0277802000000005,262.9166666666667
2021-10-19,4.888892800000001,309.0416666666667
2021-10-20,4.4166702,164.33333333333334
2021-10-21,4.611114800000001,25.791666666666668
2021-10-22,4.916670600000001,290.9166666666667
2021-10-23,4.5277814,163.66666666666666
2021-10-24,2.9722246,190.54166666666666
2021-10-25,3.8055586000000003,214.5
2021-10-26,2.6944466,273.875
2021-10-27,3.1944470000000003,307.5416666666667
2021-10-28,6.611116400000001,163.25
2021-10-29,6.6388942,103.75
2021-10-30,4.111114400000001,173.375
2021-10-31,2.361113,201.83333333333334
2021-11-01,3.6944474000000005,299.4583333333333
2021-11-02,3.5277806000000003,274.3333333333333
2021-11-03,2.9722246,252.875
2021-11-04,2.5833354000000006,242.625
2021-11-05,3.611114,168.29166666666666
2021-11-06,6.611116400000001,51.958333333333336
2021-11-07,7.694450600000001,64.20833333333333
2021-11-08,8.472229,225.04166666666666
2021-11-09,6.194449400000001,266.5
2021-11-10,6.416671800000001,274.75
2021-11-11,5.611115600000001,277.75
2021-11-12,6.055560400000001,285.2916666666667
2021-11-13,4.250003400000001,272.1666666666667
2021-11-14,3.9166698,280.2083333333333
2021-11-15,2.4166686,280.5833333333333
2021-11-16,3.4444472000000004,319.625
2021-11-17,2.8611134000000003,300.2916666666667
2021-11-18,3.8055586000000003,289.5
2021-11-19,2.9722246,306.4166666666667
2021-11-20,2.6111132,223.125
2021-11-21,2.4722242000000003,239.70833333333334
2021-11-22,7.027783400000001,299.7916666666667
2021-11-23,8.4166734,274.625
2021-11-24,6.805561000000001,259.9166666666667
2021-11-25,6.555560800000001,267.75
2021-11-26,5.166670800000001,316.9166666666667
2021-11-27,3.6388918,228.58333333333334
2021-11-28,2.5000020000000003,248.45833333333334
2021-11-29,2.8611134000000003,289.2916666666667
2021-11-30,8.638895800000002,243.41666666666666
2021-12-01,7.861117400000001,293.75
2021-12-02,5.138893,284.2916666666667
2021-12-03,5.916671400000001,286.5
2021-12-04,8.1666732,275.2916666666667
2021-12-05,2.8611134000000003,219.125
2021-12-06,2.6944466,246.875
2021-12-07,6.0277826,167.54166666666666
2021-12-08,5.972227,98.33333333333333
2021-12-09,4.5555592,190.83333333333334
2021-12-10,3.8333364000000008,267.9583333333333
2021-12-11,2.5833354000000006,294.4583333333333
2021-12-12,6.833338800000001,307.0833333333333
2021-12-13,7.555561600000001,310.7916666666667
2021-12-14,4.0555588,286.5416666666667
2021-12-15,4.1944478,282.8333333333333
2021-12-16,2.3888908,286.25
2021-12-17,8.722229200000001,301.5416666666667
2021-12-18,7.388894800000001,288.1666666666667
2021-12-19,5.361115400000001,286.75
2021-12-20,7.0833390000000005,265.4166666666667
2021-12-21,3.8055586000000003,284.8333333333333
2021-12-22,3.333336,189.875
2021-12-23,2.6944466,296.1666666666667
2021-12-24,3.7777808000000004,301.25
2021-12-25,7.9722286,311.7916666666667
2021-12-26,8.0000064,306.375
2021-12-27,6.972227800000001,288.2916666666667
2021-12-28,3.611114,277.9583333333333
2021-12-29,6.305560600000001,287.625
2021-12-30,7.4166726,291.875
2021-12-31,5.555560000000001,302.9583333333333
2022-01-01,4.583337,277.2083333333333
2022-01-02,4.6944482,299.9166666666667
2022-01-03,4.138892200000001,309.0416666666667
2022-01-04,3.6944474000000005,318.125
2022-01-05,4.9722262,95.20833333333333
2022-01-06,4.277781200000001,304.2916666666667
2022-01-07,2.916669,304.625
2022-01-08,3.611114,302.5833333333333
2022-01-09,2.5833354000000006,256.125
2022-01-10,3.1388914000000003,283.0416666666667
2022-01-11,8.2500066,306.4583333333333
2022-01-12,8.027784200000001,305.4583333333333
2022-01-13,7.3333392,299.625
2022-01-14,7.861117400000001,311.5833333333333
2022-01-15,3.2777804000000006,303.2083333333333
2022-01-16,6.333338400000001,302.5416666666667
2022-01-17,6.0277826,293.9583333333333
2022-01-18,4.722226,320.3333333333333
2022-01-19,4.277781200000001,289.625
2022-01-20,5.8055602,156.95833333333334
2022-01-21,3.611114,166.20833333333334
2022-01-22,3.3888916,133.79166666666666
2022-01-23,6.972227800000001,136.45833333333334
2022-01-24,8.6944514,76.5
2022-01-25,3.8333364000000008,236.04166666666666
2022-01-26,4.944448400000001,312.9583333333333
2022-01-27,2.916669,300.4166666666667
2022-01-28,4.5277814,318.4166666666667
2022-01-29,5.7500046000000005,317.4583333333333
2022-01-30,4.666670400000001,280.6666666666667
2022-01-31,4.750003800000001,299.2083333333333
2022-02-01,8.138895400000001,294.25
2022-02-02,5.7777824,308.75
2022-02-03,5.7777824,314.5416666666667
2022-02-04,6.277782800000001,301.7083333333333
2022-02-05,7.0833390000000005,293.5833333333333
2022-02-06,7.222228,290.7083333333333
2022-02-07,5.305559800000001,316.9583333333333
2022-02-08,3.6666696,332.75
2022-02-09,3.8333364000000008,187.33333333333334
2022-02-10,3.7500030000000004,325.625
2022-02-11,3.5277806000000003,225.33333333333334
2022-02-12,4.583337,177.75
2022-02-13,6.0277826,22.583333333333332
2022-02-14,5.7222268000000005,123.29166666666667
2022-02-15,6.7777832,285.6666666666667
2022-02-16,7.1944502,287.0
2022-02-17,7.388894800000001,317.875
2022-02-18,4.583337,169.125
2022-02-19,4.3611146000000005,309.4166666666667
2022-02-20,8.3611178,309.3333333333333
2022-02-21,6.416671800000001,274.375
2022-02-22,5.500004400000001,300.0833333333333
2022-02-23,6.055560400000001,322.4166666666667
2022-02-24,6.4444496000000004,312.625
2022-02-25,5.2500042,278.9166666666667
2022-02-26,8.500006800000001,262.5416666666667
2022-02-27,8.333340000000002,268.5416666666667
2022-02-28,4.138892200000001,265.125
2022-03-01,4.666670400000001,275.7916666666667
2022-03-02,5.444448800000001,294.2083333333333
2022-03-03,5.916671400000001,267.375
2022-03-04,8.138895400000001,260.0833333333333
2022-03-05,9.166674,285.25
2022-03-06,5.972227,306.2083333333333
2022-03-07,3.611114,134.20833333333334
2022-03-08,6.277782800000001,277.5833333333333
2022-03-09,5.972227,185.41666666666666
2022-03-10,5.8888936,267.4166666666667
2022-03-11,5.361115400000001,252.66666666666666
2022-03-12,5.2500042,227.29166666666666
2022-03-13,6.3611162000000006,205.66666666666666
2022-03-14,5.833338,127.16666666666667
2022-03-15,4.916670600000001,207.04166666666666
2022-03-16,3.9444476,228.20833333333334
2022-03-17,9.583341,44.833333333333336
2022-03-18,11.694453800000002,37.583333333333336
2022-03-19,5.2500042,176.25
2022-03-20,3.5555584000000007,220.70833333333334
2022-03-21,4.5000036,216.625
2022-03-22,8.666673600000001,155.83333333333334
2022-03-23,4.0555588,265.6666666666667
2022-03-24,5.9444492,267.625
2022-03-25,5.583337800000001,188.20833333333334
2022-03-26,11.861120600000001,202.375
2022-03-27,7.1944502,263.8333333333333
2022-03-28,6.1666716,109.125
2022-03-29,3.0277802000000005,155.25
2022-03-30,3.2777804000000006,256.0833333333333
2022-03-31,7.222228,38.875
2022-04-01,6.888894400000001,50.166666666666664
2022-04-02,4.611114800000001,203.5
2022-04-03,3.8888920000000002,192.20833333333334
2022-04-04,4.583337,242.16666666666666
2022-04-05,5.1111152,263.2916666666667
2022-04-06,4.888892800000001,220.625
2022-04-07,5.861115800000001,266.8333333333333
2022-04-08,4.2222256,150.58333333333334
2022-04-09,6.805561000000001,247.16666666666666
2022-04-10,5.8055602,242.875
2022-04-11,4.916670600000001,235.375
2022-04-12,6.333338400000001,231.83333333333334
2022-04-13,10.194452600000002,67.70833333333333
2022-04-14,10.5000084,36.833333333333336
2022-04-15,8.3055622,37.583333333333336
2022-04-16,5.305559800000001,89.875
2022-04-17,6.750005400000001,265.375
2022-04-18,4.444448,254.25
2022-04-19,4.0555588,236.45833333333334
2022-04-20,5.555560000000001,246.5
2022-04-21,3.6388918,254.29166666666666
2022-04-22,8.638895800000002,245.83333333333334
2022-04-23,6.750005400000001,133.45833333333334
2022-04-24,5.2500042,208.08333333333334
2022-04-25,3.5000028000000003,223.75
2022-04-26,10.138897,223.625
2022-04-27,8.194451,134.58333333333334
2022-04-28,8.277784400000002,44.291666666666664
2022-04-29,9.638896600000002,25.916666666666668
2022-04-30,4.1944478,116.16666666666667
2022-05-01,4.611114800000001,216.54166666666666
2022-05-02,5.444448800000001,215.375
2022-05-03,6.0833382,245.375
2022-05-04,6.3888940000000005,243.91666666666666
2022-05-05,5.0277818000000005,242.16666666666666
2022-05-06,4.166670000000001,223.58333333333334
2022-05-07,8.138895400000001,203.54166666666666
2022-05-08,7.166672400000001,56.875
2022-05-09,7.4166726,44.666666666666664
2022-05-10,7.3333392,45.291666666666664
2022-05-11,3.333336,146.25
2022-05-12,5.4722266,58.791666666666664
2022-05-13,5.7222268000000005,41.166666666666664
2022-05-14,6.611116400000001,214.33333333333334
2022-05-15,5.833338,192.45833333333334
2022-05-16,7.111116800000001,262.2083333333333
2022-05-17,6.111116000000001,249.20833333333334
2022-05-18,6.194449400000001,242.91666666666666
2022-05-19,5.9444492,245.58333333333334
2022-05-20,5.916671400000001,240.54166666666666
2022-05-21,4.611114800000001,214.66666666666666
2022-05-22,6.305560600000001,227.33333333333334
2022-05-23,4.3888924000000005,119.83333333333333
2022-05-24,3.6944474000000005,198.95833333333334
2022-05-25,5.555560000000001,223.91666666666666
2022-05-26,5.6944490000000005,228.41666666666666
2022-05-27,7.555561600000001,260.9583333333333
2022-05-28,7.111116800000001,249.625
2022-05-29,4.6944482,235.0
2022-05-30,2.8333356,160.08333333333334
2022-05-31,5.916671400000001,229.41666666666666
2022-06-01,4.1944478,219.875
2022-06-02,6.4722274,230.25
2022-06-03,7.388894800000001,122.125
2022-06-04,6.138893800000001,53.083333333333336
2022-06-05,8.194451,47.0
2022-06-06,7.527783800000001,34.5
2022-06-07,6.0277826,55.583333333333336
2022-06-08,5.7777824,53.5
2022-06-09,4.4166702,51.291666666666664
2022-06-10,3.7222252000000005,82.875
2022-06-11,6.416671800000001,37.958333333333336
2022-06-12,6.7222276,45.5
2022-06-13,8.1666732,48.666666666666664
2022-06-14,8.9722294,48.875
2022-06-15,6.750005400000001,192.125
2022-06-16,6.0833382,233.29166666666666
2022-06-17,5.416671000000001,234.70833333333334
2022-06-18,6.305560600000001,235.125
2022-06-19,6.2222272,230.625
2022-06-20,3.8611142000000003,214.0
2022-06-21,4.3611146000000005,95.29166666666667
2022-06-22,6.000004800000001,232.66666666666666
2022-06-23,9.0000072,219.58333333333334
2022-06-24,11.861120600000001,224.375
2022-06-25,8.138895400000001,224.79166666666666
2022-06-26,7.611117200000001,222.375
2022-06-27,7.250005800000001,215.75
2022-06-28,9.222229600000002,215.875
2022-06-29,8.750007,219.54166666666666
2022-06-30,7.222228,229.45833333333334
2022-07-01,3.4722250000000003,228.41666666666666
2022-07-02,3.2777804000000006,138.41666666666666
2022-07-03,2.6944466,106.625
2022-07-04,4.305559000000001,158.20833333333334
2022-07-05,4.0555588,63.291666666666664
2022-07-06,2.916669,125.54166666666667
2022-07-07,5.416671000000001,196.45833333333334
2022-07-08,6.194449400000001,227.95833333333334
2022-07-09,3.3888916,166.70833333333334
2022-07-10,4.861115000000001,67.0
2022-07-11,2.7777800000000004,171.70833333333334
2022-07-12,6.2222272,46.75
2022-07-13,3.611114,104.5
2022-07-14,6.805561000000001,188.83333333333334
2022-07-15,5.916671400000001,217.29166666666666
2022-07-16,4.1944478,199.33333333333334
2022-07-17,5.611115600000001,197.16666666666666
2022-07-18,7.1944502,181.875
2022-07-19,3.1388914000000003,148.16666666666666
2022-07-20,5.1111152,244.79166666666666
2022-07-21,9.0000072,234.29166666666666
2022-07-22,4.722226,176.625
2022-07-23,3.333336,94.0
2022-07-24,6.750005400000001,205.54166666666666
2022-07-25,4.138892200000001,143.5
2022-07-26,4.6388926,63.291666666666664
2022-07-27,5.916671400000001,47.583333333333336
2022-07-28,5.2500042,51.333333333333336
2022-07-29,6.111116000000001,44.041666666666664
2022-07-30,6.0833382,45.666666666666664
2022-07-31,5.444448800000001,124.75
2022-08-01,8.500006800000001,161.79166666666666
2022-08-02,8.138895400000001,219.91666666666666
2022-08-03,6.833338800000001,240.0
2022-08-04,4.4722258,249.70833333333334
2022-08-05,4.6388926,252.54166666666666
2022-08-06,3.8888920000000002,240.75
2022-08-07,6.861116600000001,230.16666666666666
2022-08-08,7.0833390000000005,231.29166666666666
2022-08-09,7.4166726,229.29166666666666
2022-08-10,7.027783400000001,230.58333333333334
2022-08-11,7.0833390000000005,229.33333333333334
2022-08-12,4.8333372,231.08333333333334
2022-08-13,5.3333376,174.5
2022-08-14,6.611116400000001,233.45833333333334
2022-08-15,8.9722294,231.08333333333334
2022-08-16,7.555561600000001,255.16666666666666
2022-08-17,4.722226,99.45833333333333
2022-08-18,3.0277802000000005,193.83333333333334
2022-08-19,6.2222272,239.08333333333334
2022-08-20,6.1666716,220.33333333333334
2022-08-21,6.833338800000001,38.625
2022-08-22,3.5277806000000003,159.70833333333334
2022-08-23,4.305559000000001,230.75
2022-08-24,8.333340000000002,33.791666666666664
2022-08-25,5.0555596000000005,264.625
2022-08-26,3.7500030000000004,235.75
2022-08-27,4.722226,255.45833333333334
2022-08-28,6.2222272,35.041666666666664
2022-08-29,4.3888924000000005,39.041666666666664
2022-08-30,5.361115400000001,34.291666666666664
2022-08-31,5.277782,67.45833333333333
2022-09-01,6.250005000000001,29.291666666666668
2022-09-02,8.3611178,47.416666666666664
2022-09-03,8.6944514,51.25
2022-09-04,5.7777824,65.58333333333333
2022-09-05,9.6944522,101.16666666666667
2022-09-06,20.416683000000003,240.125
2022-09-07,4.027781,167.45833333333334
2022-09-08,6.5833386,42.208333333333336
2022-09-09,6.944450000000001,35.166666666666664
2022-09-10,7.861117400000001,43.375
2022-09-11,5.444448800000001,41.166666666666664
2022-09-12,5.305559800000001,34.833333333333336
2022-09-13,8.916673800000002,38.166666666666664
2022-09-14,10.611119600000002,41.791666666666664
2022-09-15,9.1388962,46.416666666666664
2022-09-16,6.555560800000001,54.541666666666664
2022-09-17,5.4722266,35.625
2022-09-18,13.611122000000002,30.833333333333332
2022-09-19,14.416678200000002,100.95833333333333
2022-09-20,8.500006800000001,34.0
2022-09-21,7.166672400000001,40.958333333333336
2022-09-22,5.000004000000001,91.75
2022-09-23,5.8888936,247.45833333333334
2022-09-24,6.138893800000001,168.5
2022-09-25,5.166670800000001,43.625
2022-09-26,3.611114,90.25
2022-09-27,5.444448800000001,25.416666666666668
2022-09-28,4.111114400000001,82.79166666666667
2022-09-29,3.4166694000000004,242.91666666666666
2022-09-30,2.5277798000000002,228.0
2022-10-01,3.1111136,277.4166666666667
2022-10-02,3.3888916,123.41666666666667
2022-10-03,8.1111176,213.79166666666666
2022-10-04,8.777784800000001,158.91666666666666
2022-10-05,6.750005400000001,41.291666666666664
2022-10-06,4.166670000000001,88.125
2022-10-07,6.944450000000001,184.16666666666666
2022-10-08,7.8888952,45.875
2022-10-09,4.8333372,88.0
2022-10-10,7.555561600000001,282.25
2022-10-11,9.0000072,289.0416666666667
2022-10-12,7.0555612000000005,144.33333333333334
2022-10-13,7.444450400000001,48.458333333333336
2022-10-14,5.5277822,44.583333333333336
2022-10-15,5.0555596000000005,101.41666666666667
2022-10-16,3.5000028000000003,134.04166666666666
2022-10-17,7.527783800000001,315.0416666666667
2022-10-18,6.694449800000001,324.2083333333333
2022-10-19,4.1944478,263.2083333333333
2022-10-20,2.5833354000000006,259.0
2022-10-21,4.8333372,279.2916666666667
2022-10-22,4.111114400000001,281.5833333333333
2022-10-23,5.916671400000001,219.95833333333334
2022-10-24,6.333338400000001,256.625
2022-10-25,7.166672400000001,102.45833333333333
2022-10-26,4.666670400000001,176.70833333333334
2022-10-27,2.6944466,273.75
2022-10-28,6.305560600000001,83.0
2022-10-29,6.333338400000001,45.333333333333336
2022-10-30,6.5000052,36.375
2022-10-31,5.9444492,35.541666666666664
2022-11-01,3.8055586000000003,218.83333333333334
2022-11-02,2.6111132,255.0
2022-11-03,3.1111136,293.2083333333333
2022-11-04,6.250005000000001,318.5416666666667
2022-11-05,4.611114800000001,319.8333333333333
2022-11-06,2.7777800000000004,275.0
2022-11-07,2.1111128,297.2083333333333
2022-11-08,1.9722238,284.0416666666667
2022-11-09,3.9166698,282.1666666666667
2022-11-10,2.8333356,221.16666666666666
2022-11-11,4.4166702,40.5
2022-11-12,5.6666712,120.75
2022-11-13,7.7222284000000005,188.45833333333334
2022-11-14,7.638895000000001,134.625
2022-11-15,4.611114800000001,304.125
2022-11-16,4.0000032,304.625
2022-11-17,2.361113,252.83333333333334
2022-11-18,4.138892200000001,169.0
2022-11-19,5.7500046000000005,49.291666666666664
2022-11-20,3.9166698,43.25
2022-11-21,2.6111132,269.2916666666667
2022-11-22,4.805559400000001,106.625
2022-11-23,4.944448400000001,322.5416666666667
2022-11-24,2.5000020000000003,290.0416666666667
2022-11-25,4.3333368000000005,283.9583333333333
2022-11-26,3.6666696,319.9166666666667
2022-11-27,3.333336,148.33333333333334
2022-11-28,7.305561400000001,164.66666666666666
2022-11-29,10.611119600000002,285.25
2022-11-30,10.194452600000002,319.6666666666667
2022-12-01,9.861119,320.4166666666667
2022-12-02,3.0555580000000004,321.5
2022-12-03,2.9444468,295.8333333333333
2022-12-04,4.888892800000001,325.9583333333333
2022-12-05,5.3888932,322.25
2022-12-06,5.9444492,287.5833333333333
2022-12-07,5.000004000000001,278.4166666666667
2022-12-08,3.4444472000000004,307.8333333333333
2022-12-09,1.9444460000000001,306.2916666666667
2022-12-10,4.6388926,317.8333333333333
2022-12-11,5.0833374000000005,276.875
2022-12-12,5.583337800000001,194.33333333333334
2022-12-13,7.222228,277.75
2022-12-14,6.7222276,311.9166666666667
2022-12-15,4.611114800000001,279.5833333333333
2022-12-16,4.111114400000001,322.0416666666667
2022-12-17,6.2222272,292.125
2022-12-18,5.583337800000001,311.0
2022-12-19,3.1388914000000003,285.0833333333333
2022-12-20,3.1944470000000003,315.875
2022-12-21,3.6666696,288.3333333333333
2022-12-22,6.7777832,299.5833333333333
2022-12-23,10.8611198,287.4583333333333
2022-12-24,7.166672400000001,306.5416666666667
2022-12-25,5.638893400000001,303.375
2022-12-26,4.5000036,313.7916666666667
2022-12-27,3.4444472000000004,308.5
2022-12-28,4.305559000000001,306.625
2022-12-29,4.111114400000001,292.3333333333333
2022-12-30,4.0000032,302.375
2022-12-31,5.2222264,300.2916666666667
2023-01-01,4.0000032,300.0833333333333
2023-01-02,6.1666716,309.2916666666667
2023-01-03,5.4722266,309.0416666666667
2023-01-04,6.5833386,312.4583333333333
2023-01-05,3.2222248000000002,298.3333333333333
2023-01-06,2.916669,292.0833333333333
2023-01-07,6.7777832,290.625
2023-01-08,3.3888916,288.7083333333333
2023-01-09,4.0555588,301.7916666666667
2023-01-10,4.305559000000001,172.5
2023-01-11,3.5833362000000006,285.0416666666667
2023-01-12,3.0277802000000005,211.08333333333334
2023-01-13,10.9166754,215.58333333333334
2023-01-14,8.083339800000001,32.958333333333336
2023-01-15,6.5833386,195.95833333333334
2023-01-16,6.5000052,317.2083333333333
2023-01-17,4.1944478,313.2916666666667
2023-01-18,4.3611146000000005,317.9166666666667
2023-01-19,3.8333364000000008,284.6666666666667
2023-01-20,7.861117400000001,291.0833333333333
2023-01-21,3.8611142000000003,316.5833333333333
2023-01-22,3.5000028000000003,126.04166666666667
2023-01-23,4.6944482,287.2916666666667
2023-01-24,9.722230000000001,307.5
2023-01-25,9.638896600000002,302.9166666666667
2023-01-26,3.1944470000000003,294.5
2023-01-27,8.2500066,313.4166666666667
2023-01-28,8.888896,293.0833333333333
2023-01-29,4.916670600000001,276.7916666666667
2023-01-30,5.861115800000001,299.9166666666667
2023-01-31,5.2500042,277.5
2023-02-01,6.1666716,295.7916666666667
2023-02-02,4.5555592,179.125
2023-02-03,3.7500030000000004,256.3333333333333
2023-02-04,5.6666712,319.875
2023-02-05,3.2777804000000006,294.3333333333333
2023-02-06,2.0555572000000004,190.79166666666666
2023-02-07,5.5277822,36.75
2023-02-08,4.3611146000000005,270.9166666666667
2023-02-09,6.694449800000001,88.08333333333333
2023-02-10,4.4166702,234.25
2023-02-11,2.6111132,251.08333333333334
2023-02-12,7.8333396,183.08333333333334
2023-02-13,8.0000064,28.0
2023-02-14,7.611117200000001,67.41666666666667
2023-02-15,7.861117400000001,46.208333333333336
2023-02-16,4.4166702,147.33333333333334
2023-02-17,2.5000020000000003,266.375
2023-02-18,4.3888924000000005,205.83333333333334
2023-02-19,6.750005400000001,292.0416666666667
2023-02-20,6.944450000000001,302.4166666666667
2023-02-21,5.861115800000001,150.58333333333334
2023-02-22,3.4166694000000004,149.375
2023-02-23,3.9444476,271.3333333333333
2023-02-24,3.5000028000000003,305.9583333333333
2023-02-25,4.666670400000001,226.58333333333334
2023-02-26,3.5000028000000003,246.125
2023-02-27,4.4722258,275.4583333333333
2023-02-28,7.0833390000000005,249.41666666666666
2023-03-01,5.7222268000000005,277.2916666666667
2023-03-02,5.1944486,306.0416666666667
2023-03-03,4.916670600000001,286.7083333333333
2023-03-04,6.5833386,157.45833333333334
2023-03-05,4.6388926,159.20833333333334
2023-03-06,5.638893400000001,269.375
2023-03-07,6.944450000000001,253.20833333333334
2023-03-08,7.583339400000001,244.875
2023-03-09,6.5833386,228.29166666666666
2023-03-10,4.611114800000001,128.375
2023-03-11,4.3888924000000005,250.41666666666666
2023-03-12,8.138895400000001,249.66666666666666
2023-03-13,6.944450000000001,287.3333333333333
2023-03-14,5.1111152,243.20833333333334
2023-03-15,8.5277846,229.66666666666666
2023-03-16,5.416671000000001,170.79166666666666
2023-03-17,6.6388942,36.75
2023-03-18,4.166670000000001,117.375
2023-03-19,4.5277814,256.0416666666667
2023-03-20,5.7222268000000005,256.0833333333333
2023-03-21,4.5000036,141.66666666666666
2023-03-22,4.6944482,60.708333333333336
2023-03-23,7.3333392,86.54166666666667
2023-03-24,8.0000064,42.208333333333336
2023-03-25,6.694449800000001,45.291666666666664
2023-03-26,3.7500030000000004,137.125
2023-03-27,3.7777808000000004,242.5
2023-03-28,5.1111152,263.6666666666667
2023-03-29,4.0555588,206.29166666666666
2023-03-30,3.611114,253.91666666666666
2023-03-31,5.6944490000000005,167.25
2023-04-01,6.000004800000001,38.458333333333336
2023-04-02,10.027785800000002,35.083333333333336
2023-04-03,8.5833402,48.083333333333336
2023-04-04,6.111116000000001,78.875
2023-04-05,11.1944534,177.0
2023-04-06,6.555560800000001,246.875
2023-04-07,5.9444492,293.4583333333333
2023-04-08,6.833338800000001,288.9583333333333
2023-04-09,5.6666712,260.2083333333333
2023-04-10,7.0833390000000005,241.04166666666666
2023-04-11,10.611119600000002,228.08333333333334
2023-04-12,5.8055602,248.70833333333334
2023-04-13,5.138893,238.45833333333334
2023-04-14,3.3611138,202.875
2023-04-15,5.0555596000000005,130.70833333333334
2023-04-16,4.6388926,159.75
2023-04-17,5.1944486,253.54166666666666
2023-04-18,8.5277846,212.08333333333334
2023-04-19,4.861115000000001,122.41666666666667
2023-04-20,5.416671000000001,251.875
2023-04-21,10.194452600000002,77.04166666666667
2023-04-22,9.361118600000001,55.083333333333336
2023-04-23,6.611116400000001,46.333333333333336
2023-04-24,6.666672,57.708333333333336
2023-04-25,5.7222268000000005,90.25
2023-04-26,6.055560400000001,280.0
2023-04-27,3.4166694000000004,150.54166666666666
2023-04-28,6.305560600000001,236.83333333333334
2023-04-29,7.527783800000001,224.25
2023-04-30,6.250005000000001,254.33333333333334
2023-05-01,5.3333376,266.0416666666667
2023-05-02,3.3055582000000006,179.16666666666666
2023-05-03,5.1111152,234.25
2023-05-04,5.138893,205.375
2023-05-05,10.2500082,185.25
2023-05-06,11.111120000000001,93.95833333333333
2023-05-07,9.861119,34.375
2023-05-08,6.5000052,101.41666666666667
2023-05-09,4.0000032,271.5
2023-05-10,3.9722254000000006,152.0
2023-05-11,6.5833386,40.166666666666664
2023-05-12,3.8888920000000002,110.79166666666667
2023-05-13,4.0000032,123.79166666666667
2023-05-14,2.9722246,233.54166666666666
2023-05-15,5.0277818000000005,241.375
2023-05-16,5.6944490000000005,241.375
2023-05-17,5.3333376,239.41666666666666
2023-05-18,5.1944486,140.75
2023-05-19,7.8888952,41.708333333333336
2023-05-20,5.0833374000000005,94.20833333333333
2023-05-21,5.6666712,251.08333333333334
2023-05-22,4.750003800000001,173.79166666666666
2023-05-23,5.166670800000001,139.875
2023-05-24,3.0555580000000004,133.70833333333334
2023-05-25,3.1111136,135.5
2023-05-26,3.7777808000000004,220.54166666666666
2023-05-27,5.416671000000001,222.29166666666666
2023-05-28,6.4444496000000004,219.66666666666666
2023-05-29,5.444448800000001,169.75
2023-05-30,6.7777832,49.166666666666664
2023-05-31,6.5833386,42.708333333333336
2023-06-01,3.0000024000000005,120.20833333333333
2023-06-02,4.7777816,181.0
2023-06-03,4.3333368000000005,150.125
2023-06-04,4.583337,271.7916666666667
2023-06-05,3.2222248000000002,283.7916666666667
2023-06-06,4.277781200000001,220.5
2023-06-07,4.4722258,243.95833333333334
2023-06-08,5.2222264,201.16666666666666
2023-06-09,5.916671400000001,231.95833333333334
2023-06-10,3.4444472000000004,188.91666666666666
2023-06-11,4.2222256,145.95833333333334
2023-06-12,3.5833362000000006,167.41666666666666
2023-06-13,3.333336,199.91666666666666
2023-06-14,3.6666696,79.625
2023-06-15,2.9722246,160.125
2023-06-16,5.305559800000001,253.83333333333334
2023-06-17,5.861115800000001,244.83333333333334
2023-06-18,3.6944474000000005,195.70833333333334
2023-06-19,7.9722286,38.25
2023-06-20,6.0277826,55.208333333333336
2023-06-21,6.1666716,165.66666666666666
2023-06-22,4.277781200000001,204.95833333333334
2023-06-23,4.3333368000000005,133.41666666666666
2023-06-24,4.7777816,53.916666666666664
2023-06-25,3.9722254000000006,71.08333333333333
2023-06-26,7.388894800000001,210.83333333333334
2023-06-27,9.222229600000002,227.33333333333334
2023-06-28,7.0833390000000005,226.04166666666666
2023-06-29,8.666673600000001,225.625
2023-06-30,7.222228,203.875
2023-07-01,4.277781200000001,95.25
2023-07-02,5.4722266,247.66666666666666
2023-07-03,3.7500030000000004,127.375
2023-07-04,3.7222252000000005,108.79166666666667
2023-07-05,6.333338400000001,235.04166666666666
2023-07-06,4.944448400000001,250.25
2023-07-07,7.7500062000000005,176.70833333333334
2023-07-08,2.5833354000000006,166.58333333333334
2023-07-09,6.0833382,156.5
2023-07-10,6.7222276,217.91666666666666
2023-07-11,6.972227800000001,226.5
2023-07-12,6.3611162000000006,227.20833333333334
2023-07-13,7.0555612000000005,237.5
2023-07-14,11.3333424,216.08333333333334
2023-07-15,9.7500078,225.0
2023-07-16,7.527783800000001,224.0
2023-07-17,6.138893800000001,232.66666666666666
2023-07-18,6.305560600000001,186.625
2023-07-19,5.416671000000001,95.83333333333333
2023-07-20,3.4722250000000003,208.33333333333334
2023-07-21,4.3333368000000005,91.08333333333333
2023-07-22,3.8333364000000008,114.91666666666667
2023-07-23,7.305561400000001,204.375
2023-07-24,8.277784400000002,215.79166666666666
2023-07-25,5.8888936,226.04166666666666
2023-07-26,3.6666696,243.95833333333334
2023-07-27,3.3055582000000006,224.70833333333334
2023-07-28,2.0555572000000004,188.95833333333334
2023-07-29,2.8333356,193.66666666666666
2023-07-30,4.0555588,198.0
2023-07-31,3.7777808000000004,192.45833333333334
2023-08-01,3.8333364000000008,49.583333333333336
2023-08-02,3.0000024000000005,105.04166666666667
2023-08-03,3.9444476,224.375
2023-08-04,3.5277806000000003,224.08333333333334
2023-08-05,3.7777808000000004,109.375
2023-08-06,6.333338400000001,48.5
2023-08-07,7.7222284000000005,33.583333333333336
2023-08-08,9.333340800000002,32.166666666666664
2023-08-09,11.388898000000001,34.125
2023-08-10,16.3055686,157.66666666666666
2023-08-11,6.611116400000001,216.0
2023-08-12,3.7222252000000005,173.79166666666666
2023-08-13,4.6944482,43.916666666666664
2023-08-14,5.6944490000000005,33.208333333333336
2023-08-15,6.194449400000001,24.0
2023-08-16,2.8333356,75.58333333333333
2023-08-17,5.5277822,43.125
2023-08-18,3.9444476,41.375
2023-08-19,4.611114800000001,121.20833333333333
2023-08-20,3.3888916,169.04166666666666
2023-08-21,2.8888912,177.875
2023-08-22,5.1944486,229.08333333333334
2023-08-23,6.0833382,186.41666666666666
2023-08-24,6.666672,190.29166666666666
2023-08-25,5.7222268000000005,236.375
2023-08-26,3.8611142000000003,142.66666666666666
2023-08-27,6.2222272,38.375
2023-08-28,6.805561000000001,54.458333333333336
2023-08-29,8.555562400000001,186.29166666666666
2023-08-30,5.5277822,211.45833333333334
2023-08-31,4.611114800000001,201.83333333333334
2023-09-01,3.5000028000000003,151.75
2023-09-02,4.6388926,110.95833333333333
2023-09-03,4.4722258,44.791666666666664
2023-09-04,5.7500046000000005,32.875
2023-09-05,7.9722286,29.875
2023-09-06,7.638895000000001,24.958333333333332
2023-09-07,8.9444516,29.458333333333332
2023-09-08,6.2222272,58.5
2023-09-09,4.1944478,120.125
2023-09-10,4.5277814,108.45833333333333
2023-09-11,3.6944474000000005,89.16666666666667
2023-09-12,2.6111132,181.75
2023-09-13,4.611114800000001,40.458333333333336
2023-09-14,6.277782800000001,47.25
2023-09-15,6.4722274,54.833333333333336
2023-09-16,3.4166694000000004,120.20833333333333
2023-09-17,5.833338,231.41666666666666
2023-09-18,4.2222256,240.875
2023-09-19,4.027781,258.1666666666667
2023-09-20,8.8055626,207.83333333333334
2023-09-21,9.0555628,66.58333333333333
2023-09-22,4.722226,44.458333333333336
2023-09-23,7.7777840000000005,143.16666666666666
2023-09-24,9.472229800000001,44.708333333333336
2023-09-25,6.0277826,31.041666666666668
2023-09-26,4.3611146000000005,76.875
2023-09-27,3.2777804000000006,260.2916666666667
2023-09-28,4.027781,298.0416666666667
2023-09-29,3.7222252000000005,209.83333333333334
2023-09-30,4.5000036,294.9166666666667
2023-10-01,4.3888924000000005,277.2916666666667
2023-10-02,4.111114400000001,211.04166666666666
2023-10-03,4.3888924000000005,71.29166666666667
2023-10-04,3.333336,293.5
2023-10-05,5.8888936,314.4583333333333
2023-10-06,2.6666688,235.875
2023-10-07,5.0833374000000005,91.58333333333333
2023-10-08,7.305561400000001,56.0
2023-10-09,6.333338400000001,82.91666666666667
2023-10-10,6.111116000000001,183.41666666666666
2023-10-11,6.4444496000000004,61.083333333333336
2023-10-12,5.8888936,153.375
2023-10-13,4.444448,145.91666666666666
2023-10-14,4.3611146000000005,281.2916666666667
2023-10-15,5.8055602,297.5416666666667
2023-10-16,3.3611138,300.75
2023-10-17,3.7777808000000004,260.75
2023-10-18,5.0555596000000005,270.875
2023-10-19,5.166670800000001,249.79166666666666
2023-10-20,7.2777836,310.7916666666667
2023-10-21,8.083339800000001,296.5833333333333
2023-10-22,3.8888920000000002,298.6666666666667
2023-10-23,3.5277806000000003,274.8333333333333
2023-10-24,3.9722254000000006,272.625
2023-10-25,2.6111132,269.2083333333333
2023-10-26,4.1944478,279.7083333333333
2023-10-27,6.0833382,209.375
2023-10-28,4.1944478,187.91666666666666
2023-10-29,5.2500042,65.5
2023-10-30,3.1388914000000003,282.3333333333333
2023-10-31,3.9722254000000006,276.9166666666667
2023-11-01,6.4444496000000004,256.4583333333333
2023-11-02,4.8333372,249.875
2023-11-03,5.583337800000001,237.08333333333334
2023-11-04,5.0277818000000005,141.41666666666666
2023-11-05,5.4722266,79.58333333333333
2023-11-06,12.7500102,230.83333333333334
2023-11-07,6.666672,284.9166666666667
2023-11-08,3.0833358,158.58333333333334
2023-11-09,3.8333364000000008,236.08333333333334
2023-11-10,5.1111152,317.625
2023-11-11,5.305559800000001,304.5416666666667
2023-11-12,6.972227800000001,315.0833333333333
2023-11-13,6.333338400000001,304.9166666666667
2023-11-14,3.9166698,300.6666666666667
2023-11-15,3.4722250000000003,307.375
2023-11-16,3.8611142000000003,290.9583333333333
2023-11-17,6.250005000000001,286.4166666666667
2023-11-18,8.888896,287.9583333333333
2023-11-19,5.305559800000001,260.1666666666667
2023-11-20,4.0833366,230.29166666666666
2023-11-21,4.611114800000001,286.0416666666667
2023-11-22,5.555560000000001,270.5
2023-11-23,7.4166726,252.08333333333334
2023-11-24,6.3611162000000006,313.1666666666667
2023-11-25,5.6666712,231.54166666666666
2023-11-26,3.1944470000000003,308.125
2023-11-27,6.277782800000001,286.75
2023-11-28,6.861116600000001,292.1666666666667
2023-11-29,6.305560600000001,278.4166666666667
2023-11-30,6.694449800000001,312.5416666666667
2023-12-01,7.611117200000001,300.875
2023-12-02,7.527783800000001,284.75
2023-12-03,4.750003800000001,302.5416666666667
2023-12-04,2.8888912,298.6666666666667
2023-12-05,2.222224,249.45833333333334
2023-12-06,6.3611162000000006,277.1666666666667
2023-12-07,7.7500062000000005,255.91666666666666
2023-12-08,9.1388962,250.875
2023-12-09,5.583337800000001,254.45833333333334
2023-12-10,6.111116000000001,107.83333333333333
2023-12-11,7.222228,76.08333333333333
2023-12-12,10.472230600000001,27.333333333333332
2023-12-13,5.583337800000001,36.041666666666664
2023-12-14,5.0833374000000005,50.625
2023-12-15,6.805561000000001,118.20833333333333
2023-12-16,9.500007600000002,264.2083333333333
2023-12-17,6.694449800000001,306.75
2023-12-18,7.7222284000000005,318.5833333333333
2023-12-19,2.6944466,320.0833333333333
2023-12-20,5.8888936,305.4166666666667
2023-12-21,6.944450000000001,303.9166666666667
2023-12-22,8.0000064,301.4166666666667
2023-12-23,7.7500062000000005,315.5416666666667
2023-12-24,3.7500030000000004,322.2916666666667
2023-12-25,6.0833382,294.7916666666667
2023-12-26,3.6388918,278.5
2023-12-27,2.1111128,265.1666666666667
2023-12-28,4.0555588,312.5
2023-12-29,4.805559400000001,296.2083333333333
2023-12-30,3.0555580000000004,263.25
2023-12-31,8.888896,296.1666666666667
2024-01-01,5.7777824,84.70833333333333
2024-01-02,3.8611142000000003,303.5833333333333
2024-01-03,6.138893800000001,307.0
2024-01-04,3.4444472000000004,282.5416666666667
2024-01-05,5.3888932,277.625
2024-01-06,4.166670000000001,319.6666666666667
2024-01-07,6.5000052,304.0416666666667
2024-01-08,4.4166702,289.4166666666667
2024-01-09,3.1111136,296.375
2024-01-10,7.0555612000000005,164.25
2024-01-11,4.5000036,297.3333333333333
2024-01-12,3.8333364000000008,299.1666666666667
2024-01-13,5.0555596000000005,221.375
2024-01-14,7.8333396,281.875
2024-01-15,5.0277818000000005,315.375
2024-01-16,4.166670000000001,187.04166666666666
2024-01-17,3.1666692000000003,302.9166666666667
2024-01-18,9.444452,143.70833333333334
2024-01-19,9.861119,44.5
2024-01-20,10.333341600000002,48.583333333333336
2024-01-21,8.8611182,49.5
2024-01-22,8.4166734,303.0833333333333
2024-01-23,9.222229600000002,291.6666666666667
2024-01-24,8.777784800000001,300.875
2024-01-25,6.277782800000001,307.7083333333333
2024-01-26,4.4166702,311.25
2024-01-27,3.7222252000000005,309.625
2024-01-28,5.7222268000000005,321.9166666666667
2024-01-29,3.1111136,307.0
2024-01-30,2.9444468,205.08333333333334
2024-01-31,2.6944466,223.54166666666666
2024-02-01,8.0000064,142.41666666666666
2024-02-02,7.500006000000001,44.583333333333336
2024-02-03,5.7222268000000005,45.375
2024-02-04,6.944450000000001,45.5
2024-02-05,11.1944534,47.666666666666664
2024-02-06,6.111116000000001,94.875
2024-02-07,5.555560000000001,181.16666666666666
2024-02-08,3.611114,284.8333333333333
2024-02-09,4.305559000000001,311.4583333333333
2024-02-10,6.000004800000001,298.9166666666667
2024-02-11,6.5000052,290.2083333333333
2024-02-12,4.722226,272.4166666666667
2024-02-13,8.888896,257.5833333333333
2024-02-14,5.3888932,235.875
2024-02-15,7.0833390000000005,250.33333333333334
2024-02-16,5.7500046000000005,50.083333333333336
2024-02-17,3.333336,273.9583333333333
2024-02-18,4.3611146000000005,212.08333333333334
2024-02-19,8.666673600000001,229.54166666666666
2024-02-20,9.6944522,55.0
2024-02-21,10.472230600000001,48.208333333333336
2024-02-22,10.611119600000002,37.375
2024-02-23,9.305563000000001,32.041666666666664
2024-02-24,8.4444512,43.25
2024-02-25,5.416671000000001,114.20833333333333
2024-02-26,6.7222276,75.45833333333333
2024-02-27,6.944450000000001,33.0
2024-02-28,5.000004000000001,63.958333333333336
2024-02-29,6.833338800000001,110.25
2024-03-01,9.0000072,310.125
2024-03-02,8.3611178,282.625
2024-03-03,5.583337800000001,255.79166666666666
2024-03-04,3.333336,218.20833333333334
2024-03-05,10.111119200000001,59.0
2024-03-06,8.750007,28.416666666666668
2024-03-07,5.972227,131.66666666666666
2024-03-08,7.4722282,301.625
2024-03-09,5.1111152,250.625
2024-03-10,3.9166698,288.4583333333333
2024-03-11,6.4444496000000004,278.6666666666667
2024-03-12,5.3333376,208.16666666666666
2024-03-13,5.138893,283.5416666666667
2024-03-14,5.0833374000000005,278.9166666666667
2024-03-15,4.6944482,282.7083333333333
2024-03-16,3.3055582000000006,199.16666666666666
2024-03-17,6.111116000000001,242.08333333333334
2024-03-18,5.1944486,139.91666666666666
2024-03-19,9.305563000000001,255.79166666666666
2024-03-20,7.9722286,293.625
2024-03-21,3.7222252000000005,284.0833333333333
2024-03-22,8.0000064,211.625
2024-03-23,9.083340600000001,184.95833333333334
2024-03-24,8.138895400000001,41.666666666666664
2024-03-25,10.194452600000002,40.958333333333336
2024-03-26,10.611119600000002,28.041666666666668
2024-03-27,3.5000028000000003,162.83333333333334
2024-03-28,11.722231600000002,175.45833333333334
2024-03-29,10.333341600000002,250.16666666666666
2024-03-30,6.4444496000000004,227.25
2024-03-31,3.1388914000000003,205.79166666666666
2024-04-01,4.6944482,252.70833333333334
2024-04-02,2.8611134000000003,210.75
2024-04-03,8.3055622,42.583333333333336
2024-04-04,7.6666728000000015,33.5
2024-04-05,5.500004400000001,53.208333333333336
2024-04-06,3.0833358,260.0416666666667
2024-04-07,2.916669,252.54166666666666
2024-04-08,2.0555572000000004,146.83333333333334
2024-04-09,9.777785600000001,77.29166666666667
2024-04-10,4.8333372,66.75
2024-04-11,3.5277806000000003,179.41666666666666
2024-04-12,2.916669,210.83333333333334
2024-04-13,3.1944470000000003,226.375
2024-04-14,3.3888916,148.75
2024-04-15,5.833338,141.625
2024-04-16,5.611115600000001,269.5833333333333
2024-04-17,2.6666688,177.125
2024-04-18,5.277782,116.58333333333333
2024-04-19,4.750003800000001,257.9166666666667
2024-04-20,5.138893,106.0
2024-04-21,7.166672400000001,34.416666666666664
2024-04-22,7.555561600000001,34.541666666666664
2024-04-23,9.361118600000001,40.958333333333336
2024-04-24,5.305559800000001,220.625
2024-04-25,5.138893,266.0833333333333
2024-04-26,3.9722254000000006,244.70833333333334
2024-04-27,3.1388914000000003,241.41666666666666
2024-04-28,5.5277822,162.08333333333334
2024-04-29,9.1388962,36.25
2024-04-30,6.4444496000000004,135.5
2024-05-01,7.7777840000000005,35.458333333333336
2024-05-02,5.166670800000001,69.75
2024-05-03,2.8055578000000003,204.33333333333334
2024-05-04,2.9444468,200.375
2024-05-05,8.222228800000002,185.45833333333334
2024-05-06,9.722230000000001,223.125
2024-05-07,7.7500062000000005,158.375
2024-05-08,8.500006800000001,42.083333333333336
2024-05-09,5.555560000000001,247.16666666666666
2024-05-10,6.250005000000001,253.54166666666666
2024-05-11,7.916673,214.41666666666666
2024-05-12,8.1666732,245.04166666666666
2024-05-13,5.444448800000001,185.33333333333334
2024-05-14,4.4722258,261.125
2024-05-15,7.861117400000001,249.625
2024-05-16,8.3611178,280.75
2024-05-17,7.583339400000001,248.66666666666666
2024-05-18,5.0555596000000005,249.04166666666666
2024-05-19,4.4722258,245.20833333333334
2024-05-20,5.166670800000001,146.45833333333334
2024-05-21,6.888894400000001,45.958333333333336
2024-05-22,3.8055586000000003,106.08333333333333
2024-05-23,4.2222256,242.04166666666666
2024-05-24,7.694450600000001,127.375
2024-05-25,6.055560400000001,50.708333333333336
2024-05-26,8.8055626,140.20833333333334
2024-05-27,7.500006000000001,267.7083333333333
2024-05-28,7.861117400000001,138.33333333333334
2024-05-29,4.5277814,264.375
2024-05-30,3.0277802000000005,245.25
2024-05-31,5.6666712,244.375
2024-06-01,5.0277818000000005,180.5
2024-06-02,4.5555592,99.79166666666667
2024-06-03,5.638893400000001,51.083333333333336
2024-06-04,6.6388942,54.375
2024-06-05,4.444448,90.66666666666667
2024-06-06,3.4166694000000004,105.375
2024-06-07,4.0000032,223.91666666666666
2024-06-08,4.611114800000001,179.16666666666666
2024-06-09,4.5000036,78.95833333333333
2024-06-10,4.4166702,243.04166666666666
2024-06-11,5.8055602,240.95833333333334
2024-06-12,4.944448400000001,242.16666666666666
2024-06-13,2.8611134000000003,220.875
2024-06-14,3.5000028000000003,216.625
2024-06-15,5.1111152,232.875
2024-06-16,5.1944486,240.91666666666666
2024-06-17,4.4722258,250.08333333333334
2024-06-18,4.277781200000001,231.41666666666666
2024-06-19,5.500004400000001,241.0
2024-06-20,3.5555584000000007,177.91666666666666
2024-06-21,3.8333364000000008,115.5
2024-06-22,9.1111184,200.95833333333334
2024-06-23,6.555560800000001,239.70833333333334
2024-06-24,8.0000064,233.16666666666666
2024-06-25,4.3611146000000005,269.25
2024-06-26,3.5555584000000007,230.91666666666666
2024-06-27,4.2222256,196.91666666666666
2024-06-28,4.916670600000001,157.75
2024-06-29,10.9166754,221.375
2024-06-30,11.722231600000002,223.0
2024-07-01,4.888892800000001,232.45833333333334
2024-07-02,7.8333396,192.875
2024-07-03,9.194451800000001,222.20833333333334
2024-07-04,6.7777832,228.41666666666666
2024-07-05,7.361117000000001,226.91666666666666
2024-07-06,9.5555632,224.29166666666666
2024-07-07,7.916673,224.20833333333334
2024-07-08,8.611118000000001,225.04166666666666
2024-07-09,8.277784400000002,228.16666666666666
2024-07-10,10.9166754,198.125
2024-07-11,3.6944474000000005,165.0
2024-07-12,4.027781,233.54166666666666
2024-07-13,3.4722250000000003,141.45833333333334
2024-07-14,4.138892200000001,111.70833333333333
2024-07-15,5.0277818000000005,53.0
2024-07-16,7.4722282,151.54166666666666
2024-07-17,7.6666728000000015,225.04166666666666
2024-07-18,8.4444512,219.70833333333334
2024-07-19,6.250005000000001,231.66666666666666
2024-07-20,7.1388946,229.95833333333334
2024-07-21,7.861117400000001,230.45833333333334
2024-07-22,6.861116600000001,228.54166666666666
2024-07-23,7.000005600000001,228.25
2024-07-24,6.0833382,232.375
2024-07-25,5.305559800000001,202.58333333333334
2024-07-26,4.7777816,155.95833333333334
2024-07-27,6.694449800000001,211.5
2024-07-28,6.416671800000001,229.95833333333334
2024-07-29,6.750005400000001,242.95833333333334
2024-07-30,4.7777816,259.1666666666667
2024-07-31,5.2500042,257.8333333333333
2024-08-01,6.111116000000001,236.70833333333334
2024-08-02,5.638893400000001,238.91666666666666
2024-08-03,2.5000020000000003,240.875
2024-08-04,4.305559000000001,76.41666666666667
2024-08-05,3.8333364000000008,55.25
2024-08-06,3.0277802000000005,45.125
2024-08-07,2.6944466,192.16666666666666
2024-08-08,3.2500026,245.29166666666666
2024-08-09,3.3055582000000006,161.58333333333334
2024-08-10,4.5555592,87.25
2024-08-11,4.5000036,53.083333333333336
2024-08-12,5.166670800000001,82.95833333333333
2024-08-13,6.4444496000000004,37.916666666666664
2024-08-14,5.972227,38.541666666666664
2024-08-15,5.277782,42.75
2024-08-16,5.277782,67.95833333333333
2024-08-17,5.3333376,41.458333333333336
2024-08-18,5.277782,46.666666666666664
2024-08-19,4.8333372,81.54166666666667
2024-08-20,7.305561400000001,195.33333333333334
2024-08-21,7.222228,209.45833333333334
2024-08-22,9.0000072,212.08333333333334
2024-08-23,5.0555596000000005,236.41666666666666
2024-08-24,4.5000036,243.20833333333334
2024-08-25,3.5000028000000003,148.54166666666666
2024-08-26,3.3611138,76.125
2024-08-27,7.555561600000001,38.916666666666664
2024-08-28,10.3888972,37.75
2024-08-29,11.6388982,30.25
2024-08-30,9.222229600000002,14.458333333333334
2024-08-31,6.3888940000000005,176.5
2024-09-01,3.8333364000000008,156.29166666666666
2024-09-02,4.027781,175.0
2024-09-03,7.694450600000001,44.416666666666664
2024-09-04,5.9444492,43.208333333333336
2024-09-05,4.305559000000001,214.0
2024-09-06,4.3611146000000005,131.375
2024-09-07,3.611114,117.45833333333333
2024-09-08,3.611114,54.833333333333336
2024-09-09,6.6388942,45.166666666666664
2024-09-10,4.666670400000001,53.291666666666664
2024-09-11,2.5555576,104.54166666666667
2024-09-12,4.250003400000001,60.0
2024-09-13,3.1388914000000003,89.95833333333333
2024-09-14,5.0555596000000005,151.5
2024-09-15,7.583339400000001,42.458333333333336
2024-09-16,7.8888952,46.125
2024-09-17,3.6666696,53.125
2024-09-18,3.4166694000000004,63.0
2024-09-19,3.7222252000000005,103.0
2024-09-20,7.000005600000001,214.625
2024-09-21,7.0555612000000005,111.20833333333333
2024-09-22,8.9722294,54.583333333333336
2024-09-23,9.083340600000001,63.708333333333336
2024-09-24,8.0000064,81.0
2024-09-25,5.611115600000001,34.291666666666664
2024-09-26,3.4722250000000003,64.08333333333333
2024-09-27,6.000004800000001,56.416666666666664
2024-09-28,8.777784800000001,36.75
2024-09-29,8.138895400000001,43.583333333333336
2024-09-30,5.000004000000001,57.125
2024-10-01,4.666670400000001,287.3333333333333
2024-10-02,6.1666716,192.29166666666666
2024-10-03,9.916674600000002,66.33333333333333
2024-10-04,7.111116800000001,23.75
2024-10-05,6.194449400000001,56.583333333333336
2024-10-06,4.666670400000001,96.20833333333333
2024-10-07,2.8888912,290.2083333333333
2024-10-08,5.8055602,143.20833333333334
2024-10-09,7.7500062000000005,33.833333333333336
2024-10-10,4.1944478,125.20833333333333
2024-10-11,2.6111132,165.5
2024-10-12,3.2777804000000006,181.33333333333334
2024-10-13,6.138893800000001,103.125
2024-10-14,4.805559400000001,79.25
2024-10-15,6.7222276,235.45833333333334
2024-10-16,6.2222272,135.45833333333334
2024-10-17,6.750005400000001,45.708333333333336
2024-10-18,7.111116800000001,119.70833333333333
2024-10-19,12.2500098,132.33333333333334
2024-10-20,11.8888984,51.458333333333336
2024-10-21,7.166672400000001,81.41666666666667
2024-10-22,8.888896,138.08333333333334
2024-10-23,6.7777832,286.2916666666667
2024-10-24,4.4166702,205.79166666666666
2024-10-25,7.000005600000001,40.708333333333336
2024-10-26,6.888894400000001,43.25
2024-10-27,3.6388918,304.875
2024-10-28,8.500006800000001,138.79166666666666
2024-10-29,8.194451,68.70833333333333
2024-10-30,4.4166702,173.08333333333334
2024-10-31,5.638893400000001,39.375
2024-11-01,6.833338800000001,69.70833333333333
2024-11-02,9.611118800000002,54.5
2024-11-03,5.416671000000001,79.875
2024-11-04,3.1944470000000003,283.625
2024-11-05,5.7222268000000005,297.75
2024-11-06,6.416671800000001,320.4583333333333
2024-11-07,4.8333372,117.79166666666667
2024-11-08,3.6944474000000005,51.625
2024-11-09,5.2222264,96.91666666666667
2024-11-10,3.4722250000000003,80.91666666666667
2024-11-11,4.7777816,185.875
2024-11-12,3.6388918,317.6666666666667
2024-11-13,5.361115400000001,53.208333333333336
2024-11-14,4.138892200000001,80.04166666666667
2024-11-15,4.444448,141.25
2024-11-16,4.444448,113.375
2024-11-17,4.722226,309.8333333333333
2024-11-18,5.611115600000001,208.70833333333334
2024-11-19,5.166670800000001,92.58333333333333
2024-11-20,2.2500018,321.4583333333333
2024-11-21,4.111114400000001,296.5833333333333
2024-11-22,5.166670800000001,312.5
2024-11-23,5.416671000000001,19.458333333333332
2024-11-24,4.111114400000001,82.70833333333333
2024-11-25,5.1111152,140.29166666666666
2024-11-26,8.8611182,235.625
2024-11-27,5.361115400000001,268.9583333333333
2024-11-28,7.166672400000001,262.875
2024-11-29,6.305560600000001,282.4166666666667
2024-11-30,5.583337800000001,277.5
2024-12-01,2.5277798000000002,278.5
2024-12-02,4.4722258,272.5833333333333
2024-12-03,4.861115000000001,308.7916666666667
2024-12-04,5.416671000000001,312.0833333333333
2024-12-05,6.6388942,279.3333333333333
2024-12-06,4.944448400000001,289.5833333333333
2024-12-07,5.0833374000000005,294.9583333333333
2024-12-08,6.972227800000001,307.5833333333333
2024-12-09,3.8888920000000002,302.0833333333333
2024-12-10,4.0833366,306.5416666666667
2024-12-11,4.611114800000001,196.25
2024-12-12,4.5555592,299.8333333333333
2024-12-13,6.277782800000001,306.4166666666667
2024-12-14,7.1944502,300.125
2024-12-15,6.0277826,269.7083333333333
2024-12-16,4.611114800000001,299.5416666666667
2024-12-17,3.5277806000000003,314.375
2024-12-18,5.2500042,313.2916666666667
2024-12-19,4.583337,236.91666666666666
2024-12-20,3.4444472000000004,294.375
2024-12-21,7.111116800000001,297.3333333333333
2024-12-22,8.722229200000001,305.0
2024-12-23,5.6666712,298.125
2024-12-24,4.5277814,286.625
2024-12-25,3.8333364000000008,290.1666666666667
2024-12-26,6.1666716,290.4166666666667
2024-12-27,5.8055602,295.2083333333333
2024-12-28,5.2500042,292.4166666666667
2024-12-29,4.4722258,286.7083333333333
2024-12-30,5.638893400000001,273.2916666666667
2024-12-31,4.888892800000001,301.7083333333333
2025-01-01,4.888892800000001,301.625
2025-01-02,3.6944474000000005,296.9583333333333
2025-01-03,5.7222268000000005,312.3333333333333
2025-01-04,3.5000028000000003,302.7083333333333
2025-01-05,3.2222248000000002,295.125
2025-01-06,6.277782800000001,299.9583333333333
2025-01-07,6.7777832,282.4166666666667
2025-01-08,5.444448800000001,284.6666666666667
2025-01-09,6.111116000000001,299.2083333333333
2025-01-10,6.055560400000001,302.9166666666667
2025-01-11,4.8333372,297.25
2025-01-12,5.7500046000000005,298.2083333333333
2025-01-13,5.3888932,289.0833333333333
2025-01-14,4.7777816,281.5833333333333
2025-01-15,5.3333376,311.875
2025-01-16,5.138893,290.0833333333333
2025-01-17,2.222224,286.1666666666667
2025-01-18,2.7500022000000004,277.5
2025-01-19,2.4444464000000004,287.5
2025-01-20,2.4444464000000004,296.5
2025-01-21,2.6944466,294.9166666666667
2025-01-22,3.0833358,282.7083333333333
2025-01-23,2.9444468,215.70833333333334
2025-01-24,5.000004000000001,69.25
2025-01-25,8.333340000000002,27.416666666666668
2025-01-26,6.527783,31.458333333333332
2025-01-27,6.972227800000001,197.75
2025-01-28,7.7222284000000005,265.0833333333333
2025-01-29,7.388894800000001,281.0
2025-01-30,4.4722258,278.7916666666667
2025-01-31,2.4444464000000004,288.3333333333333
2025-02-01,6.6388942,89.16666666666667
2025-02-02,5.611115600000001,195.45833333333334
2025-02-03,7.027783400000001,298.5
2025-02-04,6.944450000000001,295.0833333333333
2025-02-05,8.055562,294.5833333333333
2025-02-06,6.000004800000001,297.625
2025-02-07,9.2777852,304.0833333333333
2025-02-08,8.666673600000001,309.25
2025-02-09,4.5000036,309.0416666666667
2025-02-10,5.138893,303.2083333333333
2025-02-11,3.3888916,230.75
2025-02-12,5.916671400000001,252.83333333333334
2025-02-13,6.555560800000001,301.5416666666667
2025-02-14,3.4166694000000004,285.2916666666667
2025-02-15,2.6666688,284.3333333333333
2025-02-16,3.7777808000000004,281.2916666666667
2025-02-17,5.972227,311.125
2025-02-18,6.5833386,304.125
2025-02-19,5.361115400000001,305.7916666666667
2025-02-20,5.972227,312.8333333333333
2025-02-21,5.9444492,311.9166666666667
2025-02-22,4.8333372,306.9166666666667
2025-02-23,6.6388942,304.375
2025-02-24,6.138893800000001,305.25
2025-02-25,4.5555592,267.0
2025-02-26,3.6388918,268.5
2025-02-27,3.8055586000000003,245.83333333333334
2025-02-28,3.2500026,260.8333333333333
2025-03-01,4.305559000000001,246.45833333333334
2025-03-02,10.2222304,102.5
2025-03-03,12.555565600000001,44.416666666666664
2025-03-04,10.722230800000002,44.458333333333336
2025-03-05,7.250005800000001,28.208333333333332
2025-03-06,4.3333368000000005,24.0
2025-03-07,3.2777804000000006,105.91666666666667
2025-03-08,3.2777804000000006,157.875
2025-03-09,4.3611146000000005,176.70833333333334
2025-03-10,2.4444464000000004,91.66666666666667
2025-03-11,2.9722246,238.45833333333334
2025-03-12,3.9166698,262.4166666666667
2025-03-13,5.166670800000001,150.75
2025-03-14,7.527783800000001,36.166666666666664
2025-03-15,9.611118800000002,52.208333333333336
2025-03-16,7.4166726,219.16666666666666
2025-03-17,7.305561400000001,297.5
2025-03-18,6.5000052,286.5416666666667
2025-03-19,4.3611146000000005,289.2083333333333
2025-03-20,5.2222264,257.625
2025-03-21,6.000004800000001,240.91666666666666
2025-03-22,5.500004400000001,253.29166666666666
2025-03-23,4.305559000000001,244.875
2025-03-24,6.6388942,231.95833333333334
2025-03-25,6.833338800000001,235.0
2025-03-26,5.833338,158.0
2025-03-27,6.055560400000001,198.375
2025-03-28,5.972227,155.5
2025-03-29,6.0833382,301.875
2025-03-30,4.805559400000001,285.3333333333333
2025-03-31,4.3611146000000005,253.95833333333334
2025-04-01,4.888892800000001,143.04166666666666
2025-04-02,4.805559400000001,97.5
2025-04-03,6.250005000000001,132.95833333333334
2025-04-04,3.5000028000000003,229.29166666666666
2025-04-05,6.7777832,244.91666666666666
2025-04-06,4.611114800000001,274.8333333333333
2025-04-07,5.611115600000001,249.5
2025-04-08,6.944450000000001,193.125
2025-04-09,3.9444476,100.0
2025-04-10,5.916671400000001,201.45833333333334
2025-04-11,3.8055586000000003,150.5
2025-04-12,6.2222272,90.75
2025-04-13,9.083340600000001,240.95833333333334
2025-04-14,6.250005000000001,241.625
2025-04-15,5.6666712,290.875
2025-04-16,6.055560400000001,243.75
2025-04-17,6.111116000000001,222.5
2025-04-18,5.833338,231.25
2025-04-19,6.416671800000001,229.625
2025-04-20,5.7222268000000005,103.70833333333333
2025-04-21,4.250003400000001,46.5
2025-04-22,3.7222252000000005,165.125
2025-04-23,5.8888936,39.708333333333336
2025-04-24,5.638893400000001,224.875
2025-04-25,7.4166726,287.7083333333333
2025-04-26,5.0555596000000005,268.4166666666667
2025-04-27,4.611114800000001,246.66666666666666
2025-04-28,5.583337800000001,233.20833333333334
2025-04-29,5.2500042,127.70833333333333
2025-04-30,4.166670000000001,232.20833333333334
2025-05-01,7.638895000000001,212.66666666666666
2025-05-02,6.3888940000000005,270.125
2025-05-03,4.4166702,248.0
2025-05-04,3.6666696,274.5416666666667
2025-05-05,4.0000032,130.5
2025-05-06,4.9722262,35.833333333333336
2025-05-07,3.333336,227.875
2025-05-08,2.7222244000000004,137.45833333333334
2025-05-09,7.027783400000001,107.625
2025-05-10,9.333340800000002,246.45833333333334
2025-05-11,4.6944482,244.41666666666666
2025-05-12,4.666670400000001,257.3333333333333
2025-05-13,4.138892200000001,236.875
2025-05-14,4.583337,232.70833333333334
2025-05-15,4.888892800000001,223.875
2025-05-16,6.6388942,188.08333333333334
2025-05-17,6.5000052,233.41666666666666
2025-05-18,4.888892800000001,182.29166666666666
2025-05-19,6.5833386,234.33333333333334
2025-05-20,6.111116000000001,231.33333333333334
2025-05-21,5.638893400000001,147.91666666666666
2025-05-22,6.1666716,36.375
2025-05-23,6.527783,39.833333333333336
2025-05-24,8.666673600000001,67.66666666666667
2025-05-25,4.0000032,230.20833333333334
2025-05-26,3.333336,222.5
2025-05-27,3.333336,235.75
2025-05-28,3.9166698,137.125
2025-05-29,4.611114800000001,46.583333333333336
2025-05-30,5.2500042,36.125
2025-05-31,4.2222256,210.04166666666666
2025-06-01,3.1666692000000003,220.95833333333334
2025-06-02,3.1666692000000003,166.33333333333334
2025-06-03,4.277781200000001,120.66666666666667
2025-06-04,5.4722266,251.91666666666666
2025-06-05,4.6388926,249.20833333333334
2025-06-06,4.111114400000001,244.20833333333334
2025-06-07,4.9722262,236.79166666666666
2025-06-08,3.5833362000000006,231.625
2025-06-09,2.4722242000000003,142.20833333333334
2025-06-10,4.5000036,251.29166666666666
2025-06-11,4.3611146000000005,222.29166666666666
2025-06-12,3.1388914000000003,183.375
2025-06-13,2.7500022000000004,143.33333333333334
2025-06-14,6.416671800000001,202.54166666666666
2025-06-15,4.916670600000001,231.0
2025-06-16,5.583337800000001,227.75
2025-06-17,5.138893,220.20833333333334
2025-06-18,3.8888920000000002,230.54166666666666
2025-06-19,4.3333368000000005,242.16666666666666
2025-06-20,6.861116600000001,220.75
2025-06-21,8.0000064,219.20833333333334
2025-06-22,7.7222284000000005,240.125
2025-06-23,2.7500022000000004,172.95833333333334
2025-06-24,5.0277818000000005,38.125
2025-06-25,5.7777824,190.83333333333334
2025-06-26,3.9722254000000006,245.25
2025-06-27,3.8055586000000003,250.45833333333334
2025-06-28,3.1944470000000003,236.08333333333334
2025-06-29,3.8611142000000003,236.91666666666666
2025-06-30,4.1944478,236.79166666666666
2025-07-01,4.305559000000001,235.0
2025-07-02,4.250003400000001,234.33333333333334
2025-07-03,5.000004000000001,235.5
2025-07-04,5.6944490000000005,235.95833333333334
2025-07-05,5.833338,238.95833333333334
2025-07-06,5.500004400000001,242.41666666666666
2025-07-07,3.2222248000000002,156.70833333333334
2025-07-08,5.8055602,45.708333333333336
2025-07-09,6.250005000000001,45.041666666666664
2025-07-10,8.055562,39.375
2025-07-11,8.722229200000001,42.0
2025-07-12,7.027783400000001,46.166666666666664
2025-07-13,3.9444476,62.75
2025-07-14,4.027781,198.41666666666666
2025-07-15,5.861115800000001,226.75
2025-07-16,5.3888932,205.95833333333334
2025-07-17,4.9722262,204.08333333333334
2025-07-18,6.1666716,192.5
2025-07-19,6.194449400000001,208.75
2025-07-20,1.9722238,191.125
2025-07-21,4.750003800000001,217.45833333333334
2025-07-22,3.1944470000000003,244.33333333333334
2025-07-23,2.5833354000000006,190.66666666666666
2025-07-24,2.9722246,76.0
2025-07-25,3.8055586000000003,67.125
2025-07-26,4.138892200000001,74.75
2025-07-27,4.3611146000000005,86.16666666666667
2025-07-28,3.3888916,80.91666666666667
2025-07-29,3.5000028000000003,61.75
2025-07-30,4.138892200000001,52.625
2025-07-31,4.3888924000000005,56.833333333333336
2025-08-01,3.6666696,52.208333333333336
2025-08-02,3.0277802000000005,227.20833333333334
2025-08-03,4.5000036,203.70833333333334
2025-08-04,7.305561400000001,221.20833333333334
2025-08-05,6.333338400000001,231.79166666666666
2025-08-06,8.777784800000001,234.41666666666666
2025-08-07,5.000004000000001,237.875
2025-08-08,2.6944466,180.375
2025-08-09,4.0000032,166.75
2025-08-10,4.0833366,117.58333333333333
2025-08-11,4.0833366,84.04166666666667
2025-08-12,3.7500030000000004,62.125
2025-08-13,5.5277822,231.16666666666666
2025-08-14,4.6388926,237.0
2025-08-15,2.222224,198.91666666666666
2025-08-16,2.916669,241.70833333333334
2025-08-17,2.8611134000000003,251.79166666666666
2025-08-18,3.7222252000000005,252.20833333333334
2025-08-19,4.861115000000001,234.95833333333334
2025-08-20,4.277781200000001,229.66666666666666
2025-08-21,3.2500026,211.54166666666666
2025-08-22,3.2777804000000006,230.125
2025-08-23,4.444448,249.41666666666666
2025-08-24,4.1944478,234.79166666666666
2025-08-25,5.3333376,233.16666666666666
2025-08-26,6.3611162000000006,227.79166666666666
2025-08-27,3.9722254000000006,141.54166666666666
2025-08-28,3.3611138,96.16666666666667
2025-08-29,4.5555592,234.41666666666666
2025-08-30,4.2222256,234.5
2025-08-31,3.5555584000000007,229.54166666666666
2025-09-01,6.527783,224.58333333333334
2025-09-02,4.750003800000001,223.04166666666666
2025-09-03,4.861115000000001,42.166666666666664
2025-09-04,5.416671000000001,35.291666666666664
2025-09-05,5.166670800000001,89.08333333333333
2025-09-06,5.8055602,256.125
2025-09-07,5.8055602,243.75
2025-09-08,2.5555576,207.20833333333334
2025-09-09,4.916670600000001,73.45833333333333
2025-09-10,5.2222264,21.916666666666668
2025-09-11,7.6666728000000015,33.916666666666664
2025-09-12,6.277782800000001,44.333333333333336
2025-09-13,7.805561800000001,175.75
2025-09-14,4.138892200000001,115.66666666666667
2025-09-15,2.3333352000000005,210.08333333333334
2025-09-16,4.7777816,240.08333333333334
2025-09-17,5.5277822,242.0
2025-09-18,6.5833386,58.583333333333336
2025-09-19,5.7500046000000005,46.0
2025-09-20,6.0277826,194.08333333333334
2025-09-21,7.0833390000000005,42.291666666666664
2025-09-22,7.1388946,47.166666666666664
2025-09-23,6.694449800000001,33.708333333333336
2025-09-24,5.166670800000001,122.45833333333333
2025-09-25,2.7500022000000004,243.25
2025-09-26,3.3055582000000006,157.16666666666666
2025-09-27,4.5277814,40.583333333333336
2025-09-28,6.416671800000001,173.70833333333334
2025-09-29,3.5555584000000007,163.33333333333334
2025-09-30,2.5000020000000003,130.70833333333334
2025-10-01,2.1388906000000003,200.04166666666666
2025-10-02,3.0277802000000005,168.41666666666666
2025-10-03,5.6666712,86.33333333333333
2025-10-04,4.861115000000001,100.58333333333333
2025-10-05,3.0000024000000005,41.125
2025-10-06,4.944448400000001,36.75
2025-10-07,3.9722254000000006,49.625
2025-10-08,6.3611162000000006,32.208333333333336
2025-10-09,7.527783800000001,43.333333333333336
2025-10-10,4.666670400000001,56.75
2025-10-11,3.6944474000000005,164.41666666666666
2025-10-12,5.138893,137.375
2025-10-13,5.1111152,40.5
2025-10-14,5.972227,18.375
2025-10-15,5.7500046000000005,50.791666666666664
2025-10-16,6.194449400000001,104.41666666666667
2025-10-17,6.250005000000001,62.541666666666664
2025-10-18,5.611115600000001,127.54166666666667
2025-10-19,6.694449800000001,70.04166666666667
2025-10-20,6.4722274,73.41666666666667
2025-10-21,5.7222268000000005,14.791666666666666
2025-10-22,7.1944502,42.916666666666664
2025-10-23,5.2500042,41.5
2025-10-24,6.0833382,30.958333333333332
2025-10-25,3.8611142000000003,67.0
2025-10-26,3.7222252000000005,273.0416666666667
2025-10-27,4.5555592,304.6666666666667
2025-10-28,3.5000028000000003,286.625
2025-10-29,4.3611146000000005,216.125
2025-10-30,3.6388918,231.58333333333334
2025-10-31,4.5277814,176.25
2025-11-01,5.0555596000000005,292.2916666666667
2025-11-02,6.527783,290.7916666666667
2025-11-03,6.0277826,156.20833333333334
2025-11-04,3.1666692000000003,97.0
2025-11-05,3.611114,160.375
2025-11-06,3.9166698,94.875
2025-11-07,5.1944486,65.66666666666667
2025-11-08,5.611115600000001,93.125
2025-11-09,5.416671000000001,243.0
2025-11-10,3.5833362000000006,304.375
2025-11-11,3.5555584000000007,189.08333333333334
2025-11-12,4.0555588,237.91666666666666
2025-11-13,2.7500022000000004,298.9166666666667
2025-11-14,3.333336,294.0833333333333
2025-11-15,2.7222244000000004,227.66666666666666
2025-11-16,3.0833358,280.9166666666667
2025-11-17,5.3888932,307.4166666666667
2025-11-18,8.027784200000001,310.25
2025-11-19,3.4722250000000003,302.7916666666667
2025-11-20,4.111114400000001,275.25
2025-11-21,4.916670600000001,297.6666666666667
2025-11-22,2.8055578000000003,287.125
2025-11-23,2.8611134000000003,283.4166666666667
2025-11-24,3.7777808000000004,274.75
2025-11-25,6.694449800000001,301.2083333333333
2025-11-26,5.166670800000001,269.625
2025-11-27,8.3055622,265.1666666666667
2025-11-28,5.2222264,297.625
2025-11-29,4.3611146000000005,280.625
2025-11-30,6.194449400000001,255.66666666666666
2025-12-01,5.1944486,301.2083333333333
2025-12-02,4.3888924000000005,324.7083333333333
2025-12-03,5.611115600000001,305.1666666666667
2025-12-04,4.111114400000001,258.5833333333333
2025-12-05,5.6666712,292.7083333333333
2025-12-06,3.5555584000000007,275.25
2025-12-07,4.027781,267.2916666666667
2025-12-08,4.3333368000000005,311.0833333333333
2025-12-09,3.0833358,309.2916666666667
2025-12-10,2.1666684000000003,270.0416666666667
2025-12-11,5.2222264,294.625
2025-12-12,7.2777836,104.75
2025-12-13,6.305560600000001,123.95833333333333
2025-12-14,7.027783400000001,296.25
2025-12-15,5.0555596000000005,277.5
2025-12-16,2.1111128,280.6666666666667
2025-12-17,5.0833374000000005,315.8333333333333
2025-12-18,2.9444468,295.625
2025-12-19,2.8333356,271.75
2025-12-20,3.0000024000000005,260.0416666666667
2025-12-21,7.027783400000001,315.625
2025-12-22,4.611114800000001,169.91666666666666
2025-12-23,3.8333364000000008,243.83333333333334
2025-12-24,4.611114800000001,286.875
2025-12-25,8.8611182,310.5
2025-12-26,7.694450600000001,300.875
2025-12-27,4.4166702,296.7083333333333
2025-12-28,3.333336,279.5
2025-12-29,3.9722254000000006,279.5833333333333
2025-12-30,3.4166694000000004,321.2916666666667
2025-12-31,5.916671400000001,323.2083333333333
2026-01-01,5.4722266,306.625
2026-01-02,6.694449800000001,299.8333333333333
2026-01-03,6.3888940000000005,300.2916666666667
2026-01-04,4.666670400000001,279.9583333333333
2026-01-05,4.277781200000001,306.0416666666667
2026-01-06,3.3611138,299.0833333333333
2026-01-07,6.0833382,283.8333333333333
2026-01-08,5.500004400000001,307.25
2026-01-09,4.277781200000001,262.875
2026-01-10,9.2777852,255.70833333333334
2026-01-11,5.7777824,293.4583333333333
2026-01-12,6.0277826,280.2916666666667
2026-01-13,6.7777832,280.8333333333333
2026-01-14,3.0277802000000005,271.9166666666667
2026-01-15,6.138893800000001,251.75
2026-01-16,2.9722246,264.375
2026-01-17,3.1666692000000003,201.875
2026-01-18,3.6944474000000005,123.5
2026-01-19,5.611115600000001,314.0
2026-01-20,6.055560400000001,262.125
2026-01-21,7.527783800000001,310.5833333333333
2026-01-22,5.9444492,295.1666666666667
2026-01-23,5.5277822,278.5833333333333
2026-01-24,7.111116800000001,288.0416666666667
2026-01-25,5.7222268000000005,305.0416666666667
2026-01-26,4.3888924000000005,304.6666666666667
2026-01-27,6.611116400000001,307.5833333333333
2026-01-28,5.555560000000001,308.75
2026-01-29,5.972227,299.0833333333333
2026-01-30,6.416671800000001,308.5833333333333
2026-01-31,3.7500030000000004,311.5416666666667
2026-02-01,4.3888924000000005,305.25
2026-02-02,5.555560000000001,307.625
2026-02-03,4.5277814,286.0833333333333
2026-02-04,3.6944474000000005,272.0833333333333
2026-02-05,3.9166698,273.5416666666667
2026-02-06,4.916670600000001,324.3333333333333
2026-02-07,8.3611178,315.5416666666667
2026-02-08,8.333340000000002,301.4166666666667
2026-02-09,5.305559800000001,280.125
2026-02-10,3.4444472000000004,285.9166666666667
2026-02-11,6.1666716,305.4166666666667
2026-02-12,4.0833366,290.5
2026-02-13,4.611114800000001,276.9166666666667
2026-02-14,4.166670000000001,268.4166666666667
2026-02-15,4.6944482,289.125
2026-02-16,7.0555612000000005,171.875
2026-02-17,4.722226,253.91666666666666
2026-02-18,5.277782,248.25
2026-02-19,4.0555588,285.4166666666667
2026-02-20,5.2222264,266.6666666666667
2026-02-21,6.250005000000001,242.0
2026-02-22,9.027785000000002,240.25
2026-02-23,6.0833382,294.4166666666667
2026-02-24,7.638895000000001,63.75
2026-02-25,9.222229600000002,32.666666666666664
2026-02-26,6.611116400000001,44.375
2026-02-27,6.416671800000001,27.583333333333332
2026-02-28,7.0555612000000005,86.58333333333333
2026-03-01,7.583339400000001,53.75
2026-03-02,10.416675000000001,50.833333333333336
2026-03-03,9.611118800000002,21.75
2026-03-04,4.3333368000000005,77.58333333333333
2026-03-05,3.3611138,154.375
2026-03-06,5.6944490000000005,283.1666666666667
2026-03-07,4.6944482,309.9166666666667
2026-03-08,3.3611138,260.2083333333333
2026-03-09,5.0555596000000005,313.0416666666667
2026-03-10,3.0277802000000005,260.5
2026-03-11,2.9722246,241.08333333333334
2026-03-12,6.527783,77.625
2026-03-13,7.0833390000000005,19.541666666666668
2026-03-14,3.611114,175.45833333333334
2026-03-15,3.1666692000000003,281.6666666666667
2026-03-16,3.9722254000000006,127.0
2026-03-17,3.4166694000000004,152.08333333333334
2026-03-18,3.4722250000000003,183.08333333333334
2026-03-19,4.583337,225.66666666666666
2026-03-20,4.2222256,287.5
2026-03-21,4.5277814,121.66666666666667
2026-03-22,2.8055578000000003,250.5
2026-03-23,6.972227800000001,156.66666666666666
2026-03-24,4.6388926,57.708333333333336
2026-03-25,2.8888912,87.375
2026-03-26,4.4166702,237.70833333333334
2026-03-27,5.0555596000000005,266.5
2026-03-28,4.305559000000001,170.33333333333334
2026-03-29,2.8611134000000003,97.54166666666667
2026-03-30,7.7222284000000005,154.20833333333334
2026-03-31,8.1111176,44.166666666666664
2026-04-01,3.7777808000000004,89.5
2026-04-02,4.805559400000001,280.6666666666667
2026-04-03,4.0000032,221.25
2026-04-04,8.5277846,189.16666666666666
2026-04-05,4.888892800000001,244.83333333333334
2026-04-06,7.500006000000001,244.95833333333334
2026-04-07,4.944448400000001,321.3333333333333
2026-04-08,4.4166702,249.54166666666666
2026-04-09,8.555562400000001,197.70833333333334
2026-04-10,6.833338800000001,257.5416666666667
2026-04-11,4.305559000000001,258.9166666666667
2026-04-12,4.6944482,124.125
2026-04-13,7.027783400000001,140.54166666666666
2026-04-14,6.0277826,34.958333333333336
2026-04-15,8.0000064,35.458333333333336
2026-04-16,7.861117400000001,41.416666666666664
2026-04-17,5.916671400000001,117.33333333333333
2026-04-18,3.2222248000000002,136.54166666666666
2026-04-19,3.611114,60.666666666666664
2026-04-20,5.638893400000001,245.5
2026-04-21,5.305559800000001,266.4166666666667
2026-04-22,2.4444464000000004,239.58333333333334
2026-04-23,7.6666728000000015,47.958333333333336
2026-04-24,6.611116400000001,34.25
2026-04-25,5.0555596000000005,40.125
2026-04-26,3.4444472000000004,239.875
2026-04-27,3.5000028000000003,190.70833333333334
2026-04-28,4.444448,211.95833333333334
2026-04-29,3.6666696,101.04166666666667
2026-04-30,4.138892200000001,76.41666666666667
2026-05-01,6.277782800000001,280.2916666666667
2026-05-02,4.0555588,237.91666666666666
2026-05-03,4.250003400000001,215.45833333333334
2026-05-04,7.444450400000001,270.0
2026-05-05,5.0833374000000005,253.04166666666666
2026-05-06,4.305559000000001,235.70833333333334
2026-05-07,5.5277822,241.91666666666666
2026-05-08,6.333338400000001,300.25
2026-05-09,5.0833374000000005,238.33333333333334
2026-05-10,4.2222256,235.83333333333334
2026-05-11,5.583337800000001,223.95833333333334
2026-05-12,5.0277818000000005,221.0
2026-05-13,3.1944470000000003,202.625
2026-05-14,5.972227,112.25
2026-05-15,4.888892800000001,47.833333333333336
2026-05-16,3.611114,247.625
2026-05-17,3.3611138,239.625
2026-05-18,4.111114400000001,240.25
2026-05-19,4.1944478,228.83333333333334
2026-05-20,7.0555612000000005,36.75
2026-05-21,4.750003800000001,55.916666666666664
2026-05-22,6.7222276,41.625
2026-05-23,5.7500046000000005,47.125
2026-05-24,4.111114400000001,50.083333333333336
2026-05-25,2.8055578000000003,58.833333333333336
2026-05-26,5.305559800000001,56.791666666666664
2026-05-27,5.8055602,47.166666666666664
2026-05-28,3.9444476,202.25
2026-05-29,4.861115000000001,186.95833333333334
2026-05-30,2.6944466,262.9166666666667
2026-05-31,3.2777804000000006,231.79166666666666
2026-06-01,4.944448400000001,219.16666666666666
2026-06-02,5.8888936,74.5
2026-06-03,4.583337,128.625
2026-06-04,3.0555580000000004,76.33333333333333
2026-06-05,3.6388918,274.0416666666667
2026-06-06,5.4722266,135.79166666666666
2026-06-07,5.7500046000000005,38.125
2026-06-08,3.7222252000000005,180.91666666666666
2026-06-09,3.8055586000000003,97.66666666666667
2026-06-10,4.5277814,262.875
2026-06-11,5.1111152,254.08333333333334
2026-06-12,4.6388926,252.95833333333334
2026-06-13,4.0555588,225.83333333333334
2026-06-14,3.5555584000000007,149.58333333333334
2026-06-15,3.9444476,63.041666666666664
2026-06-16,4.583337,53.791666666666664
2026-06-17,4.0000032,99.20833333333333
2026-06-18,3.6944474000000005,196.79166666666666
2026-06-19,3.611114,137.0
2026-06-20,9.7500078,215.29166666666666
2026-06-21,3.7777808000000004,134.25
2026-06-22,5.138893,45.416666666666664
2026-06-23,7.250005800000001,52.5
2026-06-24,8.0000064,50.708333333333336
2026-06-25,5.6944490000000005,73.875
2026-06-26,5.2222264,120.625
2026-06-27,4.916670600000001,40.25
2026-06-28,3.1666692000000003,182.08333333333334
2026-06-29,3.4166694000000004,71.75
2026-06-30,3.3055582000000006,90.54166666666667
2026-07-01,7.7777840000000005,107.16666666666667
2026-07-02,3.5000028000000003,98.5
2026-07-03,4.0555588,240.04166666666666
2026-07-04,3.8055586000000003,221.08333333333334
2026-07-05,4.8333372,237.54166666666666
2026-07-06,4.3888924000000005,236.45833333333334
2026-07-07,4.750003800000001,227.20833333333334
2026-07-08,6.5000052,215.25
2026-07-09,5.611115600000001,219.25
2026-07-10,3.8055586000000003,218.16666666666666
2026-07-11,2.5000020000000003,174.33333333333334
2026-07-12,5.500004400000001,234.125
2026-07-13,5.7777824,222.0
2026-07-14,7.6666728000000015,221.41666666666666
2026-07-15,7.805561800000001,237.16666666666666
2026-07-16,3.6388918,268.125
2026-07-17,3.9444476,180.70833333333334
2026-07-18,5.833338,194.20833333333334
2026-07-19,5.0277818000000005,212.375
2026-07-20,5.1111152,208.375
2026-07-21,5.972227,220.91666666666666
2026-07-22,6.055560400000001,229.79166666666666
2026-07-23,5.5277822,228.58333333333334
2026-07-24,4.750003800000001,231.625
2026-07-25,5.1111152,229.45833333333334
2026-07-26,3.2500026,220.79166666666666
2026-07-27,4.4722258,205.875
2026-07-28,3.6388918,235.83333333333334
2026-07-29,4.0555588,296.625
2026-07-30,3.9166698,285.2083333333333
2026-07-31,4.0833366,257.875
2026-08-01,3.8611142000000003,270.4166666666667
2026-08-02,4.5277814,195.04166666666666
2026-08-03,4.444448,50.625
2026-08-04,6.611116400000001,43.958333333333336
2026-08-05,5.444448800000001,50.875
2026-08-06,5.583337800000001,44.958333333333336
2026-08-07,5.444448800000001,43.375
2026-08-08,6.7777832,42.166666666666664
2026-08-09,7.4166726,36.416666666666664
2026-08-10,8.027784200000001,48.541666666666664
2026-08-11,8.0000064,42.666666666666664
2026-08-12,7.0833390000000005,26.666666666666668
2026-08-13,4.027781,111.875
2026-08-14,3.8888920000000002,239.25
2026-08-15,3.8611142000000003,162.29166666666666
2026-08-16,6.333338400000001,113.41666666666667
2026-08-17,6.750005400000001,185.875
2026-08-18,5.583337800000001,224.29166666666666
2026-08-19,3.7500030000000004,233.625
2026-08-20,2.7777800000000004,209.33333333333334
2026-08-21,4.138892200000001,55.0
2026-08-22,3.6666696,51.291666666666664
2026-08-23,2.4444464000000004,212.91666666666666
2026-08-24,3.8611142000000003,247.29166666666666
2026-08-25,2.5833354000000006,210.125
2026-08-26,3.1111136,148.0
2026-08-27,2.9444468,175.33333333333334
2026-08-28,3.9166698,154.25
2026-08-29,5.0833374000000005,247.29166666666666
2026-08-30,4.111114400000001,237.58333333333334
2026-08-31,5.0833374000000005,212.41666666666666
2026-09-01,3.5833362000000006,223.20833333333334
2026-09-02,4.0833366,231.16666666666666
2026-09-03,6.7777832,37.083333333333336
2026-09-04,9.777785600000001,44.708333333333336
2026-09-05,8.9722294,47.875
2026-09-06,8.916673800000002,44.666666666666664
2026-09-07,7.9722286,27.458333333333332
2026-09-08,6.111116000000001,49.125
2026-09-09,9.722230000000001,32.708333333333336
2026-09-10,7.000005600000001,39.416666666666664
