date,temperature_2m_mean
2014-01-01,6.8125
2014-01-02,6.929166666666667
2014-01-03,6.729166666666667
2014-01-04,6.375
2014-01-05,5.345833333333334
2014-01-06,4.741666666666666
2014-01-07,6.308333333333334
2014-01-08,4.875
2014-01-09,-0.9375
2014-01-10,-0.2416666666666666
2014-01-11,2.35
2014-01-12,3.5500000000000003
2014-01-13,0.5041666666666667
2014-01-14,1.3458333333333332
2014-01-15,1.6416666666666666
2014-01-16,2.7416666666666667
2014-01-17,4.2
2014-01-18,2.975
2014-01-19,2.0416666666666665
2014-01-20,5.733333333333333
2014-01-21,0.6208333333333333
2014-01-22,1.2666666666666668
2014-01-23,3.4416666666666664
2014-01-24,8.2375
2014-01-25,11.804166666666667
2014-01-26,4.1875
2014-01-27,6.154166666666666
2014-01-28,8.35
2014-01-29,7.466666666666666
2014-01-30,10.995833333333332
2014-01-31,7.466666666666666
2014-02-01,12.266666666666666
2014-02-02,13.533333333333333
2014-02-03,8.220833333333333
2014-02-04,-1.6041666666666667
2014-02-05,0.2625
2014-02-06,3.4
2014-02-07,5.958333333333333
2014-02-08,5.504166666666666
2014-02-09,3.966666666666667
2014-02-10,2.3125
2014-02-11,2.2083333333333335
2014-02-12,3.5500000000000003
2014-02-13,4.341666666666667
2014-02-14,4.154166666666667
2014-02-15,4.783333333333333
2014-02-16,6.316666666666666
2014-02-17,6.920833333333333
2014-02-18,3.8375
2014-02-19,3.6166666666666667
2014-02-20,5.4750000000000005
2014-02-21,5.095833333333333
2014-02-22,5.966666666666666
2014-02-23,7.079166666666667
2014-02-24,7.758333333333333
2014-02-25,8.966666666666667
2014-02-26,8.85
2014-02-27,11.387500000000001
2014-02-28,9.766666666666667
2014-03-01,9.633333333333333
2014-03-02,8.220833333333333
2014-03-03,6.379166666666666
2014-03-04,7.641666666666667
2014-03-05,6.008333333333333
2014-03-06,3.4499999999999997
2014-03-07,3.1291666666666664
2014-03-08,4.2124999999999995
2014-03-09,5.925
2014-03-10,4.333333333333333
2014-03-11,7.154166666666666
2014-03-12,11.266666666666666
2014-03-13,6.7875000000000005
2014-03-14,5.195833333333334
2014-03-15,7.695833333333333
2014-03-16,11.745833333333332
2014-03-17,12.954166666666666
2014-03-18,14.5
2014-03-19,9.65
2014-03-20,8.674999999999999
2014-03-21,7.079166666666667
2014-03-22,8.979166666666666
2014-03-23,11.758333333333333
2014-03-24,11.491666666666667
2014-03-25,13.933333333333332
2014-03-26,14.345833333333333
2014-03-27,12.529166666666667
2014-03-28,14.279166666666667
2014-03-29,14.308333333333332
2014-03-30,13.229166666666666
2014-03-31,12.391666666666666
2014-04-01,12.825000000000001
2014-04-02,14.283333333333333
2014-04-03,13.491666666666667
2014-04-04,9.15
2014-04-05,8.591666666666667
2014-04-06,8.975
2014-04-07,12.170833333333334
2014-04-08,13.170833333333334
2014-04-09,13.2125
2014-04-10,12.825000000000001
2014-04-11,12.729166666666666
2014-04-12,13.6625
2014-04-13,12.741666666666667
2014-04-14,12.966666666666667
2014-04-15,15.941666666666668
2014-04-16,16.8875
2014-04-17,14.758333333333333
2014-04-18,13.504166666666668
2014-04-19,11.904166666666667
2014-04-20,12.458333333333334
2014-04-21,14.795833333333334
2014-04-22,14.945833333333333
2014-04-23,14.745833333333332
2014-04-24,16.287499999999998
2014-04-25,16.670833333333334
2014-04-26,17.266666666666666
2014-04-27,16.720833333333335
2014-04-28,14.054166666666667
2014-04-29,15.554166666666667
2014-04-30,14.5625
2014-05-01,15.775
2014-05-02,17.091666666666665
2014-05-03,15.275
2014-05-04,14.941666666666668
2014-05-05,14.1
2014-05-06,13.637500000000001
2014-05-07,14.633333333333333
2014-05-08,17.429166666666667
2014-05-09,15.825000000000001
2014-05-10,15.229166666666666
2014-05-11,17.045833333333334
2014-05-12,18.133333333333333
2014-05-13,18.470833333333335
2014-05-14,16.741666666666667
2014-05-15,18.816666666666666
2014-05-16,18.783333333333335
2014-05-17,18.224999999999998
2014-05-18,17.775000000000002
2014-05-19,17.983333333333334
2014-05-20,17.208333333333332
2014-05-21,18.920833333333334
2014-05-22,18.233333333333334
2014-05-23,17.275000000000002
2014-05-24,18.704166666666666
2014-05-25,19.379166666666666
2014-05-26,20.741666666666667
2014-05-27,20.054166666666667
2014-05-28,19.595833333333335
2014-05-29,20.016666666666666
2014-05-30,20.7375
2014-05-31,21.945833333333336
2014-06-01,21.775000000000002
2014-06-02,19.929166666666667
2014-06-03,19.575
2014-06-04,19.970833333333335
2014-06-05,19.537499999999998
2014-06-06,19.7375
2014-06-07,19.270833333333332
2014-06-08,19.108333333333334
2014-06-09,19.474999999999998
2014-06-10,19.079166666666666
2014-06-11,19.375
2014-06-12,18.5125
2014-06-13,19.779166666666665
2014-06-14,20.675
2014-06-15,21.766666666666666
2014-06-16,22.34166666666667
2014-06-17,20.304166666666667
2014-06-18,20.6875
2014-06-19,21.045833333333334
2014-06-20,21.162499999999998
2014-06-21,20.358333333333334
2014-06-22,20.129166666666666
2014-06-23,20.283333333333335
2014-06-24,21.191666666666666
2014-06-25,22.0
2014-06-26,22.329166666666666
2014-06-27,22.075
2014-06-28,23.3875
2014-06-29,23.5
2014-06-30,22.754166666666666
2014-07-01,23.40833333333333
2014-07-02,22.395833333333332
2014-07-03,22.129166666666666
2014-07-04,22.791666666666668
2014-07-05,22.15416666666667
2014-07-06,21.025000000000002
2014-07-07,22.2375
2014-07-08,23.741666666666664
2014-07-09,24.808333333333334
2014-07-10,25.604166666666668
2014-07-11,26.2625
2014-07-12,24.445833333333336
2014-07-13,22.65416666666667
2014-07-14,24.191666666666666
2014-07-15,22.95
2014-07-16,23.724999999999998
2014-07-17,23.170833333333334
2014-07-18,23.495833333333334
2014-07-19,24.4875
2014-07-20,24.770833333333332
2014-07-21,24.7
2014-07-22,24.916666666666668
2014-07-23,25.958333333333332
2014-07-24,26.679166666666664
2014-07-25,26.7375
2014-07-26,26.4875
2014-07-27,24.025000000000002
2014-07-28,23.204166666666666
2014-07-29,24.795833333333334
2014-07-30,26.337500000000002
2014-07-31,27.295833333333334
2014-08-01,26.608333333333334
2014-08-02,25.879166666666666
2014-08-03,25.7
2014-08-04,24.849999999999998
2014-08-05,25.837500000000002
2014-08-06,26.2375
2014-08-07,25.0625
2014-08-08,23.71666666666667
2014-08-09,24.34583333333333
2014-08-10,24.366666666666664
2014-08-11,23.870833333333334
2014-08-12,24.650000000000002
2014-08-13,24.224999999999998
2014-08-14,22.3625
2014-08-15,23.066666666666666
2014-08-16,23.645833333333332
2014-08-17,23.47083333333333
2014-08-18,24.22083333333333
2014-08-19,24.150000000000002
2014-08-20,23.2
2014-08-21,24.479166666666668
2014-08-22,23.9875
2014-08-23,24.625
2014-08-24,24.270833333333332
2014-08-25,23.9875
2014-08-26,24.71666666666667
2014-08-27,22.525000000000002
2014-08-28,22.141666666666666
2014-08-29,21.974999999999998
2014-08-30,22.21666666666667
2014-08-31,21.933333333333334
2014-09-01,22.34166666666667
2014-09-02,22.4375
2014-09-03,24.016666666666666
2014-09-04,23.383333333333336
2014-09-05,23.954166666666666
2014-09-06,21.716666666666665
2014-09-07,22.641666666666666
2014-09-08,23.083333333333332
2014-09-09,23.47083333333333
2014-09-10,23.099999999999998
2014-09-11,22.72083333333333
2014-09-12,22.241666666666664
2014-09-13,22.041666666666668
2014-09-14,21.75
2014-09-15,21.883333333333336
2014-09-16,22.541666666666668
2014-09-17,21.791666666666668
2014-09-18,21.216666666666665
2014-09-19,21.104166666666668
2014-09-20,21.316666666666666
2014-09-21,21.316666666666666
2014-09-22,21.537499999999998
2014-09-23,22.208333333333332
2014-09-24,22.337500000000002
2014-09-25,21.320833333333333
2014-09-26,20.420833333333334
2014-09-27,20.995833333333334
2014-09-28,21.808333333333334
2014-09-29,21.75
2014-09-30,20.391666666666666
2014-10-01,19.091666666666665
2014-10-02,20.183333333333334
2014-10-03,20.016666666666666
2014-10-04,18.345833333333335
2014-10-05,18.416666666666668
2014-10-06,17.716666666666665
2014-10-07,18.091666666666665
2014-10-08,18.258333333333333
2014-10-09,19.204166666666666
2014-10-10,19.716666666666665
2014-10-11,19.05
2014-10-12,20.087500000000002
2014-10-13,17.849999999999998
2014-10-14,14.841666666666667
2014-10-15,15.733333333333334
2014-10-16,16.395833333333332
2014-10-17,14.758333333333333
2014-10-18,16.5625
2014-10-19,18.39166666666667
2014-10-20,20.508333333333333
2014-10-21,19.495833333333334
2014-10-22,15.058333333333332
2014-10-23,14.8375
2014-10-24,16.745833333333334
2014-10-25,17.3125
2014-10-26,17.7625
2014-10-27,15.9625
2014-10-28,14.825000000000001
2014-10-29,15.883333333333333
2014-10-30,16.608333333333334
2014-10-31,16.558333333333334
2014-11-01,17.7625
2014-11-02,15.329166666666667
2014-11-03,10.204166666666667
2014-11-04,12.279166666666667
2014-11-05,14.112499999999999
2014-11-06,14.237499999999999
2014-11-07,14.404166666666667
2014-11-08,15.908333333333333
2014-11-09,15.058333333333332
2014-11-10,13.35
2014-11-11,13.65
2014-11-12,11.604166666666666
2014-11-13,4.8999999999999995
2014-11-14,7.333333333333333
2014-11-15,8.670833333333333
2014-11-16,10.8125
2014-11-17,10.775
2014-11-18,8.4625
2014-11-19,9.108333333333333
2014-11-20,9.991666666666667
2014-11-21,12.091666666666667
2014-11-22,12.329166666666666
2014-11-23,12.979166666666666
2014-11-24,13.433333333333332
2014-11-25,12.570833333333333
2014-11-26,12.266666666666666
2014-11-27,12.283333333333333
2014-11-28,14.720833333333333
2014-11-29,12.695833333333333
2014-11-30,13.579166666666666
2014-12-01,7.066666666666666
2014-12-02,-0.02500000000000001
2014-12-03,3.9791666666666665
2014-12-04,3.6916666666666664
2014-12-05,0.28333333333333327
2014-12-06,0.5958333333333333
2014-12-07,2.1166666666666667
2014-12-08,4.45
2014-12-09,3.9791666666666665
2014-12-10,9.924999999999999
2014-12-11,5.820833333333333
2014-12-12,2.1875
2014-12-13,1.075
2014-12-14,1.0458333333333334
2014-12-15,5.1499999999999995
2014-12-16,3.3958333333333335
2014-12-17,-2.9333333333333336
2014-12-18,-2.1374999999999997
2014-12-19,3.220833333333333
2014-12-20,4.816666666666666
2014-12-21,0.4166666666666667
2014-12-22,1.325
2014-12-23,3.8833333333333333
2014-12-24,7.066666666666666
2014-12-25,1.9916666666666665
2014-12-26,2.0166666666666666
2014-12-27,4.795833333333333
2014-12-28,5.454166666666667
2014-12-29,5.595833333333334
2014-12-30,7.270833333333333
2014-12-31,5.625
2015-01-01,-1.8916666666666666
2015-01-02,-0.6083333333333334
2015-01-03,1.3916666666666666
2015-01-04,6.316666666666666
2015-01-05,8.2875
2015-01-06,6.6499999999999995
2015-01-07,-0.012500000000000002
2015-01-08,1.0999999999999999
2015-01-09,2.2624999999999997
2015-01-10,3.4250000000000003
2015-01-11,4.0
2015-01-12,2.308333333333333
2015-01-13,5.183333333333334
2015-01-14,6.541666666666667
2015-01-15,7.095833333333334
2015-01-16,6.0249999999999995
2015-01-17,1.6375
2015-01-18,3.1875
2015-01-19,5.191666666666666
2015-01-20,3.920833333333333
2015-01-21,7.129166666666666
2015-01-22,6.0249999999999995
2015-01-23,4.783333333333333
2015-01-24,5.629166666666666
2015-01-25,7.758333333333333
2015-01-26,11.654166666666667
2015-01-27,4.708333333333333
2015-01-28,2.066666666666667
2015-01-29,5.3374999999999995
2015-01-30,3.5541666666666667
2015-01-31,0.625
2015-02-01,2.8874999999999997
2015-02-02,3.841666666666667
2015-02-03,5.3625
2015-02-04,4.370833333333333
2015-02-05,3.2541666666666664
2015-02-06,3.779166666666667
2015-02-07,5.495833333333334
2015-02-08,-0.6833333333333332
2015-02-09,-2.529166666666667
2015-02-10,3.8833333333333333
2015-02-11,6.125
2015-02-12,4.033333333333333
2015-02-13,1.2833333333333334
2015-02-14,4.5625
2015-02-15,7.9624999999999995
2015-02-16,8.737499999999999
2015-02-17,6.295833333333333
2015-02-18,4.204166666666667
2015-02-19,4.625
2015-02-20,5.708333333333333
2015-02-21,9.116666666666667
2015-02-22,11.391666666666666
2015-02-23,5.6125
2015-02-24,6.333333333333333
2015-02-25,7.804166666666667
2015-02-26,7.8500000000000005
2015-02-27,1.4541666666666666
2015-02-28,5.420833333333333
2015-03-01,5.166666666666667
2015-03-02,4.666666666666667
2015-03-03,5.4875
2015-03-04,2.341666666666667
2015-03-05,3.0250000000000004
2015-03-06,5.866666666666667
2015-03-07,6.875
2015-03-08,7.4624999999999995
2015-03-09,7.758333333333333
2015-03-10,-0.6625
2015-03-11,3.375
2015-03-12,4.479166666666667
2015-03-13,8.495833333333334
2015-03-14,7.291666666666667
2015-03-15,9.683333333333334
2015-03-16,10.329166666666667
2015-03-17,11.950000000000001
2015-03-18,11.458333333333334
2015-03-19,10.991666666666667
2015-03-20,11.679166666666667
2015-03-21,12.845833333333333
2015-03-22,12.65
2015-03-23,7.266666666666667
2015-03-24,6.9624999999999995
2015-03-25,8.366666666666665
2015-03-26,9.729166666666666
2015-03-27,10.579166666666667
2015-03-28,11.991666666666667
2015-03-29,13.1625
2015-03-30,12.979166666666666
2015-03-31,13.862499999999999
2015-04-01,12.654166666666667
2015-04-02,13.458333333333334
2015-04-03,15.487499999999999
2015-04-04,10.216666666666667
2015-04-05,11.137500000000001
2015-04-06,11.133333333333333
2015-04-07,8.829166666666667
2015-04-08,8.579166666666667
2015-04-09,9.016666666666667
2015-04-10,10.75
2015-04-11,11.141666666666666
2015-04-12,11.65
2015-04-13,11.262500000000001
2015-04-14,10.783333333333333
2015-04-15,11.862499999999999
2015-04-16,13.891666666666666
2015-04-17,11.745833333333332
2015-04-18,12.583333333333334
2015-04-19,15.441666666666668
2015-04-20,11.733333333333334
2015-04-21,11.933333333333332
2015-04-22,13.9625
2015-04-23,14.216666666666667
2015-04-24,14.799999999999999
2015-04-25,15.258333333333333
2015-04-26,15.799999999999999
2015-04-27,16.066666666666666
2015-04-28,16.045833333333334
2015-04-29,15.325000000000001
2015-04-30,15.554166666666667
2015-05-01,16.995833333333334
2015-05-02,17.691666666666666
2015-05-03,16.720833333333335
2015-05-04,18.491666666666667
2015-05-05,14.7125
2015-05-06,14.816666666666668
2015-05-07,15.733333333333334
2015-05-08,16.045833333333334
2015-05-09,16.595833333333335
2015-05-10,15.1875
2015-05-11,16.054166666666667
2015-05-12,15.991666666666667
2015-05-13,17.741666666666667
2015-05-14,17.8875
2015-05-15,18.383333333333333
2015-05-16,16.466666666666665
2015-05-17,17.016666666666666
2015-05-18,15.3375
2015-05-19,17.45
2015-05-20,17.1375
2015-05-21,17.341666666666665
2015-05-22,18.829166666666666
2015-05-23,18.433333333333334
2015-05-24,18.491666666666667
2015-05-25,19.349999999999998
2015-05-26,21.175
2015-05-27,21.054166666666667
2015-05-28,19.675
2015-05-29,20.170833333333334
2015-05-30,19.166666666666668
2015-05-31,19.129166666666666
2015-06-01,19.537499999999998
2015-06-02,19.820833333333333
2015-06-03,20.337500000000002
2015-06-04,19.566666666666666
2015-06-05,16.55
2015-06-06,16.908333333333335
2015-06-07,18.304166666666667
2015-06-08,19.349999999999998
2015-06-09,19.854166666666668
2015-06-10,21.166666666666668
2015-06-11,20.766666666666666
2015-06-12,22.5
2015-06-13,20.712500000000002
2015-06-14,20.6375
2015-06-15,20.970833333333335
2015-06-16,20.620833333333334
2015-06-17,19.966666666666665
2015-06-18,20.779166666666665
2015-06-19,20.474999999999998
2015-06-20,19.054166666666667
2015-06-21,19.558333333333334
2015-06-22,20.429166666666667
2015-06-23,21.125
2015-06-24,21.224999999999998
2015-06-25,21.287499999999998
2015-06-26,22.712500000000002
2015-06-27,21.145833333333332
2015-06-28,20.120833333333334
2015-06-29,20.912499999999998
2015-06-30,20.412499999999998
2015-07-01,21.641666666666666
2015-07-02,21.337500000000002
2015-07-03,22.416666666666668
2015-07-04,20.820833333333333
2015-07-05,20.641666666666666
2015-07-06,20.554166666666667
2015-07-07,19.7375
2015-07-08,20.725
2015-07-09,21.729166666666668
2015-07-10,22.09583333333333
2015-07-11,23.075
2015-07-12,23.379166666666666
2015-07-13,23.491666666666664
2015-07-14,23.270833333333332
2015-07-15,23.4875
2015-07-16,21.295833333333334
2015-07-17,19.920833333333334
2015-07-18,21.216666666666665
2015-07-19,22.104166666666668
2015-07-20,22.96666666666667
2015-07-21,23.704166666666666
2015-07-22,23.916666666666668
2015-07-23,24.55
2015-07-24,25.162499999999998
2015-07-25,25.3875
2015-07-26,25.8
2015-07-27,26.474999999999998
2015-07-28,27.02916666666667
2015-07-29,27.40833333333333
2015-07-30,27.045833333333334
2015-07-31,26.445833333333336
2015-08-01,26.6375
2015-08-02,26.304166666666664
2015-08-03,26.40833333333333
2015-08-04,26.516666666666666
2015-08-05,26.633333333333336
2015-08-06,26.879166666666666
2015-08-07,27.941666666666666
2015-08-08,27.895833333333332
2015-08-09,27.7375
2015-08-10,28.5
2015-08-11,27.508333333333336
2015-08-12,23.791666666666668
2015-08-13,25.287499999999998
2015-08-14,25.495833333333334
2015-08-15,25.495833333333334
2015-08-16,25.34583333333333
2015-08-17,24.829166666666666
2015-08-18,24.745833333333334
2015-08-19,25.2
2015-08-20,24.933333333333334
2015-08-21,23.162499999999998
2015-08-22,25.116666666666664
2015-08-23,25.587500000000002
2015-08-24,24.72083333333333
2015-08-25,23.379166666666666
2015-08-26,22.991666666666664
2015-08-27,23.979166666666668
2015-08-28,24.104166666666668
2015-08-29,23.691666666666666
2015-08-30,23.420833333333334
2015-08-31,23.84166666666667
2015-09-01,23.52916666666667
2015-09-02,23.383333333333336
2015-09-03,23.458333333333332
2015-09-04,23.429166666666664
2015-09-05,22.808333333333334
2015-09-06,21.65833333333333
2015-09-07,20.8875
2015-09-08,20.591666666666665
2015-09-09,21.395833333333332
2015-09-10,20.808333333333334
2015-09-11,21.708333333333332
2015-09-12,21.379166666666666
2015-09-13,20.254166666666666
2015-09-14,20.504166666666666
2015-09-15,20.695833333333333
2015-09-16,20.729166666666668
2015-09-17,19.400000000000002
2015-09-18,20.433333333333334
2015-09-19,20.095833333333335
2015-09-20,20.291666666666668
2015-09-21,21.120833333333334
2015-09-22,21.2
2015-09-23,21.033333333333335
2015-09-24,21.333333333333332
2015-09-25,21.308333333333334
2015-09-26,21.429166666666664
2015-09-27,21.087500000000002
2015-09-28,21.016666666666666
2015-09-29,20.879166666666666
2015-09-30,19.724999999999998
2015-10-01,21.53333333333333
2015-10-02,17.125
2015-10-03,19.3625
2015-10-04,18.608333333333334
2015-10-05,18.75
2015-10-06,18.45
2015-10-07,18.783333333333335
2015-10-08,18.695833333333333
2015-10-09,18.783333333333335
2015-10-10,16.716666666666665
2015-10-11,15.529166666666667
2015-10-12,15.5375
2015-10-13,16.337500000000002
2015-10-14,17.525000000000002
2015-10-15,17.6875
2015-10-16,17.879166666666666
2015-10-17,18.329166666666666
2015-10-18,18.366666666666667
2015-10-19,18.599999999999998
2015-10-20,18.525000000000002
2015-10-21,19.025000000000002
2015-10-22,17.654166666666665
2015-10-23,17.712500000000002
2015-10-24,18.575
2015-10-25,16.083333333333332
2015-10-26,15.683333333333332
2015-10-27,17.2
2015-10-28,13.541666666666666
2015-10-29,14.541666666666666
2015-10-30,11.741666666666667
2015-10-31,9.487499999999999
2015-11-01,11.745833333333332
2015-11-02,12.845833333333333
2015-11-03,13.645833333333334
2015-11-04,14.904166666666667
2015-11-05,15.154166666666667
2015-11-06,15.6625
2015-11-07,17.020833333333332
2015-11-08,16.058333333333334
2015-11-09,15.483333333333334
2015-11-10,13.674999999999999
2015-11-11,15.145833333333334
2015-11-12,16.345833333333335
2015-11-13,15.216666666666667
2015-11-14,16.770833333333332
2015-11-15,16.045833333333334
2015-11-16,16.658333333333335
2015-11-17,16.395833333333332
2015-11-18,14.191666666666668
2015-11-19,13.420833333333334
2015-11-20,13.908333333333333
2015-11-21,13.991666666666667
2015-11-22,14.445833333333333
2015-11-23,13.729166666666666
2015-11-24,11.275
2015-11-25,9.654166666666667
2015-11-26,4.433333333333334
2015-11-27,3.4499999999999997
2015-11-28,5.729166666666667
2015-11-29,7.858333333333333
2015-11-30,10.145833333333334
2015-12-01,10.1625
2015-12-02,13.049999999999999
2015-12-03,6.05
2015-12-04,4.904166666666667
2015-12-05,6.804166666666666
2015-12-06,7.358333333333333
2015-12-07,9.424999999999999
2015-12-08,10.450000000000001
2015-12-09,12.041666666666666
2015-12-10,12.729166666666666
2015-12-11,10.370833333333334
2015-12-12,8.833333333333334
2015-12-13,9.045833333333333
2015-12-14,10.3125
2015-12-15,10.6
2015-12-16,5.154166666666667
2015-12-17,0.7166666666666667
2015-12-18,2.216666666666667
2015-12-19,6.083333333333333
2015-12-20,8.512500000000001
2015-12-21,8.366666666666667
2015-12-22,8.416666666666666
2015-12-23,11.570833333333333
2015-12-24,8.875
2015-12-25,4.420833333333333
2015-12-26,6.941666666666666
2015-12-27,4.308333333333334
2015-12-28,0.525
2015-12-29,1.8083333333333333
2015-12-30,3.6875
2015-12-31,5.5249999999999995
2016-01-01,4.7375
2016-01-02,8.079166666666667
2016-01-03,9.8375
2016-01-04,8.208333333333334
2016-01-05,4.3625
2016-01-06,4.183333333333334
2016-01-07,2.7875
2016-01-08,1.8291666666666666
2016-01-09,2.7624999999999997
2016-01-10,4.145833333333333
2016-01-11,3.3833333333333333
2016-01-12,2.4875000000000003
2016-01-13,1.175
2016-01-14,2.0541666666666667
2016-01-15,3.891666666666667
2016-01-16,4.641666666666667
2016-01-17,7.0874999999999995
2016-01-18,2.1625
2016-01-19,-3.5375
2016-01-20,-2.7708333333333335
2016-01-21,-0.25416666666666665
2016-01-22,0.375
2016-01-23,-2.2041666666666666
2016-01-24,-6.6625000000000005
2016-01-25,-2.9375
2016-01-26,1.0375
2016-01-27,4.183333333333334
2016-01-28,3.954166666666667
2016-01-29,6.454166666666667
2016-01-30,6.745833333333334
2016-01-31,3.3249999999999997
2016-02-01,1.4166666666666667
2016-02-02,0.6833333333333332
2016-02-03,1.8624999999999998
2016-02-04,3.1791666666666667
2016-02-05,3.2541666666666664
2016-02-06,1.6833333333333333
2016-02-07,1.8833333333333335
2016-02-08,3.783333333333333
2016-02-09,4.783333333333333
2016-02-10,4.7375
2016-02-11,8.666666666666666
2016-02-12,12.862499999999999
2016-02-13,14.495833333333332
2016-02-14,6.0375000000000005
2016-02-15,-0.9041666666666667
2016-02-16,1.5916666666666666
2016-02-17,2.975
2016-02-18,5.020833333333333
2016-02-19,8.004166666666666
2016-02-20,7.633333333333333
2016-02-21,2.9291666666666667
2016-02-22,5.383333333333333
2016-02-23,6.779166666666666
2016-02-24,1.9541666666666666
2016-02-25,2.1374999999999997
2016-02-26,5.370833333333334
2016-02-27,9.345833333333333
2016-02-28,8.929166666666667
2016-02-29,1.2583333333333333
2016-03-01,0.975
2016-03-02,5.070833333333334
2016-03-03,9.670833333333333
2016-03-04,11.825000000000001
2016-03-05,13.420833333333334
2016-03-06,13.924999999999999
2016-03-07,11.0875
2016-03-08,9.266666666666667
2016-03-09,6.070833333333333
2016-03-10,4.6625000000000005
2016-03-11,2.795833333333333
2016-03-12,4.370833333333334
2016-03-13,6.945833333333333
2016-03-14,6.641666666666667
2016-03-15,7.258333333333333
2016-03-16,10.0875
2016-03-17,11.1875
2016-03-18,12.420833333333334
2016-03-19,11.658333333333333
2016-03-20,9.308333333333334
2016-03-21,8.941666666666666
2016-03-22,11.008333333333333
2016-03-23,10.229166666666666
2016-03-24,7.679166666666667
2016-03-25,7.670833333333333
2016-03-26,7.666666666666667
2016-03-27,8.479166666666666
2016-03-28,10.4
2016-03-29,12.170833333333334
2016-03-30,13.704166666666666
2016-03-31,13.15
2016-04-01,12.987499999999999
2016-04-02,13.370833333333332
2016-04-03,12.995833333333332
2016-04-04,11.808333333333332
2016-04-05,13.220833333333333
2016-04-06,13.191666666666668
2016-04-07,13.579166666666666
2016-04-08,14.283333333333333
2016-04-09,15.424999999999999
2016-04-10,13.579166666666666
2016-04-11,9.950000000000001
2016-04-12,11.9
2016-04-13,14.5875
2016-04-14,15.954166666666666
2016-04-15,13.075000000000001
2016-04-16,15.049999999999999
2016-04-17,14.950000000000001
2016-04-18,13.8375
2016-04-19,13.166666666666666
2016-04-20,13.983333333333334
2016-04-21,15.391666666666666
2016-04-22,14.725000000000001
2016-04-23,15.191666666666668
2016-04-24,14.254166666666668
2016-04-25,14.379166666666668
2016-04-26,14.8125
2016-04-27,12.295833333333334
2016-04-28,12.166666666666666
2016-04-29,13.625
2016-04-30,15.329166666666666
2016-05-01,16.366666666666667
2016-05-02,17.470833333333335
2016-05-03,16.4875
2016-05-04,16.8625
2016-05-05,16.745833333333334
2016-05-06,17.075
2016-05-07,18.0125
2016-05-08,16.579166666666666
2016-05-09,16.720833333333335
2016-05-10,15.125
2016-05-11,14.579166666666666
2016-05-12,16.191666666666666
2016-05-13,16.4375
2016-05-14,15.4125
2016-05-15,17.404166666666665
2016-05-16,16.17083333333333
2016-05-17,17.041666666666668
2016-05-18,18.349999999999998
2016-05-19,17.058333333333334
2016-05-20,18.05
2016-05-21,18.0625
2016-05-22,18.133333333333333
2016-05-23,18.741666666666667
2016-05-24,19.204166666666666
2016-05-25,18.816666666666666
2016-05-26,19.650000000000002
2016-05-27,21.087500000000002
2016-05-28,19.954166666666666
2016-05-29,19.625
2016-05-30,20.629166666666666
2016-05-31,21.162499999999998
2016-06-01,19.370833333333334
2016-06-02,18.558333333333334
2016-06-03,19.579166666666666
2016-06-04,19.170833333333334
2016-06-05,19.383333333333333
2016-06-06,19.287499999999998
2016-06-07,20.099999999999998
2016-06-08,20.016666666666666
2016-06-09,20.704166666666666
2016-06-10,20.55
2016-06-11,21.620833333333334
2016-06-12,21.370833333333334
2016-06-13,21.204166666666666
2016-06-14,20.658333333333335
2016-06-15,21.833333333333332
2016-06-16,23.070833333333336
2016-06-17,21.866666666666664
2016-06-18,21.77916666666667
2016-06-19,22.97083333333333
2016-06-20,22.599999999999998
2016-06-21,22.46666666666667
2016-06-22,21.462500000000002
2016-06-23,22.045833333333334
2016-06-24,22.479166666666668
2016-06-25,22.129166666666666
2016-06-26,22.195833333333336
2016-06-27,21.1375
2016-06-28,20.966666666666665
2016-06-29,21.224999999999998
2016-06-30,22.587500000000002
2016-07-01,22.587500000000002
2016-07-02,22.695833333333336
2016-07-03,22.2375
2016-07-04,22.787499999999998
2016-07-05,24.291666666666668
2016-07-06,24.916666666666668
2016-07-07,23.9375
2016-07-08,23.8875
2016-07-09,24.108333333333334
2016-07-10,24.854166666666668
2016-07-11,24.541666666666668
2016-07-12,24.420833333333334
2016-07-13,25.22083333333333
2016-07-14,24.8625
2016-07-15,23.333333333333332
2016-07-16,23.741666666666664
2016-07-17,24.141666666666666
2016-07-18,24.275000000000002
2016-07-19,23.979166666666668
2016-07-20,23.883333333333336
2016-07-21,23.704166666666666
2016-07-22,23.770833333333332
2016-07-23,24.5125
2016-07-24,25.766666666666666
2016-07-25,26.633333333333336
2016-07-26,26.90416666666667
2016-07-27,27.025000000000002
2016-07-28,27.329166666666666
2016-07-29,27.787499999999998
2016-07-30,28.133333333333336
2016-07-31,28.037499999999998
2016-08-01,27.825
2016-08-02,27.258333333333336
2016-08-03,26.145833333333332
2016-08-04,27.195833333333336
2016-08-05,27.354166666666668
2016-08-06,27.712500000000002
2016-08-07,28.116666666666664
2016-08-08,29.066666666666666
2016-08-09,27.629166666666666
2016-08-10,27.620833333333334
2016-08-11,28.604166666666668
2016-08-12,29.295833333333334
2016-08-13,29.704166666666666
2016-08-14,29.816666666666666
2016-08-15,29.445833333333336
2016-08-16,26.870833333333334
2016-08-17,27.650000000000002
2016-08-18,27.587500000000002
2016-08-19,27.641666666666666
2016-08-20,27.27916666666667
2016-08-21,27.5
2016-08-22,27.354166666666668
2016-08-23,26.712500000000002
2016-08-24,26.724999999999998
2016-08-25,27.445833333333336
2016-08-26,25.27916666666667
2016-08-27,23.8875
2016-08-28,20.866666666666667
2016-08-29,21.52916666666667
2016-08-30,22.40416666666667
2016-08-31,23.625
2016-09-01,25.291666666666668
2016-09-02,22.458333333333332
2016-09-03,24.395833333333332
2016-09-04,24.495833333333334
2016-09-05,24.400000000000002
2016-09-06,24.77916666666667
2016-09-07,25.087500000000002
2016-09-08,23.599999999999998
2016-09-09,23.133333333333336
2016-09-10,23.141666666666666
2016-09-11,23.866666666666664
2016-09-12,22.316666666666666
2016-09-13,22.65833333333333
2016-09-14,22.900000000000002
2016-09-15,23.125
2016-09-16,23.224999999999998
2016-09-17,22.204166666666666
2016-09-18,22.3
2016-09-19,21.3625
2016-09-20,20.445833333333333
2016-09-21,20.4875
2016-09-22,20.629166666666666
2016-09-23,20.858333333333334
2016-09-24,21.6875
2016-09-25,22.083333333333332
2016-09-26,23.325
2016-09-27,23.891666666666666
2016-09-28,22.78333333333333
2016-09-29,19.991666666666667
2016-09-30,19.412499999999998
2016-10-01,20.733333333333334
2016-10-02,22.066666666666666
2016-10-03,23.96666666666667
2016-10-04,22.40416666666667
2016-10-05,22.02916666666667
2016-10-06,20.829166666666666
2016-10-07,20.570833333333333
2016-10-08,20.099999999999998
2016-10-09,15.708333333333334
2016-10-10,16.829166666666666
2016-10-11,17.379166666666666
2016-10-12,17.558333333333334
2016-10-13,18.3
2016-10-14,18.529166666666665
2016-10-15,18.904166666666665
2016-10-16,19.195833333333333
2016-10-17,20.8
2016-10-18,19.254166666666666
2016-10-19,19.191666666666666
2016-10-20,18.970833333333335
2016-10-21,17.8125
2016-10-22,18.275000000000002
2016-10-23,16.666666666666668
2016-10-24,15.887500000000001
2016-10-25,19.349999999999998
2016-10-26,17.820833333333333
2016-10-27,17.45
2016-10-28,17.091666666666665
2016-10-29,14.695833333333333
2016-10-30,12.954166666666666
2016-10-31,13.4
2016-11-01,8.208333333333334
2016-11-02,7.979166666666667
2016-11-03,10.983333333333334
2016-11-04,12.5625
2016-11-05,15.700000000000001
2016-11-06,14.458333333333334
2016-11-07,14.183333333333332
2016-11-08,12.104166666666666
2016-11-09,8.625
2016-11-10,12.4
2016-11-11,12.070833333333333
2016-11-12,14.275
2016-11-13,16.570833333333333
2016-11-14,17.529166666666665
2016-11-15,13.804166666666667
2016-11-16,12.683333333333332
2016-11-17,12.883333333333333
2016-11-18,15.141666666666666
2016-11-19,16.329166666666666
2016-11-20,15.395833333333334
2016-11-21,15.929166666666667
2016-11-22,10.929166666666667
2016-11-23,7.7749999999999995
2016-11-24,3.275
2016-11-25,4.904166666666667
2016-11-26,6.591666666666666
2016-11-27,8.070833333333333
2016-11-28,6.870833333333334
2016-11-29,7.366666666666667
2016-11-30,12.108333333333334
2016-12-01,9.291666666666666
2016-12-02,6.191666666666666
2016-12-03,8.791666666666666
2016-12-04,10.766666666666666
2016-12-05,10.995833333333332
2016-12-06,5.1625
2016-12-07,6.145833333333333
2016-12-08,7.541666666666667
2016-12-09,8.170833333333333
2016-12-10,4.8500000000000005
2016-12-11,5.470833333333334
2016-12-12,9.479166666666666
2016-12-13,9.770833333333334
2016-12-14,6.2124999999999995
2016-12-15,2.4166666666666665
2016-12-16,0.9666666666666667
2016-12-17,5.358333333333333
2016-12-18,7.991666666666667
2016-12-19,10.979166666666666
2016-12-20,11.862499999999999
2016-12-21,13.983333333333334
2016-12-22,12.879166666666668
2016-12-23,4.8125
2016-12-24,4.291666666666667
2016-12-25,8.7875
2016-12-26,8.729166666666666
2016-12-27,4.183333333333334
2016-12-28,3.5375
2016-12-29,2.1125
2016-12-30,2.0875
2016-12-31,4.3875
2017-01-01,4.833333333333333
2017-01-02,5.8
2017-01-03,4.35
2017-01-04,5.345833333333334
2017-01-05,6.879166666666666
2017-01-06,6.904166666666666
2017-01-07,6.845833333333334
2017-01-08,8.404166666666667
2017-01-09,5.983333333333333
2017-01-10,1.5541666666666665
2017-01-11,-1.0583333333333333
2017-01-12,2.3333333333333335
2017-01-13,-0.05000000000000005
2017-01-14,-3.3625000000000003
2017-01-15,-2.725
2017-01-16,-0.2625
2017-01-17,2.1999999999999997
2017-01-18,3.9499999999999997
2017-01-19,3.025
2017-01-20,0.5499999999999999
2017-01-21,-0.8041666666666667
2017-01-22,-1.0666666666666667
2017-01-23,-3.85
2017-01-24,-2.5
2017-01-25,-0.6791666666666667
2017-01-26,1.1291666666666667
2017-01-27,5.004166666666666
2017-01-28,2.954166666666667
2017-01-29,6.170833333333333
2017-01-30,2.2875
2017-01-31,1.2291666666666667
2017-02-01,0.65
2017-02-02,0.4708333333333334
2017-02-03,2.954166666666667
2017-02-04,6.666666666666667
2017-02-05,6.916666666666667
2017-02-06,2.1791666666666667
2017-02-07,2.525
2017-02-08,4.279166666666667
2017-02-09,-0.13333333333333328
2017-02-10,-2.5791666666666666
2017-02-11,-1.95
2017-02-12,0.4958333333333333
2017-02-13,2.0375
2017-02-14,3.3874999999999997
2017-02-15,3.8375
2017-02-16,8.183333333333334
2017-02-17,10.308333333333334
2017-02-18,1.75
2017-02-19,3.7375000000000003
2017-02-20,7.545833333333333
2017-02-21,2.9791666666666665
2017-02-22,8.5
2017-02-23,3.7125000000000004
2017-02-24,0.9708333333333333
2017-02-25,3.029166666666667
2017-02-26,4.1499999999999995
2017-02-27,5.716666666666666
2017-02-28,6.495833333333334
2017-03-01,7.508333333333333
2017-03-02,6.1625000000000005
2017-03-03,4.308333333333334
2017-03-04,7.079166666666667
2017-03-05,7.579166666666667
2017-03-06,5.191666666666666
2017-03-07,1.8708333333333333
2017-03-08,1.5083333333333335
2017-03-09,5.266666666666667
2017-03-10,6.120833333333334
2017-03-11,7.029166666666666
2017-03-12,9.404166666666667
2017-03-13,9.075000000000001
2017-03-14,7.645833333333333
2017-03-15,6.429166666666667
2017-03-16,7.679166666666667
2017-03-17,8.066666666666666
2017-03-18,9.204166666666667
2017-03-19,9.195833333333333
2017-03-20,9.979166666666666
2017-03-21,8.733333333333333
2017-03-22,8.237499999999999
2017-03-23,9.529166666666667
2017-03-24,8.808333333333334
2017-03-25,9.35
2017-03-26,7.2875000000000005
2017-03-27,6.341666666666666
2017-03-28,7.704166666666667
2017-03-29,8.879166666666666
2017-03-30,10.799999999999999
2017-03-31,9.9
2017-04-01,8.2125
2017-04-02,7.4875
2017-04-03,11.004166666666668
2017-04-04,12.475
2017-04-05,13.387500000000001
2017-04-06,15.054166666666667
2017-04-07,14.179166666666667
2017-04-08,14.420833333333334
2017-04-09,12.795833333333334
2017-04-10,11.791666666666666
2017-04-11,11.683333333333332
2017-04-12,11.85
2017-04-13,12.4125
2017-04-14,14.375
2017-04-15,16.041666666666668
2017-04-16,16.483333333333334
2017-04-17,14.637500000000001
2017-04-18,14.275
2017-04-19,13.866666666666667
2017-04-20,13.383333333333333
2017-04-21,13.8375
2017-04-22,12.445833333333333
2017-04-23,13.299999999999999
2017-04-24,14.633333333333333
2017-04-25,16.537499999999998
2017-04-26,14.241666666666667
2017-04-27,13.6
2017-04-28,14.170833333333334
2017-04-29,16.679166666666667
2017-04-30,17.845833333333335
2017-05-01,15.966666666666667
2017-05-02,14.524999999999999
2017-05-03,15.725
2017-05-04,17.2375
2017-05-05,18.8
2017-05-06,17.962500000000002
2017-05-07,18.291666666666668
2017-05-08,19.416666666666668
2017-05-09,15.458333333333334
2017-05-10,16.75
2017-05-11,18.170833333333334
2017-05-12,16.8625
2017-05-13,17.116666666666667
2017-05-14,17.6125
2017-05-15,17.391666666666666
2017-05-16,16.4875
2017-05-17,16.529166666666665
2017-05-18,18.445833333333333
2017-05-19,20.766666666666666
2017-05-20,20.779166666666665
2017-05-21,20.3
2017-05-22,19.683333333333334
2017-05-23,19.558333333333334
2017-05-24,18.966666666666665
2017-05-25,21.1125
2017-05-26,16.870833333333334
2017-05-27,18.595833333333335
2017-05-28,19.375
2017-05-29,22.954166666666666
2017-05-30,23.454166666666666
2017-05-31,21.05
2017-06-01,21.59166666666667
2017-06-02,18.333333333333332
2017-06-03,19.545833333333334
2017-06-04,19.545833333333334
2017-06-05,18.974999999999998
2017-06-06,17.829166666666666
2017-06-07,19.583333333333332
2017-06-08,20.108333333333334
2017-06-09,21.679166666666664
2017-06-10,21.216666666666665
2017-06-11,18.5
2017-06-12,17.808333333333334
2017-06-13,17.7625
2017-06-14,20.066666666666666
2017-06-15,23.195833333333336
2017-06-16,19.708333333333332
2017-06-17,19.4375
2017-06-18,20.962500000000002
2017-06-19,22.704166666666666
2017-06-20,21.866666666666664
2017-06-21,21.52916666666667
2017-06-22,22.758333333333336
2017-06-23,22.84166666666667
2017-06-24,22.3125
2017-06-25,21.854166666666668
2017-06-26,22.05
2017-06-27,22.066666666666666
2017-06-28,23.337500000000002
2017-06-29,22.454166666666666
2017-06-30,23.287499999999998
2017-07-01,24.316666666666666
2017-07-02,24.2
2017-07-03,25.162499999999998
2017-07-04,24.691666666666666
2017-07-05,23.795833333333334
2017-07-06,24.104166666666668
2017-07-07,24.304166666666664
2017-07-08,24.933333333333334
2017-07-09,25.6375
2017-07-10,25.3
2017-07-11,24.733333333333334
2017-07-12,26.758333333333336
2017-07-13,25.537499999999998
2017-07-14,26.037499999999998
2017-07-15,25.775000000000002
2017-07-16,26.945833333333336
2017-07-17,27.204166666666666
2017-07-18,26.2
2017-07-19,27.150000000000002
2017-07-20,26.441666666666666
2017-07-21,28.28333333333333
2017-07-22,28.78333333333333
2017-07-23,27.858333333333334
2017-07-24,29.020833333333332
2017-07-25,26.208333333333332
2017-07-26,24.84583333333333
2017-07-27,24.575
2017-07-28,25.895833333333332
2017-07-29,25.125
2017-07-30,25.837500000000002
2017-07-31,25.46666666666667
2017-08-01,26.120833333333334
2017-08-02,25.712500000000002
2017-08-03,26.4375
2017-08-04,28.02916666666667
2017-08-05,28.979166666666668
2017-08-06,29.741666666666664
2017-08-07,29.175
2017-08-08,28.96666666666667
2017-08-09,25.958333333333332
2017-08-10,26.945833333333336
2017-08-11,26.120833333333334
2017-08-12,25.125
2017-08-13,24.608333333333334
2017-08-14,22.96666666666667
2017-08-15,24.787499999999998
2017-08-16,25.77916666666667
2017-08-17,25.599999999999998
2017-08-18,24.791666666666668
2017-08-19,24.96666666666667
2017-08-20,25.520833333333332
2017-08-21,25.650000000000002
2017-08-22,26.25
2017-08-23,27.587500000000002
2017-08-24,28.066666666666666
2017-08-25,26.09583333333333
2017-08-26,25.058333333333334
2017-08-27,23.925
2017-08-28,24.579166666666666
2017-08-29,25.03333333333333
2017-08-30,23.016666666666666
2017-08-31,22.295833333333334
2017-09-01,21.583333333333332
2017-09-02,21.204166666666666
2017-09-03,21.891666666666666
2017-09-04,22.8125
2017-09-05,22.7375
2017-09-06,23.108333333333334
2017-09-07,22.129166666666666
2017-09-08,22.995833333333334
2017-09-09,23.46666666666667
2017-09-10,23.433333333333334
2017-09-11,23.416666666666668
2017-09-12,23.150000000000002
2017-09-13,22.037499999999998
2017-09-14,21.695833333333336
2017-09-15,21.90416666666667
2017-09-16,22.129166666666666
2017-09-17,21.7625
2017-09-18,21.650000000000002
2017-09-19,22.125
2017-09-20,22.375
2017-09-21,20.579166666666666
2017-09-22,21.379166666666666
2017-09-23,21.570833333333336
2017-09-24,21.195833333333333
2017-09-25,22.162499999999998
2017-09-26,21.7625
2017-09-27,20.587500000000002
2017-09-28,20.495833333333334
2017-09-29,17.054166666666667
2017-09-30,18.333333333333332
2017-10-01,19.579166666666666
2017-10-02,21.462500000000002
2017-10-03,19.95
2017-10-04,18.229166666666668
2017-10-05,18.395833333333332
2017-10-06,18.891666666666666
2017-10-07,20.141666666666666
2017-10-08,20.708333333333332
2017-10-09,21.008333333333333
2017-10-10,21.675
2017-10-11,21.958333333333332
2017-10-12,16.712500000000002
2017-10-13,16.3
2017-10-14,16.095833333333335
2017-10-15,16.445833333333333
2017-10-16,17.3625
2017-10-17,17.654166666666665
2017-10-18,17.058333333333334
2017-10-19,17.1875
2017-10-20,16.962500000000002
2017-10-21,17.441666666666666
2017-10-22,17.670833333333334
2017-10-23,14.120833333333332
2017-10-24,13.666666666666666
2017-10-25,13.220833333333333
2017-10-26,14.408333333333333
2017-10-27,16.1125
2017-10-28,17.570833333333333
2017-10-29,16.691666666666666
2017-10-30,10.3375
2017-10-31,10.829166666666666
2017-11-01,12.308333333333332
2017-11-02,13.950000000000001
2017-11-03,14.841666666666667
2017-11-04,10.129166666666666
2017-11-05,10.095833333333333
2017-11-06,11.420833333333334
2017-11-07,14.104166666666666
2017-11-08,16.279166666666665
2017-11-09,12.620833333333332
2017-11-10,15.858333333333334
2017-11-11,9.029166666666667
2017-11-12,8.975
2017-11-13,11.25
2017-11-14,11.979166666666666
2017-11-15,7.783333333333334
2017-11-16,5.245833333333334
2017-11-17,8.5875
2017-11-18,5.104166666666667
2017-11-19,1.6624999999999999
2017-11-20,4.454166666666667
2017-11-21,6.070833333333333
2017-11-22,8.016666666666667
2017-11-23,4.7375
2017-11-24,4.5125
2017-11-25,5.8625
2017-11-26,11.887500000000001
2017-11-27,10.783333333333333
2017-11-28,12.983333333333334
2017-11-29,10.487499999999999
2017-11-30,5.325
2017-12-01,0.8125
2017-12-02,2.5416666666666665
2017-12-03,5.120833333333334
2017-12-04,5.433333333333334
2017-12-05,-0.9458333333333333
2017-12-06,1.7666666666666666
2017-12-07,4.391666666666667
2017-12-08,-0.1625
2017-12-09,1.5458333333333334
2017-12-10,5.033333333333333
2017-12-11,0.35000000000000003
2017-12-12,-3.9791666666666665
2017-12-13,-3.0375
2017-12-14,0.5124999999999998
2017-12-15,3.1333333333333333
2017-12-16,0.2625
2017-12-17,-2.9291666666666667
2017-12-18,0.3500000000000001
2017-12-19,1.1458333333333333
2017-12-20,0.11666666666666664
2017-12-21,1.75
2017-12-22,2.0083333333333333
2017-12-23,3.920833333333333
2017-12-24,7.229166666666667
2017-12-25,1.3791666666666667
2017-12-26,0.425
2017-12-27,-2.733333333333333
2017-12-28,0.35000000000000003
2017-12-29,2.2916666666666665
2017-12-30,4.016666666666667
2017-12-31,3.5083333333333333
2018-01-01,0.6916666666666668
2018-01-02,1.9416666666666664
2018-01-03,0.4166666666666667
2018-01-04,1.0583333333333333
2018-01-05,2.983333333333333
2018-01-06,1.0916666666666666
2018-01-07,2.65
2018-01-08,5.341666666666666
2018-01-09,0.7791666666666667
2018-01-10,-1.2249999999999999
2018-01-11,-5.125
2018-01-12,-6.208333333333333
2018-01-13,-1.9166666666666667
2018-01-14,1.0708333333333333
2018-01-15,5.866666666666667
2018-01-16,5.8500000000000005
2018-01-17,5.670833333333333
2018-01-18,4.383333333333334
2018-01-19,3.1333333333333333
2018-01-20,2.3958333333333335
2018-01-21,3.9625
2018-01-22,4.395833333333333
2018-01-23,-2.35
2018-01-24,-7.970833333333334
2018-01-25,-7.120833333333334
2018-01-26,-8.191666666666666
2018-01-27,-3.1833333333333336
2018-01-28,-0.49583333333333335
2018-01-29,-3.829166666666667
2018-01-30,-3.045833333333333
2018-01-31,0.4791666666666667
2018-02-01,1.1833333333333333
2018-02-02,1.5666666666666667
2018-02-03,-1.8208333333333335
2018-02-04,-5.4125000000000005
2018-02-05,-5.158333333333333
2018-02-06,-5.5874999999999995
2018-02-07,-4.479166666666667
2018-02-08,-0.5291666666666667
2018-02-09,5.1125
2018-02-10,3.858333333333333
2018-02-11,-1.9708333333333332
2018-02-12,-2.283333333333333
2018-02-13,0.004166666666666689
2018-02-14,6.370833333333334
2018-02-15,4.883333333333334
2018-02-16,4.7
2018-02-17,0.9833333333333334
2018-02-18,2.225
2018-02-19,4.404166666666667
2018-02-20,5.075
2018-02-21,3.620833333333333
2018-02-22,2.1166666666666667
2018-02-23,4.558333333333333
2018-02-24,6.895833333333333
2018-02-25,7.570833333333333
2018-02-26,4.8374999999999995
2018-02-27,7.9875
2018-02-28,8.5625
2018-03-01,5.645833333333333
2018-03-02,1.8166666666666667
2018-03-03,6.891666666666667
2018-03-04,11.554166666666667
2018-03-05,6.641666666666667
2018-03-06,5.583333333333333
2018-03-07,6.945833333333333
2018-03-08,4.5125
2018-03-09,4.045833333333333
2018-03-10,5.808333333333334
2018-03-11,6.9875
2018-03-12,8.354166666666666
2018-03-13,11.375
2018-03-14,13.225
2018-03-15,13.424999999999999
2018-03-16,4.941666666666666
2018-03-17,5.370833333333334
2018-03-18,8.754166666666666
2018-03-19,9.583333333333334
2018-03-20,5.758333333333333
2018-03-21,2.6625
2018-03-22,5.408333333333334
2018-03-23,6.429166666666667
2018-03-24,8.541666666666666
2018-03-25,10.933333333333332
2018-03-26,11.366666666666667
2018-03-27,12.141666666666666
2018-03-28,12.5625
2018-03-29,12.85
2018-03-30,11.029166666666667
2018-03-31,11.825000000000001
2018-04-01,14.0625
2018-04-02,15.775
2018-04-03,16.325
2018-04-04,11.704166666666666
2018-04-05,10.354166666666666
2018-04-06,10.266666666666667
2018-04-07,5.495833333333334
2018-04-08,7.154166666666666
2018-04-09,12.083333333333334
2018-04-10,13.495833333333332
2018-04-11,17.220833333333335
2018-04-12,14.1625
2018-04-13,12.116666666666667
2018-04-14,12.508333333333333
2018-04-15,11.8125
2018-04-16,11.275
2018-04-17,12.541666666666666
2018-04-18,12.841666666666667
2018-04-19,13.4625
2018-04-20,15.75
2018-04-21,16.150000000000002
2018-04-22,15.533333333333333
2018-04-23,12.129166666666668
2018-04-24,11.783333333333333
2018-04-25,12.604166666666666
2018-04-26,12.275
2018-04-27,14.65
2018-04-28,14.225
2018-04-29,15.1875
2018-04-30,16.958333333333332
2018-05-01,16.333333333333332
2018-05-02,15.179166666666667
2018-05-03,13.191666666666668
2018-05-04,13.608333333333334
2018-05-05,15.583333333333334
2018-05-06,15.716666666666667
2018-05-07,14.375
2018-05-08,13.5375
2018-05-09,12.358333333333334
2018-05-10,13.183333333333332
2018-05-11,15.395833333333334
2018-05-12,16.304166666666667
2018-05-13,18.708333333333332
2018-05-14,18.195833333333333
2018-05-15,19.491666666666667
2018-05-16,19.645833333333332
2018-05-17,19.779166666666665
2018-05-18,17.5125
2018-05-19,13.950000000000001
2018-05-20,14.325000000000001
2018-05-21,15.799999999999999
2018-05-22,16.866666666666667
2018-05-23,17.379166666666666
2018-05-24,17.875
2018-05-25,19.479166666666668
2018-05-26,18.974999999999998
2018-05-27,18.933333333333334
2018-05-28,19.208333333333332
2018-05-29,19.816666666666666
2018-05-30,21.008333333333333
2018-05-31,19.3125
2018-06-01,19.729166666666668
2018-06-02,21.808333333333334
2018-06-03,21.34166666666667
2018-06-04,21.445833333333336
2018-06-05,19.025000000000002
2018-06-06,20.020833333333332
2018-06-07,21.141666666666666
2018-06-08,22.166666666666668
2018-06-09,19.4625
2018-06-10,18.554166666666667
2018-06-11,16.9875
2018-06-12,17.220833333333335
2018-06-13,18.474999999999998
2018-06-14,18.870833333333334
2018-06-15,18.05
2018-06-16,17.366666666666667
2018-06-17,19.224999999999998
2018-06-18,20.854166666666668
2018-06-19,20.525000000000002
2018-06-20,21.425
2018-06-21,23.28333333333333
2018-06-22,22.162499999999998
2018-06-23,22.2625
2018-06-24,23.795833333333334
2018-06-25,23.65416666666667
2018-06-26,22.379166666666666
2018-06-27,23.09166666666667
2018-06-28,22.116666666666664
2018-06-29,22.583333333333332
2018-06-30,21.820833333333336
2018-07-01,23.45
2018-07-02,24.170833333333334
2018-07-03,22.708333333333332
2018-07-04,24.712500000000002
2018-07-05,22.054166666666664
2018-07-06,20.412499999999998
2018-07-07,19.6875
2018-07-08,19.895833333333332
2018-07-09,20.258333333333333
2018-07-10,23.150000000000002
2018-07-11,26.008333333333336
2018-07-12,26.4375
2018-07-13,26.849999999999998
2018-07-14,27.191666666666666
2018-07-15,27.837500000000002
2018-07-16,28.195833333333336
2018-07-17,27.766666666666666
2018-07-18,28.09583333333333
2018-07-19,28.479166666666668
2018-07-20,28.65416666666667
2018-07-21,28.670833333333334
2018-07-22,29.525000000000002
2018-07-23,29.724999999999998
2018-07-24,29.400000000000002
2018-07-25,29.816666666666666
2018-07-26,30.425
2018-07-27,29.416666666666668
2018-07-28,27.995833333333334
2018-07-29,28.020833333333332
2018-07-30,27.695833333333336
2018-07-31,28.125
2018-08-01,28.941666666666666
2018-08-02,28.5625
2018-08-03,29.599999999999998
2018-08-04,29.954166666666666
2018-08-05,31.554166666666664
2018-08-06,29.579166666666666
2018-08-07,27.191666666666666
2018-08-08,26.400000000000002
2018-08-09,27.108333333333334
2018-08-10,25.920833333333334
2018-08-11,26.912499999999998
2018-08-12,27.245833333333334
2018-08-13,29.22083333333333
2018-08-14,28.3875
2018-08-15,27.47083333333333
2018-08-16,25.9875
2018-08-17,24.933333333333334
2018-08-18,24.304166666666664
2018-08-19,23.925
2018-08-20,24.241666666666664
2018-08-21,26.849999999999998
2018-08-22,28.383333333333336
2018-08-23,27.608333333333334
2018-08-24,26.8875
2018-08-25,25.708333333333332
2018-08-26,25.666666666666668
2018-08-27,25.829166666666666
2018-08-28,25.9875
2018-08-29,26.162499999999998
2018-08-30,26.254166666666666
2018-08-31,25.27916666666667
2018-09-01,22.541666666666668
2018-09-02,22.454166666666666
2018-09-03,24.429166666666664
2018-09-04,25.445833333333336
2018-09-05,23.416666666666668
2018-09-06,22.3625
2018-09-07,21.933333333333334
2018-09-08,20.970833333333335
2018-09-09,20.8875
2018-09-10,20.783333333333335
2018-09-11,20.845833333333335
2018-09-12,21.59166666666667
2018-09-13,21.541666666666668
2018-09-14,22.3
2018-09-15,22.1375
2018-09-16,23.95
2018-09-17,23.395833333333332
2018-09-18,22.766666666666666
2018-09-19,22.104166666666668
2018-09-20,21.375
2018-09-21,21.120833333333334
2018-09-22,21.058333333333334
2018-09-23,21.233333333333334
2018-09-24,19.291666666666668
2018-09-25,18.45
2018-09-26,19.537499999999998
2018-09-27,18.73333333333333
2018-09-28,19.1875
2018-09-29,17.770833333333332
2018-09-30,18.875
2018-10-01,16.733333333333334
2018-10-02,16.383333333333333
2018-10-03,17.333333333333332
2018-10-04,19.558333333333334
2018-10-05,20.037499999999998
2018-10-06,21.474999999999998
2018-10-07,19.929166666666667
2018-10-08,17.070833333333333
2018-10-09,17.141666666666666
2018-10-10,16.400000000000002
2018-10-11,12.666666666666666
2018-10-12,12.133333333333333
2018-10-13,15.012500000000001
2018-10-14,15.7875
2018-10-15,15.712499999999999
2018-10-16,14.904166666666667
2018-10-17,15.225
2018-10-18,14.029166666666667
2018-10-19,14.229166666666666
2018-10-20,14.0
2018-10-21,14.1875
2018-10-22,15.399999999999999
2018-10-23,15.887500000000001
2018-10-24,14.3125
2018-10-25,14.262500000000001
2018-10-26,14.674999999999999
2018-10-27,11.933333333333332
2018-10-28,11.8125
2018-10-29,12.729166666666666
2018-10-30,9.495833333333334
2018-10-31,9.987499999999999
2018-11-01,10.0875
2018-11-02,11.216666666666667
2018-11-03,12.3125
2018-11-04,12.770833333333334
2018-11-05,13.225
2018-11-06,14.612499999999999
2018-11-07,15.904166666666667
2018-11-08,16.337500000000002
2018-11-09,13.429166666666667
2018-11-10,12.033333333333333
2018-11-11,12.395833333333334
2018-11-12,12.112499999999999
2018-11-13,12.079166666666666
2018-11-14,11.045833333333334
2018-11-15,11.637500000000001
2018-11-16,11.645833333333334
2018-11-17,10.65
2018-11-18,8.341666666666667
2018-11-19,9.049999999999999
2018-11-20,8.333333333333334
2018-11-21,9.208333333333334
2018-11-22,6.141666666666667
2018-11-23,3.5875
2018-11-24,6.020833333333333
2018-11-25,6.670833333333333
2018-11-26,7.654166666666666
2018-11-27,9.270833333333334
2018-11-28,9.045833333333333
2018-11-29,7.854166666666667
2018-11-30,8.141666666666667
2018-12-01,8.299999999999999
2018-12-02,11.816666666666668
2018-12-03,15.829166666666666
2018-12-04,12.845833333333333
2018-12-05,7.808333333333334
2018-12-06,7.104166666666667
2018-12-07,-0.4375
2018-12-08,-3.2875
2018-12-09,-1.8875
2018-12-10,1.6583333333333332
2018-12-11,5.325
2018-12-12,1.3791666666666667
2018-12-13,1.1458333333333333
2018-12-14,-0.32916666666666666
2018-12-15,1.0208333333333333
2018-12-16,1.7541666666666667
2018-12-17,2.0416666666666665
2018-12-18,2.716666666666667
2018-12-19,6.758333333333333
2018-12-20,7.675
2018-12-21,9.916666666666666
2018-12-22,9.091666666666667
2018-12-23,7.441666666666666
2018-12-24,1.1833333333333333
2018-12-25,1.9458333333333335
2018-12-26,4.6125
2018-12-27,-2.2624999999999997
2018-12-28,-5.208333333333333
2018-12-29,-3.9
2018-12-30,-2.3541666666666665
2018-12-31,2.8083333333333336
2019-01-01,0.03333333333333333
2019-01-02,-0.6333333333333333
2019-01-03,0.11666666666666665
2019-01-04,1.75
2019-01-05,2.7083333333333335
2019-01-06,2.8541666666666665
2019-01-07,1.633333333333333
2019-01-08,1.5583333333333333
2019-01-09,-0.02083333333333336
2019-01-10,2.841666666666667
2019-01-11,3.8333333333333335
2019-01-12,5.504166666666666
2019-01-13,4.929166666666666
2019-01-14,4.1625
2019-01-15,3.533333333333333
2019-01-16,-1.679166666666667
2019-01-17,0.5249999999999999
2019-01-18,2.4291666666666667
2019-01-19,4.854166666666667
2019-01-20,4.079166666666667
2019-01-21,0.9416666666666668
2019-01-22,2.704166666666667
2019-01-23,3.9333333333333336
2019-01-24,2.920833333333333
2019-01-25,2.4125
2019-01-26,-0.8333333333333334
2019-01-27,1.0083333333333333
2019-01-28,2.9583333333333335
2019-01-29,2.2416666666666667
2019-01-30,5.116666666666666
2019-01-31,1.9000000000000001
2019-02-01,-0.8208333333333333
2019-02-02,1.4124999999999999
2019-02-03,10.291666666666666
2019-02-04,4.3500000000000005
2019-02-05,4.083333333333333
2019-02-06,7.0375000000000005
2019-02-07,5.3125
2019-02-08,0.7208333333333333
2019-02-09,0.9
2019-02-10,1.5875000000000001
2019-02-11,0.8458333333333333
2019-02-12,1.6583333333333332
2019-02-13,2.775
2019-02-14,3.3083333333333336
2019-02-15,5.891666666666667
2019-02-16,1.8791666666666667
2019-02-17,0.9375
2019-02-18,3.5875
2019-02-19,6.608333333333333
2019-02-20,4.129166666666666
2019-02-21,4.295833333333333
2019-02-22,6.533333333333334
2019-02-23,7.395833333333333
2019-02-24,6.716666666666668
2019-02-25,7.800000000000001
2019-02-26,8.954166666666667
2019-02-27,9.679166666666667
2019-02-28,8.891666666666667
2019-03-01,8.679166666666667
2019-03-02,9.0625
2019-03-03,10.070833333333333
2019-03-04,9.625
2019-03-05,9.770833333333334
2019-03-06,8.6625
2019-03-07,7.5375000000000005
2019-03-08,8.158333333333333
2019-03-09,9.395833333333334
2019-03-10,8.279166666666667
2019-03-11,7.7375
2019-03-12,8.066666666666666
2019-03-13,3.8708333333333336
2019-03-14,5.3875
2019-03-15,6.554166666666667
2019-03-16,5.820833333333333
2019-03-17,7.5249999999999995
2019-03-18,9.979166666666666
2019-03-19,11.525
2019-03-20,12.420833333333334
2019-03-21,14.729166666666666
2019-03-22,7.579166666666667
2019-03-23,5.995833333333334
2019-03-24,5.233333333333333
2019-03-25,6.908333333333334
2019-03-26,10.720833333333333
2019-03-27,12.108333333333334
2019-03-28,10.887500000000001
2019-03-29,12.054166666666667
2019-03-30,10.799999999999999
2019-03-31,6.875
2019-04-01,5.866666666666667
2019-04-02,7.166666666666667
2019-04-03,7.979166666666667
2019-04-04,9.6
2019-04-05,12.695833333333333
2019-04-06,12.258333333333333
2019-04-07,11.708333333333334
2019-04-08,11.200000000000001
2019-04-09,10.479166666666666
2019-04-10,9.279166666666667
2019-04-11,9.075000000000001
2019-04-12,10.579166666666667
2019-04-13,11.608333333333334
2019-04-14,11.470833333333333
2019-04-15,10.450000000000001
2019-04-16,12.970833333333333
2019-04-17,15.141666666666666
2019-04-18,14.645833333333334
2019-04-19,12.370833333333332
2019-04-20,12.420833333333334
2019-04-21,15.266666666666666
2019-04-22,15.433333333333332
2019-04-23,15.070833333333333
2019-04-24,17.016666666666666
2019-04-25,13.9375
2019-04-26,11.295833333333334
2019-04-27,11.058333333333332
2019-04-28,11.666666666666666
2019-04-29,12.658333333333333
2019-04-30,14.358333333333334
2019-05-01,15.766666666666666
2019-05-02,15.3375
2019-05-03,15.870833333333332
2019-05-04,16.366666666666667
2019-05-05,17.629166666666666
2019-05-06,14.529166666666667
2019-05-07,13.566666666666668
2019-05-08,15.054166666666667
2019-05-09,16.391666666666666
2019-05-10,17.170833333333334
2019-05-11,18.295833333333334
2019-05-12,17.45
2019-05-13,16.441666666666666
2019-05-14,18.829166666666666
2019-05-15,19.445833333333333
2019-05-16,20.224999999999998
2019-05-17,19.833333333333332
2019-05-18,17.433333333333334
2019-05-19,18.912499999999998
2019-05-20,18.104166666666668
2019-05-21,15.908333333333333
2019-05-22,17.833333333333332
2019-05-23,19.55
2019-05-24,20.7625
2019-05-25,22.77916666666667
2019-05-26,21.566666666666666
2019-05-27,19.2375
2019-05-28,17.345833333333335
2019-05-29,18.8625
2019-05-30,19.7
2019-05-31,17.441666666666666
2019-06-01,18.395833333333332
2019-06-02,19.275
2019-06-03,20.570833333333333
2019-06-04,21.995833333333334
2019-06-05,21.991666666666664
2019-06-06,21.59583333333333
2019-06-07,19.329166666666666
2019-06-08,18.533333333333335
2019-06-09,17.466666666666665
2019-06-10,17.641666666666666
2019-06-11,17.516666666666666
2019-06-12,18.041666666666668
2019-06-13,18.366666666666667
2019-06-14,19.2625
2019-06-15,19.533333333333335
2019-06-16,18.804166666666667
2019-06-17,19.858333333333334
2019-06-18,20.829166666666666
2019-06-19,21.729166666666668
2019-06-20,22.920833333333334
2019-06-21,22.96666666666667
2019-06-22,20.037499999999998
2019-06-23,19.466666666666665
2019-06-24,19.683333333333334
2019-06-25,20.433333333333334
2019-06-26,20.395833333333332
2019-06-27,22.491666666666664
2019-06-28,21.754166666666666
2019-06-29,21.0125
2019-06-30,23.295833333333334
2019-07-01,23.175
2019-07-02,23.662499999999998
2019-07-03,21.8
2019-07-04,23.55
2019-07-05,22.733333333333334
2019-07-06,22.224999999999998
2019-07-07,21.495833333333334
2019-07-08,21.150000000000002
2019-07-09,21.40833333333333
2019-07-10,21.079166666666666
2019-07-11,23.954166666666666
2019-07-12,23.104166666666668
2019-07-13,21.97083333333333
2019-07-14,22.329166666666666
2019-07-15,22.495833333333334
2019-07-16,22.65833333333333
2019-07-17,22.633333333333336
2019-07-18,22.09583333333333
2019-07-19,23.170833333333334
2019-07-20,23.616666666666664
2019-07-21,23.995833333333334
2019-07-22,25.483333333333334
2019-07-23,25.84583333333333
2019-07-24,25.133333333333336
2019-07-25,25.075
2019-07-26,25.666666666666668
2019-07-27,24.958333333333332
2019-07-28,26.02916666666667
2019-07-29,25.97083333333333
2019-07-30,26.358333333333334
2019-07-31,27.037499999999998
2019-08-01,27.3875
2019-08-02,28.004166666666666
2019-08-03,27.4375
2019-08-04,27.670833333333334
2019-08-05,27.575
2019-08-06,25.641666666666666
2019-08-07,26.941666666666666
2019-08-08,27.508333333333336
2019-08-09,27.458333333333332
2019-08-10,26.829166666666666
2019-08-11,26.912499999999998
2019-08-12,27.945833333333336
2019-08-13,28.308333333333334
2019-08-14,27.629166666666666
2019-08-15,26.854166666666668
2019-08-16,27.333333333333332
2019-08-17,25.97083333333333
2019-08-18,26.337500000000002
2019-08-19,25.829166666666666
2019-08-20,25.320833333333336
2019-08-21,25.462500000000002
2019-08-22,25.97083333333333
2019-08-23,25.179166666666664
2019-08-24,24.041666666666668
2019-08-25,23.208333333333332
2019-08-26,23.679166666666664
2019-08-27,23.8
2019-08-28,23.616666666666664
2019-08-29,22.275000000000002
2019-08-30,23.47083333333333
2019-08-31,22.895833333333332
2019-09-01,22.84583333333333
2019-09-02,21.275000000000002
2019-09-03,22.65833333333333
2019-09-04,23.495833333333334
2019-09-05,25.241666666666664
2019-09-06,26.075
2019-09-07,25.870833333333334
2019-09-08,24.916666666666668
2019-09-09,25.816666666666666
2019-09-10,25.84583333333333
2019-09-11,24.620833333333334
2019-09-12,22.316666666666666
2019-09-13,22.491666666666664
2019-09-14,22.645833333333332
2019-09-15,23.508333333333336
2019-09-16,22.195833333333336
2019-09-17,21.920833333333334
2019-09-18,21.7
2019-09-19,20.587500000000002
2019-09-20,21.1125
2019-09-21,19.212500000000002
2019-09-22,18.441666666666666
2019-09-23,18.095833333333335
2019-09-24,18.900000000000002
2019-09-25,19.608333333333334
2019-09-26,21.629166666666666
2019-09-27,21.258333333333333
2019-09-28,22.075
2019-09-29,22.6875
2019-09-30,22.7625
2019-10-01,22.325
2019-10-02,22.47083333333333
2019-10-03,23.787499999999998
2019-10-04,21.033333333333335
2019-10-05,21.05
2019-10-06,17.8125
2019-10-07,17.995833333333334
2019-10-08,17.733333333333334
2019-10-09,16.0125
2019-10-10,17.516666666666666
2019-10-11,19.1875
2019-10-12,19.083333333333332
2019-10-13,17.120833333333334
2019-10-14,16.920833333333334
2019-10-15,15.533333333333333
2019-10-16,14.941666666666668
2019-10-17,16.333333333333332
2019-10-18,17.508333333333333
2019-10-19,18.079166666666666
2019-10-20,17.470833333333335
2019-10-21,17.325
2019-10-22,17.9875
2019-10-23,17.658333333333335
2019-10-24,17.683333333333334
2019-10-25,18.1125
2019-10-26,16.133333333333333
2019-10-27,12.4375
2019-10-28,12.754166666666668
2019-10-29,14.112499999999999
2019-10-30,12.533333333333333
2019-10-31,13.191666666666668
2019-11-01,14.691666666666668
2019-11-02,15.916666666666666
2019-11-03,15.070833333333333
2019-11-04,14.0875
2019-11-05,13.379166666666668
2019-11-06,12.6875
2019-11-07,12.808333333333332
2019-11-08,12.416666666666666
2019-11-09,11.625
2019-11-10,12.783333333333333
2019-11-11,13.166666666666666
2019-11-12,11.441666666666668
2019-11-13,11.779166666666667
2019-11-14,5.7875000000000005
2019-11-15,8.241666666666667
2019-11-16,12.241666666666667
2019-11-17,14.583333333333334
2019-11-18,13.166666666666666
2019-11-19,5.6625000000000005
2019-11-20,4.6000000000000005
2019-11-21,8.233333333333333
2019-11-22,12.570833333333333
2019-11-23,13.279166666666667
2019-11-24,14.112499999999999
2019-11-25,10.345833333333333
2019-11-26,10.8125
2019-11-27,9.420833333333333
2019-11-28,8.691666666666666
2019-11-29,6.575
2019-11-30,8.112499999999999
2019-12-01,8.429166666666667
2019-12-02,5.3374999999999995
2019-12-03,3.1625
2019-12-04,4.866666666666666
2019-12-05,2.7541666666666664
2019-12-06,-0.7083333333333334
2019-12-07,1.1375
2019-12-08,2.8833333333333333
2019-12-09,4.058333333333334
2019-12-10,7.625
2019-12-11,9.366666666666667
2019-12-12,3.095833333333333
2019-12-13,3.4875000000000003
2019-12-14,5.504166666666666
2019-12-15,8.299999999999999
2019-12-16,8.483333333333333
2019-12-17,10.266666666666667
2019-12-18,8.549999999999999
2019-12-19,4.845833333333333
2019-12-20,3.0500000000000003
2019-12-21,3.283333333333333
2019-12-22,4.795833333333333
2019-12-23,4.783333333333333
2019-12-24,5.270833333333333
2019-12-25,7.8374999999999995
2019-12-26,7.3999999999999995
2019-12-27,2.1458333333333335
2019-12-28,1.7750000000000001
2019-12-29,4.233333333333333
2019-12-30,8.504166666666666
2019-12-31,-1.5416666666666667
2020-01-01,-0.37916666666666665
2020-01-02,2.3625
2020-01-03,3.85
2020-01-04,3.2083333333333335
2020-01-05,4.341666666666667
2020-01-06,6.925
2020-01-07,13.695833333333333
2020-01-08,7.554166666666667
2020-01-09,4.0125
2020-01-10,2.9458333333333333
2020-01-11,3.9250000000000003
2020-01-12,3.275
2020-01-13,1.4166666666666667
2020-01-14,1.1208333333333333
2020-01-15,0.7041666666666666
2020-01-16,1.7208333333333334
2020-01-17,4.520833333333333
2020-01-18,3.9416666666666664
2020-01-19,2.775
2020-01-20,2.7083333333333335
2020-01-21,2.0375
2020-01-22,6.033333333333334
2020-01-23,8.15
2020-01-24,7.6499999999999995
2020-01-25,8.829166666666667
2020-01-26,8.566666666666666
2020-01-27,7.808333333333334
2020-01-28,7.529166666666666
2020-01-29,7.066666666666666
2020-01-30,5.629166666666666
2020-01-31,4.870833333333334
2020-02-01,3.329166666666667
2020-02-02,3.7875
2020-02-03,3.1916666666666664
2020-02-04,2.3333333333333335
2020-02-05,-0.5333333333333333
2020-02-06,-0.8333333333333334
2020-02-07,3.4625
2020-02-08,2.4291666666666667
2020-02-09,1.8666666666666665
2020-02-10,3.4291666666666667
2020-02-11,6.941666666666666
2020-02-12,10.6625
2020-02-13,9.674999999999999
2020-02-14,9.65
2020-02-15,11.429166666666667
2020-02-16,6.908333333333334
2020-02-17,-0.16249999999999995
2020-02-18,-0.6541666666666666
2020-02-19,3.591666666666667
2020-02-20,6.6125
2020-02-21,8.766666666666667
2020-02-22,8.625
2020-02-23,4.316666666666667
2020-02-24,6.7749999999999995
2020-02-25,9.4
2020-02-26,9.158333333333333
2020-02-27,5.941666666666666
2020-02-28,6.1625000000000005
2020-02-29,7.741666666666667
2020-03-01,8.666666666666666
2020-03-02,7.345833333333334
2020-03-03,8.208333333333334
2020-03-04,6.691666666666666
2020-03-05,3.1875
2020-03-06,5.083333333333333
2020-03-07,7.283333333333334
2020-03-08,8.4375
2020-03-09,10.35
2020-03-10,9.829166666666667
2020-03-11,5.879166666666666
2020-03-12,6.375
2020-03-13,9.483333333333333
2020-03-14,5.829166666666667
2020-03-15,6.020833333333333
2020-03-16,4.825
2020-03-17,8.633333333333333
2020-03-18,9.258333333333333
2020-03-19,11.795833333333334
2020-03-20,8.383333333333333
2020-03-21,12.170833333333334
2020-03-22,12.708333333333334
2020-03-23,11.058333333333332
2020-03-24,10.383333333333333
2020-03-25,11.995833333333332
2020-03-26,13.299999999999999
2020-03-27,14.35
2020-03-28,9.145833333333334
2020-03-29,8.779166666666667
2020-03-30,10.200000000000001
2020-03-31,10.979166666666666
2020-04-01,11.341666666666667
2020-04-02,9.833333333333334
2020-04-03,11.424999999999999
2020-04-04,10.970833333333333
2020-04-05,8.304166666666667
2020-04-06,9.341666666666667
2020-04-07,12.233333333333334
2020-04-08,11.845833333333333
2020-04-09,10.445833333333335
2020-04-10,9.6625
2020-04-11,9.695833333333333
2020-04-12,8.920833333333333
2020-04-13,9.279166666666667
2020-04-14,11.674999999999999
2020-04-15,11.950000000000001
2020-04-16,11.629166666666668
2020-04-17,12.354166666666666
2020-04-18,12.575000000000001
2020-04-19,11.466666666666667
2020-04-20,13.329166666666666
2020-04-21,11.279166666666667
2020-04-22,8.375
2020-04-23,8.770833333333334
2020-04-24,9.408333333333333
2020-04-25,13.6625
2020-04-26,12.891666666666666
2020-04-27,12.183333333333332
2020-04-28,12.654166666666667
2020-04-29,14.375
2020-04-30,15.475
2020-05-01,18.191666666666666
2020-05-02,17.8625
2020-05-03,16.145833333333332
2020-05-04,18.829166666666666
2020-05-05,14.637500000000001
2020-05-06,15.808333333333332
2020-05-07,14.125
2020-05-08,15.791666666666666
2020-05-09,16.295833333333334
2020-05-10,17.162499999999998
2020-05-11,18.733333333333334
2020-05-12,17.416666666666668
2020-05-13,15.958333333333334
2020-05-14,16.891666666666666
2020-05-15,15.612499999999999
2020-05-16,17.825
2020-05-17,17.145833333333332
2020-05-18,16.854166666666668
2020-05-19,15.570833333333333
2020-05-20,13.816666666666668
2020-05-21,14.075000000000001
2020-05-22,14.4
2020-05-23,15.741666666666667
2020-05-24,17.712500000000002
2020-05-25,18.470833333333335
2020-05-26,18.104166666666668
2020-05-27,18.241666666666667
2020-05-28,18.474999999999998
2020-05-29,18.2375
2020-05-30,18.154166666666665
2020-05-31,18.304166666666667
2020-06-01,21.320833333333333
2020-06-02,19.5375
2020-06-03,20.383333333333333
2020-06-04,22.75
2020-06-05,21.2625
2020-06-06,19.291666666666668
2020-06-07,19.8375
2020-06-08,21.3875
2020-06-09,22.320833333333336
2020-06-10,23.320833333333336
2020-06-11,22.275000000000002
2020-06-12,22.45
2020-06-13,21.579166666666666
2020-06-14,23.175
2020-06-15,22.604166666666668
2020-06-16,21.995833333333334
2020-06-17,20.745833333333334
2020-06-18,18.729166666666668
2020-06-19,20.7375
2020-06-20,20.045833333333334
2020-06-21,19.816666666666666
2020-06-22,20.849999999999998
2020-06-23,21.733333333333334
2020-06-24,21.587500000000002
2020-06-25,22.037499999999998
2020-06-26,23.15416666666667
2020-06-27,22.679166666666664
2020-06-28,23.72083333333333
2020-06-29,21.570833333333336
2020-06-30,22.6875
2020-07-01,20.791666666666668
2020-07-02,21.241666666666667
2020-07-03,20.083333333333332
2020-07-04,20.345833333333335
2020-07-05,21.05
2020-07-06,22.150000000000002
2020-07-07,22.4875
2020-07-08,23.333333333333332
2020-07-09,21.954166666666666
2020-07-10,22.412499999999998
2020-07-11,22.4375
2020-07-12,20.120833333333334
2020-07-13,19.883333333333333
2020-07-14,20.054166666666667
2020-07-15,19.216666666666665
2020-07-16,20.170833333333334
2020-07-17,20.525000000000002
2020-07-18,20.604166666666668
2020-07-19,23.116666666666664
2020-07-20,24.65416666666667
2020-07-21,24.633333333333336
2020-07-22,22.5
2020-07-23,22.0625
2020-07-24,22.775000000000002
2020-07-25,22.116666666666664
2020-07-26,23.15416666666667
2020-07-27,22.212500000000002
2020-07-28,22.833333333333332
2020-07-29,23.770833333333332
2020-07-30,24.5625
2020-07-31,25.575
2020-08-01,25.829166666666666
2020-08-02,26.004166666666666
2020-08-03,26.15416666666667
2020-08-04,26.166666666666668
2020-08-05,26.287499999999998
2020-08-06,25.770833333333332
2020-08-07,25.141666666666666
2020-08-08,25.291666666666668
2020-08-09,26.391666666666666
2020-08-10,26.270833333333332
2020-08-11,25.991666666666664
2020-08-12,26.175
2020-08-13,27.150000000000002
2020-08-14,27.2625
2020-08-15,27.666666666666668
2020-08-16,27.47083333333333
2020-08-17,28.004166666666666
2020-08-18,27.78333333333333
2020-08-19,28.433333333333334
2020-08-20,27.920833333333334
2020-08-21,25.900000000000002
2020-08-22,25.433333333333334
2020-08-23,25.833333333333332
2020-08-24,26.724999999999998
2020-08-25,27.770833333333332
2020-08-26,27.608333333333334
2020-08-27,26.245833333333334
2020-08-28,26.34166666666667
2020-08-29,27.1125
2020-08-30,27.150000000000002
2020-08-31,25.233333333333334
2020-09-01,25.59166666666667
2020-09-02,26.629166666666666
2020-09-03,25.599999999999998
2020-09-04,23.616666666666664
2020-09-05,20.666666666666668
2020-09-06,20.195833333333333
2020-09-07,22.933333333333334
2020-09-08,24.304166666666664
2020-09-09,23.495833333333334
2020-09-10,22.758333333333336
2020-09-11,22.28333333333333
2020-09-12,21.5125
2020-09-13,20.0625
2020-09-14,21.333333333333332
2020-09-15,22.054166666666664
2020-09-16,22.191666666666666
2020-09-17,21.025000000000002
2020-09-18,19.408333333333335
2020-09-19,19.958333333333332
2020-09-20,20.016666666666666
2020-09-21,18.908333333333335
2020-09-22,19.416666666666668
2020-09-23,19.891666666666666
2020-09-24,19.974999999999998
2020-09-25,19.983333333333334
2020-09-26,19.25
2020-09-27,18.891666666666666
2020-09-28,18.345833333333335
2020-09-29,18.954166666666666
2020-09-30,19.216666666666665
2020-10-01,18.775000000000002
2020-10-02,19.870833333333334
2020-10-03,20.679166666666667
2020-10-04,20.8875
2020-10-05,16.099999999999998
2020-10-06,16.358333333333334
2020-10-07,17.404166666666665
2020-10-08,18.616666666666667
2020-10-09,18.466666666666665
2020-10-10,18.520833333333332
2020-10-11,17.166666666666668
2020-10-12,17.804166666666667
2020-10-13,17.420833333333334
2020-10-14,15.895833333333334
2020-10-15,15.233333333333334
2020-10-16,15.779166666666667
2020-10-17,15.6625
2020-10-18,15.645833333333334
2020-10-19,15.895833333333334
2020-10-20,16.508333333333333
2020-10-21,17.004166666666666
2020-10-22,15.670833333333334
2020-10-23,11.658333333333333
2020-10-24,10.325000000000001
2020-10-25,12.491666666666667
2020-10-26,12.875
2020-10-27,14.375
2020-10-28,14.904166666666667
2020-10-29,13.645833333333334
2020-10-30,13.737499999999999
2020-10-31,13.6
2020-11-01,13.970833333333333
2020-11-02,13.674999999999999
2020-11-03,8.320833333333333
2020-11-04,6.829166666666667
2020-11-05,8.924999999999999
2020-11-06,13.541666666666666
2020-11-07,15.525
2020-11-08,11.770833333333334
2020-11-09,7.4624999999999995
2020-11-10,9.0625
2020-11-11,9.954166666666667
2020-11-12,12.129166666666668
2020-11-13,12.362499999999999
2020-11-14,13.891666666666666
2020-11-15,14.0375
2020-11-16,13.445833333333333
2020-11-17,16.404166666666665
2020-11-18,18.25
2020-11-19,18.900000000000002
2020-11-20,11.191666666666668
2020-11-21,9.783333333333333
2020-11-22,10.237499999999999
2020-11-23,6.833333333333333
2020-11-24,7.491666666666667
2020-11-25,8.375
2020-11-26,8.725
2020-11-27,9.075000000000001
2020-11-28,3.4875000000000003
2020-11-29,3.5124999999999997
2020-11-30,3.525
2020-12-01,4.770833333333333
2020-12-02,7.029166666666666
2020-12-03,4.758333333333334
2020-12-04,2.9916666666666667
2020-12-05,3.3375
2020-12-06,4.729166666666667
2020-12-07,5.2124999999999995
2020-12-08,3.0124999999999997
2020-12-09,3.2083333333333335
2020-12-10,4.6000000000000005
2020-12-11,6.445833333333333
2020-12-12,5.483333333333333
2020-12-13,5.2250000000000005
2020-12-14,-2.158333333333333
2020-12-15,-3.9291666666666667
2020-12-16,-3.0041666666666664
2020-12-17,-1.6166666666666665
2020-12-18,1.0458333333333334
2020-12-19,-0.8291666666666666
2020-12-20,0.41250000000000003
2020-12-21,0.9
2020-12-22,2.0708333333333333
2020-12-23,2.9958333333333336
2020-12-24,5.716666666666666
2020-12-25,1.3541666666666667
2020-12-26,2.254166666666667
2020-12-27,5.2
2020-12-28,6.2124999999999995
2020-12-29,6.841666666666666
2020-12-30,-3.454166666666667
2020-12-31,-4.575
2021-01-01,-1.0250000000000001
2021-01-02,-0.3
2021-01-03,-0.9958333333333332
2021-01-04,0.6875
2021-01-05,0.9291666666666666
2021-01-06,-2.9458333333333333
2021-01-07,-5.9125000000000005
2021-01-08,-8.520833333333334
2021-01-09,-6.441666666666666
2021-01-10,-3.545833333333333
2021-01-11,-0.9083333333333333
2021-01-12,-0.5416666666666666
2021-01-13,4.1499999999999995
2021-01-14,5.233333333333333
2021-01-15,10.3375
2021-01-16,3.3541666666666665
2021-01-17,-2.0375
2021-01-18,0.35416666666666674
2021-01-19,-1.5291666666666668
2021-01-20,2.6999999999999997
2021-01-21,5.6875
2021-01-22,8.4375
2021-01-23,10.004166666666666
2021-01-24,8.704166666666667
2021-01-25,8.458333333333334
2021-01-26,7.708333333333333
2021-01-27,5.341666666666666
2021-01-28,3.7875
2021-01-29,-3.908333333333333
2021-01-30,0.8708333333333332
2021-01-31,4.575
2021-02-01,9.608333333333333
2021-02-02,0.9166666666666666
2021-02-03,-1.0666666666666667
2021-02-04,2.6875
2021-02-05,2.7708333333333335
2021-02-06,6.2124999999999995
2021-02-07,7.483333333333333
2021-02-08,1.2416666666666667
2021-02-09,0.5333333333333333
2021-02-10,3.6916666666666664
2021-02-11,5.466666666666666
2021-02-12,8.083333333333334
2021-02-13,9.4125
2021-02-14,11.15
2021-02-15,7.191666666666666
2021-02-16,1.1041666666666667
2021-02-17,-3.6833333333333336
2021-02-18,-3.579166666666667
2021-02-19,2.183333333333333
2021-02-20,10.5
2021-02-21,12.033333333333333
2021-02-22,13.466666666666667
2021-02-23,6.170833333333333
2021-02-24,6.170833333333333
2021-02-25,8.066666666666666
2021-02-26,8.658333333333333
2021-02-27,7.175
2021-02-28,10.020833333333334
2021-03-01,12.845833333333333
2021-03-02,4.2250000000000005
2021-03-03,4.591666666666667
2021-03-04,7.933333333333334
2021-03-05,11.049999999999999
2021-03-06,7.425
2021-03-07,5.920833333333333
2021-03-08,6.958333333333333
2021-03-09,8.079166666666667
2021-03-10,8.066666666666666
2021-03-11,9.258333333333333
2021-03-12,9.512500000000001
2021-03-13,9.566666666666666
2021-03-14,9.695833333333333
2021-03-15,10.983333333333334
2021-03-16,14.504166666666668
2021-03-17,9.862499999999999
2021-03-18,10.1625
2021-03-19,10.695833333333333
2021-03-20,11.491666666666667
2021-03-21,9.958333333333334
2021-03-22,6.533333333333334
2021-03-23,8.700000000000001
2021-03-24,10.987499999999999
2021-03-25,12.291666666666666
2021-03-26,12.3375
2021-03-27,13.729166666666666
2021-03-28,15.4
2021-03-29,13.620833333333332
2021-03-30,12.275
2021-03-31,11.9625
2021-04-01,12.870833333333332
2021-04-02,13.7875
2021-04-03,15.241666666666667
2021-04-04,11.479166666666666
2021-04-05,9.920833333333333
2021-04-06,11.15
2021-04-07,13.258333333333333
2021-04-08,12.008333333333333
2021-04-09,10.591666666666667
2021-04-10,9.875
2021-04-11,11.766666666666666
2021-04-12,13.408333333333333
2021-04-13,15.704166666666666
2021-04-14,9.979166666666666
2021-04-15,10.083333333333334
2021-04-16,12.929166666666667
2021-04-17,13.608333333333334
2021-04-18,10.679166666666667
2021-04-19,12.295833333333334
2021-04-20,14.654166666666667
2021-04-21,16.054166666666667
2021-04-22,16.633333333333333
2021-04-23,14.75
2021-04-24,14.225
2021-04-25,13.454166666666666
2021-04-26,12.604166666666666
2021-04-27,13.987499999999999
2021-04-28,16.608333333333334
2021-04-29,15.733333333333334
2021-04-30,16.741666666666667
2021-05-01,12.216666666666667
2021-05-02,11.908333333333333
2021-05-03,13.5
2021-05-04,15.6875
2021-05-05,17.6375
2021-05-06,14.879166666666668
2021-05-07,16.587500000000002
2021-05-08,14.820833333333333
2021-05-09,16.441666666666666
2021-05-10,14.725
2021-05-11,14.908333333333333
2021-05-12,16.3625
2021-05-13,17.570833333333333
2021-05-14,17.712500000000002
2021-05-15,18.341666666666665
2021-05-16,19.4
2021-05-17,15.416666666666666
2021-05-18,16.033333333333335
2021-05-19,18.779166666666665
2021-05-20,16.870833333333334
2021-05-21,17.666666666666668
2021-05-22,17.974999999999998
2021-05-23,20.179166666666667
2021-05-24,18.579166666666666
2021-05-25,18.1375
2021-05-26,16.466666666666665
2021-05-27,17.162499999999998
2021-05-28,16.808333333333334
2021-05-29,17.816666666666666
2021-05-30,17.970833333333335
2021-05-31,18.495833333333334
2021-06-01,19.429166666666667
2021-06-02,20.395833333333332
2021-06-03,19.508333333333333
2021-06-04,20.375
2021-06-05,19.508333333333333
2021-06-06,20.566666666666666
2021-06-07,21.275000000000002
2021-06-08,21.787499999999998
2021-06-09,21.020833333333332
2021-06-10,21.254166666666666
2021-06-11,20.95
2021-06-12,21.366666666666664
2021-06-13,22.15833333333333
2021-06-14,21.429166666666664
2021-06-15,20.470833333333335
2021-06-16,20.079166666666666
2021-06-17,19.379166666666666
2021-06-18,20.150000000000002
2021-06-19,21.40833333333333
2021-06-20,22.0
2021-06-21,22.662499999999998
2021-06-22,19.945833333333333
2021-06-23,19.704166666666666
2021-06-24,20.295833333333334
2021-06-25,21.370833333333334
2021-06-26,21.849999999999998
2021-06-27,22.28333333333333
2021-06-28,22.474999999999998
2021-06-29,22.233333333333334
2021-06-30,22.445833333333336
2021-07-01,23.349999999999998
2021-07-02,23.2375
2021-07-03,22.170833333333334
2021-07-04,24.495833333333334
2021-07-05,22.270833333333332
2021-07-06,23.95
2021-07-07,24.379166666666666
2021-07-08,24.1125
2021-07-09,24.3625
2021-07-10,24.833333333333332
2021-07-11,25.2625
2021-07-12,26.191666666666666
2021-07-13,26.175
2021-07-14,26.558333333333334
2021-07-15,26.641666666666666
2021-07-16,25.375
2021-07-17,24.712500000000002
2021-07-18,25.691666666666666
2021-07-19,25.7
2021-07-20,26.954166666666666
2021-07-21,26.291666666666668
2021-07-22,26.304166666666664
2021-07-23,26.337500000000002
2021-07-24,26.379166666666666
2021-07-25,26.537499999999998
2021-07-26,26.650000000000002
2021-07-27,26.645833333333332
2021-07-28,26.441666666666666
2021-07-29,26.695833333333336
2021-07-30,27.2
2021-07-31,27.125
2021-08-01,27.266666666666666
2021-08-02,27.787499999999998
2021-08-03,27.241666666666664
2021-08-04,28.1375
2021-08-05,28.59583333333333
2021-08-06,28.804166666666664
2021-08-07,28.045833333333334
2021-08-08,25.1375
2021-08-09,25.858333333333334
2021-08-10,24.858333333333334
2021-08-11,24.616666666666664
2021-08-12,25.308333333333334
2021-08-13,24.4375
2021-08-14,23.020833333333332
2021-08-15,23.78333333333333
2021-08-16,24.3125
2021-08-17,22.9375
2021-08-18,22.21666666666667
2021-08-19,23.191666666666666
2021-08-20,23.8125
2021-08-21,24.233333333333334
2021-08-22,25.379166666666666
2021-08-23,24.15833333333333
2021-08-24,25.645833333333332
2021-08-25,25.0625
2021-08-26,26.104166666666668
2021-08-27,25.71666666666667
2021-08-28,26.254166666666666
2021-08-29,26.275000000000002
2021-08-30,25.59166666666667
2021-08-31,24.541666666666668
2021-09-01,24.55
2021-09-02,21.875
2021-09-03,21.741666666666664
2021-09-04,22.1375
2021-09-05,22.162499999999998
2021-09-06,22.454166666666666
2021-09-07,24.1875
2021-09-08,23.229166666666668
2021-09-09,23.195833333333336
2021-09-10,22.416666666666668
2021-09-11,23.170833333333334
2021-09-12,23.441666666666666
2021-09-13,23.445833333333336
2021-09-14,22.650000000000002
2021-09-15,22.412499999999998
2021-09-16,22.71666666666667
2021-09-17,20.304166666666667
2021-09-18,21.958333333333332
2021-09-19,21.608333333333334
2021-09-20,22.75
2021-09-21,23.40833333333333
2021-09-22,22.95
2021-09-23,21.974999999999998
2021-09-24,21.150000000000002
2021-09-25,21.474999999999998
2021-09-26,21.358333333333334
2021-09-27,21.3
2021-09-28,21.525000000000002
2021-09-29,23.1125
2021-09-30,21.46666666666667
2021-10-01,21.258333333333333
2021-10-02,21.804166666666664
2021-10-03,21.6875
2021-10-04,23.433333333333334
2021-10-05,23.291666666666668
2021-10-06,22.21666666666667
2021-10-07,22.258333333333336
2021-10-08,22.270833333333332
2021-10-09,22.787499999999998
2021-10-10,23.691666666666666
2021-10-11,20.954166666666666
2021-10-12,19.275000000000002
2021-10-13,19.662499999999998
2021-10-14,19.9875
2021-10-15,19.945833333333333
2021-10-16,15.954166666666666
2021-10-17,9.583333333333334
2021-10-18,11.545833333333334
2021-10-19,13.195833333333333
2021-10-20,12.445833333333333
2021-10-21,12.308333333333332
2021-10-22,12.308333333333332
2021-10-23,13.545833333333334
2021-10-24,13.795833333333334
2021-10-25,15.275
2021-10-26,14.1875
2021-10-27,15.125
2021-10-28,14.491666666666667
2021-10-29,15.1
2021-10-30,14.958333333333334
2021-10-31,14.6
2021-11-01,14.770833333333334
2021-11-02,13.170833333333334
2021-11-03,13.041666666666666
2021-11-04,13.395833333333334
2021-11-05,14.4625
2021-11-06,16.516666666666666
2021-11-07,17.2375
2021-11-08,14.737499999999999
2021-11-09,8.941666666666666
2021-11-10,8.779166666666667
2021-11-11,9.166666666666666
2021-11-12,7.183333333333334
2021-11-13,8.158333333333333
2021-11-14,10.029166666666667
2021-11-15,10.820833333333333
2021-11-16,10.9125
2021-11-17,9.379166666666666
2021-11-18,10.295833333333333
2021-11-19,10.825000000000001
2021-11-20,12.370833333333332
2021-11-21,13.616666666666667
2021-11-22,9.466666666666667
2021-11-23,4.741666666666666
2021-11-24,7.804166666666667
2021-11-25,10.549999999999999
2021-11-26,7.408333333333332
2021-11-27,6.079166666666667
2021-11-28,7.820833333333333
2021-11-29,8.179166666666667
2021-11-30,10.225
2021-12-01,2.733333333333333
2021-12-02,1.7708333333333333
2021-12-03,5.95
2021-12-04,3.6833333333333336
2021-12-05,5.658333333333334
2021-12-06,8.654166666666667
2021-12-07,9.491666666666667
2021-12-08,9.116666666666667
2021-12-09,9.995833333333334
2021-12-10,10.475
2021-12-11,9.258333333333333
2021-12-12,7.304166666666667
2021-12-13,0.9083333333333333
2021-12-14,2.4458333333333333
2021-12-15,5.9375
2021-12-16,6.266666666666667
2021-12-17,1.7208333333333332
2021-12-18,-2.795833333333333
2021-12-19,2.1125000000000003
2021-12-20,5.033333333333333
2021-12-21,6.795833333333333
2021-12-22,6.4875
2021-12-23,5.320833333333334
2021-12-24,6.2875000000000005
2021-12-25,-3.170833333333333
2021-12-26,-6.1125
2021-12-27,-2.9333333333333336
2021-12-28,1.9083333333333332
2021-12-29,3.5666666666666664
2021-12-30,1.6541666666666668
2021-12-31,-2.0875
2022-01-01,-0.7916666666666666
2022-01-02,2.029166666666667
2022-01-03,1.675
2022-01-04,1.5999999999999999
2022-01-05,4.104166666666667
2022-01-06,4.845833333333333
2022-01-07,3.033333333333333
2022-01-08,2.35
2022-01-09,3.841666666666667
2022-01-10,5.079166666666667
2022-01-11,0.7833333333333332
2022-01-12,-2.725
2022-01-13,-1.8083333333333333
2022-01-14,-1.9875
2022-01-15,1.875
2022-01-16,2.3833333333333333
2022-01-17,-0.22083333333333333
2022-01-18,-1.6875
2022-01-19,0.4833333333333334
2022-01-20,0.39999999999999997
2022-01-21,2.1
2022-01-22,5.55
2022-01-23,7.266666666666667
2022-01-24,6.25
2022-01-25,5.4125000000000005
2022-01-26,4.695833333333334
2022-01-27,4.4875
2022-01-28,2.779166666666667
2022-01-29,1.8666666666666665
2022-01-30,2.308333333333333
2022-01-31,2.0625
2022-02-01,1.6375000000000002
2022-02-02,1.1125
2022-02-03,1.4208333333333334
2022-02-04,0.7458333333333335
2022-02-05,-2.254166666666667
2022-02-06,-0.9166666666666666
2022-02-07,0.5750000000000001
2022-02-08,2.6416666666666666
2022-02-09,4.866666666666666
2022-02-10,6.541666666666667
2022-02-11,4.8374999999999995
2022-02-12,6.2
2022-02-13,7.304166666666667
2022-02-14,7.629166666666666
2022-02-15,1.8958333333333333
2022-02-16,-2.404166666666667
2022-02-17,-3.579166666666667
2022-02-18,1.4166666666666667
2022-02-19,3.5875
2022-02-20,-1.4333333333333333
2022-02-21,0.19999999999999996
2022-02-22,0.08749999999999997
2022-02-23,-1.0291666666666666
2022-02-24,0.20416666666666664
2022-02-25,3.2083333333333335
2022-02-26,5.3999999999999995
2022-02-27,6.195833333333333
2022-02-28,7.2375
2022-03-01,10.554166666666667
2022-03-02,6.079166666666667
2022-03-03,6.2375
2022-03-04,7.933333333333334
2022-03-05,7.308333333333334
2022-03-06,3.329166666666667
2022-03-07,5.866666666666667
2022-03-08,7.266666666666667
2022-03-09,8.241666666666667
2022-03-10,10.058333333333334
2022-03-11,12.4625
2022-03-12,13.5625
2022-03-13,13.870833333333332
2022-03-14,11.1875
2022-03-15,9.516666666666667
2022-03-16,11.174999999999999
2022-03-17,9.704166666666667
2022-03-18,6.983333333333333
2022-03-19,5.654166666666666
2022-03-20,6.591666666666668
2022-03-21,7.504166666666666
2022-03-22,8.354166666666666
2022-03-23,8.083333333333334
2022-03-24,9.095833333333333
2022-03-25,12.570833333333333
2022-03-26,14.379166666666668
2022-03-27,11.729166666666666
2022-03-28,8.341666666666667
2022-03-29,9.770833333333334
2022-03-30,11.858333333333334
2022-03-31,10.770833333333334
2022-04-01,8.791666666666666
2022-04-02,8.770833333333334
2022-04-03,9.612499999999999
2022-04-04,10.575000000000001
2022-04-05,11.308333333333332
2022-04-06,12.458333333333334
2022-04-07,12.7875
2022-04-08,12.487499999999999
2022-04-09,14.799999999999999
2022-04-10,16.183333333333334
2022-04-11,16.754166666666666
2022-04-12,17.787499999999998
2022-04-13,12.887500000000001
2022-04-14,11.033333333333333
2022-04-15,11.104166666666666
2022-04-16,10.908333333333333
2022-04-17,13.679166666666667
2022-04-18,15.424999999999999
2022-04-19,15.583333333333334
2022-04-20,16.425
2022-04-21,13.375
2022-04-22,14.279166666666667
2022-04-23,15.7125
2022-04-24,17.491666666666667
2022-04-25,17.866666666666667
2022-04-26,17.695833333333333
2022-04-27,15.433333333333332
2022-04-28,14.375
2022-04-29,11.379166666666668
2022-04-30,12.3375
2022-05-01,13.270833333333334
2022-05-02,12.870833333333332
2022-05-03,12.758333333333333
2022-05-04,14.329166666666666
2022-05-05,16.108333333333334
2022-05-06,17.9875
2022-05-07,18.3875
2022-05-08,14.945833333333333
2022-05-09,14.754166666666668
2022-05-10,15.108333333333334
2022-05-11,17.466666666666665
2022-05-12,17.516666666666666
2022-05-13,15.712499999999999
2022-05-14,17.820833333333333
2022-05-15,15.820833333333333
2022-05-16,16.991666666666667
2022-05-17,18.26666666666667
2022-05-18,19.741666666666667
2022-05-19,19.8625
2022-05-20,19.716666666666665
2022-05-21,19.837500000000002
2022-05-22,22.395833333333332
2022-05-23,20.25
2022-05-24,21.675
2022-05-25,21.758333333333336
2022-05-26,21.375
2022-05-27,22.775000000000002
2022-05-28,22.754166666666666
2022-05-29,22.858333333333334
2022-05-30,20.625
2022-05-31,20.954166666666666
2022-06-01,21.441666666666666
2022-06-02,20.395833333333332
2022-06-03,20.416666666666668
2022-06-04,19.154166666666665
2022-06-05,17.599999999999998
2022-06-06,18.083333333333332
2022-06-07,16.5125
2022-06-08,16.891666666666666
2022-06-09,17.474999999999998
2022-06-10,19.287499999999998
2022-06-11,20.1125
2022-06-12,19.033333333333335
2022-06-13,18.620833333333334
2022-06-14,17.954166666666666
2022-06-15,19.5
2022-06-16,21.375
2022-06-17,21.683333333333334
2022-06-18,23.5125
2022-06-19,23.0
2022-06-20,23.2625
2022-06-21,23.287499999999998
2022-06-22,24.22083333333333
2022-06-23,23.554166666666664
2022-06-24,22.979166666666668
2022-06-25,22.912499999999998
2022-06-26,22.795833333333334
2022-06-27,22.45
2022-06-28,24.391666666666666
2022-06-29,24.037499999999998
2022-06-30,25.191666666666666
2022-07-01,25.9375
2022-07-02,25.766666666666666
2022-07-03,26.46666666666667
2022-07-04,26.195833333333336
2022-07-05,26.108333333333334
2022-07-06,25.791666666666668
2022-07-07,26.870833333333334
2022-07-08,26.5
2022-07-09,26.620833333333334
2022-07-10,25.491666666666664
2022-07-11,24.90833333333333
2022-07-12,23.870833333333334
2022-07-13,23.445833333333336
2022-07-14,26.695833333333336
2022-07-15,25.933333333333334
2022-07-16,26.133333333333336
2022-07-17,26.291666666666668
2022-07-18,23.6125
2022-07-19,24.945833333333336
2022-07-20,26.233333333333334
2022-07-21,26.120833333333334
2022-07-22,24.245833333333334
2022-07-23,23.541666666666668
2022-07-24,24.8875
2022-07-25,24.833333333333332
2022-07-26,24.45
2022-07-27,24.666666666666668
2022-07-28,25.712500000000002
2022-07-29,26.566666666666666
2022-07-30,26.245833333333334
2022-07-31,26.545833333333334
2022-08-01,27.40416666666667
2022-08-02,26.583333333333332
2022-08-03,27.083333333333332
2022-08-04,27.724999999999998
2022-08-05,27.900000000000002
2022-08-06,28.704166666666666
2022-08-07,28.1375
2022-08-08,28.474999999999998
2022-08-09,27.650000000000002
2022-08-10,27.59583333333333
2022-08-11,26.770833333333332
2022-08-12,27.8
2022-08-13,27.400000000000002
2022-08-14,27.84166666666667
2022-08-15,28.445833333333336
2022-08-16,26.520833333333332
2022-08-17,23.741666666666664
2022-08-18,24.162499999999998
2022-08-19,25.90416666666667
2022-08-20,26.358333333333334
2022-08-21,25.116666666666664
2022-08-22,24.504166666666666
2022-08-23,26.037499999999998
2022-08-24,22.599999999999998
2022-08-25,23.579166666666666
2022-08-26,23.995833333333334
2022-08-27,24.083333333333332
2022-08-28,22.05
2022-08-29,23.229166666666668
2022-08-30,22.9375
2022-08-31,22.754166666666666
2022-09-01,22.087500000000002
2022-09-02,21.53333333333333
2022-09-03,22.816666666666666
2022-09-04,25.275000000000002
2022-09-05,26.441666666666666
2022-09-06,24.395833333333332
2022-09-07,21.891666666666666
2022-09-08,22.054166666666664
2022-09-09,22.320833333333336
2022-09-10,22.304166666666664
2022-09-11,23.366666666666664
2022-09-12,23.045833333333334
2022-09-13,23.308333333333334
2022-09-14,23.491666666666664
2022-09-15,23.400000000000002
2022-09-16,24.316666666666666
2022-09-17,24.337500000000002
2022-09-18,25.03333333333333
2022-09-19,22.587500000000002
2022-09-20,19.25
2022-09-21,18.333333333333332
2022-09-22,19.554166666666667
2022-09-23,21.1125
2022-09-24,18.633333333333333
2022-09-25,19.570833333333333
2022-09-26,20.008333333333333
2022-09-27,20.545833333333334
2022-09-28,20.625
2022-09-29,20.395833333333332
2022-09-30,20.191666666666666
2022-10-01,21.104166666666668
2022-10-02,21.820833333333336
2022-10-03,24.05
2022-10-04,22.175
2022-10-05,17.495833333333334
2022-10-06,17.470833333333335
2022-10-07,16.7625
2022-10-08,16.724999999999998
2022-10-09,17.2125
2022-10-10,14.200000000000001
2022-10-11,13.483333333333334
2022-10-12,15.5625
2022-10-13,17.941666666666666
2022-10-14,17.408333333333335
2022-10-15,18.1875
2022-10-16,18.970833333333335
2022-10-17,16.1375
2022-10-18,11.904166666666667
2022-10-19,11.775
2022-10-20,13.408333333333333
2022-10-21,15.658333333333333
2022-10-22,17.595833333333335
2022-10-23,15.529166666666667
2022-10-24,13.008333333333333
2022-10-25,12.65
2022-10-26,14.4125
2022-10-27,16.104166666666668
2022-10-28,15.375
2022-10-29,15.095833333333333
2022-10-30,14.579166666666666
2022-10-31,15.129166666666668
2022-11-01,15.512500000000001
2022-11-02,14.379166666666668
2022-11-03,14.241666666666667
2022-11-04,10.3125
2022-11-05,8.904166666666667
2022-11-06,10.3375
2022-11-07,11.404166666666667
2022-11-08,12.325000000000001
2022-11-09,12.741666666666667
2022-11-10,13.570833333333333
2022-11-11,16.025
2022-11-12,17.254166666666666
2022-11-13,17.108333333333334
2022-11-14,12.320833333333333
2022-11-15,9.700000000000001
2022-11-16,10.0
2022-11-17,10.545833333333333
2022-11-18,12.254166666666668
2022-11-19,14.733333333333334
2022-11-20,14.3375
2022-11-21,13.333333333333334
2022-11-22,13.0625
2022-11-23,13.545833333333334
2022-11-24,10.970833333333333
2022-11-25,11.616666666666667
2022-11-26,11.887500000000001
2022-11-27,9.795833333333333
2022-11-28,17.191666666666666
2022-11-29,15.225
2022-11-30,0.9416666666666668
2022-12-01,-0.7000000000000001
2022-12-02,0.7374999999999999
2022-12-03,4.6499999999999995
2022-12-04,4.745833333333334
2022-12-05,2.125
2022-12-06,2.1750000000000003
2022-12-07,4.9624999999999995
2022-12-08,4.854166666666667
2022-12-09,6.425
2022-12-10,7.0
2022-12-11,6.175
2022-12-12,7.3999999999999995
2022-12-13,4.925
2022-12-14,-1.7208333333333332
2022-12-15,-0.16666666666666666
2022-12-16,1.6166666666666665
2022-12-17,-0.5291666666666667
2022-12-18,-3.970833333333333
2022-12-19,-2.5291666666666663
2022-12-20,0.38749999999999996
2022-12-21,3.65
2022-12-22,-1.0875000000000001
2022-12-23,-4.820833333333334
2022-12-24,-2.766666666666666
2022-12-25,-0.27083333333333337
2022-12-26,0.7708333333333334
2022-12-27,1.3625
2022-12-28,1.0708333333333333
2022-12-29,0.04999999999999998
2022-12-30,0.2916666666666667
2022-12-31,0.8416666666666667
2023-01-01,1.4375
2023-01-02,0.5458333333333334
2023-01-03,-0.17500000000000004
2023-01-04,0.8374999999999999
2023-01-05,1.7375
2023-01-06,2.495833333333333
2023-01-07,4.120833333333334
2023-01-08,2.891666666666667
2023-01-09,5.825
2023-01-10,5.720833333333334
2023-01-11,5.5
2023-01-12,7.270833333333333
2023-01-13,13.762500000000001
2023-01-14,10.116666666666667
2023-01-15,6.1875
2023-01-16,0.5458333333333333
2023-01-17,0.12083333333333335
2023-01-18,1.2625
2023-01-19,0.8958333333333334
2023-01-20,1.5041666666666667
2023-01-21,-1.2708333333333335
2023-01-22,2.1125000000000003
2023-01-23,4.5375000000000005
2023-01-24,-5.808333333333334
2023-01-25,-7.454166666666667
2023-01-26,-1.3624999999999998
2023-01-27,-1.9375
2023-01-28,-3.7416666666666667
2023-01-29,-0.0791666666666667
2023-01-30,0.8125
2023-01-31,1.9041666666666668
2023-02-01,6.120833333333334
2023-02-02,2.720833333333333
2023-02-03,3.745833333333333
2023-02-04,1.3708333333333333
2023-02-05,1.8791666666666667
2023-02-06,3.841666666666667
2023-02-07,7.612500000000001
2023-02-08,6.408333333333334
2023-02-09,6.495833333333334
2023-02-10,6.666666666666667
2023-02-11,5.304166666666666
2023-02-12,5.766666666666667
2023-02-13,7.0
2023-02-14,5.308333333333334
2023-02-15,3.4791666666666665
2023-02-16,5.241666666666666
2023-02-17,5.504166666666666
2023-02-18,9.362499999999999
2023-02-19,8.320833333333333
2023-02-20,2.2708333333333335
2023-02-21,0.9375
2023-02-22,4.704166666666667
2023-02-23,7.266666666666667
2023-02-24,7.5249999999999995
2023-02-25,3.920833333333333
2023-02-26,3.6666666666666665
2023-02-27,5.354166666666667
2023-02-28,7.9875
2023-03-01,8.516666666666667
2023-03-02,3.9791666666666665
2023-03-03,4.841666666666667
2023-03-04,7.420833333333333
2023-03-05,8.979166666666666
2023-03-06,9.383333333333333
2023-03-07,10.762500000000001
2023-03-08,12.645833333333334
2023-03-09,14.670833333333334
2023-03-10,12.670833333333334
2023-03-11,13.291666666666666
2023-03-12,12.387500000000001
2023-03-13,4.4750000000000005
2023-03-14,8.387500000000001
2023-03-15,12.799999999999999
2023-03-16,10.799999999999999
2023-03-17,9.270833333333334
2023-03-18,9.945833333333333
2023-03-19,9.5375
2023-03-20,10.7875
2023-03-21,12.495833333333332
2023-03-22,14.85
2023-03-23,14.416666666666666
2023-03-24,11.637500000000001
2023-03-25,10.479166666666666
2023-03-26,10.470833333333333
2023-03-27,9.833333333333334
2023-03-28,10.316666666666666
2023-03-29,11.391666666666666
2023-03-30,12.924999999999999
2023-03-31,14.704166666666666
2023-04-01,13.625
2023-04-02,13.304166666666667
2023-04-03,12.908333333333333
2023-04-04,14.1875
2023-04-05,14.725
2023-04-06,12.1875
2023-04-07,12.754166666666668
2023-04-08,9.2875
2023-04-09,10.258333333333333
2023-04-10,12.416666666666666
2023-04-11,16.245833333333334
2023-04-12,13.241666666666667
2023-04-13,12.879166666666665
2023-04-14,13.708333333333334
2023-04-15,13.362499999999999
2023-04-16,11.029166666666667
2023-04-17,11.5375
2023-04-18,15.725000000000001
2023-04-19,16.279166666666665
2023-04-20,18.595833333333335
2023-04-21,15.533333333333333
2023-04-22,12.816666666666668
2023-04-23,12.25
2023-04-24,12.720833333333333
2023-04-25,11.020833333333334
2023-04-26,12.504166666666668
2023-04-27,13.2875
2023-04-28,14.983333333333334
2023-04-29,16.645833333333332
2023-04-30,13.700000000000001
2023-05-01,14.808333333333332
2023-05-02,15.0625
2023-05-03,16.075
2023-05-04,16.820833333333333
2023-05-05,17.941666666666666
2023-05-06,15.195833333333333
2023-05-07,12.116666666666667
2023-05-08,13.258333333333333
2023-05-09,15.058333333333332
2023-05-10,16.304166666666667
2023-05-11,15.7875
2023-05-12,16.224999999999998
2023-05-13,14.945833333333333
2023-05-14,16.379166666666666
2023-05-15,17.6875
2023-05-16,18.808333333333334
2023-05-17,19.766666666666666
2023-05-18,17.741666666666667
2023-05-19,17.433333333333334
2023-05-20,16.816666666666666
2023-05-21,19.854166666666668
2023-05-22,17.095833333333335
2023-05-23,16.525000000000002
2023-05-24,16.554166666666667
2023-05-25,17.75
2023-05-26,18.941666666666666
2023-05-27,20.400000000000002
2023-05-28,19.695833333333333
2023-05-29,20.191666666666666
2023-05-30,18.145833333333332
2023-05-31,18.145833333333332
2023-06-01,17.679166666666667
2023-06-02,21.3625
2023-06-03,19.983333333333334
2023-06-04,20.754166666666666
2023-06-05,21.354166666666668
2023-06-06,19.183333333333334
2023-06-07,20.170833333333334
2023-06-08,19.587500000000002
2023-06-09,20.354166666666668
2023-06-10,20.758333333333333
2023-06-11,20.854166666666668
2023-06-12,21.070833333333333
2023-06-13,21.0625
2023-06-14,21.2
2023-06-15,20.029166666666665
2023-06-16,22.554166666666664
2023-06-17,22.95
2023-06-18,24.008333333333336
2023-06-19,22.733333333333334
2023-06-20,21.420833333333334
2023-06-21,21.558333333333334
2023-06-22,22.066666666666666
2023-06-23,22.058333333333334
2023-06-24,21.329166666666666
2023-06-25,21.162499999999998
2023-06-26,22.712500000000002
2023-06-27,23.183333333333334
2023-06-28,22.916666666666668
2023-06-29,23.59166666666667
2023-06-30,23.054166666666664
2023-07-01,22.15416666666667
2023-07-02,23.633333333333336
2023-07-03,23.4375
2023-07-04,22.983333333333334
2023-07-05,25.7625
2023-07-06,23.787499999999998
2023-07-07,22.65833333333333
2023-07-08,22.320833333333336
2023-07-09,23.945833333333336
2023-07-10,24.46666666666667
2023-07-11,23.77916666666667
2023-07-12,23.775000000000002
2023-07-13,24.208333333333332
2023-07-14,24.75
2023-07-15,25.787499999999998
2023-07-16,24.479166666666668
2023-07-17,25.816666666666666
2023-07-18,24.233333333333334
2023-07-19,23.441666666666666
2023-07-20,23.90416666666667
2023-07-21,24.020833333333332
2023-07-22,24.266666666666666
2023-07-23,25.7
2023-07-24,25.662499999999998
2023-07-25,25.745833333333334
2023-07-26,26.070833333333336
2023-07-27,27.129166666666666
2023-07-28,27.84166666666667
2023-07-29,28.3875
2023-07-30,28.0
2023-07-31,28.070833333333336
2023-08-01,27.858333333333334
2023-08-02,28.708333333333332
2023-08-03,29.27916666666667
2023-08-04,29.354166666666668
2023-08-05,28.820833333333336
2023-08-06,29.191666666666666
2023-08-07,28.96666666666667
2023-08-08,27.8625
2023-08-09,25.7375
2023-08-10,25.554166666666664
2023-08-11,26.34583333333333
2023-08-12,26.545833333333334
2023-08-13,25.483333333333334
2023-08-14,26.058333333333334
2023-08-15,25.96666666666667
2023-08-16,24.866666666666664
2023-08-17,24.90833333333333
2023-08-18,25.358333333333334
2023-08-19,26.316666666666666
2023-08-20,26.929166666666664
2023-08-21,26.820833333333336
2023-08-22,27.266666666666666
2023-08-23,27.508333333333336
2023-08-24,25.02916666666667
2023-08-25,26.379166666666666
2023-08-26,25.941666666666666
2023-08-27,25.608333333333334
2023-08-28,25.895833333333332
2023-08-29,26.366666666666664
2023-08-30,26.120833333333334
2023-08-31,25.375
2023-09-01,23.954166666666666
2023-09-02,24.241666666666664
2023-09-03,25.325
2023-09-04,25.708333333333332
2023-09-05,25.40833333333333
2023-09-06,25.075
2023-09-07,23.9375
2023-09-08,23.454166666666666
2023-09-09,22.650000000000002
2023-09-10,23.5625
2023-09-11,24.195833333333336
2023-09-12,24.745833333333334
2023-09-13,24.21666666666667
2023-09-14,23.0625
2023-09-15,24.5
2023-09-16,24.224999999999998
2023-09-17,24.3125
2023-09-18,24.479166666666668
2023-09-19,24.575
2023-09-20,23.129166666666666
2023-09-21,21.3
2023-09-22,20.75
2023-09-23,21.058333333333334
2023-09-24,21.90833333333333
2023-09-25,22.425
2023-09-26,22.587500000000002
2023-09-27,23.837500000000002
2023-09-28,23.71666666666667
2023-09-29,21.71666666666667
2023-09-30,19.474999999999998
2023-10-01,19.133333333333333
2023-10-02,18.55
2023-10-03,19.108333333333334
2023-10-04,19.183333333333334
2023-10-05,16.770833333333332
2023-10-06,15.870833333333332
2023-10-07,18.366666666666667
2023-10-08,18.708333333333332
2023-10-09,19.2
2023-10-10,17.8
2023-10-11,18.108333333333334
2023-10-12,18.129166666666666
2023-10-13,18.675
2023-10-14,17.841666666666665
2023-10-15,16.941666666666666
2023-10-16,16.579166666666666
2023-10-17,15.299999999999999
2023-10-18,16.420833333333334
2023-10-19,18.208333333333332
2023-10-20,14.754166666666668
2023-10-21,12.370833333333332
2023-10-22,13.316666666666668
2023-10-23,14.85
2023-10-24,14.916666666666666
2023-10-25,16.208333333333332
2023-10-26,16.804166666666667
2023-10-27,15.770833333333334
2023-10-28,15.020833333333334
2023-10-29,15.241666666666667
2023-10-30,15.275
2023-10-31,15.674999999999999
2023-11-01,16.7625
2023-11-02,18.295833333333334
2023-11-03,19.587500000000002
2023-11-04,18.529166666666665
2023-11-05,18.825
2023-11-06,18.445833333333333
2023-11-07,11.020833333333334
2023-11-08,10.620833333333334
2023-11-09,15.133333333333333
2023-11-10,12.3375
2023-11-11,8.75
2023-11-12,4.516666666666667
2023-11-13,4.204166666666667
2023-11-14,5.979166666666667
2023-11-15,7.966666666666666
2023-11-16,8.858333333333333
2023-11-17,6.2875000000000005
2023-11-18,3.3000000000000003
2023-11-19,7.204166666666667
2023-11-20,8.225
2023-11-21,8.995833333333334
2023-11-22,11.775
2023-11-23,15.004166666666668
2023-11-24,4.304166666666666
2023-11-25,1.7625
2023-11-26,5.833333333333333
2023-11-27,9.825000000000001
2023-11-28,6.804166666666666
2023-11-29,5.25
2023-11-30,0.3416666666666666
2023-12-01,0.5333333333333333
2023-12-02,2.966666666666667
2023-12-03,5.458333333333333
2023-12-04,4.995833333333333
2023-12-05,7.883333333333333
2023-12-06,7.9875
2023-12-07,7.541666666666667
2023-12-08,12.429166666666667
2023-12-09,14.85
2023-12-10,12.616666666666667
2023-12-11,14.1625
2023-12-12,9.620833333333334
2023-12-13,9.741666666666667
2023-12-14,11.791666666666666
2023-12-15,12.266666666666666
2023-12-16,3.7708333333333335
2023-12-17,-4.7124999999999995
2023-12-18,-2.625
2023-12-19,0.6083333333333334
2023-12-20,-0.8708333333333332
2023-12-21,-5.441666666666666
2023-12-22,-5.891666666666667
2023-12-23,-3.1
2023-12-24,-0.033333333333333326
2023-12-25,-0.2541666666666666
2023-12-26,1.7708333333333333
2023-12-27,4.116666666666666
2023-12-28,4.370833333333334
2023-12-29,3.1875
2023-12-30,4.504166666666666
2023-12-31,6.533333333333332
2024-01-01,5.770833333333333
2024-01-02,6.145833333333333
2024-01-03,4.183333333333334
2024-01-04,2.6750000000000003
2024-01-05,5.591666666666666
2024-01-06,3.9499999999999997
2024-01-07,0.03750000000000001
2024-01-08,-1.2958333333333332
2024-01-09,1.0041666666666667
2024-01-10,4.379166666666666
2024-01-11,3.4125
2024-01-12,3.6999999999999997
2024-01-13,2.2291666666666665
2024-01-14,6.45
2024-01-15,2.7416666666666667
2024-01-16,1.8541666666666667
2024-01-17,4.691666666666666
2024-01-18,10.095833333333333
2024-01-19,7.4750000000000005
2024-01-20,7.958333333333333
2024-01-21,6.966666666666666
2024-01-22,0.008333333333333267
2024-01-23,-5.858333333333333
2024-01-24,-5.433333333333334
2024-01-25,-3.0083333333333333
2024-01-26,0.5291666666666667
2024-01-27,1.9749999999999999
2024-01-28,1.7166666666666666
2024-01-29,1.2541666666666667
2024-01-30,3.033333333333333
2024-01-31,7.466666666666668
2024-02-01,6.545833333333333
2024-02-02,5.908333333333334
2024-02-03,6.5625
2024-02-04,7.554166666666667
2024-02-05,6.3875
2024-02-06,4.6499999999999995
2024-02-07,3.0541666666666667
2024-02-08,4.104166666666667
2024-02-09,4.6375
2024-02-10,3.2583333333333333
2024-02-11,3.0583333333333336
2024-02-12,3.7541666666666664
2024-02-13,8.891666666666667
2024-02-14,12.554166666666667
2024-02-15,11.183333333333332
2024-02-16,4.508333333333334
2024-02-17,5.370833333333334
2024-02-18,10.291666666666666
2024-02-19,15.808333333333332
2024-02-20,9.112499999999999
2024-02-21,7.691666666666666
2024-02-22,4.970833333333333
2024-02-23,4.029166666666667
2024-02-24,5.0125
2024-02-25,5.333333333333333
2024-02-26,4.970833333333333
2024-02-27,4.416666666666667
2024-02-28,5.633333333333333
2024-02-29,5.704166666666667
2024-03-01,0.9249999999999999
2024-03-02,-0.6958333333333333
2024-03-03,5.370833333333334
2024-03-04,6.845833333333332
2024-03-05,8.391666666666667
2024-03-06,7.6000000000000005
2024-03-07,6.295833333333333
2024-03-08,3.8083333333333336
2024-03-09,2.4541666666666666
2024-03-10,4.8125
2024-03-11,6.770833333333333
2024-03-12,7.2375
2024-03-13,6.6499999999999995
2024-03-14,8.104166666666666
2024-03-15,9.191666666666666
2024-03-16,10.5375
2024-03-17,12.641666666666666
2024-03-18,8.200000000000001
2024-03-19,10.104166666666666
2024-03-20,5.616666666666667
2024-03-21,5.529166666666666
2024-03-22,9.799999999999999
2024-03-23,15.041666666666666
2024-03-24,10.795833333333334
2024-03-25,10.533333333333333
2024-03-26,7.791666666666667
2024-03-27,8.5875
2024-03-28,12.108333333333334
2024-03-29,11.695833333333333
2024-03-30,12.0
2024-03-31,10.941666666666668
2024-04-01,11.920833333333334
2024-04-02,13.670833333333334
2024-04-03,12.4625
2024-04-04,11.545833333333334
2024-04-05,11.887500000000001
2024-04-06,12.308333333333332
2024-04-07,14.262500000000001
2024-04-08,14.941666666666668
2024-04-09,11.3375
2024-04-10,10.75
2024-04-11,13.095833333333333
2024-04-12,14.804166666666667
2024-04-13,15.9625
2024-04-14,16.3875
2024-04-15,15.841666666666667
2024-04-16,16.175
2024-04-17,14.341666666666667
2024-04-18,14.8375
2024-04-19,15.883333333333333
2024-04-20,14.65
2024-04-21,14.933333333333332
2024-04-22,14.670833333333334
2024-04-23,13.745833333333332
2024-04-24,13.929166666666667
2024-04-25,14.991666666666667
2024-04-26,14.645833333333334
2024-04-27,16.849999999999998
2024-04-28,16.933333333333334
2024-04-29,14.262500000000001
2024-04-30,15.529166666666667
2024-05-01,12.970833333333333
2024-05-02,13.391666666666666
2024-05-03,14.495833333333332
2024-05-04,17.0125
2024-05-05,17.854166666666668
2024-05-06,17.7375
2024-05-07,14.766666666666666
2024-05-08,12.970833333333333
2024-05-09,13.883333333333333
2024-05-10,16.758333333333333
2024-05-11,17.95
2024-05-12,18.779166666666665
2024-05-13,16.254166666666666
2024-05-14,17.425
2024-05-15,17.245833333333334
2024-05-16,14.504166666666668
2024-05-17,16.741666666666667
2024-05-18,18.283333333333335
2024-05-19,19.537499999999998
2024-05-20,19.120833333333334
2024-05-21,16.575
2024-05-22,17.295833333333334
2024-05-23,20.533333333333335
2024-05-24,18.854166666666668
2024-05-25,17.341666666666665
2024-05-26,19.0
2024-05-27,21.316666666666666
2024-05-28,18.458333333333332
2024-05-29,17.704166666666666
2024-05-30,19.141666666666666
2024-05-31,19.858333333333334
2024-06-01,19.708333333333332
2024-06-02,18.254166666666666
2024-06-03,17.775000000000002
2024-06-04,17.8
2024-06-05,18.133333333333333
2024-06-06,19.583333333333332
2024-06-07,21.279166666666665
2024-06-08,19.9875
2024-06-09,20.195833333333333
2024-06-10,21.391666666666666
2024-06-11,22.34583333333333
2024-06-12,22.929166666666664
2024-06-13,23.929166666666664
2024-06-14,23.383333333333336
2024-06-15,24.84166666666667
2024-06-16,24.09166666666667
2024-06-17,22.84583333333333
2024-06-18,24.28333333333333
2024-06-19,25.675
2024-06-20,22.645833333333332
2024-06-21,23.2625
2024-06-22,22.525000000000002
2024-06-23,23.929166666666664
2024-06-24,23.3125
2024-06-25,22.866666666666664
2024-06-26,21.866666666666664
2024-06-27,20.595833333333335
2024-06-28,22.400000000000002
2024-06-29,22.412499999999998
2024-06-30,23.183333333333334
2024-07-01,24.191666666666666
2024-07-02,23.570833333333336
2024-07-03,25.066666666666666
2024-07-04,24.875
2024-07-05,24.925
2024-07-06,24.65833333333333
2024-07-07,25.21666666666667
2024-07-08,24.77916666666667
2024-07-09,24.483333333333334
2024-07-10,24.375
2024-07-11,22.5625
2024-07-12,24.2375
2024-07-13,23.4375
2024-07-14,23.15416666666667
2024-07-15,23.233333333333334
2024-07-16,23.09166666666667
2024-07-17,25.075
2024-07-18,24.570833333333336
2024-07-19,24.266666666666666
2024-07-20,25.27916666666667
2024-07-21,27.170833333333334
2024-07-22,26.941666666666666
2024-07-23,26.96666666666667
2024-07-24,25.22083333333333
2024-07-25,27.09166666666667
2024-07-26,27.058333333333334
2024-07-27,27.75
2024-07-28,27.974999999999998
2024-07-29,28.116666666666664
2024-07-30,28.6875
2024-07-31,28.8
2024-08-01,28.295833333333334
2024-08-02,28.837500000000002
2024-08-03,29.858333333333334
2024-08-04,28.491666666666664
2024-08-05,27.733333333333334
2024-08-06,27.620833333333334
2024-08-07,28.208333333333332
2024-08-08,28.041666666666668
2024-08-09,27.479166666666668
2024-08-10,27.266666666666666
2024-08-11,27.1375
2024-08-12,27.191666666666666
2024-08-13,27.229166666666668
2024-08-14,27.358333333333334
2024-08-15,27.329166666666666
2024-08-16,27.425
2024-08-17,27.491666666666664
2024-08-18,27.233333333333334
2024-08-19,28.429166666666664
2024-08-20,27.6375
2024-08-21,27.804166666666664
2024-08-22,28.483333333333334
2024-08-23,28.304166666666664
2024-08-24,27.925
2024-08-25,27.120833333333334
2024-08-26,27.287499999999998
2024-08-27,25.59166666666667
2024-08-28,25.454166666666666
2024-08-29,25.8
2024-08-30,27.170833333333334
2024-08-31,25.537499999999998
2024-09-01,25.704166666666666
2024-09-02,25.741666666666664
2024-09-03,24.391666666666666
2024-09-04,24.575
2024-09-05,25.291666666666668
2024-09-06,26.008333333333336
2024-09-07,25.941666666666666
2024-09-08,26.383333333333336
2024-09-09,26.758333333333336
2024-09-10,27.5125
2024-09-11,26.5625
2024-09-12,26.641666666666666
2024-09-13,27.116666666666664
2024-09-14,27.479166666666668
2024-09-15,26.662499999999998
2024-09-16,27.21666666666667
2024-09-17,27.641666666666666
2024-09-18,28.175
2024-09-19,27.920833333333334
2024-09-20,26.920833333333334
2024-09-21,22.729166666666668
2024-09-22,22.354166666666668
2024-09-23,21.083333333333332
2024-09-24,21.245833333333334
2024-09-25,22.858333333333334
2024-09-26,23.662499999999998
2024-09-27,23.079166666666666
2024-09-28,23.0125
2024-09-29,22.72083333333333
2024-09-30,21.891666666666666
2024-10-01,21.833333333333332
2024-10-02,17.708333333333332
2024-10-03,18.020833333333332
2024-10-04,18.325
2024-10-05,19.2625
2024-10-06,19.229166666666668
2024-10-07,17.245833333333334
2024-10-08,18.533333333333335
2024-10-09,18.5125
2024-10-10,18.404166666666665
2024-10-11,18.329166666666666
2024-10-12,18.3
2024-10-13,19.783333333333335
2024-10-14,20.691666666666666
2024-10-15,21.400000000000002
2024-10-16,20.379166666666666
2024-10-17,20.599999999999998
2024-10-18,22.025000000000002
2024-10-19,19.616666666666667
2024-10-20,15.495833333333332
2024-10-21,19.891666666666666
2024-10-22,20.412499999999998
2024-10-23,16.6875
2024-10-24,14.229166666666666
2024-10-25,18.3
2024-10-26,18.6875
2024-10-27,17.029166666666665
2024-10-28,16.120833333333334
2024-10-29,17.224999999999998
2024-10-30,16.316666666666666
2024-10-31,17.587500000000002
2024-11-01,15.829166666666666
2024-11-02,17.7625
2024-11-03,16.224999999999998
2024-11-04,15.208333333333334
2024-11-05,14.008333333333333
2024-11-06,9.354166666666666
2024-11-07,12.375
2024-11-08,14.683333333333332
2024-11-09,14.987499999999999
2024-11-10,15.875
2024-11-11,14.658333333333333
2024-11-12,14.033333333333333
2024-11-13,15.520833333333334
2024-11-14,16.175
2024-11-15,16.066666666666666
2024-11-16,17.962500000000002
2024-11-17,13.616666666666667
2024-11-18,6.708333333333333
2024-11-19,9.35
2024-11-20,9.512500000000001
2024-11-21,10.166666666666666
2024-11-22,8.916666666666666
2024-11-23,8.895833333333334
2024-11-24,10.137500000000001
2024-11-25,12.183333333333332
2024-11-26,11.5375
2024-11-27,5.333333333333333
2024-11-28,5.783333333333334
2024-11-29,4.858333333333333
2024-11-30,6.658333333333334
2024-12-01,8.020833333333334
2024-12-02,11.429166666666667
2024-12-03,6.720833333333334
2024-12-04,4.191666666666666
2024-12-05,5.108333333333333
2024-12-06,5.870833333333334
2024-12-07,3.5666666666666664
2024-12-08,1.5291666666666666
2024-12-09,2.2041666666666666
2024-12-10,3.475
2024-12-11,4.670833333333333
2024-12-12,4.2
2024-12-13,2.5749999999999997
2024-12-14,1.1791666666666665
2024-12-15,3.0
2024-12-16,2.704166666666667
2024-12-17,2.8833333333333333
2024-12-18,0.21666666666666667
2024-12-19,2.2666666666666666
2024-12-20,3.2458333333333336
2024-12-21,2.6666666666666665
2024-12-22,-1.5458333333333334
2024-12-23,1.6583333333333332
2024-12-24,2.275
2024-12-25,3.5416666666666665
2024-12-26,4.008333333333334
2024-12-27,-0.09166666666666663
2024-12-28,-0.42500000000000004
2024-12-29,1.3208333333333335
2024-12-30,5.491666666666667
2024-12-31,3.8375
2025-01-01,2.2875
2025-01-02,3.9
2025-01-03,1.0
2025-01-04,0.8583333333333334
2025-01-05,2.1666666666666665
2025-01-06,3.045833333333334
2025-01-07,0.07499999999999998
2025-01-08,1.3499999999999999
2025-01-09,-4.0125
2025-01-10,-5.304166666666666
2025-01-11,-2.033333333333333
2025-01-12,-0.5708333333333334
2025-01-13,0.9041666666666667
2025-01-14,3.9
2025-01-15,-0.012499999999999975
2025-01-16,-0.13333333333333344
2025-01-17,1.6500000000000001
2025-01-18,3.35
2025-01-19,4.075
2025-01-20,2.9499999999999997
2025-01-21,3.7125
2025-01-22,4.045833333333333
2025-01-23,6.091666666666666
2025-01-24,7.008333333333333
2025-01-25,5.7
2025-01-26,5.983333333333333
2025-01-27,2.9791666666666665
2025-01-28,0.2875
2025-01-29,-0.775
2025-01-30,0.4166666666666667
2025-01-31,3.2583333333333333
2025-02-01,5.0874999999999995
2025-02-02,5.591666666666666
2025-02-03,0.5625
2025-02-04,-4.441666666666666
2025-02-05,-3.6166666666666667
2025-02-06,-2.8249999999999997
2025-02-07,-2.6458333333333335
2025-02-08,-4.8374999999999995
2025-02-09,-2.0791666666666666
2025-02-10,-0.5583333333333333
2025-02-11,1.5916666666666668
2025-02-12,3.7708333333333335
2025-02-13,1.0125
2025-02-14,3.0416666666666665
2025-02-15,2.970833333333333
2025-02-16,5.195833333333334
2025-02-17,2.2375000000000003
2025-02-18,-0.525
2025-02-19,-0.5666666666666665
2025-02-20,-0.4375
2025-02-21,-0.47500000000000003
2025-02-22,-0.2583333333333333
2025-02-23,-0.5916666666666667
2025-02-24,-0.20000000000000007
2025-02-25,2.6416666666666666
2025-02-26,5.75
2025-02-27,6.3999999999999995
2025-02-28,10.708333333333334
2025-03-01,10.0125
2025-03-02,11.495833333333332
2025-03-03,5.008333333333334
2025-03-04,4.995833333333334
2025-03-05,6.158333333333334
2025-03-06,5.4750000000000005
2025-03-07,5.416666666666667
2025-03-08,7.016666666666667
2025-03-09,6.2625
2025-03-10,8.016666666666667
2025-03-11,8.6875
2025-03-12,10.870833333333332
2025-03-13,9.6625
2025-03-14,10.145833333333334
2025-03-15,8.154166666666667
2025-03-16,5.916666666666667
2025-03-17,3.5583333333333336
2025-03-18,3.1
2025-03-19,3.5666666666666664
2025-03-20,6.670833333333333
2025-03-21,11.829166666666666
2025-03-22,14.975
2025-03-23,15.829166666666666
2025-03-24,14.845833333333333
2025-03-25,15.112499999999999
2025-03-26,14.566666666666668
2025-03-27,15.174999999999999
2025-03-28,10.416666666666666
2025-03-29,7.2875000000000005
2025-03-30,4.391666666666667
2025-03-31,6.2375
2025-04-01,7.8125
2025-04-02,9.424999999999999
2025-04-03,8.674999999999999
2025-04-04,9.775
2025-04-05,10.966666666666667
2025-04-06,12.308333333333332
2025-04-07,13.379166666666668
2025-04-08,16.349999999999998
2025-04-09,13.1625
2025-04-10,15.4125
2025-04-11,14.054166666666667
2025-04-12,12.6
2025-04-13,9.7125
2025-04-14,8.616666666666667
2025-04-15,9.325000000000001
2025-04-16,12.616666666666667
2025-04-17,15.891666666666666
2025-04-18,18.004166666666666
2025-04-19,17.441666666666666
2025-04-20,14.5625
2025-04-21,13.887500000000001
2025-04-22,14.808333333333332
2025-04-23,12.933333333333332
2025-04-24,15.329166666666666
2025-04-25,14.120833333333332
2025-04-26,13.608333333333333
2025-04-27,16.329166666666666
2025-04-28,17.3625
2025-04-29,13.058333333333332
2025-04-30,15.416666666666666
2025-05-01,16.408333333333335
2025-05-02,14.895833333333334
2025-05-03,13.341666666666667
2025-05-04,14.241666666666667
2025-05-05,13.325000000000001
2025-05-06,12.770833333333334
2025-05-07,12.995833333333332
2025-05-08,14.762500000000001
2025-05-09,14.845833333333333
2025-05-10,15.616666666666667
2025-05-11,14.416666666666666
2025-05-12,16.470833333333335
2025-05-13,16.662499999999998
2025-05-14,17.366666666666667
2025-05-15,18.2375
2025-05-16,18.116666666666667
2025-05-17,19.175
2025-05-18,17.266666666666666
2025-05-19,17.245833333333334
2025-05-20,20.691666666666666
2025-05-21,21.133333333333333
2025-05-22,17.079166666666666
2025-05-23,15.829166666666666
2025-05-24,14.125
2025-05-25,15.204166666666667
2025-05-26,16.716666666666665
2025-05-27,17.829166666666666
2025-05-28,18.175
2025-05-29,17.879166666666666
2025-05-30,17.766666666666666
2025-05-31,19.5125
2025-06-01,19.245833333333334
2025-06-02,18.275000000000002
2025-06-03,19.400000000000002
2025-06-04,21.083333333333332
2025-06-05,21.166666666666668
2025-06-06,20.7625
2025-06-07,21.929166666666664
2025-06-08,22.483333333333334
2025-06-09,20.712500000000002
2025-06-10,22.837500000000002
2025-06-11,23.75
2025-06-12,21.383333333333336
2025-06-13,19.920833333333334
2025-06-14,21.241666666666667
2025-06-15,22.34166666666667
2025-06-16,22.170833333333334
2025-06-17,21.825
2025-06-18,22.708333333333332
2025-06-19,23.741666666666664
2025-06-20,23.0
2025-06-21,22.866666666666664
2025-06-22,21.59166666666667
2025-06-23,22.495833333333334
2025-06-24,20.162499999999998
2025-06-25,21.837500000000002
2025-06-26,22.995833333333334
2025-06-27,24.3625
2025-06-28,25.429166666666664
2025-06-29,25.766666666666666
2025-06-30,26.5
2025-07-01,27.03333333333333
2025-07-02,28.554166666666664
2025-07-03,28.579166666666666
2025-07-04,28.054166666666664
2025-07-05,28.204166666666666
2025-07-06,28.775000000000002
2025-07-07,29.233333333333334
2025-07-08,27.391666666666666
2025-07-09,26.491666666666664
2025-07-10,26.22083333333333
2025-07-11,25.46666666666667
2025-07-12,25.104166666666668
2025-07-13,25.479166666666668
2025-07-14,23.641666666666666
2025-07-15,23.558333333333334
2025-07-16,24.787499999999998
2025-07-17,25.316666666666666
2025-07-18,24.150000000000002
2025-07-19,24.275000000000002
2025-07-20,26.329166666666666
2025-07-21,26.912499999999998
2025-07-22,27.545833333333334
2025-07-23,27.4375
2025-07-24,26.900000000000002
2025-07-25,27.941666666666666
2025-07-26,28.583333333333332
2025-07-27,29.133333333333336
2025-07-28,29.045833333333334
2025-07-29,28.645833333333332
2025-07-30,28.391666666666666
2025-07-31,28.46666666666667
2025-08-01,28.2625
2025-08-02,29.125
2025-08-03,28.683333333333334
2025-08-04,27.974999999999998
2025-08-05,28.125
2025-08-06,28.162499999999998
2025-08-07,28.708333333333332
2025-08-08,26.162499999999998
2025-08-09,24.508333333333336
2025-08-10,23.433333333333334
2025-08-11,24.125
2025-08-12,22.441666666666666
2025-08-13,26.641666666666666
2025-08-14,27.479166666666668
2025-08-15,28.025000000000002
2025-08-16,28.208333333333332
2025-08-17,28.162499999999998
2025-08-18,27.833333333333332
2025-08-19,27.9375
2025-08-20,28.09166666666667
2025-08-21,28.674999999999997
2025-08-22,29.09583333333333
2025-08-23,30.037499999999998
2025-08-24,29.316666666666666
2025-08-25,28.979166666666668
2025-08-26,28.441666666666666
2025-08-27,27.258333333333336
2025-08-28,27.479166666666668
2025-08-29,28.758333333333336
2025-08-30,29.55
2025-08-31,26.55
2025-09-01,26.191666666666666
2025-09-02,26.712500000000002
2025-09-03,25.866666666666664
2025-09-04,26.191666666666666
2025-09-05,26.34583333333333
2025-09-06,27.320833333333336
2025-09-07,28.6125
2025-09-08,27.233333333333334
2025-09-09,23.1125
2025-09-10,23.150000000000002
2025-09-11,24.079166666666666
2025-09-12,24.183333333333334
2025-09-13,25.333333333333332
2025-09-14,24.379166666666666
2025-09-15,25.679166666666664
2025-09-16,26.6375
2025-09-17,26.945833333333336
2025-09-18,22.925
2025-09-19,22.84583333333333
2025-09-20,24.016666666666666
2025-09-21,21.308333333333334
2025-09-22,21.879166666666666
2025-09-23,21.90416666666667
2025-09-24,24.495833333333334
2025-09-25,23.708333333333332
2025-09-26,23.479166666666668
2025-09-27,22.837500000000002
2025-09-28,23.395833333333332
2025-09-29,21.525000000000002
2025-09-30,20.45
2025-10-01,21.241666666666667
2025-10-02,21.516666666666666
2025-10-03,19.845833333333335
2025-10-04,21.895833333333332
2025-10-05,22.2375
2025-10-06,21.3125
2025-10-07,22.741666666666664
2025-10-08,22.2
2025-10-09,21.304166666666667
2025-10-10,21.3875
2025-10-11,22.212500000000002
2025-10-12,20.974999999999998
2025-10-13,20.354166666666668
2025-10-14,19.070833333333333
2025-10-15,21.033333333333335
2025-10-16,21.275000000000002
2025-10-17,21.087500000000002
2025-10-18,20.7
2025-10-19,18.1125
2025-10-20,16.433333333333334
2025-10-21,15.125
2025-10-22,16.591666666666665
2025-10-23,17.316666666666666
2025-10-24,16.375
2025-10-25,17.3
2025-10-26,15.379166666666668
2025-10-27,10.775
2025-10-28,8.970833333333333
2025-10-29,11.245833333333332
2025-10-30,13.924999999999999
2025-10-31,14.583333333333334
2025-11-01,13.625
2025-11-02,12.141666666666666
2025-11-03,10.404166666666667
2025-11-04,14.041666666666666
2025-11-05,14.174999999999999
2025-11-06,15.433333333333332
2025-11-07,16.054166666666667
2025-11-08,16.408333333333335
2025-11-09,15.054166666666667
2025-11-10,10.683333333333332
2025-11-11,9.829166666666667
2025-11-12,12.654166666666667
2025-11-13,12.133333333333333
2025-11-14,11.0625
2025-11-15,10.729166666666666
2025-11-16,12.504166666666668
2025-11-17,8.929166666666667
2025-11-18,4.045833333333333
2025-11-19,4.483333333333333
2025-11-20,7.379166666666666
2025-11-21,8.195833333333333
2025-11-22,8.15
2025-11-23,8.933333333333334
2025-11-24,12.041666666666666
2025-11-25,9.137500000000001
2025-11-26,8.866666666666667
2025-11-27,9.829166666666667
2025-11-28,6.191666666666666
2025-11-29,7.495833333333334
2025-11-30,13.804166666666667
2025-12-01,12.15
2025-12-02,6.666666666666667
2025-12-03,0.9166666666666666
2025-12-04,0.12083333333333333
2025-12-05,1.883333333333333
2025-12-06,3.1291666666666664
2025-12-07,8.475
2025-12-08,7.8625
2025-12-09,3.7583333333333333
2025-12-10,4.9375
2025-12-11,9.779166666666667
2025-12-12,6.145833333333333
2025-12-13,9.016666666666667
2025-12-14,3.7416666666666667
2025-12-15,3.5708333333333333
2025-12-16,5.5625
2025-12-17,7.8999999999999995
2025-12-18,5.7375
2025-12-19,9.579166666666667
2025-12-20,13.458333333333334
2025-12-21,4.5874999999999995
2025-12-22,4.608333333333333
2025-12-23,8.379166666666666
2025-12-24,8.891666666666667
2025-12-25,2.733333333333333
2025-12-26,-4.4750000000000005
2025-12-27,-0.48333333333333334
2025-12-28,2.995833333333333
2025-12-29,7.2749999999999995
2025-12-30,4.041666666666667
2025-12-31,-0.4291666666666667
2026-01-01,-3.0375
2026-01-02,-3.670833333333333
2026-01-03,-1.3875000000000002
2026-01-04,2.033333333333333
2026-01-05,2.529166666666667
2026-01-06,1.2625
2026-01-07,2.8083333333333336
2026-01-08,-1.8499999999999999
2026-01-09,0.4125000000000001
2026-01-10,7.2250000000000005
2026-01-11,-1.875
2026-01-12,-0.9499999999999998
2026-01-13,4.683333333333334
2026-01-14,1.3791666666666667
2026-01-15,11.525
2026-01-16,8.270833333333334
2026-01-17,7.3374999999999995
2026-01-18,8.104166666666666
2026-01-19,4.8999999999999995
2026-01-20,0.4375
2026-01-21,-3.516666666666667
2026-01-22,-4.504166666666666
2026-01-23,-1.4916666666666665
2026-01-24,0.01666666666666668
2026-01-25,-0.6958333333333333
2026-01-26,0.7041666666666666
2026-01-27,1.0208333333333333
2026-01-28,-0.4916666666666667
2026-01-29,-0.2208333333333333
2026-01-30,-1.9083333333333332
2026-01-31,0.45
2026-02-01,0.19999999999999998
2026-02-02,-0.3083333333333333
2026-02-03,0.8041666666666667
2026-02-04,4.233333333333333
2026-02-05,6.658333333333334
2026-02-06,5.1625000000000005
2026-02-07,-0.3125
2026-02-08,-4.429166666666666
2026-02-09,-0.04999999999999998
2026-02-10,1.8708333333333333
2026-02-11,4.729166666666667
2026-02-12,4.383333333333334
2026-02-13,5.033333333333333
2026-02-14,8.775
2026-02-15,10.229166666666666
2026-02-16,7.2375
2026-02-17,7.429166666666667
2026-02-18,5.420833333333333
2026-02-19,5.983333333333333
2026-02-20,7.7625
2026-02-21,10.491666666666667
2026-02-22,14.575000000000001
2026-02-23,6.45
2026-02-24,5.258333333333334
2026-02-25,8.15
2026-02-26,9.470833333333333
2026-02-27,7.895833333333333
2026-02-28,6.791666666666667
2026-03-01,8.775
2026-03-02,8.275
2026-03-03,7.795833333333333
2026-03-04,7.3125
2026-03-05,8.279166666666667
2026-03-06,7.795833333333333
2026-03-07,3.279166666666667
2026-03-08,4.266666666666667
2026-03-09,5.129166666666667
2026-03-10,5.141666666666667
2026-03-11,6.579166666666667
2026-03-12,7.1000000000000005
2026-03-13,5.45
2026-03-14,6.883333333333333
2026-03-15,8.716666666666667
2026-03-16,9.104166666666666
2026-03-17,10.183333333333334
2026-03-18,9.683333333333334
2026-03-19,8.950000000000001
2026-03-20,9.333333333333334
2026-03-21,11.291666666666666
2026-03-22,11.058333333333335
2026-03-23,11.216666666666667
2026-03-24,11.120833333333332
2026-03-25,11.25
2026-03-26,11.7875
2026-03-27,14.766666666666666
2026-03-28,13.575000000000001
2026-03-29,12.995833333333332
2026-03-30,13.225
2026-03-31,13.15
2026-04-01,11.945833333333333
2026-04-02,13.316666666666668
2026-04-03,13.575000000000001
2026-04-04,14.616666666666667
2026-04-05,12.483333333333334
2026-04-06,14.629166666666668
2026-04-07,10.304166666666667
2026-04-08,10.008333333333333
2026-04-09,13.108333333333334
2026-04-10,17.029166666666665
2026-04-11,14.741666666666667
2026-04-12,14.691666666666668
2026-04-13,15.758333333333333
2026-04-14,14.424999999999999
2026-04-15,14.733333333333334
2026-04-16,13.362499999999999
2026-04-17,14.358333333333334
2026-04-18,16.270833333333332
2026-04-19,17.041666666666668
2026-04-20,17.345833333333335
2026-04-21,14.454166666666666
2026-04-22,13.991666666666667
2026-04-23,13.304166666666667
2026-04-24,13.408333333333333
2026-04-25,14.775
2026-04-26,16.545833333333334
2026-04-27,17.458333333333332
2026-04-28,17.570833333333333
2026-04-29,14.3125
2026-04-30,13.933333333333332
2026-05-01,14.541666666666666
2026-05-02,16.879166666666666
2026-05-03,15.012500000000001
2026-05-04,14.85
2026-05-05,14.262500000000001
2026-05-06,15.616666666666667
2026-05-07,17.375
2026-05-08,17.995833333333334
2026-05-09,15.808333333333332
2026-05-10,16.599999999999998
2026-05-11,17.929166666666667
2026-05-12,17.474999999999998
2026-05-13,17.866666666666667
2026-05-14,17.970833333333335
2026-05-15,17.75
2026-05-16,20.0625
2026-05-17,22.724999999999998
2026-05-18,22.425
2026-05-19,22.116666666666664
2026-05-20,17.075
2026-05-21,17.820833333333333
2026-05-22,17.608333333333334
2026-05-23,17.070833333333333
2026-05-24,18.095833333333335
2026-05-25,21.291666666666668
2026-05-26,21.666666666666668
2026-05-27,19.829166666666666
2026-05-28,22.3875
2026-05-29,20.875
2026-05-30,22.795833333333334
2026-05-31,23.570833333333336
2026-06-01,22.8875
2026-06-02,20.108333333333334
2026-06-03,21.458333333333332
2026-06-04,20.849999999999998
2026-06-05,22.916666666666668
2026-06-06,20.991666666666667
2026-06-07,21.154166666666665
2026-06-08,19.741666666666667
2026-06-09,19.329166666666666
2026-06-10,21.474999999999998
2026-06-11,22.3625
2026-06-12,22.729166666666668
2026-06-13,22.920833333333334
2026-06-14,22.266666666666666
2026-06-15,22.633333333333336
2026-06-16,22.704166666666666
2026-06-17,23.616666666666664
2026-06-18,24.55
2026-06-19,23.916666666666668
2026-06-20,23.84166666666667
2026-06-21,21.741666666666664
2026-06-22,19.516666666666666
2026-06-23,19.570833333333333
2026-06-24,19.85833333333333
2026-06-25,21.766666666666666
2026-06-26,20.879166666666666
2026-06-27,20.129166666666666
2026-06-28,20.104166666666668
2026-06-29,21.083333333333332
2026-06-30,21.825
2026-07-01,20.408333333333335
2026-07-02,21.650000000000002
2026-07-03,22.52916666666667
2026-07-04,22.795833333333334
2026-07-05,23.15833333333333
2026-07-06,24.816666666666666
2026-07-07,25.170833333333334
2026-07-08,25.295833333333334
2026-07-09,25.55
2026-07-10,26.583333333333332
2026-07-11,27.40416666666667
2026-07-12,28.354166666666668
2026-07-13,27.8625
2026-07-14,27.125
2026-07-15,28.070833333333336
2026-07-16,29.3125
2026-07-17,27.71666666666667
2026-07-18,27.233333333333334
2026-07-19,27.933333333333334
2026-07-20,27.4875
2026-07-21,28.425
2026-07-22,29.204166666666666
2026-07-23,29.025000000000002
2026-07-24,29.5
2026-07-25,29.575
2026-07-26,30.633333333333336
2026-07-27,30.066666666666666
2026-07-28,31.733333333333334
2026-07-29,33.5875
2026-07-30,32.94583333333333
2026-07-31,32.387499999999996
2026-08-01,33.395833333333336
2026-08-02,32.37083333333333
2026-08-03,29.391666666666666
2026-08-04,29.09583333333333
2026-08-05,28.083333333333332
2026-08-06,28.204166666666666
2026-08-07,29.266666666666666
2026-08-08,29.129166666666666
2026-08-09,26.516666666666666
2026-08-10,26.22083333333333
2026-08-11,25.183333333333334
2026-08-12,25.833333333333332
2026-08-13,25.9875
2026-08-14,27.02916666666667
2026-08-15,26.662499999999998
2026-08-16,23.979166666666668
2026-08-17,24.583333333333332
2026-08-18,25.84583333333333
2026-08-19,27.270833333333332
2026-08-20,27.27916666666667
2026-08-21,26.6875
2026-08-22,27.175
2026-08-23,28.104166666666668
2026-08-24,28.808333333333334
2026-08-25,28.662499999999998
2026-08-26,28.47083333333333
2026-08-27,27.15833333333333
2026-08-28,25.40416666666667
2026-08-29,27.191666666666666
2026-08-30,26.15833333333333
2026-08-31,27.03333333333333
2026-09-01,26.90833333333333
2026-09-02,26.979166666666668
2026-09-03,25.141666666666666
2026-09-04,25.183333333333334
2026-09-05,25.22083333333333
2026-09-06,25.40833333333333
2026-09-07,24.59583333333333
2026-09-08,23.875
2026-09-09,22.662499999999998
2026-09-10,22.295833333333334
