date,sensor_temp_mean,sensor_salinity_min,sensor_salinity_mean,sensor_turbidity_max,sensor_turbidity_mean,sensor_ph_mean,sensor_do_mean,sensor_chla_mean
2014-01-01,11.49513812154696,19.25,20.404723756906076,90.26,45.204385964912284,8.080729166666666,9.301527777777778,3.8348214285714284
2014-01-02,,,,592.66,139.82561338289963,8.068854166666666,8.88329861111111,3.68808362369338
2014-01-03,11.543129770992367,23.27,24.244274809160306,359.26,87.26784946236559,8.09632867132867,8.831608391608393,2.3545454545454545
2014-01-04,11.514722222222222,23.886,25.58603125,77.29,15.038105263157894,8.115018181818183,8.042604166666667,1.3529537366548043
2014-01-05,11.695347222222223,22.877,26.14804513888889,10.74,2.929612676056338,8.129375000000001,8.12079861111111,1.7840989399293286
2014-01-06,11.077847222222223,21.731,23.993086805555556,17.74,4.226678321678321,8.142881944444445,8.671254752851711,2.373426573426573
2014-01-07,10.206631944444446,13.326,19.31679513888889,7.08,3.693671328671329,8.150868055555556,9.332743055555556,2.9373776223776225
2014-01-08,10.847534722222223,18.474,25.316722222222225,15.01,4.333506944444444,8.060729166666667,7.465970149253732,2.442604166666667
2014-01-09,8.602916666666665,13.626,17.220746527777777,33.85,15.056736111111112,8.2165625,9.889305555555556,2.6826736111111114
2014-01-10,8.39048611111111,17.037,19.865003472222224,66.3,38.259684210526316,8.223368055555556,9.944131944444443,2.2006643356643356
2014-01-11,9.874375,19.809,25.961885416666668,63.74,53.11159722222222,8.14295138888889,8.718472222222223,1.7953146853146855
2014-01-12,10.3675,25.608,27.97635763888889,78.14,65.50298932384342,8.127638888888889,8.275138888888888,1.9487762237762238
2014-01-13,10.155694444444444,24.633,27.949795138888888,80.76,38.45211805555555,8.141118881118881,8.434255319148937,1.7412587412587412
2014-01-14,9.399965277777778,24.182,25.942732638888888,22.18,1.648923611111111,8.184131944444445,9.141083916083916,0.9335087719298246
2014-01-15,9.316875000000001,23.525,26.558857638888888,21.5,2.6941666666666664,8.175347222222221,9.22420138888889,0.9304166666666666
2014-01-16,9.304409722222223,22.328,25.982496527777776,8.87,1.4960763888888888,8.1809375,9.388715277777777,0.9904861111111111
2014-01-17,9.264340277777778,19.363,22.882208333333335,6.78,1.5093055555555557,8.200383275261325,9.83826388888889,1.171602787456446
2014-01-18,9.337465277777778,19.084,23.17853472222222,3.11,1.5059027777777778,8.209409722222222,9.902916666666666,1.3135069444444445
2014-01-19,9.611909722222222,23.412,25.31656597222222,5.13,1.911149825783972,8.195347222222223,9.403958333333334,1.259965277777778
2014-01-20,10.431041666666665,22.934,25.885975694444443,15.98,2.6805902777777777,8.15017361111111,8.858576388888888,1.6728819444444445
2014-01-21,9.218576388888888,19.345,23.528277777777777,15.31,7.774202898550724,8.195774647887324,9.590590277777778,3.677364620938628
2014-01-22,8.788680555555555,21.935,24.693663194444444,19.21,11.732326388888888,8.190729166666666,9.278229166666668,3.3660416666666664
2014-01-23,8.790373134328359,18.019,22.273388059701492,22.58,12.550190839694658,8.22246153846154,9.746934865900382,3.3299607843137253
2014-01-24,9.90045138888889,13.737,19.535036437246966,40.48,24.752992700729926,8.227,10.12175438596491,2.820107913669065
2014-01-25,10.593705179282868,13.676,20.74934027777778,67.0,35.73541516245487,8.13579646017699,9.10956,2.073516483516484
2014-01-26,11.126145833333332,21.511,23.657038194444443,473.67,152.10498023715414,8.120624999999999,8.722256944444446,2.4633582089552237
2014-01-27,11.326653696498054,22.64,24.436260700389102,814.45,624.7001945525292,8.114630350194552,8.770933852140079,3.078148148148148
2014-01-28,11.651319444444445,20.445,21.789104166666664,834.9,400.60039568345326,8.03386524822695,8.403617021276597,2.776992481203007
2014-01-29,11.52719696969697,21.227,23.538451388888888,88.15,3.771145833333333,8.093595505617976,8.961944444444445,1.3266920152091255
2014-01-30,12.963541666666666,22.112,23.42464236111111,211.19,64.7048028673835,8.084340277777777,8.920555555555556,2.274782608695652
2014-01-31,12.80232638888889,21.934,22.869336805555555,1139.51,554.4668055555555,8.07263888888889,9.03375,8.90383512544803
2014-02-01,13.165173611111111,23.099,23.92926041666667,1128.68,564.645390625,7.999618055555555,8.611631944444445,5.734028776978417
2014-02-02,13.999097222222224,22.377,23.1975625,896.44,327.8796527777778,7.952708333333334,8.671631944444444,7.6113333333333335
2014-02-03,13.039930555555555,22.411,24.026847222222223,1107.92,312.42815972222223,7.91857638888889,7.963125000000001,2.556875
2014-02-04,9.353715277777777,21.46,23.06420486111111,125.82,54.493559999999995,8.071423611111111,8.704097222222224,3.9158680555555554
2014-02-05,9.060798611111112,21.089,21.743472222222223,27.01,24.884027777777778,8.101805555555556,9.112916666666667,5.148933823529411
2014-02-06,9.804305555555555,20.736,22.147020833333332,23.77,23.320208333333333,8.067013888888889,8.4375,4.649392857142857
2014-02-07,10.509374999999999,23.684,25.38801736111111,23.77,22.92,8.0565625,7.566770833333333,4.200106007067137
2014-02-08,11.060729166666667,21.356,23.594239583333334,21.55,19.532569444444444,8.122569444444444,8.683090277777778,5.742465277777778
2014-02-09,11.479826388888888,23.477,25.441065972222223,18.18,16.952916666666667,8.082291666666666,7.72892361111111,5.907118055555555
2014-02-10,9.823205574912892,20.504,21.91705574912892,15.2,8.487509293680297,8.108810408921933,8.290446096654275,3.9673461538461536
2014-02-11,10.594027777777777,23.969,24.792628472222223,1.11,0.6763636363636364,8.169722222222223,8.832430555555556,1.3942361111111112
2014-02-12,10.87871527777778,24.123,24.93267361111111,1.06,0.6737412587412588,8.155451388888888,8.667256944444444,2.0327715355805243
2014-02-13,10.126319444444444,23.805,24.795569444444443,0.96,0.7042805755395684,8.121701388888889,8.325590277777778,2.51581881533101
2014-02-14,9.493541666666665,22.898,24.339,0.84,0.6713286713286714,8.034548611111111,7.437986111111111,2.8850000000000002
2014-02-15,11.530138888888889,22.728,24.57171875,1.35,0.7618897637795276,8.117708333333333,8.762777777777778,2.5283980582524275
2014-02-16,11.8121875,21.907,24.305128472222222,1.73,0.9638961038961039,8.1028125,8.53,1.7062934362934363
2014-02-17,11.3675,23.033,25.395163194444443,1.28,0.9923297491039427,8.0521875,7.2302430555555555,1.1201742160278747
2014-02-18,10.07017361111111,21.457,24.196902777777776,1.91,1.316326530612245,7.9968055555555555,6.630381944444444,1.2517957746478874
2014-02-19,9.846319444444443,19.623,23.826347222222225,2.1,1.4882771535580523,8.090451388888889,7.514270833333334,1.3600701754385964
2014-02-20,11.292743055555555,18.663,20.65893402777778,2.8,1.138314606741573,8.059270833333334,8.38482638888889,1.5861648745519714
2014-02-21,12.812522123893805,19.249,23.764084444444443,0.67,0.21309352517985614,7.7857079646017695,6.470752212389381,1.188392857142857
2014-02-22,14.79719696969697,24.797,25.379734848484848,0.2,0.07217391304347825,7.94598484848485,7.183863636363636,1.1956060606060606
2014-02-23,12.378641114982578,24.121,26.16866898954704,0.57,0.17455555555555557,7.800696864111499,4.854982578397213,1.1534146341463414
2014-02-24,12.298854166666667,18.875,23.203,0.41,0.255589519650655,8.035590277777779,7.74625,1.281388888888889
2014-02-25,13.7759375,17.111,20.66476388888889,0.49,0.1716949152542373,7.698680555555555,4.958020833333333,1.3994097222222222
2014-02-26,11.06611111111111,16.9,21.359288194444446,0.6,0.3039426523297491,7.8156944444444445,5.444166666666667,1.3893055555555556
2014-02-27,13.924510489510489,15.794,19.32751291512915,3.94,1.012716535433071,8.003698113207546,8.7088679245283,1.927624521072797
2014-02-28,10.547567567567567,21.314,24.44581756756757,104.2,6.801770833333333,8.294618055555555,9.1075,3.9254887218045114
2014-03-01,,,,8.59,5.160839694656489,8.271840277777777,8.531701388888889,3.490415094339623
2014-03-02,,,,19.68,6.8442293906810034,8.283888888888889,8.588169014084507,6.388781362007169
2014-03-03,11.43859375,23.289,26.771546875,9.89,7.762676056338028,8.310347222222223,8.885,7.837756653992395
2014-03-04,11.136354166666667,24.139,27.755379562043796,14.66,10.49673835125448,8.30875,8.967622377622376,11.955035211267605
2014-03-05,11.352534722222224,25.239,28.54392361111111,15.87,11.217074074074075,8.304756944444444,8.805972222222222,15.690381944444445
2014-03-06,10.654756944444445,25.128,27.115309859154927,14.54,12.154381625441696,8.33454861111111,9.3390625,8.637912087912088
2014-03-07,10.354270833333334,24.853,26.934225694444443,12.47,9.720642857142858,8.333159722222222,9.46815331010453,13.24943859649123
2014-03-08,10.261767955801105,24.457,26.066392265193368,10.16,8.444887640449439,8.339723756906077,9.794611111111111,14.603333333333333
2014-03-09,,,,,,,,
2014-03-10,10.38703947368421,18.207,22.784193333333334,7.14,4.996241610738255,8.396614173228345,10.54875,5.751984126984127
2014-03-11,9.436354166666668,13.022,16.41265625,16.98,10.874823943661971,8.414270833333333,10.847430555555555,4.823531598513011
2014-03-12,9.834094488188978,13.899,18.630866141732284,16.16,13.808925619834712,8.376535433070865,10.372047244094489,5.185833333333333
2014-03-13,,,,,,,,
2014-03-14,8.688823529411765,4.757,10.018752100840336,6.81,4.048634146341463,8.304873949579832,10.687866108786611,7.842887029288703
2014-03-15,9.64634730538922,10.512,14.20780638722555,7.43,4.408799076212471,8.360778443113773,10.248962075848304,6.1320944558521555
2014-03-16,10.112430555555555,7.373,13.103447916666667,8.89,5.037429718875502,8.311527777777776,10.290902777777779,7.276713780918728
2014-03-17,10.560833333333333,13.986,14.802583333333333,9.2,6.540597609561753,8.3304609929078,10.49271375464684,9.460799999999999
2014-03-18,13.256652173913045,9.723,14.2187,17.11,10.136756756756757,8.278958333333334,10.198461538461538,6.904548611111111
2014-03-19,13.520069444444445,18.215,22.399315972222222,25.67,13.25361111111111,8.224340277777777,8.769618055555556,6.435365853658537
2014-03-20,13.420381944444445,16.407,21.235850694444444,16.19,14.515729166666667,8.258576388888889,9.441006944444444,6.944444444444445
2014-03-21,13.92388888888889,21.875,23.177895833333334,27.22,20.766527777777778,8.209583333333335,9.394220532319391,6.5696336996337
2014-03-22,13.437916666666666,16.696,21.053368055555556,70.65,38.412187499999995,8.101770833333333,9.284930555555555,6.626503496503497
2014-03-23,13.187743055555556,13.184,19.661413194444446,83.04,58.50878472222222,8.132152777777778,9.501041666666667,7.593024911032028
2014-03-24,13.255520833333334,13.588,16.63976736111111,91.07,72.6128125,8.159409722222222,9.82581560283688,5.730247349823322
2014-03-25,13.475868055555557,14.002,15.943107638888888,131.29,80.26111111111112,8.039236111111112,9.487916666666667,4.792996515679442
2014-03-26,13.663402777777778,12.694,14.772430555555555,275.19,202.94229166666665,7.9411805555555555,9.230486111111112,5.025853658536586
2014-03-27,14.160138888888888,10.951,13.407940972222223,497.95,347.7271180555556,7.913402777777778,9.425069444444444,5.0026132404181185
2014-03-28,14.28326388888889,10.249,12.763559027777779,661.62,386.90944444444443,8.01513888888889,9.670277777777777,6.069859649122807
2014-03-29,14.485405405405407,10.034,11.584645569620253,19.41,15.947260273972605,8.257826086956522,9.742463768115943,7.129722222222223
2014-03-30,,,,,,,,
2014-03-31,16.038676470588236,12.164,16.406742647058824,18.65,6.697669172932331,8.241985294117647,9.090514705882352,3.544135338345865
2014-04-01,15.366284722222222,6.941,10.63454861111111,255.25,59.68055555555556,8.285034722222223,9.963693379790941,7.757375886524822
2014-04-02,15.882077464788733,9.073,11.846055555555557,764.92,413.74510416666664,8.228993055555556,9.536319444444445,7.418617021276597
2014-04-03,16.07642857142857,9.991,13.658368055555556,996.99,376.29080139372826,8.209583333333335,9.442222222222222,6.464250871080139
2014-04-04,15.829166666666667,11.135,14.284923611111111,101.38,40.98634146341463,8.218923611111112,9.321979166666667,7.356271777003484
2014-04-05,15.68871527777778,11.032,14.412534722222224,1006.68,448.915331010453,8.184583333333332,8.914930555555555,10.020701754385966
2014-04-06,15.33847222222222,13.17,15.862506944444444,1016.06,1006.4429861111112,8.182847222222222,8.644965277777779,6.40021978021978
2014-04-07,15.40559027777778,11.49,15.048840277777778,1004.01,659.244375,8.102256944444443,8.415520833333334,5.272578397212544
2014-04-08,15.861527777777777,11.819,16.29901736111111,441.32,234.13722807017544,8.037500000000001,7.749479166666666,5.394055944055944
2014-04-09,16.089756944444446,7.961,14.91146527777778,1016.62,676.2877777777778,8.045798611111111,7.76298611111111,5.722785714285715
2014-04-10,15.731493055555555,12.448,18.18811458333333,968.21,457.11003558718863,8.164390243902439,8.278611111111111,4.760421052631579
2014-04-11,14.974791666666667,15.462,19.73753125,40.41,18.027272727272727,8.285173611111112,8.538055555555555,9.96867857142857
2014-04-12,14.904791666666666,12.887,21.20540625,112.02,46.74024305555556,8.27545138888889,8.300416666666667,10.143579335793357
2014-04-13,14.877812500000001,13.622,19.133645833333333,596.07,284.09898916967506,8.180381944444443,7.878993055555556,8.741041666666668
2014-04-14,15.50982638888889,19.313,22.523937500000002,592.1,442.57248226950355,8.1115625,7.727921146953405,7.029219858156028
2014-04-15,15.901272084805655,21.342,23.388899305555555,522.63,445.4872569444444,8.110520833333332,7.476111111111111,6.809368421052632
2014-04-16,16.578680555555554,21.731,24.026399305555557,350.52,254.15788194444445,8.145694444444445,7.619290780141844,6.628939393939394
2014-04-17,16.02935943060498,13.313,19.739105633802815,222.37,110.05402826855124,8.170780141843972,7.869225352112677,4.279148936170213
2014-04-18,15.633993055555557,11.302,18.480611111111113,34.25,11.051219512195122,8.172083333333333,7.897013888888889,2.3717328519855596
2014-04-19,15.023645833333335,16.503,19.33807986111111,43.16,23.905244755244755,8.218229166666667,7.750347222222222,2.6595620437956207
2014-04-20,15.445069444444446,16.889,18.642583333333334,140.79,74.8571875,8.228854166666666,8.095492957746478,3.9277695167286244
2014-04-21,16.34510416666667,17.345,20.086225694444444,131.96,68.94815972222221,8.230729166666666,7.995173611111111,4.08177304964539
2014-04-22,17.50510416666667,15.074,17.526041666666668,151.88,64.30292682926829,8.121979166666668,8.101527777777777,5.394827586206897
2014-04-23,17.604375,17.932,20.45146527777778,189.84,108.78555555555556,8.158368055555556,7.887916666666666,6.4901481481481476
2014-04-24,18.36826388888889,17.942,19.623506944444443,147.34,117.14458333333333,8.101180555555555,7.977534722222223,8.353298245614035
2014-04-25,18.774305555555557,17.8,19.83136111111111,116.16,109.32836805555556,8.023020833333334,7.8549999999999995,10.815985915492957
2014-04-26,19.28868055555556,14.485,16.463288194444445,110.62,45.32674911660777,8.154687500000001,7.899340277777778,10.758120567375887
2014-04-27,19.479097222222222,16.093,17.779989583333332,3.01,2.480868055555556,8.202673611111111,7.800902777777777,9.506620209059234
2014-04-28,18.020694444444445,12.599,13.910013888888889,1.79,1.1827430555555556,8.100138888888889,7.514756944444445,9.509753521126761
2014-04-29,18.422932862190812,9.11,11.475144876325087,0.93,0.8684805653710247,8.042367491166077,7.291272084805653,8.648642857142857
2020-01-01,10.103611111111112,20.21,26.60240277777778,24.51,22.57465277777778,8.210625,10.837916666666667,0.9470833333333333
2020-01-02,10.276076388888889,21.621,27.727024305555556,28.45,23.12440972222222,8.188159722222222,10.836909722222224,0.5655555555555556
2020-01-03,10.221979166666666,22.033,28.050333333333334,24.89,23.548541666666665,8.176458333333334,11.002465277777778,0.8436111111111111
2020-01-04,9.880625,21.237,26.864083333333333,24.46,23.832708333333333,8.159930555555555,11.248715277777778,1.642673611111111
2020-01-05,10.277395833333333,22.224,27.0694375,24.52,23.430625,8.172291666666666,11.238159722222223,1.3710069444444446
2020-01-06,10.471736111111111,21.652,27.598847222222222,23.67,22.816909722222224,8.161423611111111,10.649409722222224,1.1500694444444446
2020-01-07,10.246805555555556,10.016,20.309729166666667,26.47,22.452187499999997,8.150555555555556,11.375694444444443,1.2424305555555555
2020-01-08,8.531608391608392,0.0,8.287769230769232,23.66,18.624685314685316,7.976258741258741,12.62888111888112,2.1806643356643356
2020-01-09,8.358506944444445,4.893,10.208256944444445,19.04,16.329652777777778,8.29079861111111,12.773611111111112,4.084236111111111
2020-01-10,8.3571875,6.601,11.225527777777778,17.76,16.29177083333333,8.259236111111111,12.512083333333333,3.7134722222222223
2020-01-11,9.015347222222223,8.719,15.3483125,17.67,15.990069444444446,8.2228125,11.773541666666667,2.1759375
2020-01-12,8.898402777777777,8.571,15.104729166666667,16.9,16.090520833333333,8.219201388888889,11.952395833333334,2.352013888888889
2020-01-13,9.127743055555555,6.458,17.243916666666664,22.31,16.628055555555555,8.237638888888888,11.725659722222222,2.068090277777778
2020-01-14,9.245,6.487,18.788052083333334,18.1,16.151458333333334,8.222534722222223,11.586631944444443,2.132996515679442
2020-01-15,9.208993055555556,13.382,18.324006944444445,16.26,15.154097222222223,8.339236111111111,11.941388888888888,1.865277777777778
2020-01-16,9.154479166666667,11.504,17.293034722222224,20.32,16.802118055555557,8.325868055555555,12.026979166666667,1.7879513888888887
2020-01-17,9.453541666666666,16.062,18.371388888888887,20.72,19.136458333333334,8.318263888888888,12.042847222222223,0.9027083333333334
2020-01-18,9.287881944444443,17.396,19.952413194444446,22.29,21.199166666666667,8.299444444444445,11.768125,0.5591319444444445
2020-01-19,9.608333333333333,18.305,22.047072916666664,24.82,22.653715277777778,8.243715277777778,11.42138888888889,0.3009824561403509
2020-01-20,9.772847222222222,0.0,21.300204861111112,26.88,24.170243055555556,8.169930555555556,11.596805555555555,0.2044981412639405
2020-01-21,9.395208333333334,19.674,22.221552083333332,27.45,20.213402777777777,8.22607638888889,11.56611111111111,1.4967816091954025
2020-01-22,8.840069444444445,16.434,19.758579861111112,25.04,15.70003472222222,8.367534722222222,12.157812499999999,3.9294444444444445
2020-01-23,9.754808362369339,0.0,22.78049825783972,33.59,17.644878048780487,8.290975609756098,11.373240418118467,2.2673519163763065
2020-01-24,10.173333333333334,20.085,21.869663194444442,21.89,20.09809027777778,8.292291666666666,11.732395833333333,2.460659722222222
2020-01-25,10.751076388888889,20.266,22.21965972222222,22.07,19.103125,8.260763888888889,11.713854166666668,1.882986111111111
2020-01-26,10.945833333333333,20.163,24.508583333333334,27.3,19.803854166666667,8.1571875,11.081145833333332,1.4585416666666666
2020-01-27,10.332169811320755,12.366,22.9106320754717,25.73,21.192830188679245,8.132924528301887,11.008301886792454,2.8393396226415097
2020-01-29,6.882702702702703,0.0,6.959981981981982,34.03,20.6818018018018,6.839549549549549,11.152342342342344,5.195405405405406
2020-01-30,9.286597222222222,8.076,11.727510416666668,25.56,23.979409722222222,8.318263888888888,13.064131944444444,4.323958333333334
2020-01-31,9.911180555555555,13.043,16.46215625,24.57,22.91701388888889,8.3084375,12.349166666666667,2.868888888888889
2020-02-01,9.349791666666667,10.861,14.744583333333331,24.46,23.160937500000003,8.303055555555556,12.495,2.4952430555555556
2020-02-02,9.610659722222222,11.447,15.066218749999999,23.46,21.404583333333335,8.273333333333333,12.350000000000001,2.4239930555555556
2020-02-03,9.94170138888889,0.0,16.796993055555554,20.68,18.4390625,8.163229166666667,11.437326388888888,2.3936805555555556
2020-02-04,9.829722222222223,12.261,17.471711805555557,19.21,18.23902777777778,8.381250000000001,11.6953125,5.067743055555556
2020-02-05,9.44940972222222,13.129,16.88315625,18.81,18.021631944444444,8.397291666666668,12.249652777777778,5.9025
2020-02-06,9.265347222222223,16.23,20.061309027777778,18.42,17.618958333333335,8.342916666666666,11.325277777777778,3.980590277777778
2020-02-07,10.601319444444444,17.865,25.903600694444446,18.8,17.725173611111114,8.185972222222222,9.740902777777778,3.4396180555555556
2020-02-08,10.205902777777778,19.834,23.165052083333332,19.83,18.625243055555554,8.041875,10.362916666666667,2.613576388888889
2020-02-09,10.231215277777778,17.13,23.740906250000002,22.44,19.51090277777778,7.98201388888889,10.14076388888889,1.7830208333333333
2020-02-10,10.22375,16.236,21.96779861111111,21.48,19.061284722222222,7.971770833333333,10.453090277777777,1.8284722222222223
2020-02-11,10.580625,0.0,25.192291666666666,21.3,17.061770833333334,8.061006944444445,10.131145833333333,2.3301736111111113
2020-02-12,10.559861111111111,14.259,24.05897569444444,18.93,17.43079861111111,8.345520833333333,11.330590277777778,4.565798611111111
2020-02-13,10.469965277777778,11.264,20.463083333333334,22.94,18.3965625,8.342083333333333,12.169652777777777,4.959895833333333
2020-02-14,11.334270833333333,14.949,23.252899305555555,19.7,18.576319444444444,8.201215277777777,11.364444444444445,3.333298611111111
2020-02-15,11.48236111111111,14.645,20.937756944444445,19.65,18.474791666666665,8.15204861111111,11.806458333333333,2.5709027777777775
2020-02-16,11.258854166666667,12.864,20.182729166666668,21.0,19.37527777777778,8.103124999999999,11.616041666666668,2.4083680555555556
2020-02-17,9.816840277777779,12.542,16.230052083333334,21.08,20.035,8.123993055555555,12.234027777777778,3.573576388888889
2020-02-18,9.09201388888889,0.0,19.01920486111111,20.29,18.412673611111114,8.115763888888889,11.313923611111111,2.142708333333333
2020-02-19,9.495694444444444,0.0,19.76740625,19.34,18.23579861111111,8.3290625,11.948055555555555,2.6762847222222224
2020-02-20,10.21107638888889,15.198,19.55921875,20.66,18.578194444444446,8.2409375,11.759618055555556,3.0760763888888887
2020-02-21,10.562152777777778,0.0,18.6503125,21.03,18.76767361111111,8.101631944444444,11.816284722222223,3.183576388888889
2020-02-22,11.18736111111111,15.82,20.152461805555554,22.31,19.64545138888889,8.086597222222222,11.575,2.703402777777778
2020-02-23,10.821631944444444,0.0,20.456819444444445,22.49,18.61315972222222,8.080694444444443,11.195520833333333,1.7340277777777777
2020-02-24,11.416006944444444,18.805,20.964503472222223,20.31,18.45888888888889,8.093368055555555,11.204131944444445,1.8108333333333333
2020-02-25,10.604305555555555,7.142,15.36455902777778,20.96,17.395972222222223,8.066875000000001,11.753368055555555,5.261423611111111
2020-02-26,10.212291666666665,4.36,10.101173611111111,19.94,18.395312500000003,8.224479166666667,12.49170138888889,7.106597222222223
2020-02-27,9.395902777777778,2.121,5.598670138888888,22.04,19.353923611111114,8.16170138888889,13.143993055555555,8.913993055555556
2020-02-28,9.449791666666666,2.845,8.703489583333333,21.32,19.698055555555555,7.995659722222222,12.31659722222222,6.841770833333333
2020-02-29,10.181770833333333,8.674,13.202677083333334,20.87,20.042881944444446,7.904201388888889,11.232708333333333,3.1148611111111113
2020-03-01,11.008611111111112,9.887,15.659684027777777,22.84,21.115416666666665,7.781215277777777,10.213611111111112,1.469861111111111
2020-03-02,11.008784722222224,8.317,12.808243055555556,23.48,21.948993055555558,7.723194444444445,10.532465277777778,1.1260416666666666
2020-03-03,11.413159722222222,13.755,16.763871527777777,24.2,21.1525,7.720347222222222,9.878541666666667,0.6448958333333333
2020-03-04,11.599444444444444,12.345,16.161038194444444,21.53,20.477604166666666,7.979548611111111,10.708090277777778,1.1504513888888888
2020-03-05,11.817465277777778,14.5,19.553052083333334,21.54,20.318090277777777,8.007708333333333,10.733333333333333,1.377326388888889
2020-03-06,11.83795138888889,15.414,19.742402777777777,22.27,20.827951388888888,7.957569444444445,10.353194444444444,1.3196180555555557
2020-03-07,11.70451388888889,15.718,19.227368055555555,22.12,20.240729166666668,7.961423611111111,10.47076388888889,1.227048611111111
2020-03-08,12.40861111111111,17.841,20.17420138888889,21.35,17.999305555555555,7.883472222222222,10.431805555555556,0.9982638888888888
2020-03-09,12.518263888888889,19.978,21.73136458333333,20.89,18.17017361111111,7.908819444444443,10.296006944444445,1.1553472222222223
2020-03-10,12.366319444444445,16.972,19.65242361111111,19.69,17.60045138888889,7.901770833333334,10.38,1.4783333333333333
2020-03-11,12.191979166666666,15.491,21.262184027777778,19.33,15.76815972222222,7.993888888888888,10.251076388888889,0.9075694444444444
2020-03-12,11.719722222222224,9.519,17.541027777777778,21.46,14.316006944444446,8.1425,10.90576388888889,1.4509375
2020-03-13,12.28875,11.137,17.470378472222222,23.13,16.213854166666668,8.034618055555555,10.492465277777777,1.1724305555555556
2020-03-14,12.138020833333334,11.046,16.614069444444443,20.53,18.134965277777777,8.00732638888889,10.328020833333333,0.8071527777777778
2020-03-15,12.159722222222221,12.029,16.984916666666667,21.19,18.94909722222222,8.030798611111111,10.000173611111112,0.7279166666666667
2020-03-16,11.977847222222222,9.226,14.084204861111111,22.35,19.55430555555556,8.069131944444443,9.969652777777776,0.8902083333333333
2020-03-17,11.00361111111111,0.0,9.360180555555555,21.88,19.37392361111111,8.157222222222224,10.840486111111112,1.6690625
2020-03-18,12.025694444444445,6.286,10.399697916666666,20.16,18.763472222222223,8.294340277777778,11.140798611111112,1.792673611111111
2020-03-19,12.526631944444444,6.981,11.319614583333333,20.62,18.165833333333335,8.271666666666667,10.965451388888889,2.5541319444444444
2020-03-20,13.419826388888888,9.728,12.728770833333334,19.64,17.686493055555555,8.189756944444445,10.658506944444445,2.953576388888889
2020-03-21,13.149131944444443,13.327,18.628881944444444,20.68,17.70958333333333,8.228541666666667,10.891041666666666,2.6041666666666665
2020-03-22,13.723888888888888,14.746,19.644777777777776,20.61,18.278229166666666,8.273368055555556,11.08357638888889,4.477743055555555
2020-03-23,14.068368055555556,15.874,22.01989236111111,20.74,18.414479166666666,8.224965277777777,10.535277777777777,3.200416666666667
2020-03-24,14.464340277777776,20.962,25.456944444444446,22.81,18.7325,8.213229166666666,10.09017361111111,2.4788888888888887
2020-03-25,14.117430555555556,0.0,26.56129513888889,22.9,18.23326388888889,8.211875,9.685729166666667,2.9363194444444445
2020-03-26,13.602881944444444,14.267,25.365347222222223,21.74,19.415659722222223,8.317048611111112,9.938645833333332,3.5512847222222224
2020-03-27,13.747604166666667,13.997,19.62407986111111,20.35,19.24652777777778,8.193263888888888,10.122326388888888,2.8086805555555556
2020-03-28,13.428159722222222,16.732,21.749909722222224,22.55,21.032430555555557,8.161423611111111,9.657569444444444,1.4104513888888888
2020-03-29,13.51763888888889,17.784,23.204854166666664,24.17,22.718888888888888,8.111875,9.456562499999999,1.1696180555555555
2020-03-30,13.818506944444444,21.041,25.80784027777778,24.63,21.52284722222222,8.071493055555557,8.93548611111111,1.0495138888888889
2020-03-31,14.118159722222224,20.157,24.895510416666667,27.56,22.993819444444444,8.028090277777778,8.821423611111111,1.0071527777777778
2020-04-01,13.858159722222222,0.0,21.902166666666666,26.34,21.871666666666666,8.134097222222222,9.600451388888889,1.9007291666666666
2020-04-02,13.91625,17.956,21.363263888888888,21.81,20.555868055555557,8.242465277777777,9.924826388888889,1.3674652777777778
2020-04-03,14.321979166666665,16.111,24.264972222222223,22.69,20.248229166666665,8.225000000000001,9.394652777777777,1.4868750000000002
2020-04-04,14.874791666666665,18.294,26.59903472222222,21.68,20.065347222222222,8.138020833333334,8.81798611111111,0.7305208333333333
2020-04-05,14.737812499999999,25.054,31.46138541666667,23.34,19.50065972222222,8.169618055555555,8.345173611111111,0.6533680555555555
2020-04-06,14.647797202797204,0.0,26.82115734265734,26.02,20.637307692307694,8.174405594405595,9.081888111888112,1.313146853146853
2020-04-07,15.108472222222222,22.842,27.660708333333332,26.93,19.055902777777778,8.269652777777777,9.156770833333333,1.5288541666666666
2020-04-08,14.748159722222223,0.0,28.355350694444446,25.64,18.168993055555557,8.145000000000001,9.039340277777777,1.7073958333333334
2020-04-09,15.147951388888888,23.066,29.864979166666664,27.06,18.60361111111111,8.236284722222223,8.678125000000001,1.3536458333333334
2020-04-10,14.44517361111111,21.506,28.434697916666668,21.83,18.398472222222225,8.1328125,8.597604166666667,1.3724999999999998
2020-04-11,14.312569444444446,27.163,30.193239583333334,20.94,17.959444444444443,8.152569444444445,8.20736111111111,1.0964583333333333
2020-04-12,13.824687500000001,18.202,26.809684027777777,20.17,18.087916666666665,8.117534722222222,8.525520833333333,1.0503125
2020-04-13,13.204027777777776,20.695,25.694788194444445,24.71,17.720902777777777,7.681840277777777,8.452847222222223,1.1512847222222222
2020-04-14,14.181597222222223,18.477,25.857131944444447,21.11,18.12364583333333,8.266840277777778,9.00201388888889,1.155486111111111
2020-04-15,14.31965277777778,19.611,26.156986111111113,18.15,17.535347222222224,8.246736111111112,9.256527777777778,0.7069444444444444
2020-04-16,14.592812499999999,24.668,29.53720486111111,21.35,17.992256944444446,8.232812500000001,8.907395833333332,0.5857986111111111
2020-04-17,14.415868055555556,21.063,27.360565972222222,19.24,18.3628125,8.190138888888889,8.729756944444444,0.6459027777777778
2020-04-18,14.89625,16.389,21.245798611111113,19.4,18.0484375,8.081562499999999,9.386319444444446,0.5544444444444445
2020-04-19,14.704513888888888,14.738,20.917114583333333,19.73,18.22,8.02267361111111,9.058124999999999,0.5805555555555555
2020-04-20,14.501188118811882,11.351,14.231495049504952,20.8,17.50871287128713,7.925049504950496,9.357128712871287,0.5674257425742575
2020-04-23,9.61048275862069,0.0,10.370255172413792,24.2,13.296275862068965,5.274965517241379,6.804827586206897,1.8990344827586207
2020-04-24,14.518854166666667,8.468,13.749680555555555,24.88,17.022534722222222,8.152986111111112,10.457569444444445,1.5946180555555556
2020-04-25,14.691736111111112,5.784,11.716864583333333,21.78,17.72982638888889,8.06861111111111,10.8459375,1.2052083333333334
2020-04-26,15.131250000000001,8.844,16.570506944444443,21.35,17.8825,8.015868055555556,9.944930555555555,1.090173611111111
2020-04-27,15.143958333333334,6.514,15.306489583333335,23.51,18.763333333333335,7.973541666666667,9.812847222222222,1.1882638888888888
2020-04-28,15.640868055555554,0.0,19.037510416666667,22.01,19.586284722222224,7.866944444444444,9.258055555555556,0.6546527777777778
2020-04-29,16.383750000000003,14.743,21.52532638888889,23.12,20.540555555555557,7.897951388888889,9.496458333333333,0.5227777777777778
2020-04-30,17.02826388888889,17.221,21.63176388888889,24.37,22.601458333333333,7.8505208333333325,9.13048611111111,0.4900347222222222
2020-05-01,18.3315625,14.447,21.630447916666668,25.09,22.311111111111114,7.765868055555556,8.832013888888888,0.3035069444444444
2020-05-02,18.496076388888888,17.422,24.23568402777778,23.95,20.955798611111113,7.724513888888889,7.871006944444444,0.43447916666666664
2020-05-03,17.615208333333335,21.517,27.18654861111111,26.16,19.948333333333334,7.748159722222222,6.995,0.56625
2020-05-04,17.81326388888889,20.965,29.68013541666667,30.52,20.44503472222222,7.868958333333334,7.751006944444445,0.8127083333333334
2020-05-05,17.613680555555554,17.051,23.974607638888887,18.47,15.914479166666666,7.827534722222222,8.534270833333332,1.0497222222222222
2020-05-06,17.821354166666666,18.522,25.527177083333335,19.24,15.747916666666665,7.815069444444443,8.656701388888889,0.7196527777777777
2020-05-07,17.044618055555556,22.906,30.542444444444445,24.73,16.874097222222222,8.206562499999999,8.382986111111112,0.6917013888888889
2020-05-08,17.517152777777778,21.469,27.29329513888889,22.67,17.033854166666668,8.122395833333334,8.5571875,0.7293402777777778
2020-05-09,17.31826388888889,14.182,19.15814236111111,23.18,19.59375,8.038020833333333,8.574687500000001,0.6543055555555556
2020-05-10,17.891423611111108,11.514,15.682548611111109,23.69,18.346631944444443,7.964722222222223,8.643055555555556,0.5906944444444444
2020-05-11,18.280625,11.558,17.615583333333333,20.65,18.370625,8.024201388888889,8.590381944444445,0.5966666666666667
2020-05-12,18.62173611111111,10.082,16.32592361111111,21.73,19.59517361111111,8.0290625,8.635034722222223,0.5077430555555555
2020-05-13,18.77826388888889,12.622,20.520631944444446,21.79,16.610277777777778,7.845000000000001,8.315625,0.736875
2020-05-14,18.29105633802817,15.988,21.86094718309859,16.73,15.65380281690141,8.20299295774648,8.523063380281691,0.9006690140845071
2020-05-15,17.85329861111111,14.608,22.891989583333334,17.16,15.878958333333335,8.114027777777778,8.11298611111111,0.6311458333333334
2020-05-16,18.739826388888886,13.453,17.910527777777776,18.25,16.52777777777778,8.112256944444445,8.645381944444445,0.6598958333333333
2020-05-17,19.258368055555554,10.7,17.028302083333333,21.19,16.84548611111111,8.045069444444444,8.26736111111111,0.6377083333333333
2020-05-18,18.92107638888889,10.549,20.951177083333334,19.4,17.605729166666666,8.005833333333333,7.691215277777778,0.5613194444444445
2020-05-19,19.484305555555554,7.299,14.477690972222222,21.51,19.18607638888889,7.948541666666666,7.584236111111112,0.7005555555555555
2020-05-20,19.864062500000003,7.021,14.316277777777778,23.02,20.413194444444443,7.87076388888889,7.099270833333333,0.5757291666666666
2020-05-21,19.115659722222222,12.249,20.02268402777778,24.46,21.263541666666665,7.899652777777778,6.361805555555556,0.4046527777777778
2020-05-22,19.05611111111111,15.412,22.374322916666667,23.41,12.298090277777778,7.998645833333334,5.050034722222223,0.38951388888888894
2020-05-23,19.340902777777778,17.7,25.52563194444444,24.29,23.352048611111112,8.095590277777779,4.92625,0.5353125
2020-05-24,19.842743055555555,14.784,21.461069444444444,24.47,23.398263888888888,8.0215625,4.944722222222222,0.5193402777777778
2020-05-25,20.50298611111111,16.143,21.694607638888886,25.56,23.054270833333334,8.087569444444444,6.060625,0.8790625
2020-05-26,20.11284722222222,16.279,25.23159027777778,24.12,22.341840277777777,8.10204861111111,5.748333333333333,0.48951388888888886
2020-05-27,20.552465277777777,15.847,24.860475694444446,31.85,19.68434027777778,8.0528125,4.96298611111111,0.7486458333333332
2020-05-28,20.66871527777778,18.662,24.309458333333332,30.38,23.480069444444446,8.037708333333335,6.115555555555556,1.3435416666666666
2020-05-29,20.7402787456446,20.03,26.103620209059233,28.07,23.434912891986063,8.041289198606272,6.6083972125435535,1.6733449477351916
2020-05-30,20.519166666666667,23.512,28.618274305555556,29.46,22.862986111111113,7.971076388888889,6.237500000000001,0.6033680555555556
2020-05-31,20.769479166666667,21.52,26.699875000000002,45.46,28.305104166666666,8.0009375,6.645868055555556,0.8247916666666666
2020-06-01,21.477859649122806,0.0,23.584221052631577,39.53,18.441929824561402,7.92578947368421,6.6227368421052635,0.4744561403508772
2020-06-02,21.98465277777778,19.178,25.0545,17.79,15.139097222222224,8.080520833333333,7.0001388888888885,0.5097222222222223
2020-06-03,22.55402777777778,18.887,22.570118055555557,18.12,15.260694444444445,7.971076388888889,6.502604166666667,1.049236111111111
2020-06-04,23.278229166666666,19.748,22.05247222222222,21.65,15.37017361111111,7.94767361111111,5.895520833333333,0.6817708333333333
2020-06-05,22.839375,22.514,24.84765972222222,21.1,15.695034722222223,7.964097222222222,5.364097222222222,0.46111111111111114
2020-06-06,21.60222222222222,23.823,27.6055625,22.47,15.707465277777779,7.958368055555555,4.514965277777778,0.23833333333333334
2020-06-07,21.705625,18.44,24.912239583333335,24.71,16.020868055555557,8.00795138888889,5.7690625,0.32739583333333333
2020-06-08,22.136215277777776,17.682,24.6135625,24.68,15.678159722222224,7.965486111111111,5.456944444444444,0.3920138888888889
2020-06-09,22.21440972222222,19.389,25.59875,33.63,14.464513888888888,7.7053819444444445,5.896979166666666,0.3986805555555556
2020-06-10,22.298055555555557,23.723,25.46379861111111,17.07,14.952118055555555,8.317256944444445,7.673784722222223,0.2553472222222222
2020-06-11,22.70267361111111,16.458,21.42499652777778,21.4,15.350069444444443,8.190520833333332,6.993229166666667,0.2833333333333333
2020-06-12,23.554861111111112,10.202,16.507163194444445,22.34,15.202916666666665,8.035625,6.084236111111111,0.4320138888888889
2020-06-13,25.24972222222222,3.001,5.2451284722222224,20.76,18.68815972222222,8.014409722222222,6.0234375,1.533923611111111
2020-06-14,25.077177700348432,3.146,4.49780487804878,20.13,17.381393728222996,7.655609756097561,4.090348432055749,1.1018815331010454
2020-06-15,24.974978540772533,0.0,4.374854077253219,20.7,15.873476394849785,7.29587982832618,3.268412017167382,0.8071244635193133
2020-06-16,9.855972222222222,0.0,6.4195625000000005,16.61,6.279444444444445,3.1702430555555554,1.4914583333333333,0.19916666666666666
2020-06-17,24.182291666666668,14.321,18.318253472222224,15.97,15.12565972222222,7.856284722222223,3.349548611111111,0.8085416666666667
2020-06-18,23.094483985765127,0.0,15.575957295373666,21.33,15.282918149466193,7.81153024911032,3.3217437722419927,1.295729537366548
2020-06-19,24.11611111111111,10.705,15.319447916666668,20.77,15.576076388888888,7.886631944444444,4.1345833333333335,1.1290972222222222
2020-06-20,24.707291666666666,6.957,10.993875,20.56,16.07107638888889,7.835138888888888,3.875381944444444,1.5267708333333332
2020-06-21,24.846631944444443,6.959,12.923965277777777,21.48,15.896180555555556,7.8803125000000005,3.5959375000000002,0.7380902777777778
2020-06-22,24.87190972222222,7.636,12.56960763888889,18.4,16.552395833333335,7.910138888888889,4.236458333333333,0.7775347222222222
2020-06-23,24.96701388888889,8.425,13.475829861111112,20.96,16.331354166666667,8.01513888888889,6.057743055555556,0.9115972222222223
2020-06-24,24.484930555555554,7.965,15.949572916666666,17.73,15.758090277777777,8.458472222222222,7.328506944444445,2.5372222222222223
2020-06-25,24.63927083333333,6.59,11.868416666666667,18.29,16.567743055555557,8.247326388888888,6.280381944444445,3.1552430555555557
2020-06-26,24.468819444444446,10.908,15.370104166666668,19.85,17.078645833333333,8.101319444444444,5.136388888888889,1.3752777777777778
2020-06-27,17.210491228070175,0.0,11.542322807017543,17.99,10.901052631578947,5.692105263157894,3.0563859649122804,0.6897543859649123
2020-06-28,0.0,0.0,0.0,0.0,0.0,0.0,0.0,0.0
2020-06-29,13.045312500000001,0.0,8.565684027777777,19.8,8.89829861111111,4.463784722222222,3.9823958333333334,1.4569444444444446
2020-06-30,25.590104166666666,1.206,3.9530763888888893,39.71,25.44184027777778,7.977777777777778,6.9834375,3.3731944444444446
2020-07-01,25.391805555555557,0.0,1.4793819444444445,38.82,25.437916666666666,7.724374999999999,6.700902777777777,3.0235416666666666
2020-07-02,25.8009375,0.975,6.362111111111111,28.98,19.557430555555555,7.7958333333333325,4.743368055555555,3.019375
2020-07-03,23.9675,9.507,14.599288194444446,23.86,18.021076388888886,7.817708333333333,3.2762847222222224,4.381319444444444
2020-07-04,24.537465277777777,10.282,16.92144791666667,21.74,17.669513888888886,7.780763888888889,2.009340277777778,1.2243402777777779
2020-07-05,25.258055555555554,11.143,17.215118055555553,28.36,18.227881944444444,7.772951388888889,1.3492708333333332,1.6185416666666665
2020-07-06,24.110243055555557,12.451,17.563302083333333,26.78,17.24361111111111,7.816701388888889,1.9552430555555556,1.7046527777777778
2020-07-07,23.883055555555554,2.924,12.023996527777777,32.58,16.53739583333333,7.923402777777778,4.980798611111111,1.0463194444444444
2020-07-08,24.569027777777777,6.822,9.134972222222222,20.95,16.700763888888886,7.960277777777778,6.634375,1.7434722222222223
2020-07-09,23.745694444444446,9.45,12.307677083333333,16.25,15.655104166666668,8.017465277777779,6.095833333333333,1.578263888888889
2020-07-10,24.359650349650348,0.0,11.138101398601398,26.83,20.118811188811186,7.878426573426574,6.425104895104895,2.572867132867133
2020-07-11,25.418958333333332,4.816,5.943131944444445,29.5,25.263159722222223,7.7284375,7.1876388888888885,3.0664583333333333
2020-07-12,24.79170138888889,4.199,4.725579861111111,29.41,21.959479166666668,7.769097222222222,6.393750000000001,2.3706597222222223
2020-07-13,23.97326388888889,3.429,3.910333333333333,82.04,42.78548611111111,7.6729513888888885,6.615659722222222,4.673159722222222
2020-07-14,22.85464,2.549,2.945068,107.01,81.49136,7.39992,5.96908,5.0454799999999995
2020-07-15,21.85329861111111,2.067,2.2656770833333333,94.29,66.47065972222222,7.302986111111112,6.069652777777778,3.614548611111111
2020-07-16,22.427256944444444,0.892,1.6655208333333333,77.67,59.704861111111114,7.235104166666667,4.499756944444445,2.8624305555555556
2020-07-17,22.674027777777777,0.721,1.19996875,55.15,39.66552083333333,7.252048611111111,2.5791666666666666,2.1171875
2020-07-18,22.4659375,1.495,1.7975520833333336,43.16,34.892291666666665,7.31625,4.546666666666667,2.192430555555555
2020-07-19,22.629965277777778,2.105,2.166239583333333,46.27,33.43326388888889,7.356006944444445,4.370625,2.3659375
2020-07-20,16.257971530249108,0.0,1.5834483985765124,58.85,27.872384341637012,5.215338078291815,2.1297864768683277,2.081067615658363
2020-07-21,24.118958333333335,1.199,2.083309027777778,44.4,31.934131944444445,7.339583333333334,3.4722916666666666,2.4324999999999997
2020-07-22,24.7428125,0.601,2.061142361111111,26.64,23.476076388888888,7.375312500000001,4.997118055555556,3.303888888888889
2020-07-23,24.02305555555556,0.584,0.6018680555555556,31.56,24.427013888888887,7.267430555555555,4.244131944444444,3.9154861111111114
2020-07-24,23.57,0.587,0.5907142857142857,43.91,31.3672268907563,7.253109243697479,4.100504201680672,4.0162184873949585
2020-08-03,23.675901639344264,0.06,0.06162295081967213,46.07,41.13852459016393,7.355573770491803,8.528524590163935,3.102786885245902
2020-08-04,24.87545138888889,0.06,0.06775694444444444,74.59,44.544826388888886,7.335416666666666,8.504618055555556,3.2611458333333334
2020-08-05,25.723368055555554,0.0,0.08305208333333333,59.24,45.24111111111111,7.3515625,7.7678819444444445,3.398125
2020-08-06,0.0,0.0,0.0,0.0,0.0,0.0,0.0,0.0
2020-08-07,0.0,0.0,0.0,0.0,0.0,0.0,0.0,0.0
2020-08-08,0.0,0.0,0.0,0.0,0.0,0.0,0.0,0.0
2020-08-09,0.0,0.0,0.0,0.0,0.0,0.0,0.0,0.0
2020-08-10,0.0,0.0,0.0,0.0,0.0,0.0,0.0,0.0
2020-08-11,0.0,0.0,0.0,0.0,0.0,0.0,0.0,0.0
2020-08-12,0.0,0.0,0.0,0.0,0.0,0.0,0.0,0.0
2020-08-13,0.0,0.0,0.0,0.0,0.0,0.0,0.0,0.0
2020-08-14,0.0,0.0,0.0,0.0,0.0,0.0,0.0,0.0
2020-08-15,0.0,0.0,0.0,0.0,0.0,0.0,0.0,0.0
2020-08-16,0.0,0.0,0.0,0.0,0.0,0.0,0.0,0.0
2020-08-17,0.0,0.0,0.0,0.0,0.0,0.0,0.0,0.0
2020-08-18,1.1700704225352112,0.0,0.26331338028169016,26.74,1.1882394366197182,0.374612676056338,0.41507042253521126,0.18045774647887325
2020-08-19,26.572083333333335,0.833,6.189097222222222,35.95,25.118090277777778,8.443020833333334,9.805277777777778,4.218923611111111
2020-08-20,26.220833333333335,4.658,11.910420138888888,34.85,22.49159722222222,8.799965277777778,9.698611111111111,3.678541666666667
2020-08-21,25.786597222222223,9.151,14.399927083333333,24.94,20.582604166666666,8.870416666666666,9.583368055555557,2.8313541666666664
2020-08-22,25.802256944444444,6.113,14.299760416666667,27.38,21.073854166666663,8.913020833333333,9.4159375,2.6211805555555556
2020-08-23,27.04201388888889,3.283,8.859628472222221,36.67,23.501458333333332,8.67545138888889,9.342569444444443,2.7743402777777777
2020-08-24,27.963194444444444,2.815,4.113315972222222,29.55,23.695069444444446,8.489305555555555,9.81048611111111,2.7986805555555554
2020-08-25,28.493958333333335,0.819,3.605857638888889,27.76,23.37673611111111,8.610243055555555,9.949722222222222,4.304895833333333
2020-08-26,28.719201388888887,0.617,2.9097604166666664,28.09,23.060347222222223,9.069930555555555,10.349895833333333,11.937708333333333
2020-08-27,28.335833333333333,1.616,2.4560416666666667,28.96,23.65701388888889,8.751840277777779,9.077534722222222,8.388819444444444
2020-08-28,27.719583333333333,1.929,4.5437465277777775,24.05,22.460520833333334,8.551666666666668,7.890798611111112,4.160173611111111
2020-08-29,27.42090277777778,3.732,6.732104166666667,28.96,22.840104166666666,8.598541666666668,7.696319444444445,3.1601041666666667
2020-08-30,27.638645833333335,3.364,6.21896875,33.39,24.99548611111111,8.563715277777778,7.704791666666667,2.769270833333333
2020-08-31,27.533055555555556,2.312,4.106423611111111,32.01,25.07138888888889,8.465902777777778,8.059444444444445,3.1857291666666665
2020-09-01,27.4665625,0.835,3.7696631944444445,28.1,22.976527777777775,8.45298611111111,8.0528125,3.5142708333333332
2020-09-02,27.787673611111114,0.603,1.6415034722222221,31.58,24.2675,8.4903125,8.474305555555555,4.40875
2020-09-03,26.60454861111111,0.599,0.6837847222222222,171.0,94.49548611111112,8.321770833333334,8.250833333333333,6.051944444444445
2020-09-04,25.320520833333333,0.597,0.5999583333333333,134.66,103.48774305555555,7.967604166666667,7.55798611111111,5.924652777777777
2020-09-05,24.45003472222222,0.592,0.5950659722222222,77.92,65.75225694444445,7.835208333333333,7.664930555555555,4.2311805555555555
2020-09-06,23.3290625,0.59,0.5930486111111111,87.27,55.25284722222222,7.860381944444445,8.584861111111111,3.5945833333333335
2020-09-07,22.646770833333335,0.581,0.5881631944444444,301.89,100.44288194444444,7.9241319444444445,9.0515625,4.300104166666667
2020-09-08,22.098194444444445,0.52,0.5812361111111111,181.97,100.18065972222222,7.827708333333334,8.899201388888889,4.313125
2020-09-09,22.316180555555558,0.587,0.5896666666666666,108.53,64.608125,7.881562499999999,8.706875,3.4776736111111113
2020-09-10,22.753194444444446,0.591,1.12425,62.56,52.9265625,7.817256944444444,8.38045138888889,3.1228819444444444
2020-09-11,22.734131944444446,2.161,4.209677083333333,48.39,41.68100694444444,7.961562499999999,8.183611111111112,2.6392708333333332
2020-09-12,22.760069444444444,3.134,5.086222222222222,43.34,37.17003472222222,8.039618055555556,8.606527777777778,2.396076388888889
2020-09-13,22.828541666666666,3.806,6.557208333333333,41.41,32.376736111111114,8.091944444444444,8.643784722222222,2.1656597222222222
2020-09-14,23.225,3.727,5.746270833333333,37.5,31.237152777777776,7.873125,8.481979166666667,2.068402777777778
2020-09-15,23.576041666666665,6.268,8.823118055555556,33.62,26.416944444444443,7.8694444444444445,8.233159722222222,2.0596875000000003
2020-09-16,23.56204861111111,4.614,8.07267361111111,40.09,24.924340277777777,7.868333333333333,8.824131944444444,2.6276041666666665
2020-09-17,23.439375,3.471,7.596666666666668,46.18,25.93954861111111,7.736180555555555,9.103194444444444,2.8199305555555556
2020-09-18,23.320486111111112,4.895,9.388711805555555,63.72,27.307291666666668,7.705694444444443,8.955798611111112,2.050972222222222
2020-09-19,23.235902777777778,6.526,9.37425,64.85,30.215486111111108,7.6383680555555555,8.907673611111111,2.0264583333333333
2020-09-20,23.147708333333334,7.187,10.453840277777779,43.24,29.81059027777778,7.621458333333333,8.725972222222222,1.9829166666666669
2020-09-21,22.884479166666665,9.674,13.540965277777778,40.49,31.86527777777778,7.677395833333334,8.766354166666666,2.1378819444444446
2020-09-22,22.457708333333333,11.84,13.786434027777778,36.73,24.7134375,7.498611111111111,8.628437499999999,2.6904861111111114
2020-09-23,22.131423611111114,9.877,13.774333333333333,28.58,21.09704861111111,7.570104166666667,8.677708333333333,3.588194444444445
2020-09-24,22.036006944444445,10.698,13.875430555555555,31.54,21.034756944444446,7.616180555555555,8.475208333333335,3.2457291666666666
2020-09-25,21.92225694444444,11.067,14.878059027777779,36.18,23.571041666666666,7.687916666666666,8.48809027777778,2.932569444444445
2020-09-26,21.964479166666667,16.768,18.80421875,43.59,33.25770833333333,7.754930555555556,7.907673611111111,1.8017708333333333
2020-09-27,22.127256944444444,17.744,21.9915625,48.63,40.744479166666665,7.730034722222222,7.180451388888888,1.6080902777777777
2020-09-28,22.158055555555556,15.289,17.789458333333332,44.87,30.153541666666666,7.488229166666667,7.942430555555556,2.028159722222222
2020-09-29,22.1190625,12.485,15.092020833333335,67.24,36.11333333333333,7.550034722222222,8.822743055555556,4.864583333333333
2020-09-30,22.335104166666667,13.055,17.558291666666666,122.37,80.68190972222222,7.486944444444443,8.547118055555556,3.4121875
2020-10-01,22.185347222222223,12.655,16.918850694444444,284.9,191.0687847222222,7.859965277777778,8.514340277777778,3.533611111111111
2020-10-02,22.247326388888887,13.241,18.461111111111112,536.08,359.7902777777778,7.897256944444444,8.201770833333335,3.0346527777777776
2020-10-03,22.540243055555557,15.145,18.259815972222224,958.52,681.9969791666667,7.843055555555556,7.87263888888889,2.7582291666666667
2020-10-04,22.51253472222222,15.882,19.977034722222225,959.79,779.7891666666667,7.812986111111111,7.221701388888889,2.588819444444445
2020-10-05,21.71836805555556,14.471,18.9379375,708.84,561.5253819444445,7.8460069444444445,6.816076388888889,2.833784722222222
2020-10-06,20.992361111111112,11.98,19.581069444444445,442.56,203.0471527777778,7.954583333333334,7.368333333333333,3.265868055555556
2020-10-07,21.19607638888889,11.937,17.899291666666667,181.86,144.7428125,7.858958333333334,8.118194444444445,3.6909027777777776
2020-10-08,20.948541666666667,19.899,23.088010416666666,202.26,183.5975,7.8552430555555555,7.5001388888888885,3.7818055555555556
2020-10-09,20.653194444444445,15.938,21.40506597222222,227.29,206.58684027777778,7.787812499999999,7.849861111111112,4.395694444444445
2020-10-10,20.316006944444446,16.778,21.31890625,204.52,168.97211805555557,7.724652777777777,7.641006944444445,4.073645833333334
2020-10-11,20.372777777777777,17.077,21.584111111111113,131.08,102.98565972222222,7.825416666666666,7.499340277777778,4.959965277777778
2020-10-12,20.633368055555554,16.233,21.300461805555557,76.05,56.8071875,7.936388888888889,7.641111111111111,5.712638888888889
2020-10-13,20.62201388888889,17.556,24.92114236111111,40.51,28.167951388888888,8.009236111111111,7.650208333333334,4.082812499999999
2020-10-14,20.22361111111111,16.296,21.38755902777778,23.83,19.47114583333333,5.854826388888889,8.06111111111111,4.1934375
2020-10-15,20.078811188811187,0.0,24.6035,20.82,17.259999999999998,6.93479020979021,7.112937062937063,2.9346853146853147
2020-10-16,20.094548611111108,9.959,25.043944444444445,30.65,16.161388888888887,8.018645833333332,7.544444444444445,2.846388888888889
2020-10-17,20.12461805555556,18.348,22.934319444444444,67.81,16.43510416666667,7.976597222222223,7.656805555555555,2.036111111111111
2020-10-18,20.163194444444443,12.632,24.233024305555556,47.57,17.99076388888889,7.84920138888889,6.819340277777778,1.3880902777777777
2020-10-19,20.269270833333334,14.014,23.527378472222225,22.17,18.936458333333334,7.874409722222222,7.238645833333333,0.9981597222222223
2020-10-20,20.362118055555555,11.368,25.12771875,26.9,18.461736111111108,8.148645833333333,7.1911805555555555,1.0826041666666668
2020-10-21,19.812638888888888,15.144,26.248326388888888,17.71,14.712604166666665,8.11732638888889,7.133680555555555,1.5705555555555555
2020-10-22,19.406423611111112,13.411,21.494680555555554,28.98,15.166701388888889,8.097638888888888,7.544548611111111,0.9190625
2020-10-23,19.189270833333335,15.764,21.54796875,30.96,17.132777777777775,7.952326388888888,7.274722222222222,0.6927430555555555
2020-10-24,18.816736111111112,18.99,24.185215277777775,26.47,19.034374999999997,7.900868055555555,7.403715277777778,0.30490974729241876
2020-10-25,18.816423611111112,18.946,21.967197916666667,23.11,20.487916666666667,7.914444444444445,7.803506944444444,0.10741626794258373
2020-10-26,19.0075,18.786,24.90657638888889,24.44,21.66701388888889,7.991874999999999,7.548784722222223,0.23676470588235296
2020-10-27,18.957430555555554,19.325,23.98615625,37.55,18.579444444444444,8.086180555555556,7.720590277777778,1.011597222222222
2020-10-28,19.079756944444444,14.585,25.800350694444447,16.38,13.825381944444445,8.181944444444445,8.0234375,1.8694444444444445
2020-10-29,18.981006944444445,19.834,25.44771875,14.12,13.351944444444445,8.104479166666668,7.677013888888889,1.2156250000000002
2020-10-30,18.579598393574297,0.0,27.93693172690763,14.77,13.520682730923696,7.921084337349397,7.819477911646586,1.1454618473895584
2020-10-31,18.595868055555556,19.232,23.543197916666667,16.17,14.717048611111112,8.076006944444444,8.512881944444445,1.2109027777777779
2020-11-01,18.842916666666667,27.903,30.45078472222222,17.09,15.621493055555554,8.107430555555556,8.156284722222223,1.1797569444444445
2020-11-02,18.492916666666666,20.875,29.150006944444442,19.03,7.992465277777778,4.341319444444444,4.190590277777778,0.5980555555555556
2020-11-03,17.542638888888888,18.308,25.646697916666668,17.09,14.594479166666666,8.313923611111111,7.26986111111111,1.9358333333333333
2020-11-04,17.62440972222222,26.495,29.724791666666665,17.0,14.683715277777777,8.273055555555555,7.107083333333333,2.163125
2020-11-05,17.38892361111111,28.548,30.77310416666667,18.11,15.141493055555555,8.241006944444443,7.1161111111111115,1.779826388888889
2020-11-06,17.545590277777777,19.81,26.459368055555554,18.48,15.389166666666666,8.137847222222222,7.591562499999999,1.4434027777777778
2020-11-07,17.80142361111111,19.832,22.1566875,18.19,17.123159722222223,7.938506944444445,7.929652777777777,1.3456597222222222
2020-11-08,18.03472222222222,22.564,28.851034722222224,20.0,17.793506944444445,7.9151388888888885,6.915347222222222,1.075798611111111
2020-11-09,0.0,0.0,0.0,0.0,0.0,0.0,0.0,0.0
2020-11-10,0.0,0.0,0.0,0.0,0.0,0.0,0.0,0.0
2020-11-11,0.0,0.0,0.0,0.0,0.0,0.0,0.0,0.0
2020-11-12,0.0,0.0,0.0,0.0,0.0,0.0,0.0,0.0
2020-11-13,23.09892361111111,16.858,23.08496875,20.16,16.1565625,8.046666666666667,9.727673611111111,3.6215277777777777
2020-11-14,23.445555555555554,0.0,30.841895833333336,20.15,17.068645833333335,7.985520833333333,9.4353125,4.230381944444444
2020-11-15,19.522295918367348,0.0,30.368392857142858,23.21,17.95877551020408,7.137755102040816,1.0415816326530614,1.3533673469387755
2020-11-16,10.192307692307692,0.0,19.28103846153846,17.05,9.436346153846154,5.182564102564102,6.125961538461539,4.92224358974359
2020-11-17,16.561701388888892,0.0,30.14825,16.73,14.832569444444443,8.308090277777778,9.953055555555556,6.935833333333333
2020-11-18,16.85534722222222,28.369,30.996298611111108,16.91,14.6565625,8.268645833333332,9.604375,6.2271875
2020-11-19,17.442395833333332,23.864,29.75261805555556,20.19,13.848993055555557,8.190972222222221,8.706284722222222,3.4803472222222225
2020-11-20,17.26840277777778,29.131,32.220756944444446,19.28,16.637256944444445,8.174895833333332,7.839548611111111,2.930972222222222
2020-11-21,16.188194444444445,22.709,26.904180555555556,19.13,16.17940972222222,8.215381944444445,7.6503125,1.1310763888888888
2020-11-22,15.418993055555555,6.759,20.2995625,20.17,16.22277777777778,8.264583333333333,8.050243055555555,0.8966319444444445
2020-11-23,14.864791666666669,0.0,21.528427083333334,16.66,15.0215625,8.162881944444443,8.098888888888888,0.9831944444444445
2020-11-24,14.402604166666666,19.09,23.417590277777776,16.75,15.023402777777777,8.337291666666665,8.549826388888889,1.2455208333333332
2020-11-25,14.551080139372822,20.822,24.874038327526133,17.41,14.4601393728223,8.322752613240418,8.302891986062717,0.8302787456445992
2020-11-26,14.451979166666668,16.539,26.128260416666667,16.46,15.000277777777777,8.315833333333334,8.23875,1.1384027777777779
2020-11-27,14.590243055555554,21.216,28.694225694444444,17.41,15.439375,8.287395833333333,8.174097222222223,0.9888541666666667
2020-11-28,14.1596875,20.504,27.50551736111111,18.93,16.27388888888889,8.220069444444444,8.438506944444445,1.1582291666666666
2020-11-29,14.003958333333333,29.352,31.932249999999996,19.37,16.671666666666667,8.233506944444445,8.070486111111112,1.0428125
2020-11-30,13.517430555555556,29.549,31.31494097222222,19.69,17.463125,8.204930555555556,8.41767361111111,0.9411111111111112
2020-12-01,12.931527777777779,23.433,29.63479513888889,18.98,14.833680555555556,8.166041666666667,8.604999999999999,2.4502777777777776
2020-12-02,12.409513888888888,23.293,28.237913194444445,16.14,13.110104166666666,8.241909722222223,8.968194444444444,1.9052430555555557
2020-12-03,12.035555555555554,20.656,25.16865277777778,15.68,14.301319444444443,8.151701388888888,9.236631944444445,1.3816319444444445
2020-12-04,12.2028125,18.566,26.524197916666665,15.98,14.906284722222223,8.145902777777778,8.7246875,1.1080555555555556
2020-12-05,11.798402777777778,18.779,23.868711805555556,16.13,15.205034722222223,8.0759375,9.511944444444445,1.3056597222222222
2020-12-06,12.584479166666666,23.066,26.261958333333336,15.59,14.992743055555556,8.067743055555557,9.194444444444445,1.441527777777778
2020-12-07,12.905104166666668,22.45,25.647430555555555,15.17,14.241909722222223,8.041770833333334,8.986597222222223,2.220277777777778
2020-12-08,12.942638888888888,22.599,26.964270833333334,15.33,13.934027777777779,8.088958333333332,8.645347222222222,1.9812152777777778
2020-12-09,11.946631944444444,21.488,23.46065972222222,14.55,13.899097222222222,8.109305555555556,9.408680555555556,1.26125
2020-12-10,12.000763888888889,20.539,25.160927083333334,14.69,13.996840277777778,8.01017361111111,9.063680555555557,1.611423611111111
2020-12-11,12.425555555555555,21.602,25.13442361111111,15.13,14.561250000000001,7.911145833333332,8.886041666666666,1.6552083333333334
2020-12-12,12.774513888888889,21.531,26.32917361111111,16.11,14.820763888888889,7.837395833333334,8.508055555555556,1.9101736111111112
2020-12-13,12.326805555555556,19.011,24.588086805555555,15.57,13.642222222222223,7.775902777777778,8.386284722222221,1.6640972222222221
2020-12-14,12.151458333333332,20.677,26.45154861111111,15.36,14.42309027777778,7.744409722222222,8.138229166666667,1.6029166666666665
2020-12-15,11.22375,0.0,28.27405208333333,16.09,14.06451388888889,7.8864930555555555,8.401840277777778,1.7075
2020-12-16,9.941145833333334,22.406,27.759340277777778,15.27,14.455729166666666,8.041631944444443,9.231736111111111,2.078298611111111
2020-12-17,9.873715277777778,23.203,29.731649305555557,14.88,14.274270833333333,7.957291666666666,9.132708333333333,1.941215277777778
2020-12-18,9.209027777777777,20.795,25.061875,15.22,14.44125,7.82576388888889,10.087534722222223,1.7853124999999999
2020-12-19,9.67607638888889,22.881,30.54733333333333,15.65,13.47375,7.734791666666666,9.043402777777779,1.7845138888888887
2020-12-20,8.282777777777778,20.355,23.176086805555556,14.82,14.370763888888888,7.730451388888889,10.670381944444445,1.8696180555555557
2020-12-21,8.396770833333333,19.98,24.49271875,14.77,14.064097222222223,7.63545138888889,10.20673611111111,1.48
2020-12-22,8.278993055555555,20.113,21.959128472222222,14.57,13.434930555555557,7.637951388888889,10.9525,1.3960069444444445
2020-12-23,9.390451388888888,21.883,27.493802083333335,14.18,13.592638888888889,7.623368055555556,10.190729166666666,1.7139930555555556
2020-12-24,9.575868055555555,24.398,26.546902777777778,14.51,13.830416666666666,7.545763888888889,10.029027777777777,1.9758680555555554
2020-12-25,8.663993055555556,20.908,22.908270833333333,14.41,13.758368055555556,7.523645833333333,10.632847222222223,1.4237847222222222
2020-12-26,9.242569444444445,22.561,26.467322916666667,15.66,14.568402777777777,7.517430555555555,10.130416666666667,1.7010763888888887
2020-12-27,9.398194444444444,23.192,26.067024305555556,15.67,14.613750000000001,7.467847222222222,10.07451388888889,1.7177430555555555
2020-12-28,10.172777777777778,23.486,28.62876041666667,15.61,14.973541666666668,7.446666666666666,9.537152777777777,1.4685416666666666
2020-12-29,10.204548611111111,23.862,26.960232638888886,15.05,13.818020833333334,7.406284722222223,9.846041666666666,1.786875
2020-12-30,9.866585365853659,21.757,27.293501742160277,16.26,14.487665505226481,7.511533101045296,9.907142857142857,2.355574912891986
2020-12-31,8.698481012658227,22.266,25.40246835443038,15.68,15.240632911392405,7.567974683544304,9.986962025316457,2.6839240506329114
2021-01-01,7.793715277777778,21.734,23.523027777777777,19.0,17.09375,7.4828125000000005,11.012187500000001,2.5027430555555554
2021-01-02,7.733055555555556,19.425,22.963854166666668,19.0,17.604166666666668,7.4246875,11.118020833333333,2.6444097222222225
2021-01-03,8.445555555555556,20.847,26.421163194444446,24.0,19.791666666666668,7.387777777777777,10.520451388888889,2.646284722222222
2021-01-04,9.182708333333332,25.983,30.151395833333336,22.0,20.24652777777778,7.319687500000001,9.477916666666665,1.8461458333333336
2021-01-05,9.481979166666667,26.413,31.289180555555554,23.0,20.444444444444443,7.272256944444444,9.114444444444445,1.9239583333333334
2021-01-06,8.89013888888889,22.011,30.179017361111114,26.0,23.62152777777778,7.332881944444444,9.305555555555555,2.059375
2021-01-07,7.075069444444444,0.0,22.853690972222225,26.0,24.57638888888889,7.320590277777778,10.880902777777777,2.617916666666667
2021-01-08,5.9944444444444445,21.11,25.417031249999997,24.0,20.645833333333332,7.38732638888889,11.049965277777778,1.7092013888888888
2021-01-09,7.3848263888888885,26.887,30.735618055555555,21.0,18.84027777777778,7.412291666666667,10.360069444444443,1.9160069444444443
2021-01-10,7.323159722222223,27.915,30.49045138888889,24.0,21.322916666666668,7.424062500000001,10.599791666666667,1.9482291666666667
2021-01-11,7.677916666666666,30.657,33.410805555555555,21.0,19.19097222222222,7.3651736111111115,10.02767361111111,1.9296527777777779
2021-01-12,6.255034722222223,0.0,26.173232638888887,18.0,13.336805555555555,7.234305555555555,11.690520833333332,2.315590277777778
2021-01-13,5.912777777777778,20.862,23.42887152777778,17.0,14.840277777777779,7.278854166666666,12.554652777777777,3.5468402777777777
2021-01-14,6.584236111111111,20.396,24.906722222222225,16.0,14.371527777777779,7.234756944444445,12.426215277777779,3.381840277777778
2021-01-15,7.365381944444445,18.51,24.408961805555556,20.0,14.67361111111111,7.198159722222223,11.91232638888889,3.6470138888888886
2021-01-16,7.724930555555556,18.478,24.24309375,16.0,14.17013888888889,7.158194444444444,11.71888888888889,3.2496180555555556
2021-01-17,8.493958333333333,25.213,29.671100694444444,17.0,14.03125,7.210347222222222,10.354305555555555,2.619340277777778
2021-01-18,7.9511458333333325,21.786,28.98884375,16.0,13.53125,7.213888888888889,10.415624999999999,1.6764583333333334
2021-01-19,7.08965034965035,22.45,25.14851748251748,18.0,13.72027972027972,7.179090909090909,11.57888111888112,2.5733566433566435
2021-01-20,7.110629370629371,22.738,25.2043006993007,15.0,14.003496503496503,7.320804195804196,11.63444055944056,3.3002447552447554
2021-01-21,7.898356643356643,23.434,25.68774125874126,19.0,13.793706293706293,7.247167832167833,11.341433566433567,3.4219930069930067
2021-01-22,8.426713286713287,24.681,26.31588811188811,20.0,13.72027972027972,7.181678321678322,11.074510489510489,4.09027972027972
2021-01-23,9.029858657243816,25.645,27.980957597173145,20.0,14.72791519434629,7.1027915194346285,10.460883392226147,4.412650176678445
2021-01-24,8.51288256227758,21.408,22.767519572953734,48.0,18.754448398576514,7.113416370106762,11.331245551601423,5.315836298932385
2021-01-25,9.603321428571428,21.621,25.50005,16.0,14.375,7.028714285714286,10.646178571428571,4.60525
2021-01-26,9.233404255319149,0.0,25.333148936170215,18.0,14.52836879432624,7.122446808510638,9.541702127659574,4.851063829787234
2021-01-27,9.758472222222222,22.319,25.303170138888888,16.0,14.86111111111111,7.353750000000001,8.924479166666666,4.3805555555555555
2021-01-28,10.586354166666666,25.874,29.739489583333334,23.0,15.746527777777779,7.317152777777778,8.230104166666667,3.0702083333333334
2021-01-29,9.949651567944251,25.493,31.566689895470383,19.0,17.076655052264808,7.351916376306621,7.990905923344947,6.078327526132404
2021-01-30,7.860520833333333,18.739,24.20821875,19.0,17.75,7.350104166666666,9.740243055555556,8.513402777777777
2021-01-31,8.51986111111111,20.488,27.598149305555555,22.0,19.913194444444443,7.3062499999999995,9.075659722222222,5.030069444444445
2021-02-01,8.493125,16.516,23.30981597222222,25.0,18.288194444444443,7.245520833333334,9.127708333333334,4.047465277777778
2021-02-02,8.921875,19.68,26.47040625,20.0,15.65625,7.157118055555555,9.569166666666668,5.854444444444444
2021-02-03,8.916041666666667,21.936,26.071906249999998,20.0,17.319444444444443,7.382569444444444,10.737013888888889,9.823159722222222
2021-02-04,9.448472222222222,23.849,28.955204861111113,19.0,17.51388888888889,7.314826388888889,9.77763888888889,9.508125
2021-02-05,9.349756944444444,26.519,29.45763541666667,19.0,17.041666666666668,7.384201388888889,10.070868055555556,11.140243055555555
2021-02-06,10.116666666666667,23.155,28.52144097222222,22.0,18.22222222222222,7.395833333333333,10.533680555555556,11.993090277777776
2021-02-07,10.652369337979094,26.641,29.234609756097562,24.0,19.749128919860627,7.40418118466899,10.093867595818816,11.887560975609755
2021-02-08,10.68375,30.208,32.461565972222225,19.0,16.44097222222222,7.424062500000001,9.081388888888888,14.684479166666668
2021-02-09,10.20513888888889,0.0,32.464284722222224,22.0,17.666666666666668,7.376875,9.290729166666667,20.53625
2021-02-10,9.361875,30.215,32.08932291666667,31.0,25.99652777777778,7.4316666666666675,10.4325,23.57378472222222
2021-02-11,9.22013888888889,29.51,31.632031249999997,50.0,38.052083333333336,7.444999999999999,9.936180555555556,16.140069444444446
2021-02-12,9.576354166666667,29.249,31.32045833333333,50.0,30.197916666666668,7.456666666666667,9.983090277777778,15.534131944444445
2021-02-13,10.110138888888889,29.133,31.54830902777778,26.0,24.6875,7.302569444444444,10.4975,10.897708333333334
2021-02-14,10.464201388888888,30.073,32.04386111111111,26.0,23.083333333333332,7.414236111111112,10.233159722222222,6.859826388888888
2021-02-15,10.563958333333334,25.959,31.672920138888887,27.0,17.79513888888889,7.332986111111111,9.9578125,5.575277777777778
2021-02-16,9.870662020905923,0.0,27.029017421602788,21.0,15.306620209059233,7.413031358885017,10.55815331010453,7.703344947735192
2021-02-17,8.500871080139373,22.139,26.439240418118466,18.0,15.439024390243903,7.470557491289199,10.59801393728223,6.271881533101046
2021-02-18,8.08013986013986,24.721,31.444734265734265,17.0,14.73076923076923,7.393776223776223,9.646783216783216,2.187762237762238
2021-02-19,7.540313588850175,19.301,24.315156794425086,15.0,14.35191637630662,7.476341463414634,11.39808362369338,2.724808362369338
2021-02-20,8.325590277777778,18.54,20.70634375,16.0,15.39236111111111,7.301319444444445,11.673125,2.2445138888888887
2021-02-21,9.429372822299651,16.708,21.62788850174216,19.0,16.72473867595819,7.35787456445993,11.293484320557491,2.5721951219512196
2021-02-22,11.104425087108014,16.35,22.153456445993033,22.0,18.23693379790941,7.2404878048780485,10.401602787456445,3.274808362369338
2021-02-23,11.428923611111111,0.0,28.453378472222223,25.0,17.70138888888889,6.953298611111111,9.404444444444444,6.174444444444444
2021-02-24,11.426458333333334,24.74,30.388968749999997,16.0,14.958333333333334,7.433784722222222,9.841076388888888,3.7792708333333334
2021-02-25,10.969475524475524,23.987,27.55039160839161,17.0,15.398601398601398,7.23534965034965,10.14,3.2595804195804194
2021-02-26,11.163402777777778,0.0,28.154458333333334,21.0,17.13888888888889,6.8540625,9.364201388888889,2.049756944444445
2021-02-27,10.676445993031358,22.39,26.21140418118467,25.0,18.449477351916375,7.348919860627177,9.976236933797908,2.43404181184669
2021-02-28,11.749024390243902,28.681,31.093017421602788,29.0,23.222996515679444,7.235400696864112,8.971463414634146,1.0642857142857143
2021-03-01,11.438472222222224,20.231,25.69232986111111,27.0,23.3125,7.313750000000001,9.922743055555555,2.0530555555555554
2021-03-02,9.529756097560975,0.0,14.546752613240416,25.0,19.355400696864113,7.200174216027874,11.019442508710801,6.813937282229965
2021-03-03,9.05829268292683,4.565,8.83259930313589,23.0,17.229965156794425,7.541184668989548,12.513344947735192,12.60672473867596
2021-03-04,9.752961672473868,5.645,12.042411149825783,23.0,18.61672473867596,7.4244250871080135,11.690801393728224,9.780731707317074
2021-03-05,11.148611111111112,14.212,18.636836805555554,20.0,18.06597222222222,7.413506944444445,10.714791666666667,4.456076388888889
2021-03-06,11.061909722222222,16.606,19.02990625,19.0,16.84722222222222,7.380416666666666,10.609409722222221,4.277256944444444
2021-03-07,10.92993031358885,16.878,18.630017421602787,17.0,16.682926829268293,7.44006968641115,10.775923344947735,4.142020905923345
2021-03-08,10.970520833333333,16.569,17.602538194444445,21.0,17.30902777777778,7.500590277777778,10.840243055555554,3.6781944444444443
2021-03-09,10.70506993006993,0.0,15.751444055944054,21.0,17.667832167832167,7.4592307692307696,11.049895104895105,6.402412587412587
2021-03-10,11.053680555555555,12.122,16.67123263888889,19.0,15.777777777777779,7.2453819444444445,11.267777777777777,7.057777777777778
2021-03-11,11.424965277777778,15.934,18.521333333333335,17.0,13.979166666666666,7.598194444444445,11.118055555555555,7.119895833333334
2021-03-12,11.392717770034844,14.061,18.069822299651566,13.0,11.70034843205575,7.588083623693381,11.412926829268294,9.071498257839721
2021-03-13,11.506284722222222,6.054,13.292684027777778,14.0,11.739583333333334,7.538055555555555,11.875729166666666,12.65986111111111
2021-03-14,12.461881533101046,15.887,18.543574912891987,14.0,10.195121951219512,7.5301393728223,11.333135888501742,6.990209059233449
2021-03-15,12.772673611111111,14.699,17.99446875,15.0,11.493055555555555,7.563229166666667,11.43763888888889,6.780451388888888
2021-03-16,12.942638888888888,0.0,18.911180555555557,19.0,14.35763888888889,7.295451388888889,10.867777777777778,5.791597222222222
2021-03-17,13.0101393728223,17.79,20.16207317073171,18.0,15.132404181184668,7.654250871080139,11.455714285714286,9.966724738675957
2021-03-18,13.098850174216027,21.864,23.55991986062718,15.0,13.912891986062718,7.590871080139372,10.884006968641115,11.825331010452961
2021-03-19,13.445505226480837,23.403,26.39505574912892,15.0,13.850174216027874,7.633554006968641,10.896689895470383,12.388571428571428
2021-03-20,12.942369337979095,20.569,25.00522299651568,17.0,15.257839721254355,7.747177700348432,10.879407665505227,13.674006968641114
2021-03-21,13.148780487804878,20.444,22.477616724738677,17.0,16.505226480836235,7.758118466898955,11.046933797909407,11.732299651567944
2021-03-22,12.893797909407665,20.914,24.808233449477353,16.0,15.83623693379791,7.868222996515679,11.444076655052264,10.939512195121951
2021-03-23,12.782152777777778,0.0,23.610916666666668,16.0,14.42361111111111,7.780763888888889,11.203229166666667,11.056527777777779
2021-03-24,13.248156862745098,0.0,20.651274509803923,15.0,14.188235294117646,7.238196078431373,11.758117647058825,10.836549019607844
2021-03-25,13.682673611111111,18.943,22.417371527777778,16.0,14.145833333333334,7.811319444444444,12.0321875,11.108229166666668
2021-03-26,14.118391608391608,21.795,23.11873776223776,15.0,14.657342657342657,7.776713286713286,11.72972027972028,10.866188811188811
2021-03-27,14.01794425087108,14.026,22.181034843205577,18.0,15.724738675958188,7.777142857142857,11.555052264808364,10.469233449477352
2021-03-28,14.006875,2.441,8.256326388888889,24.0,16.256944444444443,7.488159722222223,10.659513888888888,9.837604166666667
2021-03-29,14.230208333333334,3.837,7.886788194444445,26.0,19.71875,7.395659722222222,10.164409722222222,8.861041666666667
2021-03-30,14.477152777777778,11.704,17.078315972222224,23.0,19.53472222222222,7.484166666666667,9.510659722222222,7.727430555555555
2021-03-31,14.67562937062937,3.768,12.990055944055944,28.0,20.786713286713287,7.493356643356643,9.697412587412588,7.40534965034965
2021-04-01,14.723819444444445,7.375,15.366277777777778,21.0,17.13888888888889,7.4980208333333325,9.096527777777778,7.067986111111111
2021-04-02,14.889055944055945,0.0,17.190132867132867,19.0,15.828671328671328,7.586538461538462,9.256223776223777,7.435769230769231
2021-04-03,15.02170138888889,9.185,13.990472222222222,18.0,16.229166666666668,7.598611111111111,9.318472222222221,8.1978125
2021-04-04,14.779027777777777,0.711,5.837996527777778,26.0,19.364583333333332,7.479097222222222,9.622465277777778,9.714861111111112
2021-04-05,14.80836236933798,0.699,1.6738118466898955,27.0,20.578397212543553,7.627665505226481,10.933832752613242,14.340940766550524
2021-04-06,15.156875000000001,0.699,5.649993055555556,25.0,18.319444444444443,7.792222222222222,10.922777777777778,15.135416666666666
2021-04-07,15.657430555555557,6.235,11.751878472222224,19.0,16.34027777777778,7.87857638888889,9.982604166666667,10.339583333333334
2021-04-08,15.814027777777776,9.451,15.147822916666668,19.0,15.98611111111111,7.923506944444444,9.612569444444444,8.996909722222222
2021-04-09,15.50013888888889,14.804,16.360475694444446,19.0,15.381944444444445,8.035520833333333,9.829965277777779,8.540243055555557
2021-04-10,15.37486111111111,9.665,15.876621527777777,27.0,17.73263888888889,8.075243055555555,9.45375,9.513958333333333
2021-04-11,15.652578397212544,12.089,16.33924738675958,31.0,18.717770034843205,8.04595818815331,8.931881533101045,9.334982578397213
2021-04-12,15.636493055555556,10.195,18.24285763888889,22.0,18.37152777777778,8.033402777777777,8.915243055555557,9.082395833333333
2021-04-13,16.164618055555554,6.78,11.755090277777777,34.0,19.72222222222222,7.83329861111111,9.3046875,9.253194444444444
2021-04-14,15.49111111111111,7.544,11.54336111111111,24.0,17.614583333333332,7.850312499999999,9.602847222222222,10.098541666666668
2021-04-15,15.334808362369339,10.88,15.958975609756097,19.0,15.35540069686411,7.960243902439025,9.107212543554008,8.852299651567945
2021-04-16,15.868153310104528,7.136,15.405317073170732,32.0,15.414634146341463,7.952996515679443,8.984773519163763,8.561881533101046
2021-04-17,16.351805555555554,8.965,14.192378472222224,25.0,15.6875,7.862326388888889,8.881180555555556,8.48423611111111
2021-04-18,16.143344947735194,10.555,15.076874564459931,22.0,16.181184668989548,7.992125435540069,8.669442508710802,8.926515679442508
2021-04-19,16.023519163763066,11.565,14.562017421602787,17.0,16.34494773519164,8.072369337979094,8.419128919860627,8.490383275261323
2021-04-20,16.49703832752613,0.0,18.383536585365853,17.0,14.770034843205575,7.9296515679442505,8.032090592334495,7.859128919860628
2021-04-21,16.948257839721254,15.695,18.785076655052265,16.0,14.313588850174217,8.036306620209059,9.072891986062718,9.073344947735192
2021-04-22,17.256597222222222,18.903,21.884229166666668,17.0,13.427083333333334,7.881423611111111,9.307673611111111,10.106840277777778
2021-04-23,16.817003484320555,20.015,25.085933797909405,16.0,13.139372822299652,7.865052264808362,9.068536585365853,10.03554006968641
2021-04-24,16.915520833333332,24.843,26.802600694444447,15.0,13.59375,7.953993055555555,8.503680555555555,8.9278125
2021-04-25,16.867152777777775,25.046,27.788399305555558,17.0,15.246527777777779,7.952881944444444,7.951180555555556,8.550243055555555
2021-04-26,16.75375,22.866,25.933177083333334,29.0,18.30902777777778,8.12375,7.9532291666666675,8.340833333333332
2021-04-27,16.785173611111112,0.0,23.226364583333336,25.0,18.88888888888889,8.171423611111111,8.030694444444444,8.584895833333333
2021-04-28,17.029375,15.047,19.585336805555556,58.0,21.81597222222222,8.053576388888889,8.010277777777778,8.738333333333333
2021-04-29,17.34173611111111,13.807,21.916097222222223,26.0,23.76736111111111,8.029826388888889,8.201041666666667,8.43388888888889
2021-04-30,17.476979166666666,15.029,20.416680555555555,47.0,27.791666666666668,8.0234375,8.108402777777776,8.40451388888889
2021-05-01,17.132857142857144,12.046,18.76578048780488,29.0,18.70383275261324,8.010104529616726,8.84822299651568,8.241080139372823
2021-05-02,16.958194444444445,13.956,19.258822916666666,25.0,17.506944444444443,7.9208333333333325,9.110034722222222,8.330381944444445
2021-05-03,16.72772727272727,13.358,21.61568181818182,27.0,21.62937062937063,7.861643356643356,8.99097902097902,8.601853146853147
2021-05-04,17.00065972222222,11.765,17.549347222222224,35.0,20.993055555555557,7.554201388888889,8.537916666666668,6.904166666666667
2021-05-05,17.547909407665504,9.483,12.583585365853658,20.0,16.8397212543554,7.7649825783972135,8.78006968641115,0.0
2021-05-06,17.43263157894737,13.155,18.06583859649123,18.0,16.63859649122807,7.731859649122807,7.880000000000001,0.0
2021-05-07,17.722708333333333,8.909,14.896010416666668,28.0,16.194444444444443,7.655833333333334,8.452534722222222,0.0
2021-05-08,17.97742857142857,10.742,16.15689142857143,19.0,16.954285714285714,7.686342857142857,8.661885714285713,0.0
2021-05-09,17.967550200803213,0.0,15.574192771084338,21.0,17.473895582329316,7.722489959839358,8.623855421686748,0.0
2021-05-10,17.782473498233212,0.0,17.79729328621908,19.0,15.452296819787986,7.975300353356891,8.346925795053004,0.0
2021-05-11,17.35445993031359,17.239,21.591738675958187,15.0,13.745644599303136,8.243658536585365,8.175923344947735,0.0
2021-05-12,17.26706293706294,16.506,21.014374125874124,15.0,14.251748251748252,8.112832167832169,8.08534965034965,0.0
2021-05-13,17.89132404181185,14.687,18.91804529616725,20.0,15.177700348432056,8.032125435540069,8.316759581881533,0.0
2021-05-14,18.17159722222222,22.019,24.61420486111111,18.0,15.034722222222221,7.908437500000001,8.371944444444445,1.7951736111111112
2021-05-15,18.351006944444446,11.339,19.72101388888889,18.0,15.840277777777779,7.713645833333334,8.448784722222221,3.611423611111111
2021-05-16,18.806840277777777,7.843,13.311520833333333,19.0,16.725694444444443,7.6729166666666675,7.989375,2.713298611111111
2021-05-17,19.247326388888887,2.397,7.328215277777777,19.0,17.54513888888889,7.624131944444445,7.509479166666667,3.667569444444444
2021-05-18,19.3596875,1.376,6.473388888888889,19.0,16.15277777777778,7.516215277777778,7.102048611111112,2.3980555555555556
2021-05-19,19.037847222222222,10.101,16.161746527777776,18.0,15.225694444444445,7.6620833333333325,7.155833333333334,1.8778472222222224
2021-05-20,19.243125000000003,9.202,12.83453125,25.0,16.131944444444443,7.706527777777778,7.2880208333333325,1.9643402777777779
2021-05-21,19.778194444444445,5.272,9.208118055555556,31.0,17.82638888888889,7.668125,7.25,1.8083680555555555
2021-05-22,19.781805555555554,6.448,12.626590277777778,24.0,18.84722222222222,7.695625000000001,7.113125,1.5852430555555557
2021-05-23,20.23362369337979,7.637,12.338104529616725,24.0,18.89547038327526,7.699721254355401,7.511289198606271,1.6849477351916375
2021-05-24,20.618194444444445,7.002,11.614347222222221,21.0,18.791666666666668,7.714479166666667,6.076493055555556,1.7857986111111108
2021-05-25,20.3597212543554,0.0,13.604557491289198,20.0,16.16376306620209,7.699895470383275,0.0,2.100836236933798
2021-05-26,19.512395833333333,0.0,19.023569444444444,22.0,14.715277777777779,7.8140624999999995,0.0,2.4816319444444446
2021-05-27,18.979756097560973,0.0,19.27735888501742,21.0,15.045296167247386,7.2804181184668995,3.4252961672473865,2.8172822299651568
2021-05-28,19.864340277777778,5.321,15.165913194444446,31.0,17.399305555555557,7.756111111111112,7.895555555555556,3.762361111111111
2021-05-29,20.264027777777777,8.794,12.722975694444445,40.0,22.53472222222222,7.62170138888889,7.904305555555556,3.2522916666666664
2021-05-30,20.218645833333333,10.988,15.659326388888891,65.0,23.947916666666668,7.546354166666666,7.753784722222223,2.445104166666667
2021-05-31,20.129583333333333,14.993,19.148253472222223,75.0,27.32986111111111,7.751736111111111,8.029340277777777,2.2172916666666667
2021-06-01,20.603819444444444,9.413,15.83132986111111,115.0,29.618055555555557,7.795902777777777,8.537708333333335,3.078263888888889
2021-06-02,20.901562499999997,7.349,15.910892361111113,19.0,15.881944444444445,7.909513888888889,9.084375000000001,4.220972222222223
2021-06-03,20.530208333333334,16.673,19.347309027777776,18.0,15.663194444444445,7.819826388888889,8.387291666666666,3.590138888888889
2021-06-04,21.44320557491289,9.674,13.806428571428572,25.0,17.70383275261324,7.74411149825784,8.346864111498258,4.738850174216028
2021-06-05,21.550763888888888,8.638,11.649100694444444,30.0,19.52777777777778,7.654652777777778,7.860486111111111,4.099374999999999
2021-06-06,22.015,6.136,10.341184027777778,33.0,27.07638888888889,7.643993055555555,7.769930555555555,4.473263888888889
2021-06-07,21.93208333333333,10.25,13.761020833333333,30.0,24.541666666666668,7.658923611111111,7.153576388888889,3.637534722222222
2021-06-08,22.108159722222222,11.743,16.06867013888889,23.0,14.659722222222221,7.434583333333332,7.139791666666667,3.983611111111111
2021-06-09,21.9428125,14.773,19.394364583333335,13.0,8.975694444444445,7.728715277777777,7.136736111111111,3.2968402777777777
2021-06-10,21.60020833333333,18.99,22.358756944444444,15.0,10.510416666666666,7.747291666666666,7.2619444444444445,3.0739930555555555
2021-06-11,22.393298611111113,8.875,13.509333333333334,20.0,12.277777777777779,7.592083333333333,6.286458333333333,3.128159722222222
2021-06-12,23.194355400696864,6.14,9.645951219512195,38.0,22.790940766550523,7.570487804878049,5.840034843205575,3.2060975609756097
2021-06-13,22.864965277777777,9.337,15.145958333333333,35.0,25.68402777777778,7.530763888888889,5.020555555555556,2.4454166666666666
2021-06-14,22.45607843137255,11.558,14.401098039215686,29.0,25.92156862745098,7.575882352941177,5.457058823529412,2.6382352941176475
2022-01-01,8.207508771929824,23.144,26.882484210526314,16.0,14.449122807017543,7.904411764705882,9.304736842105262,9.096749116607775
2022-01-02,7.968055555555556,22.536,26.192086805555554,19.0,16.506944444444443,7.922801418439716,9.599337979094077,12.030622710622712
2022-01-03,8.24725352112676,21.32,25.53912676056338,22.0,20.235915492957748,7.907153284671533,9.515915492957747,13.379321428571428
2022-01-04,8.727302158273382,20.285,22.990294736842106,36.0,24.305263157894736,7.867169117647059,9.300701107011069,12.190797101449276
2022-01-05,8.678536585365853,20.397,22.971024390243905,26.0,23.146341463414632,7.8329433962264154,9.274355400696864,12.315055350553505
2022-01-06,8.717732342007436,19.825,23.402972027972027,31.0,26.444055944055943,7.83703007518797,9.590384615384615,13.697762237762237
2022-01-07,8.583426573426573,20.745,22.421933566433566,24.0,20.923076923076923,7.826109090909091,9.869125874125874,10.173076923076923
2022-01-08,8.606573426573426,20.642,22.621870629370626,35.0,28.835664335664337,7.819306569343065,9.887552447552448,5.012972027972028
2022-01-09,8.830416666666666,21.322,23.191239583333335,37.0,28.60763888888889,7.805658362989323,10.202881944444444,6.312118055555556
2022-01-10,8.977789473684211,21.338,22.972101754385964,31.0,21.140350877192983,7.778424908424908,9.974105263157893,3.593333333333333
2022-01-11,8.968706293706294,21.362,23.44993402777778,20.0,14.20979020979021,7.806727272727272,10.034947735191638,7.412299651567944
2022-01-12,8.37031690140845,21.986,23.420038732394367,14.0,13.02112676056338,7.8391166077738506,9.674999999999999,12.205633802816902
2022-01-13,7.668741258741259,22.971,25.10822027972028,13.0,13.0,7.839580419580419,9.677552447552449,10.961153846153845
2022-01-14,7.424305555555555,22.735,24.957017361111113,15.0,12.658536585365853,7.833368055555557,9.65798611111111,13.708715277777777
2022-01-15,7.336724738675958,22.835,24.975010452961673,15.0,14.017421602787456,7.836271777003485,9.674216027874564,13.7704181184669
2022-01-16,7.613274647887324,21.914,23.894471830985914,19.0,17.134751773049647,7.847570422535211,9.693978873239438,9.992600732600733
2022-01-17,8.558090277777778,21.2,23.072885416666665,17.0,16.118055555555557,7.8400694444444445,9.567048611111112,19.80779783393502
2022-01-18,8.106606498194946,21.126,23.168121863799282,17.0,14.604395604395604,7.867773722627737,9.593835125448027,14.910185873605949
2022-01-19,7.528480565371025,21.093,24.013625441696114,16.0,13.904593639575971,7.965709219858156,9.858657243816255,20.384087591240874
2022-01-20,7.612230215827338,21.052,24.232003597122304,19.0,13.910071942446043,8.009568345323741,10.040746268656717,20.8441975308642
2022-01-21,7.6668100358422935,21.172,24.007709677419353,18.0,13.709677419354838,8.029460431654677,9.904122137404581,20.856653696498054
2022-01-22,8.075667870036101,20.764,23.73226353790614,16.0,14.258064516129032,8.026028880866425,9.986523297491038,20.248351254480287
2022-01-23,8.464460431654675,21.073,24.28878853046595,26.0,17.414285714285715,8.025342960288809,9.919067164179104,18.274919999999998
2022-01-24,8.789859154929578,21.621,23.817035211267605,19.0,14.151408450704226,8.006214285714284,9.73443661971831,15.425669014084509
2022-01-25,8.860071428571429,22.112,24.1006164874552,19.0,15.901754385964912,7.91355871886121,9.87063157894737,20.339713261648743
2022-01-26,8.582902097902098,21.591,24.837115384615384,21.0,19.237762237762237,7.835851063829788,9.508505338078292,10.501122807017545
2022-01-27,8.648327526132405,22.965,24.97595818815331,21.0,17.05574912891986,7.816077738515901,9.54170731707317,13.888048780487804
2022-01-28,8.761184668989547,22.597,25.37593031358885,23.0,19.871080139372822,7.761232394366197,9.533310104529617,17.690522648083626
2022-01-29,8.553462897526503,23.011,25.698,36.0,22.91166077738516,7.677320754716981,9.451690140845072,18.722402826855124
2022-01-30,8.37540069686411,22.81,25.92340069686411,115.0,61.99651567944251,7.680359712230215,9.633867595818815,22.537491166077736
2022-01-31,8.076048951048952,21.531,25.50150699300699,148.0,57.16423357664234,7.735483870967741,9.86034965034965,21.55173285198556
2022-02-01,7.804195804195804,20.678,23.799370629370628,51.0,18.363636363636363,7.698303886925794,10.052167832167832,15.085130111524164
2022-02-02,7.637746478873239,20.215,23.84698943661972,17.0,10.355633802816902,7.6581785714285715,9.830633802816902,17.911318681318683
2022-02-03,7.5915845070422545,19.881,23.679366197183096,17.0,12.178321678321678,7.696618705035971,9.991188811188811,19.370625
2022-02-04,7.4290492957746475,20.371,23.553220640569396,19.0,14.799295774647888,7.853416370106761,10.106866197183098,33.17419708029197
2022-02-05,7.228362369337979,19.325,22.281522648083623,24.0,17.334494773519165,7.805993031358885,10.265540069686411,36.64217391304348
2022-02-06,7.333846153846154,18.746,25.290888111888112,25.0,18.094405594405593,7.771901408450703,10.136503496503497,44.86613718411552
2022-02-07,7.694687500000001,25.417,28.57597222222222,22.0,15.01736111111111,7.727359154929578,9.420176678445229,63.71321167883211
2022-02-08,7.18143396226415,22.084,26.118383512544803,15.0,13.722419928825623,7.6558984375,9.970130718954248,31.306975088967974
2022-02-09,7.222062937062938,23.222,26.628706293706294,18.0,14.070175438596491,7.802937062937063,10.657625899280577,43.83423076923077
2022-02-10,8.229363957597172,28.81,31.797223826714802,20.0,14.134751773049645,7.649361702127659,9.881423487544483,46.45179104477612
2022-02-11,8.58369337979094,30.55,32.334306620209055,20.0,14.571428571428571,7.6708710801393725,9.674146341463414,58.2821754385965
2022-02-12,8.894140350877192,28.929,31.345898245614034,16.0,14.767605633802816,7.674631578947368,9.39536842105263,23.202947368421054
2022-02-13,9.171387900355871,29.95,31.518580071174377,17.0,15.227758007117437,7.6314440433212996,9.12238434163701,30.413985765124554
2022-02-14,9.447361111111112,27.057,30.535493055555555,20.0,14.583038869257951,7.670561403508772,9.817152777777778,55.93640845070423
2022-02-15,9.192867132867132,19.451,27.535437062937064,19.0,13.881118881118882,7.658671328671329,10.546293706293705,46.45288321167883
2022-02-16,8.095238095238095,19.604,25.18525714285714,15.0,13.717703349282298,7.380000000000001,9.83752380952381,31.278333333333332
2022-02-17,7.946620209059233,16.416,26.67073611111111,18.0,13.677192982456141,7.698333333333333,10.838611111111112,64.14863157894737
2022-02-18,8.104722222222222,27.943,31.291494584837547,24.0,14.989583333333334,7.773124999999999,10.220625,109.0020486111111
2022-02-19,8.420836236933798,30.385,32.1911149825784,19.0,15.358885017421603,7.792404181184669,10.301463414634146,149.3538675958188
2022-02-20,8.333101045296168,31.098,32.12266550522648,17.0,14.222996515679442,7.72561403508772,9.456306620209059,82.06812949640288
2022-02-21,8.225783972125436,28.244,30.59941463414634,19.0,14.77972027972028,7.772132867132867,10.571254355400697,73.02198606271777
2022-02-22,7.751602787456446,28.806,30.763038327526132,17.0,14.48951048951049,7.890425531914893,10.424166666666666,111.97010676156583
2022-02-23,7.607605633802817,30.674,32.62811267605634,14.0,13.153310104529616,7.950383275261324,9.246550522648084,55.68519163763066
2022-02-24,7.135649122807018,29.906,32.06821754385965,16.0,13.536842105263158,8.005649122807018,9.986350877192983,87.64840425531915
2022-02-25,7.208216783216784,27.92,30.30333916083916,16.0,13.513986013986013,8.04923076923077,10.967937062937063,80.93284210526316
2022-02-26,7.257517482517483,21.726,27.010342657342655,18.0,13.535211267605634,7.953146853146853,10.457272727272729,47.83273684210526
2022-02-27,7.237118055555555,19.412,22.594618055555557,16.0,13.67595818815331,7.906655052264808,10.848368055555556,32.9734375
2022-02-28,7.590421455938697,20.15,24.003567164179106,15.0,13.71264367816092,7.599416342412451,10.107777777777779,32.603445692883895
2022-03-01,8.426041666666666,23.008,27.421628472222224,17.0,13.67605633802817,7.949097222222223,10.000625,28.13342995169082
2022-03-02,8.586736111111112,20.489,24.333458333333333,16.0,13.757042253521126,8.018645833333332,,41.88114695340502
2022-03-03,8.69043956043956,16.867,22.219846153846152,19.0,14.126865671641792,8.060347826086955,10.089637681159422,32.71357142857143
2022-03-04,9.256388888888889,18.764,23.769565972222225,18.0,14.108870967741936,8.160104895104896,9.695120967741936,19.258145161290326
2022-03-05,9.904687500000001,19.309,27.263940972222223,20.0,15.600694444444445,8.107992565055763,9.27721804511278,19.30656603773585
2022-03-06,9.659166666666668,20.372,26.805118055555553,15.0,14.01526717557252,8.145399239543726,9.48236,15.841524163568772
2022-03-07,9.470557491289199,20.202,26.50194425087108,18.0,14.233449477351916,8.164798534798534,9.913522727272728,19.61365019011407
2022-03-08,9.544606741573034,17.403,24.821397003745318,14.0,12.971428571428572,8.1701171875,9.595551020408163,13.098
2022-03-09,9.899722222222222,14.072,24.243100694444443,15.0,13.022140221402214,8.194981549815498,9.475166051660517,11.41969111969112
2022-03-10,10.420902777777776,19.113,25.85487847222222,15.0,12.965384615384615,8.188020833333333,9.481538461538461,9.149807692307691
2022-03-11,10.90625,17.068,25.382673611111112,15.0,13.15028901734104,8.186473988439307,9.712023121387283,18.490462427745666
2022-03-12,11.232877192982455,17.687,23.146729824561405,15.0,13.357894736842105,8.188877192982456,10.035839694656488,10.844070175438596
2022-03-13,10.957673611111112,15.235,19.69429166666667,16.0,13.756944444444445,8.172569444444443,10.231493055555555,10.045694444444443
2022-03-14,11.692055749128919,15.754,22.726560975609758,17.0,14.763066202090592,8.113588850174215,9.54595818815331,17.4788850174216
2022-03-15,11.559288256227758,14.445,22.599494661921707,17.0,15.348754448398576,8.118042704626335,9.29829181494662,20.42427046263345
2022-03-16,11.320729166666666,12.878,16.60477777777778,18.0,16.38152610441767,8.105416666666667,9.857751004016064,17.613012048192772
2022-03-17,11.709965034965036,16.115,22.49195104895105,19.0,17.052447552447553,8.070734265734266,9.117402135231316,24.15297794117647
2022-03-18,11.248194444444444,15.85,21.29355902777778,22.0,19.29889298892989,8.0371875,8.930627306273061,19.86901185770751
2022-03-19,11.334409722222222,21.658,27.20505902777778,22.0,17.752727272727274,8.103566176470588,8.376349809885932,23.69698113207547
2022-03-20,10.891736111111111,15.547,20.989628472222222,18.0,15.319444444444445,8.12796992481203,9.408626760563381,12.3632
2022-03-21,10.924513888888889,16.108,19.730843750000002,16.0,14.107913669064748,8.126431372549021,9.719812030075188,9.007173913043479
2022-03-22,11.284216027874566,10.491,19.416797909407666,15.0,14.114391143911439,8.092265625,9.6654296875,14.129520295202951
2022-03-23,11.495435540069687,20.944,24.366421602787455,19.0,15.464285714285714,8.095689045936396,8.638071428571427,21.124285714285715
2022-03-24,11.567430555555555,18.616,22.69431597222222,19.0,15.64236111111111,8.085277777777778,8.999618055555555,14.008854166666667
2022-03-25,11.745624999999999,13.603,20.11592013888889,18.0,16.33916083916084,8.020909090909091,8.888531468531468,13.47986013986014
2022-03-26,11.890555555555556,5.78,8.703704861111111,20.0,17.844106463878326,8.035399239543725,10.259923954372624,15.272395437262357
2022-03-27,12.266515679442508,8.187,11.144397212543554,19.0,17.539285714285715,8.026785714285714,9.694142857142857,10.251928571428572
2022-03-28,12.234701754385965,8.756,13.332498245614035,19.0,16.101754385964913,8.065884615384617,9.577719298245615,6.599614035087719
2022-03-29,12.443346153846154,14.37,18.362115384615382,18.0,14.919230769230769,8.040884615384616,9.020299145299145,4.465726872246696
2022-03-30,12.842285714285715,14.61,17.563137142857144,15.0,14.05,8.021885714285714,9.0320625,4.3678125
2022-03-31,13.053286713286715,12.762,18.410583916083915,15.0,14.193430656934307,8.025874125874127,9.041923076923077,4.6008741258741255
2022-04-01,12.987589928057554,13.679,16.767507194244605,23.0,15.879032258064516,7.935979020979021,8.906323529411765,5.977096774193548
2022-04-02,13.994539007092198,12.236,15.909890070921985,27.0,18.97991967871486,7.817956989247312,7.802468619246862,5.342460317460318
2022-04-03,14.296434108527132,18.166,20.460658914728683,24.0,19.117886178861788,7.719861111111111,6.916145833333333,4.5689084507042255
2022-04-04,14.23564748201439,16.825,19.779273381294963,28.0,23.27573529411765,7.821527777777778,7.56330985915493,3.732037037037037
2022-04-05,14.291678832116789,13.148,18.251423357664233,27.0,21.023809523809526,7.958503649635037,8.200666666666667,6.073190476190476
2022-04-06,13.785505226480836,13.604,16.782393728222996,22.0,16.6728624535316,7.949372822299651,8.560594795539034,6.907556390977444
2022-04-07,14.018,15.913,19.639456445993034,21.0,16.113074204946997,7.953144876325087,8.14060070671378,5.983260869565218
2022-04-08,14.15810035842294,14.893,20.829135416666666,19.0,15.340277777777779,7.9828125000000005,8.409854545454545,4.841647509578545
2022-04-09,14.169140625,17.139,18.2586484375,26.0,23.1875,7.92640625,8.380078125,4.7928125
2022-04-10,,,,,,,,
2022-04-11,15.294493670886077,20.905,23.30246202531646,21.0,16.2,7.835569620253165,6.876962025316455,3.5124050632911397
2022-04-12,15.306188811188811,18.626,21.919814685314684,21.0,14.104895104895105,7.984895104895104,7.872062937062936,3.2064685314685315
2022-04-13,15.394481481481483,19.31,24.38718888888889,15.0,13.543554006968641,7.984305555555555,7.688292682926829,4.788850174216028
2022-04-14,14.820342205323193,20.064,24.91906463878327,19.0,15.685314685314685,7.980384615384615,7.639734848484849,2.64020979020979
2022-04-15,14.627227272727271,17.854,23.462836363636363,25.0,20.582456140350878,7.9667708333333325,7.830659722222222,2.0509027777777775
2022-04-16,14.393988439306357,16.585,24.050630057803467,32.0,25.385026737967916,7.926939890710383,7.783673469387755,2.0062234042553193
2022-04-17,14.476055045871561,19.348,25.05011926605505,24.0,20.1697247706422,7.9188990825688075,7.644461538461539,2.450229357798165
2022-04-18,14.862857142857141,21.59,25.475433179723503,19.0,14.435,7.908847926267281,7.4664,2.7344999999999997
2022-04-19,15.333706896551725,19.285,23.347668103448274,15.0,12.975,7.954229390681004,7.690365853658537,2.8243333333333336
2022-04-20,15.436008230452675,18.427,22.453905349794237,15.0,13.763779527559056,7.9728268551236745,7.924153225806452,3.0067741935483867
2022-04-21,15.362078431372549,21.962,27.35607843137255,14.0,13.201413427561837,7.9751943462897525,7.600636042402827,3.2834519572953735
2022-04-22,15.925791366906475,20.116,26.930507194244605,14.0,13.543554006968641,7.961527777777778,7.621992882562278,3.0179513888888887
2022-04-23,16.194874551971324,22.505,24.33140501792115,15.0,14.010752688172044,7.909784946236559,7.609426523297492,3.865483870967742
2022-04-24,16.158593155893538,20.654,24.280589353612168,16.0,14.570422535211268,7.883556338028169,7.436338028169014,3.1805281690140843
2022-04-25,16.440111940298507,20.027,23.26159328358209,16.0,15.429078014184396,7.896607773851589,7.89808510638298,3.5751063829787233
2022-04-26,17.20189964157706,7.936,13.006734767025089,19.0,17.408602150537636,7.821433691756272,7.6688530465949825,3.941541218637993
2022-04-27,17.299456521739128,8.864,14.407992753623187,18.0,15.442857142857143,7.892241992882561,7.328790035587188,2.6495017793594307
2022-04-28,16.51078947368421,18.67,23.72684962406015,16.0,13.656716417910447,8.020373134328358,7.134402985074627,2.0458955223880597
2022-04-29,16.103919413919414,9.368,18.811446886446884,17.0,14.793103448275861,7.960224719101124,7.3863773584905665,2.260524344569288
2022-04-30,16.067235772357723,12.723,17.93870731707317,20.0,15.336032388663968,7.890528301886792,7.286626016260162,1.9671020408163264
2022-05-01,16.084119850187268,12.916,19.173696629213484,19.0,15.786046511627907,7.9500399999999996,7.502828685258964,1.8423505976095618
2022-05-02,16.250698529411764,11.262,18.77666544117647,31.0,16.824626865671643,7.982242647058824,7.455110294117647,2.0037867647058825
2022-05-03,16.36415254237288,16.737,20.881478813559323,15.0,13.618867924528303,8.065018450184501,7.522804428044281,2.090479704797048
2022-05-04,16.9213671875,14.658,18.800669144981413,14.0,13.423487544483987,8.027935943060498,7.652277580071174,2.5487900355871886
2022-05-05,17.211438848920864,13.864,18.856863636363638,14.0,13.307017543859649,8.038403041825095,7.475471698113207,2.8108962264150943
2022-05-06,17.573125,15.562,19.44486111111111,14.0,13.578616352201259,8.055090252707581,7.758540145985402,3.000656934306569
2022-05-07,17.697569444444444,19.701,22.677875,15.0,13.411764705882353,8.120235294117647,8.123999999999999,3.1699215686274513
2022-05-08,17.623159722222223,23.309,24.810166666666667,14.0,13.025270758122744,8.127545126353791,7.814512635379061,2.891552346570397
2022-05-09,17.33909407665505,24.255,25.412439024390242,15.0,13.876325088339222,8.133780918727915,7.660106007067138,2.389328621908127
2022-05-10,17.139236111111114,23.489,25.349454861111113,15.0,13.825757575757576,8.151060606060607,7.63689393939394,2.430454545454545
2022-05-11,17.291902985074625,21.874,24.643600694444444,14.0,13.145833333333334,8.137534722222222,7.600243055555556,2.6144444444444446
2022-05-12,17.769260700389104,21.717,24.24979649122807,14.0,13.239795918367347,8.095475113122172,7.572488687782806,3.052398190045249
2022-05-13,17.939507575757574,22.957,25.364333333333335,15.0,13.632575757575758,8.07425,7.284400000000001,2.8897000000000004
2022-05-14,18.30574912891986,20.493,23.925578397212544,17.0,13.595818815331011,8.052229965156796,7.264808362369338,2.6157491289198607
2022-05-15,18.25951388888889,17.522,22.597350694444444,28.0,13.878472222222221,8.004479166666666,7.210972222222223,2.5438194444444444
2022-05-16,18.25482638888889,16.952,24.56023611111111,22.0,14.373983739837398,7.9953877551020405,7.231178861788617,2.288861788617886
2022-05-17,18.350925925925925,21.038,25.682825925925926,15.0,13.32905982905983,8.070887096774193,7.451814516129032,2.7398790322580644
2022-05-18,18.637429718875502,20.283,26.287803212851408,16.0,13.618257261410788,8.077529411764706,7.194117647058824,3.2692156862745096
2022-05-19,18.476083916083915,23.491,27.86351048951049,15.0,11.889312977099237,8.069580152671756,7.104198473282443,3.499770992366412
2022-05-20,18.661289198606273,19.66,27.702459930313587,14.0,12.522648083623693,8.024494773519164,6.898501742160279,3.2329268292682927
2022-05-21,19.03798611111111,23.198,27.858100694444445,13.0,12.03225806451613,8.010501792114695,6.871146953405018,2.7927598566308243
2022-05-22,18.826666666666668,21.639,27.215944444444446,14.0,12.95774647887324,8.02419014084507,6.466197183098592,2.5215492957746477
2022-05-23,19.602500000000003,22.57,25.44801388888889,15.0,13.386759581881533,8.108188153310104,7.498989547038327,3.315993031358885
2022-05-24,19.622743055555556,24.931,28.922086805555555,15.0,13.329545454545455,8.096194690265486,7.5970796460177,4.1481415929203544
2022-05-25,19.887777777777774,20.5,24.512946502057613,17.0,13.600694444444445,8.164609375,7.9155859375,4.641171875
2022-05-26,20.90670138888889,19.464,22.52013888888889,16.0,14.182142857142857,8.197396226415094,8.295283018867925,5.051547169811321
2022-05-27,21.01306620209059,16.314,22.28451567944251,20.0,18.142857142857142,8.138178571428572,7.919678571428572,4.016464285714285
2022-05-28,20.806979166666665,18.529,24.155086805555555,21.0,19.22909090909091,8.120301886792454,7.56354716981132,4.369396226415095
2022-05-29,20.856263736263738,16.45,22.047853146853146,35.0,22.422053231939163,8.0358984375,6.980234375,4.0608984375
2022-05-30,20.807102473498233,15.251,22.022275618374557,28.0,19.53356890459364,8.104873646209388,7.377761732851986,4.5171480144404335
2022-05-31,20.880403225806454,15.06,20.618875,30.0,23.794425087108014,8.191156716417911,7.510708955223881,4.305485074626866
2022-06-01,20.146366906474817,22.031,27.229122302158274,29.0,22.55944055944056,8.169055944055943,7.089510489510489,3.68286231884058
2022-06-02,20.487222222222222,24.006,27.450309027777777,29.0,23.0625,8.161309090909091,7.106939501779359,4.659925093632959
2022-06-03,21.042777777777776,26.78,29.740374999999997,30.0,21.115107913669064,8.185877862595419,7.561859504132231,7.258825910931174
2022-06-04,19.77723776223776,30.913,33.28212937062937,35.0,24.43262411347518,8.053285198555958,5.255314685314685,3.0345878136200715
2022-06-05,20.282961672473867,16.816,24.64701393728223,33.0,24.703971119133573,8.158257839721255,6.232229965156795,3.0236363636363635
2022-06-06,20.7464,11.858,19.121632727272726,43.0,30.47163120567376,8.139444444444443,6.417730496453901,3.4874358974358977
2022-06-07,20.304425087108015,16.714,20.871379790940768,35.0,16.113970588235293,8.134117647058824,6.2452734375,2.7958964143426295
2022-06-08,20.681145833333332,8.598,17.662805555555554,18.0,15.052083333333334,8.132708333333333,6.540277777777778,2.533715277777778
2022-06-09,20.567881944444444,16.782,23.84719791666667,69.0,18.006944444444443,8.094166666666666,6.317083333333333,2.0538541666666665
2022-06-10,20.67486111111111,15.432,23.503124999999997,88.0,34.40157480314961,8.0940625,6.6461805555555555,3.0106597222222224
2022-06-11,21.28857142857143,17.653,20.334992857142858,136.0,38.50390625,8.123437500000001,7.089513888888889,3.589498207885305
2022-06-12,21.53081784386617,16.074,20.08389962825279,43.0,22.57201646090535,8.141115241635688,7.119685314685315,3.55006993006993
2022-06-13,20.730833333333333,17.652,26.242635416666666,21.0,14.67816091954023,8.130464285714286,6.643357142857143,3.059892857142857
2022-06-14,20.169014084507044,18.129,26.459633802816903,18.0,14.398576512455517,8.001091549295774,6.09200704225352,2.506267605633803
2022-06-15,20.58100386100386,17.292,20.89148561151079,24.0,15.634751773049645,7.979268292682927,6.283498233215548,2.218904593639576
2022-06-16,21.335625,11.316,16.670117647058824,26.0,16.013986013986013,7.898076923076923,6.5297785977859775,2.127127659574468
2022-06-17,21.99513888888889,11.361,18.174111111111113,53.0,22.32867132867133,7.863576388888889,6.502118055555555,2.6282229965156794
2022-06-18,22.739212598425198,15.755,18.85453937007874,102.0,44.51209677419355,7.883929824561403,6.452842105263158,3.115186567164179
2022-06-19,22.646890459363956,12.813,16.82643109540636,76.0,39.10878661087866,7.925944055944057,6.356643356643357,3.4646619217081853
2022-06-20,22.67762411347518,15.049,19.402563829787233,22.0,17.713080168776372,7.932872340425533,6.218617021276596,3.6424548736462095
2022-06-21,22.74142361111111,15.752,20.57840625,45.0,23.54513888888889,7.975312499999999,6.215291828793774,3.4758076923076926
2022-06-22,22.886370967741936,15.476,21.361754032258066,210.0,115.25700934579439,7.954140350877193,5.999684210526316,5.004357976653696
2022-06-23,23.084330985915493,19.635,22.545887323943663,192.0,37.80082987551867,7.918970588235294,5.442622950819672,1.226
2022-06-24,23.759407665505226,6.615,12.73467944250871,39.0,28.732394366197184,7.985574912891987,5.481652542372881,1.3891637630662022
2022-06-25,23.542210526315788,7.699,10.952042105263157,38.0,27.32982456140351,8.078280701754386,6.15421052631579,1.6143508771929824
2022-06-26,23.667986111111112,6.985,9.224732638888888,28.0,22.131944444444443,8.248194444444444,6.406458333333333,2.041215277777778
2022-06-27,23.962097902097902,4.444,8.523034965034965,29.0,23.677419354838708,8.25632867132867,6.643251748251748,2.8424825174825177
2022-06-28,25.372301886792453,1.861,2.8271157894736842,31.0,24.45769230769231,8.321278195488722,7.206165413533834,4.314248120300752
2022-06-29,25.151827956989248,2.888,4.421240143369176,26.0,21.08041958041958,8.052587412587412,6.618321678321678,4.1031818181818185
2022-06-30,25.106437246963562,4.136,6.284902834008098,22.0,18.472027972027973,7.92625874125874,6.177622377622377,3.4981468531468534
2022-07-01,24.14484098939929,8.242,12.498964664310954,19.0,16.307420494699645,7.922932862190813,5.73101083032491,3.2674204946996466
2022-07-02,23.758333333333336,13.809,18.270996527777775,17.0,15.197916666666666,8.0371875,6.077326007326007,3.5659574468085107
2022-07-03,24.77,11.808,15.291731182795699,19.0,16.293706293706293,8.172402826855123,6.722588652482269,4.198181818181818
2022-07-04,24.57876404494382,15.113,18.836898876404494,17.0,15.148936170212766,8.13956678700361,6.1435144927536225,3.322313432835821
2022-07-05,24.584654377880184,14.847,19.47442857142857,17.0,15.4,8.184625,6.207521008403361,4.056100917431193
2022-07-06,24.78985576923077,17.138,20.655745192307695,16.0,14.533653846153847,7.994375,4.979855769230769,3.3648076923076924
2022-07-07,24.807208480565368,13.143,19.73065371024735,16.0,14.812720848056538,7.836148409893993,4.073957597173145,3.2093639575971733
2022-07-08,25.37339222614841,11.331,15.918759717314488,18.0,15.985865724381625,7.773038869257951,3.862226148409894,3.9041696113074207
2022-07-09,26.057438596491227,10.93,18.549677192982458,17.0,15.508771929824562,7.971026615969582,4.347348484848485,4.9217829457364335
2022-07-10,25.976070175438597,9.664,18.098093862815883,18.0,15.526315789473685,8.054666666666666,4.419333333333333,3.957649122807018
2022-07-11,26.083157894736843,7.102,10.394905263157895,18.0,15.410526315789474,8.034456140350878,5.62340350877193,4.733754385964912
2022-07-12,26.998333333333335,6.218,11.812866666666666,20.0,16.24074074074074,8.206666666666667,5.781581027667984,5.509666666666666
2022-07-13,26.689225352112675,11.563,16.636549295774646,21.0,17.44043321299639,8.150422535211266,5.251161971830986,5.4990661478599225
2022-07-14,26.83196296296296,12.176,16.93864084507042,21.0,16.785211267605632,8.056443661971832,4.769823943661972,4.399718309859155
2022-07-15,27.07546153846154,6.105,13.459060931899641,23.0,18.626373626373628,8.07672794117647,4.85023166023166,4.129087719298245
2022-07-16,26.93342741935484,9.369,15.937655303030304,22.0,18.081272084805654,8.133639575971731,4.979563636363637,3.7797735849056604
2022-07-17,26.403954372623573,13.589,18.071737642585553,23.0,19.838028169014084,8.211866197183099,5.274859154929577,3.9458802816901413
2022-07-18,26.64909747292419,4.294,10.491729241877255,25.0,21.04693140794224,8.28340909090909,5.137075812274368,4.731985559566787
2022-07-19,27.001093117408907,2.58,6.68029718875502,24.0,20.988888888888887,8.21450184501845,4.458877192982456,4.9401754385964916
2022-07-20,26.59579505300353,5.912,10.43876893939394,24.0,20.19272727272727,8.120318021201413,4.485759717314488,4.800742049469965
2022-07-21,26.66838596491228,5.961,10.454543859649123,25.0,21.391459074733095,8.063451957295374,4.595171102661597,5.29306049822064
2022-07-22,26.375245283018867,10.542,13.096350943396226,24.0,20.768421052631577,8.046350877192982,5.046666666666667,5.745438596491228
2022-07-23,25.33277777777778,12.623,16.96354513888889,22.0,17.45138888888889,8.003993055555556,4.8159375,4.866006944444445
2022-07-24,26.029270833333335,8.682,13.877236111111111,26.0,19.71875,7.966180555555557,4.824722222222222,4.535488721804511
2022-07-25,26.15822299651568,9.061,14.168968641114983,26.0,20.951219512195124,7.94411149825784,4.311742160278746,4.3183275261324034
2022-07-26,26.592427983539096,10.446,14.522555555555554,26.0,20.845283018867924,8.114244604316548,4.980490566037735,4.461610169491526
2022-07-27,25.955799256505575,11.503,18.57738289962825,26.0,19.721189591078065,8.169686274509804,5.327131782945737,4.634279835390947
2022-07-28,25.206249999999997,19.778,24.7225,22.0,17.572916666666668,8.102673611111111,4.921745454545454,4.270801526717557
2022-07-29,24.677443609022557,26.109,29.47688811188811,22.0,15.365591397849462,8.09584229390681,5.0358064516129035,3.608888888888889
2022-07-30,25.58547038327526,23.636,26.08113588850174,23.0,18.852713178294575,8.152264808362368,5.514529616724739,3.7770034843205575
2022-07-31,26.389479166666668,13.935,21.688166666666667,24.0,18.96527777777778,8.125833333333333,5.0479513888888885,3.507673611111111
2022-08-01,27.226136363636364,5.077,11.677098484848484,21.0,18.249110320284696,8.06067615658363,4.794697508896797,4.790569395017794
2022-08-02,27.596411149825784,6.318,12.713456445993032,26.0,20.7595818815331,8.005470383275261,5.00376306620209,6.136830188679245
2022-08-03,28.1290625,0.977,13.0138125,26.0,20.6875,7.961388888888889,4.552473498233216,5.495
2022-08-04,28.120327272727273,5.516,11.541916363636364,23.0,19.208333333333332,7.948229166666668,4.695795454545455,4.484965277777778
2022-08-05,28.53732638888889,0.67,8.988604166666667,23.0,19.62152777777778,7.962607142857143,4.966076388888889,4.191666666666666
2022-08-06,28.492916666666662,1.872,10.331465277777777,29.0,23.03125,8.112638888888888,4.860694444444444,4.083645833333333
2022-08-07,28.372118055555557,9.004,13.974322916666667,29.0,23.84722222222222,8.123194444444444,4.314687500000001,3.529236111111111
2022-08-08,28.539125874125872,9.032,14.098573426573427,26.0,23.01048951048951,8.188391608391608,4.549895104895104,3.9391258741258737
2022-08-09,28.323978494623656,11.306,13.859672043010752,26.0,22.279166666666665,8.221,4.830125,5.374416666666666
2022-08-10,27.832961672473868,8.078,13.621703832752614,30.0,24.010752688172044,8.206164874551972,4.759885496183206,6.082401433691756
2022-08-11,28.55677304964539,0.76,6.467070921985815,40.0,30.041666666666668,8.197847222222222,5.196736111111111,6.210173611111111
2022-08-12,29.429618055555554,0.68,2.3313923611111114,35.0,29.524305555555557,8.181631944444444,6.524965277777778,5.123125
2022-08-13,28.73496527777778,1.121,4.898684027777778,28.0,22.052083333333332,7.945833333333334,6.194756944444444,3.3212152777777777
2022-08-14,28.48815972222222,2.3,6.299597222222222,29.0,22.510416666666668,7.904444444444445,5.883263888888889,3.324409722222222
2022-08-15,28.957118055555554,2.06,8.037118055555556,29.0,23.4375,7.995451388888889,6.095208333333334,3.707152777777778
2022-08-16,28.287673611111114,0.964,7.389597222222223,27.0,23.322916666666668,7.799097222222222,5.346354166666667,3.1325
2022-08-17,27.46576388888889,1.617,7.544069444444444,28.0,21.145833333333332,7.69625,5.006319444444444,3.8819444444444446
2022-08-18,27.758333333333333,2.443,6.423059027777778,22.0,18.15972222222222,7.7285763888888885,5.443368055555556,4.395659722222223
2022-08-19,27.13157342657343,10.483,15.693881118881118,20.0,17.388111888111887,7.965209790209791,5.791608391608392,4.286748251748252
2022-08-20,27.058784722222224,7.34,12.546520833333334,20.0,17.163194444444443,8.005381944444444,5.955277777777778,4.604409722222222
2022-08-21,27.630729166666665,5.746,8.580802083333333,19.0,17.21527777777778,7.845277777777778,5.647986111111111,3.803298611111111
2022-08-22,26.437700348432056,6.847,13.861773519163764,19.0,15.923344947735192,7.76425087108014,4.647794117647059,3.1050174216027875
2022-08-23,26.6391637630662,9.543,14.515425087108012,16.0,14.547038327526133,7.8595818815331,4.709512195121952,3.926062717770035
2022-08-24,26.578919860627177,8.349,13.212797909407666,19.0,15.909407665505226,7.845435540069686,4.77006968641115,3.5105923344947736
2022-08-25,27.05402097902098,6.558,10.006555944055943,22.0,18.695804195804197,7.834895104895105,5.41548951048951,2.5989860139860137
2022-08-26,27.085437262357416,9.141,12.913403041825095,21.0,17.49473684210526,7.92498245614035,5.247298245614036,2.4151929824561407
2022-08-27,26.90223484848485,11.092,17.786428030303032,18.0,16.40972222222222,7.966666666666667,4.452777777777778,2.2256597222222223
2022-08-28,26.302569444444444,13.037,19.780368055555556,24.0,18.65972222222222,7.9671875000000005,4.143541666666667,3.083715277777778
2022-08-29,25.325952380952383,22.742,31.66140873015873,19.0,15.868217054263566,7.926070175438596,3.563139534883721,3.2982170542635663
2022-08-30,24.319442508710804,17.716,26.432770034843205,16.0,13.508710801393729,7.6050522648083625,0.927142857142857,4.351184668989547
2022-08-31,25.00526923076923,4.984,14.650738461538461,17.0,14.375438596491229,7.481578947368421,1.9878245614035086,4.868
2022-09-01,24.839335664335664,0.556,5.439248251748252,18.0,15.215328467153284,7.365874125874125,3.2092657342657342,5.207447552447552
2022-09-02,23.79965277777778,0.793,6.494854166666666,18.0,15.091872791519435,7.343710247349823,2.8715162454873644,4.436643109540636
2022-09-03,24.214965034965033,11.628,16.035034965034967,16.0,14.412587412587413,7.441888111888113,2.469621212121212,3.30972027972028
2022-09-04,,,,,,,,
2022-09-05,,,,,,,,
2022-09-06,,,,,,,,
2022-09-07,,,,,,,,
2022-09-08,,,,,,,,
2022-09-09,,,,,,,,
2022-09-10,,,,,,,,
2022-09-11,,,,,,,,
2022-09-12,,,,,,,,
2022-09-13,,,,,,,,
2022-09-14,,,,,,,,
2022-09-15,23.88375,10.827,16.63009523809524,24.0,20.922619047619047,8.06470238095238,6.563095238095237,4.089761904761905
2022-09-16,23.877447552447553,8.883,12.65388111888112,26.0,22.854014598540147,8.020839160839161,6.8429078014184395,4.236293706293706
2022-09-17,24.03090909090909,9.684,12.834926573426575,25.0,22.496376811594203,8.050244755244755,6.700244755244755,3.9728014184397162
2022-09-18,24.327435897435898,7.526,11.69647619047619,26.0,23.314079422382672,8.05088339222615,6.843816254416961,3.607243816254417
2022-09-19,24.15315789473684,9.077,14.495084210526317,29.0,24.171929824561403,8.16859649122807,6.546912280701754,3.662105263157895
2022-09-20,23.766410256410254,15.455,20.662459930313588,23.0,20.654411764705884,8.254703832752613,6.138466898954704,4.873554006968641
2022-09-21,23.479354838709675,12.946,16.049931899641575,22.0,20.95053003533569,8.22452296819788,6.882791519434629,6.043778625954198
2022-09-22,23.245963636363637,13.489,18.210516363636362,23.0,20.672535211267604,8.20274647887324,7.00072202166065,4.865866141732284
2022-09-23,23.35196296296296,15.811,18.45771040723982,24.0,21.284644194756556,8.14685512367491,7.098951965065503,3.558550185873606
2022-09-24,23.193870967741937,12.548,17.064835125448027,24.0,21.982456140350877,8.078175438596492,7.408698884758365,4.244719101123596
2022-09-25,23.00625,14.36,18.51269097222222,24.0,21.114583333333332,8.038194444444445,7.298981132075472,3.9724714828897336
2022-09-26,22.832857142857144,13.082,20.30443243243243,22.0,20.316239316239315,8.072478632478633,6.744828897338404,4.400805860805861
2022-09-27,22.78696296296296,14.329,21.614323886639678,26.0,22.565217391304348,8.12153846153846,6.301230769230769,4.123725490196078
2022-09-28,22.916,14.917,20.478396491228068,22.0,19.363636363636363,8.107167832167832,6.2441729323308275,4.179773584905661
2022-09-29,23.08985294117647,13.012,19.05296323529412,31.0,25.91304347826087,8.08680701754386,5.729747292418773,4.183098591549296
2022-09-30,23.262346153846153,13.177,19.367884615384614,48.0,38.65964912280702,8.041368421052631,4.7470437956204385,3.874736842105263
2022-10-01,23.210664335664337,14.493,20.14697902097902,56.0,51.231046931407946,8.020104895104895,4.573811188811188,4.103439716312057
2022-10-02,23.278496503496502,15.943,19.72002097902098,50.0,39.63986013986014,8.043321678321679,5.164300699300699,3.8936713286713283
2022-10-03,23.293588850174217,9.166,16.286132404181185,35.0,27.766550522648085,8.096062717770035,5.363728222996516,3.7881881533101045
2022-10-04,23.3012323943662,9.562,12.77000352112676,25.0,18.866197183098592,8.090492957746479,5.543204225352112,3.3064788732394366
2022-10-05,22.92667870036101,9.242,16.35918772563177,20.0,16.509025270758123,8.053862815884477,6.155920577617329,3.5417689530685923
2022-10-06,22.567167832167833,15.113,23.286195804195803,21.0,16.59642857142857,8.088356643356644,6.428811188811189,5.033214285714285
2022-10-07,22.335451388888888,15.887,23.517930555555555,20.0,16.43010752688172,8.072291666666665,6.227935943060498,4.748611111111111
2022-10-08,21.924285714285716,16.525,22.965850174216026,22.0,17.426056338028168,8.136376306620209,5.341174377224199,3.4645644599303136
2022-10-09,21.538813559322033,17.462,25.648751412429377,24.0,19.163841807909606,8.152655367231638,4.930112994350282,3.0877966101694914
2022-10-10,,,,,,,,
2022-10-11,20.650348837209304,26.604,31.89902325581395,17.0,14.482558139534884,8.219302325581396,4.26906976744186,2.2975
2022-10-12,20.20594696969697,22.96,29.394045454545456,19.0,15.440298507462687,8.288339350180506,5.417942238267148,2.7888808664259925
2022-10-13,20.37087452471483,14.452,23.38944486692015,21.0,15.687719298245614,8.310210526315789,6.39080701754386,3.4964912280701754
2022-10-14,20.638736842105263,15.577,23.862501754385967,20.0,14.98951048951049,8.259090909090908,6.196748251748252,3.280699300699301
2022-10-15,20.66679715302491,21.465,26.23349822064057,18.0,14.26736111111111,8.266770833333332,5.871719298245615,2.8980208333333333
2022-10-16,20.8012,19.046,24.081189090909092,16.0,13.562937062937063,8.268706293706293,5.788461538461538,3.099965034965035
2022-10-17,20.570370370370373,21.76,25.867152263374486,17.0,13.89010989010989,8.262204081632653,5.5672844827586205,3.306833976833977
2022-10-18,19.96322807017544,21.905,24.43606666666667,15.0,13.171929824561403,8.30898245614035,6.074172661870503,4.087765151515152
2022-10-19,19.270421052631576,24.223,26.2353649122807,15.0,13.288194444444445,8.306770833333333,6.061354166666667,3.055416666666667
2022-10-20,19.304404761904763,20.609,26.552206349206347,16.0,14.052083333333334,8.311527777777778,6.3182986111111115,2.752152777777778
2022-10-21,19.271666666666665,19.757,24.66981560283688,15.0,13.194029850746269,8.28776,6.508805970149253,2.9909328358208955
2022-10-22,19.433153846153846,20.317,23.27114230769231,14.0,12.67361111111111,8.301736111111111,7.002857142857143,2.710173611111111
2022-10-23,19.741602787456447,20.735,23.935787456445993,13.0,12.006968641114982,8.307108013937281,6.977526132404181,2.7304181184668987
2022-10-24,19.71874125874126,21.25,24.70990909090909,12.0,11.575971731448764,8.309752650176678,6.6232862190812725,2.7796819787985867
2022-10-25,19.16187943262411,22.827,28.145755319148936,12.0,11.3125,8.312256944444444,6.214722222222222,2.3241319444444444
2022-10-26,18.801428571428573,21.539,27.32070731707317,13.0,11.564459930313589,8.279163763066201,6.318954703832753,2.079616724738676
2022-10-27,19.004076655052266,26.891,29.17590592334495,14.0,12.306620209059233,8.23836236933798,6.1605226480836235,2.016306620209059
2022-10-28,19.100522648083626,18.091,25.572104529616727,16.0,12.937282229965156,8.241428571428571,6.409083969465649,2.3906271777003485
2022-10-29,18.984895833333333,16.983,24.432833333333335,15.0,13.35763888888889,8.202847222222223,6.567653846153846,2.720659722222222
2022-10-30,18.953680555555554,16.493,22.952055555555557,15.0,13.555555555555555,8.207430555555556,6.8184375,3.576215277777778
2022-10-31,18.62280701754386,18.29,23.177340350877195,16.0,13.22265625,8.229248120300753,7.033609022556391,2.8097744360902253
2022-11-01,18.58996527777778,22.232,24.89631884057971,14.0,12.292682926829269,8.294791666666667,7.157597173144876,2.788333333333333
2022-11-02,18.56338028169014,21.906,24.77080281690141,13.0,12.04225352112676,8.282464788732394,7.0729225352112675,2.757992957746479
2022-11-03,18.746027874564458,19.071,22.411487804878046,12.0,11.432055749128919,8.264843205574913,7.226097560975609,2.7362020905923345
2022-11-04,18.718169014084506,21.324,24.24729577464789,12.0,11.0,8.257746478873239,7.2025,2.6571830985915494
2022-11-05,17.80137323943662,20.944,23.15612676056338,13.0,11.452296819787986,8.271197183098591,7.524894366197183,2.768556338028169
2022-11-06,17.209703703703703,21.874,24.808415492957746,13.0,11.866197183098592,8.285,7.677464788732395,2.967323943661972
2022-11-07,16.865905797101448,20.33,24.070304347826085,13.0,11.572463768115941,8.298514492753622,7.800760869565218,3.0793478260869565
2022-11-08,16.801684210526318,20.196,23.487087719298245,12.0,11.456140350877194,8.280245614035087,7.787649122807018,2.984736842105263
2022-11-09,16.82391472868217,18.23,22.540459930313588,13.0,11.693379790940767,8.236829268292684,7.675017421602788,2.6133101045296168
2022-11-10,17.10836501901141,21.944,25.252939163498098,13.0,12.102836879432624,8.227077464788733,7.52137323943662,2.446654929577465
2022-11-11,17.519928571428572,24.719,28.550857142857144,13.0,12.29642857142857,8.229,7.173840579710145,2.5378214285714287
2022-11-12,17.9653125,23.693,29.852618055555556,13.0,12.17100371747212,8.214756944444444,6.838510638297873,2.7525694444444446
2022-11-13,17.887979094076655,17.18,20.823445993031356,13.0,12.630597014925373,8.130662020905923,7.51046762589928,3.3503135888501743
2022-11-14,17.751142857142856,17.538,22.988648979591837,14.0,12.989473684210527,8.156456140350878,7.088464285714285,3.120245614035088
2022-11-15,17.127754385964913,21.503,24.397887719298247,14.0,12.673684210526316,8.21340350877193,7.4195087719298245,2.805122807017544
2022-11-16,16.68141342756184,15.803,20.08549469964664,14.0,13.063604240282686,8.150565371024735,7.736433823529412,2.6365371024734983
2022-11-17,16.454160839160842,16.762,20.42868181818182,14.0,12.48951048951049,8.12293906810036,7.486293706293706,2.363356643356643
2022-11-18,17.58685714285714,20.726,25.391038610038613,12.0,11.850174216027874,8.221045296167247,6.651254355400697,2.134320557491289
2022-11-19,17.48339160839161,23.982,25.734762237762236,13.0,12.097902097902098,8.223986013986014,6.80493006993007,2.3283566433566434
2022-11-20,17.42993006993007,24.182,25.693048951048954,13.0,12.381118881118882,8.20881118881119,6.842902097902098,2.5748951048951048
2022-11-21,17.28717857142857,24.269,26.096899999999998,13.0,12.028571428571428,8.229178571428571,7.210214285714286,2.638892857142857
2022-11-22,17.08055944055944,24.567,26.522223776223775,11.0,11.0,8.235594405594407,6.974685314685314,2.6363214285714283
2022-11-23,17.02581881533101,24.804,26.082634146341466,12.0,11.174216027874564,8.193763066202091,6.92829268292683,2.4149825783972125
2022-11-24,16.717543859649123,24.137,25.508557894736843,12.0,11.232974910394265,8.196491228070176,7.150537634408602,2.60876404494382
2022-11-25,16.510277777777777,22.424,24.729180555555555,12.0,11.86111111111111,8.201562500000001,7.40659649122807,2.581042471042471
2022-11-26,16.53421052631579,21.762,25.4694,13.0,12.007299270072993,8.212035087719297,7.388284671532847,2.87514598540146
2022-11-27,15.899756944444444,23.144,25.11090972222222,13.0,12.395833333333334,8.209027777777777,7.5821875,2.896197718631179
2022-11-28,15.671008771929824,21.43,24.05912543554007,14.0,12.515679442508711,8.21034843205575,7.883939393939395,2.7807954545454545
2022-11-29,15.353865546218486,16.789,21.208579831932774,13.0,11.89236111111111,8.108185053380783,7.682291666666667,2.979462365591398
2022-11-30,14.281358885017422,9.931,15.152397212543555,15.0,13.317073170731707,8.088013937282229,8.103658536585366,2.580522648083624
2022-12-01,12.837874564459929,12.18,17.387226480836237,14.0,13.358885017421603,8.155853658536586,8.409128919860628,2.353623693379791
2022-12-02,13.003138075313808,16.745,21.349694560669455,14.0,12.861924686192468,8.200794979079499,8.27092050209205,2.3009205020920502
2022-12-03,12.805524475524475,12.924,18.23174825174825,14.0,12.479020979020978,8.216713286713286,8.393286713286713,2.591328671328671
2022-12-04,13.089374999999999,16.538,20.4116875,14.0,12.461805555555555,8.274097222222222,8.271875000000001,2.769861111111111
2022-12-05,12.663090277777776,13.008,20.137329861111112,14.0,12.371527777777779,8.340277777777779,8.418784722222222,2.855069444444444
2022-12-06,12.727228070175439,10.225,26.158063157894738,12.0,11.301754385964912,8.362421052631579,7.978070175438597,2.7240701754385968
2022-12-07,11.834965034965036,9.75,19.082227272727273,14.0,11.447552447552448,8.362552447552448,8.787447552447553,2.84479020979021
2022-12-08,12.258741258741258,17.433,24.957835664335665,13.0,11.223776223776223,8.353041958041958,8.17958041958042,3.0318181818181817
2022-12-09,12.69170731707317,22.034,26.695933797909408,12.0,11.236933797909408,8.348815331010453,7.901498257839721,3.6879442508710802
2022-12-10,12.904055944055944,23.927,28.068734265734268,12.0,11.548951048951048,8.351958041958042,7.861083916083916,3.9502447552447553
2022-12-11,13.203049645390072,29.45,31.197585106382977,12.0,11.927797833935019,8.337340425531915,7.555921985815603,4.398085106382979
2022-12-12,12.424510489510489,17.123,25.709356643356646,13.0,11.62937062937063,8.388111888111888,8.323636363636364,4.434615384615385
2022-12-13,11.393111888111887,14.847,19.249916083916084,13.0,11.513986013986013,8.400384615384617,9.169895104895106,3.89513986013986
2022-12-14,11.191631944444445,15.787,21.900649305555554,13.0,11.76736111111111,8.359305555555556,8.715208333333333,3.3543402777777778
2022-12-15,11.365633802816902,16.204,26.932873239436617,13.0,11.915492957746478,8.382922535211268,8.522711267605633,3.7247183098591545
2022-12-16,10.373018867924529,15.939,18.266427672955974,12.0,12.0,8.378679245283019,9.438490566037736,3.8263522012578615
2023-01-01,8.545757575757575,8.36,8.413030303030302,25.0,22.696969696969695,9.565757575757576,10.003030303030304,11.791818181818181
2023-01-02,8.861578947368422,8.34,8.401929824561403,27.0,24.29824561403509,9.360350877192982,12.572807017543859,11.951052631578948
2023-01-03,9.158636363636363,8.31,8.381136363636363,33.0,27.363636363636363,8.962954545454545,13.140909090909092,11.783863636363636
2023-01-04,8.487592592592593,8.33,8.379074074074074,26.0,24.055555555555557,9.547037037037036,13.283888888888889,11.568333333333332
2023-01-05,9.042,8.22,8.3072,32.0,28.86,8.6104,11.3878,11.6294
2023-01-06,9.746136363636364,8.1,8.232954545454545,33.0,30.613636363636363,8.55090909090909,14.918181818181818,12.421136363636363
2023-01-07,10.258222222222223,8.03,8.065777777777777,33.0,31.88888888888889,7.975777777777778,5.019333333333334,12.05688888888889
2023-01-08,10.081578947368422,8.05,8.093157894736843,32.0,30.394736842105264,8.022631578947369,2.890263157894737,11.93342105263158
2023-01-09,9.989615384615385,8.06,8.26173076923077,32.0,29.21153846153846,8.558653846153847,2.2075,12.01923076923077
2023-01-10,9.581800000000001,8.36,8.4072,31.0,26.44,9.1982,2.1852,11.078399999999998
2023-01-11,9.317173913043478,8.37,8.401521739130436,27.0,23.891304347826086,9.499565217391305,2.244565217391304,10.922608695652174
2023-01-12,10.130555555555555,8.33,8.386481481481482,30.0,25.074074074074073,9.329444444444444,2.2092592592592593,11.160185185185185
2023-01-13,12.197083333333333,8.14,8.23625,23.0,17.8125,9.35125,2.229375,13.432916666666666
2023-01-14,11.88175,8.08,8.1655,24.0,18.575,9.1435,2.13,14.4395
2023-01-15,18.592916666666667,8.15,8.185416666666667,21.0,19.541666666666668,8.950833333333334,1.9383333333333335,14.797083333333333
2023-01-16,12.280425531914892,8.23,8.336666666666668,28.0,21.97872340425532,9.089333333333332,1.613617021276596,12.687555555555555
2023-01-17,9.76,8.29,8.366938775510205,33.0,25.959183673469386,8.770408163265307,1.7989795918367348,10.423061224489796
2023-01-18,10.763673469387754,8.3,8.34612244897959,34.0,31.387755102040817,8.21469387755102,2.654489795918367,11.030204081632654
2023-01-19,12.213928571428571,8.3,8.332142857142857,33.0,31.321428571428573,8.285357142857142,2.1221428571428573,10.530357142857143
2023-01-25,8.216666666666667,8.37,8.398888888888889,34.0,34.0,8.787777777777778,4.325555555555556,12.103333333333333
2023-01-26,7.66,8.36,8.385882352941177,34.0,33.411764705882355,9.06764705882353,5.0458823529411765,11.286470588235295
2023-01-27,7.361346153846155,8.34,8.377307692307692,34.0,33.07692307692308,9.30826923076923,5.072307692307692,11.094615384615384
2023-01-28,6.543818181818183,8.34,8.368545454545455,33.0,32.763636363636365,9.634,5.1872727272727275,10.855818181818183
2023-01-29,6.293559322033898,8.28,8.342203389830509,33.0,31.864406779661017,9.863389830508474,4.646440677966101,10.93677966101695
2023-01-30,6.4729090909090905,8.32,8.40709090909091,35.0,32.67272727272727,10.005272727272727,5.313818181818181,10.60981818181818
2023-01-31,6.691304347826088,8.38,8.426304347826088,35.0,33.5,9.60195652173913,4.385434782608695,10.398695652173913
2023-02-01,7.6986,8.33,8.4048,34.0,32.56,9.6584,5.456,10.3916
2023-02-02,7.948666666666667,8.35,8.413,35.0,33.81666666666667,9.496666666666666,7.355666666666666,10.410166666666667
2023-02-03,7.99921568627451,8.35,8.402156862745098,34.0,32.705882352941174,9.679803921568627,9.982549019607843,10.631176470588235
2023-02-04,8.262641509433962,8.31,8.34566037735849,34.0,33.509433962264154,9.420377358490565,8.815094339622641,10.63320754716981
2023-02-05,8.318478260869565,8.28,8.308695652173913,35.0,33.17391304347826,9.565652173913042,7.522391304347826,10.907826086956522
2023-02-06,8.299111111111111,8.22,8.358222222222222,35.0,33.22222222222222,9.832444444444445,8.002444444444444,10.495333333333333
2023-02-07,8.333921568627451,8.13,8.207254901960784,35.0,33.372549019607845,9.614705882352942,5.978235294117646,10.416862745098038
2023-02-08,8.732448979591837,8.08,8.131632653061224,34.0,33.142857142857146,9.699183673469388,5.054693877551021,10.573061224489797
2023-02-09,8.921800000000001,7.97,8.0366,35.0,32.88,9.3924,4.143400000000001,10.5578
2023-02-10,9.031538461538462,7.95,7.98051282051282,35.0,31.025641025641026,9.273589743589744,2.943846153846154,10.606410256410255
2023-02-11,9.502142857142857,8.01,8.093333333333334,32.0,30.595238095238095,9.085238095238095,2.553809523809524,10.925714285714285
2023-02-12,9.45,8.08,8.119574468085107,33.0,29.97872340425532,8.984255319148936,2.6659574468085108,10.974680851063829
2023-02-13,9.700740740740741,8.1,8.148148148148149,33.0,29.64814814814815,8.93462962962963,2.3655555555555554,11.002407407407407
2023-02-14,9.557407407407409,8.01,8.116851851851852,30.0,26.944444444444443,9.077777777777778,2.213888888888889,11.29277777777778
2023-02-15,9.82921568627451,8.07,8.116470588235295,33.0,29.11764705882353,9.090980392156862,2.2572549019607844,11.693333333333333
2023-02-16,10.187959183673469,8.05,8.104489795918367,33.0,29.897959183673468,8.857142857142858,2.159183673469388,12.286122448979592
2023-02-17,10.501463414634147,8.01,8.087073170731706,33.0,30.365853658536587,8.689756097560977,2.359268292682927,12.749512195121952
2023-02-18,10.727735849056605,8.05,8.15867924528302,34.0,30.49056603773585,8.50622641509434,2.677924528301887,13.021509433962263
2023-02-19,11.667777777777777,8.16,8.183333333333334,34.0,31.68888888888889,8.52511111111111,3.579333333333333,14.334
2023-02-20,11.96970588235294,8.14,8.164705882352942,33.0,31.205882352941178,8.476176470588236,4.029705882352941,16.278823529411767
2023-02-21,11.169,8.08,8.278983050847458,34.0,31.9,8.397118644067797,4.6185,17.203389830508474
2023-02-22,17.452608695652174,8.07,8.283260869565218,33.0,30.956521739130434,8.442608695652174,6.622826086956521,26.531739130434783
2023-02-23,21.135833333333334,7.81,7.967291666666667,32.0,29.958333333333332,8.087291666666667,5.142083333333333,12.5875
2023-02-24,20.687727272727273,7.98,8.047954545454546,32.0,30.795454545454547,9.061818181818182,13.398409090909091,12.071363636363635
2023-02-25,19.112340425531915,7.93,8.04340425531915,33.0,31.872340425531913,8.941914893617021,18.33893617021277,12.203191489361702
2023-02-26,13.539,7.85,7.899,34.0,30.75,9.408999999999999,22.1705,12.791666666666666
2023-02-27,10.801707317073172,7.87,8.200975609756098,33.0,29.73170731707317,9.316829268292683,15.280243902439025,13.707317073170731
2023-02-28,15.694705882352942,8.39,8.434117647058823,32.0,27.058823529411764,9.404313725490196,9.600196078431372,10.748235294117647
2023-03-01,18.846111111111114,8.22,8.373703703703704,32.0,29.037037037037038,9.417592592592593,14.518888888888888,11.014999999999999
2023-03-02,19.3015,8.24,8.2895,33.0,31.525,8.98475,8.671,11.125499999999999
2023-03-03,24.47390243902439,8.19,8.262926829268292,33.0,31.048780487804876,9.16,12.104634146341464,11.625121951219512
2023-03-04,24.56590909090909,8.23,8.368863636363637,34.0,32.27272727272727,10.146818181818182,15.374545454545455,14.606818181818182
2023-03-05,13.03267716535433,8.18,8.30228346456693,35.0,32.76377952755905,10.068503937007874,26.661496062992125,14.190393700787402
2023-03-06,17.752013422818795,8.09,8.37738255033557,33.0,30.684563758389263,9.78234899328859,24.396577181208055,14.075302013422817
2023-03-07,12.042696078431373,8.43,8.540490196078432,32.0,30.975490196078432,10.340735294117646,37.186960784313726,12.84093137254902
2023-03-08,12.25694560669456,8.36,8.417782426778242,32.0,31.297071129707113,8.944853556485356,4.998200836820083,13.745899581589958
2023-03-09,12.374422110552764,8.32,8.368190954773869,32.0,29.8643216080402,8.39507537688442,2.379597989949749,19.094874371859298
2023-03-10,13.413221476510067,8.28,8.394429530201343,33.0,30.993288590604028,8.933959731543625,10.660939597315437,24.02308724832215
2023-03-11,15.224867256637168,7.69,8.204911504424778,34.0,31.61061946902655,6.549115044247787,4.115619469026549,29.29349557522124
2023-03-12,19.10323529411765,7.91,8.05664705882353,32.0,30.370588235294118,7.473411764705882,5.0625294117647055,31.28
2023-03-13,20.216833333333334,7.97,8.11436974789916,31.0,26.458333333333332,8.055378151260504,13.699333333333334,27.83252100840336
2023-03-14,14.173499999999999,7.75,8.24275,32.0,29.5,6.5344999999999995,6.60425,12.70475
2023-03-15,13.01875,8.39,8.439375,30.0,28.125,8.842500000000001,7.79375,14.28
2023-03-16,12.752452830188679,8.29,8.35433962264151,32.0,26.60377358490566,8.270188679245283,13.559622641509433,12.223773584905661
2023-03-17,12.475,8.28,8.283333333333333,25.0,25.0,7.88,9.135,12.851666666666667
2023-03-20,16.413125,8.28,8.3565625,32.0,29.78125,9.7478125,6.639375,16.9346875
2023-03-21,18.194444444444443,8.16,8.361851851851853,33.0,29.796296296296298,8.393333333333333,28.283703703703704,16.796481481481482
2023-03-22,15.541999999999998,8.32,8.39,34.0,31.375,7.868,12.25125,15.6785
2023-03-23,19.432135922330097,8.12,8.257184466019417,33.0,23.679611650485437,8.083592233009709,21.14533980582524,18.383106796116504
2023-03-24,20.16965317919075,8.15,8.232890173410404,29.0,22.92485549132948,7.544219653179192,6.576184971098266,21.081387283236992
2023-03-25,23.097422680412368,7.95,8.213298969072165,34.0,29.561855670103093,6.944226804123712,7.6152061855670095,27.903711340206183
2023-03-26,20.01327683615819,7.81,7.927740112994351,32.0,24.451977401129945,7.3988700564971746,3.6926553672316387,37.46610169491525
2023-03-27,23.70226244343891,7.78,7.8837104072398185,28.0,25.918552036199095,7.378506787330317,4.085067873303167,39.1547963800905
2023-03-28,17.250555555555554,7.85,8.186704545454546,31.0,26.4,7.413238636363636,4.146166666666667,23.608295454545456
2023-03-29,16.008,8.29,8.372827586206895,33.0,28.47586206896552,7.657310344827586,3.659103448275862,11.420206896551724
2023-03-30,17.076136363636365,8.2,8.305227272727272,32.0,29.886363636363637,7.201136363636365,5.502727272727273,12.552272727272726
2023-03-31,21.87787878787879,8.14,8.264848484848486,32.0,30.272727272727273,7.897272727272727,9.02469696969697,16.293181818181818
2023-04-01,21.829591836734696,8.09,8.169795918367347,31.0,30.632653061224488,7.8834693877551025,12.251836734693878,37.0265306122449
2023-04-02,24.539117647058823,8.13,8.214117647058822,30.0,29.735294117647058,7.749411764705883,14.179411764705883,85.47058823529412
2023-04-03,24.2325,8.09,8.227166666666667,34.0,32.21666666666667,5.2266666666666675,21.189166666666665,97.98816666666667
2023-04-04,17.888571428571428,7.43,8.33469387755102,33.0,30.040816326530614,6.198367346938776,11.703469387755103,34.791836734693874
2023-04-05,21.717083333333335,7.76,8.14875,23.0,21.833333333333332,6.116666666666667,5.508333333333333,12.798333333333334
2023-04-06,20.153888888888886,7.23,7.3405555555555555,21.0,21.0,6.533888888888889,14.045,444.51
2023-04-07,22.68191176470588,6.82,6.985294117647059,21.0,21.0,4.065441176470588,14.973970588235295,459.102794117647
2023-04-08,22.43505617977528,6.78,6.855955056179774,21.0,21.0,0.20561797752808988,18.084550561797755,655.0718539325842
2023-04-09,22.790677083333335,6.89,7.005781249999999,21.0,21.0,0.06427083333333333,21.572604166666665,837.3289062499999
2023-04-10,22.69937172774869,7.07,7.148481675392671,21.0,21.0,0.4352879581151832,20.542722513089004,841.8969633507854
2023-04-11,22.67681818181818,7.17,7.213863636363637,21.0,21.0,1.347784090909091,16.843125,764.4906818181818
2023-04-12,22.968679245283017,7.26,7.266792452830188,21.0,21.0,1.8688679245283017,16.17679245283019,742.5284905660378
2023-04-13,22.675,7.49,7.49,21.0,21.0,5.43,17.37,762.645
2023-04-14,22.737346938775513,7.44,7.498979591836735,21.0,21.0,5.305714285714286,16.8230612244898,762.8648979591836
2023-04-15,22.593877551020405,7.5,7.567755102040816,21.0,21.0,3.989795918367347,16.346530612244898,762.4410204081632
2023-04-16,22.70321428571429,7.6,7.640714285714286,21.0,21.0,5.194285714285714,16.16,752.6753571428571
2023-04-17,22.821025641025642,7.65,7.697179487179487,21.0,21.0,5.955897435897436,16.1974358974359,759.5282051282051
2023-04-18,22.6932,7.73,7.756,21.0,21.0,5.935,16.1996,711.301
2023-04-19,23.03780487804878,7.75,7.774390243902439,22.0,22.0,4.585853658536585,12.505121951219513,469.64731707317077
2023-04-20,24.023636363636363,7.72,7.804242424242425,23.0,23.0,6.096363636363637,11.943333333333333,590.5830303030303
2023-04-21,23.142777777777777,7.81,7.871111111111111,23.0,23.0,5.7325,12.226388888888888,571.3694444444444
2023-04-22,22.78085106382979,7.87,7.907446808510638,23.0,23.0,6.17468085106383,14.140425531914895,660.4897872340425
2023-04-23,22.75294117647059,7.89,7.924411764705883,23.0,18.294117647058822,6.566470588235294,14.717941176470589,694.4414705882353
2023-04-24,22.694222222222223,7.94,7.953555555555556,18.0,18.0,6.5953333333333335,14.422222222222222,676.9286666666667
2023-04-25,22.82686274509804,7.92,7.933725490196078,18.0,17.529411764705884,6.806666666666667,13.689411764705882,643.3264705882353
2023-04-26,22.824054054054056,7.88,7.913243243243244,18.0,17.324324324324323,6.995675675675675,13.025945945945946,614.4237837837838
2023-04-27,22.951666666666668,7.83,7.875277777777778,17.0,17.0,6.8630555555555555,13.211388888888889,618.6991666666667
2023-04-28,22.804166666666667,7.75,7.792777777777778,17.0,17.0,6.779722222222222,12.626666666666667,598.1980555555556
2023-04-29,22.7646511627907,7.58,7.66,17.0,16.372093023255815,6.276511627906976,10.761162790697675,487.1830232558139
2023-04-30,22.747948717948717,7.47,7.528717948717949,17.0,16.358974358974358,5.214102564102564,11.56846153846154,571.0079487179488
2023-05-01,23.0075,7.37,7.4303125,18.0,17.0625,5.4653125,13.391875,617.0803125
2023-05-02,23.16057142857143,7.47,7.548857142857142,19.0,17.685714285714287,6.208571428571429,13.769428571428572,642.2697142857143
2023-05-03,23.101521739130437,7.68,7.744130434782609,18.0,17.5,6.800652173913043,13.418695652173913,615.8426086956522
2023-05-04,23.220232558139536,7.83,7.869069767441861,18.0,18.0,7.004418604651163,12.855581395348837,578.9367441860464
2023-05-05,22.848135593220338,7.91,7.943728813559322,19.0,18.10169491525424,7.340169491525423,10.745762711864407,507.88406779661017
2023-05-06,22.818717948717946,7.94,13.764358974358975,470.0,250.12820512820514,7.66051282051282,8.164358974358976,233.20307692307694
2023-05-07,22.821555555555555,19.26,19.89022222222222,674.0,534.1777777777778,7.9046666666666665,7.2524444444444445,9.667777777777777
2023-05-08,23.110222222222223,19.05,19.86511111111111,819.0,615.5333333333333,7.936,7.703333333333333,11.821777777777779
2023-05-09,23.131346153846152,19.49,20.43019230769231,822.0,818.8076923076923,7.973461538461539,7.881153846153846,16.813653846153844
2023-05-10,23.460526315789473,19.14,20.018157894736845,824.0,818.7105263157895,7.964736842105264,7.940263157894737,16.773684210526316
2023-05-11,23.345652173913045,19.43,20.153695652173916,811.0,760.7608695652174,7.982608695652174,7.752826086956522,16.536304347826086
2023-05-12,23.208723404255316,19.84,20.848085106382978,743.0,733.2127659574468,8.012978723404256,7.786170212765957,15.479999999999999
2023-05-13,22.883555555555557,19.67,20.621111111111112,716.0,710.0666666666667,8.03422222222222,7.970888888888889,14.68288888888889
2023-05-14,23.076666666666668,16.4,18.57974358974359,716.0,708.8717948717949,8.027692307692307,7.957948717948718,14.655384615384614
2023-05-15,23.32931818181818,15.75,16.509545454545453,710.0,705.6818181818181,8.027045454545455,7.920909090909091,14.55090909090909
2023-05-16,23.58282608695652,16.23,17.099565217391305,710.0,628.4130434782609,8.033913043478261,7.902608695652174,12.970217391304347
2023-05-17,23.83442307692308,15.83,17.17596153846154,583.0,517.1153846153846,8.023461538461538,7.939807692307692,11.371346153846153
2023-05-18,23.330000000000002,16.59,16.976,463.0,463.0,8.043,7.856,9.964
2023-05-22,23.14909090909091,22.26,22.357727272727274,553.0,542.7272727272727,8.060454545454546,7.529545454545455,10.315
2023-05-23,23.98372549019608,22.24,22.408823529411762,577.0,562.5098039215686,8.056862745098039,7.786470588235295,10.74921568627451
2023-05-24,23.825538461538464,22.26,22.417230769230766,568.0,563.7384615384616,8.069692307692307,7.880615384615385,10.923076923076923
2023-05-25,24.033243243243245,22.48,22.575675675675676,573.0,563.9459459459459,8.076486486486486,7.949459459459459,10.945675675675677
2023-05-26,23.861886792452832,16.57,21.063962264150945,580.0,552.7169811320755,8.088301886792452,7.985094339622641,10.484150943396227
2023-05-27,24.54322033898305,16.24,16.636949152542375,616.0,561.1186440677966,8.087118644067797,7.968135593220339,9.531694915254237
2023-05-28,24.32074074074074,16.19,16.24833333333333,618.0,587.0555555555555,8.110925925925924,7.852962962962963,9.736666666666666
2023-05-29,24.24241379310345,16.02,16.098275862068967,514.0,496.86206896551727,8.11896551724138,7.785172413793104,8.453448275862069
2023-05-30,23.33867924528302,15.39,15.89698113207547,719.0,517.7547169811321,8.127924528301888,7.605094339622641,8.989056603773586
2023-05-31,24.336599999999997,14.71,15.4892,722.0,648.96,8.0964,7.7162,10.0704
2023-06-01,23.20918918918919,16.35,16.464054054054053,696.0,657.7837837837837,8.125675675675675,7.712972972972973,11.41
2023-06-02,24.82311111111111,15.26,15.960888888888888,603.0,583.0444444444445,8.095555555555556,7.75911111111111,9.873111111111111
2023-06-03,25.333928571428572,15.24,15.365357142857144,559.0,554.4821428571429,8.10517857142857,7.473571428571428,9.738035714285715
2023-06-04,25.578,14.86,15.227818181818181,563.0,556.709090909091,8.117636363636365,7.61309090909091,9.896727272727272
2023-06-05,25.791999999999998,15.71,17.099666666666668,578.0,564.7333333333333,8.110000000000001,7.553333333333333,10.164666666666667
2023-06-06,25.1625,15.82,16.47068181818182,574.0,565.1818181818181,8.155,7.606136363636364,10.291818181818181
2023-06-07,24.69837837837838,15.64,15.754054054054054,561.0,556.6486486486486,8.138378378378379,7.72945945945946,9.684324324324324
2023-06-08,25.64717948717949,14.96,15.319487179487181,572.0,562.2564102564103,8.126923076923077,7.759743589743589,9.667435897435897
2023-06-09,24.955000000000002,14.9,15.043571428571427,592.0,578.8571428571429,8.135714285714286,7.712142857142857,9.925357142857143
2023-06-10,25.490727272727273,14.72,15.222727272727273,596.0,587.0,8.120363636363637,7.713090909090909,10.019272727272726
2023-06-11,26.386774193548387,16.16,16.59709677419355,585.0,578.9032258064516,8.13225806451613,7.494193548387097,9.980645161290322
2023-06-12,25.40375,16.19,16.260625,595.0,594.1875,8.145625,7.474375,10.1025
2023-06-14,26.94,15.42,15.42,557.0,557.0,8.18,7.25,9.58
2023-06-15,25.691666666666666,15.26,15.404166666666667,561.0,557.3958333333334,8.150625,7.464791666666667,9.528125000000001
2023-06-16,26.03263157894737,14.82,15.411315789473685,568.0,560.2368421052631,8.150789473684211,7.527105263157894,9.57842105263158
2023-06-17,26.979583333333334,14.77,14.915208333333332,559.0,556.5833333333334,8.159166666666666,7.551041666666666,9.633125
2023-06-18,27.96942857142857,14.16,14.575285714285714,563.0,559.5142857142857,8.151285714285715,7.533857142857143,9.812999999999999
2023-06-19,28.319864864864865,13.62,14.112432432432431,595.0,565.9459459459459,8.142837837837837,7.331891891891891,9.684054054054053
2023-06-20,27.657714285714285,13.8,14.022,643.0,613.4571428571429,8.197142857142858,7.212285714285715,10.82
2023-06-21,26.01719298245614,14.43,14.52017543859649,642.0,585.6140350877193,8.228771929824562,7.507017543859649,10.190877192982455
2023-06-22,26.833653846153844,14.44,14.526730769230769,584.0,572.1153846153846,8.209038461538462,7.524807692307693,9.683653846153847
2023-06-23,27.851707317073174,14.41,14.53048780487805,567.0,561.3414634146342,8.184390243902438,7.405121951219512,9.532439024390243
2023-06-24,27.42953488372093,14.28,14.445348837209302,561.0,558.5581395348837,8.194883720930232,7.43139534883721,9.60767441860465
2023-06-25,27.04311475409836,14.29,14.45672131147541,567.0,559.1967213114754,8.21327868852459,7.4791803278688525,9.58327868852459
2023-06-26,26.866341463414635,14.38,14.425365853658539,599.0,585.560975609756,8.22487804878049,7.5875609756097555,9.874634146341464
2023-06-27,27.458461538461542,14.27,14.353846153846153,599.0,385.1794871794872,7.9710256410256415,7.3335897435897435,6.321794871794872
2023-06-28,26.7204347826087,14.25,14.330434782608696,188.0,186.8913043478261,7.53608695652174,6.0373913043478264,3.0886956521739135
2023-06-29,27.520731707317072,14.18,14.260243902439024,191.0,189.09756097560975,7.42829268292683,5.218048780487805,3.0992682926829267
2023-06-30,27.312083333333334,14.06,14.207083333333335,192.0,190.66666666666666,7.41125,4.5687500000000005,3.01625
2023-07-01,28.49758620689655,14.05,14.159310344827587,189.0,186.67241379310346,7.389310344827586,4.047413793103448,3.13948275862069
2023-07-02,28.641269841269843,13.82,14.066984126984128,186.0,185.44444444444446,7.396984126984127,3.7663492063492066,3.2574603174603176
2023-07-03,28.810833333333335,13.77,14.009166666666665,186.0,185.69444444444446,7.398055555555555,3.485,3.258055555555556
2023-07-05,29.60090909090909,13.53,13.730454545454545,188.0,185.72727272727272,7.399545454545454,2.924090909090909,3.460909090909091
2023-07-06,28.607755102040816,13.72,13.793673469387755,187.0,185.89795918367346,7.433877551020408,2.9189795918367345,3.262857142857143
2023-07-07,27.636037735849058,13.75,13.807358490566036,186.0,186.0,7.449622641509434,2.8983018867924533,3.192264150943396
2023-07-08,26.702857142857145,13.74,13.784,187.0,186.71428571428572,7.468571428571428,2.9411428571428573,3.2134285714285715
2023-07-09,28.145185185185184,13.68,13.764074074074074,188.0,187.07407407407408,7.457407407407407,2.7944444444444447,3.2111111111111112
2023-07-10,27.781,13.74,13.7865,188.0,187.95,7.467999999999999,2.754,3.189
2023-07-11,28.29525,13.71,13.769499999999999,191.0,187.85,7.468000000000001,2.6142499999999997,3.2305
2023-07-12,27.756266666666665,13.67,13.748666666666669,192.0,191.37333333333333,7.480533333333333,2.5549333333333335,3.194
2023-07-13,28.42818181818182,13.69,13.747272727272728,192.0,191.03030303030303,7.4790909090909095,2.5875757575757574,3.270606060606061
2023-07-14,27.61894736842105,13.73,13.759122807017544,193.0,192.21052631578948,7.49421052631579,2.477017543859649,3.2749122807017543
2023-07-15,27.918409090909094,13.71,13.760909090909092,193.0,192.61363636363637,7.496818181818182,2.3597727272727274,3.2334090909090913
2023-07-16,27.670555555555556,13.77,13.828333333333333,192.0,191.64814814814815,7.504814814814814,2.232037037037037,3.264074074074074
2023-07-17,27.641739130434782,13.84,13.873478260869565,192.0,191.91304347826087,7.509130434782609,2.3917391304347824,3.281304347826087
2023-07-18,28.24725,13.89,13.93175,194.0,191.675,7.5125,2.38875,3.2902500000000003
2023-07-19,28.21377358490566,13.92,13.959622641509434,196.0,192.79245283018867,7.511320754716981,1.969245283018868,3.1224528301886796
2023-07-20,28.63906976744186,13.92,14.022093023255815,190.0,189.32558139534885,7.506976744186047,2.124651162790698,3.2111627906976747
2023-07-21,29.910967741935483,13.94,14.083225806451612,190.0,189.46774193548387,7.502258064516129,2.281774193548387,3.2075806451612903
2023-07-22,29.038,14.05,14.1962,190.0,189.04,7.519,2.3948,3.2492
2023-07-23,29.946666666666665,14.17,14.259333333333332,190.0,189.36666666666667,7.5153333333333325,2.467,3.3036666666666665
2023-07-24,29.329014084507044,14.05,14.168450704225352,202.0,194.07042253521126,7.524929577464788,2.2088732394366195,3.233098591549296
2023-07-25,29.530571428571427,14.11,14.208285714285715,201.0,197.11428571428573,7.519714285714286,2.4374285714285713,3.1637142857142857
2023-07-26,29.065135135135137,14.16,14.363243243243245,439.0,314.3243243243243,7.095945945945946,5.1718918918918915,5.059189189189189
2023-07-27,24.52695652173913,14.49,14.517608695652173,436.0,399.80434782608694,6.626739130434783,6.539347826086956,6.007173913043478
2024-02-15,9.174583333333333,5.15,13.008,422.0,134.83333333333334,7.8228,10.8892,7.4448
2024-02-16,9.396382978723404,12.2,15.533829787234044,218.0,92.63829787234043,7.824468085106383,10.295957446808512,6.744468085106383
2024-02-17,9.28735294117647,10.52,14.160882352941178,1284.0,1251.3088235294117,7.834558823529412,10.691470588235294,6.045441176470588
2024-02-18,9.44875,10.51,14.17421875,1274.0,590.453125,7.835,10.7796875,10.925625
2024-02-19,8.55676923076923,0.0,4.192153846153846,1265.0,544.6451612903226,8.258730158730158,12.872698412698414,17.87046875
2024-02-20,8.36719298245614,0.16,0.42894736842105263,1257.0,385.5263157894737,8.241754385964912,13.414912280701754,15.961403508771928
2024-02-21,8.250666666666666,0.2,1.7365,253.0,56.35,8.022333333333334,12.541333333333334,13.919333333333332
2024-02-22,8.330394736842106,0.13,0.8414473684210527,322.0,91.0,7.834210526315789,11.813552631578949,9.22513157894737
2024-02-23,8.3275,0.12,1.2028409090909091,103.0,59.55681818181818,7.591931818181819,11.415113636363635,6.490681818181818
2024-02-24,8.333880597014925,0.7,2.8401492537313433,40.0,23.850746268656717,7.701791044776119,11.380746268656717,5.473134328358209
2024-02-25,8.756024096385541,3.0,7.719397590361446,13.0,8.072289156626505,7.677590361445783,10.86686746987952,4.109638554216867
2024-02-26,8.8025,4.92,8.47407894736842,97.0,27.789473684210527,7.7651315789473685,10.923421052631578,5.083684210526316
2024-02-27,8.80327868852459,7.68,10.73688524590164,169.0,104.34426229508196,7.81672131147541,10.733770491803279,8.29622950819672
2024-02-28,8.84513888888889,6.28,10.3025,646.0,224.66666666666666,7.825555555555557,10.962777777777779,6.452638888888889
2024-02-29,8.7515625,7.33,10.62875,174.0,27.484375,7.7871875,10.87765625,7.0178125
2024-03-01,8.62140350877193,7.48,10.765263157894736,40.0,16.912280701754387,7.80561403508772,10.897719298245613,8.594736842105263
2024-03-02,8.036875,7.58,10.1909375,58.0,25.921875,7.90046875,11.2109375,8.85578125
2024-03-03,8.429508196721311,9.0,11.009672131147541,431.0,157.63934426229508,7.779344262295083,11.181967213114755,6.72655737704918
2024-03-04,8.582702702702703,0.0,10.55135135135135,506.0,95.3972602739726,7.802876712328767,11.216438356164383,8.520945945945945
2024-03-05,9.07135593220339,9.73,12.343389830508475,336.0,164.20338983050848,7.766610169491526,10.866779661016949,7.687966101694915
2024-03-06,9.315000000000001,9.35,13.44027027027027,366.0,56.4054054054054,7.633378378378379,10.53864864864865,6.7775675675675675
2024-03-07,9.302068965517241,8.62,13.395517241379311,69.0,38.672413793103445,7.602758620689655,10.291896551724138,7.279137931034483
2024-03-08,9.866603773584904,11.39,15.22622641509434,43.0,19.81132075471698,7.623584905660378,9.970377358490564,4.4167924528301885
2024-03-09,9.475853658536586,11.84,15.703414634146343,76.0,47.97560975609756,7.579146341463415,9.949024390243903,4.360975609756098
2024-03-10,9.428507462686568,9.86,14.290746268656717,163.0,88.35820895522389,7.549253731343284,10.151940298507462,6.5732835820895525
2024-03-11,10.018947368421053,8.27,15.552368421052632,227.0,90.21052631578948,7.645657894736843,9.798421052631578,7.792236842105264
2024-03-12,10.653428571428572,11.66,18.162571428571425,183.0,64.12857142857143,7.761,9.447571428571429,2.5785714285714287
2024-03-13,10.520757575757576,10.56,16.520757575757575,632.0,146.95454545454547,7.756666666666667,9.667424242424241,2.9131818181818185
2024-03-14,10.77984375,13.3,15.7171875,181.0,116.578125,7.68578125,9.63734375,4.400625
2024-03-15,10.807090909090908,11.99,14.485636363636365,176.0,85.94545454545455,7.660363636363636,9.869818181818182,5.92890909090909
2024-03-16,11.315245901639345,11.9,15.941639344262294,314.0,102.55737704918033,7.63655737704918,9.43377049180328,3.496393442622951
2024-03-17,12.038636363636364,16.73,18.890227272727273,752.0,346.25,7.638181818181818,8.953181818181818,7.522045454545455
2024-03-18,11.890877192982456,16.94,18.344210526315788,519.0,243.28070175438597,7.765438596491228,9.61982456140351,2.7387719298245616
2024-03-19,11.658627450980394,12.58,17.585098039215687,127.0,88.27450980392157,7.871764705882352,9.747058823529413,4.336078431372549
2024-03-20,11.682461538461538,12.66,20.317692307692308,404.0,205.30769230769232,7.866615384615384,9.684307692307693,4.457999999999999
2024-03-21,11.376567164179106,18.15,22.587761194029852,401.0,220.92537313432837,7.847014925373134,9.527164179104476,4.109850746268657
2024-03-22,11.064464285714285,10.63,15.803214285714287,197.0,74.71428571428571,7.831071428571429,10.387678571428571,10.01982142857143
2024-03-23,12.10375,7.08,13.08425,122.0,71.15,7.672750000000001,9.885,21.2445
2024-03-24,11.797333333333334,11.26,15.035833333333333,365.0,157.7,7.646166666666667,9.4155,26.929
2024-03-25,11.418831168831169,0.0,16.60181818181818,396.0,172.3108108108108,7.722567567567568,9.131081081081081,13.512207792207793
2024-03-26,11.483285714285715,5.83,11.640857142857143,10.0,6.285714285714286,7.752142857142857,9.655999999999999,4.809142857142857
2024-03-27,13.347708333333332,0.01,6.302916666666667,13.0,9.520833333333334,7.684583333333333,9.493333333333334,4.914375000000001
2024-03-28,21.15396551724138,0.0,0.0006896551724137932,29.0,14.862068965517242,7.063965517241379,5.467586206896552,2.165
2024-03-29,22.46942857142857,0.0,0.0,19.0,17.728571428571428,6.487285714285714,4.200428571428572,1.5638571428571428
2024-03-30,23.171694915254236,0.0,0.0,1420.0,579.5932203389831,6.103728813559322,3.4084745762711863,2.931694915254237
2024-03-31,23.364084507042254,0.0,0.0,1355.0,578.4084507042254,5.9083098591549295,8.249014084507042,1.755211267605634
2024-04-01,15.577187499999999,0.0,5.43375,171.0,54.98412698412698,7.511111111111111,10.248888888888889,6.053125
2024-04-02,12.893673469387755,7.23,10.247755102040816,105.0,37.0,8.02734693877551,10.128979591836735,8.33
2024-04-03,12.795555555555556,0.13,4.329365079365079,45.0,22.682539682539684,7.8868253968253965,10.734920634920634,11.572063492063492
2024-04-04,12.994499999999999,0.12,0.22949999999999998,35.0,21.683333333333334,7.946,12.143333333333334,15.912
2024-04-05,13.701176470588235,0.11,1.1668627450980391,36.0,19.647058823529413,8.032156862745097,12.009019607843138,13.874313725490197
2024-04-06,14.02892857142857,0.65,3.8232142857142857,37.0,22.767857142857142,7.784464285714286,10.900892857142859,8.905178571428571
2024-04-07,14.312340425531914,3.14,6.300425531914894,49.0,29.851063829787233,7.689361702127659,10.306170212765958,5.834468085106383
2024-04-08,14.23186440677966,0.36,7.959830508474576,524.0,66.89830508474576,7.662881355932203,9.77186440677966,5.118793103448276
2024-04-09,14.413285714285713,5.94,9.103,1328.0,676.0571428571428,7.730999999999999,9.650714285714285,4.853714285714285
2024-04-10,14.377966101694915,7.62,10.271186440677965,128.0,52.50847457627118,7.691694915254238,9.349491525423728,6.166949152542373
2024-04-11,14.53392857142857,7.05,9.229642857142856,110.0,32.25,7.634642857142857,9.320595238095237,17.279642857142857
2024-04-12,15.020128205128204,8.45,11.470641025641026,70.0,25.935897435897434,7.584871794871795,8.790000000000001,16.66897435897436
2024-04-13,15.354745762711865,8.91,11.794406779661017,319.0,113.86440677966101,7.553389830508475,8.59491525423729,13.226949152542373
2024-04-14,15.891780821917807,10.24,13.571095890410959,654.0,283.041095890411,7.528904109589042,8.352191780821919,20.47013698630137
2024-04-15,15.915000000000001,6.67,11.499130434782609,579.0,193.19565217391303,7.655434782608695,9.017391304347827,25.443695652173915
2024-04-16,16.25730769230769,8.3,10.646153846153847,835.0,568.3461538461538,7.603653846153846,9.032884615384615,11.404807692307692
2024-04-17,16.653376623376623,9.69,12.498571428571429,399.0,123.1038961038961,7.6211688311688315,8.88051948051948,3.305064935064935
2024-04-18,16.55372881355932,0.0,12.291864406779661,401.0,114.58620689655173,7.6899999999999995,8.995862068965517,4.062881355932204
2024-04-19,16.780136986301372,8.7,13.372191780821916,575.0,175.57534246575344,7.681369863013699,8.99904109589041,8.951917808219179
2024-04-20,16.95804347826087,10.38,14.07913043478261,809.0,184.47826086956522,7.6541304347826085,8.877391304347826,23.897391304347824
2024-04-21,16.928524590163935,6.64,11.379016393442623,861.0,558.688524590164,7.528360655737705,8.321967213114753,12.942131147540984
2024-04-22,16.772205882352942,7.01,10.267794117647059,1053.0,428.54411764705884,7.549411764705883,8.311764705882354,19.701029411764708
2024-04-23,16.762459016393443,5.1,9.517049180327868,565.0,330.9672131147541,7.629344262295081,8.492622950819671,13.71704918032787
2024-04-24,17.067941176470587,0.23,11.43764705882353,751.0,579.3088235294117,7.6579411764705885,8.050294117647057,19.551764705882352
2024-04-25,22.39470588235294,0.08,0.12191176470588234,1419.0,668.1764705882352,7.225882352941177,4.646617647058823,7.075588235294117
2024-04-26,23.796470588235294,0.03,0.04147058823529411,1326.0,582.1617647058823,6.737058823529412,7.725441176470589,3.204852941176471
2024-04-27,24.468333333333334,0.03,0.0419047619047619,194.0,104.01190476190476,6.3339285714285705,8.371071428571428,0.5432142857142858
2024-04-28,24.745753424657536,0.05,0.05164383561643836,58.0,44.38356164383562,6.191917808219178,8.327671232876712,0.07883720930232559
2024-04-29,23.584807692307695,0.05,7.053846153846154,32.0,10.942307692307692,6.576538461538462,4.862115384615385,0.6390625
2024-04-30,21.246825396825397,0.0,11.812380952380952,23.0,4.709677419354839,7.237580645161291,3.145483870967742,1.0660317460317459
2024-05-01,17.611898734177213,7.21,11.095949367088608,22.0,9.974683544303797,7.678987341772152,7.59620253164557,2.321139240506329
2024-05-02,16.72161764705882,0.0,12.671617647058824,7.0,5.107692307692307,7.655538461538462,7.602461538461539,1.3033823529411763
2024-05-03,18.056,10.52,14.476249999999999,15.0,9.375,7.6865,7.703,1.42525
2024-05-04,18.361408450704225,11.6,13.970140845070423,53.0,14.71830985915493,7.705774647887324,8.040281690140846,1.2025352112676055
2024-05-05,18.264130434782608,0.0,8.990760869565218,39.0,19.77900552486188,7.50756906077348,7.7207734806629835,1.3673369565217393
2024-05-06,19.285953757225432,0.0,0.29595375722543354,59.0,36.80232558139535,7.226337209302326,8.110174418604652,1.7668208092485551
2024-05-07,18.740696202531648,0.0,0.545759493670886,78.0,48.60645161290323,7.051354838709678,7.9876774193548385,1.8815822784810128
2024-05-08,18.51397163120567,0.16,1.8627659574468083,61.0,39.843971631205676,7.090212765957447,7.783829787234042,1.617659574468085
2024-05-09,18.03890510948905,0.0,2.818248175182482,62.0,47.27205882352941,7.024117647058823,7.605661764705881,1.4051824817518248
2024-05-10,17.374214876033058,0.0,2.9565289256198346,59.0,39.03448275862069,7.312327586206897,7.584741379310345,1.6140495867768596
2024-05-11,18.35233918128655,1.43,3.8068421052631582,31.0,25.649122807017545,7.589064327485381,7.793391812865497,1.7494736842105265
2024-05-12,18.767814207650275,0.71,2.9623497267759564,31.0,22.349726775956285,7.635245901639344,8.205300546448088,2.1053005464480874
2024-05-13,18.832975609756097,0.06,8.337073170731706,54.0,24.878048780487806,7.930536585365854,8.192780487804878,5.077560975609757
2024-05-14,18.607514124293786,7.59,10.705141242937852,120.0,44.163841807909606,8.119887005649717,8.55090395480226,6.774915254237289
2024-05-15,19.338684210526317,8.47,10.939263157894738,16.0,13.973684210526315,8.247894736842104,9.013684210526316,3.0218421052631577
2024-05-16,19.30338709677419,8.01,10.490806451612903,14.0,12.596774193548388,8.278924731182794,8.910967741935485,4.54505376344086
2024-05-17,19.500070921985817,4.86,6.980354609929078,32.0,20.46099290780142,8.333617021276595,9.603191489361702,8.40049645390071
2024-05-18,19.626578947368422,6.68,9.912894736842105,40.0,30.111842105263158,8.250986842105263,8.823486842105263,5.801184210526316
2024-05-19,20.238926553672314,8.4,13.059435028248588,68.0,49.73446327683616,8.188926553672317,8.140790960451978,3.921299435028249
2024-05-20,20.1822,10.77,12.4332,537.0,97.48,8.2314,8.3943,4.0026
2024-05-21,20.05035087719298,1.56,14.852631578947369,579.0,308.6140350877193,8.341228070175438,8.825263157894737,5.837017543859648
2024-05-22,20.251176470588234,8.9,13.342745098039217,299.0,230.13725490196077,8.253921568627451,8.237843137254902,19.872156862745097
2024-05-23,21.20193548387097,4.56,8.678064516129032,502.0,403.33870967741933,8.216451612903226,8.228387096774194,28.240322580645163
2024-05-24,21.324418604651164,7.84,10.748604651162792,630.0,542.4418604651163,8.190697674418605,7.760930232558139,27.66093023255814
2024-05-25,20.882641509433963,10.36,13.487924528301887,1163.0,878.7924528301887,8.209056603773584,7.448301886792453,7.090566037735849
2024-05-26,20.82,7.96,13.419672131147541,1051.0,823.7213114754098,8.217213114754099,7.193770491803279,1.919344262295082
2024-05-27,21.48514705882353,8.25,13.07014705882353,489.0,148.4264705882353,8.2025,7.3875,2.8952941176470586
2024-05-28,20.679411764705883,9.56,14.85970588235294,14.0,12.088235294117647,8.138088235294118,6.701911764705883,1.7895588235294118
2024-05-29,20.452037037037037,11.35,16.291851851851852,13.0,11.314814814814815,8.110185185185186,6.771481481481482,2.5998148148148146
2024-05-30,20.44290909090909,13.55,16.583454545454547,13.0,11.709090909090909,8.177636363636363,7.191636363636364,4.427272727272728
2024-05-31,21.035666666666668,12.06,16.196,14.0,11.733333333333333,8.2175,7.2955000000000005,2.8706666666666667
2024-06-01,21.654464285714287,9.2,13.788214285714286,16.0,13.732142857142858,8.175,7.309285714285714,2.2530357142857143
2024-06-02,21.582941176470587,8.51,14.203725490196078,18.0,15.235294117647058,8.162745098039215,7.184901960784313,2.535686274509804
2024-06-03,22.14,10.42,13.091666666666667,130.0,43.25,8.325166666666666,7.9905,3.7755
2024-06-04,21.94983606557377,10.75,13.78967213114754,45.0,19.508196721311474,8.252131147540984,7.397540983606557,2.533934426229508
2024-06-05,22.098695652173912,11.16,14.105434782608697,17.0,13.934782608695652,8.199130434782608,7.236304347826087,2.034130434782609
2024-06-06,21.461555555555556,13.05,17.304444444444446,15.0,12.28888888888889,8.140444444444444,6.688444444444444,1.546888888888889
2024-06-07,22.02723076923077,8.25,11.019846153846153,16.0,13.676923076923076,8.183538461538463,7.287692307692308,2.222
2024-06-08,21.993409090909093,6.26,8.96,16.0,14.113636363636363,8.240227272727273,7.512727272727273,2.3602272727272724
2024-06-09,22.334374999999998,4.61,7.049166666666667,17.0,14.416666666666666,8.190208333333333,7.3500000000000005,1.8618750000000002
2024-06-10,21.371636363636366,0.0,10.53482142857143,14.0,12.62962962962963,8.119814814814815,6.661851851851852,1.1689285714285713
2024-06-11,22.92109090909091,5.11,9.110909090909091,14.0,12.836363636363636,8.124545454545455,6.79690909090909,1.4163636363636365
2024-06-12,23.031276595744682,8.29,10.521702127659575,19.0,12.638297872340425,8.102553191489362,6.760425531914894,1.9310638297872342
2024-06-13,23.394307692307695,5.59,11.103692307692308,14.0,12.415384615384616,8.129846153846152,6.952153846153846,2.7706153846153847
2024-06-14,24.2,3.96,8.086296296296295,16.0,13.38888888888889,8.26462962962963,7.800925925925926,2.921111111111111
2024-06-15,24.27767441860465,8.36,13.206976744186045,53.0,19.88372093023256,8.362558139534883,8.149302325581395,4.133023255813954
2024-06-16,24.41857142857143,5.25,7.981224489795918,28.0,21.040816326530614,8.225102040816328,7.456938775510204,6.38
2024-06-17,24.316382978723407,5.95,10.494893617021276,464.0,101.17021276595744,8.251702127659573,7.454893617021276,3.7136170212765958
2024-06-18,24.47576923076923,5.29,9.675576923076923,743.0,413.59615384615387,8.28903846153846,7.585192307692308,3.1574999999999998
2024-06-19,24.56243243243243,6.31,9.20689189189189,531.0,210.44594594594594,8.205540540540541,7.363378378378378,5.231891891891892
2024-06-20,24.258358208955222,5.64,11.161044776119402,1443.0,1024.2089552238806,8.073432835820896,6.675373134328358,5.827761194029851
2024-06-21,23.386071428571427,10.2,16.83732142857143,1431.0,930.1428571428571,8.07232142857143,5.961071428571429,4.067321428571429
2024-06-22,24.16254901960784,5.6,9.717843137254903,119.0,82.13725490196079,7.996862745098039,6.527254901960784,3.4088235294117646
2024-06-23,24.449555555555555,4.43,7.826888888888888,83.0,45.422222222222224,7.855111111111111,6.066888888888888,2.1373333333333333
2024-06-24,23.928196721311476,7.19,10.938360655737705,17.0,14.0,7.894918032786885,5.917868852459017,1.9368852459016395
2024-06-25,23.945283018867922,6.21,10.036603773584906,15.0,12.415094339622641,7.823584905660377,5.847735849056604,1.9303773584905661
2024-06-26,23.42983870967742,4.73,11.079677419354837,13.0,11.483870967741936,7.879677419354839,6.264516129032257,1.8112903225806452
2024-06-27,21.008363636363637,13.21,20.16690909090909,11.0,10.272727272727273,8.006,6.019818181818182,1.6570909090909092
2024-06-28,22.35865384615385,13.28,16.342884615384616,16.0,11.365384615384615,8.019038461538461,6.419038461538462,1.9046153846153848
2024-06-29,22.568125,3.46,15.64421875,23.0,12.84375,8.04671875,6.885625,5.29671875
2024-06-30,25.327833333333334,0.13,0.8674999999999999,25.0,19.55,7.711,6.468833333333333,6.022666666666667
2024-07-01,23.950754716981134,0.0,1.94,24.0,17.64,7.6616,6.274,3.2867924528301886
2024-07-02,24.75708333333333,0.18,2.2931250000000003,27.0,16.666666666666668,7.686041666666667,6.343541666666667,2.983541666666667
2024-07-03,24.989636363636365,0.11,0.15218181818181817,26.0,22.036363636363635,7.594363636363636,6.690545454545455,3.3374545454545457
2024-07-04,26.37818181818182,0.12,0.25836363636363635,40.0,22.345454545454544,7.566727272727273,6.372909090909091,3.184
2024-07-05,25.78,0.94,2.8307272727272728,20.0,17.454545454545453,7.585272727272727,6.010545454545454,2.5016363636363637
2024-07-06,25.41078431372549,3.36,6.365882352941177,17.0,15.176470588235293,7.654313725490196,5.693725490196078,2.1666666666666665
2024-07-07,25.35959183673469,4.5,6.368163265306123,17.0,14.591836734693878,7.6971428571428575,5.791224489795918,2.242857142857143
2024-07-08,26.50413793103448,0.01,1.6362068965517242,25.0,18.724137931034484,7.632586206896551,6.072241379310345,2.8984482758620693
2024-07-09,27.2940625,0.1,0.1140625,65.0,46.34375,7.5153125,6.17015625,5.841875
2024-07-10,25.9,0.07,0.09903225806451613,193.0,111.29032258064517,7.327419354838709,5.4712903225806455,11.701935483870967
2024-07-11,23.570434782608697,0.06,0.065,397.0,279.5,7.067608695652174,5.5465217391304344,17.835434782608697
2024-07-12,23.033384615384616,0.06,0.06153846153846154,330.0,300.0923076923077,7.030307692307693,5.588923076923076,25.326615384615383
2024-07-13,23.836206896551722,0.06,0.06206896551724138,407.0,355.5344827586207,7.05948275862069,5.76,22.06844827586207
2024-07-14,24.16103448275862,0.06,0.06862068965517241,535.0,462.3965517241379,7.118103448275862,6.180172413793104,10.202931034482758
2024-07-15,24.459285714285716,0.0,0.0852857142857143,552.0,160.82857142857142,7.118428571428572,6.922571428571429,19.354285714285712
2024-07-16,24.45073529411765,0.14,0.9764705882352942,1442.0,393.3529411764706,7.294411764705882,6.876176470588235,34.48544117647059
2024-07-17,24.994358974358974,0.08,0.378974358974359,1442.0,224.64102564102564,7.352564102564102,6.984615384615384,39.4925641025641
2024-07-18,25.005555555555556,0.07,0.08074074074074074,137.0,53.074074074074076,7.414074074074073,7.406172839506173,45.74
2024-07-19,25.117894736842107,0.08,0.21087719298245614,296.0,99.33333333333333,7.511403508771929,7.354912280701755,22.520000000000003
2024-07-20,25.330925925925925,0.3,1.4007407407407408,117.0,50.666666666666664,7.592592592592593,7.118148148148148,21.731666666666666
2024-07-21,25.87655172413793,0.1,0.32827586206896553,104.0,59.44827586206897,7.6417241379310346,7.565344827586207,13.865172413793102
2024-07-22,25.489583333333332,0.0,1.1422916666666667,318.0,120.0,7.7144680851063825,7.617234042553191,28.856041666666666
2024-07-23,25.80968253968254,1.25,3.8492063492063493,609.0,333.46031746031747,7.7896825396825395,7.457936507936508,11.366984126984127
2024-07-24,25.3642,1.92,4.965999999999999,46.0,33.86,7.872000000000001,7.2964,14.3444
2024-08-01,28.32333333333333,6.86,10.991904761904763,18.0,13.952380952380953,8.130476190476191,6.775714285714285,45.082857142857144
2024-08-02,26.283275862068965,0.05,7.749655172413793,38.0,11.724137931034482,7.913448275862069,5.964655172413793,39.1101724137931
2024-08-03,24.408356164383562,0.02,0.04123287671232877,10.0,9.575342465753424,7.204520547945204,3.7363013698630136,20.46698630136986
2024-08-04,24.01902777777778,0.01,0.017777777777777778,9.0,9.0,7.014166666666666,2.6005555555555557,1.9561111111111111
2024-08-05,26.33265625,0.01,3.116875,719.0,181.171875,7.675,4.6323437499999995,3.171875
2024-08-06,27.700499999999998,0.04,1.0799999999999998,888.0,517.55,8.35,7.230500000000001,6.29325
2024-08-07,28.37470588235294,0.0,4.9799999999999995,229.0,143.15151515151516,8.292727272727273,6.586363636363636,6.701470588235294
2024-08-08,27.14968253968254,0.03,3.7755555555555556,260.0,129.66666666666666,8.115555555555556,6.207460317460318,4.410793650793651
2024-08-09,29.9577027027027,13.53,17.193513513513512,81.0,24.445945945945947,8.398108108108108,7.084999999999999,3.7887837837837837
2024-08-10,29.19863636363636,13.43,16.488636363636363,13.0,11.666666666666666,8.361969696969696,6.886212121212122,3.4916666666666667
2024-08-11,28.87540540540541,15.01,18.986486486486488,34.0,13.72972972972973,8.254594594594595,7.411351351351352,4.874054054054054
2024-08-12,29.30430769230769,0.05,12.409076923076924,415.0,27.03076923076923,8.119538461538461,6.720615384615384,6.240461538461538
2024-08-13,28.689423076923074,16.66,22.300192307692306,14.0,11.384615384615385,8.147307692307693,7.033461538461538,6.430000000000001
2024-08-14,28.78717948717949,17.24,21.70948717948718,25.0,19.435897435897434,8.032564102564102,6.8325641025641035,16.221282051282053
2024-08-19,30.675,14.93,15.966785714285715,17.0,13.178571428571429,8.429642857142857,6.1121428571428575,3.212142857142857
2024-08-20,30.142753623188405,4.14,10.181739130434782,26.0,15.81159420289855,8.358840579710145,5.725507246376812,2.6766666666666667
2024-08-21,30.078524590163934,5.63,8.729344262295083,20.0,15.524590163934427,8.28327868852459,5.682459016393443,2.988032786885246
2024-08-22,30.31705128205128,5.97,8.439487179487179,20.0,16.025641025641026,8.317051282051283,5.832179487179488,3.91
2024-08-23,30.198695652173914,5.12,11.057971014492754,102.0,17.695652173913043,8.302898550724638,5.468985507246377,4.242028985507246
2024-08-24,29.99116883116883,6.67,10.202207792207792,35.0,16.883116883116884,8.360129870129871,5.618181818181818,3.440649350649351
2024-08-25,29.585454545454546,6.34,11.13969696969697,40.0,17.454545454545453,8.296666666666667,5.3534848484848485,3.174545454545455
2024-08-26,29.3530303030303,7.11,12.07469696969697,19.0,14.075757575757576,8.315606060606061,5.883787878787879,3.033333333333333
2024-08-27,27.89653846153846,14.7,19.521538461538462,20.0,12.307692307692308,8.337179487179487,6.372307692307692,3.9956410256410257
2024-08-28,28.263571428571428,14.14,17.50142857142857,18.0,14.814285714285715,8.380571428571429,6.082,3.674857142857143
2024-08-29,27.898933333333336,21.16,24.230133333333335,26.0,14.306666666666667,8.315733333333332,5.4672,3.2649333333333335
2024-08-30,28.369390243902437,16.08,21.642926829268294,16.0,12.829268292682928,8.294634146341464,5.208170731707317,3.517439024390244
2024-08-31,28.72463768115942,13.52,19.31434782608696,21.0,14.304347826086957,8.32,5.5578260869565215,4.95231884057971
2024-09-01,28.762647058823532,7.87,16.439852941176472,19.0,13.308823529411764,8.345882352941176,5.487794117647059,5.7311764705882355
2024-09-02,28.474333333333334,0.0,12.563333333333333,19.0,13.724137931034482,8.416896551724138,6.043103448275862,6.265833333333333
2024-09-03,28.296438356164384,16.1,22.39068493150685,48.0,17.164383561643834,8.338219178082193,4.942739726027397,3.5145205479452053
2024-09-04,27.844590163934427,14.4,24.10672131147541,43.0,28.983606557377048,8.277868852459017,3.9072131147540983,2.695081967213115
2024-09-05,28.08833333333333,9.78,19.552833333333336,51.0,45.11666666666667,8.2605,3.279333333333333,2.9026666666666667
2024-09-06,28.229358974358973,0.0,18.77846153846154,63.0,40.142857142857146,8.381558441558441,4.694285714285714,3.0332051282051284
2024-09-07,28.496901408450704,13.9,19.09887323943662,42.0,36.605633802816904,8.355633802816902,4.343521126760563,3.1470422535211267
2024-09-08,29.33813953488372,14.59,16.68046511627907,36.0,27.837209302325583,8.357441860465116,4.7339534883720935,3.142093023255814
2024-09-09,28.847291666666667,9.12,15.484166666666667,63.0,25.958333333333332,8.390416666666667,4.59125,2.812291666666667
2024-09-10,29.286818181818184,16.49,20.723636363636363,18.0,13.909090909090908,8.406818181818181,5.100303030303031,3.1763636363636363
2024-09-11,28.89536231884058,19.21,23.801014492753623,27.0,14.246376811594203,8.347391304347827,4.8359420289855075,3.575072463768116
2024-09-12,29.35859375,9.79,13.18578125,54.0,37.03125,8.47453125,3.4003125,2.1790625
2024-09-13,29.25901639344262,9.24,12.808360655737705,45.0,38.98360655737705,8.336393442622951,2.0672131147540984,3.02327868852459
2024-09-14,29.51745098039216,13.72,18.20078431372549,38.0,34.21568627450981,8.308627450980392,0.9813725490196079,4.166862745098039
2024-09-15,29.427213114754096,13.74,18.184426229508198,32.0,26.016393442622952,8.311967213114754,0.5775409836065574,2.94327868852459
2024-09-16,28.683484848484852,0.0,19.032424242424245,83.0,36.53846153846154,8.27723076923077,0.5484615384615384,2.3325757575757575
2024-09-17,28.46723404255319,0.0,18.327872340425532,40.0,30.47826086956522,8.240434782608697,0.9856521739130434,2.048936170212766
2024-09-18,29.573170731707318,8.01,15.69780487804878,29.0,24.24390243902439,8.244634146341463,1.508780487804878,2.1778048780487804
2024-09-19,29.096923076923076,0.0,19.015094339622642,23.0,15.576923076923077,8.249230769230769,3.615192307692308,2.523207547169811
2024-09-20,28.084893617021276,0.0,9.964255319148936,33.0,17.0,8.405777777777777,4.881111111111111,3.0655319148936173
2024-09-21,27.881,0.12,0.5742857142857143,54.0,32.614285714285714,7.8867142857142865,3.766428571428571,4.255
2024-09-22,26.13706896551724,0.1,0.10862068965517241,60.0,47.6551724137931,7.379137931034483,0.6818965517241379,4.618103448275862
2024-09-23,24.645087719298246,0.0,0.10508771929824562,55.0,33.785714285714285,7.295892857142857,3.6903636363636365,4.762631578947369
2024-09-24,24.50328358208955,0.09,1.6434328358208956,28.0,21.970149253731343,7.342537313432835,5.492089552238806,3.4876119402985073
2024-09-25,24.77076923076923,4.22,7.002307692307692,27.0,17.661538461538463,7.559692307692307,5.244153846153846,2.2043076923076925
2024-09-26,25.28873015873016,6.26,8.583492063492063,21.0,17.0,7.623492063492063,4.918730158730159,1.9707936507936508
2024-09-27,26.30090909090909,3.09,8.605272727272729,22.0,14.709090909090909,7.553272727272727,2.885090909090909,1.8514545454545455
2024-09-28,26.455272727272728,3.09,8.978181818181818,16.0,13.145454545454545,7.615090909090909,2.694,1.828909090909091
2024-09-29,25.479285714285712,2.65,7.902500000000001,13.0,11.589285714285714,7.624642857142858,2.4187499999999997,1.6307142857142856
2024-09-30,23.705238095238098,0.0,9.331428571428571,20.0,13.564516129032258,7.856451612903226,4.900161290322581,2.166190476190476
2024-10-01,25.2524358974359,7.0,11.77628205128205,16.0,12.91025641025641,8.055384615384616,6.161666666666667,2.2093589743589743
2024-10-02,24.38838235294118,6.75,11.42764705882353,13.0,12.0,8.054264705882353,6.295,2.624705882352941
2024-10-03,23.454864864864867,11.34,16.609189189189188,15.0,12.68918918918919,8.147297297297296,5.799189189189189,2.0977027027027026
2024-10-04,23.37607142857143,12.1,17.70738095238095,16.0,12.130952380952381,8.130714285714285,5.8203571428571435,1.572142857142857
2024-10-05,22.954225352112676,5.06,15.969014084507041,15.0,11.704225352112676,7.993521126760563,5.729295774647887,1.4377464788732395
2024-10-06,22.886883116883116,10.79,15.59155844155844,13.0,11.714285714285714,8.098181818181818,5.930649350649351,1.6231168831168832
2024-10-07,22.501518987341772,0.79,17.135189873417723,57.0,12.126582278481013,8.170379746835444,6.4246835443037975,1.7020253164556962
2024-10-08,23.275074626865674,15.8,20.791641791044775,12.0,10.805970149253731,8.23865671641791,6.277462686567164,1.7792537313432835
2024-10-09,23.080943396226413,11.98,17.638301886792455,13.0,11.60377358490566,8.22698113207547,6.516603773584905,1.6849056603773584
2024-10-10,23.031475409836066,19.0,20.235737704918034,11.0,10.39344262295082,8.242786885245902,6.43327868852459,1.6045901639344262
2024-10-11,22.996363636363636,17.66,18.752181818181818,12.0,10.090909090909092,8.256363636363636,6.6650909090909085,1.584
2024-10-12,23.253291139240506,13.81,17.972911392405063,10.0,8.873417721518987,8.122784810126582,5.772784810126582,1.2941772151898734
2024-10-13,23.230983606557377,16.01,20.675081967213117,9.0,8.40983606557377,8.203934426229509,5.661803278688525,1.2185245901639343
2024-10-14,22.897166666666667,0.08,14.649333333333335,16.0,9.616666666666667,8.258833333333333,6.6995000000000005,42.98522727272727
2024-10-15,23.129268292682926,10.67,13.977804878048781,10.0,9.439024390243903,8.184024390243902,6.441585365853659,109.87785714285714
2024-10-16,23.85753164556962,1.44,12.05259493670886,21.0,11.082278481012658,8.154050632911392,6.4327848101265825,370.8732911392405
2024-10-17,22.67991150442478,7.96,14.992477876106195,13.0,9.619469026548673,8.22504424778761,6.628938053097346,374.2
2024-10-18,22.758333333333333,0.05,10.215666666666667,40.0,11.883333333333333,8.082,6.257833333333334,374.2
2024-10-19,22.150793650793652,3.38,7.006031746031746,12.0,9.428571428571429,7.7109523809523814,4.7634920634920634,374.20238095238096
2024-10-20,17.20357142857143,1.01,4.549761904761905,12.0,9.714285714285714,7.648809523809524,4.146428571428571,374.28285714285715
2024-10-21,19.822727272727274,5.21,9.366,25.0,15.763636363636364,7.873090909090909,5.7139999999999995,426.8325454545455
2024-10-22,20.663962264150946,0.13,3.7169811320754715,20.0,16.169811320754718,7.844528301886792,7.4139622641509435,456.4303773584906
2024-10-23,20.921499999999998,0.14,0.9113333333333333,22.0,18.583333333333332,7.729333333333333,7.663833333333333,432.9583333333333
2024-10-24,20.438235294117646,3.3,7.726029411764706,20.0,17.044117647058822,7.952794117647058,7.80264705882353,412.2110294117647
2024-10-25,20.260847457627122,6.07,8.623728813559323,18.0,16.135593220338983,7.923728813559322,7.6040677966101695,397.3525423728813
2024-10-26,20.754464285714285,6.24,13.022142857142857,14.0,11.75,7.872321428571429,6.583928571428571,374.8528571428571
2024-10-27,19.879814814814814,8.39,12.21,33.0,13.62962962962963,7.931666666666667,6.839259259259259,374.23555555555555
2024-10-28,19.201020408163266,0.0,13.37061224489796,16.0,12.787234042553191,8.00531914893617,7.118510638297872,189.4557142857143
2024-10-29,19.400232558139535,0.0,13.483953488372094,21.0,14.476190476190476,7.987619047619048,7.362380952380953,1.8823255813953488
2024-10-30,19.612051282051283,9.31,12.89948717948718,17.0,13.153846153846153,7.984615384615384,7.546923076923076,1.9017948717948718
2024-10-31,19.71078431372549,11.48,15.153921568627451,14.0,11.607843137254902,8.062156862745097,7.582941176470588,1.9941176470588236
2024-11-01,19.277142857142856,10.44,13.951607142857142,16.0,12.963636363636363,7.963035714285715,7.4123636363636365,1.9633928571428572
2024-11-02,18.741363636363637,0.39,7.319545454545454,43.0,18.75,7.799318181818182,8.00340909090909,2.852272727272727
2024-11-03,18.494915254237288,1.73,5.379661016949152,22.0,15.966101694915254,7.720000000000001,8.306271186440679,2.3857627118644067
2024-11-04,18.683939393939397,0.0,8.92,18.0,12.861538461538462,7.916923076923077,8.356307692307691,1.61
2024-11-05,18.763555555555556,9.02,12.908222222222223,23.0,12.755555555555556,8.08688888888889,8.185777777777778,1.806888888888889
2024-11-06,17.95561403508772,11.64,14.948070175438597,12.0,10.912280701754385,8.063684210526315,7.786140350877193,1.31859649122807
2024-11-07,17.82137931034483,9.67,14.141551724137932,14.0,11.258620689655173,8.025172413793102,7.917241379310345,1.305
2024-11-08,18.44595744680851,16.47,18.168723404255317,13.0,10.595744680851064,8.117872340425532,7.807446808510638,1.186808510638298
2024-11-09,18.29734375,16.48,18.93234375,12.0,10.609375,8.1003125,7.7790625,1.03671875
2024-11-10,18.43777777777778,19.66,21.097638888888888,15.0,12.319444444444445,8.105416666666667,7.377083333333333,1.0941666666666667
2024-11-11,18.225471698113207,16.77,18.69056603773585,14.0,11.49056603773585,8.165849056603774,8.014716981132075,1.1473584905660377
2024-11-12,18.34719298245614,15.31,17.171754385964913,13.0,9.824561403508772,8.132280701754386,8.144561403508773,1.1014035087719298
2024-11-13,18.51782608695652,15.34,18.330652173913045,10.0,8.847826086956522,8.011086956521739,7.289782608695652,0.9426086956521739
2024-11-14,18.843508771929823,17.36,19.95719298245614,10.0,9.070175438596491,8.018771929824561,6.924035087719298,0.9771929824561404
2024-11-15,18.385102040816328,13.92,17.8934693877551,11.0,9.10204081632653,8.056326530612244,7.408163265306122,0.9953061224489796
2024-11-16,19.11531914893617,14.91,18.760851063829787,12.0,8.936170212765957,8.034893617021277,7.078297872340426,0.8378723404255319
2024-11-17,18.212711864406778,9.49,12.870847457627118,9.0,8.067796610169491,7.902203389830508,6.62,0.7001694915254237
2024-11-18,15.843043478260869,0.0,21.508260869565216,15.0,10.644444444444444,7.994888888888888,6.246666666666667,0.8152173913043478
2024-11-19,16.442542372881356,20.13,23.415084745762712,11.0,10.40677966101695,8.183728813559322,7.696440677966101,0.9650847457627119
2024-11-20,15.803692307692307,16.35,19.832615384615384,11.0,10.184615384615384,8.20276923076923,8.325384615384616,1.0649230769230769
2024-11-21,15.929574468085105,16.5,21.57340425531915,13.0,10.702127659574469,8.167021276595746,7.793191489361702,1.0274468085106383
2024-11-22,16.70657142857143,23.76,26.709857142857143,12.0,10.628571428571428,8.143142857142857,6.912,0.7821428571428571
2024-11-23,16.36326923076923,21.05,22.808653846153845,14.0,9.884615384615385,8.192692307692308,7.797692307692308,0.9111538461538462
2024-11-24,15.891428571428571,17.7,19.952698412698414,12.0,10.079365079365079,8.214920634920635,8.254761904761905,0.8931746031746032
2024-11-25,15.575064935064935,0.01,18.637142857142855,13.0,9.792207792207792,8.178181818181818,8.396493506493506,1.018051948051948
2024-11-26,15.289642857142857,15.08,18.88696428571429,11.0,9.375,8.1975,8.453571428571427,1.2321428571428572
2024-11-27,14.180666666666667,12.31,15.022166666666667,11.0,9.216666666666667,8.214666666666666,8.923333333333334,0.9380000000000001
2024-11-28,13.496825396825397,9.81,12.548412698412697,10.0,9.634920634920634,8.225714285714286,9.348888888888888,1.0223809523809524
2024-11-29,13.444901960784314,11.74,17.460392156862746,11.0,9.96078431372549,8.198627450980393,8.741372549019609,0.8252941176470588
2024-11-30,13.336181818181819,14.09,17.15127272727273,11.0,9.709090909090909,8.202545454545454,9.000545454545454,0.7998181818181819
2024-12-01,13.456712328767123,15.01,17.397397260273973,11.0,9.657534246575343,8.161232876712328,8.835342465753424,0.8224657534246576
2024-12-02,13.71107142857143,0.0,18.651785714285715,10.0,9.254545454545454,8.132363636363635,8.42,0.7887500000000001
2024-12-03,14.045192307692307,16.16,20.737115384615382,9.0,8.75,8.117115384615385,8.147884615384616,1.0728846153846154
2024-12-04,13.54469387755102,16.62,19.77795918367347,11.0,9.122448979591837,8.12122448979592,8.316938775510204,1.0991836734693878
2024-12-05,13.343174603174603,17.64,20.865555555555556,9.0,8.26984126984127,8.124126984126985,8.352539682539684,0.9511111111111111
2024-12-06,12.657358490566038,16.25,18.49396226415094,9.0,8.339622641509434,8.132830188679245,8.763962264150944,0.9903773584905661
2024-12-07,12.536666666666667,19.18,20.682156862745096,9.0,8.313725490196079,8.105490196078431,8.40607843137255,0.8168627450980391
2024-12-08,12.651851851851852,19.61,25.461851851851854,9.0,8.037037037037036,8.11111111111111,8.031666666666666,0.9188888888888889
2024-12-09,11.593043478260869,0.0,24.85586956521739,8.0,7.977777777777778,8.126888888888889,8.032444444444444,0.7042222222222223
2024-12-10,11.529054054054054,15.05,19.543783783783784,8.0,7.054054054054054,8.112702702702704,8.52972972972973,0.562027027027027
2024-12-11,11.315522388059701,17.52,20.861044776119403,7.0,7.0,8.057164179104479,8.235820895522387,0.5016417910447761
2024-12-12,10.74609375,18.67,21.825,7.0,7.0,7.96359375,7.8453125,0.42453124999999997
2024-12-13,10.163454545454545,15.87,20.959636363636363,7.0,7.0,7.8838181818181825,7.1525454545454545,0.38763636363636367
2024-12-14,9.943414634146341,13.97,15.402439024390244,7.0,7.0,7.8480487804878045,7.007560975609756,0.3590243902439025
2024-12-15,9.73828125,11.5,12.4525,8.0,7.15625,7.7134375,6.399375,0.359375
2024-12-16,9.362698412698412,0.04,16.443650793650793,71.0,8.555555555555555,7.99,8.496666666666666,0.4983870967741935
2024-12-17,10.184,18.7,20.943285714285715,8.0,7.6,8.043,9.103,0.5139999999999999
2024-12-18,9.623,14.86,18.17442857142857,8.0,7.871428571428571,7.904,8.375428571428571,0.5562857142857143
2024-12-19,9.32375,12.31,13.529166666666667,8.0,7.729166666666667,7.712083333333333,7.664791666666667,0.5333333333333333
2024-12-20,9.823921568627451,13.18,13.542745098039214,9.0,7.529411764705882,7.613725490196079,6.063529411764706,0.3880392156862745
2024-12-21,8.743448275862068,9.56,11.75603448275862,9.0,7.982758620689655,7.59603448275862,6.330344827586208,0.4860344827586207
2024-12-22,7.8655,9.63,10.636750000000001,8.0,7.575,7.5802499999999995,6.20025,0.4385
2024-12-23,7.670909090909091,0.06,17.585818181818183,13.0,7.381818181818182,7.852545454545455,8.334181818181818,0.5896296296296296
2024-12-24,10.30375,21.81,27.159375,8.0,7.03125,7.97890625,8.5475,0.5181250000000001
2024-12-25,9.764166666666666,22.19,23.823333333333334,8.0,7.233333333333333,7.944500000000001,9.124833333333333,0.737
2024-12-26,10.206774193548387,21.07,22.131612903225808,12.0,7.403225806451613,7.8909677419354844,9.075,1.1588709677419353
2024-12-27,12.385192307692307,0.06,7.155,12.0,7.173076923076923,7.108846153846154,10.13423076923077,0.6605882352941177
2024-12-28,14.481296296296296,0.0,0.020185185185185188,7.0,7.0,5.767407407407408,10.746666666666666,
2024-12-29,14.780212765957446,0.0,0.0,7.0,7.0,5.7738297872340425,10.675744680851064,0.075
2024-12-30,15.59639344262295,0.0,0.0,7.0,7.0,5.815081967213114,10.258524590163933,
2024-12-31,15.6959649122807,0.0,0.0,7.0,7.0,5.886491228070175,10.020877192982457,0.02
