date,river_discharge
2009-05-07,0.101
2009-05-08,0.381
2009-05-09,0.323
2009-05-10,0.716
2009-05-11,2.391
2009-05-12,0.299
2009-05-13,0.229
2009-05-14,0.679
2009-05-15,0.269
2009-05-16,0.361
2009-05-17,0.38
2009-05-18,0.19
2009-05-19,0.942
2009-05-20,1.178
2009-05-21,467.296
2009-05-22,815.714
2009-05-23,868.07
2009-05-24,690.829
2009-05-25,570.184
2009-05-26,669.377
2009-05-27,283.744
2009-05-28,59.292
2009-05-29,205.552
2009-05-30,240.494
2009-05-31,0.841
2009-06-01,62.171
2009-06-02,142.985
2009-06-03,88.994
2009-06-04,18.259
2009-06-05,26.967
2009-06-06,38.327
2009-06-07,23.121
2009-06-08,4.102
2009-06-09,3.366
2009-06-10,7.351
2009-06-11,111.507
2009-06-12,26.382
2009-06-13,31.673
2009-06-14,84.28
2009-06-15,105.436
2009-06-16,44.958
2009-06-17,10.341
2009-06-18,15.241
2009-06-19,27.857
2009-06-20,30.525
2009-06-21,37.275
2009-06-22,493.527
2009-06-23,886.244
2009-06-24,661.124
2009-06-25,253.071
2009-06-26,139.217
2009-06-27,188.219
2009-06-28,191.558
2009-06-29,825.475
2009-06-30,780.493
2009-07-01,608.351
2009-07-02,458.896
2009-07-03,472.573
2009-07-04,414.548
2009-07-05,426.753
2009-07-06,327.067
2009-07-07,2600.608
2009-07-08,5532.688
2009-07-09,5131.557
2009-07-10,5254.11
2009-07-11,5042.996
2009-07-12,5262.821
2009-07-13,4388.081
2009-07-14,5128.998
2009-07-15,6179.07
2009-07-16,8772.454
2009-07-17,10193.47
2009-07-18,7042.724
2009-07-19,5947.185
2009-07-20,6197.65
2009-07-21,4865.192
2009-07-22,6624.219
2009-07-23,6500.083
2009-07-24,6575.288
2009-07-25,2894.168
2009-07-26,1039.086
2009-07-27,763.807
2009-07-28,643.381
2009-07-29,1742.093
2009-07-30,3258.917
2009-07-31,1433.695
2009-08-01,868.608
2009-08-02,752.884
2009-08-03,615.046
2009-08-04,435.211
2009-08-05,276.007
2009-08-06,326.938
2009-08-07,303.833
2009-08-08,273.382
2009-08-09,570.43
2009-08-10,612.093
2009-08-11,552.239
2009-08-12,434.77
2009-08-13,611.744
2009-08-14,686.139
2009-08-15,883.234
2009-08-16,767.375
2009-08-17,558.924
2009-08-18,381.462
2009-08-19,259.291
2009-08-20,225.272
2009-08-21,216.021
2009-08-22,83.11
2009-08-23,321.831
2009-08-24,329.355
2009-08-25,215.031
2009-08-26,191.088
2009-08-27,306.471
2009-08-28,372.813
2009-08-29,200.224
2009-08-30,194.815
2009-08-31,190.313
2009-09-01,194.778
2009-09-02,261.534
2009-09-03,71.068
2009-09-04,62.757
2009-09-05,60.787
2009-09-06,112.94
2009-09-07,107.725
2009-09-08,61.104
2009-09-09,147.594
2009-09-10,67.878
2009-09-11,122.759
2009-09-12,184.597
2009-09-13,125.175
2009-09-14,193.222
2009-09-15,59.532
2009-09-16,117.343
2009-09-17,66.137
2009-09-18,54.538
2009-09-19,38.194
2009-09-20,7.823
2009-09-21,30.897
2009-09-22,21.542
2009-09-23,29.793
2009-09-24,34.491
2009-09-25,151.215
2009-09-26,186.336
2009-09-27,147.809
2009-09-28,235.611
2009-09-29,52.699
2009-09-30,291.389
2009-10-01,348.013
2009-10-02,471.728
2009-10-03,290.181
2009-10-04,244.158
2009-10-05,183.295
2009-10-06,121.354
2009-10-07,117.656
2009-10-08,164.941
2009-10-09,67.88
2009-10-10,127.207
2009-10-11,108.241
2009-10-12,121.866
2009-10-13,120.907
2009-10-14,122.076
2009-10-15,95.136
2009-10-16,62.819
2009-10-17,56.078
2009-10-18,7.446
2009-10-19,7.777
2009-10-20,8.047
2009-10-21,26.3
2009-10-22,11.111
2009-10-23,12.001
2009-10-24,58.757
2009-10-25,53.147
2009-10-26,88.347
2009-10-27,76.337
2009-10-28,10.736
2009-10-29,51.123
2009-10-30,64.958
2009-10-31,33.227
2009-11-01,7.69
2009-11-02,8.787
2009-11-03,7.605
2009-11-04,7.104
2009-11-05,3.65
2009-11-06,3.411
2009-11-07,3.47
2009-11-08,4.723
2009-11-09,9.751
2009-11-10,68.491
2009-11-11,91.44
2009-11-12,13.141
2009-11-13,43.671
2009-11-14,65.024
2009-11-15,62.711
2009-11-16,45.79
2009-11-17,17.58
2009-11-18,11.132
2009-11-19,4.287
2009-11-20,4.191
2009-11-21,4.508
2009-11-22,4.858
2009-11-23,5.262
2009-11-24,5.341
2009-11-25,60.494
2009-11-26,97.106
2009-11-27,70.142
2009-11-28,16.124
2009-11-29,64.281
2009-11-30,87.642
2009-12-01,4.754
2009-12-02,3.605
2009-12-03,3.532
2009-12-04,3.521
2009-12-05,3.839
2009-12-06,72.798
2009-12-07,86.185
2009-12-09,88.398
2009-12-10,4.737
2009-12-11,25.561
2009-12-13,120.861
2009-12-14,146.14
2009-12-15,108.772
2009-12-16,83.504
2009-12-17,10.583
2009-12-18,27.171
2009-12-19,38.788
2009-12-20,56.318
2009-12-21,148.901
2009-12-22,4.924
2009-12-23,5.656
2009-12-24,71.055
2009-12-25,120.61
2009-12-26,77.9
2009-12-27,31.618
2009-12-28,81.309
2009-12-29,103.396
2009-12-30,13.807
2009-12-31,7.934
2010-01-01,10.009
2010-01-02,6.778
2010-01-03,3.842
2010-01-04,4.073
2010-01-05,4.508
2010-01-06,4.988
2010-01-07,69.009
2010-01-08,88.991
2010-01-09,24.986
2010-01-10,16.206
2010-01-11,26.706
2010-01-12,5.634
2010-01-13,5.56
2010-01-14,29.086
2010-01-15,4.971
2010-01-16,4.745
2010-01-17,4.377
2010-01-18,4.331
2010-01-19,3.285
2010-01-20,4.131
2010-01-21,4.627
2010-01-22,67.195
2010-01-23,90.977
2010-01-24,5.695
2010-01-25,51.681
2010-01-26,103.862
2010-01-27,69.411
2010-01-28,54.694
2010-01-29,31.904
2010-01-30,7.353
2010-01-31,77.415
2010-02-01,4.563
2010-02-02,4.82
2010-02-03,5.31
2010-02-04,125.22
2010-02-05,85.232
2010-02-06,85.88
2010-02-07,83.488
2010-02-08,80.269
2010-02-09,76.926
2010-02-10,125.011
2010-02-11,162.431
2010-02-12,151.037
2010-02-13,235.871
2010-02-14,182.067
2010-02-15,175.971
2010-02-16,143.988
2010-02-17,105.873
2010-02-18,159.043
2010-02-19,114.686
2010-02-20,110.565
2010-02-21,140.93
2010-02-22,140.503
2010-02-23,106.228
2010-02-24,81.627
2010-02-25,333.205
2010-02-26,651.744
2010-02-27,699.462
2010-02-28,464.707
2010-03-01,643.021
2010-03-02,600.647
2010-03-03,559.714
2010-03-04,468.247
2010-03-05,521.569
2010-03-06,545.896
2010-03-07,441.417
2010-03-08,322.771
2010-03-09,410.601
2010-03-10,437.062
2010-03-11,365.011
2010-03-12,285.367
2010-03-13,291.229
2010-03-14,329.704
2010-03-15,403.837
2010-03-16,402.114
2010-03-17,364.522
2010-03-18,420.173
2010-03-19,396.317
2010-03-20,428.421
2010-03-21,446.555
2010-03-22,414.484
2010-03-23,393.488
2010-03-24,353.156
2010-03-26,295.074
2010-03-27,180.874
2010-03-28,234.605
2010-03-29,224.181
2010-03-30,218.704
2010-03-31,260.613
2010-04-01,449.121
2010-04-02,630.938
2010-04-03,751.99
2010-04-04,644.771
2010-04-05,638.378
2010-04-06,631.08
2010-04-07,490.041
2010-04-08,428.852
2010-04-09,340.024
2010-04-10,352.35
2010-04-11,354.79
2010-04-12,367.902
2010-04-13,270.255
2010-04-14,399.126
2010-04-15,368.816
2010-04-17,244.099
2010-04-18,364.326
2010-04-20,250.74
2010-04-21,290.389
2010-04-22,526.832
2010-04-23,546.517
2010-04-24,517.843
2010-04-25,300.946
2010-04-26,351.066
2010-04-27,433.691
2010-04-28,586.643
2010-04-29,567.48
2010-04-30,503.83
2010-05-01,481.721
2010-05-02,423.609
2010-05-03,385.032
2010-05-04,477.584
2010-05-05,423.32
2010-05-06,310.946
2010-05-07,316.491
2010-05-08,316.47
2010-05-09,289.346
2010-05-10,303.406
2010-05-11,243.632
2010-05-12,184.43
2010-05-13,212.143
2010-05-14,188.823
2010-05-15,117.758
2010-05-16,162.446
2010-05-17,176.295
2010-05-18,368.928
2010-05-19,712.561
2010-05-20,739.998
2010-05-21,525.697
2010-05-22,764.479
2010-05-24,1308.827
2010-05-25,1303.78
2010-05-26,1279.931
2010-05-27,1057.155
2010-05-28,832.508
2010-05-29,574.659
2010-05-30,553.628
2010-05-31,488.693
2010-06-01,429.425
2010-06-02,403.745
2010-06-03,429.09
2010-06-04,382.732
2010-06-05,338.862
2010-06-06,343.485
2010-06-07,394.0
2010-06-08,290.713
2010-06-09,281.75
2010-06-10,317.974
2010-06-11,137.041
2010-06-12,211.351
2010-06-13,143.445
2010-06-14,191.317
2010-06-15,154.532
2010-06-16,187.989
2010-06-17,298.965
2010-06-18,247.986
2010-06-19,164.621
2010-06-20,214.864
2010-06-21,234.438
2010-06-22,203.445
2010-06-23,195.733
2010-06-24,143.018
2010-06-25,192.97
2010-06-26,223.243
2010-06-27,209.08
2010-06-28,241.701
2010-06-29,210.848
2010-06-30,191.645
2010-07-01,213.116
2010-07-02,216.545
2010-07-03,192.776
2010-07-04,265.292
2010-07-05,332.549
2010-07-06,298.017
2010-07-07,333.766
2010-07-08,234.411
2010-07-09,221.928
2010-07-10,197.131
2010-07-11,687.093
2010-07-12,3745.529
2010-07-13,2025.943
2010-07-14,1351.847
2010-07-15,962.848
2010-07-16,1709.404
2010-07-17,4450.521
2010-07-18,4401.8
2010-07-19,2456.424
2010-07-20,1148.123
2010-07-21,942.836
2010-07-22,720.526
2010-07-23,651.145
2010-07-24,429.37
2010-07-25,565.535
2010-07-26,583.959
2010-07-27,554.706
2010-07-28,523.557
2010-07-29,528.158
2010-07-30,620.752
2010-07-31,459.896
2010-08-01,357.22
2010-08-02,374.728
2010-08-03,425.607
2010-08-04,521.659
2010-08-05,402.234
2010-08-06,314.683
2010-08-07,304.869
2010-08-08,316.239
2010-08-09,230.379
2010-08-10,590.261
2010-08-11,4049.49
2010-08-12,8172.209
2010-08-13,7292.386
2010-08-14,6205.891
2010-08-15,5972.398
2010-08-16,6529.263
2010-08-17,8483.308
2010-08-18,10573.895
2010-08-19,8919.767
2010-08-20,5905.359
2010-08-21,2336.758
2010-08-22,1002.746
2010-08-23,753.536
2010-08-24,706.292
2010-08-25,589.127
2010-08-26,619.165
2010-08-27,756.104
2010-08-28,692.975
2010-08-30,857.07
2010-08-31,900.601
2010-09-01,940.104
2010-09-02,2831.15
2010-09-03,4835.799
2010-09-04,4640.091
2010-09-05,1421.275
2010-09-06,1217.801
2010-09-07,4967.502
2010-09-08,7772.533
2010-09-09,6959.648
2010-09-10,4582.152
2010-09-11,1386.358
2010-09-12,3061.829
2010-09-13,6149.173
2010-09-14,6351.806
2010-09-15,5134.74
2010-09-16,1390.288
2010-09-17,930.615
2010-09-18,745.364
2010-09-19,645.313
2010-09-20,564.938
2010-09-21,497.327
2010-09-22,690.117
2010-09-23,596.201
2010-09-24,544.265
2010-09-25,548.591
2010-09-26,518.691
2010-09-27,525.45
2010-09-28,494.471
2010-09-29,387.476
2010-09-30,426.16
2010-10-01,327.791
2010-10-02,301.395
2010-10-03,398.459
2010-10-04,486.276
2010-10-05,342.197
2010-10-06,437.799
2010-10-07,346.146
2010-10-08,331.371
2010-10-09,368.651
2010-10-10,284.767
2010-10-11,245.987
2010-10-13,266.658
2010-10-14,311.444
2010-10-15,248.256
2010-10-16,243.563
2010-10-17,254.719
2010-10-19,210.425
2010-10-20,219.833
2010-10-21,235.469
2010-10-22,160.076
2010-10-23,174.338
2010-10-24,289.925
2010-10-25,154.511
2010-10-26,186.405
2010-10-27,246.745
2010-10-28,252.795
2010-10-29,208.375
2010-10-30,199.597
2010-10-31,273.284
2010-11-01,189.913
2010-11-02,202.745
2010-11-03,145.965
2010-11-04,160.814
2010-11-05,176.321
2010-11-06,161.105
2010-11-07,82.827
2010-11-08,75.664
2010-11-09,132.976
2010-11-10,104.101
2010-11-11,208.554
2010-11-12,292.286
2010-11-13,79.217
2010-11-14,126.113
2010-11-15,155.386
2010-11-16,145.222
2010-11-17,257.587
2010-11-18,268.853
2010-11-19,86.615
2010-11-20,76.24
2010-11-21,73.374
2010-11-22,59.389
2010-11-23,59.76
2010-11-24,62.235
2010-11-25,173.831
2010-11-26,149.559
2010-11-27,77.864
2010-11-28,139.762
2010-11-29,120.202
2010-11-30,122.659
2010-12-01,228.45
2010-12-02,74.567
2010-12-03,196.204
2010-12-04,87.296
2010-12-05,86.289
2010-12-06,74.688
2010-12-07,80.208
2010-12-08,53.53
2010-12-09,51.427
2010-12-10,40.111
2010-12-11,196.449
2010-12-12,110.558
2010-12-15,130.554
2010-12-16,113.213
2010-12-17,149.415
2010-12-18,169.848
2010-12-19,88.038
2010-12-20,70.834
2010-12-21,66.623
2010-12-22,64.921
2010-12-23,112.745
2010-12-24,56.601
2010-12-25,108.064
2010-12-26,150.462
2010-12-27,1631.399
2010-12-28,2677.153
2010-12-31,153.952
2011-01-01,157.521
2011-01-02,76.392
2011-01-03,38.471
2011-01-04,57.913
2011-01-05,116.322
2011-01-06,67.499
2011-01-07,88.997
2011-01-08,114.955
2011-01-09,131.802
2011-01-10,164.384
2011-01-11,40.34
2011-01-12,166.243
2011-01-14,120.156
2011-01-15,130.984
2011-01-16,49.617
2011-01-17,40.457
2011-01-18,57.357
2011-01-19,45.11
2011-01-20,53.675
2011-01-21,47.392
2011-01-22,51.328
2011-01-23,142.467
2011-01-24,73.019
2011-01-25,156.572
2011-01-26,138.992
2011-01-28,143.893
2011-01-30,93.125
2011-02-02,42.816
2011-02-03,49.745
2011-02-04,65.79
2011-02-05,63.284
2011-02-06,88.422
2011-02-07,102.361
2011-02-08,127.191
2011-02-10,108.307
2011-02-11,132.059
2011-02-13,100.982
2011-02-14,138.119
2011-02-15,122.79
2011-02-16,63.563
2011-02-17,59.699
2011-02-18,67.797
2011-02-19,68.224
2011-02-20,55.509
2011-02-23,143.295
2011-02-24,148.726
2011-02-25,102.977
2011-02-26,169.961
2011-03-01,428.872
2011-03-02,354.627
2011-03-03,245.008
2011-03-04,236.995
2011-03-05,185.422
2011-03-07,170.223
2011-03-08,117.732
2011-03-09,218.111
2011-03-10,187.298
2011-03-11,209.987
2011-03-12,222.01
2011-03-13,200.446
2011-03-15,197.225
2011-03-16,82.881
2011-03-17,143.651
2011-03-18,87.874
2011-03-19,48.141
2011-03-20,147.382
2011-03-21,151.067
2011-03-22,39.945
2011-03-23,129.255
2011-03-24,192.338
2011-03-25,202.304
2011-03-26,55.171
2011-03-27,92.009
2011-03-28,147.709
2011-03-29,118.567
2011-03-30,128.982
2011-03-31,131.017
2011-04-01,100.37
2011-04-02,66.598
2011-04-03,41.591
2011-04-04,66.325
2011-04-05,92.068
2011-04-06,192.31
2011-04-07,144.2
2011-04-08,212.738
2011-04-09,352.199
2011-04-10,203.066
2011-04-11,247.967
2011-04-12,209.068
2011-04-13,209.519
2011-04-14,650.349
2011-04-15,130.901
2011-04-16,130.059
2011-04-17,150.133
2011-04-18,123.075
2011-04-19,107.33
2011-04-20,109.973
2011-04-21,123.749
2011-04-22,213.706
2011-04-23,353.322
2011-04-24,254.456
2011-04-25,180.725
2011-04-26,191.303
2011-04-27,392.674
2011-04-28,612.111
2011-04-29,593.199
2011-04-30,477.263
2011-05-01,478.747
2011-05-02,419.309
2011-05-03,353.19
2011-05-04,342.452
2011-05-05,505.584
2011-05-06,475.623
2011-05-07,586.209
2011-05-08,472.569
2011-05-09,470.717
2011-05-10,511.354
2011-05-11,1153.106
2011-05-12,6759.653
2011-05-13,7479.582
2011-05-14,4154.838
2011-05-15,1525.656
2011-05-16,851.078
2011-05-17,768.395
2011-05-18,773.552
2011-05-19,589.132
2011-05-20,573.707
2011-05-21,514.011
2011-05-22,519.476
2011-05-23,513.195
2011-05-24,526.517
2011-05-25,506.86
2011-05-26,487.187
2011-05-27,474.8
2011-05-28,371.054
2011-05-29,328.995
2011-05-30,373.282
2011-05-31,370.39
2011-06-01,358.235
2011-06-02,411.972
2011-06-03,474.738
2011-06-04,387.645
2011-06-05,434.706
2011-06-06,386.403
2011-06-07,453.591
2011-06-08,475.958
2011-06-09,452.13
2011-06-10,534.172
2011-06-11,396.585
2011-06-12,402.539
2011-06-13,375.122
2011-06-14,287.82
2011-06-15,239.215
2011-06-16,264.357
2011-06-18,150.124
2011-06-19,257.301
2011-06-20,267.86
2011-06-21,225.321
2011-06-22,381.916
2011-06-23,481.059
2011-06-24,590.191
2011-06-25,2069.177
2011-06-26,8332.659
2011-06-27,9980.188
2011-06-28,7149.128
2011-06-29,2485.62
2011-06-30,1168.405
2011-07-01,1236.101
2011-07-02,970.467
2011-07-03,816.749
2011-07-04,1713.974
2011-07-05,4197.089
2011-07-06,2259.141
2011-07-08,1148.822
2011-07-09,6340.235
2011-07-10,19152.848
2011-07-11,18995.749
2011-07-12,15048.191
2011-07-13,9690.45
2011-07-14,6965.453
2011-07-15,5550.492
2011-07-16,2964.651
2011-07-17,1969.552
2011-07-18,1421.633
2011-07-19,1206.293
2011-07-20,962.559
2011-07-21,899.723
2011-07-22,722.314
2011-07-23,631.892
2011-07-24,727.82
2011-07-25,712.377
2011-07-26,528.459
2011-07-27,1064.545
2011-07-28,966.147
2011-07-29,869.985
2011-07-30,924.334
2011-08-01,1017.841
2011-08-02,2987.061
2011-08-03,4820.761
2011-08-04,2790.506
2011-08-05,1931.298
2011-08-06,1345.124
2011-08-07,1429.245
2011-08-08,3802.615
2011-08-09,5487.217
2011-08-10,4677.84
2011-08-11,5731.035
2011-08-12,5413.138
2011-08-13,4559.014
2011-08-14,3564.404
2011-08-15,1817.489
2011-08-16,1236.49
2011-08-17,1026.129
2011-08-18,951.869
2011-08-19,1835.567
2011-08-21,1756.234
2011-08-22,1546.446
2011-08-23,1355.941
2011-08-24,1134.094
2011-08-25,936.889
2011-08-26,830.756
2011-08-27,714.594
2011-08-28,572.201
2011-08-29,479.595
2011-08-30,477.441
2011-08-31,286.997
2011-09-01,283.582
2011-09-02,324.972
2011-09-03,257.703
2011-09-04,215.108
2011-09-05,804.595
2011-09-06,321.847
2011-09-07,291.55
2011-09-08,495.317
2011-09-09,1991.466
2011-09-10,387.225
2011-09-11,296.92
2011-09-12,326.655
2011-09-13,470.602
2011-09-14,394.844
2011-09-15,784.146
2011-09-16,637.837
2011-09-17,604.469
2011-09-18,544.36
2011-09-19,601.821
2011-09-20,569.938
2011-09-21,420.697
2011-09-22,0.0
2011-09-23,0.0
2011-09-24,0.0
2011-09-25,0.0
2011-09-26,268.075
2011-09-27,270.439
2011-09-28,203.462
2011-09-29,168.737
2011-09-30,209.179
2011-10-01,198.445
2011-10-02,237.645
2011-10-03,178.394
2011-10-04,124.318
2011-10-05,229.049
2011-10-06,85.473
2011-10-07,118.098
2011-10-08,182.341
2011-10-09,116.779
2011-10-10,177.615
2011-10-11,83.431
2011-10-12,47.604
2011-10-13,24.493
2011-10-14,6.069
2011-10-15,5.909
2011-10-16,16.232
2011-10-17,13.161
2011-10-18,128.336
2011-10-19,156.716
2011-10-20,42.93
2011-10-21,11.496
2011-10-22,93.581
2011-10-23,535.779
2011-10-24,766.384
2011-10-25,382.256
2011-10-26,29.565
2011-10-27,2.569
2011-10-28,2.704
2011-10-29,4.0
2011-10-30,349.205
2011-10-31,380.324
2011-11-01,592.508
2011-11-02,755.506
2011-11-03,203.645
2011-11-04,247.301
2011-11-05,566.697
2011-11-06,611.517
2011-11-07,670.531
2011-11-08,394.495
2011-11-09,222.392
2011-11-10,294.69
2011-11-11,299.213
2011-11-12,153.836
2011-11-13,179.411
2011-11-14,263.588
2011-11-15,166.314
2011-11-16,149.561
2011-11-17,119.395
2011-11-18,193.566
2011-11-19,460.24
2011-11-20,510.442
2011-11-21,523.594
2011-11-22,375.638
2011-11-23,323.688
2011-11-24,167.61
2011-11-25,36.832
2011-11-26,21.762
2011-11-27,291.841
2011-11-28,242.986
2011-11-29,450.524
2011-11-30,246.45
2011-12-01,390.35
2011-12-02,549.227
2011-12-03,571.789
2011-12-04,572.843
2011-12-05,636.314
2011-12-06,627.813
2011-12-07,371.842
2011-12-08,367.093
2011-12-09,438.882
2011-12-10,460.394
2011-12-11,273.424
2011-12-12,209.691
2011-12-13,80.839
2011-12-14,460.641
2011-12-15,336.605
2011-12-16,302.083
2011-12-17,268.459
2011-12-18,308.545
2011-12-19,331.384
2011-12-20,220.347
2011-12-21,306.871
2011-12-22,321.87
2011-12-23,186.561
2011-12-24,321.874
2011-12-25,189.641
2011-12-26,138.431
2011-12-27,194.511
2011-12-28,175.989
2011-12-29,293.752
2011-12-30,221.038
2011-12-31,246.045
2012-01-01,324.65
2012-01-02,297.188
2012-01-03,197.533
2012-01-04,197.375
2012-01-05,230.511
2012-01-06,156.549
2012-01-07,102.889
2012-01-08,102.816
2012-01-09,213.746
2012-01-10,136.786
2012-01-11,26.772
2012-01-12,34.674
2012-01-13,127.537
2012-01-14,171.361
2012-01-15,145.558
2012-01-16,252.049
2012-01-17,151.881
2012-01-18,101.416
2012-01-19,304.393
2012-01-20,123.257
2012-01-22,157.313
2012-01-23,86.33
2012-01-24,100.159
2012-01-25,282.076
2012-01-26,67.374
2012-01-27,262.28
2012-01-28,51.499
2012-01-29,51.89
2012-01-30,54.432
2012-01-31,182.977
2012-02-02,237.252
2012-02-04,138.72
2012-02-05,192.116
2012-02-06,63.158
2012-02-07,14.135
2012-02-08,56.757
2012-02-09,7.121
2012-02-10,2.274
2012-02-11,1.422
2012-02-12,4.329
2012-02-13,4.223
2012-02-14,5.137
2012-02-15,5.158
2012-02-16,6.0
2012-02-17,6.208
2012-02-18,5.54
2012-02-20,6.682
2012-02-21,4.645
2012-02-22,3.075
2012-02-23,5.908
2012-02-24,37.381
2012-02-25,108.422
2012-02-27,161.302
2012-02-28,24.34
2012-02-29,33.581
2012-03-01,67.696
2012-03-02,84.322
2012-03-03,58.545
2012-03-04,24.724
2012-03-05,104.468
2012-03-06,97.432
2012-03-08,96.333
2012-03-09,36.115
2012-03-10,120.537
2012-03-14,35.9
2012-03-16,155.252
2012-03-18,155.974
2012-03-20,40.787
2012-03-21,115.925
2012-03-22,48.654
2012-03-23,104.54
2012-03-24,130.71
2012-03-25,248.453
2012-03-27,163.328
2012-03-28,153.873
2012-03-29,106.337
2012-03-30,439.572
2012-03-31,1137.154
2012-04-01,581.238
2012-04-02,846.056
2012-04-04,251.179
2012-04-05,747.33
2012-04-06,202.353
2012-04-07,511.718
2012-04-08,477.204
2012-04-09,445.246
2012-04-11,591.083
2012-04-12,298.817
2012-04-13,265.693
2012-04-14,184.179
2012-04-15,213.432
2012-04-16,134.498
2012-04-17,86.128
2012-04-18,147.082
2012-04-19,224.078
2012-04-20,234.363
2012-04-21,642.203
2012-04-22,1961.737
2012-04-23,1555.337
2012-04-24,1331.611
2012-04-25,1244.879
2012-04-26,1051.408
2012-04-27,1523.397
2012-04-28,999.619
2012-04-29,1452.257
2012-04-30,802.388
2012-05-01,624.954
2012-05-03,346.977
2012-05-04,725.817
2012-05-05,443.263
2012-05-06,379.961
2012-05-07,338.568
2012-05-08,489.755
2012-05-09,319.128
2012-05-10,125.626
2012-05-11,866.859
2012-05-12,617.222
2012-05-13,311.325
2012-05-14,145.755
2012-05-15,245.728
2012-05-16,316.338
2012-05-17,284.627
2012-05-18,367.04
2012-05-19,254.126
2012-05-20,88.982
2012-05-21,58.041
2012-05-22,96.371
2012-05-23,55.496
2012-05-24,115.378
2012-05-25,168.799
2012-05-26,134.658
2012-05-27,97.652
2012-05-28,47.466
2012-05-29,25.317
2012-05-30,56.038
2012-05-31,626.05
2012-06-01,332.251
2012-06-02,95.523
2012-06-03,99.048
2012-06-04,284.918
2012-06-05,3.367
2012-06-06,222.279
2012-06-07,2.91
2012-06-08,215.682
2012-06-09,794.93
2012-06-10,229.937
2012-06-11,178.32
2012-06-12,8.932
2012-06-13,4.541
2012-06-14,24.612
2012-06-15,63.672
2012-06-16,381.895
2012-06-17,184.401
2012-06-18,79.52
2012-06-19,250.178
2012-06-20,197.586
2012-06-21,145.996
2012-06-22,65.132
2012-06-23,92.978
2012-06-24,442.664
2012-06-25,128.84
2012-06-26,123.622
2012-06-27,121.953
2012-06-28,121.005
2012-06-29,81.74
2012-06-30,253.164
2012-07-01,244.503
2012-07-02,191.4
2012-07-03,196.0
2012-07-04,242.2
2012-07-05,339.2
2012-07-06,364.674
2012-07-07,2453.958
2012-07-08,2428.014
2012-07-09,519.337
2012-07-10,649.811
2012-07-11,1316.825
2012-07-12,1677.229
2012-07-13,1530.06
2012-07-14,1432.026
2012-07-15,5951.682
2012-07-16,8943.885
2012-07-17,5233.6
2012-07-18,2032.603
2012-07-19,1587.009
2012-07-20,2068.443
2012-07-21,1028.119
2012-07-22,1179.237
2012-07-23,591.203
2012-07-24,762.824
2012-07-25,64.321
2012-07-26,542.728
2012-07-27,380.301
2012-07-28,157.448
2012-07-29,140.973
2012-07-30,312.414
2012-07-31,284.376
2012-08-02,115.489
2012-08-03,149.634
2012-08-05,122.347
2012-08-06,40.926
2012-08-07,115.462
2012-08-08,128.259
2012-08-09,93.545
2012-08-10,104.14
2012-08-11,134.207
2012-08-12,91.771
2012-08-13,1073.059
2012-08-14,2174.026
2012-08-15,1144.008
2012-08-16,2582.161
2012-08-17,2618.118
2012-08-18,1383.678
2012-08-19,909.185
2012-08-20,592.232
2012-08-22,741.557
2012-08-23,4606.993
2012-08-24,11398.268
2012-08-25,10670.237
2012-08-26,7578.628
2012-08-27,2269.803
2012-08-28,1953.23
2012-08-29,2720.716
2012-08-30,3340.619
2012-08-31,8329.951
2012-09-01,4610.489
2012-09-02,1425.316
2012-09-03,758.018
2012-09-04,674.092
2012-09-05,1381.629
2012-09-06,1723.538
2012-09-07,1130.204
2012-09-08,5633.194
2012-09-09,8973.367
2012-09-10,5547.325
2012-09-11,2018.613
2012-09-12,889.881
2012-09-13,1147.343
2012-09-14,918.295
2012-09-15,1514.221
2012-09-16,4427.609
2012-09-17,15476.633
2012-09-18,23708.897
2012-09-19,14899.301
2012-09-20,5650.699
2012-09-21,1585.215
2012-09-22,1042.665
2012-09-23,915.26
2012-09-24,1167.197
2012-09-25,1080.87
2012-09-26,463.801
2012-09-27,179.91
2012-09-28,419.849
2012-09-29,253.365
2012-09-30,371.123
2012-10-01,380.779
2012-10-02,341.646
2012-10-03,417.146
2012-10-04,384.573
2012-10-05,417.844
2012-10-06,142.741
2012-10-07,343.42
2012-10-08,314.628
2012-10-09,126.309
2012-10-10,353.528
2012-10-11,212.996
2012-10-12,242.998
2012-10-13,99.678
2012-10-14,183.912
2012-10-15,513.501
2012-10-16,2460.777
2012-10-17,2449.9
2012-10-18,2506.302
2012-10-19,2415.736
2012-10-20,2740.974
2012-10-21,2729.149
2012-10-22,2827.201
2012-10-23,2690.733
2012-10-24,2659.336
2012-10-25,2720.157
2012-10-26,2625.867
2012-10-27,2664.843
2012-10-28,2788.841
2012-10-29,2731.316
2012-10-30,2708.678
2012-10-31,2435.0
2012-11-01,2653.877
2012-11-02,2775.329
2012-11-03,2570.552
2012-11-04,2616.272
2012-11-05,2609.206
2012-11-06,2751.094
2012-11-07,2687.657
2012-11-08,2480.983
2012-11-09,2512.701
2012-11-10,2821.969
2012-11-11,2789.715
2012-11-12,2661.214
2012-11-13,2553.091
2012-11-14,2575.162
2012-11-15,2752.028
2012-11-16,2757.205
2012-11-17,2916.036
2012-11-18,2798.714
2012-11-19,3045.705
2012-11-20,2988.612
2012-11-21,2884.992
2012-11-22,2866.344
2012-11-23,2784.067
2012-11-24,2934.695
2012-11-25,2847.407
2012-11-26,2929.124
2012-11-27,2978.816
2012-11-28,2622.861
2012-11-29,2738.866
2012-11-30,2893.412
2012-12-01,2890.314
2012-12-02,2647.535
2012-12-03,2831.338
2012-12-04,2930.965
2012-12-05,2816.645
2012-12-06,2891.865
2012-12-07,3115.189
2012-12-08,3117.28
2012-12-09,3114.81
2012-12-10,3002.106
2012-12-11,2888.157
2012-12-12,2912.016
2012-12-13,2920.744
2012-12-14,2535.708
2012-12-15,2678.083
2012-12-16,2596.875
2012-12-17,3093.903
2012-12-18,3228.859
2012-12-19,3146.363
2012-12-20,3268.901
2012-12-21,3264.839
2012-12-22,3389.744
2012-12-23,3170.138
2012-12-24,3375.422
2012-12-25,3230.627
2012-12-26,2966.87
2012-12-27,2987.822
2012-12-28,3046.075
2012-12-29,2882.045
2012-12-30,2888.895
2012-12-31,135.441
2013-01-01,123.491
2013-01-02,157.528
2013-01-03,149.682
2013-01-04,103.38
2013-01-05,103.38
2013-01-06,103.38
2013-01-07,103.623
2013-01-08,107.203
2013-01-09,153.59
2013-01-10,150.232
2013-01-11,112.429
2013-01-12,122.886
2013-01-13,88.198
2013-01-14,96.895
2013-01-15,63.75
2013-01-16,139.123
2013-01-17,108.441
2013-01-18,117.774
2013-01-19,95.374
2013-01-20,89.871
2013-01-21,142.031
2013-01-22,163.701
2013-01-23,124.535
2013-01-24,334.817
2013-01-25,299.401
2013-01-26,304.926
2013-01-27,229.89
2013-01-28,103.321
2013-01-29,117.293
2013-01-30,197.355
2013-01-31,316.073
2013-02-01,385.737
2013-02-02,1226.172
2013-02-03,1097.018
2013-02-04,530.226
2013-02-05,719.36
2013-02-06,764.874
2013-02-07,613.546
2013-02-08,453.434
2013-02-09,299.725
2013-02-10,187.393
2013-02-11,360.277
2013-02-12,469.346
2013-02-13,293.223
2013-02-14,367.38
2013-02-15,308.609
2013-02-16,259.255
2013-02-17,250.683
2013-02-18,379.938
2013-02-19,332.84
2013-02-20,303.487
2013-02-21,182.98
2013-02-22,122.788
2013-02-23,208.104
2013-02-24,20.466
2013-02-25,70.764
2013-02-26,156.88
2013-02-27,250.399
2013-02-28,134.403
2013-03-01,361.601
2013-03-02,166.71
2013-03-03,37.621
2013-03-04,122.457
2013-03-05,109.429
2013-03-06,101.455
2013-03-07,225.641
2013-03-08,140.425
2013-03-09,264.426
2013-03-10,191.981
2013-03-11,147.323
2013-03-12,53.247
2013-03-13,44.403
2013-03-14,64.479
2013-03-15,40.036
2013-03-16,124.568
2013-03-17,219.508
2013-03-18,1214.401
2013-03-19,1100.78
2013-03-20,986.917
2013-03-21,469.986
2013-03-22,674.993
2013-03-23,332.929
2013-03-24,458.798
2013-03-25,367.666
2013-03-26,131.447
2013-03-27,52.697
2013-03-28,134.633
2013-03-29,133.171
2013-03-30,28.92
2013-03-31,116.162
2013-04-01,269.143
2013-04-02,540.903
2013-04-03,197.224
2013-04-04,128.243
2013-04-05,134.648
2013-04-06,466.46
2013-04-07,331.527
2013-04-08,585.205
2013-04-09,727.065
2013-04-10,207.947
2013-04-11,301.218
2013-04-12,327.552
2013-04-13,73.358
2013-04-14,142.911
2013-04-15,165.72
2013-04-16,260.951
2013-04-17,123.531
2013-04-18,131.272
2013-04-19,113.432
2013-04-20,12.273
2013-04-21,72.171
2013-04-22,261.234
2013-04-23,311.375
2013-04-24,671.444
2013-04-25,103.338
2013-04-26,191.799
2013-04-27,224.403
2013-04-28,241.976
2013-04-29,480.603
2013-04-30,234.49
2013-05-01,198.579
2013-05-02,198.435
2013-05-03,152.146
2013-05-04,163.981
2013-05-05,156.798
2013-05-06,71.927
2013-05-07,109.805
2013-05-08,120.737
2013-05-09,131.605
2013-05-10,240.085
2013-05-11,205.939
2013-05-12,318.029
2013-05-13,236.84
2013-05-14,27.932
2013-05-15,95.916
2013-05-16,95.521
2013-05-17,67.389
2013-05-18,52.567
2013-05-19,213.329
2013-05-20,282.612
2013-05-21,180.19
2013-05-22,85.416
2013-05-23,115.798
2013-05-24,39.431
2013-05-25,86.002
2013-05-26,149.816
2013-05-27,0.0
2013-05-28,0.0
2013-05-29,0.0
2013-05-30,0.0
2013-05-31,0.0
2013-06-01,0.0
2013-06-02,0.0
2013-06-03,0.0
2013-06-04,0.0
2013-06-05,0.0
2013-06-06,0.0
2013-06-07,60.497
2013-06-08,174.574
2013-06-09,243.158
2013-06-10,232.271
2013-06-11,191.412
2013-06-12,403.537
2013-06-13,105.555
2013-06-14,0.0
2013-06-15,0.0
2013-06-16,0.0
2013-06-17,0.0
2013-06-18,0.0
2013-06-19,0.0
2013-06-20,0.0
2013-06-21,0.0
2013-06-22,0.0
2013-06-23,0.0
2013-06-24,0.0
2013-06-25,0.0
2013-06-26,0.0
2013-06-27,0.0
2013-06-28,0.0
2013-06-29,0.0
2013-06-30,0.0
2013-07-01,0.0
2013-07-02,0.0
2013-07-03,0.0
2013-07-04,0.0
2013-07-05,0.0
2013-07-06,0.0
2013-07-07,0.0
2013-07-08,0.0
2013-07-09,0.0
2013-07-10,0.0
2013-07-11,0.0
2013-07-12,0.0
2013-07-13,0.0
2013-07-14,0.0
2013-07-15,0.0
2013-07-16,0.0
2013-07-17,0.0
2013-07-18,0.0
2013-07-19,0.0
2013-07-20,0.0
2013-07-21,0.0
2013-07-22,0.0
2013-07-23,0.0
2013-07-24,0.0
2013-07-25,0.0
2013-07-26,0.0
2013-07-27,0.0
2013-07-28,0.0
2013-07-29,0.0
2013-07-30,0.0
2013-07-31,0.0
2013-08-01,0.0
2013-08-02,133.437
2013-08-03,372.501
2013-08-04,395.788
2013-08-05,389.691
2013-08-06,251.685
2013-08-07,365.838
2013-08-08,312.559
2013-08-09,289.511
2013-08-10,255.857
2013-08-11,277.198
2013-08-12,331.442
2013-08-13,329.591
2013-08-14,307.096
2013-08-15,353.275
2013-08-16,353.44
2013-08-17,335.994
2013-08-18,301.21
2013-08-19,296.068
2013-08-20,298.49
2013-08-21,278.149
2013-08-22,280.025
2013-08-23,274.519
2013-08-24,592.046
2013-08-25,539.676
2013-08-26,148.723
2013-08-27,202.53
2013-08-28,304.515
2013-08-29,294.235
2013-08-30,306.875
2013-08-31,203.416
2013-09-01,203.109
2013-09-02,241.487
2013-09-03,208.458
2013-09-04,117.919
2013-09-05,141.761
2013-09-06,135.357
2013-09-07,142.249
2013-09-08,59.552
2013-09-09,155.62
2013-09-10,231.291
2013-09-11,136.866
2013-09-12,99.433
2013-09-13,412.334
2013-09-14,525.15
2013-09-15,517.57
2013-09-16,280.299
2013-09-17,185.739
2013-09-18,214.136
2013-09-19,159.342
2013-09-20,199.029
2013-09-21,142.828
2013-09-22,133.592
2013-09-23,109.049
2013-09-24,124.622
2013-09-25,135.498
2013-09-26,115.358
2013-09-27,92.363
2013-09-28,155.877
2013-09-29,191.616
2013-09-30,666.275
2013-10-01,734.952
2013-10-02,401.783
2013-10-03,202.135
2013-10-04,441.927
2013-10-05,106.81
2013-10-06,153.355
2013-10-07,165.266
2013-10-08,556.18
2013-10-09,756.549
2013-10-10,667.606
2013-10-11,953.375
2013-10-12,539.467
2013-10-13,414.457
2013-10-14,313.045
2013-10-15,226.736
2013-10-16,243.601
2013-10-17,169.318
2013-10-18,142.991
2013-10-19,151.3
2013-10-20,191.905
2013-10-21,141.38
2013-10-22,173.124
2013-10-23,86.67
2013-10-24,89.884
2013-10-25,151.934
2013-10-26,149.019
2013-10-27,133.562
2013-10-28,64.968
2013-10-29,89.82
2013-10-30,110.477
2013-10-31,151.735
2013-11-01,113.372
2013-11-02,58.448
2013-11-03,3.401
2013-11-04,22.801
2013-11-05,78.045
2013-11-06,59.147
2013-11-07,118.038
2013-11-08,80.98
2013-11-09,159.551
2013-11-10,138.82
2013-11-11,80.058
2013-11-12,105.208
2013-11-13,273.363
2013-11-14,94.682
2013-11-15,58.519
2013-11-16,138.861
2013-11-17,121.196
2013-11-18,118.35
2013-11-19,66.138
2013-11-20,48.209
2013-11-21,46.673
2013-11-22,34.785
2013-11-23,37.436
2013-11-24,50.355
2013-11-25,295.674
2013-11-26,328.024
2013-11-27,299.888
2013-11-28,108.459
2013-11-29,135.578
2013-11-30,117.207
2013-12-01,102.809
2013-12-02,83.809
2013-12-03,101.702
2013-12-04,50.465
2013-12-05,122.437
2013-12-06,60.283
2013-12-07,108.581
2013-12-08,83.135
2013-12-09,161.171
2013-12-10,168.958
2013-12-11,83.617
2013-12-12,53.321
2013-12-13,51.723
2013-12-14,172.31
2013-12-15,143.85
2013-12-16,49.687
2013-12-17,36.134
2013-12-18,49.162
2013-12-19,55.575
2013-12-20,42.545
2013-12-21,36.693
2013-12-22,41.068
2013-12-23,74.581
2013-12-24,95.536
2013-12-25,60.74
2013-12-26,69.803
2013-12-27,98.528
2013-12-28,39.887
2013-12-29,51.069
2013-12-30,42.576
2013-12-31,203.844
2014-01-01,91.691
2014-01-02,35.305
2014-01-03,50.212
2014-01-04,39.691
2014-01-05,35.64
2014-01-06,82.816
2014-01-07,130.182
2014-01-08,59.631
2014-01-09,194.6
2014-01-10,192.881
2014-01-11,33.521
2014-01-12,32.21
2014-01-13,34.047
2014-01-14,41.866
2014-01-15,40.706
2014-01-16,41.48
2014-01-17,76.619
2014-01-18,54.015
2014-01-19,19.312
2014-01-20,29.332
2014-01-21,55.176
2014-01-22,53.129
2014-01-23,77.689
2014-01-24,92.317
2014-01-25,43.677
2014-01-26,47.729
2014-01-27,50.784
2014-01-28,50.765
2014-01-29,47.862
2014-01-30,42.455
2014-01-31,45.9
2014-02-01,38.939
2014-02-02,52.13
2014-02-03,56.129
2014-02-04,87.202
2014-02-05,86.815
2014-02-06,66.27
2014-02-07,67.996
2014-02-08,48.67
2014-02-09,86.427
2014-02-10,56.939
2014-02-11,45.588
2014-02-12,41.189
2014-02-13,42.663
2014-02-14,36.235
2014-02-15,34.344
2014-02-16,33.014
2014-02-17,39.086
2014-02-18,148.689
2014-02-19,98.985
2014-02-20,84.639
2014-02-21,38.981
2014-02-22,36.079
2014-02-23,40.853
2014-02-24,188.256
2014-02-25,165.138
2014-02-26,216.587
2014-02-27,121.225
2014-02-28,36.922
2014-03-01,32.958
2014-03-02,14.647
2014-03-03,9.715
2014-03-04,5.767
2014-03-05,20.506
2014-03-06,49.477
2014-03-07,56.402
2014-03-08,66.124
2014-03-09,64.323
2014-03-10,60.544
2014-03-11,135.812
2014-03-12,63.221
2014-03-13,297.467
2014-03-14,369.165
2014-03-15,246.436
2014-03-16,340.676
2014-03-17,180.946
2014-03-18,173.847
2014-03-19,105.474
2014-03-20,176.22
2014-03-21,108.481
2014-03-22,73.499
2014-03-23,90.896
2014-03-24,113.919
2014-03-25,115.313
2014-03-26,151.016
2014-03-27,142.442
2014-03-28,156.377
2014-03-29,124.447
2014-03-30,232.969
2014-03-31,176.818
2014-04-01,425.725
2014-04-02,428.153
2014-04-03,239.497
2014-04-04,223.801
2014-04-05,253.589
2014-04-06,152.74
2014-04-07,218.779
2014-04-08,204.719
2014-04-09,132.696
2014-04-10,74.862
2014-04-11,79.177
2014-04-12,89.747
2014-04-13,133.581
2014-04-14,63.229
2014-04-15,23.293
2014-04-16,14.363
2014-04-17,83.544
2014-04-18,134.414
2014-04-19,130.288
2014-04-20,97.821
2014-04-21,87.375
2014-04-22,126.686
2014-04-23,44.603
2014-04-24,51.284
2014-04-25,99.619
2014-04-26,105.077
2014-04-27,100.234
2014-04-28,287.153
2014-04-29,434.724
2014-04-30,789.963
2014-05-01,901.612
2014-05-02,492.939
2014-05-03,435.942
2014-05-04,222.681
2014-05-05,329.005
2014-05-06,367.328
2014-05-07,254.467
2014-05-08,213.222
2014-05-09,260.072
2014-05-10,159.571
2014-05-11,257.896
2014-05-12,536.015
2014-05-13,348.97
2014-05-14,182.552
2014-05-15,216.031
2014-05-16,91.153
2014-05-17,44.986
2014-05-18,107.541
2014-05-19,89.329
2014-05-20,106.155
2014-05-21,91.231
2014-05-22,103.442
2014-05-23,41.813
2014-05-24,37.97
2014-05-25,72.143
2014-05-26,87.388
2014-05-27,10.398
2014-05-28,18.947
2014-05-29,31.142
2014-05-30,21.254
2014-05-31,11.355
2014-06-01,30.702
2014-06-02,73.532
2014-06-03,182.733
2014-06-04,263.448
2014-06-05,128.13
2014-06-06,116.684
2014-06-07,104.593
2014-06-08,128.657
2014-06-09,94.708
2014-06-10,103.831
2014-06-11,100.136
2014-06-12,107.792
2014-06-13,196.707
2014-06-14,177.7
2014-06-15,339.281
2014-06-16,232.422
2014-06-17,103.685
2014-06-18,70.772
2014-06-19,29.165
2014-06-20,79.377
2014-06-21,128.791
2014-06-22,108.589
2014-06-23,165.62
2014-06-24,224.11
2014-06-25,294.86
2014-06-26,133.687
2014-06-27,128.337
2014-06-28,281.471
2014-06-29,159.475
2014-06-30,74.68
2014-07-01,187.001
2014-07-02,209.164
2014-07-03,393.606
2014-07-04,348.07
2014-07-05,209.905
2014-07-06,176.091
2014-07-07,205.439
2014-07-08,418.652
2014-07-09,235.703
2014-07-10,78.646
2014-07-11,103.627
2014-07-12,149.596
2014-07-13,116.462
2014-07-14,231.464
2014-07-15,79.744
2014-07-16,112.3
2014-07-17,204.187
2014-07-18,318.63
2014-07-19,225.447
2014-07-20,395.283
2014-07-21,238.089
2014-07-22,95.023
2014-07-23,157.425
2014-07-24,139.531
2014-07-25,50.026
2014-07-26,99.538
2014-07-27,72.94
2014-07-28,39.804
2014-07-29,51.381
2014-07-30,48.909
2014-07-31,56.698
2014-08-01,118.751
2014-08-02,457.74
2014-08-03,2270.661
2014-08-04,2815.414
2014-08-05,1699.782
2014-08-06,967.865
2014-08-07,654.676
2014-08-08,1109.338
2014-08-09,1205.46
2014-08-10,720.018
2014-08-11,996.632
2014-08-12,751.6
2014-08-13,656.324
2014-08-14,774.589
2014-08-15,1409.03
2014-08-16,1156.165
2014-08-17,919.181
2014-08-18,2689.224
2014-08-19,4296.19
2014-08-20,3542.328
2014-08-21,3959.452
2014-08-22,3803.841
2014-08-23,1738.712
2014-08-24,1058.549
2014-08-25,1913.537
2014-08-26,3616.562
2014-08-27,2806.505
2014-08-28,1798.349
2014-08-29,922.445
2014-08-30,859.512
2014-08-31,632.836
2014-09-01,372.759
2014-09-02,395.135
2014-09-03,721.59
2014-09-04,456.126
2014-09-05,394.249
2014-09-06,269.429
2014-09-07,285.019
2014-09-08,210.03
2014-09-09,294.832
2014-09-10,327.722
2014-09-11,191.669
2014-09-12,70.414
2014-09-13,141.709
2014-09-14,73.546
2014-09-15,85.956
2014-09-16,100.918
2014-09-17,150.789
2014-09-18,123.36
2014-09-19,82.047
2014-09-20,82.636
2014-09-21,83.322
2014-09-22,77.228
2014-09-23,83.843
2014-09-24,847.887
2014-09-25,2094.911
2014-09-26,1022.371
2014-09-27,492.795
2014-09-28,474.79
2014-09-29,367.873
2014-09-30,334.816
2014-10-01,201.83
2014-10-02,189.945
2014-10-03,93.654
2014-10-04,94.501
2014-10-05,101.077
2014-10-06,165.167
2014-10-07,235.405
2014-10-08,191.028
2014-10-09,183.016
2014-10-10,104.261
2014-10-11,116.766
2014-10-12,220.62
2014-10-13,221.599
2014-10-14,95.114
2014-10-15,97.544
2014-10-16,83.863
2014-10-17,56.799
2014-10-18,85.376
2014-10-19,88.496
2014-10-20,55.541
2014-10-21,241.608
2014-10-22,1689.515
2014-10-23,1317.36
2014-10-24,540.879
2014-10-25,590.691
2014-10-26,302.617
2014-10-27,403.591
2014-10-28,224.406
2014-10-29,141.493
2014-10-30,370.923
2014-10-31,286.242
2014-11-01,641.491
2014-11-02,755.57
2014-11-03,476.121
2014-11-04,340.384
2014-11-05,275.107
2014-11-06,276.271
2014-11-07,289.436
2014-11-08,288.304
2014-11-09,346.528
2014-11-10,190.105
2014-11-11,251.201
2014-11-12,255.475
2014-11-13,33.664
2014-11-14,160.672
2014-11-15,233.678
2014-11-16,112.617
2014-11-17,124.438
2014-11-18,69.713
2014-11-19,81.001
2014-11-20,74.355
2014-11-21,59.395
2014-11-22,68.286
2014-11-23,64.253
2014-11-24,82.27
2014-11-25,356.767
2014-11-26,563.552
2014-11-27,585.824
2014-11-28,496.983
2014-11-29,406.085
2014-11-30,412.855
2014-12-01,506.593
2014-12-02,386.311
2014-12-03,312.779
2014-12-04,311.479
2014-12-05,247.626
2014-12-06,402.466
2014-12-07,346.175
2014-12-08,289.451
2014-12-09,251.969
2014-12-10,185.785
2014-12-11,150.715
2014-12-12,331.426
2014-12-13,145.624
2014-12-14,100.414
2014-12-15,180.252
2014-12-16,153.168
2014-12-17,100.294
2014-12-18,108.158
2014-12-19,84.105
2014-12-20,91.959
2014-12-21,104.639
2014-12-22,79.099
2014-12-23,74.678
2014-12-24,78.179
2014-12-25,60.31
2014-12-26,76.279
2014-12-27,95.4
2014-12-28,99.306
2014-12-29,109.05
2014-12-30,79.832
2014-12-31,81.01
2015-01-01,83.466
2015-01-02,102.706
2015-01-03,117.919
2015-01-04,49.751
2015-01-05,64.463
2015-01-06,73.802
2015-01-07,70.51
2015-01-08,64.537
2015-01-09,70.192
2015-01-10,160.738
2015-01-11,90.058
2015-01-12,108.601
2015-01-13,71.427
2015-01-14,91.665
2015-01-15,107.291
2015-01-16,86.413
2015-01-17,67.791
2015-01-18,100.606
2015-01-19,66.641
2015-01-20,91.778
2015-01-21,71.706
2015-01-22,85.02
2015-01-23,104.622
2015-01-24,96.861
2015-01-25,113.236
2015-01-26,103.215
2015-01-27,118.225
2015-01-28,90.134
2015-01-29,148.782
2015-01-30,184.704
2015-01-31,90.292
2015-02-01,113.8
2015-02-02,81.479
2015-02-03,50.83
2015-02-04,53.711
2015-02-05,84.583
2015-02-06,68.816
2015-02-07,66.796
2015-02-08,112.717
2015-02-09,137.394
2015-02-10,99.695
2015-02-11,83.934
2015-02-12,121.523
2015-02-13,127.44
2015-02-14,109.171
2015-02-15,80.009
2015-02-16,82.395
2015-02-17,104.642
2015-02-18,108.797
2015-02-19,95.065
2015-02-20,81.607
2015-02-21,124.69
2015-02-22,98.953
2015-02-23,127.373
2015-02-24,110.892
2015-02-25,121.808
2015-02-26,117.126
2015-02-27,111.061
2015-02-28,122.014
2015-03-01,121.353
2015-03-02,128.143
2015-03-03,112.747
2015-03-04,93.989
2015-03-05,106.693
2015-03-06,80.423
2015-03-07,59.991
2015-03-08,80.181
2015-03-09,79.614
2015-03-10,103.745
2015-03-11,233.858
2015-03-12,101.44
2015-03-13,175.644
2015-03-14,226.392
2015-03-15,281.088
2015-03-16,137.946
2015-03-17,177.852
2015-03-18,227.289
2015-03-19,388.585
2015-03-20,755.7
2015-03-21,516.637
2015-03-22,436.966
2015-03-23,241.117
2015-03-24,227.695
2015-03-25,375.938
2015-03-26,426.613
2015-03-27,359.172
2015-03-28,387.429
2015-03-29,302.431
2015-03-30,326.308
2015-03-31,373.547
2015-04-01,219.284
2015-04-02,287.239
2015-04-03,289.071
2015-04-04,354.968
2015-04-05,437.544
2015-04-06,567.974
2015-04-07,611.878
2015-04-08,366.517
2015-04-09,312.416
2015-04-10,281.218
2015-04-11,457.12
2015-04-12,329.326
2015-04-13,307.193
2015-04-14,366.685
2015-04-15,486.438
2015-04-16,461.233
2015-04-17,466.268
2015-04-18,528.842
2015-04-19,491.367
2015-04-20,434.838
2015-04-21,648.468
2015-04-22,641.36
2015-04-23,365.351
2015-04-24,613.612
2015-04-25,389.019
2015-04-26,371.336
2015-04-27,203.15
2015-04-28,384.598
2015-04-29,465.784
2015-04-30,497.244
2015-05-01,569.53
2015-05-02,379.726
2015-05-03,409.312
2015-05-04,331.852
2015-05-05,321.554
2015-05-06,369.934
2015-05-07,379.328
2015-05-08,312.4
2015-05-09,292.71
2015-05-10,321.395
2015-05-11,462.269
2015-05-12,757.166
2015-05-13,671.065
2015-05-14,436.692
2015-05-15,333.261
2015-05-16,358.813
2015-05-17,319.795
2015-05-18,298.403
2015-05-19,245.282
2015-05-20,209.04
2015-05-21,216.5
2015-05-22,324.321
2015-05-23,132.178
2015-05-24,139.774
2015-05-25,281.488
2015-05-26,131.814
2015-05-27,130.967
2015-05-28,123.351
2015-05-29,108.177
2015-05-30,99.802
2015-05-31,87.78
2015-06-01,132.038
2015-06-02,233.215
2015-06-03,91.501
2015-06-04,102.635
2015-06-05,96.611
2015-06-06,174.649
2015-06-07,341.286
2015-06-08,135.339
2015-06-09,271.514
2015-06-10,143.674
2015-06-11,130.109
2015-06-12,131.38
2015-06-13,207.819
2015-06-14,186.214
2015-06-15,192.894
2015-06-16,234.84
2015-06-17,91.234
2015-06-18,95.368
2015-06-19,98.975
2015-06-20,103.006
2015-06-21,382.762
2015-06-22,205.762
2015-06-23,386.814
2015-06-24,367.751
2015-06-25,202.546
2015-06-26,481.404
2015-06-27,521.308
2015-06-28,280.537
2015-06-29,331.833
2015-06-30,339.872
2015-07-01,347.45
2015-07-02,266.145
2015-07-03,309.664
2015-07-04,158.186
2015-07-05,170.506
2015-07-06,164.121
2015-07-07,220.091
2015-07-08,558.807
2015-07-09,1759.915
2015-07-10,1525.059
2015-07-11,620.891
2015-07-12,904.976
2015-07-13,1955.173
2015-07-14,1350.605
2015-07-15,695.985
2015-07-16,588.831
2015-07-17,316.381
2015-07-18,319.691
2015-07-19,349.841
2015-07-20,302.28
2015-07-21,349.596
2015-07-22,292.976
2015-07-23,465.879
2015-07-24,327.459
2015-07-25,445.952
2015-07-26,348.801
2015-07-27,178.985
2015-07-28,183.511
2015-07-29,89.875
2015-07-30,103.408
2015-07-31,88.092
2015-08-01,99.183
2015-08-02,90.344
2015-08-03,83.779
2015-08-04,111.073
2015-08-05,128.12
2015-08-06,91.337
2015-08-07,83.382
2015-08-08,67.411
2015-08-09,90.373
2015-08-10,101.738
2015-08-11,164.603
2015-08-12,121.79
2015-08-13,221.226
2015-08-14,134.563
2015-08-15,141.973
2015-08-16,116.417
2015-08-17,150.371
2015-08-18,194.914
2015-08-19,117.141
2015-08-20,149.783
2015-08-21,376.419
2015-08-22,454.25
2015-08-23,253.283
2015-08-24,188.475
2015-08-25,289.464
2015-08-26,530.513
2015-08-27,369.171
2015-08-28,214.099
2015-08-29,209.955
2015-08-30,280.899
2015-08-31,133.219
2015-09-01,207.517
2015-09-02,137.97
2015-09-03,461.819
2015-09-04,426.216
2015-09-05,409.064
2015-09-06,433.993
2015-09-07,363.184
2015-09-08,218.002
2015-09-09,175.327
2015-09-10,100.174
2015-09-11,78.952
2015-09-12,118.11
2015-09-13,112.253
2015-09-14,95.856
2015-09-15,78.837
2015-09-16,92.537
2015-09-17,194.658
2015-09-18,61.453
2015-09-19,124.816
2015-09-20,162.325
2015-09-21,105.02
2015-09-22,38.514
2015-09-23,67.768
2015-09-24,157.012
2015-09-25,105.821
2015-09-26,162.242
2015-09-27,76.412
2015-09-28,137.38
2015-09-29,154.155
2015-09-30,146.635
2015-10-01,232.121
2015-10-02,266.195
2015-10-03,191.485
2015-10-04,255.138
2015-10-05,200.37
2015-10-06,165.592
2015-10-07,89.63
2015-10-08,72.966
2015-10-09,157.534
2015-10-10,117.026
2015-10-11,113.905
2015-10-12,183.808
2015-10-13,150.505
2015-10-14,99.994
2015-10-15,136.234
2015-10-16,142.585
2015-10-17,34.088
2015-10-18,94.829
2015-10-19,94.038
2015-10-20,106.716
2015-10-21,103.173
2015-10-22,28.581
2015-10-23,42.069
2015-10-24,25.997
2015-10-25,48.727
2015-10-26,35.233
2015-10-27,44.255
2015-10-28,135.193
2015-10-29,32.421
2015-10-30,52.862
2015-10-31,25.65
2015-11-01,37.666
2015-11-02,49.69
2015-11-03,52.815
2015-11-04,82.807
2015-11-05,47.926
2015-11-06,77.501
2015-11-07,117.244
2015-11-08,259.271
2015-11-09,225.471
2015-11-10,174.203
2015-11-11,175.376
2015-11-12,146.873
2015-11-13,96.541
2015-11-14,311.802
2015-11-15,325.574
2015-11-16,274.425
2015-11-17,209.073
2015-11-18,96.243
2015-11-19,130.658
2015-11-20,172.54
2015-11-21,137.656
2015-11-22,102.147
2015-11-23,92.778
2015-11-24,146.415
2015-11-25,219.971
2015-11-26,170.533
2015-11-27,226.442
2015-11-28,173.636
2015-11-29,85.208
2015-11-30,86.033
2015-12-01,179.315
2015-12-02,174.008
2015-12-03,171.981
2015-12-04,93.737
2015-12-05,94.684
2015-12-06,133.151
2015-12-07,105.165
2015-12-08,114.577
2015-12-09,99.694
2015-12-10,199.931
2015-12-11,239.266
2015-12-12,296.869
2015-12-13,278.906
2015-12-14,191.719
2015-12-15,294.121
2015-12-16,260.203
2015-12-17,281.449
2015-12-18,184.17
2015-12-19,205.459
2015-12-20,165.12
2015-12-21,184.094
2015-12-22,205.316
2015-12-23,233.062
2015-12-24,227.485
2015-12-25,239.256
2015-12-26,224.042
2015-12-27,215.975
2015-12-28,326.674
2015-12-29,325.979
2015-12-30,269.614
2015-12-31,288.262
2016-01-01,210.828
2016-01-02,133.748
2016-01-03,133.688
2016-01-04,133.496
2016-01-05,117.569
2016-01-06,131.528
2016-01-07,105.87
2016-01-08,103.178
2016-01-09,87.971
2016-01-10,31.4
2016-01-11,39.937
2016-01-12,35.899
2016-01-13,41.176
2016-01-14,11.12
2016-01-15,62.352
2016-01-16,68.28
2016-01-17,37.954
2016-01-18,45.861
2016-01-19,47.637
2016-01-20,145.174
2016-01-21,111.27
2016-01-22,72.375
2016-01-23,147.812
2016-01-24,149.126
2016-01-25,153.595
2016-01-26,151.096
2016-01-27,160.26
2016-01-28,161.79
2016-01-29,206.292
2016-01-30,219.494
2016-01-31,221.31
2016-02-01,174.379
2016-02-02,139.812
2016-02-03,89.008
2016-02-04,88.959
2016-02-05,46.113
2016-02-06,38.761
2016-02-07,37.882
2016-02-08,38.876
2016-02-09,32.435
2016-02-10,27.907
2016-02-11,36.434
2016-02-12,49.096
2016-02-13,303.374
2016-02-14,309.296
2016-02-15,163.111
2016-02-16,217.103
2016-02-17,149.173
2016-02-18,125.944
2016-02-19,116.828
2016-02-20,74.713
2016-02-21,62.344
2016-02-22,58.524
2016-02-23,69.196
2016-02-24,48.176
2016-02-25,60.573
2016-02-26,107.12
2016-02-27,101.009
2016-02-28,83.852
2016-02-29,134.627
2016-03-01,64.481
2016-03-02,51.85
2016-03-03,58.555
2016-03-04,140.243
2016-03-05,227.043
2016-03-06,894.395
2016-03-07,675.436
2016-03-08,675.95
2016-03-09,535.618
2016-03-10,597.617
2016-03-11,332.65
2016-03-12,262.58
2016-03-13,316.158
2016-03-14,168.93
2016-03-15,174.886
2016-03-16,90.879
2016-03-17,131.708
2016-03-18,188.718
2016-03-19,155.87
2016-03-20,151.916
2016-03-21,188.332
2016-03-22,104.757
2016-03-23,110.211
2016-03-24,119.905
2016-03-25,121.842
2016-03-26,73.892
2016-03-27,128.859
2016-03-28,74.239
2016-03-29,107.355
2016-03-30,105.993
2016-03-31,81.816
2016-04-01,74.998
2016-04-02,96.203
2016-04-03,115.658
2016-04-04,183.031
2016-04-05,248.348
2016-04-06,187.25
2016-04-07,752.981
2016-04-08,1030.067
2016-04-09,776.142
2016-04-10,586.206
2016-04-11,424.744
2016-04-12,493.564
2016-04-13,352.07
2016-04-14,539.214
2016-04-15,413.612
2016-04-16,688.543
2016-04-17,1042.333
2016-04-18,977.562
2016-04-19,796.954
2016-04-20,717.861
2016-04-21,643.021
2016-04-22,765.519
2016-04-23,798.994
2016-04-24,650.944
2016-04-25,299.432
2016-04-26,261.093
2016-04-27,385.98
2016-04-28,872.562
2016-04-29,1010.372
2016-04-30,960.967
2016-05-01,825.354
2016-05-02,788.564
2016-05-03,1050.103
2016-05-04,1000.078
2016-05-05,760.683
2016-05-06,445.286
2016-05-07,613.033
2016-05-08,506.024
2016-05-09,409.262
2016-05-10,345.059
2016-05-11,444.241
2016-05-12,470.798
2016-05-13,385.331
2016-05-14,364.29
2016-05-15,392.045
2016-05-16,282.843
2016-05-17,308.185
2016-05-18,213.151
2016-05-19,223.682
2016-05-20,190.839
2016-05-21,160.443
2016-05-22,158.55
2016-05-23,168.671
2016-05-24,335.318
2016-05-25,174.999
2016-05-26,223.707
2016-05-27,158.323
2016-05-28,110.724
2016-05-29,116.754
2016-05-30,152.453
2016-05-31,146.9
2016-06-01,91.023
2016-06-02,110.416
2016-06-03,83.974
2016-06-04,106.25
2016-06-05,160.6
2016-06-06,242.886
2016-06-07,101.291
2016-06-08,157.498
2016-06-09,196.878
2016-06-10,126.405
2016-06-11,154.969
2016-06-12,243.507
2016-06-13,126.235
2016-06-14,245.499
2016-06-15,161.144
2016-06-16,102.837
2016-06-17,150.741
2016-06-18,153.803
2016-06-19,146.913
2016-06-20,185.675
2016-06-21,139.547
2016-06-22,244.549
2016-06-23,194.454
2016-06-24,418.895
2016-06-25,510.515
2016-06-26,245.49
2016-06-27,184.541
2016-06-28,202.699
2016-06-29,453.636
2016-06-30,59.004
2016-07-01,235.296
2016-07-02,1177.994
2016-07-03,1443.24
2016-07-04,1637.25
2016-07-05,2899.026
2016-07-06,2923.268
2016-07-07,3268.814
2016-07-08,3201.576
2016-07-09,1534.536
2016-07-10,920.83
2016-07-11,451.961
2016-07-12,648.439
2016-07-13,552.844
2016-07-14,301.993
2016-07-15,190.077
2016-07-16,380.251
2016-07-17,275.635
2016-07-18,498.585
2016-07-19,306.427
2016-07-20,224.56
2016-07-21,129.173
2016-07-22,95.447
2016-07-23,153.889
2016-07-24,166.795
2016-07-25,187.755
2016-07-26,188.741
2016-07-27,251.886
2016-07-28,181.198
2016-07-29,163.902
2016-07-30,146.689
2016-07-31,180.619
2016-08-01,230.887
2016-08-02,206.157
2016-08-03,256.012
2016-08-04,192.124
2016-08-05,220.022
2016-08-06,196.58
2016-08-07,181.05
2016-08-08,164.588
2016-08-09,206.334
2016-08-10,363.07
2016-08-11,103.722
2016-08-12,100.762
2016-08-13,160.991
2016-08-14,105.153
2016-08-15,122.509
2016-08-16,374.55
2016-08-17,130.426
2016-08-18,47.886
2016-08-19,38.108
2016-08-20,35.188
2016-08-21,48.829
2016-08-22,99.374
2016-08-23,94.565
2016-08-24,94.062
2016-08-25,91.25
2016-08-26,77.653
2016-08-27,172.852
2016-08-28,185.742
2016-08-29,185.009
2016-08-30,215.083
2016-08-31,194.339
2016-09-01,206.853
2016-09-02,346.181
2016-09-03,2823.033
2016-09-04,2514.562
2016-09-05,861.054
2016-09-06,561.369
2016-09-07,270.127
2016-09-08,393.316
2016-09-09,362.463
2016-09-10,413.709
2016-09-11,394.636
2016-09-12,366.062
2016-09-13,263.635
2016-09-14,281.9
2016-09-15,194.851
2016-09-16,228.271
2016-09-17,1510.211
2016-09-18,3830.009
2016-09-19,2919.503
2016-09-20,1248.323
2016-09-21,888.755
2016-09-22,326.338
2016-09-23,408.483
2016-09-24,425.673
2016-09-25,355.177
2016-09-26,152.946
2016-09-27,210.047
2016-09-28,188.851
2016-09-29,353.725
2016-09-30,566.647
2016-10-01,613.348
2016-10-02,497.783
2016-10-03,464.619
2016-10-04,478.014
2016-10-05,2012.19
2016-10-06,2895.842
2016-10-07,1491.938
2016-10-08,1368.232
2016-10-09,1589.958
2016-10-10,971.699
2016-10-11,758.147
2016-10-12,727.308
2016-10-13,485.238
2016-10-14,327.115
2016-10-15,438.294
2016-10-16,307.603
2016-10-17,715.092
2016-10-18,512.302
2016-10-19,437.608
2016-10-20,403.908
2016-10-21,393.999
2016-10-22,367.548
2016-10-23,376.186
2016-10-24,346.681
2016-10-25,319.087
2016-10-26,322.79
2016-10-27,405.231
2016-10-28,340.709
2016-10-29,278.488
2016-10-30,299.198
2016-10-31,250.168
2016-11-01,266.237
2016-11-02,361.399
2016-11-03,148.517
2016-11-04,129.64
2016-11-05,260.438
2016-11-06,233.857
2016-11-07,309.195
2016-11-08,215.046
2016-11-09,105.903
2016-11-10,183.606
2016-11-11,160.822
2016-11-12,210.017
2016-11-13,225.356
2016-11-14,227.867
2016-11-15,89.606
2016-11-16,193.649
2016-11-17,132.361
2016-11-18,203.708
2016-11-19,253.301
2016-11-20,158.577
2016-11-21,220.869
2016-11-22,221.625
2016-11-23,146.7
2016-11-24,77.684
2016-11-25,96.72
2016-11-26,108.563
2016-11-27,151.236
2016-11-28,75.579
2016-11-29,88.837
2016-11-30,118.962
2016-12-01,73.712
2016-12-02,94.349
2016-12-03,128.573
2016-12-04,81.039
2016-12-05,111.951
2016-12-06,120.048
2016-12-07,147.222
2016-12-08,98.011
2016-12-09,117.125
2016-12-10,110.352
2016-12-11,116.374
2016-12-12,66.786
2016-12-13,84.389
2016-12-14,120.591
2016-12-15,70.626
2016-12-16,77.204
2016-12-17,51.331
2016-12-18,99.857
2016-12-19,94.507
2016-12-20,148.363
2016-12-21,182.363
2016-12-22,707.757
2016-12-23,562.974
2016-12-24,335.217
2016-12-25,436.608
2016-12-26,484.199
2016-12-27,419.702
2016-12-28,435.737
2016-12-29,365.651
2016-12-30,339.186
2016-12-31,302.059
2017-01-01,297.808
2017-01-02,290.975
2017-01-03,273.601
2017-01-04,287.999
2017-01-05,274.097
2017-01-06,276.522
2017-01-07,239.88
2017-01-08,126.951
2017-01-09,153.09
2017-01-10,125.619
2017-01-11,117.171
2017-01-12,70.033
2017-01-13,127.181
2017-01-14,124.063
2017-01-15,82.095
2017-01-16,80.023
2017-01-17,115.208
2017-01-18,172.465
2017-01-19,112.912
2017-01-20,134.277
2017-01-21,125.108
2017-01-22,98.217
2017-01-23,68.818
2017-01-24,56.958
2017-01-25,112.62
2017-01-26,119.75
2017-01-27,59.912
2017-01-28,56.182
2017-01-29,112.547
2017-01-30,113.038
2017-01-31,65.18
2017-02-01,72.081
2017-02-02,94.276
2017-02-03,80.965
2017-02-04,84.732
2017-02-05,89.994
2017-02-06,90.39
2017-02-07,112.227
2017-02-08,105.003
2017-02-09,63.593
2017-02-10,113.61
2017-02-11,133.088
2017-02-12,68.135
2017-02-13,51.191
2017-02-14,164.142
2017-02-15,215.839
2017-02-16,462.098
2017-02-17,250.437
2017-02-18,164.88
2017-02-19,277.465
2017-02-20,236.88
2017-02-21,455.635
2017-02-22,394.753
2017-02-23,210.863
2017-02-24,128.886
2017-02-25,86.522
2017-02-26,73.887
2017-02-27,88.248
2017-02-28,60.163
2017-03-01,46.794
2017-03-02,18.513
2017-03-03,10.527
2017-03-04,17.593
2017-03-05,17.698
2017-03-06,63.867
2017-03-07,170.475
2017-03-08,220.673
2017-03-09,230.419
2017-03-10,215.13
2017-03-11,129.195
2017-03-12,61.503
2017-03-13,82.126
2017-03-14,177.275
2017-03-15,120.892
2017-03-16,97.778
2017-03-17,123.986
2017-03-18,217.791
2017-03-19,100.433
2017-03-20,85.465
2017-03-21,167.789
2017-03-22,102.311
2017-03-23,52.764
2017-03-24,53.739
2017-03-25,75.825
2017-03-26,61.972
2017-03-27,69.482
2017-03-28,56.545
2017-03-29,69.803
2017-03-30,51.568
2017-03-31,45.346
2017-04-01,39.215
2017-04-02,65.015
2017-04-03,48.077
2017-04-04,71.643
2017-04-05,124.04
2017-04-06,483.525
2017-04-07,580.499
2017-04-08,287.394
2017-04-09,208.932
2017-04-10,252.812
2017-04-11,165.477
2017-04-12,206.52
2017-04-13,224.537
2017-04-14,207.152
2017-04-15,243.784
2017-04-16,152.719
2017-04-17,326.119
2017-04-18,189.467
2017-04-19,256.573
2017-04-20,205.006
2017-04-21,191.415
2017-04-22,247.891
2017-04-23,180.386
2017-04-24,140.506
2017-04-25,170.653
2017-04-26,129.27
2017-04-27,151.514
2017-04-28,63.349
2017-04-29,81.822
2017-04-30,89.638
2017-05-01,132.442
2017-05-02,70.261
2017-05-03,155.995
2017-05-04,159.231
2017-05-05,108.81
2017-05-06,156.824
2017-05-07,125.809
2017-05-08,66.164
2017-05-09,97.978
2017-05-10,145.154
2017-05-11,104.544
2017-05-12,75.293
2017-05-13,109.021
2017-05-14,65.765
2017-05-15,59.492
2017-05-16,58.35
2017-05-17,81.14
2017-05-18,28.503
2017-05-19,26.081
2017-05-20,29.758
2017-05-21,29.924
2017-05-22,31.732
2017-05-23,34.521
2017-05-24,36.247
2017-05-25,49.485
2017-05-26,43.097
2017-05-27,13.944
2017-05-28,21.765
2017-05-29,44.068
2017-05-30,48.561
2017-05-31,24.132
2017-06-01,76.92
2017-06-02,175.457
2017-06-03,217.135
2017-06-04,135.505
2017-06-05,18.774
2017-06-06,58.441
2017-06-07,72.59
2017-06-08,161.122
2017-06-09,99.433
2017-06-10,65.138
2017-06-11,47.409
2017-06-12,64.004
2017-06-13,69.721
2017-06-14,35.749
2017-06-15,85.133
2017-06-16,55.545
2017-06-17,47.685
2017-06-18,87.341
2017-06-19,62.45
2017-06-20,74.271
2017-06-21,61.879
2017-06-22,74.964
2017-06-23,53.352
2017-06-24,49.746
2017-06-25,63.679
2017-06-26,418.805
2017-06-27,413.07
2017-06-28,133.783
2017-06-29,195.509
2017-06-30,74.54
2017-07-01,130.639
2017-07-02,144.626
2017-07-03,277.113
2017-07-04,1225.945
2017-07-05,537.092
2017-07-06,243.058
2017-07-07,190.152
2017-07-08,296.988
2017-07-09,346.183
2017-07-10,348.134
2017-07-11,264.043
2017-07-12,288.64
2017-07-13,135.244
2017-07-14,190.503
2017-07-15,251.823
2017-07-16,798.108
2017-07-17,1067.651
2017-07-18,343.684
2017-07-19,296.226
2017-07-20,161.998
2017-07-21,166.92
2017-07-22,168.954
2017-07-23,147.106
2017-07-24,134.391
2017-07-25,521.055
2017-07-26,618.541
2017-07-27,253.797
2017-07-28,181.839
2017-07-29,1256.81
2017-07-30,1161.013
2017-07-31,657.413
2017-08-01,983.367
2017-08-02,575.845
2017-08-03,270.56
2017-08-04,198.816
2017-08-05,125.695
2017-08-06,153.669
2017-08-07,94.752
2017-08-08,150.017
2017-08-09,118.004
2017-08-10,306.851
2017-08-11,413.448
2017-08-12,335.068
2017-08-13,339.889
2017-08-14,445.27
2017-08-15,820.593
2017-08-16,1336.911
2017-08-17,978.491
2017-08-18,807.977
2017-08-19,493.711
2017-08-20,619.793
2017-08-21,657.751
2017-08-22,961.095
2017-08-23,684.791
2017-08-24,521.496
2017-08-25,430.534
2017-08-26,479.517
2017-08-27,204.354
2017-08-28,232.189
2017-08-29,152.12
2017-08-30,264.97
2017-08-31,179.041
2017-09-01,155.694
2017-09-02,132.51
2017-09-03,151.32
2017-09-04,120.514
2017-09-05,104.49
2017-09-06,117.445
2017-09-07,181.119
2017-09-08,183.982
2017-09-09,127.987
2017-09-10,115.446
2017-09-11,527.982
2017-09-12,585.561
2017-09-13,317.632
2017-09-14,198.406
2017-09-15,189.718
2017-09-16,171.319
2017-09-17,131.38
2017-09-18,120.02
2017-09-19,127.585
2017-09-20,119.169
2017-09-21,111.496
2017-09-22,94.993
2017-09-23,112.872
2017-09-24,127.883
2017-09-25,84.215
2017-09-26,129.808
2017-09-27,141.688
2017-09-28,164.191
2017-09-29,200.907
2017-09-30,101.987
2017-10-01,109.903
2017-10-02,151.191
2017-10-03,199.062
2017-10-04,175.383
2017-10-05,181.181
2017-10-06,163.876
2017-10-07,155.257
2017-10-08,153.548
2017-10-09,121.583
2017-10-10,116.397
2017-10-11,104.877
2017-10-12,158.842
2017-10-13,184.196
2017-10-14,195.896
2017-10-15,172.18
2017-10-16,146.66
2017-10-17,156.781
2017-10-18,98.57
2017-10-19,115.412
2017-10-20,97.927
2017-10-21,109.9
2017-10-22,71.82
2017-10-23,101.262
2017-10-24,86.847
2017-10-25,95.869
2017-10-26,89.248
2017-10-27,107.581
2017-10-28,113.195
2017-10-29,85.753
2017-10-30,83.876
2017-10-31,64.85
2017-11-01,50.772
2017-11-02,115.982
2017-11-03,80.892
2017-11-04,62.292
2017-11-05,69.928
2017-11-06,77.662
2017-11-07,75.539
2017-11-08,41.066
2017-11-09,57.644
2017-11-10,63.356
2017-11-11,90.828
2017-11-12,73.562
2017-11-13,170.73
2017-11-14,166.58
2017-11-15,66.715
2017-11-16,52.126
2017-11-17,65.792
2017-11-18,76.198
2017-11-19,85.794
2017-11-20,84.749
2017-11-21,61.4
2017-11-22,91.829
2017-11-23,103.993
2017-11-24,33.953
2017-11-25,52.723
2017-11-26,81.653
2017-11-27,99.198
2017-11-28,103.916
2017-11-29,84.76
2017-11-30,128.644
2017-12-01,103.832
2017-12-02,63.966
2017-12-03,75.184
2017-12-04,54.819
2017-12-05,40.769
2017-12-06,47.467
2017-12-07,44.905
2017-12-08,37.621
2017-12-09,23.617
2017-12-10,66.28
2017-12-11,122.259
2017-12-12,80.72
2017-12-13,58.879
2017-12-14,65.053
2017-12-15,55.92
2017-12-16,46.431
2017-12-17,23.642
2017-12-18,6.431
2017-12-19,17.588
2017-12-20,34.004
2017-12-21,45.547
2017-12-22,57.04
2017-12-23,60.283
2017-12-24,98.284
2017-12-25,133.0
2017-12-26,118.329
2017-12-27,75.629
2017-12-28,76.104
2017-12-29,119.54
2017-12-30,126.957
2017-12-31,61.434
2018-01-01,58.67
2018-01-02,62.986
2018-01-03,67.908
2018-01-04,64.728
2018-01-05,60.394
2018-01-06,55.605
2018-01-07,66.447
2018-01-08,123.209
2018-01-09,89.557
2018-01-10,54.602
2018-01-11,63.484
2018-01-12,77.229
2018-01-13,70.86
2018-01-14,60.892
2018-01-15,76.117
2018-01-16,62.912
2018-01-17,116.668
2018-01-18,89.034
2018-01-19,69.111
2018-01-20,91.184
2018-01-21,58.591
2018-01-22,80.915
2018-01-23,94.196
2018-01-24,60.538
2018-01-25,57.505
2018-01-26,51.171
2018-01-27,53.35
2018-01-28,56.762
2018-01-29,66.774
2018-01-30,51.862
2018-01-31,47.172
2018-02-01,41.387
2018-02-02,41.81
2018-02-03,3.344
2018-02-04,1.301
2018-02-05,1.149
2018-02-06,1.158
2018-02-07,1.238
2018-02-08,1.166
2018-02-09,1.334
2018-02-10,1.237
2018-02-11,1.191
2018-02-12,1.252
2018-02-13,1.433
2018-02-14,27.703
2018-02-15,33.537
2018-02-16,10.56
2018-02-17,52.152
2018-02-18,36.839
2018-02-19,51.548
2018-02-20,64.288
2018-02-21,64.962
2018-02-22,62.041
2018-02-23,51.573
2018-02-24,26.772
2018-02-25,57.712
2018-02-26,88.128
2018-02-27,65.259
2018-02-28,127.681
2018-03-01,178.307
2018-03-02,55.576
2018-03-03,75.393
2018-03-04,85.159
2018-03-05,205.03
2018-03-06,330.918
2018-03-07,264.737
2018-03-08,370.536
2018-03-09,438.7304514
2018-03-10,329.982
2018-03-11,248.191
2018-03-12,205.692
2018-03-13,217.075
2018-03-14,177.005
2018-03-15,239.811
2018-03-16,263.436
2018-03-17,255.51
2018-03-18,144.798
2018-03-19,318.216
2018-03-20,400.136
2018-03-21,594.327
2018-03-22,386.81
2018-03-23,442.263
2018-03-24,315.544
2018-03-25,242.267
2018-03-26,175.712
2018-03-27,137.006
2018-03-28,158.973
2018-03-29,148.276
2018-03-30,67.384
2018-03-31,98.453
2018-04-01,80.314
2018-04-02,74.141
2018-04-03,124.17
2018-04-04,135.167
2018-04-05,187.351
2018-04-06,396.432
2018-04-07,838.563
2018-04-08,402.029
2018-04-09,267.7
2018-04-10,229.547
2018-04-11,210.29
2018-04-12,178.208
2018-04-13,167.056
2018-04-14,194.716
2018-04-15,249.755
2018-04-16,197.361
2018-04-17,177.866
2018-04-18,170.218
2018-04-19,194.942
2018-04-20,159.553
2018-04-21,69.29
2018-04-22,166.581
2018-04-23,176.799
2018-04-24,131.9980556
2018-04-25,0.0
2018-04-26,98.81460417
2018-04-27,227.6783611
2018-04-28,234.43
2018-04-29,174.286
2018-04-30,166.192
2018-05-01,147.983
2018-05-02,139.732
2018-05-03,166.2808819
2018-05-04,143.905
2018-05-05,161.56
2018-05-06,198.288
2018-05-07,241.16
2018-05-08,173.694
2018-05-09,179.361
2018-05-10,173.6976806
2018-05-11,181.959
2018-05-12,190.457
2018-05-13,176.465
2018-05-14,162.703
2018-05-15,160.4585972
2018-05-16,156.9396042
2018-05-17,135.842
2018-05-18,171.684
2018-05-19,126.157
2018-05-20,118.675
2018-05-21,118.49
2018-05-22,162.744
2018-05-23,208.101
2018-05-24,164.302
2018-05-25,131.023
2018-05-26,121.534
2018-05-27,120.031
2018-05-28,111.611
2018-05-29,90.081
2018-05-30,121.17
2018-05-31,129.111
2018-06-01,96.9
2018-06-02,115.006
2018-06-03,109.231
2018-06-04,95.557
2018-06-05,117.425
2018-06-06,104.706
2018-06-07,137.451
2018-06-08,103.912
2018-06-09,114.198
2018-06-10,119.888
2018-06-11,162.002
2018-06-12,129.133
2018-06-13,144.99
2018-06-14,161.855
2018-06-15,132.873
2018-06-16,114.354
2018-06-17,107.935
2018-06-18,114.217
2018-06-19,111.802
2018-06-20,155.548
2018-06-21,103.528
2018-06-22,154.562
2018-06-23,107.135
2018-06-24,99.963
2018-06-25,124.955
2018-06-26,200.363
2018-06-27,576.712
2018-06-28,851.9
2018-06-29,665.177
2018-06-30,439.714
2018-07-01,1217.157
2018-07-02,2153.532
2018-07-03,3112.081
2018-07-04,3127.25
2018-07-05,1730.969
2018-07-06,2049.659
2018-07-07,735.048
2018-07-08,337.444
2018-07-09,232.245
2018-07-10,199.831
2018-07-11,307.027
2018-07-12,236.958
2018-07-13,254.758
2018-07-14,270.017
2018-07-15,318.494
2018-07-16,142.349
2018-07-17,173.898
2018-07-18,256.689
2018-07-19,128.078
2018-07-20,142.354
2018-07-21,115.549
2018-07-22,121.412
2018-07-23,121.55
2018-07-24,87.663
2018-07-25,87.352
2018-07-26,52.9
2018-07-27,51.683
2018-07-28,104.577
2018-07-29,132.597
2018-07-30,109.695
2018-07-31,101.318
2018-08-01,55.13
2018-08-02,44.433
2018-08-03,46.839
2018-08-04,67.586
2018-08-05,91.564
2018-08-06,92.611
2018-08-07,84.92
2018-08-08,75.17
2018-08-09,99.837
2018-08-10,193.029
2018-08-11,129.949
2018-08-12,143.494
2018-08-13,114.53
2018-08-14,122.611
2018-08-15,133.049
2018-08-16,174.338
2018-08-17,189.027
2018-08-18,177.311
2018-08-19,303.148
2018-08-20,109.077
2018-08-21,124.105
2018-08-22,168.171
2018-08-23,143.448
2018-08-24,187.279
2018-08-25,168.465
2018-08-26,1258.583
2018-08-27,2879.044
2018-08-28,3457.844
2018-08-29,2073.922
2018-08-30,948.904
2018-08-31,1419.411
2018-09-01,2485.351
2018-09-02,1226.322
2018-09-03,935.383
2018-09-04,1827.143
2018-09-05,2834.566
2018-09-06,1196.606
2018-09-07,691.345
2018-09-08,278.56
2018-09-09,259.688
2018-09-10,162.712
2018-09-11,282.204
2018-09-12,153.714
2018-09-13,202.391
2018-09-14,308.596
2018-09-15,90.23
2018-09-16,148.508
2018-09-17,161.082
2018-09-18,119.63
2018-09-19,156.46
2018-09-20,174.503
2018-09-21,164.306
2018-09-22,320.353
2018-09-23,336.679
2018-09-24,209.468
2018-09-25,107.194
2018-09-26,147.366
2018-09-27,111.398
2018-09-28,124.485
2018-09-29,105.27
2018-09-30,98.742
2018-10-01,92.38
2018-10-02,144.287
2018-10-03,109.044
2018-10-04,117.334
2018-10-05,310.121
2018-10-06,3459.526
2018-10-07,7272.456
2018-10-08,2638.137
2018-10-09,1036.996
2018-10-10,630.04
2018-10-11,341.908
2018-10-12,422.322
2018-10-13,263.994
2018-10-14,234.2
2018-10-15,211.705
2018-10-16,208.624
2018-10-17,210.799
2018-10-18,194.037
2018-10-19,176.28
2018-10-20,211.796
2018-10-21,173.02
2018-10-22,179.447
2018-10-23,162.541
2018-10-24,140.374
2018-10-25,128.411
2018-10-26,128.981
2018-10-27,177.093
2018-10-28,87.859
2018-10-29,97.369
2018-10-30,120.074
2018-10-31,176.015
2018-11-01,125.353
2018-11-02,111.791
2018-11-03,125.297
2018-11-04,107.88
2018-11-05,105.63
2018-11-06,87.634
2018-11-07,93.433
2018-11-08,146.437
2018-11-09,209.596
2018-11-10,206.092
2018-11-11,120.373
2018-11-12,165.453
2018-11-13,121.605
2018-11-14,49.88
2018-11-15,62.093
2018-11-16,63.08
2018-11-17,45.607
2018-11-18,20.105
2018-11-19,8.147
2018-11-20,28.025
2018-11-21,63.464
2018-11-22,118.65
2018-11-23,73.785
2018-11-24,71.299
2018-11-25,97.268
2018-11-26,84.314
2018-11-27,108.393
2018-11-28,126.119
2018-11-29,90.402
2018-11-30,123.871
2018-12-01,97.649
2018-12-02,137.277
2018-12-03,132.588
2018-12-04,183.221
2018-12-05,182.08
2018-12-06,84.359
2018-12-07,84.412
2018-12-08,97.269
2018-12-09,105.366
2018-12-10,135.736
2018-12-11,158.985
2018-12-12,69.117
2018-12-13,89.622
2018-12-14,76.308
2018-12-15,115.765
2018-12-16,132.437
2018-12-17,77.341
2018-12-18,107.644
2018-12-19,127.977
2018-12-20,90.773
2018-12-21,92.223
2018-12-22,62.012
2018-12-23,117.59
2018-12-24,110.748
2018-12-25,76.541
2018-12-26,82.653
2018-12-27,62.387
2018-12-28,103.838
2018-12-29,73.836
2018-12-30,93.191
2018-12-31,105.58
2019-01-01,69.724
2019-01-02,48.795
2019-01-03,79.0
2019-01-04,123.508
2019-01-05,95.899
2019-01-06,68.857
2019-01-07,67.916
2019-01-08,87.177
2019-01-09,77.409
2019-01-10,71.246
2019-01-11,66.444
2019-01-12,80.734
2019-01-13,113.851
2019-01-14,76.919
2019-01-15,141.745
2019-01-16,97.453
2019-01-17,55.314
2019-01-18,75.188
2019-01-19,72.57
2019-01-20,68.16
2019-01-21,67.385
2019-01-22,69.762
2019-01-23,57.346
2019-01-24,58.223
2019-01-25,73.592
2019-01-26,111.059
2019-01-27,107.393
2019-01-28,133.543
2019-01-29,109.802
2019-01-30,93.725
2019-01-31,128.327
2019-02-01,92.503
2019-02-02,56.789
2019-02-03,129.64
2019-02-04,84.791
2019-02-05,104.525
2019-02-06,66.412
2019-02-07,57.253
2019-02-08,40.171
2019-02-09,17.587
2019-02-10,29.482
2019-02-11,17.052
2019-02-12,6.682
2019-02-13,45.592
2019-02-14,138.682
2019-02-15,102.029
2019-02-16,180.025
2019-02-17,93.374
2019-02-18,45.409
2019-02-19,122.327
2019-02-20,117.294
2019-02-21,111.995
2019-02-22,44.525
2019-02-23,122.129
2019-02-24,72.008
2019-02-25,26.632
2019-02-26,88.515
2019-02-27,63.269
2019-02-28,16.527
2019-03-01,1.707
2019-03-02,1.637
2019-03-03,1.701
2019-03-04,11.494
2019-03-05,18.939
2019-03-06,17.523
2019-03-07,14.937
2019-03-08,12.98
2019-03-09,1.46
2019-03-10,72.017
2019-03-11,89.506
2019-03-12,60.054
2019-03-13,89.507
2019-03-14,80.503
2019-03-15,82.101
2019-03-16,101.75
2019-03-17,85.396
2019-03-18,72.779
2019-03-19,78.898
2019-03-20,85.94
2019-03-21,123.674
2019-03-22,102.723
2019-03-23,93.022
2019-03-24,66.672
2019-03-25,127.408
2019-03-26,121.305
2019-03-27,49.568
2019-03-28,68.421
2019-03-29,84.598
2019-03-30,51.671
2019-03-31,23.935
2019-04-01,34.635
2019-04-02,47.963
2019-04-03,91.174
2019-04-04,54.781
2019-04-05,55.612
2019-04-06,26.908
2019-04-07,52.742
2019-04-08,43.754
2019-04-09,55.587
2019-04-10,139.277
2019-04-11,153.0
2019-04-12,186.014
2019-04-13,211.6
2019-04-14,159.961
2019-04-15,164.298
2019-04-16,120.686
2019-04-17,90.946
2019-04-18,98.816
2019-04-19,88.281
2019-04-20,68.982
2019-04-21,64.389
2019-04-22,82.685
2019-04-23,108.601
2019-04-24,111.672
2019-04-25,123.865
2019-04-26,94.39
2019-04-27,181.25
2019-04-28,136.086
2019-04-29,189.394
2019-04-30,598.391
2019-05-01,649.864
2019-05-02,345.341
2019-05-03,197.564
2019-05-04,133.021
2019-05-05,118.695
2019-05-06,160.237
2019-05-07,163.092
2019-05-08,108.683
2019-05-09,213.767
2019-05-10,100.285
2019-05-11,53.543
2019-05-12,61.767
2019-05-13,142.448
2019-05-14,84.752
2019-05-15,15.86
2019-05-16,4.047
2019-05-17,3.826
2019-05-18,33.684
2019-05-19,147.086
2019-05-20,154.726
2019-05-21,164.007
2019-05-22,106.225
2019-05-23,193.421
2019-05-24,121.918
2019-05-25,152.527
2019-05-26,93.373
2019-05-27,233.578
2019-05-28,181.841
2019-05-29,273.043
2019-05-30,84.083
2019-05-31,152.389
2019-06-01,106.336
2019-06-02,152.951
2019-06-03,92.059
2019-06-04,98.351
2019-06-05,118.091
2019-06-06,157.22
2019-06-07,207.972
2019-06-08,207.1
2019-06-09,141.038
2019-06-10,122.933
2019-06-11,124.94
2019-06-12,97.311
2019-06-13,90.071
2019-06-14,111.157
2019-06-15,111.442
2019-06-16,123.095
2019-06-17,105.06
2019-06-18,124.414
2019-06-19,69.35
2019-06-20,111.547
2019-06-21,121.994
2019-06-22,148.452
2019-06-23,129.769
2019-06-24,94.245
2019-06-25,97.48
2019-06-26,196.339
2019-06-27,1194.831
2019-06-28,684.648
2019-06-29,549.176
2019-06-30,847.735
2019-07-01,620.796
2019-07-02,470.2
2019-07-03,244.394
2019-07-04,263.676
2019-07-05,122.712
2019-07-06,89.252
2019-07-07,168.52
2019-07-08,143.9
2019-07-09,109.66
2019-07-10,176.722
2019-07-11,162.899
2019-07-12,195.06
2019-07-13,147.023
2019-07-14,110.148
2019-07-15,155.219
2019-07-16,215.6
2019-07-17,239.999
2019-07-18,309.924
2019-07-19,434.784
2019-07-20,1964.385
2019-07-21,3350.979
2019-07-22,2783.709
2019-07-23,949.979
2019-07-24,632.058
2019-07-25,489.583
2019-07-26,515.095
2019-07-27,369.405
2019-07-28,290.185
2019-07-29,267.584
2019-07-30,223.066
2019-07-31,241.078
2019-08-01,228.326
2019-08-02,150.71
2019-08-03,165.926
2019-08-04,208.812
2019-08-05,158.679
2019-08-06,289.36
2019-08-07,187.719
2019-08-08,255.386
2019-08-09,222.789
2019-08-10,195.924
2019-08-11,203.246
2019-08-12,158.595
2019-08-13,163.045
2019-08-14,111.679
2019-08-15,105.58
2019-08-16,161.94
2019-08-17,192.354
2019-08-18,146.1
2019-08-19,129.445
2019-08-20,164.012
2019-08-21,175.271
2019-08-22,469.143
2019-08-23,336.929
2019-08-24,225.682
2019-08-25,259.938
2019-08-26,179.168
2019-08-27,171.431
2019-08-28,183.93
2019-08-29,174.437
2019-08-30,162.693
2019-08-31,224.24
2019-09-01,187.407
2019-09-02,247.496
2019-09-03,293.88
2019-09-04,507.367
2019-09-05,174.885
2019-09-06,248.845
2019-09-07,282.982
2019-09-08,454.958
2019-09-09,181.254
2019-09-10,180.657
2019-09-11,203.978
2019-09-12,138.927
2019-09-13,83.214
2019-09-14,155.816
2019-09-15,88.467
2019-09-16,104.937
2019-09-17,76.902
2019-09-18,196.995
2019-09-19,159.329
2019-09-20,131.025
2019-09-21,275.615
2019-09-22,1677.499
2019-09-23,3393.351
2019-09-24,2564.854
2019-09-25,265.309
2019-09-26,257.953
2019-09-27,148.429
2019-09-28,191.567
2019-09-29,143.789
2019-09-30,127.988
2019-10-01,140.639
2019-10-02,834.492
2019-10-03,8911.809
2019-10-04,7898.349
2019-10-05,2933.334
2019-10-06,684.039
2019-10-07,417.167
2019-10-08,412.872
2019-10-09,295.913
2019-10-10,199.553
2019-10-11,143.324
2019-10-12,118.933
2019-10-13,97.694
2019-10-14,141.759
2019-10-15,110.687
2019-10-16,155.993
2019-10-17,126.758
2019-10-18,128.081
2019-10-19,170.716
2019-10-20,148.05
2019-10-21,113.82
2019-10-22,193.854
2019-10-23,173.78
2019-10-24,117.678
2019-10-25,78.918
2019-10-26,157.323
2019-10-27,158.601
2019-10-28,174.865
2019-10-29,192.327
2019-10-30,190.682
2019-10-31,195.28
2019-11-01,194.592
2019-11-02,189.476
2019-11-03,149.955
2019-11-04,152.918
2019-11-05,174.056
2019-11-06,105.936
2019-11-07,88.14
2019-11-08,108.179
2019-11-09,138.171
2019-11-10,74.547
2019-11-11,128.211
2019-11-12,98.918
2019-11-13,157.308
2019-11-14,83.143
2019-11-15,36.826
2019-11-16,23.154
2019-11-17,17.372
2019-11-18,30.385
2019-11-19,77.863
2019-11-20,36.948
2019-11-21,80.868
2019-11-22,45.17
2019-11-23,131.208
2019-11-24,98.319
2019-11-25,96.901
2019-11-26,68.08
2019-11-27,100.188
2019-11-28,53.884
2019-11-29,104.739
2019-11-30,131.5
2019-12-01,70.978
2019-12-02,106.175
2019-12-03,72.202
2019-12-04,96.512
2019-12-05,122.322
2019-12-06,73.55
2019-12-07,109.471
2019-12-08,129.337
2019-12-09,118.042
2019-12-10,136.154
2019-12-11,56.444
2019-12-12,92.236
2019-12-13,88.082
2019-12-14,123.908
2019-12-15,110.923
2019-12-16,66.646
2019-12-17,86.426
2019-12-18,78.038
2019-12-19,88.76
2019-12-20,81.363
2019-12-21,110.71
2019-12-22,87.364
2019-12-23,108.271
2019-12-24,114.907
2019-12-25,78.877
2019-12-26,70.354
2019-12-27,80.508
2019-12-28,57.69
2019-12-29,93.193
2019-12-30,96.01
2019-12-31,87.438
2020-01-01,101.459
2020-01-02,99.489
2020-01-03,91.386
2020-01-04,112.21
2020-01-05,86.112
2020-01-06,115.582
2020-01-07,140.427
2020-01-08,132.205
2020-01-09,189.863
2020-01-10,179.325
2020-01-11,144.248
2020-01-12,151.973
2020-01-13,120.046
2020-01-14,122.776
2020-01-15,139.5
2020-01-16,190.73
2020-01-17,172.841
2020-01-18,193.713
2020-01-19,137.338
2020-01-20,147.81
2020-01-21,133.591
2020-01-22,192.574
2020-01-23,139.25
2020-01-24,153.351
2020-01-25,149.732
2020-01-26,99.31
2020-01-27,123.791
2020-01-28,230.219
2020-01-29,249.465
2020-01-30,162.437
2020-01-31,116.987
2020-02-01,164.194
2020-02-02,163.15
2020-02-03,165.723
2020-02-04,130.876
2020-02-05,159.439
2020-02-06,126.602
2020-02-07,67.967
2020-02-08,79.576
2020-02-09,64.266
2020-02-10,67.474
2020-02-11,69.881
2020-02-12,100.402
2020-02-13,83.424
2020-02-14,127.908
2020-02-15,131.625
2020-02-16,158.8
2020-02-17,190.734
2020-02-18,189.989
2020-02-19,172.336
2020-02-20,167.022
2020-02-21,201.333
2020-02-22,173.444
2020-02-23,149.929
2020-02-24,151.966
2020-02-25,174.887
2020-02-26,199.57
2020-02-27,324.998
2020-02-28,227.512
2020-02-29,152.213
2020-03-01,213.777
2020-03-02,129.021
2020-03-03,167.865
2020-03-04,178.365
2020-03-05,151.452
2020-03-06,154.598
2020-03-07,194.72
2020-03-08,169.181
2020-03-09,150.086
2020-03-10,145.598
2020-03-11,142.031
2020-03-12,180.204
2020-03-13,161.78
2020-03-14,141.608
2020-03-15,132.348
2020-03-16,152.115
2020-03-17,181.869
2020-03-18,161.982
2020-03-19,92.297
2020-03-20,54.809
2020-03-21,130.318
2020-03-22,124.499
2020-03-23,108.993
2020-03-24,101.72
2020-03-25,83.93
2020-03-26,105.105
2020-03-27,123.501
2020-03-28,152.45
2020-03-29,78.661
2020-03-30,68.067
2020-03-31,128.803
2020-04-01,148.359
2020-04-02,113.263
2020-04-03,64.959
2020-04-04,62.147
2020-04-05,41.65
2020-04-06,68.083
2020-04-07,65.642
2020-04-08,49.799
2020-04-09,27.607
2020-04-10,71.9
2020-04-11,33.037
2020-04-12,92.04
2020-04-13,76.68
2020-04-14,59.239
2020-04-15,43.143
2020-04-16,48.693
2020-04-17,124.088
2020-04-18,129.543
2020-04-19,148.998
2020-04-20,163.176
2020-04-21,214.023
2020-04-22,175.605
2020-04-23,163.856
2020-04-24,155.029
2020-04-25,165.269
2020-04-26,121.339
2020-04-27,122.265
2020-04-28,86.774
2020-04-29,40.968
2020-04-30,52.782
2020-05-01,42.227
2020-05-02,41.828
2020-05-03,43.363
2020-05-04,50.117
2020-05-05,127.342
2020-05-06,111.517
2020-05-07,119.6
2020-05-08,111.998
2020-05-09,169.109
2020-05-10,182.579
2020-05-11,268.482
2020-05-12,164.592
2020-05-13,140.137
2020-05-14,142.254
2020-05-15,148.404
2020-05-16,233.224
2020-05-17,183.362
2020-05-18,159.326
2020-05-19,244.609
2020-05-20,183.08
2020-05-21,199.941
2020-05-22,185.399
2020-05-23,142.454
2020-05-24,156.987
2020-05-25,125.235
2020-05-26,115.168
2020-05-27,83.192
2020-05-28,120.222
2020-05-29,75.297
2020-05-30,70.596
2020-05-31,79.393
2020-06-01,95.273
2020-06-02,97.463
2020-06-03,143.371
2020-06-04,111.134
2020-06-05,111.032
2020-06-06,128.916
2020-06-07,176.918
2020-06-08,156.418
2020-06-09,138.253
2020-06-10,78.352
2020-06-11,131.472
2020-06-12,367.308
2020-06-13,1022.075
2020-06-14,478.056
2020-06-15,611.223
2020-06-16,279.971
2020-06-17,237.137
2020-06-18,321.321
2020-06-19,321.05
2020-06-20,275.866
2020-06-21,341.252
2020-06-22,270.067
2020-06-23,230.591
2020-06-24,234.877
2020-06-25,334.997
2020-06-26,194.714
2020-06-27,254.952
2020-06-28,433.255
2020-06-29,204.367
2020-06-30,1363.248
2020-07-01,1002.641
2020-07-02,485.31
2020-07-03,413.036
2020-07-04,348.574
2020-07-05,413.168
2020-07-06,374.487
2020-07-07,336.0
2020-07-08,407.652
2020-07-09,345.117
2020-07-10,1050.138
2020-07-11,947.079
2020-07-12,898.443
2020-07-13,2649.459
2020-07-14,5325.191
2020-07-15,3648.688
2020-07-16,1817.442
2020-07-17,1135.649
2020-07-18,864.839
2020-07-19,768.253
2020-07-20,805.054
2020-07-21,741.404
2020-07-22,2003.072
2020-07-23,2825.946
2020-07-24,5015.36
2020-07-25,5719.219
2020-07-26,3997.863
2020-07-27,2802.537
2020-07-28,2626.762
2020-07-29,2594.591
2020-07-30,2977.145
2020-07-31,4166.983
2020-08-01,3176.369
2020-08-02,1953.495
2020-08-03,2496.989
2020-08-04,1856.009
2020-08-05,1472.452
2020-08-06,1394.013
2020-08-07,2253.875
2020-08-08,6403.506
2020-08-09,12912.64
2020-08-10,8994.192
2020-08-11,6706.78
2020-08-12,5764.487
2020-08-13,3642.857
2020-08-14,2516.967
2020-08-15,1813.841
2020-08-16,1534.354
2020-08-17,951.003
2020-08-18,627.333
2020-08-19,455.361
2020-08-20,287.093
2020-08-21,303.593
2020-08-22,444.794
2020-08-23,703.066
2020-08-24,912.989
2020-08-25,883.962
2020-08-26,1224.785
2020-08-27,1017.918
2020-08-28,687.187
2020-08-29,537.616
2020-08-30,1052.23
2020-08-31,1127.578
2020-09-01,1258.525
2020-09-02,2082.899
2020-09-03,5790.088
2020-09-04,5709.401
2020-09-05,3721.368
2020-09-06,2703.301
2020-09-07,4387.797
2020-09-08,4426.624
2020-09-09,2372.812
2020-09-10,1192.349
2020-09-11,925.303
2020-09-12,870.412
2020-09-13,694.369
2020-09-14,620.826
2020-09-15,481.592
2020-09-16,550.508
2020-09-17,480.041
2020-09-18,405.332
2020-09-19,407.832
2020-09-20,317.222
2020-09-21,394.288
2020-09-22,369.112
2020-09-23,394.168
2020-09-24,389.993
2020-09-25,356.902
2020-09-26,215.174
2020-09-27,197.334
2020-09-28,287.929
2020-09-29,282.45
2020-09-30,236.49
2020-10-01,271.806
2020-10-02,254.876
2020-10-03,191.872
2020-10-04,164.974
2020-10-05,212.505
2020-10-06,208.089
2020-10-07,256.062
2020-10-08,118.724
2020-10-09,146.884
2020-10-10,149.094
2020-10-11,187.532
2020-10-12,183.496
2020-10-13,164.678
2020-10-14,197.871
2020-10-15,149.02
2020-10-16,166.131
2020-10-17,157.162
2020-10-18,165.884
2020-10-19,162.166
2020-10-20,137.599
2020-10-21,139.943
2020-10-22,204.282
2020-10-23,171.525
2020-10-24,159.839
2020-10-25,177.913
2020-10-26,158.089
2020-10-27,143.687
2020-10-28,118.049
2020-10-29,119.139
2020-10-30,127.044
2020-10-31,134.283
2020-11-01,71.539
2020-11-02,95.075
2020-11-03,137.281
2020-11-04,79.355
2020-11-05,65.465
2020-11-06,140.044
2020-11-07,113.744
2020-11-08,31.158
2020-11-09,93.439
2020-11-10,125.71
2020-11-11,78.738
2020-11-12,70.44
2020-11-13,125.72
2020-11-14,45.247
2020-11-15,39.445
2020-11-16,38.157
2020-11-17,35.759
2020-11-18,28.372
2020-11-19,28.995
2020-11-20,32.939
2020-11-21,56.609
2020-11-22,161.61
2020-11-23,155.848
2020-11-24,105.126
2020-11-25,125.117
2020-11-26,123.954
2020-11-27,85.163
2020-11-28,83.196
2020-11-29,56.882
2020-11-30,55.503
2020-12-01,78.526
2020-12-02,93.105
2020-12-03,141.242
2020-12-04,185.827
2020-12-05,153.41
2020-12-06,152.376
2020-12-07,136.577
2020-12-08,173.749
2020-12-09,179.489
2020-12-10,108.219
2020-12-11,161.198
2020-12-12,82.31
2020-12-13,152.468
2020-12-14,78.604
2020-12-15,65.751
2020-12-16,106.444
2020-12-17,99.205
2020-12-18,116.09
2020-12-19,98.028
2020-12-20,182.861
2020-12-21,152.744
2020-12-22,129.692
2020-12-23,77.904
2020-12-24,121.022
2020-12-25,137.683
2020-12-26,85.35
2020-12-27,96.868
2020-12-28,96.928
2020-12-29,86.87
2020-12-30,96.909
2020-12-31,96.116
2021-01-01,124.619
2021-01-02,140.042
2021-01-03,76.975
2021-01-04,59.16
2021-01-05,51.515
2021-01-06,50.344
2021-01-07,123.838
2021-01-08,98.087
2021-01-09,62.939
2021-01-10,51.711
2021-01-11,42.181
2021-01-12,101.343
2021-01-13,79.15
2021-01-14,81.882
2021-01-15,104.284
2021-01-16,95.236
2021-01-17,64.324
2021-01-18,63.317
2021-01-19,85.327
2021-01-20,89.016
2021-01-21,84.619
2021-01-22,77.712
2021-01-23,77.853
2021-01-24,136.115
2021-01-25,93.779
2021-01-26,119.161
2021-01-27,80.363
2021-01-28,52.744
2021-01-29,49.421
2021-01-30,110.446
2021-01-31,52.698
2021-02-01,59.262
2021-02-02,95.474
2021-02-03,66.187
2021-02-04,58.744
2021-02-05,52.588
2021-02-06,40.475
2021-02-07,40.635
2021-02-08,31.898
2021-02-09,26.004
2021-02-10,27.658
2021-02-11,28.323
2021-02-12,28.144
2021-02-13,27.803
2021-02-14,26.004
2021-02-15,54.956
2021-02-16,69.132
2021-02-17,115.206
2021-02-18,62.956
2021-02-19,103.168
2021-02-20,77.703
2021-02-21,70.359
2021-02-22,53.82
2021-02-23,74.655
2021-02-24,66.684
2021-02-25,82.836
2021-02-26,93.183
2021-02-27,101.733
2021-02-28,51.806
2021-03-01,67.321
2021-03-02,380.122
2021-03-03,410.241
2021-03-04,181.051
2021-03-05,228.867
2021-03-06,214.93
2021-03-07,247.034
2021-03-08,253.423
2021-03-09,321.939
2021-03-10,243.152
2021-03-11,213.843
2021-03-12,301.123
2021-03-13,242.014
2021-03-14,156.662
2021-03-15,160.299
2021-03-16,153.889
2021-03-17,196.056
2021-03-18,130.256
2021-03-19,90.76
2021-03-20,137.303
2021-03-21,167.326
2021-03-22,135.259
2021-03-23,86.868
2021-03-24,130.851
2021-03-25,101.291
2021-03-26,98.243
2021-03-27,129.39
2021-03-28,448.916
2021-03-29,310.241
2021-03-30,215.526
2021-03-31,349.103
2021-04-01,243.294
2021-04-02,271.196
2021-04-03,381.826
2021-04-04,871.234
2021-04-05,1153.4
2021-04-06,559.053
2021-04-07,420.807
2021-04-08,297.03
2021-04-09,312.827
2021-04-10,244.072
2021-04-11,217.478
2021-04-12,249.121
2021-04-13,272.53
2021-04-14,383.872
2021-04-15,258.491
2021-04-16,284.071
2021-04-17,268.896
2021-04-18,230.409
2021-04-19,256.609
2021-04-20,217.073
2021-04-21,209.833
2021-04-22,140.649
2021-04-23,116.034
2021-04-24,95.3
2021-04-25,81.014
2021-04-26,77.151
2021-04-27,77.077
2021-04-28,82.212
2021-04-29,89.206
2021-04-30,80.076
2021-05-01,148.68
2021-05-02,144.888
2021-05-03,73.127
2021-05-04,85.545
2021-05-05,276.122
2021-05-06,158.39
2021-05-07,126.657
2021-05-08,130.942
2021-05-09,88.336
2021-05-10,100.789
2021-05-11,83.508
2021-05-12,129.931
2021-05-13,178.816
2021-05-14,62.927
2021-05-15,168.589
2021-05-16,233.663
2021-05-17,718.491
2021-05-18,648.371
2021-05-19,218.197
2021-05-20,475.217
2021-05-21,492.622
2021-05-22,405.372
2021-05-23,355.994
2021-05-24,372.762
2021-05-25,274.936
2021-05-26,82.448
2021-05-27,72.103
2021-05-28,218.879
2021-05-29,296.475
2021-05-30,187.195
2021-05-31,181.372
2021-06-01,228.325
2021-06-02,235.088
2021-06-03,147.759
2021-06-04,350.284
2021-06-05,314.249
2021-06-06,329.289
2021-06-07,200.932
2021-06-08,146.743
2021-06-09,113.093
2021-06-10,126.25
2021-06-11,246.423
2021-06-12,356.791
2021-06-13,259.18
2021-06-14,154.928
2021-06-15,148.705
2021-06-16,278.253
2021-06-17,292.416
2021-06-18,233.419
2021-06-19,195.347
2021-06-20,187.166
2021-06-21,211.723
2021-06-22,283.083
2021-06-23,258.435
2021-06-24,249.797
2021-06-25,223.298
2021-06-26,172.455
2021-06-27,156.512
2021-06-28,243.722
2021-06-29,260.006
2021-06-30,250.939
2021-07-01,212.16
2021-07-02,204.288
2021-07-03,184.655
2021-07-04,866.092
2021-07-05,673.259
2021-07-06,2588.865
2021-07-07,3229.231
2021-07-08,3347.41
2021-07-09,3659.861
2021-07-10,2679.153
2021-07-11,2208.298
2021-07-12,2321.585
2021-07-13,990.702
2021-07-14,702.712
2021-07-15,606.488
2021-07-16,455.313
2021-07-17,575.108
2021-07-18,523.192
2021-07-19,482.29
2021-07-20,489.478
2021-07-21,387.854
2021-07-22,292.188
2021-07-23,193.822
2021-07-24,229.63
2021-07-25,177.784
2021-07-26,255.593
2021-07-27,177.656
2021-07-28,150.342
2021-07-29,181.32
2021-07-30,173.054
2021-07-31,116.575
2021-08-01,134.443
2021-08-02,447.843
2021-08-03,521.427
2021-08-04,444.084
2021-08-05,271.106
2021-08-06,161.507
2021-08-07,229.725
2021-08-08,459.406
2021-08-09,504.885
2021-08-10,261.681
2021-08-11,415.292
2021-08-12,405.5
2021-08-13,290.486
2021-08-14,358.659
2021-08-15,246.93
2021-08-16,203.801
2021-08-17,388.787
2021-08-18,282.594
2021-08-19,218.323
2021-08-20,269.478
2021-08-21,1279.25
2021-08-22,1852.308
2021-08-23,1005.416
2021-08-24,3427.759
2021-08-25,4394.183
2021-08-26,3238.934
2021-08-27,1587.028
2021-08-28,1331.306
2021-08-29,1154.393
2021-08-30,1077.127
2021-08-31,817.206
2021-09-01,1003.905
2021-09-02,2636.683
2021-09-03,2277.359
2021-09-04,847.21
2021-09-05,563.896
2021-09-06,494.515
2021-09-07,450.913
2021-09-08,597.988
2021-09-09,433.289
2021-09-10,381.551
2021-09-11,353.09
2021-09-12,319.852
2021-09-13,347.232
2021-09-14,359.461
2021-09-15,360.27
2021-09-16,301.811
2021-09-17,484.625
2021-09-18,646.553
2021-09-19,362.662
2021-09-20,222.709
2021-09-21,299.469
2021-09-22,299.295
2021-09-23,328.579
2021-09-24,199.972
2021-09-25,245.803
2021-09-26,217.165
2021-09-27,163.855
2021-09-28,130.568
2021-09-29,355.051
2021-09-30,437.066
2021-10-01,348.151
2021-10-02,320.545
2021-10-03,264.882
2021-10-04,160.772
2021-10-05,117.91
2021-10-06,159.857
2021-10-07,135.433
2021-10-08,104.698
2021-10-09,122.58
2021-10-10,166.449
2021-10-11,177.12
2021-10-12,290.888
2021-10-13,314.481
2021-10-14,129.532
2021-10-15,231.536
2021-10-16,289.609
2021-10-17,164.808
2021-10-18,273.081
2021-10-19,272.274
2021-10-20,236.227
2021-10-21,137.713
2021-10-22,162.216
2021-10-23,108.402
2021-10-24,123.715
2021-10-25,89.681
2021-10-26,131.193
2021-10-27,91.651
2021-10-28,93.213
2021-10-29,110.793
2021-10-30,81.003
2021-10-31,118.404
2021-11-01,54.088
2021-11-02,45.372
2021-11-03,84.148
2021-11-04,72.656
2021-11-05,136.171
2021-11-06,203.258
2021-11-07,82.245
2021-11-08,140.419
2021-11-09,322.426
2021-11-10,139.231
2021-11-11,73.863
2021-11-12,74.705
2021-11-13,75.407
2021-11-14,75.555
2021-11-15,74.339
2021-11-16,58.757
2021-11-17,52.43
2021-11-18,52.263
2021-11-19,38.443
2021-11-20,41.128
2021-11-21,51.6
2021-11-22,49.101
2021-11-23,52.568
2021-11-24,57.985
2021-11-25,156.785
2021-11-26,74.131
2021-11-27,74.105
2021-11-28,75.253
2021-11-29,75.702
2021-11-30,330.584
2021-12-01,192.155
2021-12-02,175.291
2021-12-03,120.53
2021-12-04,115.054
2021-12-05,137.475
2021-12-06,105.071
2021-12-07,97.051
2021-12-08,85.505
2021-12-09,139.145
2021-12-10,86.403
2021-12-11,96.934
2021-12-12,94.224
2021-12-13,91.091
2021-12-14,75.896
2021-12-15,59.11
2021-12-16,152.426
2021-12-17,78.778
2021-12-18,91.767
2021-12-19,91.526
2021-12-20,79.254
2021-12-21,77.911
2021-12-22,75.968
2021-12-23,82.144
2021-12-24,93.603
2021-12-25,101.345
2021-12-26,86.136
2021-12-27,76.854
2021-12-28,51.793
2021-12-29,66.721
2021-12-30,103.363
2021-12-31,87.412
2022-01-01,79.464
2022-01-02,78.39
2022-01-03,58.974
2022-01-04,49.862
2022-01-05,81.799
2022-01-06,83.112
2022-01-07,82.606
2022-01-08,54.071
2022-01-09,80.338
2022-01-10,82.529
2022-01-11,85.221
2022-01-12,85.358
2022-01-13,83.824
2022-01-14,81.077
2022-01-15,73.091
2022-01-16,51.097
2022-01-17,52.065
2022-01-18,51.65
2022-01-19,54.822
2022-01-20,49.464
2022-01-21,50.234
2022-01-22,50.508
2022-01-23,52.615
2022-01-24,89.6
2022-01-25,89.766
2022-01-26,87.508
2022-01-27,85.593
2022-01-28,86.086
2022-01-29,82.083
2022-01-30,56.178
2022-01-31,64.888
2022-02-01,79.33
2022-02-02,79.257
2022-02-03,80.072
2022-02-04,71.052
2022-02-05,48.747
2022-02-06,33.572
2022-02-07,26.001
2022-02-08,38.979
2022-02-09,38.608
2022-02-10,26.001
2022-02-11,26.001
2022-02-12,26.001
2022-02-13,26.001
2022-02-14,26.003
2022-02-15,66.158
2022-02-16,62.605
2022-02-17,52.638
2022-02-18,28.32
2022-02-19,26.001
2022-02-20,26.001
2022-02-21,26.001
2022-02-22,26.002
2022-02-23,26.0
2022-02-24,26.937
2022-02-25,29.152
2022-02-26,40.185
2022-02-27,51.09
2022-02-28,48.755
2022-03-01,42.286
2022-03-02,49.442
2022-03-03,50.523
2022-03-04,45.807
2022-03-05,36.051
2022-03-06,39.007
2022-03-07,40.695
2022-03-08,46.413
2022-03-09,55.364
2022-03-10,43.093
2022-03-11,45.886
2022-03-12,50.583
2022-03-13,47.803
2022-03-14,50.46
2022-03-15,65.547
2022-03-16,138.147
2022-03-17,56.345
2022-03-18,64.844
2022-03-19,47.183
2022-03-20,144.043
2022-03-21,160.816
2022-03-22,106.022
2022-03-23,49.448
2022-03-24,51.57
2022-03-25,83.923
2022-03-26,436.302
2022-03-27,288.101
2022-03-28,242.922
2022-03-29,83.226
2022-03-30,151.542
2022-03-31,145.075
2022-04-01,169.968
2022-04-02,169.74
2022-04-03,94.644
2022-04-04,112.7
2022-04-05,103.126
2022-04-06,113.133
2022-04-07,89.459
2022-04-08,81.702
2022-04-09,96.893
2022-04-10,71.999
2022-04-11,102.417
2022-04-12,90.969
2022-04-13,90.508
2022-04-14,91.659
2022-04-15,97.249
2022-04-16,84.834
2022-04-17,70.483
2022-04-18,63.35
2022-04-19,93.584
2022-04-20,93.62
2022-04-21,63.024
2022-04-22,67.93
2022-04-23,74.237
2022-04-24,70.595
2022-04-25,86.151
2022-04-26,304.915
2022-04-27,172.631
2022-04-28,107.114
2022-04-29,143.391
2022-04-30,134.781
2022-05-01,106.109
2022-05-02,123.097
2022-05-03,90.778
2022-05-04,88.426
2022-05-05,102.389
2022-05-06,103.859
2022-05-07,84.107
2022-05-08,76.847
2022-05-09,77.589
2022-05-10,75.983
2022-05-11,73.463
2022-05-12,85.921
2022-05-13,88.096
2022-05-14,85.57
2022-05-15,87.51
2022-05-16,73.23
2022-05-17,58.745
2022-05-18,64.438
2022-05-19,51.444
2022-05-20,56.577
2022-05-21,72.069
2022-05-22,71.815
2022-05-23,74.09
2022-05-24,62.971
2022-05-25,69.546
2022-05-26,69.641
2022-05-27,70.264
2022-05-28,60.812
2022-05-29,87.85
2022-05-30,100.605
2022-05-31,94.944
2022-06-01,68.838
2022-06-02,51.336
2022-06-03,50.862
2022-06-04,51.753
2022-06-05,133.733
2022-06-06,287.067
2022-06-07,133.904
2022-06-08,227.381
2022-06-09,72.626
2022-06-10,106.415
2022-06-11,114.02
2022-06-12,106.623
2022-06-13,82.405
2022-06-14,90.321
2022-06-15,105.331
2022-06-16,116.871
2022-06-17,127.883
2022-06-18,102.881
2022-06-19,147.794
2022-06-20,101.899
2022-06-21,138.678
2022-06-22,87.347
2022-06-23,63.443
2022-06-24,260.36
2022-06-25,176.901
2022-06-26,193.017
2022-06-27,418.479
2022-06-28,493.901
2022-06-29,238.559
2022-06-30,223.631
2022-07-01,220.722
2022-07-02,117.429
2022-07-03,226.958
2022-07-04,104.456
2022-07-05,138.705
2022-07-06,113.413
2022-07-07,120.862
2022-07-08,178.292
2022-07-09,104.809
2022-07-10,118.596
2022-07-11,174.858
2022-07-12,221.017
2022-07-13,188.991
2022-07-14,137.483
2022-07-15,258.108
2022-07-16,125.595
2022-07-17,102.332
2022-07-18,430.695
2022-07-19,565.894
2022-07-20,262.231
2022-07-21,199.494
2022-07-22,176.746
2022-07-23,130.969
2022-07-24,176.552
2022-07-25,205.596
2022-07-26,208.111
2022-07-27,142.254
2022-07-28,98.13
2022-07-29,60.986
2022-07-30,107.829
2022-07-31,126.859
2022-08-01,148.567
2022-08-02,233.48
2022-08-03,430.411
2022-08-04,351.124
2022-08-05,589.512
2022-08-06,397.457
2022-08-07,231.87
2022-08-08,180.664
2022-08-09,123.925
2022-08-10,162.157
2022-08-11,818.268
2022-08-12,1454.7
2022-08-13,612.638
2022-08-14,503.855
2022-08-15,323.719
2022-08-16,630.802
2022-08-17,621.266
2022-08-18,695.95
2022-08-19,285.347
2022-08-20,374.117
2022-08-21,611.587
2022-08-22,327.824
2022-08-23,323.025
2022-08-24,434.342
2022-08-25,476.887
2022-08-26,308.561
2022-08-27,201.766
2022-08-28,271.101
2022-08-29,153.814
2022-08-30,353.82
2022-08-31,471.981
2022-09-01,792.747
2022-09-02,722.642
2022-09-03,549.025
2022-09-04,645.671
2022-09-05,994.273
2022-09-06,4133.502
2022-09-07,3938.262
2022-09-08,1338.791
2022-09-09,718.642
2022-09-10,524.982
2022-09-11,404.865
2022-09-12,313.961
2022-09-13,314.894
2022-09-14,719.087
2022-09-15,296.369
2022-09-16,334.034
2022-09-17,368.668
2022-09-18,462.492
2022-09-19,228.824
2022-09-20,177.846
2022-09-21,241.423
2022-09-22,133.823
2022-09-23,122.553
2022-09-24,119.874
2022-09-25,116.468
2022-09-26,158.242
2022-09-27,62.517
2022-09-28,127.622
2022-09-29,202.281
2022-09-30,100.351
2022-10-01,157.772
2022-10-02,154.258
2022-10-03,128.279
2022-10-04,142.988
2022-10-05,238.227
2022-10-06,203.029
2022-10-07,110.776
2022-10-08,90.667
2022-10-09,76.056
2022-10-10,100.582
2022-10-11,60.895
2022-10-12,103.807
2022-10-13,115.954
2022-10-14,81.796
2022-10-15,86.075
2022-10-16,83.11
2022-10-17,101.864
2022-10-18,90.486
2022-10-19,72.768
2022-10-20,87.988
2022-10-21,93.484
2022-10-22,77.856
2022-10-23,81.516
2022-10-24,87.985
2022-10-25,87.905
2022-10-26,108.554
2022-10-27,64.379
2022-10-28,81.569
2022-10-29,85.106
2022-10-30,94.321
2022-10-31,76.559
2022-11-01,51.785
2022-11-02,55.884
2022-11-03,68.983
2022-11-04,59.758
2022-11-05,81.657
2022-11-06,60.36
2022-11-07,63.974
2022-11-08,83.949
2022-11-09,154.507
2022-11-10,71.757
2022-11-11,64.665
2022-11-12,45.176
2022-11-13,133.184
2022-11-14,73.968
2022-11-15,112.567
2022-11-16,185.391
2022-11-17,174.336
2022-11-18,32.292
2022-11-19,26.0
2022-11-20,26.0
2022-11-21,26.0
2022-11-22,35.039
2022-11-23,44.248
2022-11-24,48.166
2022-11-25,48.494
2022-11-26,48.185
2022-11-27,48.88
2022-11-28,47.043
2022-11-29,175.237
2022-11-30,211.504
2022-12-01,146.646
2022-12-02,102.23
2022-12-03,133.517
2022-12-04,115.078
2022-12-05,121.624
2022-12-06,90.467
2022-12-07,125.54
2022-12-08,94.786
2022-12-09,79.0
2022-12-10,63.083
2022-12-11,48.938
2022-12-12,75.434
2022-12-13,125.102
2022-12-14,101.723
2022-12-15,90.088
2022-12-16,117.535
2022-12-17,83.906
2022-12-18,82.149
2022-12-19,78.428
2022-12-20,71.174
2022-12-21,146.577
2022-12-22,99.693
2022-12-23,118.083
2022-12-24,62.006
2022-12-25,52.824
2022-12-26,47.072
2022-12-27,33.396
2022-12-28,70.111
2022-12-29,88.647
2022-12-30,90.913
2022-12-31,85.369
2023-01-01,97.913
2023-01-02,87.155
2023-01-03,54.102
2023-01-04,69.395
2023-01-05,65.781
2023-01-06,52.978
2023-01-07,55.228
2023-01-08,51.828
2023-01-09,60.137
2023-01-10,67.757
2023-01-11,54.284
2023-01-12,65.26
2023-01-13,112.045
2023-01-14,86.245
2023-01-15,102.927
2023-01-16,85.14
2023-01-17,55.298
2023-01-18,41.489
2023-01-19,42.317
2023-01-20,59.371
2023-01-21,76.303
2023-01-22,58.801
2023-01-23,56.603
2023-01-24,79.47
2023-01-25,31.157
2023-01-26,26.708
2023-01-27,28.425
2023-01-28,29.783
2023-01-29,29.202
2023-01-30,30.529
2023-01-31,30.198
2023-02-01,30.349
2023-02-02,30.061
2023-02-03,29.65
2023-02-04,43.807
2023-02-05,41.89
2023-02-06,45.451
2023-02-07,47.302
2023-02-08,32.387
2023-02-09,29.409
2023-02-10,42.822
2023-02-11,43.654
2023-02-12,46.953
2023-02-13,48.247
2023-02-14,52.833
2023-02-15,49.898
2023-02-16,45.307
2023-02-17,43.508
2023-02-18,56.387
2023-02-19,47.298
2023-02-20,63.006
2023-02-21,51.342
2023-02-22,55.391
2023-02-23,46.565
2023-02-24,54.666
2023-02-25,30.038
2023-02-26,30.009
2023-02-27,38.366
2023-02-28,61.579
2023-03-01,61.551
2023-03-02,48.24
2023-03-03,38.525
2023-03-04,35.612
2023-03-05,48.744
2023-03-06,60.378
2023-03-07,59.303
2023-03-08,51.71
2023-03-09,49.792
2023-03-10,38.183
2023-03-11,27.888
2023-03-12,37.525
2023-03-13,46.065
2023-03-14,30.011
2023-03-15,30.012
2023-03-16,44.83
2023-03-17,55.809
2023-03-18,29.958
2023-03-19,38.525
2023-03-20,47.384
2023-03-21,58.781
2023-03-22,38.835
2023-03-23,96.208
2023-03-24,94.625
2023-03-25,63.222
2023-03-26,67.074
2023-03-27,50.837
2023-03-28,43.945
2023-03-29,40.588
2023-03-30,44.474
2023-03-31,44.115
2023-04-01,66.367
2023-04-02,77.278
2023-04-03,58.297
2023-04-04,65.826
2023-04-05,129.662
2023-04-06,153.907
2023-04-07,154.114
2023-04-08,126.793
2023-04-09,85.605
2023-04-10,111.895
2023-04-11,110.554
2023-04-12,116.121
2023-04-13,77.071
2023-04-14,70.494
2023-04-15,108.112
2023-04-16,93.661
2023-04-17,66.056
2023-04-18,70.892
2023-04-19,99.808
2023-04-20,94.345
2023-04-21,68.509
2023-04-22,73.101
2023-04-23,67.495
2023-04-24,48.6
2023-04-25,48.6
2023-04-26,51.348
2023-04-27,72.888
2023-04-28,55.906
2023-04-29,83.416
2023-04-30,70.429
2023-05-01,82.059
2023-05-02,57.281
2023-05-03,70.611
2023-05-04,75.096
2023-05-05,344.582
2023-05-06,2772.809
2023-05-07,1976.798
2023-05-08,832.295
2023-05-09,400.916
2023-05-10,321.81
2023-05-11,249.168
2023-05-12,216.426
2023-05-13,186.989
2023-05-14,157.926
2023-05-15,109.628
2023-05-16,104.422
2023-05-17,100.623
2023-05-18,98.461
2023-05-19,186.509
2023-05-20,142.831
2023-05-21,160.758
2023-05-22,137.705
2023-05-23,100.595
2023-05-24,159.856
2023-05-25,77.131
2023-05-26,80.973
2023-05-27,172.639
2023-05-28,171.849
2023-05-29,1060.961
2023-05-30,1744.416
2023-05-31,603.475
2023-06-01,425.463
2023-06-02,485.864
2023-06-03,410.786
2023-06-04,320.229
2023-06-05,297.455
2023-06-06,177.738
2023-06-07,190.195
2023-06-08,159.04
2023-06-09,168.716
2023-06-10,148.749
2023-06-11,174.552
2023-06-12,189.056
2023-06-13,354.597
2023-06-14,198.885
2023-06-15,280.091
2023-06-16,250.821
2023-06-17,194.822
2023-06-18,183.342
2023-06-19,147.352
2023-06-20,158.739
2023-06-21,197.676
2023-06-22,235.311
2023-06-23,190.408
2023-06-24,220.469
2023-06-25,297.735
2023-06-26,707.723
2023-06-27,1376.988
2023-06-28,1655.231
2023-06-29,1389.704
2023-06-30,2302.362
2023-07-01,2654.079
2023-07-02,1400.582
2023-07-03,753.976
2023-07-04,525.012
2023-07-05,1801.65
2023-07-06,1937.004
2023-07-07,1422.023
2023-07-08,2735.98
2023-07-09,2261.025
2023-07-10,1281.802
2023-07-11,1474.069
2023-07-12,2780.607
2023-07-13,2377.526
2023-07-14,2341.996
2023-07-15,3375.318
2023-07-16,6478.613
2023-07-17,7221.666
2023-07-18,5147.167
2023-07-19,7078.757
2023-07-20,5919.117
2023-07-21,2811.752
2023-07-22,2231.444
2023-07-23,1755.474
2023-07-24,1843.061
2023-07-25,1981.124
2023-07-26,1548.97
2023-07-27,1318.244
2023-07-28,710.319
2023-07-29,469.769
2023-07-30,307.57
2023-07-31,292.154
2023-08-01,325.73
2023-08-02,195.783
2023-08-03,237.168
2023-08-04,193.537
2023-08-05,199.772
2023-08-06,256.413
2023-08-07,230.247
2023-08-08,509.16
2023-08-09,1117.907
2023-08-10,4796.969
2023-08-11,8466.76
2023-08-12,5267.452
2023-08-13,1769.161
2023-08-14,780.935
2023-08-15,598.887
2023-08-16,432.55
2023-08-17,530.135
2023-08-18,370.859
2023-08-19,552.528
2023-08-20,432.269
2023-08-21,509.221
2023-08-22,422.172
2023-08-23,383.041
2023-08-24,1464.631
2023-08-25,2997.188
2023-08-26,1877.491
2023-08-27,847.132
2023-08-28,796.978
2023-08-29,1402.913
2023-08-30,2712.144
2023-08-31,4962.287
2023-09-01,5664.324
2023-09-02,3150.882
2023-09-03,1788.51
2023-09-04,909.15
2023-09-05,736.376
2023-09-06,451.849
2023-09-07,434.399
2023-09-08,363.884
2023-09-09,361.33
2023-09-10,314.803
2023-09-11,328.59
2023-09-12,265.879
2023-09-13,346.117
2023-09-14,618.35
2023-09-15,618.386
2023-09-16,1090.523
2023-09-17,2536.056
2023-09-18,1488.138
2023-09-19,1193.976
2023-09-20,862.767
2023-09-21,3167.125
2023-09-22,3817.772
2023-09-23,2380.247
2023-09-24,1273.364
2023-09-25,769.772
2023-09-26,916.565
2023-09-27,1185.378
2023-09-28,852.96
2023-09-29,604.753
2023-09-30,465.368
2023-10-01,491.212
2023-10-02,418.776
2023-10-03,364.697
2023-10-04,379.812
2023-10-05,382.282
2023-10-06,379.275
2023-10-07,274.319
2023-10-08,279.289
2023-10-09,230.627
2023-10-10,270.222
2023-10-11,189.969
2023-10-12,230.011
2023-10-13,225.492
2023-10-14,179.357
2023-10-15,260.062
2023-10-16,226.11
2023-10-17,191.507
2023-10-18,114.163
2023-10-19,180.783
2023-10-20,173.138
2023-10-21,180.697
2023-10-22,130.141
2023-10-23,148.463
2023-10-24,167.678
2023-10-25,140.994
2023-10-26,155.103
2023-10-27,164.183
2023-10-28,131.393
2023-10-29,158.896
2023-10-30,155.806
2023-10-31,143.23
2023-11-01,59.034
2023-11-02,98.76
2023-11-03,139.252
2023-11-04,228.643
2023-11-05,204.408
2023-11-06,334.167
2023-11-07,279.399
2023-11-08,198.005
2023-11-09,136.625
2023-11-10,226.439
2023-11-11,148.503
2023-11-12,145.187
2023-11-13,135.711
2023-11-14,144.29
2023-11-15,128.646
2023-11-16,92.901
2023-11-17,162.935
2023-11-18,135.509
2023-11-19,127.844
2023-11-20,110.822
2023-11-21,87.788
2023-11-22,103.498
2023-11-23,127.238
2023-11-24,91.209
2023-11-25,86.623
2023-11-26,116.088
2023-11-27,90.466
2023-11-28,90.622
2023-11-29,86.327
2023-11-30,102.417
2023-12-01,160.617
2023-12-02,132.104
2023-12-03,105.527
2023-12-04,81.811
2023-12-05,61.085
2023-12-06,54.039
2023-12-07,70.642
2023-12-08,113.958
2023-12-09,100.166
2023-12-10,103.085
2023-12-11,177.441
2023-12-12,372.155
2023-12-13,220.1
2023-12-14,209.642
2023-12-15,978.964
2023-12-16,1835.282
2023-12-17,755.863
2023-12-18,395.785
2023-12-19,236.913
2023-12-20,379.668
2023-12-21,271.167
2023-12-22,253.113
2023-12-23,275.059
2023-12-24,258.937
2023-12-25,242.186
2023-12-26,205.425
2023-12-27,216.849
2023-12-28,189.647
2023-12-29,202.163
2023-12-30,188.16
2023-12-31,184.837
2024-01-01,204.99
2024-01-02,182.027
2024-01-03,184.731
2024-01-04,110.087
2024-01-05,128.807
2024-01-06,129.281
2024-01-07,107.158
2024-01-08,103.993
2024-01-09,132.933
2024-01-10,119.313
2024-01-11,122.824
2024-01-12,122.319
2024-01-13,121.988
2024-01-14,94.318
2024-01-15,124.807
2024-01-16,130.358
2024-01-17,122.074
2024-01-18,140.237
2024-01-19,99.229
2024-01-20,119.863
2024-01-21,223.559
2024-01-22,177.128
2024-01-23,183.415
2024-01-24,129.9
2024-01-25,151.986
2024-01-26,169.851
2024-01-27,143.27
2024-01-28,170.421
2024-01-29,174.417
2024-01-30,143.199
2024-01-31,178.671
2024-02-01,164.586
2024-02-02,115.449
2024-02-03,126.764
2024-02-04,116.056
2024-02-05,177.897
2024-02-06,178.157
2024-02-07,187.942
2024-02-08,228.848
2024-02-09,260.269
2024-02-10,243.367
2024-02-11,217.444
2024-02-12,148.506
2024-02-13,176.322
2024-02-14,192.448
2024-02-15,184.001
2024-02-16,159.423
2024-02-17,227.419
2024-02-18,244.14
2024-02-19,937.997
2024-02-20,1140.765
2024-02-21,864.503
2024-02-22,1006.212
2024-02-23,962.859
2024-02-24,700.966
2024-02-25,367.469
2024-02-26,347.115
2024-02-27,426.932
2024-02-28,511.848
2024-02-29,409.111
2024-03-01,478.063
2024-03-02,396.455
2024-03-03,345.025
2024-03-04,402.934
2024-03-05,381.675
2024-03-06,298.92
2024-03-07,362.372
2024-03-08,254.054
2024-03-09,259.341
2024-03-10,283.834
2024-03-11,259.686
2024-03-12,217.474
2024-03-13,219.57
2024-03-14,200.695
2024-03-15,248.985
2024-03-16,149.391
2024-03-17,156.062
2024-03-18,161.432
2024-03-19,167.644
2024-03-20,133.428
2024-03-21,115.992
2024-03-22,190.502
2024-03-23,195.373
2024-03-24,253.824
2024-03-25,260.742
2024-03-26,395.931
2024-03-27,394.827
2024-03-28,456.343
2024-03-29,1612.488
2024-03-30,1076.105
2024-03-31,518.24
2024-04-01,372.176
2024-04-02,451.941
2024-04-03,875.886
2024-04-04,1497.891
2024-04-05,980.807
2024-04-06,544.03
2024-04-07,382.632
2024-04-08,416.637
2024-04-09,413.781
2024-04-10,299.091
2024-04-11,345.61
2024-04-12,252.551
2024-04-13,277.453
2024-04-14,299.778
2024-04-15,406.09
2024-04-16,358.732
2024-04-17,273.164
2024-04-18,254.106
2024-04-19,266.641
2024-04-20,290.653
2024-04-21,449.945
2024-04-22,373.62
2024-04-23,339.776
2024-04-24,219.186
2024-04-25,302.687
2024-04-26,223.601
2024-04-27,349.287
2024-04-28,337.762
2024-04-29,328.394
2024-04-30,338.458
2024-05-01,487.65
2024-05-02,366.251
2024-05-03,255.91
2024-05-04,337.438
2024-05-05,464.399
2024-05-06,2265.653
2024-05-07,1649.024
2024-05-08,1023.909
2024-05-09,721.074
2024-05-10,585.707
2024-05-11,564.343
2024-05-12,699.002
2024-05-13,360.059
2024-05-14,228.422
2024-05-15,248.461
2024-05-16,343.952
2024-05-17,428.038
2024-05-18,293.714
2024-05-19,285.215
2024-05-20,339.17
2024-05-21,265.751
2024-05-22,257.198
2024-05-23,298.993
2024-05-24,382.602
2024-05-25,344.931
2024-05-26,311.386
2024-05-27,185.328
2024-05-28,256.641
2024-05-29,282.589
2024-05-30,201.966
2024-05-31,166.831
2024-06-01,217.475
2024-06-02,337.684
2024-06-03,276.819
2024-06-04,314.288
2024-06-05,275.531
2024-06-06,212.314
2024-06-07,300.612
2024-06-08,289.247
2024-06-09,461.589
2024-06-10,243.611
2024-06-11,302.941
2024-06-12,246.953
2024-06-13,303.971
2024-06-14,446.422
2024-06-15,309.343
2024-06-16,570.787
2024-06-17,317.628
2024-06-18,311.195
2024-06-19,348.693
2024-06-20,206.3
2024-06-21,212.996
2024-06-22,298.852
2024-06-23,412.409
2024-06-24,200.841
2024-06-25,283.638
2024-06-26,325.357
2024-06-27,106.666
2024-06-28,134.484
2024-06-29,294.161
2024-06-30,1466.379
2024-07-01,899.932
2024-07-02,1213.843
2024-07-03,1630.786
2024-07-04,948.515
2024-07-05,560.87
2024-07-06,313.387
2024-07-07,225.073
2024-07-08,1581.056
2024-07-09,2263.546
2024-07-10,3416.73
2024-07-11,5045.701
2024-07-12,3259.083
2024-07-13,2169.045
2024-07-14,1815.178
2024-07-15,1661.233
2024-07-16,1225.524
2024-07-17,1618.269
2024-07-18,1642.622
2024-07-19,1410.466
2024-07-20,1193.085
2024-07-21,1292.867
2024-07-22,855.787
2024-07-23,482.317
2024-07-24,648.979
2024-07-25,506.249
2024-07-26,411.712
2024-07-27,327.624
2024-07-28,416.857
2024-07-29,435.82
2024-07-30,299.934
2024-07-31,285.274
2024-08-01,250.089
2024-08-02,179.773
2024-08-03,304.82
2024-08-04,327.794
2024-08-05,466.861
2024-08-06,562.878
2024-08-07,358.331
2024-08-08,261.963
2024-08-09,180.601
2024-08-10,247.912
2024-08-11,220.907
2024-08-12,415.376
2024-08-13,95.217
2024-08-14,156.734
2024-08-15,126.992
2024-08-16,82.492
2024-08-17,109.729
2024-08-18,521.793
2024-08-19,236.879
2024-08-20,254.092
2024-08-21,240.228
2024-08-22,189.029
2024-08-23,253.189
2024-08-24,347.012
2024-08-25,388.227
2024-08-26,294.007
2024-08-27,169.259
2024-08-28,254.201
2024-08-29,133.669
2024-08-30,182.122
2024-08-31,191.912
2024-09-01,283.784
2024-09-02,205.048
2024-09-03,114.9
2024-09-04,128.566
2024-09-05,167.408
2024-09-06,104.548
2024-09-07,239.54
2024-09-08,233.977
2024-09-09,259.482
2024-09-10,124.098
2024-09-11,96.49
2024-09-12,381.05
2024-09-13,243.663
2024-09-14,160.008
2024-09-15,218.446
2024-09-16,161.114
2024-09-17,176.1
2024-09-18,267.239
2024-09-19,110.019
2024-09-20,412.717
2024-09-21,2503.417
2024-09-22,4354.039
2024-09-23,2593.905
2024-09-24,962.563
2024-09-25,481.999
2024-09-26,273.257
2024-09-27,328.587
2024-09-28,307.732
2024-09-29,378.679
2024-09-30,276.807
2024-10-01,238.526
2024-10-02,285.37
2024-10-03,212.47
2024-10-04,208.824
2024-10-05,228.502
2024-10-06,279.752
2024-10-07,216.345
2024-10-08,129.655
2024-10-09,223.727
2024-10-10,161.83
2024-10-11,197.526
2024-10-12,134.868
2024-10-13,143.29
2024-10-14,228.702
2024-10-15,219.257
2024-10-16,212.288
2024-10-17,153.056
2024-10-18,252.104
2024-10-19,428.09
2024-10-20,481.465
2024-10-21,282.718
2024-10-22,1183.62
2024-10-23,965.823
2024-10-24,457.642
2024-10-25,395.697
2024-10-26,212.163
2024-10-27,230.16
2024-10-28,174.939
2024-10-29,282.078
2024-10-30,177.646
2024-10-31,285.159
2024-11-01,239.372
2024-11-02,602.249
2024-11-03,504.156
2024-11-04,327.468
2024-11-05,296.476
2024-11-06,224.497
2024-11-07,197.406
2024-11-08,172.941
2024-11-09,183.1
2024-11-10,144.024
2024-11-11,202.9
2024-11-12,203.878
2024-11-13,189.643
2024-11-14,120.736
2024-11-15,149.612
2024-11-16,161.999
2024-11-17,173.722
2024-11-18,87.821
2024-11-19,118.007
2024-11-20,192.907
2024-11-21,96.546
2024-11-22,74.372
2024-11-23,145.384
2024-11-24,177.88
2024-11-25,190.392
2024-11-26,123.648
2024-11-27,252.56
2024-11-28,245.184
2024-11-29,185.892
2024-11-30,199.116
2024-12-01,195.352
2024-12-02,166.662
2024-12-03,137.157
2024-12-04,129.506
2024-12-05,124.263
2024-12-06,150.891
2024-12-07,143.081
2024-12-08,110.801
2024-12-09,117.78
2024-12-10,121.792
2024-12-11,120.804
2024-12-12,93.641
2024-12-13,124.063
2024-12-14,100.611
2024-12-15,84.062
2024-12-16,133.558
2024-12-17,115.873
2024-12-18,132.982
2024-12-19,100.938
2024-12-20,97.088
2024-12-21,151.542
2024-12-22,153.977
2024-12-23,121.306
2024-12-24,88.913
2024-12-25,119.092
2024-12-26,107.896
2024-12-27,103.317
2024-12-28,151.786
2024-12-29,101.944
2024-12-30,70.406
2024-12-31,141.729
2025-01-01,98.498
2025-01-02,135.907
2025-01-03,59.999
2025-01-04,136.753
2025-01-05,92.469
2025-01-06,91.134
2025-01-07,137.141
2025-01-08,140.85
2025-01-09,81.764
2025-01-10,111.038
2025-01-11,111.436
2025-01-12,102.741
2025-01-13,156.283
2025-01-14,87.677
2025-01-15,84.101
2025-01-16,91.966
2025-01-17,47.467
2025-01-18,120.566
2025-01-19,93.752
2025-01-20,60.355
2025-01-21,71.637
2025-01-22,103.317
2025-01-23,110.545
2025-01-24,84.358
2025-01-25,113.902
2025-01-26,84.316
2025-01-27,144.978
2025-01-28,106.956
2025-01-29,62.427
2025-01-30,87.098
2025-01-31,88.274
2025-02-01,121.185
2025-02-02,131.316
2025-02-03,102.169
2025-02-04,76.474
2025-02-05,40.606
2025-02-06,73.927
2025-02-07,133.419
2025-02-08,89.47
2025-02-09,65.776
2025-02-10,66.084
2025-02-11,79.857
2025-02-12,115.04
2025-02-13,112.935
2025-02-14,64.319
2025-02-15,98.635
2025-02-16,50.809
2025-02-17,41.716
2025-02-18,50.573
2025-02-19,37.359
2025-02-20,74.475
2025-02-21,91.074
2025-02-22,71.549
2025-02-23,51.435
2025-02-24,54.177
2025-02-25,105.128
2025-02-26,66.701
2025-02-27,67.931
2025-02-28,82.407
2025-03-01,102.155
2025-03-02,89.367
2025-03-03,154.306
2025-03-04,152.572
2025-03-05,222.665
2025-03-06,142.191
2025-03-07,133.438
2025-03-08,72.417
2025-03-09,144.368
2025-03-10,95.545
2025-03-11,168.206
2025-03-12,204.096
2025-03-13,216.367
2025-03-14,109.105
2025-03-15,58.485
2025-03-16,80.083
2025-03-17,77.995
2025-03-18,99.391
2025-03-19,115.164
2025-03-20,107.77
2025-03-21,102.871
2025-03-22,107.679
2025-03-23,87.125
2025-03-24,65.428
2025-03-25,77.905
2025-03-26,117.904
2025-03-27,156.664
2025-03-28,170.566
2025-03-29,149.278
2025-03-30,132.603
2025-03-31,129.357
2025-04-01,244.033
2025-04-02,107.354
2025-04-03,93.19
2025-04-04,66.304
2025-04-05,51.769
2025-04-06,62.83
2025-04-07,81.645
2025-04-08,135.902
2025-04-09,86.867
2025-04-10,93.841
2025-04-11,95.202
2025-04-12,163.377
2025-04-13,195.917
2025-04-14,159.485
2025-04-15,224.255
2025-04-16,152.945
2025-04-17,160.842
2025-04-18,129.723
2025-04-19,115.956
2025-04-20,127.043
2025-04-21,154.241
2025-04-22,127.424
2025-04-23,176.516
2025-04-24,165.064
2025-04-25,208.859
2025-04-26,165.725
2025-04-27,203.931
2025-04-28,115.315
2025-04-29,116.799
2025-04-30,99.776
2025-05-01,173.007
2025-05-02,262.362
2025-05-03,228.602
2025-05-04,387.31
2025-05-05,245.309
2025-05-06,218.728
2025-05-07,266.668
2025-05-08,183.403
2025-05-09,222.637
2025-05-10,434.636
2025-05-11,377.304
2025-05-12,342.015
2025-05-13,346.921
2025-05-14,246.193
2025-05-15,217.617
2025-05-16,254.368
2025-05-17,614.03
2025-05-18,535.222
2025-05-19,260.034
2025-05-20,330.853
2025-05-21,284.028
2025-05-22,157.774
2025-05-23,221.69
2025-05-24,140.142
2025-05-25,155.973
2025-05-26,192.038
2025-05-27,121.413
2025-05-28,183.784
2025-05-29,149.574
2025-05-30,194.862
2025-05-31,189.438
2025-06-01,213.439
2025-06-02,235.896
2025-06-03,253.492
2025-06-04,167.783
2025-06-05,186.829
2025-06-06,180.852
2025-06-07,118.215
2025-06-08,145.481
2025-06-09,165.473
2025-06-10,177.383
2025-06-11,215.05
2025-06-12,169.138
2025-06-13,201.051
2025-06-14,1452.807
2025-06-15,2265.878
2025-06-16,984.523
2025-06-17,396.492
2025-06-18,354.771
2025-06-19,487.762
2025-06-20,547.315
2025-06-21,646.293
2025-06-22,2710.692
2025-06-23,2127.23
2025-06-24,681.921
2025-06-25,736.92
2025-06-26,722.059
2025-06-27,426.172
2025-06-28,505.119
2025-06-29,421.589
2025-06-30,331.988
2025-07-01,149.292
2025-07-02,320.576
2025-07-03,256.806
2025-07-04,186.879
2025-07-05,151.28
2025-07-06,215.336
2025-07-07,133.482
2025-07-08,133.95
2025-07-09,132.996
2025-07-10,146.592
2025-07-11,149.926
2025-07-12,118.183
2025-07-13,228.636
2025-07-14,1400.718
2025-07-15,738.665
2025-07-16,542.015
2025-07-17,1327.403
2025-07-18,4013.247
2025-07-19,5717.72
2025-07-20,6974.691
2025-07-21,3730.71
2025-07-22,1606.742
2025-07-23,923.584
2025-07-24,597.531
2025-07-25,370.376
2025-07-26,353.897
2025-07-27,389.153
2025-07-28,243.201
2025-07-29,194.201
2025-07-30,253.669
2025-07-31,171.311
2025-08-01,177.118
2025-08-02,136.784
2025-08-03,388.303
2025-08-04,2336.527
2025-08-05,2428.917
2025-08-06,1294.119
2025-08-07,1050.829
2025-08-08,898.755
2025-08-09,826.614
2025-08-10,1155.827
2025-08-11,710.832
2025-08-12,729.138
2025-08-13,904.744
2025-08-14,572.068
2025-08-15,534.609
2025-08-16,356.684
2025-08-17,433.051
2025-08-18,343.375
2025-08-19,245.815
2025-08-20,235.88
2025-08-21,260.098
2025-08-22,222.691
2025-08-23,267.679
2025-08-24,231.701
2025-08-25,216.91
2025-08-26,170.016
2025-08-27,150.163
2025-08-28,184.822
2025-08-29,206.881
2025-08-30,227.852
2025-08-31,268.998
2025-09-01,188.553
2025-09-02,285.646
2025-09-03,248.232
2025-09-04,200.041
2025-09-05,139.089
2025-09-06,234.693
2025-09-07,223.033
2025-09-08,230.067
2025-09-09,333.419
2025-09-10,672.847
2025-09-11,517.462
2025-09-12,419.398
2025-09-13,673.702
2025-09-14,507.197
2025-09-15,189.902
2025-09-16,280.414
2025-09-17,204.21
2025-09-18,179.712
2025-09-19,337.428
2025-09-20,407.903
2025-09-21,527.875
2025-09-22,316.073
2025-09-23,253.612
2025-09-24,283.165
2025-09-25,262.031
2025-09-26,259.394
2025-09-27,308.58
2025-09-28,186.531
2025-09-29,186.161
2025-09-30,178.919
2025-10-01,256.696
2025-10-02,250.054
2025-10-03,245.053
2025-10-04,340.284
2025-10-05,341.169
2025-10-06,371.059
2025-10-07,562.239
2025-10-08,1103.522
2025-10-09,383.983
2025-10-10,436.012
2025-10-11,271.918
2025-10-12,290.017
2025-10-13,291.121
2025-10-14,1379.831
2025-10-15,1841.589
2025-10-16,1146.792
2025-10-17,1376.831
2025-10-18,817.698
2025-10-19,564.515
2025-10-20,487.128
2025-10-21,365.147
2025-10-22,262.578
2025-10-23,232.454
2025-10-24,240.962
2025-10-25,293.6
2025-10-26,282.962
2025-10-27,208.869
2025-10-28,225.528
2025-10-29,133.588
2025-10-30,170.961
2025-10-31,151.98
2025-11-01,56.043
2025-11-02,214.442
2025-11-03,129.447
2025-11-04,171.568
2025-11-05,156.74
2025-11-06,112.672
2025-11-07,138.435
2025-11-08,187.591
2025-11-09,170.66
2025-11-10,234.051
2025-11-11,119.309
2025-11-12,168.194
2025-11-13,128.603
2025-11-14,114.177
2025-11-15,112.823
2025-11-16,69.802
2025-11-17,129.442
2025-11-18,175.329
2025-11-19,55.201
2025-11-20,127.175
2025-11-21,115.112
2025-11-22,161.095
2025-11-23,119.291
2025-11-24,77.429
2025-11-25,140.227
2025-11-26,139.393
2025-11-27,98.137
2025-11-28,91.489
2025-11-29,125.069
2025-11-30,121.676
2025-12-01,100.357
2025-12-02,92.908
2025-12-03,100.146
2025-12-04,100.215
2025-12-05,112.67
2025-12-06,82.059
2025-12-07,150.009
2025-12-08,43.345
2025-12-09,89.004
2025-12-10,90.542
2025-12-11,135.828
2025-12-12,86.747
2025-12-13,95.612
2025-12-14,122.754
2025-12-15,120.158
2025-12-16,110.341
2025-12-17,100.287
2025-12-18,112.531
2025-12-19,63.29
2025-12-20,125.266
2025-12-21,53.735
2025-12-22,58.605
2025-12-23,106.207
2025-12-24,120.298
2025-12-25,75.772
2025-12-26,83.05
2025-12-27,119.924
2025-12-28,120.628
2025-12-29,82.445
2025-12-30,73.401
2025-12-31,96.616
2026-01-01,111.332
2026-01-02,48.826
2026-01-03,71.605
2026-01-04,122.859
2026-01-05,79.563
2026-01-06,59.512
2026-01-07,69.459
2026-01-08,78.993
2026-01-09,92.117
2026-01-10,78.632
2026-01-11,74.628
2026-01-12,93.357
2026-01-13,119.986
2026-01-14,76.667
2026-01-15,59.295
2026-01-16,104.553
2026-01-17,87.219
2026-01-18,77.938
2026-01-19,58.269
2026-01-20,94.062
2026-01-21,121.419
2026-01-22,95.426
2026-01-23,54.631
2026-01-24,74.529
2026-01-25,79.294
2026-01-26,53.503
2026-01-27,51.979
2026-01-28,76.09
2026-01-29,62.176
2026-01-30,95.302
2026-01-31,116.993
2026-02-01,55.281
2026-02-02,84.002
2026-02-03,59.36
2026-02-04,72.028
2026-02-05,81.288
2026-02-06,57.71
2026-02-07,83.383
2026-02-08,75.315
2026-02-09,76.467
2026-02-10,74.172
2026-02-11,113.174
2026-02-12,84.362
2026-02-13,88.657
2026-02-14,85.568
2026-02-15,46.57
2026-02-16,66.118
2026-02-17,69.75
2026-02-18,69.591
2026-02-19,85.285
2026-02-20,90.433
2026-02-21,91.082
2026-02-22,94.991
2026-02-23,69.619
2026-02-24,61.964
2026-02-25,158.45
2026-02-26,81.805
2026-02-27,107.742
2026-02-28,90.188
2026-03-01,86.589
2026-03-02,101.42
2026-03-03,170.632
2026-03-04,166.315
2026-03-05,123.173
2026-03-06,135.098
2026-03-07,112.441
2026-03-08,87.902
2026-03-09,78.843
2026-03-10,89.918
2026-03-11,74.373
2026-03-12,81.785
2026-03-13,68.234
2026-03-14,61.379
2026-03-15,93.581
2026-03-16,62.825
2026-03-17,49.171
2026-03-18,52.315
2026-03-19,70.622
2026-03-20,70.337
2026-03-21,50.151
2026-03-22,56.289
2026-03-23,57.656
2026-03-24,63.994
2026-03-25,73.439
2026-03-26,43.817
2026-03-27,64.934
2026-03-28,58.882
2026-03-29,44.545
2026-03-30,61.565
2026-03-31,168.273
2026-04-01,179.93
2026-04-02,152.432
2026-04-03,197.546
2026-04-04,631.928
2026-04-05,840.34
2026-04-06,624.813
2026-04-07,486.152
2026-04-08,414.999
2026-04-09,447.15
2026-04-10,349.27
2026-04-11,320.782
2026-04-12,272.618
2026-04-13,257.308
2026-04-14,307.923
2026-04-15,301.776
2026-04-16,274.701
2026-04-17,275.764
2026-04-18,338.302
2026-04-19,294.39
2026-04-20,295.283
2026-04-21,228.568
2026-04-22,178.715
2026-04-23,148.172
2026-04-24,157.873
2026-04-25,172.295
2026-04-26,127.518
2026-04-27,158.427
2026-04-28,148.69
2026-04-29,92.909
2026-04-30,116.715
2026-05-01,136.812
2026-05-02,199.541
2026-05-03,186.699
2026-05-04,197.376
2026-05-05,161.055
2026-05-06,171.705
2026-05-07,226.044
2026-05-08,184.339
2026-05-09,103.732
2026-05-10,128.396
2026-05-11,170.585
2026-05-12,175.984
2026-05-13,138.172
2026-05-14,143.87
2026-05-15,101.381
2026-05-16,87.68
2026-05-17,137.712
2026-05-18,107.619
2026-05-19,127.548
2026-05-20,313.614
2026-05-21,1541.33
2026-05-22,1001.983
2026-05-23,397.379
2026-05-24,419.772
2026-05-25,210.33
2026-05-26,360.046
2026-05-27,464.198
2026-05-28,381.325
2026-05-29,348.133
2026-05-30,283.395
2026-05-31,192.998
2026-06-01,227.884
2026-06-02,235.003
2026-06-03,222.787
2026-06-04,212.267
2026-06-05,187.187
2026-06-06,151.228
2026-06-07,195.952
2026-06-08,116.846
2026-06-09,131.912
2026-06-10,127.191
2026-06-11,97.85
2026-06-12,105.635
2026-06-13,194.233
2026-06-14,77.972
2026-06-15,128.12
2026-06-16,94.984
2026-06-17,152.706
2026-06-18,181.502
2026-06-19,172.69
2026-06-20,570.047
2026-06-21,530.104
2026-06-22,299.915
2026-06-23,314.689
2026-06-24,177.923
2026-06-25,141.897
2026-06-26,189.22
2026-06-27,139.681
2026-06-28,173.06
2026-06-29,152.796
2026-06-30,137.814
2026-07-01,256.41
2026-07-02,257.697
2026-07-03,252.691
2026-07-04,159.666
2026-07-05,228.453
2026-07-06,224.091
2026-07-07,303.554
2026-07-08,346.662
2026-07-09,714.74
2026-07-10,1427.763
2026-07-11,334.215
2026-07-12,191.355
2026-07-13,267.874
2026-07-14,271.096
2026-07-15,138.449
2026-07-16,130.909
2026-07-17,306.987
2026-07-18,710.629
2026-07-19,1020.821
2026-07-20,2138.277
2026-07-21,846.442
2026-07-22,393.591
2026-07-23,306.848
2026-07-24,204.651
2026-07-25,219.893
2026-07-26,274.115
2026-07-27,216.769
2026-07-28,154.718
2026-07-29,121.425
2026-07-30,138.635
2026-07-31,218.001
2026-08-01,121.796
2026-08-02,135.199
2026-08-03,48.873
2026-08-04,57.6
2026-08-05,48.6
2026-08-06,52.662
2026-08-07,69.204
2026-08-08,153.235
2026-08-09,69.623
2026-08-10,154.773
2026-08-11,93.303
2026-08-12,77.858
2026-08-13,82.155
2026-08-14,63.864
2026-08-15,49.51
2026-08-16,278.395
2026-08-17,1139.033
2026-08-18,1209.995
2026-08-19,554.077
2026-08-20,231.228
2026-08-21,254.21
2026-08-22,219.847
2026-08-23,234.517
2026-08-24,170.758
2026-08-25,216.549
2026-08-26,124.509
2026-08-27,180.195
2026-08-28,488.043
2026-08-29,970.353
2026-08-30,1445.946
2026-08-31,1098.513
2026-09-01,1171.708
2026-09-02,696.976
2026-09-03,572.783
2026-09-04,328.821
2026-09-05,296.253
2026-09-06,168.158
2026-09-07,182.685
2026-09-08,190.632
2026-09-09,158.359
2026-09-10,110.24
