date,임랑해수욕장_정점명,임랑해수욕장_정점코드,임랑해수욕장_유속(cm/s),임랑해수욕장_유향(deg),임랑해수욕장_수온(℃),임랑해수욕장_염분(PSU),임랑해수욕장_유의파고(m),임랑해수욕장_유의파주기(sec),임랑해수욕장_최대파고(m),임랑해수욕장_최대파주기(sec),임랑해수욕장_풍속(m/s),임랑해수욕장_풍향(deg),임랑해수욕장_기온(℃),임랑해수욕장_기압(hPa),임랑해수욕장_시정(m)
2019-01-01,,,,,,,,,,,,,,,
2019-01-02,,,,,,,,,,,,,,,
2019-01-03,,,,,,,,,,,,,,,
2019-01-04,,,,,,,,,,,,,,,
2019-01-05,,,,,,,,,,,,,,,
2019-01-06,,,,,,,,,,,,,,,
2019-01-07,,,,,,,,,,,,,,,
2019-01-08,,,,,,,,,,,,,,,
2019-01-09,,,,,,,,,,,,,,,
2019-01-10,,,,,,,,,,,,,,,
2019-01-11,,,,,,,,,,,,,,,
2019-01-12,,,,,,,,,,,,,,,
2019-01-13,,,,,,,,,,,,,,,
2019-01-14,,,,,,,,,,,,,,,
2019-01-15,,,,,,,,,,,,,,,
2019-01-16,,,,,,,,,,,,,,,
2019-01-17,,,,,,,,,,,,,,,
2019-01-18,,,,,,,,,,,,,,,
2019-01-19,,,,,,,,,,,,,,,
2019-01-20,,,,,,,,,,,,,,,
2019-01-21,,,,,,,,,,,,,,,
2019-01-22,,,,,,,,,,,,,,,
2019-01-23,,,,,,,,,,,,,,,
2019-01-24,,,,,,,,,,,,,,,
2019-01-25,,,,,,,,,,,,,,,
2019-01-26,,,,,,,,,,,,,,,
2019-01-27,,,,,,,,,,,,,,,
2019-01-28,,,,,,,,,,,,,,,
2019-01-29,,,,,,,,,,,,,,,
2019-01-30,,,,,,,,,,,,,,,
2019-01-31,,,,,,,,,,,,,,,
2019-02-01,,,,,,,,,,,,,,,
2019-02-02,,,,,,,,,,,,,,,
2019-02-03,,,,,,,,,,,,,,,
2019-02-04,,,,,,,,,,,,,,,
2019-02-05,,,,,,,,,,,,,,,
2019-02-06,,,,,,,,,,,,,,,
2019-02-07,,,,,,,,,,,,,,,
2019-02-08,,,,,,,,,,,,,,,
2019-02-09,,,,,,,,,,,,,,,
2019-02-10,,,,,,,,,,,,,,,
2019-02-11,,,,,,,,,,,,,,,
2019-02-12,,,,,,,,,,,,,,,
2019-02-13,,,,,,,,,,,,,,,
2019-02-14,,,,,,,,,,,,,,,
2019-02-15,,,,,,,,,,,,,,,
2019-02-16,,,,,,,,,,,,,,,
2019-02-17,,,,,,,,,,,,,,,
2019-02-18,,,,,,,,,,,,,,,
2019-02-19,,,,,,,,,,,,,,,
2019-02-20,,,,,,,,,,,,,,,
2019-02-21,,,,,,,,,,,,,,,
2019-02-22,,,,,,,,,,,,,,,
2019-02-23,,,,,,,,,,,,,,,
2019-02-24,,,,,,,,,,,,,,,
2019-02-25,,,,,,,,,,,,,,,
2019-02-26,,,,,,,,,,,,,,,
2019-02-27,,,,,,,,,,,,,,,
2019-02-28,,,,,,,,,,,,,,,
2019-03-01,,,,,,,,,,,,,,,
2019-03-02,,,,,,,,,,,,,,,
2019-03-03,,,,,,,,,,,,,,,
2019-03-04,,,,,,,,,,,,,,,
2019-03-05,,,,,,,,,,,,,,,
2019-03-06,,,,,,,,,,,,,,,
2019-03-07,,,,,,,,,,,,,,,
2019-03-08,,,,,,,,,,,,,,,
2019-03-09,,,,,,,,,,,,,,,
2019-03-10,,,,,,,,,,,,,,,
2019-03-11,,,,,,,,,,,,,,,
2019-03-12,,,,,,,,,,,,,,,
2019-03-13,,,,,,,,,,,,,,,
2019-03-14,,,,,,,,,,,,,,,
2019-03-15,,,,,,,,,,,,,,,
2019-03-16,,,,,,,,,,,,,,,
2019-03-17,,,,,,,,,,,,,,,
2019-03-18,,,,,,,,,,,,,,,
2019-03-19,,,,,,,,,,,,,,,
2019-03-20,,,,,,,,,,,,,,,
2019-03-21,,,,,,,,,,,,,,,
2019-03-22,,,,,,,,,,,,,,,
2019-03-23,,,,,,,,,,,,,,,
2019-03-24,,,,,,,,,,,,,,,
2019-03-25,,,,,,,,,,,,,,,
2019-03-26,,,,,,,,,,,,,,,
2019-03-27,,,,,,,,,,,,,,,
2019-03-28,,,,,,,,,,,,,,,
2019-03-29,,,,,,,,,,,,,,,
2019-03-30,,,,,,,,,,,,,,,
2019-03-31,,,,,,,,,,,,,,,
2019-04-01,,,,,,,,,,,,,,,
2019-04-02,,,,,,,,,,,,,,,
2019-04-03,,,,,,,,,,,,,,,
2019-04-04,,,,,,,,,,,,,,,
2019-04-05,,,,,,,,,,,,,,,
2019-04-06,,,,,,,,,,,,,,,
2019-04-07,,,,,,,,,,,,,,,
2019-04-08,,,,,,,,,,,,,,,
2019-04-09,,,,,,,,,,,,,,,
2019-04-10,,,,,,,,,,,,,,,
2019-04-11,,,,,,,,,,,,,,,
2019-04-12,,,,,,,,,,,,,,,
2019-04-13,,,,,,,,,,,,,,,
2019-04-14,,,,,,,,,,,,,,,
2019-04-15,,,,,,,,,,,,,,,
2019-04-16,,,,,,,,,,,,,,,
2019-04-17,,,,,,,,,,,,,,,
2019-04-18,,,,,,,,,,,,,,,
2019-04-19,,,,,,,,,,,,,,,
2019-04-20,,,,,,,,,,,,,,,
2019-04-21,,,,,,,,,,,,,,,
2019-04-22,,,,,,,,,,,,,,,
2019-04-23,,,,,,,,,,,,,,,
2019-04-24,,,,,,,,,,,,,,,
2019-04-25,,,,,,,,,,,,,,,
2019-04-26,,,,,,,,,,,,,,,
2019-04-27,,,,,,,,,,,,,,,
2019-04-28,,,,,,,,,,,,,,,
2019-04-29,,,,,,,,,,,,,,,
2019-04-30,,,,,,,,,,,,,,,
2019-05-01,,,,,,,,,,,,,,,
2019-05-02,,,,,,,,,,,,,,,
2019-05-03,,,,,,,,,,,,,,,
2019-05-04,,,,,,,,,,,,,,,
2019-05-05,,,,,,,,,,,,,,,
2019-05-06,,,,,,,,,,,,,,,
2019-05-07,,,,,,,,,,,,,,,
2019-05-08,,,,,,,,,,,,,,,
2019-05-09,,,,,,,,,,,,,,,
2019-05-10,,,,,,,,,,,,,,,
2019-05-11,,,,,,,,,,,,,,,
2019-05-12,,,,,,,,,,,,,,,
2019-05-13,,,11.71032608695652,166.42391304347825,16.18591397849462,33.83543010752688,0.7,4.834408602150538,1.23,4.844086021505376,6.7,124.43548387096774,16.661827956989246,1015.352688172043,
2019-05-14,,,13.275347222222223,114.42013888888889,16.785243055555554,33.88444444444444,0.51,5.122916666666667,0.97,5.269097222222222,7.8,203.34375,18.30034722222222,1012.8944444444444,
2019-05-15,,,19.177777777777777,166.42361111111111,16.961006944444446,33.914513888888884,0.46,4.220833333333333,0.75,4.210069444444445,4.0,227.64930555555554,19.234722222222224,1013.296875,
2019-05-16,,,22.444097222222222,166.01388888888889,16.85802083333333,33.93659722222222,0.43,3.8989583333333337,0.66,3.8524305555555554,3.5,230.99652777777777,19.34201388888889,1012.7496527777779,
2019-05-17,,,24.386458333333334,159.22569444444446,16.583819444444444,33.96440972222222,0.79,4.171875,1.16,4.133680555555555,4.3,166.04513888888889,19.45763888888889,1013.7090277777778,
2019-05-18,,,25.385664335664337,173.1853146853147,16.469615384615388,33.88006993006993,1.59,5.409407665505227,2.51,5.339024390243902,7.7,42.59581881533101,17.9787456445993,1013.2895470383274,
2019-05-19,,,22.323344947735194,154.12543554006967,17.008501742160277,33.9198606271777,2.38,5.863194444444444,3.56,5.75,9.9,123.45138888888889,19.122916666666665,1011.4225694444444,
2019-05-20,,,23.67013888888889,119.36805555555556,16.426319444444445,33.93059027777778,2.49,5.647916666666666,3.63,5.574652777777778,9.1,230.85763888888889,18.482986111111114,1003.8670138888889,
2019-05-21,,,20.073851590106006,136.74204946996466,15.776325088339222,34.00780918727915,0.73,4.372280701754385,1.26,4.460701754385965,11.3,234.11228070175437,16.55824561403509,1006.1242105263159,
2019-05-22,,,21.140625,142.63888888888889,15.55048611111111,34.07975694444444,1.01,3.9972222222222222,1.52,3.9322916666666665,10.3,224.13541666666666,17.900347222222223,1006.5072916666666,
2019-05-23,,,18.890972222222224,130.72569444444446,15.432951388888888,34.12756944444445,0.86,3.813888888888889,1.38,3.765625,12.2,203.37152777777777,17.139583333333334,1007.8927083333333,
2019-05-24,,,19.596515679442508,123.15679442508711,15.463763066202091,34.125191637630664,0.79,3.9878048780487805,1.27,3.917770034843206,11.6,218.6445993031359,17.270383275261324,1010.6634146341464,
2019-05-25,,,13.743402777777778,150.54513888888889,15.968333333333334,34.105381944444446,0.64,3.963194444444445,1.05,3.8836805555555554,8.1,190.13541666666666,20.17465277777778,1013.2663194444444,
2019-05-26,,,16.739930555555556,110.19791666666667,16.244479166666665,34.07902777777778,0.51,2.9989583333333334,0.9,3.0069444444444446,9.4,210.97569444444446,18.775,1015.4913194444445,
2019-05-27,,,15.489895470383276,126.53310104529616,16.306689895470384,33.991777003484316,2.42,4.707291666666666,3.53,4.692708333333333,15.7,205.05208333333334,18.083333333333332,1008.1833333333333,
2019-05-28,,,13.589895470383276,189.8048780487805,16.278257839721253,33.90066202090592,1.54,6.477003484320558,2.15,6.52787456445993,7.9,189.40766550522648,18.28710801393728,1008.816724738676,
2019-05-29,,,8.853124999999999,161.76388888888889,16.934652777777778,33.84059027777778,0.72,4.499652777777778,1.23,4.590277777777778,11.1,241.83680555555554,18.593055555555555,1009.0583333333333,
2019-05-30,,,14.479861111111111,172.05902777777777,16.8659375,33.84809027777778,0.62,3.8114583333333334,1.04,3.765625,10.6,231.63194444444446,19.48263888888889,1010.0586805555556,
2019-05-31,,,12.214982578397212,179.1219512195122,16.87547038327526,33.86358885017422,0.76,3.224652777777778,1.29,3.1788194444444446,10.6,240.89236111111111,18.28576388888889,1009.9065972222221,
2019-06-01,,,21.739583333333332,184.60416666666666,16.39625,33.894618055555554,0.52,3.398263888888889,0.95,3.3524305555555554,7.8,203.76041666666666,17.911458333333332,1009.6173611111111,
2019-06-02,,,21.357491289198606,156.14285714285714,16.41526132404181,33.871602787456446,0.29,3.375261324041812,0.52,3.3101045296167246,6.0,212.26480836236934,17.938675958188153,1007.0864111498257,
2019-06-03,,,25.08736842105263,146.84912280701755,16.18101754385965,33.79129824561404,0.51,3.561888111888112,0.82,3.4933566433566434,7.7,222.8006993006993,18.14965034965035,1007.6678321678322,
2019-06-04,,,27.172222222222224,145.1875,16.07625,33.789340277777775,0.35,3.3020833333333335,0.58,3.1649305555555554,5.6,203.34375,19.482291666666665,1008.6968750000001,
2019-06-05,,,31.441549295774646,140.6549295774648,16.151795774647887,33.78700704225352,0.69,4.404878048780488,1.11,4.371080139372823,6.1,183.3588850174216,19.64425087108014,1011.1996515679442,
2019-06-06,,,28.899651567944254,122.74912891986062,16.47794425087108,33.74965156794425,0.34,4.618118466898955,0.51,4.676306620209059,7.2,219.09407665505228,18.76411149825784,1011.0198606271778,
2019-06-07,,,32.0198606271777,112.41114982578397,17.274564459930314,33.18867595818815,2.19,6.098954703832753,3.17,6.005226480836237,7.7,136.0731707317073,18.643205574912894,1001.5742160278745,
2019-06-08,,,32.81363636363637,157.7762237762238,18.421048951048952,33.22447552447553,2.34,6.982867132867132,3.26,6.822027972027971,8.9,125.25524475524476,18.64825174825175,1008.7769230769231,
2019-06-09,,,22.82439024390244,176.66202090592336,18.562020905923344,33.10247386759582,1.29,6.092334494773519,2.02,6.119163763066203,9.0,64.61672473867596,18.033101045296167,1006.9365853658536,
2019-06-10,,,19.8808362369338,220.14285714285714,18.896550522648084,32.82156794425087,1.23,5.380836236933797,2.05,5.366550522648084,11.7,90.46341463414635,18.231010452961673,1006.7261324041813,
2019-06-11,,,21.01951219512195,234.26829268292684,19.488188153310105,32.229268292682924,1.54,5.961805555555555,2.18,5.934027777777778,11.4,89.47222222222223,18.00277777777778,1008.71875,
2019-06-12,,,19.169122807017544,194.23157894736843,20.576140350877193,30.02084210526316,1.07,5.798606271777004,1.65,5.7397212543554,7.4,80.57839721254355,18.555052264808364,1011.0348432055749,
2019-06-13,,,15.496167247386758,177.77003484320556,21.188919860627177,32.225853658536586,0.57,4.906968641114982,0.85,4.968641114982578,4.4,208.47038327526133,18.901045296167247,1010.9167247386758,
2019-06-14,,,16.143971631205677,179.4964539007092,21.333049645390073,31.663120567375888,0.42,4.330851063829787,0.73,4.274822695035461,7.0,221.0886524822695,19.97340425531915,1005.8127659574468,
2019-06-15,,,20.469026548672566,175.09734513274336,20.89894736842105,31.269649122807017,1.06,5.129203539823009,1.55,5.030973451327434,7.2,107.76106194690266,19.28141592920354,999.8530973451327,
2019-06-16,,,27.901769911504427,210.7797356828194,20.69546255506608,32.34713656387665,1.16,6.08590308370044,1.74,6.02863436123348,7.9,133.1762114537445,19.270925110132158,1006.5290748898678,
2019-06-17,,,21.427573529411767,178.1985294117647,20.64378676470588,32.4802205882353,1.67,9.38860294117647,2.25,10.118382352941175,10.8,223.9558823529412,19.95110294117647,1011.8143382352941,
2019-06-18,,,28.878214285714286,161.84642857142856,19.314285714285713,33.10307142857143,1.56,8.624642857142858,2.02,9.083928571428572,8.2,204.37857142857143,20.565714285714286,1009.6992857142857,
2019-06-19,,,30.18028169014085,174.93661971830986,17.978063380281693,32.957535211267604,0.91,6.169366197183098,1.2,6.780633802816902,6.1,201.47535211267606,20.926056338028168,1006.5260563380283,
2019-06-20,,,25.86598360655738,152.35655737704917,17.857786885245904,32.351229508196724,0.5,5.145081967213115,0.85,5.399590163934426,9.1,226.95081967213116,20.61926229508197,1005.7413934426229,
2019-06-21,,,32.717021276595744,228.86170212765958,18.342736842105264,32.41947368421052,0.54,3.721276595744681,0.79,3.6648936170212765,9.2,80.63157894736842,20.332631578947368,1005.4387096774194,
2019-06-22,,,23.292657342657343,137.62237762237763,18.762342657342657,31.54027972027972,1.15,5.138327526132405,1.84,5.134146341463414,9.3,102.21254355400697,19.59616724738676,1007.1686411149826,
2019-06-23,,,19.335540069686413,180.82578397212544,19.842160278745645,31.0502787456446,1.0,4.879790940766551,1.72,4.8,10.8,56.55749128919861,19.566202090592334,1008.4341463414634,
2019-06-24,,,12.739583333333334,142.36458333333334,20.416354166666665,30.42795138888889,0.72,5.016666666666667,1.12,4.986111111111111,5.8,174.24305555555554,20.078472222222224,1013.2118055555555,
2019-06-25,,,10.296875,173.20138888888889,21.21375,30.003715277777776,0.48,4.828472222222222,1.0,4.897569444444445,4.0,175.60416666666666,20.64548611111111,1015.5760416666667,
2019-06-26,,,12.933916083916083,213.83566433566435,21.458356643356645,28.802237762237763,1.2,4.244599303135889,1.96,4.188153310104529,9.4,171.73867595818814,20.500348432055752,1010.3675958188153,
2019-06-27,,,11.824561403508772,163.43859649122808,21.74480701754386,26.957894736842107,1.33,4.944405594405594,1.94,4.926223776223776,8.3,180.26223776223776,22.196153846153848,1001.1363636363636,
2019-06-28,,,19.628124999999997,214.50694444444446,21.12826388888889,27.526666666666667,0.71,4.410763888888889,1.08,4.366319444444445,7.5,123.76041666666667,21.545833333333334,1003.1017361111111,
2019-06-29,,,26.50175438596491,207.80701754385964,20.883368421052634,26.9179298245614,1.87,5.18006993006993,2.54,5.325174825174825,14.0,190.4965034965035,21.081818181818182,999.027972027972,
2019-06-30,,,17.91602787456446,179.3170731707317,20.755574912891987,27.18149825783972,1.35,6.32822299651568,2.04,6.296864111498258,9.1,203.80836236933797,21.81114982578397,999.577700348432,
2019-07-01,,,17.56527777777778,169.21875,19.58013888888889,28.154131944444444,0.67,4.813194444444445,1.14,4.848958333333333,8.8,203.81944444444446,21.150694444444444,1004.5187500000001,
2019-07-02,,,31.033333333333335,119.25,17.789965277777778,31.680347222222224,0.64,4.519791666666666,1.02,4.602430555555555,8.4,193.71875,21.021527777777777,1007.8972222222224,
2019-07-03,,,40.52013888888889,162.08333333333334,17.37065972222222,31.91465277777778,0.4,4.760416666666667,0.61,4.84375,7.3,191.30555555555554,19.556597222222223,1007.6135416666667,
2019-07-04,,,37.43356643356643,169.94055944055944,17.644510489510488,31.528776223776223,0.48,6.802097902097902,0.72,7.025524475524476,3.7,214.38111888111888,20.822727272727274,1005.8646853146853,
2019-07-05,,,42.13205574912892,184.00696864111498,17.848606271777005,30.96278745644599,0.5,6.610763888888889,0.78,6.901041666666667,4.6,137.51736111111111,19.87951388888889,1003.8315972222222,
2019-07-06,,,44.530902777777776,186.10763888888889,19.2009375,31.195277777777775,1.45,5.153472222222223,2.47,5.126736111111111,12.0,53.49305555555556,22.015972222222224,1004.7003472222223,
2019-07-07,,,22.331944444444446,207.54513888888889,20.95590277777778,31.11607638888889,1.62,5.876736111111111,2.41,5.878472222222222,10.3,45.923611111111114,21.84375,1008.0760416666667,
2019-07-08,,,17.373684210526317,155.42456140350876,21.443719298245615,30.662947368421055,1.1,5.50979020979021,1.95,5.549300699300699,9.7,59.27972027972028,21.613636363636363,1007.4678321678322,
2019-07-09,,,16.762587412587415,171.80769230769232,21.77,30.112307692307695,1.06,5.246503496503497,1.63,5.2622377622377625,10.5,53.36013986013986,21.63006993006993,1006.7216783216784,
2019-07-10,,,18.582042253521127,206.01408450704224,21.840352112676054,29.60387323943662,1.01,5.026315789473684,1.87,5.047719298245614,11.9,48.18245614035088,21.712280701754388,1005.5031578947369,
2019-07-11,,,16.60211267605634,139.67957746478874,22.376549295774648,29.376901408450706,1.87,5.898245614035088,3.1,5.792982456140351,10.2,194.5157894736842,23.052982456140352,1002.0129824561404,
2019-07-12,,,10.083157894736841,126.36842105263158,22.458947368421054,29.272631578947372,1.07,5.642657342657342,1.85,5.802797202797202,7.2,133.56293706293707,22.498251748251747,1005.9979020979022,
2019-07-13,,,16.092957746478874,133.04577464788733,22.222359154929578,29.480140845070423,0.65,5.093684210526316,1.15,5.527368421052631,8.1,221.35438596491227,22.17157894736842,1002.1508771929824,
2019-07-14,,,21.793379790940765,145.55052264808361,22.088885017421603,29.513031358885016,0.75,5.58815331010453,1.2,5.653310104529616,6.9,141.10452961672473,22.066202090592334,1002.7006968641114,
2019-07-15,,,19.267132867132865,171.43006993006992,22.84951048951049,29.353776223776226,0.83,6.0895470383275265,1.17,6.505226480836237,5.3,111.89198606271778,22.799651567944252,1007.8947735191638,
2019-07-16,,,16.880782918149468,167.10320284697508,23.293950177935944,28.89526690391459,0.73,5.136971830985916,1.26,5.247535211267605,5.7,113.36267605633803,22.963732394366197,1011.4823943661971,
2019-07-17,,,15.74835164835165,167.0,23.477362637362635,28.62978021978022,0.82,4.433333333333334,1.14,4.32140350877193,6.3,89.49824561403508,23.152982456140354,1012.4515789473685,
2019-07-18,,,20.847719298245615,160.22456140350877,23.222842105263158,28.177298245614033,0.6,4.951929824561403,0.89,4.926315789473684,4.5,235.8035087719298,22.467719298245616,1010.4052631578948,
2019-07-19,,,31.985409252669037,178.61921708185054,22.672775800711744,27.511459074733096,2.26,5.453191489361702,3.12,5.422340425531915,9.3,183.8758865248227,23.44858156028369,1008.5656028368794,
2019-07-20,,,29.630419580419577,212.7027972027972,22.30534965034965,26.531328671328673,3.84,8.176223776223777,5.66,8.241258741258742,14.8,142.6993006993007,23.62832167832168,1003.4111888111887,
2019-07-21,,,22.81316725978648,128.30960854092527,20.927758007117436,26.29288256227758,2.86,6.1807829181494665,4.1,6.193238434163701,12.2,197.62633451957296,22.673309608540926,1004.0743772241993,
2019-07-22,,,23.154063604240285,139.01766784452298,18.09236749116608,26.95236749116608,0.8,4.659010600706714,1.15,4.742049469964664,10.7,209.1660777385159,22.049823321554772,1005.8498233215548,
2019-07-23,,,14.372438162544169,135.4946996466431,17.68190812720848,26.7795406360424,0.74,4.002826855123675,1.25,4.019434628975265,10.0,198.84805653710248,21.14593639575972,1005.1512367491166,
2019-07-24,,,10.787900355871887,170.52669039145908,17.896370106761566,26.38508896797153,0.69,3.8722419928825618,1.16,3.98220640569395,9.9,206.31316725978647,21.330249110320285,1005.2060498220642,
2019-07-25,,,9.450883392226148,138.76325088339223,16.64339222614841,25.988021201413428,0.6,3.8281690140845073,1.01,3.7940140845070425,8.4,196.68309859154928,20.77781690140845,1006.181338028169,
2019-07-26,,,9.43584229390681,143.90322580645162,16.65673835125448,25.4715770609319,0.51,3.5085714285714285,0.93,3.5067857142857144,8.7,204.18214285714285,21.25464285714286,1005.6182142857142,
2019-07-27,,,15.488070175438597,196.11929824561403,17.648070175438598,24.42982456140351,0.46,3.7898245614035084,0.74,3.772631578947369,8.2,207.57543859649124,22.282456140350877,1006.8673684210527,
2019-07-28,,,15.278745644599303,163.3588850174216,19.293519163763065,23.258013937282232,0.87,3.912891986062718,1.37,3.951219512195122,10.0,202.25783972125436,23.301045296167246,1010.1219512195122,
2019-07-29,,,21.367957746478872,169.58802816901408,19.982042253521126,21.333204225352112,0.68,4.0602112676056334,1.21,4.154929577464789,10.5,203.11267605633802,23.74718309859155,1010.606338028169,
2019-07-30,,,30.25649122807018,129.97543859649122,20.353658536585368,20.029790940766553,0.91,3.388850174216028,1.67,3.3634146341463413,10.5,202.97560975609755,23.542857142857144,1009.1912891986063,
2019-07-31,,,36.97789473684211,127.16491228070176,19.787754385964913,18.744561403508772,0.65,3.540701754385965,1.15,3.5228070175438595,10.3,202.95087719298246,23.806315789473686,1010.1231578947368,
2019-08-01,,,37.609219858156024,151.94326241134752,20.44744680851064,18.325283687943262,0.63,3.582685512367491,0.92,3.5731448763250886,9.7,204.5547703180212,24.368904593639574,1011.2491166077739,
2019-08-02,,,37.25300353356891,149.67137809187278,20.049010600706712,17.41879858657244,0.35,4.20565371024735,0.57,4.2286219081272085,3.3,235.226148409894,25.908480565371026,1011.1731448763251,
2019-08-03,,,40.12355072463768,162.3586956521739,21.042671480144403,16.99018050541516,0.36,3.8949999999999996,0.62,3.7910714285714286,5.0,138.19642857142858,25.04785714285714,1011.5617857142856,
2019-08-04,,,42.418661971830986,134.2288732394366,22.78637323943662,16.594612676056336,0.43,4.016549295774648,0.7,3.9228873239436615,3.9,200.71830985915494,25.804577464788732,1010.9271126760563,
2019-08-05,,,41.17544483985765,173.97864768683274,23.816868327402133,16.21661921708185,0.53,3.8911347517730497,0.82,3.8067375886524824,7.3,134.61702127659575,25.668439716312058,1009.8152482269504,
2019-08-06,,,22.538214285714286,198.84642857142856,24.72875,15.58307142857143,3.16,5.353191489361702,4.31,5.2613475177304965,17.2,61.255319148936174,25.829432624113473,1004.5308510638298,
2019-08-07,,,23.828771929824562,92.21052631578948,25.5159649122807,15.06178947368421,2.04,4.61578947368421,2.88,4.571929824561403,10.6,201.84912280701755,26.19543859649123,1006.0231578947368,
2019-08-08,,,23.705599999999997,121.832,25.283187250996015,14.857290836653386,0.54,4.022304832713755,0.95,3.9810408921933087,5.1,222.74632352941177,26.666176470588233,1008.3705882352941,
2019-08-09,,,14.904838709677419,131.44354838709677,24.99274193548387,14.725725806451614,0.51,6.163779527559055,0.79,6.777165354330709,3.4,273.15748031496065,26.318897637795274,1007.9897637795275,
2019-08-10,,,10.6,200.6,24.599999999999998,14.815,,,,,3.7,55.6,26.660000000000004,1007.9666666666667,
2019-08-11,,,,,,,,,,,,,,,
2019-08-12,,,,,,,,,,,,,,,
2019-08-13,,,,,,,,,,,,,,,
2019-08-14,,,,,,,,,,,,,,,
2019-08-15,,,,,,,,,,,,,,,
2019-08-16,,,,,,,,,,,,,,,
2019-08-17,,,,,,,,,,,,,,,
2019-08-18,,,,,,,,,,,,,,,
2019-08-19,,,,,,,,,,,,,,,
2019-08-20,,,,,,,,,,,,,,,
2019-08-21,,,11.417204301075268,132.70967741935485,26.545483870967743,15.670860215053764,0.53,5.10752688172043,0.84,5.075268817204301,5.8,211.13978494623655,26.131182795698923,1008.9978260869566,
2019-08-22,,,16.23843416370107,95.6049822064057,25.885871886121,15.619395017793595,1.72,5.232028469750889,2.53,5.183274021352313,11.2,216.12099644128114,26.672597864768683,1005.7526690391459,
2019-08-23,,,12.585355648535565,210.5481171548117,25.104771784232366,15.451410788381743,0.98,4.968595041322314,1.42,4.863223140495868,5.7,250.6122448979592,25.648571428571426,1007.8163265306123,
2019-08-24,,,13.591304347826087,181.5169082125604,25.289380952380956,15.043000000000001,0.46,4.019431279620854,0.98,3.9616113744075827,5.0,289.35648148148147,24.825462962962963,1010.1120370370371,
2019-08-25,,,16.316541353383457,118.93984962406014,25.8192700729927,15.505912408759123,0.5,3.820408163265306,0.67,4.261224489795918,6.6,265.53205128205127,23.853846153846153,1012.5224358974359,
2019-08-26,,,13.02962962962963,67.48148148148148,25.9553125,15.4321875,0.59,3.728947368421052,0.82,4.118421052631579,4.5,275.7142857142857,23.478048780487807,1012.6738095238096,
2019-08-27,,,24.42,81.25714285714285,25.52285714285714,32.189142857142855,0.0,5.68235294117647,0.0,5.606060606060606,4.0,101.28571428571429,23.814285714285713,1008.2199999999999,
2019-08-28,,,25.72689075630252,170.85294117647058,25.237238493723847,32.152384937238494,0.77,5.956066945606694,1.36,6.156903765690377,5.9,235.87029288702928,24.01506276150628,1007.9125523012552,
2019-08-29,,,22.1402390438247,126.03187250996017,24.784860557768923,32.25374501992032,0.76,4.9282868525896415,14.43,5.282868525896414,6.6,238.70517928286853,23.9601593625498,1007.815139442231,
2019-08-30,,,26.25091743119266,103.80275229357798,23.496330275229358,32.51775229357798,0.54,3.479816513761468,1.07,3.8394495412844036,7.6,231.02293577981652,24.21559633027523,1009.1165137614679,
2019-08-31,,,29.568,180.408,21.694,32.88904,0.45,3.4688000000000003,0.84,3.93,7.5,248.472,23.022,1013.7676,
2019-09-01,,,39.2,185.06451612903226,21.028225806451612,33.01064516129033,0.37,3.5725806451612905,0.74,3.685483870967742,2.7,229.76612903225808,22.13790322580645,1017.8637096774194,
2019-09-02,,,34.61042471042471,192.7027027027027,21.459073359073358,32.745444015444015,0.43,3.65019305019305,0.75,3.6505791505791505,4.1,160.1119691119691,21.08918918918919,1018.0451737451738,
2019-09-03,,,21.433088235294118,194.83823529411765,21.67904411764706,23.666985294117648,0.46,3.7746323529411767,0.73,3.6378676470588234,6.0,125.55514705882354,22.51139705882353,1016.1055147058823,
2019-09-04,,,19.858362989323844,227.36654804270464,22.981032028469752,13.132170818505337,0.75,5.297153024911032,1.13,5.142348754448399,4.1,161.66548042704628,23.82846975088968,1013.9886120996441,
2019-09-05,,,8.799645390070921,180.10283687943263,23.792836879432624,12.75450354609929,0.84,6.010283687943263,1.33,5.99468085106383,4.2,218.12056737588654,25.137234042553192,1012.5659574468084,
2019-09-06,,,10.06725352112676,178.01760563380282,24.209330985915493,12.156232394366198,1.28,6.069718309859155,2.08,6.068661971830986,7.7,84.83450704225352,25.844718309859154,1009.7852112676056,
2019-09-07,,,14.647857142857141,137.26071428571427,24.734321428571427,11.49832142857143,4.06,8.66357142857143,5.77,8.846428571428572,13.1,167.2642857142857,26.17142857142857,1004.6278571428571,
2019-09-08,,,14.166192170818505,110.65480427046263,22.994021352313165,11.618718861209965,1.01,6.78896797153025,1.52,6.868327402135232,4.8,203.42348754448398,24.502846975088968,1007.9953736654804,
2019-09-09,,,15.47883211678832,155.04014598540147,22.791021897810218,11.500109489051095,0.85,6.552919708029197,1.42,6.682481751824818,2.4,200.94525547445255,25.665328467153284,1010.1178832116788,
2019-09-10,,,10.93309090909091,200.3890909090909,22.42083636363636,11.242727272727272,1.19,5.920363636363636,1.7,5.950909090909091,6.7,209.95636363636365,24.708,1012.9825454545455,
2019-09-11,,,21.997153024911032,206.66903914590748,20.94252669039146,11.163665480427046,0.86,4.59645390070922,1.27,4.648936170212766,10.4,67.86879432624113,23.21276595744681,1014.9829787234042,
2019-09-12,,,22.03942652329749,163.98566308243727,22.66336917562724,10.655089605734767,1.94,5.959856630824373,2.67,5.949820788530466,10.6,84.72043010752688,22.70752688172043,1016.4759856630824,
2019-09-13,,,17.889818181818182,153.24727272727273,23.353018181818182,10.480981818181817,1.55,6.026545454545454,2.34,5.954545454545454,10.4,131.57818181818183,22.753818181818183,1013.5025454545455,
2019-09-14,,,16.93879003558719,108.48754448398577,23.535943060498223,10.37355871886121,1.05,5.871174377224199,1.57,5.752669039145908,5.8,226.711743772242,23.133807829181496,1011.0366548042704,
2019-09-15,,,19.664516129032258,124.33333333333333,23.735770609318994,10.399749103942654,0.93,4.9544802867383515,1.46,4.867383512544803,10.6,154.45878136200716,23.736200716845875,1010.047670250896,
2019-09-16,,,16.279636363636364,184.66181818181818,24.139636363636363,10.091818181818182,1.05,5.274181818181819,1.79,5.247636363636364,11.6,173.1818181818182,22.555272727272726,1010.0669090909091,
2019-09-17,,,16.617948717948718,175.1135531135531,23.786630036630036,9.920989010989011,1.59,6.6560439560439555,2.33,6.626739926739926,12.2,109.04395604395604,22.457509157509158,1013.6340659340658,
2019-09-18,,,15.0028880866426,143.1624548736462,23.860830324909745,9.895198555956679,1.38,6.27725631768953,1.75,6.191335740072202,9.4,173.70036101083033,22.73537906137184,1014.4563176895308,
2019-09-19,,,14.262318840579711,174.7173913043478,23.832427536231883,9.760144927536233,1.75,5.957246376811594,2.46,5.9021739130434785,10.9,103.8768115942029,21.618840579710145,1017.5434782608696,
2019-09-20,,,12.512132352941178,177.3014705882353,23.786323529411764,9.781286764705882,2.23,6.012132352941176,3.14,5.832720588235294,10.8,108.22426470588235,21.73235294117647,1016.5367647058823,
2019-09-21,,,11.58201438848921,225.17985611510792,23.504460431654675,9.779244604316547,3.06,6.723381294964028,4.44,6.618705035971223,15.5,78.12949640287769,20.29568345323741,1017.5787769784173,
2019-09-22,,,35.96775362318841,233.53623188405797,23.136159420289854,9.413840579710143,5.0,9.807246376811595,6.96,9.58876811594203,20.1,38.18115942028985,19.467391304347824,1006.6413043478261,
2019-09-23,,,19.1507299270073,151.1094890510949,22.742591240875914,9.101496350364963,5.78,10.322545454545454,8.61,10.234545454545454,14.5,195.94181818181818,19.394545454545455,1011.6923636363637,
2019-09-24,,,12.83971119133574,186.42960288808663,22.708916967509026,9.297111913357401,2.23,9.562815884476535,3.0,9.333935018050541,5.6,228.67870036101084,19.3057761732852,1017.8194945848376,
2019-09-25,,,13.403249097472923,150.71480144404333,22.700794223826716,9.433826714801445,1.15,7.16115107913669,2.02,7.140287769784172,8.2,168.84172661870502,20.238129496402877,1021.4388489208633,
2019-09-26,,,12.692565055762083,174.81784386617102,22.920594795539035,9.4917843866171,1.01,5.256296296296297,1.71,5.177777777777778,8.7,120.51481481481481,22.226296296296297,1023.372962962963,
2019-09-27,,,12.086940298507463,164.9402985074627,23.06634328358209,9.409253731343282,0.87,4.924253731343284,1.52,4.872761194029851,7.0,73.17910447761194,22.190298507462686,1022.4567164179106,
2019-09-28,,,11.684671532846714,160.85766423357666,22.948795620437956,9.071131386861314,0.67,4.394525547445255,1.13,4.293795620437956,5.6,167.75182481751824,22.253649635036496,1018.365693430657,
2019-09-29,,,11.207246376811593,167.3913043478261,23.027065217391304,8.741050724637683,0.4,3.829241877256318,0.61,3.7382671480144403,4.3,225.40794223826714,23.207220216606498,1015.6241877256318,
2019-09-30,,,10.422932330827068,140.6766917293233,22.986052631578946,8.807368421052633,0.31,3.5706766917293233,0.48,3.5150375939849625,6.0,224.703007518797,23.27894736842105,1016.3473684210527,
2019-10-01,,,10.998175182481752,153.6824817518248,22.32419708029197,8.86682481751825,0.3,4.842335766423357,0.47,5.324817518248175,4.2,242.1058394160584,22.57007299270073,1018.4682481751825,
2019-10-02,,,10.639194139194139,168.2014652014652,22.482417582417582,8.7492673992674,4.01,9.004029304029304,5.51,10.194139194139193,16.1,103.10622710622711,23.051648351648353,1011.6157509157508,
2019-10-03,,,12.095571955719558,120.68265682656826,21.943800738007383,8.792177121771218,4.19,7.770479704797049,6.53,7.69889298892989,17.3,250.2509225092251,24.20036900369004,1002.7974169741697,
2019-10-04,,,6.455185185185186,198.92222222222222,21.065592592592594,9.122370370370371,0.84,7.057037037037038,1.22,7.377777777777778,5.0,182.0888888888889,21.634814814814813,1013.0481481481481,
2019-10-05,,,7.944964028776978,214.068345323741,21.447949640287767,9.332949640287769,1.33,8.300719424460432,1.85,9.124460431654676,11.5,155.10071942446044,21.320503597122304,1014.6431654676259,
2019-10-06,,,10.522382671480143,193.0,21.587581227436825,9.364657039711192,1.37,7.487003610108304,2.19,7.787364620938628,11.6,91.80505415162455,18.736462093862816,1022.7036101083033,
2019-10-07,,,9.838113207547169,135.03396226415094,21.461509433962267,9.461169811320755,1.15,6.978195488721805,1.75,7.000375939849624,6.7,246.21804511278197,18.46766917293233,1017.4214285714285,
2019-10-08,,,9.891851851851852,176.3,21.958259259259258,9.616296296296296,0.75,5.779999999999999,1.04,5.85,7.0,272.8333333333333,19.565555555555555,1015.7240740740741,
2019-10-09,,,10.28233082706767,186.25563909774436,22.122180451127818,9.783646616541352,0.55,5.62593984962406,0.82,5.635338345864661,6.4,253.50375939849624,17.616917293233083,1018.1477443609023,
2019-10-10,,,9.639179104477613,190.73507462686567,22.419179104477614,9.806902985074627,0.46,5.27276119402985,0.66,5.375,5.0,273.1529850746269,18.95149253731343,1014.9473880597016,
2019-10-11,,,10.060377358490566,210.50566037735848,22.411849056603774,9.556867924528303,1.21,4.735849056603773,2.13,4.75433962264151,12.9,154.49056603773585,20.365283018867924,1012.8422641509435,
2019-10-12,,,8.706985294117647,153.1139705882353,22.17860294117647,9.237647058823528,3.34,8.123897058823529,4.82,8.185661764705882,16.9,24.801470588235293,20.519485294117647,1013.0573529411764,
2019-10-13,,,9.789705882352942,150.41544117647058,22.00279411764706,9.399338235294117,3.58,10.592647058823529,4.6,10.564338235294118,12.4,68.66911764705883,18.398529411764706,1021.0536764705881,
2019-10-14,,,10.58188679245283,201.75471698113208,22.117056603773587,9.885509433962264,2.16,8.563157894736843,3.08,8.592105263157896,6.8,262.1390977443609,18.16766917293233,1022.7398496240601,
2019-10-15,,,11.697407407407407,149.90740740740742,21.91185185185185,9.645407407407408,2.28,7.124074074074074,3.48,7.152222222222222,13.5,100.31851851851852,16.793333333333333,1027.2218518518519,
2019-10-16,,,12.542857142857143,194.10902255639098,21.40424812030075,9.138082706766918,1.21,5.873684210526316,2.12,5.787593984962406,5.3,240.1954887218045,15.809398496240602,1025.716917293233,
2019-10-17,,,13.02089552238806,171.67164179104478,21.49097014925373,9.21813432835821,1.27,4.989591078066915,2.05,4.949814126394052,10.1,103.8364312267658,17.695167286245354,1023.550185873606,
2019-10-18,,,11.264750957854405,162.17624521072796,21.55536398467433,9.939885057471264,2.41,6.880076628352491,3.69,6.814176245210728,12.2,57.22222222222222,18.35287356321839,1019.9842911877396,
2019-10-19,,,11.971217712177122,150.52767527675277,21.56690036900369,9.649151291512915,2.07,7.4029520295202955,3.0,7.2380073800738005,8.8,97.2140221402214,18.871586715867156,1018.7756457564576,
2019-10-20,,,11.966544117647059,196.25,21.593308823529412,10.099191176470589,1.09,5.898161764705883,1.55,5.821691176470588,5.7,191.625,18.550367647058824,1020.74375,
2019-10-21,,,12.195880149812735,167.82771535580525,21.505842696629216,10.23310861423221,1.78,5.546441947565543,2.53,5.450936329588015,10.6,90.89513108614233,18.88239700374532,1017.3460674157304,
2019-10-22,,,10.831716417910448,178.44402985074626,21.62436567164179,9.913358208955225,1.64,6.253358208955224,3.03,6.1809701492537314,8.7,64.70522388059702,19.10597014925373,1016.5011194029851,
2019-10-23,,,11.546641791044776,171.6492537313433,21.45955223880597,9.40936567164179,1.77,5.952611940298508,2.5,5.878731343283582,11.7,132.1082089552239,19.244776119402985,1017.4940298507463,
2019-10-24,,,11.832824427480915,167.3740458015267,21.32671755725191,9.228435114503817,1.58,6.0683206106870236,2.65,5.942748091603053,9.6,106.80916030534351,18.581679389312974,1016.2408396946564,
2019-10-25,,,12.043726235741445,198.9277566539924,21.204866920152092,9.328403041825094,1.39,6.560456273764259,2.03,6.447908745247148,11.2,193.31178707224333,19.458935361216728,1015.209505703422,
2019-10-26,,,14.634328358208956,193.59701492537314,21.42660447761194,9.37455223880597,0.79,5.996641791044776,1.11,5.93544776119403,6.1,222.98134328358208,18.31082089552239,1015.0559701492538,
2019-10-27,,,18.498449612403103,224.03875968992247,20.857093023255814,9.356860465116279,0.92,6.8465116279069775,1.45,6.757751937984496,5.1,261.4186046511628,14.220930232558139,1017.2918604651162,
2019-10-28,,,17.099621212121214,188.7159090909091,20.370265151515152,9.439469696969697,0.66,5.418490566037736,1.04,5.490566037735849,9.3,264.6943396226415,15.024905660377359,1016.6705660377359,
2019-10-29,,,16.67818181818182,149.66181818181818,20.144181818181817,9.822145454545455,0.46,3.812274368231047,0.8,3.700361010830325,7.3,265.0902527075812,17.08231046931408,1014.6971119133573,
2019-10-30,,,17.535,187.69615384615383,19.913,9.936538461538461,0.36,4.504230769230769,0.58,4.520384615384615,4.5,271.7692307692308,14.773461538461538,1019.4942307692307,
2019-10-31,,,18.79296875,178.07421875,19.487578125,9.9678515625,0.4,4.271484375,0.77,4.21484375,7.3,259.34765625,16.26875,1019.616796875,
2019-11-01,,,17.663909774436092,158.65413533834587,19.429736842105264,9.970112781954889,0.55,4.05827067669173,0.96,4.041353383458647,6.6,218.2406015037594,17.072932330827065,1020.6357142857142,
2019-11-02,,,16.395864661654137,171.89473684210526,19.60800751879699,9.928308270676691,0.81,5.104511278195488,1.24,5.036466165413534,5.0,182.61278195488723,17.46954887218045,1019.9902255639099,
2019-11-03,,,17.669811320754718,154.04528301886793,19.760490566037735,9.887283018867924,0.86,4.911698113207547,1.3,4.918867924528302,9.4,216.011320754717,16.793584905660378,1018.1290566037736,
2019-11-04,,,19.21123595505618,184.42322097378278,20.271123595505617,9.646629213483147,1.2,5.98501872659176,1.89,6.002247191011236,8.3,106.55805243445693,14.994756554307116,1021.6782771535579,
2019-11-05,,,20.63932584269663,171.5880149812734,20.17,9.58438202247191,0.7,5.5902621722846435,1.01,5.784644194756554,6.2,280.4456928838951,14.836704119850188,1018.3902621722847,
2019-11-06,,,21.005243445692884,202.02621722846442,19.81265917602996,9.58940074906367,0.4,5.685393258426966,0.65,5.737827715355805,6.7,260.3071161048689,15.317228464419475,1015.6797752808989,
2019-11-07,,,20.514068441064637,231.9125475285171,19.875703422053235,9.570570342205324,0.43,5.757414448669202,0.65,5.9543726235741445,7.2,242.79467680608366,15.621292775665397,1014.9653992395438,
2019-11-08,,,22.90959409594096,215.94464944649445,19.5049815498155,9.38509225092251,1.11,7.031734317343173,1.57,7.020295202952029,5.9,254.9040590405904,14.216236162361623,1018.0461254612546,
2019-11-09,,,22.209230769230768,244.9269230769231,19.72703846153846,9.567269230769229,0.92,5.617307692307692,1.19,5.620384615384615,6.4,276.9653846153846,14.145,1019.2026923076924,
2019-11-10,,,22.83320610687023,206.49236641221373,19.18374045801527,9.680572519083968,1.75,5.8381679389312975,2.49,5.790076335877862,17.5,265.1793893129771,15.190076335877864,1013.2847328244274,
2019-11-11,,,22.595471698113208,163.0943396226415,18.986943396226415,9.41766037735849,1.38,6.087547169811321,2.05,6.055471698113208,11.2,274.63396226415097,15.429433962264152,1009.4830188679246,
2019-11-12,,,23.895833333333332,244.2840909090909,19.064810606060604,9.632007575757575,0.58,5.782954545454546,1.01,5.706439393939394,5.7,266.7916666666667,13.979545454545454,1019.3844696969697,
2019-11-13,,,22.30115384615385,189.95,19.001038461538464,9.826923076923077,0.92,5.258846153846154,1.5,5.315384615384615,9.2,277.5846153846154,14.607692307692307,1016.7076923076924,
2019-11-14,,,21.31685393258427,227.73033707865167,18.29438202247191,9.709513108614232,0.52,6.225842696629213,0.87,6.295880149812734,10.2,244.31460674157304,9.088014981273409,1021.2520599250936,
2019-11-15,,,21.755426356589147,168.36046511627907,17.954108527131783,9.706007751937985,0.65,5.804263565891473,1.03,5.950387596899225,9.1,248.8217054263566,12.182945736434108,1019.9782945736436,
2019-11-16,,,22.779766536964978,164.94163424124514,17.547937743190662,9.815136186770427,0.65,3.6743190661478597,1.01,3.611284046692607,8.9,258.26070038910507,15.242412451361869,1019.5416342412452,
2019-11-17,,,23.625190839694657,194.15267175572518,17.413320610687023,10.117824427480915,1.63,4.731178707224334,2.42,4.841825095057034,11.2,225.18250950570342,16.530798479087455,1019.7676806083651,
2019-11-18,,,20.51921568627451,121.07058823529412,17.33756862745098,10.09043137254902,2.5,6.393725490196079,3.76,6.294117647058823,15.2,271.9372549019608,15.123529411764705,1014.1678431372549,
2019-11-19,,,14.718039215686273,138.10588235294117,16.8461568627451,10.136,0.51,6.092941176470588,0.7,6.152941176470589,9.2,269.9019607843137,7.840392156862745,1022.843137254902,
2019-11-20,,,19.075984251968503,187.9291338582677,16.57342519685039,10.265826771653543,0.67,6.666535433070866,1.04,6.959842519685039,7.6,241.56692913385828,7.083070866141732,1028.8228346456692,
2019-11-21,,,20.666666666666668,169.17670682730923,16.502771084337347,9.87578313253012,0.75,6.3664,1.17,6.4736,7.6,198.66,10.5892,1030.7808,
2019-11-22,,,22.635573122529646,168.57707509881422,16.50913043478261,23.673517786561263,0.82,5.8786561264822135,1.32,5.762845849802371,7.7,170.21343873517787,14.40790513833992,1027.1727272727273,
2019-11-23,,,21.2125,129.53125,16.8483203125,33.5519140625,0.9,5.148828125,1.52,5.02734375,6.5,215.6015625,15.255859375,1024.0734375,
2019-11-24,,,19.468924302788842,182.5019920318725,17.584701195219125,33.655537848605576,0.81,5.27410358565737,1.47,5.181274900398407,5.8,280.41434262948206,17.1203187250996,1017.7693227091634,
2019-11-25,,,31.717959183673468,176.71020408163264,17.297102040816327,33.73273469387755,2.24,6.192244897959183,3.28,6.4346938775510205,12.2,126.95510204081633,12.239591836734693,1024.3832653061224,
2019-11-26,,,21.973046875,159.234375,17.6886328125,33.84828125,2.45,7.11796875,3.17,7.0546875,9.5,117.1171875,11.93984375,1028.454296875,
2019-11-27,,,28.44412955465587,170.76518218623482,17.785587044534413,33.863157894736844,0.95,5.834008097165992,1.5,5.823886639676114,9.1,194.4493927125506,11.109311740890687,1024.357085020243,
2019-11-28,,,25.36614785992218,163.9727626459144,17.260544747081713,33.80824902723735,2.63,7.428015564202335,3.59,7.476264591439689,11.0,137.87548638132296,9.368093385214008,1026.5194552529183,
2019-11-29,,,23.263673469387758,164.52244897959184,17.304081632653062,33.81012244897959,1.51,6.704878048780488,2.05,6.717479674796748,6.6,249.9308943089431,9.244715447154471,1028.5361788617886,
2019-11-30,,,31.705533596837945,131.2608695652174,17.29905138339921,33.838774703557306,1.66,6.271541501976285,2.42,6.219367588932807,8.2,235.23320158102766,11.84387351778656,1027.3592885375494,
2019-12-01,,,20.89156626506024,183.5421686746988,17.285020080321285,33.809759036144584,0.62,5.083600000000001,1.06,5.008,10.0,175.488,10.244399999999999,1019.934,
2019-12-02,,,15.854918032786886,164.77459016393442,16.84016393442623,33.623688524590165,0.63,5.925,1.04,5.870081967213115,10.0,258.5163934426229,8.407786885245901,1017.4852459016394,
2019-12-03,,,15.62392156862745,163.9607843137255,15.859372549019607,33.31756862745098,0.75,6.36796875,1.15,6.527734375,9.5,239.62109375,5.97265625,1025.000390625,
2019-12-04,,,10.923046875,185.36328125,15.906953125,33.03375,0.46,6.407421875,0.74,6.630859375,6.5,288.7890625,8.137109375,1027.61328125,
2019-12-05,,,8.637051792828686,200.9003984063745,15.763824701195219,32.667091633466136,0.52,6.561354581673307,0.8,6.745019920318725,11.4,259.59362549800795,6.233466135458167,1031.3509960159363,
2019-12-06,,,22.590283400809717,82.5910931174089,16.455222672064778,32.250485829959516,1.21,7.411336032388664,1.72,7.421052631578948,8.9,309.748987854251,2.410121457489878,1032.0331983805668,
2019-12-07,,,9.913385826771654,138.05905511811022,16.99303149606299,31.73740157480315,0.83,7.009055118110236,1.16,7.300393700787401,5.9,276.11417322834643,4.330708661417323,1027.5669291338584,
2019-12-08,,,12.756390977443608,133.5375939849624,16.96045112781955,31.441278195488717,0.37,5.8752808988764045,0.59,6.102996254681648,5.1,287.94007490636704,6.677528089887641,1026.676404494382,
2019-12-09,,,15.011507936507936,136.13888888888889,16.416785714285712,31.278333333333336,0.41,5.567857142857142,0.65,5.815476190476191,5.6,250.25,8.549603174603174,1023.9015873015874,
2019-12-10,,,17.031451612903226,125.53225806451613,16.161290322580644,30.97770161290323,0.33,3.7532258064516126,0.53,3.600806451612903,9.6,241.36290322580646,12.67741935483871,1020.6620967741936,
2019-12-11,,,20.369960474308304,140.4584980237154,16.017549407114625,30.556877470355733,0.68,3.828853754940712,1.07,3.7371541501976284,9.4,250.81422924901185,13.877865612648222,1015.5296442687747,
2019-12-12,,,21.191769547325105,161.81893004115227,15.840205761316872,30.7180658436214,0.92,6.421810699588478,1.44,6.329218106995885,9.6,253.0493827160494,6.470781893004116,1025.7345679012346,
2019-12-13,,,23.095081967213115,156.63934426229508,15.841024590163935,30.53831967213115,0.64,6.89016393442623,0.99,7.473360655737705,7.9,280.09016393442624,7.2536885245901646,1026.3344262295082,
2019-12-14,,,21.73786008230453,151.96296296296296,15.744485596707818,30.257201646090536,0.76,4.807377049180328,1.31,4.829918032786885,8.0,233.35245901639345,10.067213114754098,1025.2409836065574,
2019-12-15,,,24.95744680851064,121.00851063829788,15.59212765957447,29.964170212765957,1.18,5.925106382978724,1.78,5.777872340425532,8.6,135.9063829787234,9.792340425531915,1029.0348936170212,
2019-12-16,,,25.748333333333335,148.73333333333332,15.756916666666665,29.600416666666668,0.76,6.1658333333333335,1.27,6.220833333333333,4.8,255.8375,10.95,1023.5370833333333,
2019-12-17,,,21.724050632911393,144.47679324894514,16.078818565400844,29.358945147679325,0.6,4.959071729957806,0.94,4.874261603375528,7.0,237.8523206751055,14.251898734177214,1014.2443037974683,
2019-12-18,,,20.535714285714285,190.83193277310923,16.01731092436975,29.242100840336136,1.01,6.2365546218487395,1.43,6.19327731092437,8.5,217.609243697479,11.78109243697479,1018.5260504201681,
2019-12-19,,,15.010699588477365,187.23045267489712,15.920041152263375,29.136049382716052,1.01,6.705349794238684,1.47,6.526748971193416,6.4,190.61316872427983,8.722633744855967,1020.8,
2019-12-20,,,12.290869565217392,184.41739130434783,15.772043478260871,29.01726086956522,0.63,6.797391304347826,1.07,6.926086956521739,6.8,221.69130434782608,6.121304347826087,1027.2956521739131,
2019-12-21,,,14.49549180327869,184.4016393442623,15.666967213114754,28.907049180327867,0.71,6.898770491803279,0.99,7.163934426229508,6.0,247.89754098360655,5.8786885245901646,1026.5262295081966,
2019-12-22,,,12.47622950819672,158.89344262295083,15.455327868852459,28.774631147540983,0.42,5.082857142857143,0.69,5.073469387755102,7.9,273.6734693877551,7.8244897959183675,1020.0591836734694,
2019-12-23,,,17.849350649350647,155.7792207792208,15.325238095238095,28.654675324675324,0.39,5.168398268398269,0.62,5.282683982683983,7.2,293.0779220779221,9.604761904761904,1019.591341991342,
2019-12-24,,,26.35042372881356,101.67372881355932,15.099661016949153,28.656779661016948,1.18,6.320338983050847,1.88,6.27542372881356,6.7,232.09745762711864,8.714406779661017,1024.7237288135593,
2019-12-25,,,24.854852320675107,99.41772151898734,14.860801687763715,28.511223628691983,1.19,6.440506329113925,1.7,6.324894514767933,6.9,261.9324894514768,11.164978902953585,1021.5227848101266,
2019-12-26,,,28.458189655172415,107.53879310344827,15.110948275862068,28.34202586206897,0.62,5.138793103448276,1.06,5.0969827586206895,10.4,257.32758620689657,10.043103448275861,1012.9499999999999,
2019-12-27,,,37.93175965665236,102.11587982832619,15.219141630901287,28.22480686695279,1.41,7.202575107296138,2.3,7.184549356223176,9.1,272.3390557939914,5.536051502145924,1020.9540772532189,
2019-12-28,,,29.008474576271187,98.77966101694915,15.92199152542373,28.138389830508473,1.3,8.122881355932204,2.04,7.9576271186440675,6.3,231.5635593220339,5.005508474576271,1027.781779661017,
2019-12-29,,,20.37061224489796,158.3469387755102,15.672448979591836,27.837755102040816,0.88,6.917886178861789,1.32,6.973577235772358,5.9,293.4593495934959,7.766666666666667,1026.2772357723577,
2019-12-30,,,21.813502109704643,188.72573839662448,15.694303797468356,27.803291139240507,1.02,5.5139240506329115,1.62,5.405063291139241,6.5,286.957805907173,11.575527426160338,1019.6822784810128,
2019-12-31,,,15.342857142857142,174.47058823529412,15.197899159663866,27.773991596638655,0.8,6.817647058823529,1.19,6.90546218487395,8.9,239.23529411764707,2.399159663865546,1028.159243697479,
2020-01-01,,,7.146808510638297,159.89361702127658,12.75531914893617,32.5531914893617,,,,,,,,,
2020-01-02,,,6.154166666666666,146.91666666666666,12.6,32.5,,,,,,,,,
2020-01-03,,,6.704166666666667,141.58333333333334,12.472916666666668,32.425,,,,,,,,,
2020-01-04,,,4.833333333333333,178.75,12.34375,32.4,,,,,,,,,
2020-01-05,,,5.229787234042553,140.40425531914894,12.253191489361702,32.33617021276596,,,,,,,,,
2020-01-06,,,5.291666666666667,130.47916666666666,12.372916666666667,32.322916666666664,,,,,,,,,
2020-01-07,,,8.216666666666667,134.91666666666666,12.5375,32.225,,,,,,,,,
2020-01-08,,,7.4543478260869565,171.6304347826087,12.508695652173913,32.05,,,,,,,,,
2020-01-09,,,10.270833333333334,166.5625,12.685416666666667,31.974999999999998,,,,,,,,,
2020-01-10,,,11.125,205.39583333333334,12.804166666666667,31.870833333333334,,,,,,,,,
2020-01-11,,,12.450000000000001,207.39583333333334,12.9125,31.833333333333332,,,,,,,,,
2020-01-12,,,12.017021276595743,190.38297872340425,12.98936170212766,31.74468085106383,,,,,,,,,
2020-01-13,,,10.918750000000001,186.875,12.960416666666667,31.66875,,,,,,,,,
2020-01-14,,,10.091666666666667,205.125,12.914583333333333,31.58541666666667,,,,,,,,,
2020-01-15,,,10.277083333333334,197.54166666666666,12.799999999999999,31.472916666666666,,,,,,,,,
2020-01-16,,,11.876086956521737,197.54347826086956,12.730434782608697,31.367391304347823,,,,,,,,,
2020-01-17,,,7.923404255319149,167.63829787234042,12.648936170212766,31.248936170212765,,,,,,,,,
2020-01-18,,,5.576086956521739,155.80434782608697,12.521739130434783,31.11304347826087,,,,,,,,,
2020-01-19,,,5.420833333333333,98.6875,12.439583333333333,30.995833333333334,,,,,,,,,
2020-01-20,,,6.522916666666667,143.97916666666666,12.40625,30.88333333333333,,,,,,,,,
2020-01-21,,,8.158333333333333,152.95833333333334,12.314583333333333,30.8125,,,,,,,,,
2020-01-22,,,8.191489361702128,173.91489361702128,12.338297872340425,30.825531914893617,,,,,,,,,
2020-01-23,,,10.706521739130435,181.82608695652175,12.5,30.786956521739132,,,,,,,,,
2020-01-24,,,13.220833333333333,181.70833333333334,12.793750000000001,30.708333333333332,,,,,,,,,
2020-01-25,,,9.214583333333334,169.72916666666666,13.018749999999999,30.61666666666667,,,,,,,,,
2020-01-26,,,8.652083333333334,148.60416666666666,13.06875,30.5125,,,,,,,,,
2020-01-27,,,8.2,160.0,13.0,30.5,,,,,,,,,
2020-01-28,,,8.783333333333333,197.1875,12.802083333333334,30.40416666666667,,,,,,,,,
2020-01-29,,,8.553191489361701,192.53191489361703,12.810638297872341,30.414893617021278,,,,,,,,,
2020-01-30,,,8.148936170212766,188.89361702127658,12.763829787234043,30.351063829787233,,,,,,,,,
2020-01-31,,,6.827083333333333,146.0625,12.783333333333333,30.375,,,,,,,,,
2020-02-01,,,5.039583333333334,147.125,12.152083333333332,30.139583333333334,,,,,,,,,
2020-02-02,,,5.608510638297873,163.31914893617022,11.689361702127659,29.906382978723403,,,,,,,,,
2020-02-03,,,4.84375,148.58333333333334,11.977083333333333,29.93541666666667,,,,,,,,,
2020-02-04,,,4.129787234042553,147.91489361702128,12.310638297872341,29.993617021276595,,,,,,,,,
2020-02-05,,,5.512499999999999,188.25,12.25,29.933333333333334,,,,,,,,,
2020-02-06,,,6.15625,151.8125,12.116666666666667,29.770833333333332,,,,,,,,,
2020-02-07,,,10.495833333333334,162.6875,12.158333333333333,29.789583333333336,,,,,,,,,
2020-02-08,,,10.216666666666667,192.52083333333334,12.18125,29.883333333333336,,,,,,,,,
2020-02-09,,,10.829787234042554,192.25531914893617,12.138297872340425,29.836170212765957,,,,,,,,,
2020-02-10,,,12.372340425531915,191.38297872340425,12.146808510638298,29.92127659574468,,,,,,,,,
2020-02-11,,,12.972916666666668,193.35416666666666,12.293750000000001,29.847916666666666,,,,,,,,,
2020-02-12,,,10.408333333333333,186.0,12.404166666666667,29.797916666666666,,,,,,,,,
2020-02-13,,,10.327659574468084,186.63829787234042,12.363829787234042,29.663829787234043,,,,,,,,,
2020-02-14,,,8.970212765957447,232.7872340425532,12.582978723404254,29.59787234042553,,,,,,,,,
2020-02-15,,,7.34375,239.52083333333334,12.670833333333334,29.608333333333334,,,,,,,,,
2020-02-16,,,8.73404255319149,144.63829787234042,12.334042553191491,29.593617021276597,,,,,,,,,
2020-02-17,,,5.739583333333333,163.10416666666666,11.833333333333334,29.400000000000002,,,,,,,,,
2020-02-18,,,7.1375,152.29166666666666,11.870833333333332,29.5125,,,,,,,,,
2020-02-19,,,5.282608695652174,113.54347826086956,12.141304347826088,29.599999999999998,,,,,,,,,
2020-02-20,,,7.961702127659574,203.46808510638297,12.161702127659575,29.576595744680848,,,,,,,,,
2020-02-21,,,9.372916666666667,176.91666666666666,12.289583333333333,29.51875,,,,,,,,,
2020-02-22,,,7.319148936170213,184.12765957446808,12.36808510638298,29.5,,,,,,,,,
2020-02-23,,,11.258695652173913,184.3913043478261,12.23913043478261,29.367391304347827,,,,,,,,,
2020-02-24,,,10.641666666666667,183.0625,12.285416666666668,29.47083333333333,,,,,,,,,
2020-02-25,,,11.395833333333334,189.91666666666666,12.372916666666667,29.485416666666666,,,,,,,,,
2020-02-26,,,8.51063829787234,183.6595744680851,12.397872340425533,29.621276595744682,,,,,,,,,
2020-02-27,,,12.7,117.0,12.3,29.9,,,,,,,,,
2020-02-28,,,6.53125,216.77083333333334,12.245833333333332,29.65833333333333,,,,,,,,,
2020-02-29,,,5.129166666666666,217.91666666666666,12.102083333333333,29.570833333333336,,,,,,,,,
2020-03-01,,,5.214583333333334,132.60416666666666,12.185416666666667,29.641666666666666,,,,,,,,,
2020-03-02,,,5.706382978723404,127.14893617021276,11.938297872340426,29.58936170212766,,,,,,,,,
2020-03-03,,,3.9458333333333333,212.4375,12.060416666666667,29.5125,,,,,,,,,
2020-03-04,,,5.876595744680851,154.29787234042553,12.110638297872338,29.523404255319146,,,,,,,,,
2020-03-05,,,5.997826086956521,152.91304347826087,11.856521739130434,29.319565217391304,,,,,,,,,
2020-03-06,,,5.997916666666666,143.91666666666666,12.022916666666667,29.452083333333334,,,,,,,,,
2020-03-07,,,8.146808510638298,191.38297872340425,12.059574468085106,29.427659574468084,,,,,,,,,
2020-03-08,,,8.793750000000001,159.75,12.047916666666666,29.429166666666664,,,,,,,,,
2020-03-09,,,12.44468085106383,168.10638297872342,12.065957446808511,29.380851063829788,,,,,,,,,
2020-03-10,,,11.539583333333333,205.47916666666666,12.052083333333334,29.191666666666666,,,,,,,,,
2020-03-11,,,10.510416666666666,170.8125,12.089583333333332,29.15625,,,,,,,,,
2020-03-12,,,9.31842105263158,177.26315789473685,12.226315789473684,29.150000000000002,,,,,,,,,
2020-03-13,,,10.772916666666667,175.08333333333334,12.38125,29.099999999999998,,,,,,,,,
2020-03-14,,,9.77659574468085,181.82978723404256,12.374468085106383,28.993617021276595,,,,,,,,,
2020-03-15,,,8.331111111111111,174.11111111111111,12.18,28.96222222222222,,,,,,,,,
2020-03-16,,,6.685106382978723,213.80851063829786,12.112765957446808,29.01063829787234,,,,,,,,,
2020-03-17,,,4.652083333333334,151.16666666666666,12.135416666666666,29.01875,,,,,,,,,
2020-03-18,,,4.25531914893617,176.36170212765958,12.363829787234042,28.904255319148938,,,,,,,,,
2020-03-19,,,6.619148936170213,96.8936170212766,12.423404255319149,28.825531914893617,,,,,,,,,
2020-03-20,,,6.504255319148936,221.51063829787233,12.45531914893617,28.768085106382976,,,,,,,,,
2020-03-21,,,6.508510638297872,168.5531914893617,12.546808510638298,28.689361702127663,,,,,,,,,
2020-03-22,,,11.395555555555555,218.15555555555557,12.76222222222222,28.60888888888889,,,,,,,,,
2020-03-23,,,9.225,228.27083333333334,12.727083333333333,28.6375,,,,,,,,,
2020-03-24,,,9.27872340425532,224.3404255319149,12.751063829787233,28.574468085106382,,,,,,,,,
2020-03-25,,,11.0625,183.89583333333334,12.802083333333334,28.547916666666666,,,,,,,,,
2020-03-26,,,12.339583333333332,192.66666666666666,12.893749999999999,28.46875,,,,,,,,,
2020-03-27,,,10.4,198.5,12.93913043478261,28.48695652173913,,,,,,,,,
2020-03-28,,,5.991489361702128,204.4255319148936,12.838297872340425,28.46382978723404,,,,,,,,,
2020-03-29,,,1.8,97.0,12.9,28.4,,,,,,,,,
2020-03-30,,,10.4,214.0212765957447,12.910638297872339,28.21276595744681,,,,,,,,,
2020-03-31,,,13.627083333333333,235.875,13.043750000000001,28.21875,,,,,,,,,
2020-04-01,,,19.045833333333334,185.45833333333334,13.225,28.416666666666668,,,,,,,,,
2020-04-02,,,14.459574468085107,160.04255319148936,13.214893617021277,28.429787234042553,,,,,,,,,
2020-04-03,,,27.251063829787235,153.5531914893617,13.348936170212765,28.47446808510638,,,,,,,,,
2020-04-04,,,14.429787234042553,216.25531914893617,13.529787234042553,28.47446808510638,,,,,,,,,
2020-04-05,,,17.504255319148935,173.08510638297872,13.314893617021276,28.419148936170213,,,,,,,,,
2020-04-06,,,29.183333333333334,216.97916666666666,13.254166666666668,28.34583333333333,,,,,,,,,
2020-04-07,,,27.022916666666664,147.8125,13.370833333333332,28.270833333333332,,,,,,,,,
2020-04-08,,,32.452083333333334,144.79166666666666,13.495833333333332,28.114583333333332,,,,,,,,,
2020-04-09,,,13.72127659574468,188.27659574468086,13.53191489361702,28.095744680851062,,,,,,,,,
2020-04-10,,,18.349999999999998,176.375,13.49375,28.095833333333335,,,,,,,,,
2020-04-11,,,12.739583333333334,184.41666666666666,13.514583333333334,28.099999999999998,,,,,,,,,
2020-04-12,,,25.633333333333336,184.77083333333334,13.445833333333333,28.177083333333332,,,,,,,,,
2020-04-13,,,11.619148936170212,164.14893617021278,13.395744680851065,28.01063829787234,,,,,,,,,
2020-04-14,,,13.456249999999999,227.66666666666666,13.683333333333332,28.068749999999998,,,,,,,,,
2020-04-15,,,9.945652173913043,190.54347826086956,13.950000000000001,28.084782608695654,,,,,,,,,
2020-04-16,,,4.9437500000000005,247.14583333333334,14.0,28.03333333333333,,,,,,,,,
2020-04-17,,,61.66595744680851,157.36170212765958,13.727659574468083,27.93617021276596,,,,,,,,,
2020-04-18,,,26.166666666666668,171.47916666666666,13.991666666666667,27.745833333333334,,,,,,,,,
2020-04-19,,,7.0375000000000005,229.04166666666666,13.9375,27.714583333333334,,,,,,,,,
2020-04-20,,,22.497872340425534,137.5531914893617,14.014893617021277,27.71914893617021,,,,,,,,,
2020-04-21,,,10.5,145.85416666666666,14.179166666666667,27.920833333333334,,,,,,,,,
2020-04-22,,,16.51914893617021,203.06382978723406,13.895744680851065,28.121276595744682,,,,,,,,,
2020-04-23,,,32.27872340425532,160.82978723404256,13.868085106382978,28.178723404255322,,,,,,,,,
2020-04-24,,,51.081250000000004,136.27083333333334,13.814583333333333,28.212500000000002,,,,,,,,,
2020-04-25,,,70.07906976744187,172.6086956521739,13.745652173913042,27.308695652173913,,,,,,,,,
2020-04-26,,,35.09787234042553,192.04166666666666,14.006250000000001,27.31458333333333,,,,,,,,,
2020-04-27,,,42.451351351351356,149.84615384615384,14.169999999999998,27.057499999999997,,,,,,,,,
2020-04-28,,,33.99333333333333,186.2608695652174,14.443478260869565,26.891304347826086,,,,,,,,,
2020-04-29,,,84.5,271.0,14.3,27.0,,,,,,,,,
2020-04-30,,,21.804255319148936,184.53191489361703,14.889361702127658,26.706382978723404,,,,,,,,,
2020-05-01,,,23.156521739130437,196.7391304347826,15.128260869565217,26.71521739130435,,,,,,,,,
2020-05-02,,,25.763829787234044,178.48936170212767,14.94468085106383,26.672340425531914,,,,,,,,,
2020-05-03,,,45.648936170212764,179.375,14.689583333333333,26.514583333333334,,,,,,,,,
2020-05-04,,,47.12916666666666,198.0,14.829166666666666,26.40833333333333,,,,,,,,,
2020-05-05,,,55.153333333333336,210.79166666666666,14.731250000000001,26.3875,,,,,,,,,
2020-05-06,,,19.028125,154.6875,14.858333333333334,26.364583333333332,,,,,,,,,
2020-05-07,,,36.61860465116279,154.125,14.764583333333333,26.464583333333334,,,,,,,,,
2020-05-08,,,38.284615384615385,198.36363636363637,14.872727272727273,30.213636363636365,,,,,,,,,
2020-05-09,,,9.360416666666667,192.375,14.854166666666666,33.927083333333336,,,,,,,,,
2020-05-10,,,11.154166666666667,194.625,15.077083333333334,33.84791666666666,,,,,,,,,
2020-05-11,,,7.715000000000001,178.29545454545453,15.194444444444445,33.827777777777776,,,,,,,,,
2020-05-12,,,9.061363636363636,219.6818181818182,15.79767441860465,33.89302325581395,,,,,,,,,
2020-05-13,,,7.05,233.14583333333334,15.904166666666667,33.952083333333334,,,,,,,,,
2020-05-14,,,5.58125,221.54166666666666,15.708333333333334,33.985416666666666,,,,,,,,,
2020-05-15,,,7.363043478260869,107.52173913043478,15.567391304347826,33.92826086956522,,,,,,,,,
2020-05-16,,,5.466666666666666,176.16666666666666,15.793750000000001,33.895833333333336,,,,,,,,,
2020-05-17,,,4.354166666666667,210.41666666666666,16.21875,33.891666666666666,,,,,,,,,
2020-05-18,,,4.79375,166.9375,16.029166666666665,33.885416666666664,,,,,,,,,
2020-05-19,,,5.2875000000000005,187.10416666666666,16.25,33.81666666666667,,,,,,,,,
2020-05-20,,,6.971739130434782,197.84782608695653,15.93913043478261,33.86521739130435,,,,,,,,,
2020-05-21,,,6.064583333333334,228.45833333333334,15.754166666666668,33.824999999999996,,,,,,,,,
2020-05-22,,,6.8125,203.16666666666666,15.727083333333333,33.766666666666666,,,,,,,,,
2020-05-23,,,9.6,178.41666666666666,15.914583333333333,33.65833333333334,,,,,,,,,
2020-05-24,,,8.922916666666667,203.3125,16.345833333333335,33.53958333333333,,,,,,,,,
2020-05-25,,,7.497916666666666,234.875,16.287499999999998,33.40208333333333,,,,,,,,,
2020-05-26,,,8.810416666666667,224.77083333333334,16.224999999999998,33.3625,,,,,,,,,
2020-05-27,,,9.084782608695651,190.47826086956522,16.389130434782608,33.302173913043475,,,,,,,,,
2020-05-28,,,7.84375,191.04166666666666,16.8625,33.28958333333333,,,,,,,,,
2020-05-29,,,7.377083333333334,215.45833333333334,16.974999999999998,33.32083333333333,,,,,,,,,
2020-05-30,,,9.9,71.0,16.9,33.4,,,,,,,,,
2020-05-31,,,5.86595744680851,172.40425531914894,16.85531914893617,33.4531914893617,,,,,,,,,
2020-06-01,,,6.199999999999999,146.0,17.376595744680852,33.306382978723406,,,,,,,,,
2020-06-02,,,5.772916666666667,194.83333333333334,17.295833333333334,33.36875,,,,,,,,,
2020-06-03,,,6.208333333333333,224.25,16.90625,33.30833333333333,,,,,,,,,
2020-06-04,,,7.522916666666667,187.91666666666666,16.933333333333334,33.354166666666664,,,,,,,,,
2020-06-05,,,8.558333333333334,198.625,17.14375,33.30625,,,,,,,,,
2020-06-06,,,9.336170212765957,217.93617021276594,17.07659574468085,33.32765957446808,,,,,,,,,
2020-06-07,,,9.450000000000001,218.54166666666666,17.29375,33.229166666666664,,,,,,,,,
2020-06-08,,,10.942553191489361,199.9787234042553,17.327659574468086,33.138297872340424,,,,,,,,,
2020-06-09,,,9.714893617021277,215.10638297872342,17.57659574468085,33.03191489361702,,,,,,,,,
2020-06-10,,,8.565957446808511,208.14893617021278,18.059574468085106,32.85531914893617,,,,,,,,,
2020-06-11,,,6.4125000000000005,189.5,18.058333333333334,32.49375,,,,,,,,,
2020-06-12,,,6.1937500000000005,189.8125,18.368750000000002,32.114583333333336,,,,,,,,,
2020-06-13,,,4.533333333333333,157.5625,18.304166666666667,31.68958333333333,,,,,,,,,
2020-06-14,,,9.870212765957445,204.5744680851064,19.193617021276598,30.85531914893617,,,,,,,,,
2020-06-15,,,4.76595744680851,205.51063829787233,19.374468085106383,30.19148936170213,,,,,,,,,
2020-06-16,,,5.587234042553192,154.59574468085106,19.5468085106383,29.893617021276597,,,,,,,,,
2020-06-17,,,5.593617021276596,239.04255319148936,19.43404255319149,29.151063829787233,,,,,,,,,
2020-06-18,,,9.297872340425531,213.08510638297872,18.825531914893617,28.427659574468084,,,,,,,,,
2020-06-19,,,8.139583333333333,165.54166666666666,18.383333333333333,27.43958333333333,,,,,,,,,
2020-06-20,,,10.06875,193.5625,18.464583333333334,26.208333333333332,,,,,,,,,
2020-06-21,,,10.046808510638298,239.0212765957447,18.631914893617022,24.895744680851063,,,,,,,,,
2020-06-22,,,11.568085106382979,210.85106382978722,18.906382978723403,23.419148936170213,,,,,,,,,
2020-06-23,,,10.740425531914894,189.10638297872342,18.99787234042553,22.60851063829787,,,,,,,,,
2020-06-24,,,11.889583333333334,205.1875,18.927083333333332,22.333333333333332,,,,,,,,,
2020-06-25,,,11.527083333333332,167.47916666666666,19.029166666666665,21.89375,,,,,,,,,
2020-06-26,,,8.839583333333334,217.47916666666666,19.295833333333334,21.53333333333333,,,,,,,,,
2020-06-27,,,7.78125,210.70833333333334,19.104166666666668,21.275000000000002,,,,,,,,,
2020-06-28,,,6.685106382978723,193.53191489361703,19.22340425531915,20.951063829787234,,,,,,,,,
2020-06-29,,,7.085416666666667,139.20833333333334,19.208333333333332,20.4875,,,,,,,,,
2020-06-30,,,11.6,46.0,18.6,20.4,,,,,,,,,
2020-07-01,,,9.074468085106384,258.6170212765957,19.64468085106383,20.02978723404255,,,,,,,,,
2020-07-02,,,6.760416666666667,182.08333333333334,19.164583333333333,20.10833333333333,,,,,,,,,
2020-07-03,,,9.039583333333333,219.22916666666666,18.5625,19.693749999999998,,,,,,,,,
2020-07-04,,,10.352083333333333,188.39583333333334,18.489583333333332,19.443749999999998,,,,,,,,,
2020-07-05,,,11.835416666666667,204.20833333333334,18.722916666666666,18.947916666666668,,,,,,,,,
2020-07-06,,,9.62127659574468,207.08510638297872,18.54468085106383,18.71489361702128,,,,,,,,,
2020-07-07,,,10.320833333333333,204.02083333333334,18.568749999999998,18.579166666666666,,,,,,,,,
2020-07-08,,,11.011111111111111,203.06666666666666,18.793333333333333,18.38222222222222,,,,,,,,,
2020-07-09,,,9.55531914893617,231.74468085106383,18.717021276595744,18.112765957446808,,,,,,,,,
2020-07-10,,,8.21875,179.58333333333334,18.8625,17.941666666666666,,,,,,,,,
2020-07-11,,,8.470833333333333,222.39583333333334,19.383333333333333,17.464583333333334,,,,,,,,,
2020-07-12,,,8.491489361702127,142.9787234042553,19.27446808510638,17.129787234042553,,,,,,,,,
2020-07-13,,,7.602083333333333,87.375,19.45625,16.589583333333334,,,,,,,,,
2020-07-14,,,8.581249999999999,182.08333333333334,20.004166666666666,16.693749999999998,,,,,,,,,
2020-07-15,,,7.954166666666667,198.58333333333334,20.068749999999998,16.702083333333334,,,,,,,,,
2020-07-16,,,12.247916666666667,140.29166666666666,20.70625,15.96875,,,,,,,,,
2020-07-17,,,10.333333333333334,218.70833333333334,21.34583333333333,14.829166666666666,,,,,,,,,
2020-07-18,,,10.606250000000001,191.08333333333334,21.508333333333336,14.61875,,,,,,,,,
2020-07-19,,,9.452083333333333,144.85416666666666,21.585416666666664,14.529166666666667,,,,,,,,,
2020-07-20,,,10.040425531914893,219.38297872340425,21.417021276595744,14.834042553191491,,,,,,,,,
2020-07-21,,,8.010416666666666,171.85416666666666,20.90625,14.866666666666667,,,,,,,,,
2020-07-22,,,11.366666666666667,203.16666666666666,20.095833333333335,15.102083333333333,,,,,,,,,
2020-07-23,,,11.131914893617022,157.6595744680851,19.47872340425532,15.28936170212766,,,,,,,,,
2020-07-24,,,8.287234042553191,215.40425531914894,19.61063829787234,15.72127659574468,,,,,,,,,
2020-07-25,,,7.8021276595744675,217.63829787234042,19.651063829787233,15.678723404255319,,,,,,,,,
2020-07-26,,,8.333333333333334,165.64583333333334,19.55,15.210416666666667,,,,,,,,,
2020-07-27,,,12.870833333333332,209.29166666666666,19.310416666666665,14.897916666666667,,,,,,,,,
2020-07-28,,,19.78723404255319,108.82978723404256,20.261702127659575,14.185106382978724,,,,,,,,,
2020-07-29,,,14.908510638297873,185.19148936170214,20.619148936170212,13.680851063829786,,,,,,,,,
2020-07-30,,,10.711627906976744,142.95348837209303,21.3,20.82790697674419,,,,,,,,,
2020-07-31,,,14.4,320.0,21.3,30.7,,,,,,,,,
2020-08-01,,,14.385106382978725,243.46808510638297,21.897872340425533,30.582978723404256,,,,,,,,,
2020-08-02,,,13.491666666666667,222.08333333333334,21.662499999999998,30.868750000000002,,,,,,,,,
2020-08-03,,,12.542553191489361,220.72340425531914,21.52340425531915,31.131914893617022,,,,,,,,,
2020-08-04,,,12.4125,184.91666666666666,20.462500000000002,31.766666666666666,,,,,,,,,
2020-08-05,,,14.029166666666667,185.29166666666666,20.766666666666666,31.881249999999998,,,,,,,,,
2020-08-06,,,17.852083333333333,192.70833333333334,21.216666666666665,31.620833333333334,,,,,,,,,
2020-08-07,,,9.591489361702127,223.6595744680851,20.71276595744681,31.69148936170213,,,,,,,,,
2020-08-08,,,13.23191489361702,198.72340425531914,21.06382978723404,31.134042553191488,,,,,,,,,
2020-08-09,,,11.9375,250.25,21.256249999999998,30.822916666666668,,,,,,,,,
2020-08-10,,,11.904255319148936,174.40425531914894,21.959574468085105,30.48936170212766,,,,,,,,,
2020-08-11,,,8.370212765957447,197.91489361702128,22.1468085106383,29.92127659574468,,,,,,,,,
2020-08-12,,,6.71875,195.64583333333334,22.804166666666664,29.147916666666664,,,,,,,,,
2020-08-13,,,6.875,220.5625,23.414583333333336,28.866666666666664,,,,,,,,,
2020-08-14,,,10.795744680851064,224.5531914893617,24.863829787234042,28.19148936170213,,,,,,,,,
2020-08-15,,,11.064583333333333,203.9375,24.6375,28.566666666666666,,,,,,,,,
2020-08-16,,,12.30625,216.27083333333334,23.452083333333334,29.620833333333334,,,,,,,,,
2020-08-17,,,13.708510638297872,192.74468085106383,22.527659574468085,30.159574468085108,,,,,,,,,
2020-08-18,,,14.870833333333332,217.89583333333334,21.1125,30.931250000000002,,,,,,,,,
2020-08-19,,,16.43191489361702,151.82978723404256,20.4468085106383,31.285106382978725,,,,,,,,,
2020-08-20,,,14.768749999999999,197.6875,19.922916666666666,31.368750000000002,,,,,,,,,
2020-08-21,,,11.65,173.47826086956522,19.15869565217391,31.495652173913044,,,,,,,,,
2020-08-22,,,11.360416666666666,203.16666666666666,19.037499999999998,31.40833333333333,,,,,,,,,
2020-08-23,,,10.539583333333333,191.45833333333334,19.495833333333334,31.02916666666667,,,,,,,,,
2020-08-24,,,9.421276595744681,153.89361702127658,19.908510638297873,30.629787234042553,,,,,,,,,
2020-08-25,,,8.34375,176.35416666666666,19.83125,30.539583333333336,,,,,,,,,
2020-08-26,,,10.275,106.27083333333333,20.829166666666666,30.09166666666667,,,,,,,,,
2020-08-27,,,12.4375,149.14583333333334,22.46875,28.97083333333333,,,,,,,,,
2020-08-28,,,9.86595744680851,182.08510638297872,22.668085106382982,28.31276595744681,,,,,,,,,
2020-08-29,,,11.572340425531914,272.0425531914894,22.693617021276594,27.661702127659574,,,,,,,,,
2020-08-30,,,9.808333333333334,213.35416666666666,22.808333333333334,27.870833333333334,,,,,,,,,
2020-08-31,,,19.6,307.0,23.1,27.4,,,,,,,,,
2020-09-01,,,17.670833333333334,174.14583333333334,23.416666666666668,27.20625,,,,,,,,,
2020-09-02,,,16.691666666666666,171.875,25.454166666666666,26.425,,,,,,,,,
2020-09-03,,,13.766666666666666,160.25,25.23125,26.616666666666664,,,,,,,,,
2020-09-04,,,8.30625,212.75,25.097916666666666,26.429166666666664,,,,,,,,,
2020-09-05,,,10.910416666666668,201.02083333333334,24.410416666666666,26.389583333333334,,,,,,,,,
2020-09-06,,,7.431914893617021,226.14893617021278,23.451063829787234,26.363829787234042,,,,,,,,,
2020-09-07,,,11.708333333333334,210.64583333333334,22.79375,25.993750000000002,,,,,,,,,
2020-09-08,,,8.795744680851064,222.63829787234042,22.799999999999997,25.955319148936173,,,,,,,,,
2020-09-09,,,10.238888888888889,325.0,22.98888888888889,25.87777777777778,,,,,,,,,
2020-09-10,,,11.788235294117648,279.05882352941177,23.48235294117647,31.1375,,,,,,,,,
2020-09-11,,,10.308510638297872,247.0212765957447,23.470212765957445,31.204255319148935,,,,,,,,,
2020-09-12,,,8.891666666666667,185.89583333333334,23.327083333333334,30.991666666666664,,,,,,,,,
2020-09-13,,,12.027083333333332,208.3125,23.570833333333336,30.71666666666667,,,,,,,,,
2020-09-14,,,14.793750000000001,185.39583333333334,23.839583333333334,30.51875,,,,,,,,,
2020-09-15,,,12.623404255319148,184.25531914893617,23.84255319148936,30.495744680851065,,,,,,,,,
2020-09-16,,,11.85,227.08333333333334,23.572916666666668,30.78125,,,,,,,,,
2020-09-17,,,10.19375,233.41666666666666,23.195833333333336,30.960416666666664,,,,,,,,,
2020-09-18,,,9.772916666666667,221.4375,22.71875,31.160416666666666,,,,,,,,,
2020-09-19,,,8.735416666666667,182.83333333333334,22.291666666666668,31.308333333333334,,,,,,,,,
2020-09-20,,,9.189583333333333,217.29166666666666,21.891666666666666,31.477083333333336,,,,,,,,,
2020-09-21,,,7.714583333333334,193.04166666666666,21.48125,31.599999999999998,,,,,,,,,
2020-09-22,,,9.445833333333333,230.625,21.072916666666668,31.629166666666666,,,,,,,,,
2020-09-23,,,8.923404255319149,186.70212765957447,20.948936170212768,31.482978723404255,,,,,,,,,
2020-09-24,,,8.53125,160.9375,21.058333333333334,31.285416666666666,,,,,,,,,
2020-09-25,,,7.470833333333334,243.16666666666666,21.3125,30.98125,,,,,,,,,
2020-09-26,,,7.908333333333334,224.33333333333334,21.610416666666666,30.45,,,,,,,,,
2020-09-27,,,6.520833333333333,243.75,21.741666666666664,29.852083333333336,,,,,,,,,
2020-09-28,,,8.206249999999999,147.83333333333334,21.822916666666668,29.09375,,,,,,,,,
2020-09-29,,,7.772916666666667,150.70833333333334,21.87291666666667,28.20625,,,,,,,,,
2020-09-30,,,8.304166666666667,179.60416666666666,21.99791666666667,27.2625,,,,,,,,,
2020-10-01,,,8.1,254.0,22.0,26.8,,,,,,,,,
2020-10-02,,,8.602083333333333,151.39583333333334,22.2375,25.714583333333334,,,,,,,,,
2020-10-03,,,7.333333333333333,152.16666666666666,22.391666666666666,25.070833333333336,,,,,,,,,
2020-10-04,,,6.910416666666666,193.45833333333334,22.460416666666664,24.558333333333334,,,,,,,,,
2020-10-05,,,7.479166666666667,185.97916666666666,22.289583333333336,24.12291666666667,,,,,,,,,
2020-10-06,,,5.577083333333333,222.58333333333334,22.037499999999998,23.81458333333333,,,,,,,,,
2020-10-07,,,6.96875,216.22916666666666,21.858333333333334,23.56458333333333,,,,,,,,,
2020-10-08,,,7.323404255319149,210.74468085106383,21.51063829787234,23.406382978723403,,,,,,,,,
2020-10-09,,,5.777083333333334,138.97916666666666,21.260416666666668,23.172916666666666,,,,,,,,,
2020-10-10,,,5.154166666666667,141.0,21.135416666666668,22.947916666666668,,,,,,,,,
2020-10-11,,,4.689583333333333,139.29166666666666,21.1125,22.645833333333332,,,,,,,,,
2020-10-12,,,6.3999999999999995,148.79166666666666,21.170833333333334,22.320833333333336,,,,,,,,,
2020-10-13,,,7.020833333333333,172.95833333333334,21.172916666666666,22.04375,,,,,,,,,
2020-10-14,,,8.052083333333334,149.95833333333334,21.0625,21.956249999999997,,,,,,,,,
2020-10-15,,,9.735416666666667,187.5625,21.04375,21.652083333333334,,,,,,,,,
2020-10-16,,,7.069565217391304,154.8913043478261,21.019565217391303,21.57608695652174,,,,,,,,,
2020-10-17,,,10.241666666666667,201.125,21.01875,21.458333333333332,,,,,,,,,
2020-10-18,,,10.806382978723404,200.9787234042553,20.97659574468085,21.372340425531913,,,,,,,,,
2020-10-19,,,9.4625,241.8125,20.8875,21.818749999999998,,,,,,,,,
2020-10-20,,,9.37872340425532,217.12765957446808,20.738297872340425,21.863829787234042,,,,,,,,,
2020-10-21,,,6.702083333333333,222.20833333333334,20.5375,21.941666666666666,,,,,,,,,
2020-10-22,,,7.9937499999999995,218.4375,20.3625,22.135416666666668,,,,,,,,,
2020-10-23,,,6.189583333333334,178.02083333333334,20.095833333333335,22.118750000000002,,,,,,,,,
2020-10-24,,,5.695744680851064,171.31914893617022,19.836170212765957,21.846808510638297,,,,,,,,,
2020-10-25,,,4.702083333333333,199.39583333333334,19.770833333333332,21.79375,,,,,,,,,
2020-10-26,,,5.23125,198.64583333333334,19.539583333333333,21.870833333333334,,,,,,,,,
2020-10-27,,,5.379166666666666,245.41666666666666,19.439583333333335,21.860416666666666,,,,,,,,,
2020-10-28,,,6.545833333333333,215.3125,19.23125,21.804166666666664,,,,,,,,,
2020-10-29,,,6.404166666666666,212.3125,18.947916666666668,21.645833333333332,,,,,,,,,
2020-10-30,,,6.555555555555555,203.51111111111112,18.61777777777778,26.782222222222224,,,,,,,,,
2020-10-31,,,7.908333333333334,194.72916666666666,18.391666666666666,32.68333333333334,,,,,,,,,
2020-11-01,,,7.6,171.0,18.4,32.7,,,,,,,,,
2020-11-02,,,7.797916666666667,218.27083333333334,18.3125,32.60625,,,,,,,,,
2020-11-03,,,7.464583333333334,193.04166666666666,18.175,32.608333333333334,,,,,,,,,
2020-11-04,,,7.995744680851064,197.72340425531914,17.94255319148936,32.67446808510638,,,,,,,,,
2020-11-05,,,6.91875,191.52083333333334,17.8125,32.68541666666667,,,,,,,,,
2020-11-06,,,6.7875000000000005,211.64583333333334,17.802083333333332,32.67291666666667,,,,,,,,,
2020-11-07,,,6.842553191489362,189.40425531914894,17.819148936170212,32.6,,,,,,,,,
2020-11-08,,,3.85,167.8125,17.752083333333335,32.50625,,,,,,,,,
2020-11-09,,,5.638297872340425,160.25531914893617,17.393617021276597,32.41489361702128,,,,,,,,,
2020-11-10,,,4.3062499999999995,227.875,17.349999999999998,32.481249999999996,,,,,,,,,
2020-11-11,,,5.427083333333333,164.20833333333334,17.1875,32.489583333333336,,,,,,,,,
2020-11-12,,,6.427083333333333,176.47916666666666,17.139583333333334,32.49791666666667,,,,,,,,,
2020-11-13,,,8.981250000000001,193.52083333333334,17.052083333333332,32.481249999999996,,,,,,,,,
2020-11-14,,,8.339583333333334,165.0,17.027083333333334,32.458333333333336,,,,,,,,,
2020-11-15,,,9.018749999999999,180.45833333333334,16.9875,32.479166666666664,,,,,,,,,
2020-11-16,,,11.766666666666666,208.625,16.98125,32.458333333333336,,,,,,,,,
2020-11-17,,,10.145833333333334,194.8125,17.054166666666667,32.427083333333336,,,,,,,,,
2020-11-18,,,10.247916666666667,196.6875,17.07916666666667,32.485416666666666,,,,,,,,,
2020-11-19,,,12.514583333333334,191.10416666666666,17.245833333333334,32.579166666666666,,,,,,,,,
2020-11-20,,,7.416666666666667,192.89583333333334,17.177083333333332,32.40625,,,,,,,,,
2020-11-21,,,6.074468085106383,180.87234042553192,16.93404255319149,32.304255319148936,,,,,,,,,
2020-11-22,,,5.2749999999999995,159.95833333333334,16.820833333333333,32.31458333333333,,,,,,,,,
2020-11-23,,,7.291666666666667,152.66666666666666,16.470833333333335,32.18333333333334,,,,,,,,,
2020-11-24,,,5.03125,138.0,16.34375,32.24791666666667,,,,,,,,,
2020-11-25,,,7.110416666666667,142.79166666666666,16.2,32.295833333333334,,,,,,,,,
2020-11-26,,,6.445652173913044,126.73913043478261,16.33913043478261,32.26304347826087,,,,,,,,,
2020-11-27,,,6.433333333333334,110.375,16.3125,32.27916666666666,,,,,,,,,
2020-11-28,,,5.885416666666667,147.75,16.002083333333335,32.25,,,,,,,,,
2020-11-29,,,8.8,188.31914893617022,15.610638297872342,32.12765957446808,,,,,,,,,
2020-11-30,,,6.959574468085107,173.87234042553192,15.48936170212766,32.04468085106383,,,,,,,,,
2020-12-01,,,6.829787234042553,208.0,15.274468085106383,31.944680851063833,,,,,,,,,
2020-12-02,,,7.5,167.0,14.9,31.8,,,,,,,,,
2020-12-03,,,9.602083333333333,189.16666666666666,15.139583333333334,31.72083333333333,,,,,,,,,
2020-12-04,,,10.658333333333333,184.5,14.893749999999999,31.47083333333333,,,,,,,,,
2020-12-05,,,11.272916666666667,176.39583333333334,14.68125,31.304166666666664,,,,,,,,,
2020-12-06,,,9.704166666666667,192.58333333333334,14.835416666666667,31.020833333333332,,,,,,,,,
2020-12-07,,,7.527083333333334,122.29166666666667,14.685416666666667,30.806250000000002,,,,,,,,,
2020-12-08,,,7.408333333333334,102.66666666666667,14.56875,30.29375,,,,,,,,,
2020-12-09,,,7.364583333333333,141.16666666666666,14.335416666666667,30.177083333333332,,,,,,,,,
2020-12-10,,,6.397916666666667,118.35416666666667,14.229166666666666,30.010416666666668,,,,,,,,,
2020-12-11,,,6.91875,137.5,14.254166666666668,29.70625,,,,,,,,,
2020-12-12,,,8.577083333333333,153.83333333333334,14.149999999999999,29.370833333333334,,,,,,,,,
2020-12-13,,,11.664583333333333,167.70833333333334,14.1,29.243750000000002,,,,,,,,,
2020-12-14,,,10.897872340425533,175.93617021276594,13.87872340425532,29.06808510638298,,,,,,,,,
2020-12-15,,,12.351063829787234,177.19148936170214,13.580851063829787,28.851063829787233,,,,,,,,,
2020-12-16,,,11.504166666666668,187.58333333333334,13.397916666666667,28.943749999999998,,,,,,,,,
2020-12-17,,,11.833333333333334,164.125,13.260416666666666,28.954166666666666,,,,,,,,,
2020-12-18,,,10.016666666666667,167.08333333333334,13.129166666666668,28.808333333333334,,,,,,,,,
2020-12-19,,,9.733333333333333,195.77083333333334,12.902083333333332,28.41875,,,,,,,,,
2020-12-20,,,8.348936170212765,111.85106382978724,12.642553191489363,28.282978723404256,,,,,,,,,
2020-12-21,,,7.5375000000000005,120.0,12.583333333333334,28.047916666666666,,,,,,,,,
2020-12-22,,,6.2,121.4375,12.477083333333333,27.860416666666666,,,,,,,,,
2020-12-23,,,5.40625,124.875,12.358333333333334,27.62708333333333,,,,,,,,,
2020-12-24,,,6.585416666666667,120.0625,12.325000000000001,27.485416666666666,,,,,,,,,
2020-12-25,,,4.812765957446809,141.25531914893617,12.004255319148937,27.06382978723404,,,,,,,,,
2020-12-26,,,7.316666666666666,133.14583333333334,11.995833333333332,26.554166666666664,,,,,,,,,
2020-12-27,,,7.89375,165.83333333333334,12.077083333333334,26.397916666666664,,,,,,,,,
2020-12-28,,,10.9125,184.39583333333334,12.200000000000001,26.264583333333334,,,,,,,,,
2020-12-29,,,8.989583333333334,194.22916666666666,12.414583333333333,25.84375,,,,,,,,,
2020-12-30,,,10.71875,177.875,12.341666666666667,25.712500000000002,,,,,,,,,
2020-12-31,,,13.072916666666666,175.04166666666666,12.09375,25.74791666666667,,,,,,,,,
2021-01-01,,,11.408333333333333,171.79166666666666,12.089583333333332,25.59375,,,,,,,,,
2021-01-02,,,6.2,104.0,12.1,25.5,,,,,,,,,
2021-01-03,,,11.262500000000001,181.0625,12.1,25.272916666666664,,,,,,,,,
2021-01-04,,,9.727083333333333,166.16666666666666,12.168750000000001,25.233333333333334,,,,,,,,,
2021-01-05,,,7.5562499999999995,197.22916666666666,12.137500000000001,25.037499999999998,,,,,,,,,
2021-01-06,,,7.422916666666667,134.1875,11.827083333333334,24.75208333333333,,,,,,,,,
2021-01-07,,,8.293750000000001,130.625,11.297916666666666,24.50208333333333,,,,,,,,,
2021-01-08,,,9.527083333333334,130.64583333333334,10.950000000000001,24.375,,,,,,,,,
2021-01-09,,,8.285416666666666,109.83333333333333,11.020833333333334,24.295833333333334,,,,,,,,,
2021-01-10,,,11.720833333333333,143.85416666666666,11.075000000000001,24.2375,,,,,,,,,
2021-01-11,,,11.625,185.77083333333334,11.1875,24.068749999999998,,,,,,,,,
2021-01-12,,,11.549999999999999,162.41666666666666,11.200000000000001,24.072916666666668,,,,,,,,,
2021-01-13,,,12.804255319148934,170.91489361702128,11.229787234042552,24.0,,,,,,,,,
2021-01-14,,,10.477083333333333,186.04166666666666,11.325000000000001,23.954166666666666,,,,,,,,,
2021-01-15,,,12.397916666666667,172.375,11.46875,24.022916666666664,,,,,,,,,
2021-01-16,,,9.995833333333334,196.375,11.61875,23.947916666666668,,,,,,,,,
2021-01-17,,,10.68125,208.54166666666666,11.477083333333333,23.835416666666664,,,,,,,,,
2021-01-18,,,8.064583333333333,146.625,11.329166666666666,23.73125,,,,,,,,,
2021-01-19,,,8.7875,115.125,11.116666666666667,23.695833333333336,,,,,,,,,
2021-01-20,,,6.1812499999999995,148.70833333333334,11.027083333333332,23.452083333333334,,,,,,,,,
2021-01-21,,,5.579166666666667,151.70833333333334,11.133333333333333,23.3125,,,,,,,,,
2021-01-22,,,2.733333333333333,170.02083333333334,11.377083333333333,23.15416666666667,,,,,,,,,
2021-01-23,,,6.3125,176.47916666666666,11.458333333333334,22.912499999999998,,,,,,,,,
2021-01-24,,,4.45625,142.64583333333334,11.275,22.879166666666666,,,,,,,,,
2021-01-25,,,5.0562499999999995,216.29166666666666,11.264583333333334,22.777083333333334,,,,,,,,,
2021-01-26,,,8.185416666666667,211.5,11.200000000000001,22.672916666666666,,,,,,,,,
2021-01-27,,,8.36875,196.70833333333334,11.266666666666666,22.650000000000002,,,,,,,,,
2021-01-28,,,9.833333333333334,181.85416666666666,11.262500000000001,22.64375,,,,,,,,,
2021-01-29,,,11.835416666666667,185.45833333333334,11.066666666666668,22.9375,,,,,,,,,
2021-01-30,,,10.914583333333333,171.54166666666666,11.102083333333333,22.78125,,,,,,,,,
2021-01-31,,,10.560416666666667,175.375,11.235416666666666,22.75208333333333,,,,,,,,,
2021-02-01,,,10.504166666666666,170.52083333333334,11.299999999999999,23.025000000000002,,,,,,,,,
2021-02-02,,,2.9,179.0,11.1,23.1,,,,,,,,,
2021-02-03,,,7.3374999999999995,167.125,11.208333333333334,23.14375,,,,,,,,,
2021-02-04,,,6.5874999999999995,156.52083333333334,11.154166666666667,22.993750000000002,,,,,,,,,
2021-02-05,,,5.102083333333334,144.41666666666666,11.079166666666666,22.739583333333332,,,,,,,,,
2021-02-06,,,7.104166666666667,145.0,11.168750000000001,22.520833333333332,,,,,,,,,
2021-02-07,,,7.26875,137.5,11.289583333333333,22.370833333333334,,,,,,,,,
2021-02-08,,,7.695833333333333,179.8125,11.24375,22.160416666666666,,,,,,,,,
2021-02-09,,,8.589583333333334,203.9375,11.168750000000001,22.008333333333336,,,,,,,,,
2021-02-10,,,9.339583333333334,188.625,11.168750000000001,21.875,,,,,,,,,
2021-02-11,,,10.014583333333333,192.04166666666666,11.158333333333333,21.883333333333336,,,,,,,,,
2021-02-12,,,12.185416666666667,175.29166666666666,11.210416666666667,21.87291666666667,,,,,,,,,
2021-02-13,,,9.214583333333334,194.3125,11.360416666666666,21.787499999999998,,,,,,,,,
2021-02-14,,,11.591666666666667,206.125,11.354166666666666,21.670833333333334,,,,,,,,,
2021-02-15,,,7.547916666666667,172.02083333333334,11.387500000000001,21.735416666666666,,,,,,,,,
2021-02-16,,,9.597916666666666,193.85416666666666,11.19375,22.577083333333334,,,,,,,,,
2021-02-17,,,7.79375,169.1875,10.954166666666666,22.597916666666666,,,,,,,,,
2021-02-18,,,8.791666666666666,160.64583333333334,10.566666666666666,22.433333333333334,,,,,,,,,
2021-02-19,,,6.4375,118.66666666666667,10.616666666666667,22.227083333333336,,,,,,,,,
2021-02-20,,,5.179166666666666,146.64583333333334,10.760416666666666,22.37291666666667,,,,,,,,,
2021-02-21,,,6.154166666666666,77.29166666666667,11.054166666666667,22.547916666666666,,,,,,,,,
2021-02-22,,,5.541666666666667,127.125,11.485416666666666,22.785416666666666,,,,,,,,,
2021-02-23,,,7.120833333333334,178.375,11.614583333333334,22.12291666666667,,,,,,,,,
2021-02-24,,,7.716666666666666,181.85416666666666,11.460416666666667,21.770833333333332,,,,,,,,,
2021-02-25,,,7.4937499999999995,169.14583333333334,11.460416666666667,21.510416666666668,,,,,,,,,
2021-02-26,,,9.168750000000001,214.77083333333334,11.404166666666667,21.414583333333336,,,,,,,,,
2021-02-27,,,8.95625,228.02083333333334,11.239583333333334,21.37708333333333,,,,,,,,,
2021-02-28,,,9.9625,197.79166666666666,11.185416666666667,21.256249999999998,,,,,,,,,
2021-07-01,,,23.115277777777777,197.35069444444446,23.578125,31.596527777777776,1.0,,1.5,,9.0,95.82986111111111,23.01388888888889,1006.9920138888889,
2021-07-02,,,10.502083333333333,178.72569444444446,24.021875,30.823611111111113,0.8,,1.4,,9.3,62.18055555555556,23.578472222222224,1009.0920138888889,
2021-07-03,,,12.629166666666666,148.08680555555554,23.93298611111111,30.238888888888887,1.1,,1.9,,8.9,54.94097222222222,23.04340277777778,1009.1333333333334,
2021-07-04,,,16.447569444444444,112.67361111111111,24.490625,29.743402777777778,2.4,,3.7,,16.4,208.86805555555554,24.799999999999997,1005.0336805555556,
2021-07-05,,,12.894444444444444,164.54513888888889,22.6875,30.497222222222224,1.0,,1.5,,7.3,225.5,23.347569444444446,1009.7802083333333,
2021-07-06,,,23.95540069686411,120.98954703832753,19.521951219512196,30.7397212543554,1.4,,2.2,,12.4,210.72916666666666,22.630555555555556,1007.5701388888889,
2021-07-07,,,11.5,88.0,18.6,30.0,0.8,,1.0,,5.5,200.0,21.4,1008.9,
2021-07-08,,,22.66132404181185,158.3623693379791,18.210452961672473,29.939721254355405,0.8,,1.2,,6.4,151.97569444444446,21.625694444444445,1005.9034722222223,
2021-07-09,,,30.47291666666667,182.12152777777777,20.021180555555556,29.174652777777776,0.9,,1.2,,4.2,116.66319444444444,21.702777777777776,1005.9145833333334,
2021-07-10,,,11.770486111111111,176.03125,20.433680555555554,28.538541666666667,0.9,,1.5,,9.3,210.63888888888889,22.97048611111111,1008.1402777777779,
2021-07-11,,,23.976041666666667,150.05902777777777,19.342708333333334,28.975347222222222,0.8,,1.2,,10.6,195.47222222222223,22.68125,1010.2204861111111,
2021-07-12,,,24.02334494773519,139.68641114982577,18.598257839721253,29.18780487804878,0.7,,1.1,,8.8,200.91319444444446,22.411805555555556,1010.0364583333334,
2021-07-13,,,32.920833333333334,144.38194444444446,18.188888888888886,29.174652777777776,0.6,,1.0,,9.5,201.03819444444446,22.384027777777778,1010.8760416666667,
2021-07-14,,,31.624652777777776,148.07986111111111,17.719791666666666,28.891666666666666,0.5,,0.9,,9.6,200.32638888888889,22.767708333333335,1012.5489583333333,
2021-07-15,,,24.833449477351916,162.81533101045295,18.17247386759582,28.409756097560976,0.4,,0.7,,4.4,122.84722222222223,24.009375,1015.0243055555555,
2021-07-16,,,29.033797909407667,170.18118466898954,20.292334494773517,27.52404181184669,0.5,,0.9,,5.4,113.30555555555556,24.696527777777778,1015.0749999999999,
2021-07-17,,,20.992361111111112,159.42361111111111,23.321875,26.414583333333333,1.5,,2.5,,6.7,83.76736111111111,25.49652777777778,1012.8791666666667,
2021-07-18,,,19.405555555555555,215.48611111111111,24.54409722222222,26.271527777777777,0.7,,1.2,,5.4,99.77430555555556,25.880902777777777,1012.2631944444444,
2021-07-19,,,14.857142857142858,178.5574912891986,25.41149825783972,26.327177700348432,0.6,,1.0,,3.4,139.26388888888889,26.241319444444443,1013.6020833333334,
2021-07-20,,,18.42787456445993,209.1602787456446,26.437630662020908,25.309407665505226,0.6,,1.2,,7.4,47.43055555555556,27.277430555555554,1014.4354166666667,
2021-07-21,,,21.002083333333335,211.59722222222223,26.678125,26.120833333333334,0.9,,1.4,,9.0,74.03472222222223,26.986805555555556,1012.8690972222222,
2021-07-22,,,23.902083333333334,196.54166666666666,26.4625,26.398611111111112,0.9,,1.6,,8.8,46.982638888888886,26.733333333333334,1011.4527777777779,
2021-07-23,,,33.403819444444444,195.58680555555554,26.553472222222222,26.84548611111111,0.7,,1.2,,8.0,79.25694444444444,26.536458333333332,1009.9093750000001,
2021-07-24,,,29.313541666666666,208.26736111111111,26.663888888888888,27.277430555555554,0.7,,0.9,,6.5,83.05902777777777,26.679861111111112,1009.1277777777777,
2021-07-25,,,29.35121951219512,189.75261324041813,26.74947735191638,27.269686411149824,1.3,,1.9,,5.9,58.59375,27.124652777777776,1007.6805555555555,
2021-07-26,,,25.75104895104895,218.35664335664336,26.587762237762238,26.763636363636362,1.3,,2.1,,5.0,74.11458333333333,27.135416666666668,1005.5878472222222,
2021-07-27,,,33.969097222222224,208.87847222222223,26.674305555555556,26.99513888888889,1.1,,1.5,,7.5,153.44097222222223,26.791666666666668,1003.5045138888888,
2021-07-28,,,20.416319444444444,158.18402777777777,26.936805555555555,27.24375,0.8,,1.2,,5.8,171.32986111111111,27.05798611111111,1003.2197916666667,
2021-07-29,,,16.72951388888889,166.66319444444446,27.386805555555554,27.831249999999997,0.8,,1.2,,3.8,224.875,26.76215277777778,1002.6427083333333,
2021-07-30,,,14.464930555555554,131.5,26.978125,27.433680555555554,0.8,,1.3,,10.0,223.09722222222223,26.740277777777777,1001.0930555555556,
2021-07-31,,,11.540277777777778,130.40277777777777,25.916319444444444,28.54930555555556,0.5,,0.8,,7.5,202.28472222222223,26.671875,1000.5732638888888,
2021-08-01,,,12.235069444444443,158.34722222222223,24.802083333333332,28.770833333333332,0.4,,0.8,,4.9,199.46527777777777,27.37326388888889,1000.5336805555556,
2021-08-02,,,14.991666666666667,185.60416666666666,25.105208333333334,28.890277777777776,0.4,,0.7,,7.3,225.21875,27.185416666666665,1003.2552083333334,
2021-08-03,,,16.689198606271777,237.54703832752614,25.18466898954704,28.448432055749127,0.7,,1.0,,8.6,235.16319444444446,26.363541666666666,1007.9288194444445,
2021-08-04,,,19.123611111111114,240.09722222222223,25.897916666666667,28.097916666666666,0.6,,1.0,,3.4,250.6875,27.589930555555554,1009.0927083333333,
2021-08-05,,,19.260069444444444,206.36111111111111,26.765972222222224,27.880902777777777,0.5,,0.9,,3.6,235.78472222222223,27.93298611111111,1006.3510416666666,
2021-08-06,,,16.280555555555555,212.71527777777777,27.464583333333334,27.433680555555554,0.5,,0.9,,5.5,157.35416666666666,28.131944444444443,1003.0527777777778,
2021-08-07,,,17.0,31.0,27.7,27.7,0.4,,0.5,,2.0,318.0,27.8,1002.4,
2021-08-08,,,29.80034722222222,231.375,28.220833333333335,27.177430555555556,1.5,,2.1,,11.6,118.4375,26.13125,1002.2041666666667,
2021-08-09,,,30.850871080139374,223.09059233449477,27.848083623693377,27.14146341463415,2.5,,3.6,,10.0,200.17013888888889,26.314930555555556,1001.2440972222222,
2021-08-10,,,22.68397212543554,218.42857142857142,27.737630662020905,26.585365853658537,2.3,,3.0,,4.7,184.72569444444446,25.561805555555555,1009.0513888888888,
2021-08-11,,,17.081944444444446,137.09375,27.63576388888889,26.19027777777778,1.8,,2.6,,9.0,249.08333333333334,25.797569444444445,1010.6784722222224,
2021-08-12,,,12.206597222222221,116.6875,27.37152777777778,24.868055555555557,1.4,,2.1,,6.1,138.90625,26.049999999999997,1009.8413194444444,
2021-08-13,,,17.178048780487806,134.8397212543554,27.158885017421603,24.009407665505226,1.0,,1.6,,8.0,54.732638888888886,25.975,1005.9354166666667,
2021-08-14,,,10.600000000000001,170.96180555555554,27.01111111111111,23.999652777777776,1.8,,2.9,,10.1,108.75694444444444,24.836111111111112,1006.1996527777778,
2021-08-15,,,15.596527777777778,206.44791666666666,26.98263888888889,24.226388888888888,1.3,,2.0,,9.1,145.91319444444446,24.47951388888889,1013.0642361111111,
2021-08-16,,,14.728472222222223,165.33333333333334,26.544791666666665,25.373958333333334,1.3,,2.0,,9.7,66.77083333333333,24.71388888888889,1014.2447916666666,
2021-08-17,,,11.102430555555555,130.34375,26.291666666666668,24.577083333333334,2.1,,3.3,,11.6,109.64236111111111,23.597569444444446,1008.2944444444444,
2021-08-18,,,13.754355400696864,128.72822299651568,26.163414634146342,24.618466898954704,2.2,,3.5,,12.5,138.35763888888889,24.140277777777776,1008.3086805555556,
2021-08-19,,,14.795789473684211,171.56491228070175,26.305263157894736,24.595438596491228,1.8,,2.8,,9.0,101.84722222222223,24.82361111111111,1010.4902777777778,
2021-08-20,,,27.688888888888886,91.37152777777777,26.25347222222222,24.60763888888889,0.7,,1.1,,5.5,195.00347222222223,24.989930555555556,1013.3465277777777,
2021-08-21,,,28.545993031358886,132.72473867595818,25.85609756097561,25.653310104529616,2.2,,3.3,,18.9,190.06271777003485,25.133797909407665,1007.4337979094076,
2021-08-22,,,25.97986111111111,176.81944444444446,24.818402777777777,26.467708333333334,1.7,,2.1,,9.6,203.82986111111111,26.109375,1008.1288194444444,
2021-08-23,,,28.063541666666666,157.14236111111111,22.836805555555557,27.069791666666667,0.9,,1.5,,10.9,198.82638888888889,23.84027777777778,1009.8347222222224,
2021-08-24,,,23.958391608391608,106.27622377622377,22.016433566433566,26.817132867132866,3.8,,5.4,,17.9,201.50347222222223,24.781944444444445,1001.1434027777777,
2021-08-25,,,27.427777777777777,151.48958333333334,19.365972222222222,27.29513888888889,1.7,,2.4,,12.3,196.08333333333334,22.367013888888888,1007.1086805555556,
2021-08-26,,,21.716319444444444,193.71527777777777,19.370833333333334,26.951736111111114,1.5,,2.5,,8.3,170.86805555555554,22.896875,1011.7309027777778,
2021-08-27,,,15.97777777777778,159.11111111111111,20.925694444444446,27.123958333333334,1.1,,1.8,,10.3,168.72916666666666,23.50486111111111,1012.1763888888888,
2021-08-28,,,15.000696864111498,121.26132404181185,21.107317073170734,27.263414634146343,0.8,,1.3,,4.6,178.91666666666666,23.940624999999997,1012.9468750000001,
2021-08-29,,,18.610452961672472,224.7595818815331,22.570731707317073,27.097909407665508,0.7,,1.3,,8.9,102.71875,24.102083333333333,1012.701736111111,
2021-08-30,,,25.153819444444444,258.15625,24.193055555555556,26.752430555555556,0.5,,0.9,,3.8,185.5625,24.932291666666668,1014.9805555555556,
2021-08-31,,,19.445833333333333,180.89583333333334,24.945138888888888,26.047916666666666,0.4,,0.6,,8.6,198.3125,24.528819444444444,1014.9138888888889,
2021-09-01,,,10.510069444444445,160.69444444444446,25.057291666666668,,1.2,,2.0,,9.8,149.13194444444446,24.025694444444444,1009.6986111111112,
2021-09-02,,,17.08923611111111,199.34375,25.306597222222223,,1.4,,2.0,,8.5,145.34722222222223,22.555208333333333,1010.2302083333333,
2021-09-03,,,16.85853658536585,120.26829268292683,25.19233449477352,,1.4,,2.2,,10.2,168.0801393728223,22.058885017421602,1009.0177700348431,
2021-09-04,,,21.137282229965155,132.54703832752614,25.25609756097561,,1.6,,2.3,,10.9,184.20138888888889,23.057291666666668,1014.3000000000001,
2021-09-05,,,19.693379790940767,130.54006968641116,25.465853658536584,,1.1,,1.8,,9.7,163.95138888888889,23.30902777777778,1017.5256944444445,
2021-09-06,,,21.180902777777778,193.07986111111111,25.286805555555556,,1.6,,3.0,,10.2,108.31597222222223,23.880208333333332,1017.1694444444444,
2021-09-07,,,33.0,56.0,25.2,,1.2,,1.5,,6.7,47.0,24.4,1015.2,
2021-09-08,,,21.323076923076922,132.24125874125875,25.113286713286712,,0.9,,1.3,,5.6,168.9651567944251,24.6390243902439,1009.1543554006968,
2021-09-09,,,27.541608391608392,121.3881118881119,25.195454545454545,,0.5,,0.8,,3.7,228.0871080139373,23.47491289198606,1013.687456445993,
2021-09-10,,,22.097552447552445,90.78321678321679,24.5,,0.5,,0.7,,6.9,265.16083916083915,23.346503496503498,1013.6258741258741,
2021-09-11,,,20.491319444444443,133.95833333333334,24.18472222222222,,0.3,,0.5,,5.8,250.11805555555554,24.209027777777777,1012.532638888889,
2021-09-12,,,17.77902097902098,181.76573426573427,23.96888111888112,,0.6,,0.9,,6.6,149.62717770034843,23.829616724738678,1012.7585365853658,
2021-09-13,,,13.971527777777778,228.33333333333334,23.976736111111112,,1.7,,2.2,,8.6,53.27430555555556,23.984375,1017.28125,
2021-09-14,,,16.29163763066202,182.4843205574913,24.29303135888502,,2.2,,3.2,,13.0,71.97212543554006,22.425783972125434,1015.0993031358885,
2021-09-15,,,20.531818181818185,218.83216783216784,24.386713286713288,,2.4,,3.7,,13.7,42.05244755244755,23.65944055944056,1015.406993006993,
2021-09-16,,,19.344405594405593,195.62587412587413,24.462937062937062,,1.8,,2.8,,9.6,70.2132867132867,23.557692307692307,1012.8499999999999,
2021-09-17,,,24.09686411149826,169.66898954703834,24.31533101045296,,3.4,,5.0,,15.0,23.21254355400697,21.366898954703835,1007.4062717770034,
2021-09-18,,,18.217894736842105,204.0421052631579,24.068421052631578,,2.9,,4.5,,10.5,140.70877192982456,22.77122807017544,1013.4185964912281,
2021-09-19,,,20.990243902439023,127.17421602787456,23.97177700348432,,1.4,,2.2,,9.9,111.13240418118467,22.624738675958188,1015.995818815331,
2021-09-20,,,20.953873239436618,169.4049295774648,24.086267605633804,,1.2,,2.1,,7.6,142.58245614035087,22.87157894736842,1013.4905263157895,
2021-09-21,,,17.55993031358885,115.84320557491289,23.94529616724739,,1.6,,2.4,,11.1,225.02787456445992,23.741463414634147,1007.5073170731706,
2021-09-22,,,17.88661971830986,128.69366197183098,23.693661971830984,,1.0,,1.4,,14.9,216.79649122807018,23.42842105263158,1008.8652631578947,
2021-09-23,,,16.61263157894737,136.51228070175438,23.32771929824561,,0.6,,1.0,,7.6,245.58041958041957,23.157692307692308,1015.4472027972029,
2021-09-24,,,15.34877192982456,178.54736842105262,23.288771929824563,,0.8,,1.4,,10.6,191.9859649122807,21.605263157894736,1021.7231578947368,
2021-09-25,,,18.12288732394366,206.55633802816902,23.591901408450706,,2.0,,2.9,,10.2,70.5859649122807,23.12456140350877,1021.8712280701754,
2021-09-26,,,13.41060070671378,242.9399293286219,23.735689045936397,,1.6,,2.4,,10.3,78.20070422535211,22.445774647887326,1019.9577464788732,
2021-09-27,,,21.77703180212014,214.98586572438163,23.73992932862191,,1.3,,2.0,,9.2,103.19718309859155,21.60387323943662,1016.0915492957746,
2021-09-28,,,9.03006993006993,216.6153846153846,23.81993006993007,,0.8,,1.3,,7.0,161.43006993006992,22.336013986013988,1013.4527972027972,
2021-09-29,,,15.758741258741258,165.91608391608392,23.97097902097902,,0.8,,1.4,,9.3,242.6818181818182,23.762937062937063,1008.9076923076922,
2021-09-30,,,14.36338028169014,197.00704225352112,23.804577464788732,,0.8,,1.3,,9.2,126.69718309859155,22.448591549295774,1007.8095070422536,
2021-10-01,,,28.05,206.23758865248226,24.152127659574468,,0.6,,1.0,,6.7,216.53710247349824,21.987985865724383,1008.2681978798587,
2021-10-02,,,11.814642857142857,135.70714285714286,23.906071428571426,,0.6,,1.0,,6.0,255.91785714285714,22.309285714285714,1013.2585714285715,
2021-10-03,,,18.399645390070923,165.59929078014184,24.19468085106383,,0.5,,0.8,,5.6,252.96099290780143,22.586170212765957,1020.4329787234042,
2021-10-04,,,22.149469964664313,127.77031802120142,23.902826855123674,,1.0,,1.5,,11.0,218.8838028169014,24.2693661971831,1021.3295774647886,
2021-10-05,,,26.864874551971326,148.67741935483872,23.620430107526882,,0.6,,0.9,,9.7,186.99283154121864,23.90394265232975,1020.7462365591398,
2021-10-06,,,33.75921985815603,160.52836879432624,24.393262411347518,,1.4,,2.1,,5.9,152.51418439716312,22.76985815602837,1019.5460992907801,
2021-10-07,,,15.16042402826855,144.4946996466431,24.12685512367491,,1.0,,1.5,,8.9,264.0424028268551,22.88127208480565,1016.5872791519434,
2021-10-08,,,8.1,149.0,24.0,,0.5,,0.7,,2.6,348.0,21.5,1017.7,
2021-10-09,,,19.0209219858156,155.54609929078015,23.95780141843972,,1.2,,1.7,,6.7,117.9290780141844,23.909929078014187,1021.9138297872341,
2021-10-10,,,22.191397849462366,158.82437275985663,24.053763440860216,,1.1,,1.7,,9.0,240.36559139784947,23.759498207885304,1018.1713261648745,
2021-10-11,,,33.971276595744676,230.5744680851064,23.708510638297874,,1.7,,2.2,,11.4,136.10283687943263,21.05354609929078,1018.6414893617022,
2021-10-12,,,32.61115107913669,139.4388489208633,23.79244604316547,,2.3,,3.9,,11.5,72.65107913669065,18.41690647482014,1023.9535971223021,
2021-10-13,,,17.443214285714287,120.91785714285714,23.498571428571427,,1.9,,2.9,,8.9,131.17142857142858,19.76892857142857,1023.8617857142857,
2021-10-14,,,12.660854092526689,160.44128113879003,23.577224199288256,,1.5,,2.3,,5.5,260.38434163701066,21.181494661921707,1019.1512455516014,
2021-10-15,,,12.824820143884892,139.82374100719426,23.61546762589928,,0.7,,1.4,,8.9,218.45323741007195,20.947122302158274,1016.3719424460432,
2021-10-16,,,11.418928571428571,164.26785714285714,23.64892857142857,,1.0,,1.4,,8.0,231.18571428571428,16.806785714285713,1017.5949999999999,
2021-10-17,,,13.784172661870503,147.55755395683454,23.150359712230216,,1.3,,1.9,,11.6,274.76978417266184,11.630575539568346,1023.3176258992805,
2021-10-18,,,16.74568345323741,165.70863309352518,23.20863309352518,,0.9,,1.5,,6.7,268.96043165467626,13.442086330935252,1022.6661870503598,
2021-10-19,,,16.300727272727272,156.4909090909091,23.176727272727273,,0.5,,0.7,,6.5,272.08363636363634,15.57090909090909,1017.6189090909091,
2021-10-20,,,17.194160583941606,160.82481751824818,22.5514598540146,,1.0,,1.7,,7.5,210.68,14.268363636363636,1019.7810909090908,
2021-10-21,,,19.377372262773722,135.7810218978102,22.04963503649635,,1.3,,1.9,,6.7,227.56569343065692,13.903649635036496,1018.466788321168,
2021-10-22,,,20.305797101449276,124.59057971014492,22.31195652173913,,2.7,,3.2,,9.4,273.27536231884056,14.681159420289855,1019.1101449275363,
2021-10-23,,,21.757246376811594,150.83333333333334,22.39061371841155,,2.0,,2.8,,8.8,231.7942238267148,15.557039711191337,1026.642238267148,
2021-10-24,,,16.394565217391303,159.56521739130434,21.848188405797103,,1.1,,1.7,,4.7,265.2274368231047,16.15595667870036,1025.5490974729241,
2021-10-25,,,19.809747292418773,110.64259927797833,21.906859205776172,,0.6,,0.9,,5.4,248.40794223826714,16.907942238267147,1021.2469314079423,
2021-10-26,,,21.228363636363635,162.1418181818182,21.972363636363635,,0.4,,0.7,,6.8,275.7418181818182,16.215999999999998,1019.1214545454546,
2021-10-27,,,24.12463768115942,188.0253623188406,21.841304347826085,,0.3,,0.5,,4.5,253.04693140794222,17.34440433212996,1017.7393501805054,
2021-10-28,,,8.69087591240876,138.77372262773721,21.54963503649635,,1.2,,10.3,,10.6,218.20727272727274,16.849090909090908,1021.2745454545454,
2021-10-29,,,16.20035842293907,196.584229390681,21.531541218637994,,1.2,,1.8,,10.7,118.87813620071685,17.31075268817204,1024.4956989247312,
2021-10-30,,,15.564444444444444,212.03333333333333,20.921481481481482,,1.2,,1.7,,6.5,250.55719557195573,17.063837638376384,1023.3369003690036,
2021-10-31,,,15.615579710144926,141.9855072463768,20.617391304347827,,0.8,,1.2,,5.3,242.31768953068593,16.590613718411554,1023.1740072202166,
2021-11-01,,,14.573260073260073,139.44688644688645,21.020146520146522,,0.4,,0.7,,6.8,272.25274725274727,17.156410256410254,1021.8545787545787,
2021-11-02,,,25.126199261992618,152.85239852398524,21.31070110701107,,0.4,,0.7,,6.4,254.04059040590406,15.354243542435425,1019.9549815498154,
2021-11-03,,,25.68058608058608,174.996336996337,21.15604395604396,,0.9,,1.3,,9.9,246.97445255474452,15.426277372262774,1017.5952554744524,
2021-11-04,,,23.79040590405904,156.60516605166052,21.018819188191884,,0.9,,1.4,,5.9,224.3210332103321,15.981180811808116,1018.6007380073801,
2021-11-05,,,33.35410447761194,158.22014925373134,20.523880597014923,,0.9,,1.3,,7.3,180.8097014925373,17.3410447761194,1020.5220149253732,
2021-11-06,,,26.60597014925373,167.30223880597015,19.66044776119403,,1.4,,2.2,,9.3,98.4275092936803,17.618587360594795,1019.9063197026022,
2021-11-07,,,25.195167286245354,165.6728624535316,19.844981412639406,,1.8,,2.9,,10.0,79.97397769516729,18.91524163568773,1019.9914498141264,
2021-11-08,,,29.3,21.0,20.0,,1.3,,1.9,,5.5,149.0,20.3,1016.6,
2021-11-09,,,23.10631970260223,204.62453531598513,18.97546468401487,,1.0,,1.6,,7.0,262.2453531598513,11.222304832713755,1011.3085501858736,
2021-11-10,,,17.72761194029851,165.06716417910448,17.973507462686566,,1.3,,2.0,,9.2,257.2379182156134,10.884014869888476,1007.4747211895912,
2021-11-11,,,19.62851851851852,197.85185185185185,17.47925925925926,,1.0,,1.5,,8.6,274.5037037037037,11.44925925925926,1010.5362962962962,
2021-11-12,,,13.278438661710037,179.06691449814127,17.224907063197026,,0.7,,1.1,,9.8,267.1561338289963,9.723791821561338,1016.0907063197027,
2021-11-13,,,12.797435897435896,124.45787545787546,16.76849816849817,,0.5,,0.9,,7.2,257.35531135531136,11.163736263736263,1018.5857142857144,
2021-11-14,,,11.395910780669144,161.35315985130111,16.666914498141267,,0.6,,1.0,,8.2,258.6654275092937,13.397769516728625,1018.5981412639406,
2021-11-15,,,20.055882352941175,155.75,16.577573529411765,,0.5,,0.7,,4.5,259.74632352941177,13.29154411764706,1020.6966911764706,
2021-11-16,,,19.01245283018868,165.65660377358492,16.58188679245283,,0.3,,0.5,,4.4,260.7622641509434,13.226037735849056,1022.4807547169812,
2021-11-17,,,19.849063670411983,162.2546816479401,16.397752808988763,,0.4,,0.7,,6.8,278.22846441947564,12.475280898876404,1022.5389513108615,
2021-11-18,,,18.07689393939394,150.5719696969697,16.270075757575757,,0.6,,0.9,,9.3,260.40377358490565,13.127924528301888,1018.872075471698,
2021-11-19,,,22.146992481203007,161.44736842105263,16.27105263157895,,0.3,,0.5,,4.7,274.593984962406,13.710526315789474,1017.601127819549,
2021-11-20,,,22.752107279693487,144.2911877394636,16.43793103448276,,0.5,,0.8,,4.3,244.53256704980842,14.928352490421457,1019.711111111111,
2021-11-21,,,21.4123595505618,162.24719101123594,16.655805243445695,,0.9,,1.3,,4.9,252.51119402985074,15.45410447761194,1016.8529850746268,
2021-11-22,,,24.60936329588015,125.68539325842697,16.283520599250934,,0.9,,1.4,,11.1,289.67041198501875,11.720973782771535,1011.9022471910113,
2021-11-23,,,19.254511278195487,140.28571428571428,15.581203007518798,,0.7,,1.1,,11.0,259.796992481203,6.804511278195489,1016.246992481203,
2021-11-24,,,22.05581395348837,168.7015503875969,15.417441860465116,,1.2,,1.7,,8.2,254.51162790697674,10.023255813953488,1017.484496124031,
2021-11-25,,,26.709926470588236,169.49632352941177,15.300367647058822,,1.2,,1.7,,9.1,249.79779411764707,13.145220588235293,1017.0540441176471,
2021-11-26,,,35.35034722222222,215.71527777777777,15.196180555555555,,0.6,,0.9,,7.9,235.79166666666666,10.383333333333333,1024.021527777778,
2021-11-27,,,29.774305555555557,222.89236111111111,15.285069444444446,,0.9,,1.5,,8.1,239.72222222222223,8.648263888888888,1032.3326388888888,
2021-11-28,,,35.53391608391609,211.73426573426573,15.496503496503497,,0.7,,1.0,,5.8,268.43402777777777,10.552430555555555,1033.3718749999998,
2021-11-29,,,32.65555555555555,153.97222222222223,15.913888888888888,,0.8,,1.3,,9.6,260.6354166666667,11.802083333333334,1026.6065972222223,
2021-11-30,,,56.41458333333333,126.3125,15.899999999999999,,2.6,,3.6,,12.6,257.56944444444446,12.867361111111112,1012.0986111111112,
2021-12-01,,,15.635069444444444,139.04513888888889,15.198611111111111,,1.1,,1.5,,11.5,290.74652777777777,5.489236111111111,1017.3454861111111,
2021-12-02,,,17.291666666666668,153.50694444444446,14.84861111111111,,0.8,,1.4,,7.5,251.14583333333334,5.039930555555555,1019.6225694444444,
2021-12-03,,,34.58472222222222,162.30555555555554,14.79201388888889,,0.8,,1.3,,9.8,266.16319444444446,8.946874999999999,1016.5500000000001,
2021-12-04,,,29.29270833333333,143.68055555555554,14.422916666666667,,0.8,,1.1,,12.9,292.375,6.865625,1024.1083333333333,
2021-12-05,,,50.98854166666667,172.27083333333334,14.309375000000001,,0.7,,1.1,,6.3,240.17361111111111,8.879513888888889,1028.1722222222222,
2021-12-06,,,37.016027874564465,170.72822299651568,14.437979094076654,,0.7,,1.0,,4.5,280.75694444444446,10.973958333333334,1025.6680555555556,
2021-12-07,,,45.99756097560975,193.38327526132403,14.513240418118468,,1.4,,2.3,,10.0,203.23611111111111,11.919791666666667,1025.8253472222223,
2021-12-08,,,31.96944444444445,183.10763888888889,15.359027777777776,,1.6,,2.3,,8.8,213.18055555555554,11.161111111111111,1030.7611111111112,
2021-12-09,,,12.6,139.0,15.6,,1.0,,1.3,,7.0,351.0,10.6,1031.2,
2021-12-10,,,35.28472222222222,196.29861111111111,16.035416666666666,,0.7,,1.1,,7.7,276.9236111111111,13.061458333333333,1024.1159722222224,
2021-12-11,,,42.39791666666667,187.61805555555554,16.05138888888889,,0.4,,0.6,,6.3,267.25694444444446,12.238541666666666,1023.8850694444445,
2021-12-12,,,26.95034722222222,189.57986111111111,16.05173611111111,,0.4,,0.7,,10.0,256.87152777777777,10.794444444444444,1020.6909722222222,
2021-12-13,,,11.249305555555557,160.73958333333334,15.735416666666667,,1.0,,1.4,,7.1,268.125,3.9618055555555554,1024.3864583333334,
2021-12-14,,,18.217421602787454,184.93728222996515,15.734494773519165,,0.6,,0.9,,7.5,260.64930555555554,5.778472222222223,1021.7059027777777,
2021-12-15,,,18.861458333333335,173.98611111111111,15.25,,0.5,,0.7,,7.0,244.39930555555554,10.471527777777778,1021.2437500000001,
2021-12-16,,,16.06875,187.88541666666666,15.117708333333333,,0.4,,0.8,,4.6,272.5138888888889,10.28298611111111,1017.6854166666667,
2021-12-17,,,16.57177700348432,154.390243902439,14.90731707317073,,1.7,,2.7,,13.6,300.5296167247387,5.434146341463414,1017.2379790940766,
2021-12-18,,,12.653125,168.03819444444446,15.90625,,1.6,,2.2,,10.3,245.72916666666666,2.712152777777778,1024.6850694444445,
2021-12-19,,,17.111805555555556,164.55902777777777,15.638541666666665,,0.9,,1.4,,9.1,277.86805555555554,5.301388888888889,1021.2881944444445,
2021-12-20,,,29.43170731707317,144.17421602787456,15.147386759581883,,0.9,,1.3,,10.6,243.73170731707316,8.88397212543554,1019.1519163763065,
2021-12-21,,,23.86875,156.37847222222223,14.848263888888889,,0.9,,1.4,,6.5,264.88194444444446,11.651388888888889,1015.9600694444445,
2021-12-22,,,24.90836236933798,162.0731707317073,14.920905923344948,,1.0,,1.8,,8.5,212.82229965156793,9.73205574912892,1020.4487804878048,
2021-12-23,,,19.946180555555557,158.22569444444446,14.888541666666665,,1.2,,1.7,,5.1,257.16319444444446,9.009374999999999,1022.8000000000001,
2021-12-24,,,19.038327526132406,186.56445993031357,15.32787456445993,,1.0,,1.5,,5.7,249.84375,9.507986111111112,1019.2861111111112,
2021-12-25,,,17.41909722222222,169.61458333333334,15.056597222222223,,1.3,,1.8,,9.3,209.88541666666666,2.537847222222222,1023.7833333333333,
2021-12-26,,,22.147569444444443,169.71875,14.918402777777779,,0.9,,1.3,,11.7,272.15277777777777,2.692013888888889,1029.5246527777776,
2021-12-27,,,15.43263888888889,189.72569444444446,15.051388888888889,,1.2,,1.9,,8.7,257.75347222222223,2.870486111111111,1028.5048611111113,
2021-12-28,,,32.70243055555555,132.27083333333334,15.511111111111111,,1.0,,1.5,,7.5,240.01041666666666,5.323263888888889,1026.782986111111,
2022-01-01,,,21.535069444444446,163.13888888888889,14.607986111111112,,1.2,,1.7,,8.0,271.8229166666667,3.3354166666666667,1028.6541666666667,
2022-01-02,,,24.78815331010453,145.05923344947735,14.62020905923345,,1.1,,1.9,,6.6,281.27430555555554,6.352083333333334,1024.6829861111112,
2022-01-03,,,22.388194444444444,183.64583333333334,15.089583333333334,,0.9,,1.2,,8.1,267.60069444444446,6.524652777777778,1023.6152777777778,
2022-01-04,,,18.961111111111112,166.65277777777777,15.333333333333334,,0.6,,0.9,,8.4,247.46527777777777,6.238541666666666,1024.8579861111111,
2022-01-05,,,14.660416666666666,166.27777777777777,15.110069444444443,,1.1,,1.7,,7.7,232.24305555555554,6.177777777777778,1025.6715277777778,
2022-01-06,,,21.851541850220265,174.46696035242292,15.042290748898678,,1.1,,1.6,,7.4,228.12334801762114,7.862995594713657,1023.9185022026431,
2022-01-07,,,17.503135888501742,151.58885017421602,14.867944250871082,,1.1,,1.8,,7.2,286.8576388888889,6.816666666666666,1027.4645833333334,
2022-01-08,,,18.819791666666667,159.90625,15.071874999999999,,0.8,,1.3,,6.1,271.71527777777777,7.03125,1022.4958333333333,
2022-01-09,,,5.0,130.0,14.6,,0.4,,0.6,,3.6,336.0,5.5,1021.7,
2022-01-10,,,,,,,,,,,,,,,
2022-01-11,,,15.281481481481482,190.30864197530863,14.542168674698795,,0.6,,1.0,,10.5,300.9146341463415,2.591463414634146,1016.0439024390245,
2022-01-12,,,13.94452296819788,190.09893992932862,14.317667844522969,,0.9,,1.6,,7.5,254.6042402826855,2.2042402826855123,1018.7975265017668,
2022-01-13,,,14.683189655172415,168.70689655172413,14.34206008583691,,1.1,,1.6,,10.4,285.01724137931035,1.3758620689655172,1017.4445887445888,
2022-01-14,,,14.076241134751774,190.93262411347519,14.448936170212766,,1.6,,2.3,,6.6,224.62056737588654,3.101418439716312,1023.1507092198582,
2022-01-15,,,15.142553191489363,185.74468085106383,15.088297872340425,,1.4,,1.8,,5.0,278.86170212765956,4.006382978723405,1022.6691489361701,
2022-01-16,,,,,,,,,,,,,,,
2022-01-17,,,14.393693693693693,180.52252252252254,14.145333333333335,,0.7,,1.1,,8.8,284.09777777777776,3.028888888888889,1023.9764444444445,
2022-01-18,,,16.866015625,184.75,13.744921875,,1.3,,2.0,,8.4,196.71484375,1.9140625,1025.783984375,
2022-01-19,,,16.70974358974359,183.94358974358974,14.137185929648242,,1.7,,2.2,,6.1,257.41326530612247,3.8656565656565656,1022.2363636363635,
2022-01-20,,,15.6141592920354,163.81858407079645,14.029515418502202,,2.4,,3.4,,9.9,217.08407079646017,3.0650442477876108,1025.624778761062,
2022-01-21,,,17.033962264150944,151.5132075471698,14.178947368421053,,1.8,,2.9,,5.5,247.45318352059925,4.389138576779026,1029.3011235955057,
2022-01-22,,,27.173711340206186,131.19072164948454,14.277948717948718,,1.4,,2.2,,5.0,222.7577319587629,7.593298969072165,1026.2067708333334,
2022-01-23,,,,,,,,,,,,,,,
2022-01-24,,,12.019711538461538,167.71153846153845,14.538862559241707,,1.9,,3.0,,11.4,92.40284360189574,7.286255924170616,1021.3772511848341,
2022-01-25,,,13.94051282051282,179.97948717948717,14.633838383838384,,1.0,,1.6,,5.5,249.3622448979592,7.760714285714285,1020.7671794871795,
2022-01-26,,,17.5390977443609,174.8045112781955,14.815413533834587,,0.4,,0.6,,6.9,270.3045112781955,7.273308270676692,1021.913909774436,
2022-01-27,,,18.59090909090909,200.57438016528926,14.727272727272727,,0.5,,0.8,,6.3,257.3264462809917,6.733471074380165,1021.6586776859504,
2022-01-28,,,14.422887323943664,186.75352112676057,14.596126760563381,,0.5,,0.8,,7.1,239.55985915492957,5.680633802816901,1020.768309859155,
2022-01-29,,,13.902554744525547,187.97810218978103,14.35985401459854,,0.6,,1.0,,7.5,248.9817518248175,4.87956204379562,1018.2945255474453,
2022-01-30,,,16.262857142857143,176.41071428571428,13.707142857142857,,0.9,,1.6,,8.6,253.575,4.478571428571429,1018.4467857142856,
2022-01-31,,,15.51017543859649,182.84561403508772,13.61719298245614,,0.8,,1.2,,8.2,248.20701754385965,4.604912280701755,1022.1652631578946,
2022-02-01,,,14.451079136690648,187.32014388489208,13.53021582733813,,0.8,,1.2,,8.9,286.91007194244605,4.926978417266187,1022.7967625899281,
2022-02-02,,,17.7693661971831,194.9049295774648,13.245422535211267,,0.5,,0.8,,6.9,285.8978873239437,3.307746478873239,1025.1228873239438,
2022-02-03,,,17.923674911660775,181.96113074204948,13.166784452296818,,0.7,,1.1,,7.3,246.53169014084506,3.6746478873239434,1024.01161971831,
2022-02-04,,,16.248409893992932,170.36749116607774,13.071378091872791,,0.5,,0.8,,10.9,269.0388692579505,2.9614840989399296,1021.6632508833923,
2022-02-05,,,16.610676156583633,189.3879003558719,12.749466192170818,,0.6,,1.0,,12.0,289.94661921708183,1.220996441281139,1022.846619217082,
2022-02-06,,,12.992932862190813,177.80565371024736,12.692226148409894,,0.5,,0.9,,11.6,290.52296819787983,2.7,1025.8144876325089,
2022-02-07,,,13.981205673758865,133.67375886524823,12.415602836879431,,0.8,,1.0,,6.5,255.12056737588654,2.993262411347518,1025.8794326241134,
2022-02-08,,,20.110408921933086,124.23791821561338,12.671111111111111,,0.7,,1.1,,6.3,255.74204946996466,4.595406360424028,1025.1964664310954,
2022-02-09,,,7.7,247.0,13.0,,0.5,,0.7,,6.0,346.0,4.7,1026.4,
2022-02-10,,,9.950533807829181,180.05338078291814,14.171530249110319,,0.7,,1.0,,5.8,243.32740213523132,8.14626334519573,1020.4964412811388,
2022-02-11,,,11.493286219081272,197.4487632508834,14.007420494699646,,0.7,,0.9,,6.8,234.21201413427562,7.060424028268551,1024.303180212014,
2022-02-12,,,13.536559139784945,191.62724014336916,13.877419354838711,,0.6,,1.0,,8.7,192.63571428571427,8.430357142857142,1023.9835714285715,
2022-02-13,,,17.804626334519575,197.91814946619218,13.735231316725978,,1.5,,2.4,,10.7,148.56227758007117,8.674377224199288,1020.406049822064,
2022-02-14,,,16.931448763250884,151.547703180212,13.508127208480566,,1.9,,2.8,,8.0,214.31095406360424,9.086925795053004,1018.7144876325088,
2022-02-15,,,18.79136690647482,139.61870503597123,13.499640287769784,,1.0,,1.4,,9.3,274.61870503597123,4.792086330935252,1017.0111510791367,
2022-02-16,,,23.45399061032864,146.1032863849765,13.046009389671362,,0.7,,1.1,,9.9,274.61971830985914,1.6018779342723004,1019.7723004694835,
2022-02-17,,,22.18447653429603,144.74729241877256,12.670397111913356,,1.5,,1.9,,9.1,215.24187725631768,2.3000000000000003,1025.2101083032492,
2022-02-18,,,23.00427046263345,163.30604982206407,12.672241992882563,,1.9,,3.0,,7.6,207.79078014184398,4.026241134751773,1028.9184397163122,
2022-02-19,,,24.232374100719426,152.07553956834533,12.776258992805756,,1.2,,1.7,,8.1,254.4496402877698,6.3931654676258995,1020.738489208633,
2022-02-20,,,25.24718309859155,159.46830985915494,12.5306338028169,,0.5,,0.8,,11.0,298.51056338028167,1.8003521126760564,1021.8207746478872,
2022-02-21,,,21.941342756183744,149.0,12.383745583038868,,0.9,,1.3,,11.5,244.01766784452298,2.9314487632508834,1027.0685512367493,
2022-02-22,,,21.666666666666668,117.2831541218638,12.36021505376344,,1.0,,1.4,,7.8,236.4857142857143,2.593928571428571,1028.7760714285714,
2022-02-23,,,16.004593639575972,125.18727915194346,12.478445229681979,,1.1,,1.7,,7.0,208.37102473498234,1.4636042402826854,1029.3466431095405,
2022-02-24,,,14.047703180212014,137.773851590106,12.647349823321553,,0.9,,1.3,,7.3,230.5441696113074,3.6455830388692583,1027.8805653710249,
2022-02-25,,,11.293214285714285,153.63214285714287,12.943214285714285,,0.6,,1.1,,9.0,251.49642857142857,6.0721428571428575,1025.5860714285714,
2022-02-26,,,19.530465949820787,97.35483870967742,12.568458781362008,,1.3,,2.1,,13.0,243.46594982078852,8.651612903225807,1019.4720430107527,
2022-02-27,,,20.83381294964029,93.02877697841727,12.599640287769784,,1.3,,2.1,,10.2,213.33453237410072,8.231654676258993,1019.4744604316547,
2022-02-28,,,23.866785714285715,105.41071428571429,12.614285714285714,,0.6,,1.0,,9.7,241.8357142857143,10.018928571428573,1021.2325,
2022-03-01,,,20.94113475177305,133.9113475177305,12.74822695035461,,0.7,,1.2,,9.2,227.2659574468085,11.88900709219858,1012.8205673758866,
2022-03-02,,,24.6725,153.57142857142858,12.892882562277581,,0.8,,1.3,,9.4,263.3049645390071,8.189716312056738,1014.9602836879433,
2022-03-03,,,24.45179856115108,148.96043165467626,12.773381294964029,,0.7,,1.1,,10.1,267.5287769784173,9.234892086330936,1017.1273381294965,
2022-03-04,,,25.65457746478873,137.0281690140845,12.500352112676056,,1.4,,2.2,,12.6,243.4049295774648,10.726760563380282,1014.2278169014085,
2022-03-05,,,25.06701754385965,161.20701754385965,12.236842105263158,,1.4,,2.3,,12.5,279.9438596491228,10.083508771929825,1011.038947368421,
2022-03-06,,,21.66594982078853,162.64874551971326,12.145878136200716,,0.7,,1.2,,8.0,201.75985663082437,5.457706093189964,1019.1767025089605,
2022-03-07,,,18.755438596491228,152.6140350877193,12.306666666666667,,0.8,,1.0,,6.3,245.22105263157894,6.968070175438597,1019.8491228070176,
2022-03-08,,,17.02720848056537,165.67844522968198,12.34487632508834,,1.4,,1.7,,10.4,242.5,9.152816901408451,1017.8605633802817,
2022-03-09,,,11.720567375886525,156.48936170212767,12.409929078014184,,0.8,,1.2,,8.8,203.2695035460993,9.88191489361702,1021.0531914893617,
2022-03-10,,,15.191134751773049,93.07446808510639,12.404964539007091,,0.7,,1.1,,10.7,246.59574468085106,10.995390070921985,1020.8528368794326,
2022-03-11,,,13.596478873239437,92.28169014084507,12.199295774647887,,0.5,,0.7,,9.0,222.0,12.928521126760563,1017.893661971831,
2022-03-12,,,17.1,247.0,11.9,,0.4,,0.5,,2.7,244.0,14.7,1017.4,
2022-03-13,,,17.076241134751772,99.8581560283688,12.549999999999999,,1.2,,1.8,,10.9,175.78014184397162,13.987943262411347,1012.3918439716313,
2022-03-14,,,17.220494699646643,115.84098939929329,12.416961130742049,,1.0,,1.5,,8.4,141.226148409894,11.424734982332154,1012.583038869258,
2022-03-15,,,16.676512455516015,113.87188612099644,12.655160142348754,,0.8,,1.3,,5.2,196.15302491103202,11.356227758007117,1013.1501779359431,
2022-03-16,,,15.855555555555554,128.91039426523298,12.725089605734768,,0.5,,0.8,,7.4,200.99283154121864,12.440860215053764,1014.8089605734767,
2022-03-17,,,22.262142857142855,214.24285714285713,12.708928571428572,,2.2,,3.3,,12.2,45.77142857142857,10.96,1019.8964285714286,
2022-03-18,,,25.477659574468085,195.87943262411346,12.798226950354609,,3.9,,5.8,,13.6,60.283687943262414,8.300354609929077,1010.6911347517731,
2022-03-19,,,25.484172661870506,166.01438848920864,13.102517985611511,,2.2,,3.3,,9.2,227.0251798561151,6.570143884892087,1008.7237410071942,
2022-03-20,,,23.838652482269502,155.84751773049646,13.251418439716312,,1.3,,1.9,,6.7,241.84098939929328,7.930742049469965,1017.9240282685512,
2022-03-21,,,24.210394265232974,152.15412186379928,13.308960573476702,,0.9,,1.3,,8.0,190.13620071684588,8.908960573476703,1022.5218637992831,
2022-03-22,,,24.003508771929823,175.48771929824562,13.231929824561403,,1.4,,2.3,,12.8,200.5859649122807,9.461754385964912,1020.5838596491229,
2022-03-23,,,18.852363636363634,150.47636363636363,13.160363636363636,,0.8,,1.3,,7.3,288.04347826086956,9.32427536231884,1017.491304347826,
2022-03-24,,,19.568592057761734,143.8736462093863,13.245848375451263,,0.8,,1.2,,9.9,238.19494584837545,10.615162454873646,1019.6379061371841,
2022-03-25,,,13.214893617021277,124.75886524822695,13.342198581560284,,1.0,,1.3,,10.0,215.8368794326241,13.025177304964538,1019.0471631205673,
2022-03-26,,,25.885563380281692,127.94718309859155,13.123591549295774,,3.4,,5.1,,14.2,154.21830985915494,13.870774647887325,1002.4147887323943,
2022-03-27,,,18.7140350877193,113.31929824561404,13.292631578947368,,1.2,,1.7,,12.0,243.76923076923077,12.823776223776223,1012.7286713286715,
2022-03-28,,,22.199290780141844,110.69148936170212,12.284397163120566,,1.3,,2.0,,10.1,151.52482269503545,9.789361702127659,1025.1801418439716,
2022-03-29,,,22.004609929078015,105.03900709219859,12.581205673758866,,0.9,,1.5,,5.2,231.34397163120568,10.911702127659574,1025.2840425531915,
2022-03-30,,,22.699290780141844,112.7517730496454,12.573404255319149,,0.6,,1.1,,8.0,190.62056737588654,13.301773049645389,1020.5439716312057,
2022-03-31,,,24.120701754385962,152.34736842105264,12.994736842105263,,1.7,,2.6,,9.8,33.50526315789474,11.068070175438598,1022.720701754386,
2022-04-01,,,23.03799283154122,149.9641577060932,13.381362007168459,,2.0,,3.1,,9.4,171.5857142857143,9.4775,1028.5657142857144,
2022-04-02,,,24.123843416370107,147.46975088967972,13.47153024911032,,1.3,,2.2,,6.4,245.37722419928826,9.819217081850534,1027.175800711744,
2022-04-03,,,21.08409893992933,129.40989399293287,13.196113074204947,,0.6,,0.8,,5.3,202.97173144876325,10.858303886925796,1027.237809187279,
2022-04-04,,,22.720567375886525,112.81914893617021,12.96985815602837,,0.8,,1.2,,6.2,242.71985815602838,11.571985815602838,1027.140780141844,
2022-04-05,,,22.545357142857142,79.45714285714286,12.678928571428571,,1.0,,1.4,,11.5,237.66548042704628,12.661209964412812,1020.8786476868328,
2022-04-06,,,17.36561403508772,93.65263157894736,12.659298245614035,,1.0,,1.5,,5.7,210.76140350877193,13.86982456140351,1019.7087719298246,
2022-04-07,,,19.927816901408452,48.7112676056338,12.573591549295775,,0.8,,1.2,,9.7,232.85211267605635,14.174647887323943,1015.7542253521127,
2022-04-08,,,19.497894736842103,72.52982456140352,12.819649122807018,,1.1,,1.8,,8.9,183.3578947368421,13.654736842105264,1019.541754385965,
2022-04-09,,,17.136727272727274,88.38909090909091,12.611272727272727,,0.9,,1.5,,11.3,218.96363636363637,15.7,1015.7407272727273,
2022-04-10,,,19.664184397163122,79.71631205673759,12.693617021276596,,0.6,,1.1,,12.0,216.7173144876325,16.08833922261484,1016.4583038869258,
2022-04-11,,,22.536654804270462,74.64768683274022,12.930960854092527,,0.6,,1.0,,6.9,205.8185053380783,15.81814946619217,1014.7007117437723,
2022-04-12,,,10.9,4.0,12.9,,0.5,,0.7,,5.3,234.0,16.9,1013.1,
2022-04-13,,,15.447535211267606,214.10915492957747,13.050704225352113,,1.4,,2.3,,11.8,38.75438596491228,12.279298245614035,1015.7533333333333,
2022-04-14,,,17.208602150537633,167.81720430107526,13.866666666666667,,2.1,,3.9,,11.2,39.2831541218638,11.179928315412186,1017.604659498208,
2022-04-15,,,21.02304964539007,180.91489361702128,14.168439716312056,,2.6,,3.7,,13.5,47.847517730496456,11.391489361702128,1016.7744680851065,
2022-04-16,,,23.145357142857144,170.0,14.712857142857144,,1.4,,2.2,,7.7,200.60357142857143,11.502857142857144,1017.4021428571427,
2022-04-17,,,24.223943661971834,149.30281690140845,14.889084507042254,,0.9,,1.5,,10.2,230.98239436619718,13.784859154929578,1017.0774647887324,
2022-04-18,,,25.741197183098592,154.59859154929578,14.822887323943661,,0.6,,1.0,,6.3,240.0211267605634,14.738732394366197,1016.7397887323942,
2022-04-19,,,25.89390681003584,154.03225806451613,14.521146953405019,,0.3,,0.6,,6.4,228.41071428571428,15.417142857142858,1016.5703571428572,
2022-04-20,,,24.504710144927536,137.96014492753622,14.086231884057971,,0.5,,0.9,,9.5,226.8884892086331,15.356474820143886,1015.7737410071942,
2022-04-21,,,24.263120567375886,136.79432624113474,13.798226950354609,,0.4,,0.7,,6.1,244.69148936170214,14.76099290780142,1013.6397163120569,
2022-04-22,,,20.56950354609929,102.80141843971631,13.552127659574467,,0.9,,1.3,,12.6,204.72340425531914,14.835460992907803,1011.4460992907801,
2022-04-23,,,12.041342756183745,142.6113074204947,13.458303886925794,,0.9,,1.3,,6.2,166.97526501766785,15.730742049469965,1013.0240282685512,
2022-04-24,,,22.2339222614841,85.44876325088339,13.796819787985866,,0.6,,1.1,,10.2,211.36395759717314,15.375265017667845,1010.4042402826856,
2022-04-25,,,12.2725,103.97142857142858,14.505,,0.6,,0.8,,7.3,203.48754448398577,15.869395017793595,1011.5096085409253,
2022-04-26,,,17.72127659574468,145.70212765957447,14.65886524822695,,1.5,,2.3,,8.8,173.13829787234042,15.953191489361704,1002.7219858156028,
2022-04-27,,,16.02340425531915,211.15602836879432,14.487943262411347,,1.3,,2.1,,11.5,100.04964539007092,15.70354609929078,1013.9195035460992,
2022-04-28,,,19.619786096256686,207.1764705882353,14.623529411764705,,1.4,,1.9,,7.8,180.53439153439155,14.271957671957672,1018.4015873015873,
2022-04-29,,,23.908960573476705,201.0394265232975,15.626164874551971,,2.8,,4.8,,11.6,93.6049822064057,11.919217081850535,1014.932384341637,
2022-04-30,,,19.753333333333334,162.9719298245614,15.962807017543858,,2.1,,3.1,,8.2,215.49473684210525,12.935087719298245,1017.7354385964911,
2022-05-01,,,20.674911660777386,161.97526501766785,16.13462897526502,,1.0,,1.4,,6.6,213.46315789473684,14.611228070175438,1013.1189473684211,
2022-05-02,,,18.328014184397162,158.8404255319149,15.74468085106383,,0.6,,0.9,,8.8,210.13829787234042,14.101063829787234,1013.6028368794326,
2022-05-03,,,14.815194346289752,149.84098939929328,14.990106007067137,,0.6,,1.0,,11.1,240.18727915194347,13.285512367491167,1018.8844522968197,
2022-05-04,,,20.120640569395018,137.04626334519574,14.495729537366548,,0.8,,1.2,,12.6,213.75800711743773,15.323487544483985,1018.8092526690392,
2022-05-05,,,22.848387096774193,115.49820788530467,14.338709677419354,,0.6,,0.9,,10.9,207.65591397849462,15.849103942652329,1019.0315412186379,
2022-05-06,,,25.560424028268553,113.89399293286219,14.631802120141343,,0.6,,1.0,,7.5,219.43309859154928,16.341549295774648,1016.4380281690142,
2022-05-07,,,30.450179211469536,111.49462365591398,14.925806451612903,,1.1,,1.8,,12.1,125.91428571428571,16.84,1016.2199999999999,
2022-05-08,,,18.30141843971631,134.9078014184397,15.060283687943262,,1.2,,2.0,,8.2,44.685512367491164,15.037102473498233,1019.7522968197881,
2022-05-09,,,9.774551971326165,223.33333333333334,15.419354838709678,,1.5,,2.6,,9.6,75.3584229390681,15.067383512544804,1018.5340501792115,
2022-05-10,,,10.881720430107526,238.72759856630825,15.617204301075269,,1.5,,2.6,,9.1,101.77777777777777,15.39641577060932,1017.6301075268817,
2022-05-11,,,13.937823834196891,195.33160621761658,16.23678756476684,,1.2,,2.1,,3.9,235.45077720207254,16.6720207253886,1015.6601036269429,
2022-05-12,,,,,,,0.2,,0.3,,7.5,206.8,17.546666666666667,1009.8496240601504,
2022-05-13,,,,,,,0.0,,0.1,,1.2,300.0,18.0,1009.9,
2022-05-14,,,,,,,,,,,,,,,
2022-05-15,,,,,,,0.1,,0.2,,1.8,191.81927710843374,16.70602409638554,1012.3457831325301,
2022-05-16,,,24.646052631578947,186.81578947368422,19.114473684210527,,0.2,,0.4,,2.5,266.1387900355872,17.581494661921706,1012.0839857651245,
2022-05-17,,,31.152877697841728,237.79136690647482,20.249640287769783,,0.1,,0.2,,2.4,227.2394366197183,18.325704225352112,1014.1968309859155,
2022-05-18,,,23.799209486166006,241.22529644268775,18.182677165354328,,0.6,,1.2,,9.0,202.99283154121864,17.933333333333334,1017.1060931899641,
2022-05-19,,,15.759649122807017,167.89122807017543,15.553684210526317,,0.7,,3.1,,8.8,159.44210526315788,17.87719298245614,1016.9757894736841,
2022-05-20,,,25.944802867383515,88.60573476702508,14.736559139784946,,0.6,,0.9,,9.9,222.75357142857143,17.792857142857144,1013.3792857142857,
2022-05-21,,,28.7725,93.38928571428572,14.877857142857144,,0.5,,0.8,,7.3,223.4078014184397,17.29645390070922,1008.1755319148937,
2022-05-22,,,27.063120567375886,91.62765957446808,15.227659574468085,,0.7,,1.1,,11.1,207.57801418439718,18.449290780141844,1006.313475177305,
2022-05-23,,,20.69644128113879,127.26334519572954,15.777580071174377,,0.4,,0.7,,6.3,223.81560283687944,18.55531914893617,1012.3216312056738,
2022-05-24,,,17.884751773049647,142.60992907801418,16.139361702127662,,0.3,,0.6,,5.8,221.46453900709218,19.00141843971631,1013.1677304964538,
2022-05-25,,,12.880286738351254,117.40860215053763,16.350537634408603,,0.7,,1.2,,11.0,216.2293906810036,18.25448028673835,1008.5813620071685,
2022-05-26,,,15.991071428571429,158.49285714285713,16.42142857142857,,3.7,,22.3,,8.1,203.46428571428572,17.959285714285716,1003.7396428571428,
2022-05-27,,,13.938028169014085,151.99295774647888,16.058098591549296,,1.0,,1.7,,12.5,227.42605633802816,19.85281690140845,1000.5165492957747,
2022-05-28,,,12.188028169014085,164.2887323943662,15.773943661971831,,1.0,,1.7,,11.2,233.3298245614035,20.919298245614034,1005.1592982456141,
2022-05-29,,,20.011347517730496,137.82269503546098,15.51808510638298,,0.6,,0.9,,9.0,213.81272084805653,19.074204946996467,1005.7060070671378,
2022-05-30,,,22.04718309859155,155.8661971830986,15.86443661971831,,0.6,,1.0,,3.5,162.17957746478874,18.605281690140846,1001.7735915492958,
2022-05-31,,,23.922101449275363,139.22826086956522,16.287681159420288,,0.5,,0.9,,8.0,180.08695652173913,18.53333333333333,1007.0739130434783,
2022-06-01,,,25.06195652173913,122.2536231884058,16.380434782608695,,0.7,,1.2,,7.6,198.415770609319,19.08888888888889,1006.8849462365592,
2022-06-02,,,26.91067615658363,91.39145907473309,15.936654804270463,,0.8,,1.4,,11.9,215.76156583629893,18.069750889679717,1006.2473309608541,
2022-06-03,,,26.06761565836299,140.91459074733095,16.102491103202848,,0.9,,1.7,,10.8,112.86925795053004,18.21095406360424,1010.3618374558305,
2022-06-04,,,34.948239436619716,104.23591549295774,18.067957746478875,,1.1,,1.7,,6.9,43.859154929577464,18.909154929577465,1012.8985915492958,
2022-06-05,,,28.2540350877193,176.1859649122807,18.55894736842105,,2.5,,3.7,,10.5,85.1993006993007,18.25944055944056,1004.8650349650351,
2022-06-06,,,21.818571428571428,209.75714285714287,18.75,,2.7,,4.3,,10.9,100.13167259786476,18.54768683274021,999.5412811387899,
2022-06-07,,,8.725531914893617,228.53191489361703,19.041843971631206,,1.7,,2.5,,8.8,102.69148936170212,17.004609929078015,1008.4911347517731,
2022-06-08,,,8.829302325581395,203.39069767441862,19.273488372093023,,1.2,,1.9,,7.4,87.13824884792626,16.826728110599078,1012.4341013824885,
2022-06-09,,,15.346376811594205,185.8586956521739,19.706521739130434,,0.8,,1.3,,5.9,156.1485507246377,17.9981884057971,1014.4228260869565,
2022-06-10,,,18.444604316546762,189.5107913669065,20.305395683453238,,0.5,,0.9,,4.2,220.57706093189964,19.148745519713263,1014.5172043010753,
2022-06-11,,,23.684587813620073,190.88888888888889,20.25412186379928,,0.9,,1.4,,11.4,134.1899641577061,19.91146953405018,1012.6440860215055,
2022-06-12,,,24.6059649122807,183.72280701754386,20.042105263157893,,1.0,,1.8,,10.6,60.1719298245614,19.35017543859649,1013.8891228070177,
2022-06-13,,,10.0,123.0,20.1,,0.8,,1.0,,4.4,34.0,19.3,1013.6,
2022-06-14,,,23.802456140350877,163.76842105263157,19.93438596491228,,2.1,,3.3,,11.5,30.894736842105264,17.960701754385966,1008.4136842105264,
2022-06-15,,,24.365734265734268,121.6048951048951,20.175174825174828,,1.8,,2.4,,10.5,187.72727272727272,19.177622377622377,1007.3164335664336,
2022-06-16,,,26.199288256227756,116.22775800711744,20.179359430604983,,1.1,,1.8,,11.7,216.9572953736655,21.11423487544484,1007.3622775800711,
2022-06-17,,,31.066431095406358,179.24381625441697,19.022614840989398,,1.1,,2.0,,12.2,210.1625441696113,20.941342756183744,1008.0519434628976,
2022-06-18,,,21.773118279569893,176.79928315412187,18.43046594982079,,1.0,,1.5,,11.6,212.26334519572953,20.795017793594305,1006.5145907473309,
2022-06-19,,,24.433093525179856,115.69424460431655,17.487410071942445,,0.9,,1.4,,10.7,208.97841726618705,19.966187050359714,1007.0017985611511,
2022-06-20,,,25.08374558303887,132.85159010600708,17.017314487632508,,0.5,,0.8,,6.0,209.02464788732394,20.348943661971834,1004.9112676056337,
2022-06-21,,,24.7864768683274,175.02846975088968,17.427046263345197,,0.4,,0.6,,3.6,143.34751773049646,21.688652482269504,1004.3241134751773,
2022-06-22,,,15.88607142857143,134.4142857142857,18.140714285714285,,1.0,,1.7,,10.9,218.86832740213524,21.08896797153025,1006.787900355872,
2022-06-23,,,9.99783393501805,160.5523465703971,18.143321299638988,,1.7,,2.3,,10.3,213.07553956834533,21.21546762589928,1004.5737410071943,
2022-06-24,,,15.776140350877192,114.0,16.622456140350877,,2.2,,3.3,,12.1,213.6877192982456,20.034035087719296,999.3228070175438,
2022-06-25,,,16.706382978723404,124.62765957446808,16.01063829787234,,1.3,,1.9,,11.8,216.2421052631579,20.286666666666665,1006.1256140350877,
2022-06-26,,,23.306761565836297,128.70106761565836,15.837722419928824,,0.9,,1.5,,10.0,213.28521126760563,20.853521126760562,1010.9369718309858,
2022-06-27,,,20.439929328621908,173.20141342756185,15.628621908127208,,1.1,,1.7,,9.9,212.32394366197184,20.852464788732394,1011.4485915492959,
2022-06-28,,,30.00176056338028,98.9225352112676,15.36830985915493,,1.2,,2.0,,12.1,222.63732394366198,22.465492957746477,1008.0820422535211,
2022-06-29,,,30.61779359430605,96.43416370106762,15.049466192170817,,1.2,,2.0,,12.3,220.05338078291814,21.95729537366548,1008.1832740213523,
2022-06-30,,,28.07992957746479,108.45070422535211,15.330985915492958,,0.9,,1.4,,9.2,205.76760563380282,20.286267605633803,1012.169014084507,
2022-07-01,,,41.478928571428575,149.01071428571427,16.425357142857145,,0.4,,0.5,,6.8,208.83928571428572,20.93392857142857,1014.7835714285715,
2022-07-02,,,45.42114695340502,149.51612903225808,17.27132616487455,,0.3,,0.5,,4.2,149.7107142857143,22.77,1013.3392857142857,
2022-07-03,,,38.574909090909095,155.01454545454544,18.575636363636363,,0.4,,0.7,,5.4,208.6195652173913,24.281521739130433,1009.5452898550725,
2022-07-04,,,34.551971326164875,176.32258064516128,19.247670250896057,,0.7,,1.1,,4.6,186.70967741935485,24.459498207885304,1006.4505376344086,
2022-07-05,,,27.687676056338027,162.72535211267606,20.059154929577467,,0.7,,1.1,,4.7,122.28873239436619,24.094718309859154,1005.6887323943661,
2022-07-06,,,18.212455516014234,190.89679715302492,21.015302491103203,,0.4,,0.6,,2.6,137.97153024911032,24.54270462633452,1009.3078291814946,
2022-07-07,,,15.324734982332155,151.68551236749116,21.25053003533569,,0.5,,0.8,,7.9,210.07773851590105,24.707773851590108,1008.7335689045935,
2022-07-08,,,8.760357142857144,149.58928571428572,20.97642857142857,,1.3,,9.2,,10.0,213.85053380782918,23.604626334519573,1003.1715302491103,
2022-07-09,,,13.484476534296029,207.08303249097472,20.49927797833935,,0.5,,0.7,,5.2,165.42446043165467,25.064388489208632,1001.5528776978417,
2022-07-10,,,28.025622775800713,142.48042704626334,21.54982206405694,,0.5,,0.9,,6.2,91.45551601423487,24.240569395017793,1006.185053380783,
2022-07-11,,,33.03071428571429,183.07142857142858,23.25785714285714,,0.5,,0.7,,7.5,238.90070921985816,24.8177304964539,1006.3943262411348,
2022-07-12,,,33.27077464788732,192.17957746478874,23.87042253521127,,1.1,,1.5,,8.8,56.00704225352113,24.076760563380283,1009.2031690140846,
2022-07-13,,,39.41236749116608,190.26148409893992,24.074911660777385,,0.7,,1.2,,5.0,196.5211267605634,23.874647887323942,1006.7721830985915,
2022-07-14,,,72.8,46.0,23.9,,0.4,,0.6,,1.7,189.0,24.8,1002.5,
2022-07-15,,,34.36464285714286,195.73214285714286,22.409285714285716,,0.8,,1.3,,7.3,212.175,23.424642857142857,999.2189285714285,
2022-07-16,,,29.848561151079135,189.26258992805757,20.701079136690645,,0.7,,1.2,,5.8,134.475,23.778214285714284,998.2989285714286,
2022-07-17,,,22.763214285714284,185.25357142857143,20.468571428571426,,0.6,,0.9,,7.2,222.47142857142856,22.978928571428572,1000.3057142857142,
2022-07-18,,,23.837906137184117,160.985559566787,19.15162454873646,,1.2,,2.0,,6.0,170.66546762589928,21.541726618705038,1000.9992805755395,
2022-07-19,,,18.47517730496454,170.56028368794327,19.147872340425533,,1.6,,2.5,,5.7,171.87943262411346,22.25177304964539,1001.6716312056739,
2022-07-20,,,12.545323741007193,188.82014388489208,19.511151079136692,,0.8,,1.4,,7.8,225.3525179856115,22.944964028776976,1005.8640287769784,
2022-07-21,,,9.738129496402877,156.26258992805757,19.128057553956836,,1.4,,2.2,,10.8,198.47670250896059,22.55985663082437,1001.3906810035842,
2022-07-22,,,25.783098591549294,180.80633802816902,19.649295774647886,,1.3,,1.8,,4.8,173.4788732394366,23.007394366197186,1005.3218309859155,
2022-07-23,,,31.532857142857146,144.06785714285715,21.89392857142857,,0.8,,1.4,,2.8,188.95357142857142,22.935000000000002,1007.1303571428572,
2022-07-24,,,24.620701754385962,85.8,22.836140350877194,,1.4,,2.0,,9.7,204.8736842105263,23.711228070175437,1003.0978947368421,
2022-07-25,,,23.551063829787232,158.4964539007092,21.80141843971631,,0.9,,1.6,,6.4,112.29078014184397,23.57127659574468,1008.5911347517731,
2022-07-26,,,20.654416961130742,174.29328621908127,22.66678445229682,,0.3,,0.5,,5.5,91.26501766784452,23.94028268551237,1010.803886925795,
2022-07-27,,,15.42867383512545,171.02867383512546,23.127598566308244,,0.6,,1.0,,7.6,49.91756272401434,24.64551971326165,1011.0265232974912,
2022-07-28,,,16.53936170212766,156.36879432624113,23.656382978723407,,0.8,,1.3,,6.7,44.797872340425535,24.886524822695037,1012.0950354609929,
2022-07-29,,,26.056896551724137,137.31896551724137,24.200858369098714,,0.6,,1.1,,8.8,93.03879310344827,25.4618025751073,1013.0672413793104,
2022-07-30,,,23.103214285714284,163.7892857142857,25.058571428571426,,1.0,,1.6,,9.9,41.04642857142857,26.814999999999998,1010.2460714285716,
2022-07-31,,,28.28843930635838,64.39884393063583,25.283815028901735,,1.5,,2.3,,7.9,128.35838150289018,26.424277456647395,1008.6231213872832,
2022-08-01,,,23.24793388429752,108.47107438016529,25.18312757201646,,2.0,,3.1,,11.2,216.93388429752065,27.143801652892563,1008.7636363636364,
2022-08-02,,,28.318861209964414,63.245551601423486,23.49644128113879,,2.1,,2.8,,10.8,215.50533807829183,26.03629893238434,1010.912099644128,
2022-08-03,,,18.71387900355872,118.17081850533808,21.174021352313165,,0.9,,1.6,,10.3,214.0,24.663345195729537,1010.7768683274021,
2022-08-04,,,16.53607142857143,146.09642857142856,19.066428571428574,,0.6,,1.0,,8.2,216.51785714285714,24.212857142857143,1009.0078571428572,
2022-08-05,,,17.364768683274022,166.82562277580072,17.323487544483985,,0.6,,1.0,,8.1,213.71985815602838,23.851773049645388,1006.3067375886525,
2022-08-06,,,19.365357142857142,154.89642857142857,16.265714285714285,,0.7,,1.1,,8.1,204.91071428571428,22.382142857142856,1005.5853571428572,
2022-08-07,,,20.01696750902527,133.11552346570397,15.989891696750902,,0.8,,1.3,,9.7,209.96750902527077,22.439350180505414,1007.2281588447654,
2022-08-08,,,19.76142857142857,146.32142857142858,15.267857142857142,,1.1,,1.6,,9.8,219.31071428571428,22.52357142857143,1008.36,
2022-08-09,,,17.819928825622775,157.01779359430606,13.870106761565836,,0.8,,1.3,,8.2,210.5709219858156,20.73439716312057,1008.4049645390071,
2022-08-10,,,21.420567375886527,146.06028368794327,14.217021276595744,,0.7,,1.2,,7.4,208.0531914893617,20.29468085106383,1007.4556737588653,
2022-08-11,,,30.649450549450545,148.63003663003664,13.864102564102565,,0.6,,1.0,,6.5,207.13138686131387,19.822627737226277,1006.0656934306569,
2022-08-12,,,31.124642857142856,154.80714285714285,14.19142857142857,,0.6,,1.1,,8.7,180.5,20.372500000000002,1005.3467857142856,
2022-08-13,,,29.89357142857143,147.3892857142857,14.629999999999999,,0.6,,1.0,,9.0,192.22340425531914,20.854609929078013,1006.2875886524822,
2022-08-14,,,39.7,10.0,16.7,,0.3,,0.4,,1.3,202.0,21.4,1006.9,
2022-08-15,,,26.4268115942029,141.42391304347825,15.675,,0.9,,1.6,,9.2,210.27173913043478,21.594202898550726,1004.3695652173913,
2022-08-16,,,24.170397111913356,162.04693140794222,14.571841155234658,,1.3,,1.8,,10.8,210.82857142857142,21.569285714285712,1004.435,
2022-08-17,,,23.086813186813185,113.71428571428571,14.382783882783883,,1.4,,1.9,,0.5,145.54014598540147,20.385766423357662,1007.0051094890512,
2022-08-18,,,16.059363957597174,189.26855123674912,15.675265017667845,,0.9,,1.4,,0.6,157.63250883392226,22.159010600706715,1007.9809187279151,
2022-08-19,,,13.546209386281589,149.3826714801444,16.807581227436824,,0.7,,1.2,,9.5,222.7841726618705,21.944604316546762,1004.513309352518,
2022-08-20,,,12.988967971530249,156.46619217081852,15.257295373665482,,1.0,,1.4,,5.6,195.355871886121,21.795373665480426,1002.635587188612,
2022-08-21,,,24.12815884476534,185.26714801444044,18.222382671480144,,1.0,,1.4,,4.8,198.5740072202166,23.685920577617328,1005.5638989169676,
2022-08-22,,,17.510752688172044,197.63799283154123,22.148028673835125,,1.0,,1.4,,0.3,129.78214285714284,24.018571428571427,1004.9946428571428,
2022-08-23,,,17.46559139784946,215.63440860215053,23.22652329749104,,0.5,,0.8,,1.2,173.13214285714287,25.175357142857145,1005.5574999999999,
2022-08-24,,,28.78447653429603,216.8158844765343,22.98014440433213,,1.7,,2.5,,9.8,237.57761732851986,22.444404332129967,1008.3527075812275,
2022-08-25,,,20.99247311827957,173.63440860215053,24.836559139784946,,1.3,,1.9,,0.6,167.98928571428573,24.409642857142856,1006.9714285714285,
2022-08-26,,,16.962589928057554,156.28776978417267,25.317625899280575,,0.5,,0.9,,3.0,209.3785046728972,24.955357142857142,1006.3800000000001,
2022-08-27,,,23.454642857142858,167.85,25.52,,0.5,,0.8,,7.5,235.49466192170817,24.302135231316726,1008.4857651245552,
2022-08-28,,,18.95,181.94642857142858,24.466785714285713,,0.9,,1.4,,9.6,164.3167259786477,22.904982206405695,1014.5444839857652,
2022-08-29,,,17.67340425531915,163.77224199288256,25.308480565371024,,1.2,,2.1,,7.9,145.85865724381625,24.13886925795053,1014.9590106007068,
2022-08-30,,,15.032857142857143,161.36428571428573,25.754285714285714,,0.7,,1.0,,6.6,227.09285714285716,23.52357142857143,1011.2964285714286,
2022-08-31,,,16.79890510948905,137.53284671532847,26.433576642335765,,0.9,,1.5,,6.4,138.72,22.911272727272728,1007.5007272727273,
2022-09-01,,,13.946071428571429,192.87857142857143,26.491071428571427,,1.1,,1.8,,8.1,210.13571428571427,22.97607142857143,1012.6125,
2022-09-02,,,13.874285714285715,186.42857142857142,26.203214285714285,,1.9,,2.8,,12.3,119.72857142857143,22.547142857142855,1015.4796428571428,
2022-09-03,,,17.385714285714286,196.79928315412187,26.108540925266905,,2.2,,3.3,,10.9,49.59074733096085,23.86085409252669,1014.4213523131673,
2022-09-04,,,18.283274021352316,190.48754448398577,26.370462633451957,,1.6,,2.3,,8.1,110.06405693950178,25.89679715302491,1010.9843416370106,
2022-09-05,,,16.76161971830986,211.26760563380282,26.531338028169014,,3.6,,4.8,,12.0,151.45774647887325,26.97887323943662,1005.3422535211268,
2022-09-06,,,25.844839857651245,226.44839857651246,25.585765124555163,,8.0,,10.4,,25.3,231.93617021276594,25.231205673758865,997.9375,
2022-09-07,,,29.003521126760564,148.03521126760563,25.403521126760566,,1.2,,1.7,,7.8,241.75,22.501408450704226,1015.7080985915492,
2022-09-08,,,25.537373737373734,139.9747474747475,25.289949748743716,,1.0,,1.5,,10.3,182.34,22.7245,1017.4155000000001,
2022-09-09,,,25.613661202185792,139.8087431693989,25.039130434782606,,1.3,,1.9,,11.0,37.016304347826086,23.957065217391307,1017.3309782608695,
2022-09-10,,,21.802611940298508,180.47761194029852,24.93059701492537,,2.1,,2.5,,12.0,85.44402985074628,23.305223880597016,1017.1156716417911,
2022-09-11,,,18.313261648745517,146.68458781362008,24.656989247311827,,1.0,,1.8,,9.1,93.94265232974911,23.59032258064516,1015.0315412186379,
2022-09-12,,,23.124822695035462,169.0,24.43758865248227,,0.8,,2.3,,6.9,116.76241134751773,23.6968085106383,1014.0890070921985,
2022-09-13,,,20.422419928825622,178.1423487544484,24.251601423487543,,1.4,,2.0,,12.0,35.288256227758005,24.202135231316728,1015.0985765124556,
2022-09-14,,,17.2,134.0,24.1,,,,,,9.7,21.0,23.9,1016.6,
2022-09-15,,,14.284341637010677,184.28113879003558,23.958362989323845,,1.8,,3.1,,11.5,31.326241134751772,23.68439716312057,1013.3514184397162,
2022-09-16,,,10.498233215547703,183.01413427561837,24.333568904593637,,1.3,,1.9,,6.4,108.84098939929329,23.6113074204947,1010.1197879858659,
2022-09-17,,,9.320848056537104,171.3321554770318,23.99893992932862,,0.7,,1.1,,7.3,122.53356890459364,24.91625441696113,1008.0296819787986,
2022-09-18,,,34.48732394366197,209.4612676056338,24.31830985915493,,2.4,,3.9,,16.4,48.63380281690141,26.135211267605634,1000.4904929577465,
2022-09-19,,,21.54404332129964,191.9025270758123,24.269314079422383,,5.6,,6.8,,19.2,122.25270758122744,23.464259927797837,995.8787735849056,
2022-09-20,,,28.121276595744682,206.98581560283688,23.915248226950357,,3.7,,5.1,,12.9,152.84751773049646,19.99113475177305,1012.399645390071,
2022-09-21,,,13.00391459074733,168.2491103202847,23.723131672597866,,3.0,,3.9,,10.2,162.52669039145908,19.21708185053381,1017.4341637010676,
2022-09-22,,,12.311071428571429,220.46785714285716,23.385,,1.7,,2.8,,8.0,168.15357142857144,21.013571428571428,1015.115,
2022-09-23,,,12.489492753623187,151.07246376811594,23.87427536231884,,0.7,,1.0,,8.2,278.7003610108303,22.619855595667868,1011.4212996389892,
2022-09-24,,,11.27773851590106,166.6077738515901,23.76077738515901,,0.4,,0.7,,6.7,218.8268551236749,19.631448763250884,1015.2236749116607,
2022-09-25,,,20.21111111111111,158.6415770609319,23.56200716845878,,0.8,,1.3,,5.8,228.49820788530465,20.780645161290323,1016.1204301075268,
2022-09-26,,,13.237543859649122,136.0842105263158,23.415087719298246,,0.6,,1.0,,5.2,282.1578947368421,20.892280701754387,1016.2891228070176,
2022-09-27,,,14.90565371024735,191.89752650176678,23.66077738515901,,0.7,,1.2,,9.0,227.68197879858658,21.896113074204948,1015.3929328621908,
2022-09-28,,,15.425978647686833,161.34519572953738,23.483985765124554,,1.1,,1.6,,6.9,214.81138790035587,21.76334519572954,1013.5818505338078,
2022-09-29,,,18.208185053380785,182.15658362989325,23.838078291814945,,0.8,,1.2,,4.1,253.15658362989325,21.95943060498221,1014.0459074733097,
2022-09-30,,,19.23794326241135,141.63120567375887,23.635335689045938,,0.4,,0.6,,4.0,263.58657243816253,21.67950530035336,1015.7795053003533,
2022-10-01,,,28.071272727272728,145.33695652173913,23.362142857142857,,0.3,,0.5,,6.0,272.125,21.858571428571427,1017.0260714285714,
2022-10-02,,,33.12791519434629,187.15194346289752,23.253356890459365,,0.3,,0.5,,4.8,212.69257950530036,22.719787985865725,1018.2727915194347,
2022-10-03,,,34.26077738515901,150.37455830388691,22.583392226148412,,1.7,,2.5,,10.4,200.1660777385159,24.290459363957595,1015.4727915194346,
2022-10-04,,,19.6925,186.69642857142858,21.395357142857144,,1.8,,2.8,,11.9,216.40714285714284,21.75857142857143,1012.1892857142857,
2022-10-05,,,25.491843971631205,207.93617021276594,22.501063829787235,,1.9,,2.9,,8.2,299.12056737588654,17.76382978723404,1019.0624113475177,
2022-10-06,,,27.123843416370107,178.22419928825622,22.92740213523132,,1.6,,2.5,,7.2,265.75618374558303,18.71731448763251,1018.3220640569396,
2022-10-07,,,25.97364864864865,224.76351351351352,22.892666666666667,,1.3,,1.9,,8.6,274.52,18.685333333333336,1015.884,
2022-10-08,,,22.18136200716846,169.52329749103941,22.407885304659498,,2.3,,3.7,,10.3,148.08960573476702,17.685663082437276,1023.8648745519713,
2022-10-09,,,19.489788732394366,145.59010600706713,22.563286713286715,,1.5,,2.2,,6.9,268.1013986013986,18.19125874125874,1017.6590909090909,
2022-10-10,,,17.80802919708029,135.05839416058393,22.285512367491165,,1.0,,1.5,,12.4,263.12720848056534,16.303180212014134,1012.7031802120141,
2022-10-11,,,18.67844522968198,147.40282685512366,21.33957597173145,,0.8,,1.2,,10.8,220.96466431095408,15.124381625441696,1019.1416961130741,
2022-10-12,,,15.491901408450703,179.57394366197184,21.028521126760566,,1.4,,2.2,,9.6,151.92605633802816,17.417957746478873,1025.3366197183097,
2022-10-13,,,17.625795053003536,193.5123674911661,20.948056537102474,,1.9,,2.7,,10.0,44.28621908127209,19.771731448763248,1024.0155477031803,
2022-10-14,,,19.58273381294964,163.33453237410072,21.542142857142856,,2.0,,2.5,,8.8,217.95744680851064,19.002836879432625,1019.7722419928825,
2022-10-15,,,25.0,45.0,21.6,,0.9,,1.2,,4.9,333.0,18.6,1018.5,
2022-10-16,,,14.749600000000001,194.02822580645162,22.374285714285715,,0.8,,1.7,,6.5,233.5444839857651,20.30427046263345,1017.4246428571429,
2022-10-17,,,23.6760162601626,219.04526748971193,21.64166666666667,,0.4,,0.7,,10.7,240.68345323741008,18.614748201438847,1014.9007194244605,
2022-10-18,,,11.657347670250896,157.1290322580645,21.348214285714285,,1.1,,2.1,,9.4,256.4946619217082,14.140569395017794,1019.7523131672599,
2022-10-19,,,23.5443661971831,203.19014084507043,20.68661971830986,,0.7,,1.0,,7.3,261.03169014084506,13.456690140845069,1023.9464788732394,
2022-10-20,,,22.473741007194246,162.62230215827338,21.18453237410072,,0.6,,0.9,,6.0,244.1505376344086,15.381003584229392,1026.829856115108,
2022-10-21,,,10.11834061135371,132.19383259911893,21.652112676056337,,0.4,,0.7,,8.6,247.98591549295776,18.325704225352112,1024.0457746478874,
2022-10-22,,,17.56359649122807,160.24890829694323,21.695289855072463,,0.4,,0.7,,7.4,223.04676258992805,19.693525179856117,1019.2425992779783,
2022-10-23,,,17.161194029850744,174.77037037037036,21.447670250896056,,0.9,,1.4,,11.2,274.575,17.21785714285714,1016.6528571428571,
2022-10-24,,,16.606617647058822,162.36764705882354,20.95642857142857,,1.1,,1.5,,9.2,303.1,14.422500000000001,1018.5942857142858,
2022-10-25,,,20.3,144.23529411764707,21.05812274368231,,1.4,,2.5,,10.4,292.98916967509024,13.663176895306858,1026.0234657039712,
2022-10-26,,,26.427338129496402,157.20938628158845,21.0636690647482,,1.5,,2.2,,7.7,264.1546762589928,15.877338129496401,1027.0107913669065,
2022-10-27,,,23.56258992805755,142.59712230215828,20.7275,,0.8,,1.2,,4.7,243.04285714285714,17.3075,1024.1153571428572,
2022-10-28,,,24.670609318996416,169.33333333333334,20.76063829787234,,1.4,,2.3,,11.7,179.46453900709218,16.851773049645388,1025.1932624113474,
2022-10-29,,,18.65326086956522,169.32116788321167,20.878776978417267,,1.6,,2.3,,8.4,192.63309352517985,16.263309352517986,1026.501438848921,
2022-10-30,,,17.96413043478261,174.3768115942029,20.95144927536232,,1.4,,2.1,,10.0,215.36231884057972,15.817753623188405,1025.5702898550726,
2022-10-31,,,14.78494623655914,186.25089605734766,20.85304659498208,,1.3,,2.1,,8.3,219.81720430107526,16.424014336917562,1024.032616487455,
2022-11-01,,,14.333818181818183,181.0036496350365,20.84551971326165,,0.8,,1.3,,7.1,258.0857142857143,17.018214285714286,1020.3616487455198,
2022-11-02,,,16.068796992481204,179.7433962264151,20.676156583629894,,0.5,,0.8,,5.9,246.7473309608541,16.553736654804272,1019.4797153024911,
2022-11-03,,,19.923846153846153,189.31153846153848,20.665836298932387,,0.4,,0.5,,5.3,226.932384341637,16.165836298932387,1016.9348754448399,
2022-11-04,,,21.31863799283154,122.04659498207886,20.02831541218638,,0.7,,0.9,,6.8,294.23214285714283,13.3,1018.9530465949822,
2022-11-05,,,26.8910394265233,131.59498207885304,20.11899641577061,,0.7,,1.1,,8.5,296.9964157706093,11.275985663082437,1022.6763440860216,
2022-11-06,,,19.846099290780142,180.5744680851064,20.059219858156027,,0.6,,1.0,,5.7,262.6099290780142,12.097163120567377,1023.9787234042553,
2022-11-07,,,20.582857142857144,172.8892857142857,19.69107142857143,,0.3,,0.6,,5.4,258.72857142857146,14.088571428571429,1022.5332142857143,
2022-11-08,,,22.57894736842105,165.0701754385965,18.993684210526315,,0.5,,0.7,,5.3,245.7157894736842,15.174736842105263,1024.0638596491228,
2022-11-09,,,29.108602150537635,130.69175627240142,18.983629893238433,,0.6,,0.9,,9.4,240.864768683274,15.583629893238435,1024.3512455516016,
2022-11-10,,,31.300378787878785,169.7528517110266,19.202909090909092,,0.3,,0.5,,4.6,223.4618181818182,16.305818181818182,1024.054909090909,
2022-11-11,,,30.483802816901406,151.57042253521126,19.401754385964914,,0.6,,1.2,,5.8,220.1578947368421,17.335087719298247,1026.099298245614,
2022-11-12,,,32.95957446808511,165.31914893617022,19.329787234042552,,0.7,,1.2,,11.0,233.81625441696113,18.306713780918727,1019.5293286219081,
2022-11-13,,,15.763799283154123,187.30935251798562,19.130035335689048,,1.8,,2.8,,13.7,196.83450704225353,18.529929577464788,1012.3024647887324,
2022-11-14,,,12.54626334519573,179.80427046263344,18.454448398576513,,2.0,,3.5,,9.8,242.38078291814946,13.778647686832741,1017.420640569395,
2022-11-15,,,1.3,306.0,18.6,,0.9,,1.1,,2.7,280.0,11.7,1015.3,
2022-11-16,,,10.762544169611308,167.0,18.757950530035334,,0.5,,0.7,,6.5,271.41696113074204,13.529681978798587,1019.5480565371024,
2022-11-17,,,11.064835164835165,206.05128205128204,18.646209386281587,,0.4,,0.7,,5.0,251.43525179856115,13.06115107913669,1023.156834532374,
2022-11-18,,,20.504626334519575,196.49110320284697,18.965836298932384,,0.5,,1.0,,6.8,237.1241134751773,14.433333333333334,1025.4109929078015,
2022-11-19,,,19.128113879003557,203.864768683274,18.885053380782917,,1.9,,2.8,,9.4,168.7163120567376,16.48617021276596,1022.614590747331,
2022-11-20,,,16.225357142857145,199.15714285714284,19.180714285714288,,1.6,,2.4,,6.6,212.34642857142856,16.158571428571427,1019.6557142857142,
2022-11-21,,,22.064727272727275,181.22545454545454,18.964363636363636,,0.5,,0.8,,5.2,248.2753623188406,15.58804347826087,1020.3636363636364,
2022-11-22,,,19.494285714285713,172.62142857142857,18.89785714285714,,1.3,,2.2,,7.6,310.84697508896795,15.858007117437724,1019.4185053380783,
2022-11-23,,,22.164157706093192,177.50537634408602,18.7168458781362,,1.7,,2.3,,8.7,312.3010752688172,15.8247311827957,1014.5010752688172,
2022-11-24,,,27.475451263537906,186.95306859205778,18.574729241877257,,1.1,,1.6,,6.6,249.54151624548737,13.686642599277977,1019.5631768953068,
2022-11-25,,,29.29136690647482,169.26978417266187,18.042086330935252,,0.8,,1.2,,9.1,245.17562724014337,15.051254480286739,1018.9669064748201,
2022-11-26,,,33.52851985559567,131.4548736462094,17.686642599277977,,0.4,,0.6,,7.2,227.48561151079136,15.833812949640288,1015.4769784172661,
2022-11-27,,,35.82142857142857,156.06428571428572,17.231785714285714,,0.8,,1.4,,6.0,229.37722419928826,12.350533807829182,1020.3792857142857,
2022-11-28,,,29.28494623655914,169.64874551971326,17.359139784946237,,1.6,,2.3,,9.2,239.05376344086022,17.203942652329747,1017.5544802867383,
2022-11-29,,,24.125714285714285,187.74285714285713,17.590714285714284,,2.5,,3.8,,12.1,260.135231316726,16.827402135231317,1010.6410714285714,
2022-11-30,,,22.206737588652484,170.98581560283688,16.879787234042553,,0.6,,1.1,,8.9,300.62056737588654,5.387588652482269,1024.8851063829786,
2022-12-01,,,14.030797101449275,179.2391304347826,16.628985507246377,,0.6,,0.9,,6.4,267.5289855072464,2.8485507246376813,1028.3865942028986,
2022-12-02,,,16.9339222614841,209.16666666666666,17.879858657243815,,0.7,,1.0,,5.1,248.08450704225353,3.5950704225352115,1029.4742049469965,
2022-12-03,,,17.95729537366548,192.51245551601423,17.910283687943263,,0.5,,0.7,,6.8,241.78014184397162,8.820567375886526,1025.0744680851064,
2022-12-04,,,23.68607142857143,169.69642857142858,17.08892857142857,,0.5,,0.9,,8.3,307.48571428571427,8.0675,1026.1367857142857,
2022-12-05,,,16.88485915492958,152.31690140845072,16.77112676056338,,0.9,,1.3,,9.8,322.2842105263158,5.203859649122807,1025.0828070175437,
2022-12-06,,,19.518374558303886,159.25441696113074,16.798939929328622,,0.7,,1.1,,10.1,261.74911660777383,5.960424028268551,1023.2240282685514,
2022-12-07,,,21.6125,172.24642857142857,16.42892857142857,,0.7,,1.0,,8.2,250.49285714285713,8.555714285714286,1023.3392857142857,
2022-12-08,,,32.41142857142857,112.17857142857143,16.47392857142857,,0.7,,1.0,,8.0,255.37010676156584,9.196797153024912,1024.9310714285714,
2022-12-09,,,28.011971830985914,151.48239436619718,17.192605633802817,,0.6,,0.8,,4.6,269.6901408450704,10.23556338028169,1022.0637323943661,
2022-12-10,,,23.517818181818182,171.34181818181818,17.20072727272727,,0.4,,0.7,,7.2,240.55434782608697,10.295289855072463,1018.3105454545455,
2022-12-11,,,20.434982332155478,139.35689045936397,16.987632508833922,,1.7,,2.7,,9.6,281.2650176678445,8.870671378091872,1019.8148409893992,
2022-12-12,,,20.185559566787003,170.81949458483754,17.023104693140795,,2.1,,3.0,,8.8,249.4620938628159,9.71552346570397,1019.2512635379061,
2022-12-13,,,20.435018050541515,144.73285198555956,16.81985559566787,,1.0,,1.7,,11.6,259.5503597122302,8.147841726618704,1016.8985611510791,
2022-12-14,,,18.175,133.18928571428572,16.01464285714286,,0.9,,1.7,,10.9,278.87188612099646,1.7758007117437722,1024.2032142857145,
2022-12-15,,,16.836785714285714,127.49642857142857,15.8425,,0.7,,1.0,,8.2,237.85,3.790714285714286,1025.1657142857143,
2022-12-16,,,1.3,99.0,15.5,,0.4,,0.6,,3.6,234.0,6.0,1023.9,
2022-12-17,,,7.53884892086331,142.29496402877697,15.443884892086329,,0.9,,1.6,,10.4,266.4568345323741,2.533453237410072,1022.8712230215828,
2022-12-18,,,11.99136690647482,180.6043165467626,15.539208633093525,,0.8,,1.5,,10.3,279.1438848920863,1.669064748201439,1021.4453237410072,
2022-12-19,,,12.265232974910393,138.168458781362,15.13942652329749,,0.7,,1.0,,8.3,251.96428571428572,2.613928571428571,1025.7275,
2022-12-20,,,15.575088967971531,178.48398576512454,15.238434163701067,,0.6,,0.9,,5.4,237.28469750889678,3.6893238434163704,1025.9092526690392,
2022-12-21,,,19.75464285714286,171.99642857142857,15.517142857142858,,1.0,,1.6,,8.4,286.9003558718861,7.097508896797153,1012.5435714285715,
2022-12-22,,,22.920216606498194,149.8519855595668,15.146931407942237,,0.6,,1.0,,12.5,275.57761732851986,2.96101083032491,1006.8259927797834,
2022-12-23,,,22.63892857142857,138.65,14.305,,1.1,,1.7,,17.5,265.52142857142854,1.7657142857142856,1007.7664285714285,
2022-12-24,,,32.2831541218638,114.45878136200717,14.73584229390681,,3.2,,4.3,,8.9,285.22939068100357,3.556989247311828,1015.5322580645161,
2022-12-25,,,31.316,116.26181818181819,15.353090909090911,,2.1,,3.7,,7.8,287.3007246376812,4.14963768115942,1019.0574545454544,
2022-12-26,,,24.366666666666667,154.54964539007094,16.17872340425532,,1.7,,2.4,,7.6,281.10283687943263,4.306382978723405,1022.7652482269503,
2022-12-27,,,21.04136690647482,149.79496402877697,16.4794964028777,,1.2,,1.8,,6.6,277.95340501792117,5.9487455197132615,1025.7903225806451,
2022-12-28,,,21.4339222614841,145.04240282685512,16.422968197879857,,0.9,,1.4,,7.3,291.3886925795053,4.759010600706714,1027.2265017667844,
2022-12-29,,,19.33201438848921,146.64028776978418,16.33992805755396,,0.6,,0.9,,6.2,271.33807829181495,3.1451957295373663,1030.6875,
2022-12-30,,,14.191397849462366,174.6594982078853,16.268817204301076,,0.5,,0.8,,7.0,278.94642857142856,3.9800000000000004,1030.5889285714286,
2022-12-31,,,12.224113475177305,175.93617021276594,15.913475177304965,,0.5,,0.7,,6.8,252.7836879432624,4.373404255319149,1028.8031914893618,
2023-01-01,,,12.032280701754384,192.8035087719298,15.478947368421053,,0.5,,0.7,,7.2,232.7824561403509,5.7575438596491235,1028.1126315789472,
2023-01-02,,,15.02781690140845,170.45774647887325,15.638028169014083,,0.5,,0.8,,9.0,293.7112676056338,5.124295774647887,1027.751056338028,
2023-01-03,,,15.45880281690141,158.80985915492957,15.411267605633803,,0.5,,0.9,,10.3,258.9964788732394,3.7799295774647885,1026.6679577464788,
2023-01-04,,,17.88853046594982,160.921146953405,15.068100358422939,,0.5,,0.8,,10.5,261.1111111111111,4.564874551971326,1028.2534050179213,
2023-01-05,,,18.85253623188406,165.36231884057972,15.041666666666666,,0.5,,0.7,,8.2,281.04347826086956,6.429347826086956,1029.2384057971014,
2023-01-06,,,19.511827956989247,178.26164874551972,14.830465949820788,,0.5,,0.8,,6.2,269.0,6.429285714285714,1022.74229390681,
2023-01-07,,,21.45268817204301,168.5483870967742,14.714336917562724,,0.7,,1.2,,9.7,269.6928571428571,7.674285714285715,1016.9709677419356,
2023-01-08,,,20.7675,160.93214285714285,14.430357142857142,,0.7,,1.1,,8.7,257.36785714285713,7.218214285714286,1023.7332142857142,
2023-01-09,,,22.738078291814944,172.61565836298934,14.39644128113879,,0.4,,0.6,,9.7,266.98220640569394,10.782562277580071,1022.1658362989323,
2023-01-10,,,25.1325,126.47857142857143,13.8375,,1.3,,1.8,,8.0,241.8220640569395,8.301067615658363,1027.527046263345,
2023-01-11,,,21.00886524822695,153.70921985815602,14.013475177304965,,1.0,,1.5,,7.3,234.68085106382978,10.356382978723405,1024.9446808510638,
2023-01-12,,,24.797849462365594,185.01075268817203,14.525089605734767,,0.5,,0.6,,6.6,230.70714285714286,11.652857142857144,1023.0523297491038,
2023-01-13,,,13.631448763250884,217.08833922261485,14.879858657243815,,3.2,,4.1,,9.6,198.14840989399292,14.849823321554771,1012.775265017668,
2023-01-14,,,17.6678445229682,239.4310954063604,14.840989399293287,,1.4,,2.2,,9.1,224.58657243816253,10.901766784452295,1012.5388692579505,
2023-01-15,,,12.14432624113475,220.85106382978722,14.703191489361704,,1.5,,2.6,,8.2,332.1843971631206,7.37482269503546,1014.7379432624112,
2023-01-16,,,25.4,247.0,14.2,,0.8,,1.0,,6.6,342.0,3.7,1015.1,
2023-01-17,,,11.309782608695652,170.30072463768116,14.418478260869565,,1.1,,1.8,,6.7,265.4528985507246,3.366304347826087,1023.3471014492753,
2023-01-18,,,12.732746478873239,162.34859154929578,14.196478873239437,,0.5,,0.8,,8.1,268.40492957746477,3.7929577464788733,1024.63661971831,
2023-01-19,,,16.067259786476868,147.49466192170817,13.850533807829182,,1.1,,1.6,,6.6,261.7304964539007,4.087943262411347,1023.6889679715301,
2023-01-20,,,20.465836298932384,163.72953736654804,13.751957295373666,,0.8,,1.3,,9.9,262.8291814946619,4.98220640569395,1023.7736654804271,
2023-01-21,,,33.13936170212766,110.24113475177305,14.336170212765959,,1.0,,1.6,,8.6,284.031914893617,2.9134751773049645,1028.3478723404255,
2023-01-22,,,25.50711743772242,142.36654804270464,14.882562277580071,,1.4,,2.1,,6.1,311.5978647686833,5.152669039145908,1025.6135231316728,
2023-01-23,,,26.764130434782608,164.45652173913044,14.932971014492754,,0.8,,1.2,,10.3,256.47292418772565,7.344404332129964,1020.1115523465705,
2023-01-24,,,26.21003584229391,168.41935483870967,14.660931899641577,,1.0,,1.6,,16.5,288.7491039426523,4.570609318996416,1020.8501792114696,
2023-01-25,,,24.498576512455518,158.88256227758006,14.229537366548042,,1.1,,1.6,,7.3,267.1814946619217,4.3028469750889675,1027.4391459074734,
2023-01-26,,,20.759856630824373,167.5448028673835,14.084229390681003,,0.7,,1.1,,8.0,280.4910394265233,3.730824372759857,1023.4767025089606,
2023-01-27,,,16.703956834532374,149.4640287769784,13.83021582733813,,0.5,,0.9,,12.2,308.568345323741,1.7615107913669064,1017.9219424460431,
2023-01-28,,,13.45017793594306,138.644128113879,13.44982206405694,,1.0,,1.5,,15.4,283.43060498220643,2.0943060498220643,1020.3007117437722,
2023-01-29,,,10.196466431095406,156.21554770318022,13.553356890459364,,0.6,,0.8,,8.2,264.6148409893993,3.091872791519435,1019.5095406360424,
2023-01-30,,,10.391166077738514,140.73144876325088,13.652296819787985,,0.8,,1.2,,9.5,269.1943462897527,4.603886925795053,1021.116961130742,
2023-01-31,,,19.02302158273381,121.35971223021583,13.047482014388489,,0.7,,1.3,,9.0,258.04676258992805,5.664388489208633,1019.7852517985611,
2023-02-01,,,12.868705035971223,182.1978417266187,13.317985611510792,,0.7,,1.1,,11.4,267.92446043165467,10.232014388489208,1015.4859712230215,
2023-02-02,,,15.654121863799283,158.18279569892474,12.62043010752688,,1.2,,1.7,,9.4,246.6107142857143,4.916428571428571,1023.7390681003585,
2023-02-03,,,22.164157706093192,132.72401433691758,13.621146953405018,,1.0,,1.4,,6.2,260.1505376344086,6.1587813620071685,1020.8143369175627,
2023-02-04,,,17.077112676056338,172.57746478873239,13.684507042253522,,0.7,,1.1,,5.7,258.3380281690141,4.853169014084507,1022.5538732394366,
2023-02-05,,,16.468197879858657,160.7703180212014,13.680918727915193,,0.7,,1.0,,9.3,244.99293286219083,5.77809187279152,1023.9865724381626,
2023-02-06,,,20.365703971119135,183.4837545126354,13.628880866425993,,0.4,,0.6,,4.3,248.69424460431654,7.339928057553957,1021.6115107913669,
2023-02-07,,,23.480645161290322,147.49462365591398,13.836917562724015,,1.1,,1.8,,11.5,224.79928315412187,9.30967741935484,1019.4487455197133,
2023-02-08,,,19.99679715302491,139.68683274021353,14.22846975088968,,1.0,,1.4,,6.2,217.75177304964538,8.791843971631206,1023.7053191489363,
2023-02-09,,,19.607773851590107,186.1095406360424,14.122968197879858,,1.9,,2.8,,11.0,171.66901408450704,8.158802816901408,1027.205633802817,
2023-02-10,,,19.902877697841728,184.16906474820144,14.197841726618705,,1.7,,2.6,,10.3,231.03237410071944,7.474100719424461,1018.4712230215828,
2023-02-11,,,13.704444444444446,84.75555555555556,14.357777777777779,,0.8,,1.2,,6.3,327.8666666666667,6.213333333333334,1021.3933333333333,
2023-02-12,,,,,,,,,,,,,,,
2023-02-13,,,6.707692307692308,158.47435897435898,14.096103896103898,,1.5,,2.4,,10.5,149.55128205128204,8.205128205128204,1016.1282051282051,
2023-02-14,,,10.11841155234657,204.78700361010831,14.050541516245488,,1.6,,2.4,,13.1,186.12996389891697,6.303610108303249,1020.784476534296,
2023-02-15,,,11.459430604982206,201.1423487544484,13.824199288256228,,1.8,,2.8,,11.0,220.51957295373666,3.7508896797153026,1028.846975088968,
2023-02-16,,,23.3,234.0,13.5,,1.1,,1.6,,5.5,340.0,4.4,1032.1,
2023-02-17,,,16.378629032258065,158.24696356275302,14.0,,0.6,,0.9,,6.1,230.74545454545455,8.301818181818183,1027.129927007299,
2023-02-18,,,21.729562043795617,123.06569343065694,14.066423357664233,,1.0,,1.6,,5.9,256.8649635036496,10.334306569343065,1020.0094890510948,
2023-02-19,,,22.513432835820897,161.67415730337078,14.285663082437276,,1.0,,1.4,,9.1,254.82078853046596,11.463082437275984,1014.994982078853,
2023-02-20,,,24.90359712230216,165.72661870503597,13.928776978417266,,0.7,,0.9,,11.1,233.68705035971223,5.430935251798561,1022.9917266187051,
2023-02-21,,,27.727758007117437,163.90391459074732,13.727758007117437,,1.5,,2.3,,10.0,216.51601423487546,3.2576512455516013,1032.1220640569395,
2023-02-22,,,26.73886925795053,162.36395759717314,13.657950530035334,,1.0,,1.4,,6.5,233.5547703180212,6.29434628975265,1030.1434628975264,
2023-02-23,,,25.22129963898917,160.06859205776172,13.549819494584838,,0.6,,0.9,,8.9,227.28519855595667,9.455595667870035,1021.9527075812275,
2023-02-24,,,23.461596958174905,171.08365019011407,13.69809885931559,,0.6,,0.8,,8.8,206.24187725631768,9.364259927797834,1021.1579710144927,
2023-02-25,,,17.421126760563382,180.55633802816902,13.77007042253521,,1.4,,2.0,,11.1,248.58450704225353,5.81830985915493,1028.125,
2023-02-26,,,14.13525179856115,159.42446043165467,13.651079136690647,,1.0,,1.5,,6.9,245.5071942446043,6.08453237410072,1034.9672661870504,
2023-02-27,,,11.065357142857144,151.41071428571428,13.79892857142857,,0.8,,1.2,,11.0,237.0427046263345,8.494661921708184,1033.4199288256227,
2023-02-28,,,12.228113879003558,110.34163701067615,13.034519572953736,,1.1,,1.7,,11.2,224.48398576512454,10.620284697508897,1026.7594306049823,
2023-03-01,,,9.069611307420494,116.08480565371025,13.082685512367492,,0.7,,1.1,,11.5,258.23674911660777,11.394346289752649,1019.7318021201413,
2023-03-02,,,13.757597173144877,116.26501766784452,13.013780918727916,,0.8,,1.4,,9.1,258.1590106007067,6.347349823321554,1024.9618374558304,
2023-03-03,,,12.593571428571428,130.75714285714287,13.158214285714287,,0.7,,1.1,,9.3,246.92142857142858,8.112142857142857,1025.98,
2023-03-04,,,16.26950354609929,205.52836879432624,13.256028368794325,,0.8,,1.2,,9.7,188.55830388692578,10.623321554770317,1027.487632508834,
2023-03-05,,,19.657608695652176,133.58695652173913,13.61123188405797,,1.1,,1.7,,5.4,219.06521739130434,10.328985507246378,1027.5565217391304,
2023-03-06,,,22.29781818181818,131.15636363636364,13.531636363636363,,0.8,,1.2,,11.9,238.1014492753623,11.472101449275362,1023.1822463768116,
2023-03-07,,,28.138652482269507,106.85460992907801,13.209574468085107,,1.1,,1.8,,10.4,209.9113475177305,13.773758865248226,1021.081560283688,
2023-03-08,,,26.551785714285714,109.41785714285714,13.256785714285714,,0.9,,1.5,,10.5,215.0,14.973309608540925,1020.2174377224198,
2023-03-09,,,24.580575539568343,127.13669064748201,13.16798561151079,,1.7,,14.5,,10.2,208.30575539568346,14.713309352517987,1015.705035971223,
2023-03-10,,,27.29398148148148,114.13888888888889,13.988532110091743,,0.8,,1.3,,5.1,180.91244239631337,13.4,1020.7190697674419,
2023-03-11,,,25.30913043478261,93.33478260869565,13.51861471861472,,0.7,,1.2,,10.5,224.07391304347826,13.614347826086957,1022.0399082568808,
2023-03-12,,,24.914388489208633,112.49280575539568,13.475179856115108,,1.0,,1.5,,12.8,231.32374100719426,12.607553956834533,1018.2323741007193,
2023-03-13,,,18.5825,130.36785714285713,13.386071428571428,,0.8,,1.2,,11.3,233.88571428571427,5.98,1021.7585714285715,
2023-03-14,,,15.461921708185054,99.55160142348754,13.233451957295374,,0.8,,1.4,,10.4,218.83274021352312,10.511032028469751,1020.5124555160143,
2023-03-15,,,18.467625899280577,77.83812949640287,13.215107913669064,,1.8,,3.0,,11.8,217.36917562724014,13.932616487455196,1020.6874551971325,
2023-03-16,,,13.966071428571428,75.19285714285714,13.159285714285714,,1.0,,1.5,,8.4,126.25978647686833,12.058007117437723,1024.8419928825622,
2023-03-17,,,17.76099290780142,99.85106382978724,13.63758865248227,,1.2,,1.9,,8.3,161.88652482269504,10.254609929078015,1023.4751773049645,
2023-03-18,,,18.49820788530466,90.66666666666667,13.847670250896057,,1.3,,1.9,,7.6,226.00716845878136,10.678494623655915,1017.7541218637994,
2023-03-19,,,14.6,222.0,14.0,,0.6,,0.9,,2.5,297.0,9.3,1018.6,
2023-03-20,,,31.591111111111108,157.09444444444443,13.921111111111113,,0.4,,0.6,,9.1,241.89444444444445,11.456666666666665,1017.0627777777777,
2023-03-21,,,30.87579365079365,141.78968253968253,13.745454545454544,,0.6,,1.1,,3.7,113.41666666666667,14.433333333333332,1012.7656,
2023-03-22,,,27.02226148409894,116.31448763250883,13.906360424028268,,0.8,,1.4,,4.1,86.33568904593639,15.20989399293286,1011.6219081272085,
2023-03-23,,,30.20212014134276,155.46289752650176,15.010954063604242,,1.3,,2.2,,8.4,68.59363957597174,15.144876325088338,1005.8932862190812,
2023-03-24,,,32.37711267605634,197.71478873239437,15.182042253521127,,1.4,,2.0,,12.3,59.25704225352113,12.844718309859156,1015.344366197183,
2023-03-25,,,19.757243816254416,174.6113074204947,14.973498233215548,,1.5,,2.6,,10.5,113.06007067137809,11.3886925795053,1019.2219081272084,
2023-03-26,,,19.865690376569034,171.14644351464435,15.176150627615062,,1.0,,1.6,,5.9,234.0836820083682,11.607112970711297,1016.350209205021,
2023-03-27,,,15.882142857142858,170.28174603174602,15.186111111111112,,0.5,,0.8,,7.5,213.43650793650792,11.327380952380953,1020.1928571428572,
2023-03-28,,,12.899082568807339,128.71100917431193,15.171100917431193,,0.5,,1.0,,8.4,247.11009174311926,11.444954128440367,1023.8160550458715,
2023-03-29,,,15.617667844522968,118.02120141342756,14.503886925795054,,0.4,,0.6,,4.7,226.32155477031802,12.948409893992933,1022.3084805653709,
2023-03-30,,,16.198251748251746,102.63636363636364,14.431818181818182,,0.3,,0.5,,6.2,243.3846153846154,13.80034965034965,1019.1527972027973,
2023-03-31,,,14.037894736842105,99.8280701754386,14.478947368421053,,0.5,,0.8,,4.8,209.81052631578947,14.990175438596491,1017.88,
2023-04-01,,,19.29432624113475,63.659574468085104,15.013829787234041,,0.8,,1.3,,8.7,132.95035460992906,13.722340425531915,1017.3216312056738,
2023-04-02,,,9.853787878787879,190.43560606060606,15.850757575757576,,2.3,,3.5,,13.3,139.3030303030303,14.06060606060606,1019.2916666666666,
2023-04-03,,,17.801809954751132,201.0316742081448,16.070135746606336,,2.0,,3.2,,12.1,23.63348416289593,13.974660633484163,1023.4271493212669,
2023-04-04,,,19.244230769230768,187.71153846153845,16.446153846153845,,1.3,,2.1,,5.4,201.88076923076923,14.453076923076924,1021.7911538461539,
2023-04-05,,,23.92676056338028,130.7711267605634,15.984859154929577,,2.9,,4.5,,14.5,197.85915492957747,15.663028169014085,1013.2492957746479,
2023-04-06,,,19.621830985915494,135.09859154929578,14.086619718309858,,2.2,,2.8,,12.5,223.16549295774647,14.067605633802817,1009.4059859154929,
2023-04-07,,,22.98409893992933,126.13074204946996,13.90565371024735,,0.8,,1.4,,10.5,233.1731448763251,13.880212014134274,1011.4303886925794,
2023-04-08,,,23.165248226950357,155.07801418439718,13.460283687943264,,1.0,,1.6,,11.2,276.4432624113475,11.915248226950354,1017.4400709219857,
2023-04-09,,,23.024825174825175,114.45804195804196,13.18951048951049,,1.0,,1.6,,12.5,230.14335664335664,12.194405594405595,1018.8653846153846,
2023-04-10,,,17.718309859154928,86.73239436619718,12.983561643835616,,0.9,,1.3,,7.6,217.77777777777777,13.07638888888889,1017.7161764705882,
2023-04-11,,,25.7288256227758,95.70462633451957,12.93202846975089,,1.8,,8.4,,14.0,212.55516014234877,16.226690391459073,1012.5498220640569,
2023-04-12,,,23.185714285714287,82.41463414634147,13.14390243902439,,1.6,,2.5,,10.1,187.99303135888502,14.343554006968642,1015.2101045296167,
2023-04-13,,,24.866122448979592,75.34285714285714,13.282926829268293,,0.7,,1.1,,12.0,210.8089430894309,13.383333333333335,1017.4824489795919,
2023-04-14,,,17.30785714285714,88.51071428571429,13.426785714285714,,0.6,,1.0,,8.3,208.475,15.036785714285715,1014.4596428571429,
2023-04-15,,,25.197526501766784,91.773851590106,14.242049469964664,,1.6,,2.4,,9.1,146.8374558303887,13.530742049469964,1004.6028268551236,
2023-04-16,,,20.26276595744681,159.46099290780143,14.253900709219858,,0.7,,1.2,,8.6,205.74204946996466,12.161130742049469,1004.9003546099292,
2023-04-17,,,22.380165289256198,140.82231404958677,14.238683127572017,,1.0,,1.3,,10.5,226.6694214876033,13.093388429752066,1015.4165289256198,
2023-04-18,,,23.814869888475837,151.6914498141264,14.097026022304833,,1.5,,2.7,,12.4,199.19330855018586,16.197026022304833,1012.596654275093,
2023-04-19,,,19.0,53.0,13.8,,1.3,,1.9,,3.7,206.0,17.5,1010.9,
2023-04-20,,,26.81923076923077,148.08041958041957,14.413986013986012,,0.7,,1.1,,10.7,199.23076923076923,16.926573426573427,1008.6083916083916,
2023-04-21,,,30.398947368421055,199.3438596491228,14.66140350877193,,1.8,,2.5,,13.7,75.0421052631579,15.922456140350876,1012.1210526315789,
2023-04-22,,,23.1,198.06293706293707,15.022027972027972,,2.4,,3.5,,11.4,31.174825174825173,14.06958041958042,1020.0409090909092,
2023-04-23,,,17.795804195804198,172.43356643356643,15.120979020979023,,2.5,,3.9,,9.1,75.42657342657343,13.455944055944057,1023.9916083916083,
2023-04-24,,,18.51118881118881,181.9265734265734,15.171678321678323,,2.5,,3.4,,8.4,70.86713286713287,14.102097902097901,1024.5555944055945,
2023-04-25,,,21.305445544554455,165.6980198019802,15.123152709359607,,1.7,,2.8,,9.2,285.13366336633663,11.533663366336635,1015.7915841584158,
2023-04-26,,,12.122222222222222,146.57037037037037,15.155555555555555,,0.9,,1.4,,8.8,248.37638376383765,13.77011070110701,1011.9837638376383,
2023-04-27,,,13.376855895196508,114.6943231441048,15.082608695652175,,0.7,,1.0,,7.5,213.79039301310044,13.73201754385965,1020.6,
2023-04-28,,,18.335335689045934,116.30742049469964,14.91590106007067,,0.7,,1.1,,10.7,206.73498233215548,15.346289752650177,1017.9766784452297,
2023-04-29,,,19.462369337979094,93.97212543554006,14.941811846689896,,1.3,,2.0,,10.7,211.99303135888502,16.270383275261324,1007.6895470383276,
2023-04-30,,,7.737179487179487,158.84615384615384,14.862820512820512,,0.6,,0.9,,8.4,249.84615384615384,13.691025641025643,1007.8051282051282,
2023-05-01,,,26.074770642201834,89.61009174311927,14.725570776255708,,0.8,,1.2,,10.2,197.02293577981652,15.657798165137615,1014.8174311926606,
2023-05-02,,,16.706666666666667,128.18947368421053,14.83543859649123,,0.6,,0.9,,4.9,244.09473684210528,14.745263157894735,1023.7140350877193,
2023-05-03,,,16.12369337979094,160.0,14.961324041811846,,0.6,,1.0,,7.5,231.78745644599303,15.74355400696864,1022.5919860627179,
2023-05-04,,,20.634965034965035,156.16433566433565,14.832167832167832,,0.9,,1.6,,8.9,194.006993006993,16.646853146853147,1017.4895104895105,
2023-05-05,,,35.224812030075185,50.24812030075188,14.267407407407406,,2.3,,3.7,,13.1,202.99248120300751,16.934586466165413,1008.3435114503817,
2023-05-06,,,28.16725978647687,181.86832740213524,14.259786476868328,,2.1,,3.1,,12.3,245.66548042704628,14.495373665480427,1006.7583629893238,
2023-05-07,,,25.002142857142857,200.46428571428572,14.355,,2.1,,2.9,,12.8,97.07857142857142,13.211785714285716,1010.6760714285714,
2023-05-08,,,17.637373737373736,155.96969696969697,14.142000000000001,,2.4,,3.7,,8.4,343.3979591836735,12.163636363636364,1014.4444444444445,
2023-05-09,,,20.96888888888889,110.52222222222223,14.496666666666668,,1.1,,1.7,,3.7,315.76666666666665,11.067777777777778,1017.7377777777778,
2023-05-10,,,17.915981735159818,188.84931506849315,15.143181818181818,,0.5,,0.8,,5.6,134.90366972477065,16.30593607305936,1016.561214953271,
2023-05-11,,,21.265140845070423,109.49295774647888,15.655985915492959,,1.3,,2.1,,7.8,157.02464788732394,15.720070422535212,1019.8478873239436,
2023-05-12,,,25.62981651376147,106.04587155963303,15.962272727272726,,1.4,,2.4,,10.4,201.13698630136986,16.020091324200912,1018.293607305936,
2023-05-13,,,22.517408906882594,197.9068825910931,15.836693548387096,,0.9,,1.4,,5.9,167.76209677419354,15.129838709677419,1014.2076923076922,
2023-05-14,,,16.417142857142856,188.55,16.02642857142857,,0.9,,1.3,,6.3,231.275,16.026785714285715,1009.550357142857,
2023-05-15,,,17.529545454545456,140.14772727272728,15.897358490566038,,0.6,,1.0,,10.4,229.3056603773585,16.629056603773584,1009.2215094339623,
2023-05-16,,,11.703960396039603,183.31683168316832,15.609900990099009,,0.5,,0.7,,11.2,195.52742616033754,17.80590717299578,1011.1962025316456,
2023-05-17,,,,,,,0.1,,0.2,,2.5,222.24822695035462,19.046808510638296,1014.9804964539007,
2023-05-18,,,,,,,0.1,,0.2,,1.2,260.4552845528455,19.412195121951218,1011.0854609929078,
2023-05-19,,,,,,,,,,,,,,1007.2787709497206,
2023-05-20,,,,,,,,,,,,,,,
2023-05-21,,,12.81344537815126,221.1596638655462,24.505882352941175,,0.1,,0.2,,1.4,169.0764331210191,19.871337579617837,1007.5216560509554,
2023-05-22,,,16.217957746478874,199.8556338028169,18.50457746478873,,0.1,,0.1,,2.4,224.99649122807017,19.200350877192985,1007.3512280701754,
2023-05-23,,,11.374642857142858,162.28214285714284,18.65892857142857,,0.6,,0.9,,10.2,190.6042402826855,17.342049469964664,1009.9226148409894,
2023-05-24,,,19.002573529411762,194.875,16.128676470588236,,0.5,,0.9,,4.3,198.31428571428572,16.968214285714286,1015.3028571428571,
2023-05-25,,,15.681138790035586,212.34875444839858,16.597864768683273,,0.7,,1.1,,5.7,244.38078291814946,17.365836298932386,1017.5829181494662,
2023-05-26,,,18.013732394366198,145.95070422535213,16.628169014084506,,0.6,,1.0,,8.5,206.69718309859155,18.283098591549294,1019.2397887323942,
2023-05-27,,,16.20177304964539,130.72695035460993,16.391489361702128,,0.6,,0.8,,8.5,209.13475177304966,18.694326241134753,1018.8709219858155,
2023-05-28,,,13.613523131672599,142.37722419928826,16.483985765124554,,0.7,,1.2,,8.6,221.03191489361703,19.222695035460994,1014.5773049645389,
2023-05-29,,,11.126501766784452,136.9964664310954,16.285159010600704,,0.7,,1.1,,8.8,145.28975265017667,18.236395759717315,1011.1667844522968,
2023-05-30,,,20.997552447552447,190.37762237762237,16.762237762237763,,0.9,,1.5,,9.1,52.83916083916084,17.88076923076923,1011.8108391608392,
2023-05-31,,,21.793617021276596,78.98305084745763,17.958510638297874,,1.4,,2.1,,9.1,180.59322033898306,18.344680851063828,1012.0666666666666,
2023-06-01,,,21.74330985915493,183.2394366197183,18.495774647887323,,1.2,,1.9,,4.2,224.6056338028169,17.609859154929577,1007.9415492957747,
2023-06-02,,,21.610830324909745,184.1985559566787,18.54404332129964,,0.7,,1.0,,5.0,125.61010830324909,20.687364620938627,1001.3400722021661,
2023-06-03,,,26.11672473867596,138.794425087108,19.151916376306623,,0.6,,0.9,,7.6,203.89198606271776,19.865505226480835,1007.3672473867597,
2023-06-04,,,31.022261484098937,167.67491166077738,18.242756183745584,,0.5,,0.8,,8.0,252.7208480565371,21.27102473498233,1009.9766784452297,
2023-06-05,,,30.249300699300697,173.16783216783216,17.826923076923077,,0.5,,0.8,,5.8,247.94055944055944,21.24090909090909,1010.3874125874125,
2023-06-06,,,33.45492957746479,147.94718309859155,17.225704225352114,,0.6,,1.1,,7.0,207.33450704225353,19.050352112676055,1007.4869718309859,
2023-06-07,,,35.719858156028366,108.19858156028369,16.715602836879434,,0.8,,1.5,,11.6,204.7836879432624,18.500709219858155,1008.6269503546099,
2023-06-08,,,30.97711267605634,131.90140845070422,16.275352112676057,,0.8,,1.1,,8.7,197.16197183098592,18.275352112676057,1006.3457746478873,
2023-06-09,,,25.633333333333333,50.276729559748425,15.995625,,0.7,,1.0,,10.7,207.22641509433961,18.161635220125785,1003.851572327044,
2023-06-10,,,20.079225352112676,105.92957746478874,16.289788732394367,,0.6,,1.0,,7.0,210.0387323943662,19.048239436619717,1006.9700704225352,
2023-06-11,,,23.42508960573477,135.9784946236559,16.796057347670253,,1.1,,1.7,,6.3,165.59642857142856,19.237857142857145,1006.3449999999999,
2023-06-12,,,14.773665480427045,149.30960854092527,17.19679715302491,,0.5,,0.8,,6.6,124.40569395017793,19.173665480427047,1006.1338078291814,
2023-06-13,,,21.882625482625485,113.99227799227799,18.28115384615385,,0.3,,0.6,,7.0,182.86923076923077,20.405,1004.5450000000001,
2023-06-14,,,22.829577464788734,179.6338028169014,18.682394366197183,,0.3,,0.7,,5.4,192.3122807017544,20.106666666666666,1005.9842105263158,
2023-06-15,,,23.662105263157894,198.86666666666667,19.031228070175437,,0.3,,0.6,,4.2,211.2,19.893333333333334,1008.8726315789474,
2023-06-16,,,32.079787234042556,156.83333333333334,18.99148936170213,,0.7,,1.4,,8.9,212.98581560283688,20.672695035460993,1012.2726950354611,
2023-06-17,,,28.08041958041958,104.15384615384616,17.811888111888113,,0.8,,1.3,,11.7,198.3111888111888,20.477272727272727,1011.8825174825175,
2023-06-18,,,31.470967741935482,153.2688172043011,16.920071684587814,,0.6,,0.9,,6.8,187.89285714285714,20.252857142857142,1007.4225,
2023-06-19,,,38.880782918149464,141.87900355871886,18.194306049822064,,0.8,,1.3,,10.4,50.65836298932384,21.287188612099644,1007.9555160142348,
2023-06-20,,,92.0,37.0,19.9,,0.5,,0.6,,5.3,33.0,20.9,1008.8,
2023-06-21,,,26.707089552238806,172.16044776119404,20.906319702602232,,1.9,,3.2,,9.3,213.19702602230484,20.738661710037174,1002.8657992565056,
2023-06-22,,,24.98857142857143,207.21428571428572,20.058214285714286,,1.0,,1.5,,6.1,139.89679715302492,20.93594306049822,1003.2149466192171,
2023-06-23,,,25.333067729083666,185.0996015936255,19.806746031746034,,0.7,,1.4,,7.9,176.4183266932271,21.715537848605578,1009.7521912350597,
2023-06-24,,,20.799651567944252,203.71080139372822,20.15261324041812,,0.6,,1.1,,6.4,147.83275261324042,20.761324041811847,1015.6432055749128,
2023-06-25,,,17.128873239436622,183.26408450704224,20.754929577464786,,0.4,,0.7,,3.3,226.8842105263158,21.543508771929822,1014.6175438596491,
2023-06-26,,,9.491071428571429,190.89285714285714,20.639285714285712,,0.9,,1.5,,5.1,247.07142857142858,21.40892857142857,1011.35,
2023-06-27,,,8.64390243902439,196.9512195121951,18.192682926829267,,0.8,,1.4,,8.0,214.09756097560975,20.60731707317073,1011.7447368421053,
2023-06-28,,,15.467424242424244,114.18560606060606,17.56754716981132,,0.6,,1.1,,9.5,219.9056603773585,20.61584905660377,1009.5196226415095,
2023-06-29,,,15.436524822695036,162.37234042553192,16.834397163120567,,1.3,,2.0,,10.2,201.32155477031802,21.22473498233216,1004.6611307420494,
2023-06-30,,,8.04782608695652,196.67391304347825,16.015217391304347,,1.3,,1.9,,8.4,199.33333333333334,19.63550724637681,1001.473188405797,
2023-07-01,,,30.064804469273746,192.89944134078212,17.563333333333333,,1.0,,1.3,,4.8,143.73743016759778,21.04413407821229,1007.7407821229051,
2023-07-02,,,36.14028268551237,174.38162544169612,17.52614840989399,,0.7,,1.1,,10.1,202.25441696113074,21.069257950530037,1008.2883392226148,
2023-07-03,,,56.60982456140351,125.79649122807018,18.689473684210526,,0.6,,1.0,,5.6,105.92280701754386,21.46421052631579,1007.3708771929824,
2023-07-04,,,48.99893992932862,164.0,19.759010600706713,,0.7,,1.1,,4.0,172.91519434628975,22.58515901060071,1004.0194346289753,
2023-07-05,,,33.59222614840989,165.19434628975264,18.890106007067136,,1.1,,1.7,,10.4,209.62190812720848,22.892226148409893,996.1901060070671,
2023-07-06,,,25.870833333333334,196.64930555555554,17.237499999999997,,1.2,,1.6,,9.8,201.69444444444446,21.178472222222222,1002.7624999999999,
2023-07-07,,,33.62269503546099,168.30141843971631,15.661347517730496,,1.3,,1.8,,7.1,197.63829787234042,19.618794326241133,1004.3510638297872,
2023-07-08,,,40.128975265017665,176.42756183745584,17.03462897526502,,1.2,,2.2,,4.5,153.38162544169612,20.031802120141343,1004.0134275618374,
2023-07-09,,,19.51418439716312,184.15602836879432,17.661347517730498,,1.2,,1.7,,9.3,171.7218309859155,20.871478873239436,1004.7260563380282,
2023-07-10,,,16.48926829268293,128.71219512195123,16.65776699029126,,1.0,,2.0,,10.4,196.11707317073171,20.733170731707318,1005.9570731707317,
2023-07-11,,,11.29051724137931,111.41379310344827,16.711111111111112,,0.9,,1.4,,8.5,195.52586206896552,20.27758620689655,1007.1594827586207,
2023-07-12,,,13.19014598540146,154.3832116788321,15.757299270072993,,0.8,,1.3,,9.2,211.02554744525548,21.477007299270074,1006.4364963503649,
2023-07-13,,,21.09719298245614,158.09473684210528,14.819298245614036,,0.8,,1.3,,8.1,199.61754385964912,20.255087719298245,1006.8631578947368,
2023-07-14,,,18.685454545454547,103.05454545454545,13.843181818181819,,1.5,,2.3,,13.6,208.94545454545454,21.667272727272728,1003.6563636363636,
2023-07-15,,,,,,,,,,,,,,,
2023-07-16,,,45.62605042016807,169.57142857142858,14.250420168067226,,0.8,,1.5,,6.2,194.7983193277311,0.0,1010.7008403361344,
2023-07-17,,,33.71791666666667,206.725,15.461825726141079,,0.9,,1.3,,9.2,195.2780082987552,,1012.6423236514522,
2023-07-18,,,26.538333333333334,187.03333333333333,16.04273858921162,,1.0,,1.5,,6.7,158.66390041493776,,1012.0390041493775,
2023-07-19,,,27.5484,214.476,16.44541832669323,,1.1,,1.7,,6.8,53.156,16.72482269503546,1008.1072289156627,
2023-07-20,,,23.387857142857143,152.29642857142858,17.441428571428574,,0.8,,1.3,,1.9,184.55357142857142,,1009.7439285714286,
2023-07-21,,,30.7,113.0,18.0,,0.3,,0.5,,0.7,316.0,,1011.4,
2023-07-22,,,22.15824561403509,176.99298245614034,17.717543859649123,,0.6,,1.0,,4.1,196.26760563380282,22.159507042253523,1015.2090592334495,
2023-07-23,,,14.58256227758007,145.9288256227758,17.081850533807827,,0.9,,1.5,,10.0,199.86170212765958,22.483333333333334,1011.5216312056737,
2023-07-24,,,22.877972027972028,104.65734265734265,16.18041958041958,,1.0,,1.8,,9.9,202.58041958041957,21.82062937062937,1010.4870629370629,
2023-07-25,,,27.536140350877194,139.06315789473683,15.46,,0.6,,1.0,,8.6,200.27272727272728,21.41153846153846,1013.8895104895106,
2023-07-26,,,20.187368421052632,144.4701754385965,15.308421052631578,,0.4,,0.6,,6.6,201.38947368421051,22.11122807017544,1015.5936842105264,
2023-07-27,,,17.61766784452297,169.34982332155477,15.650883392226147,,0.5,,0.8,,5.8,209.53684210526316,23.013333333333335,1014.8575438596492,
2023-07-28,,,16.33274647887324,192.21830985915494,16.13661971830986,,0.6,,0.9,,3.9,196.21830985915494,24.413380281690138,1014.6588028169014,
2023-07-29,,,25.008960573476703,182.9426523297491,17.048387096774192,,0.9,,1.4,,2.9,237.7347670250896,24.837275985663084,1014.9845878136201,
2023-07-30,,,24.549624060150375,172.86466165413535,18.221348314606743,,0.7,,1.2,,5.1,224.95149253731344,25.06902985074627,1014.0085820895522,
2023-07-31,,,24.937762237762236,132.64685314685315,18.627272727272725,,0.5,,0.8,,3.6,234.13240418118468,25.565505226480838,1012.954355400697,
2023-08-01,,,24.301423487544483,150.76156583629893,18.47508896797153,,0.6,,0.9,,4.0,184.1418439716312,24.95177304964539,1011.5751773049645,
2023-08-02,,,34.87314487632509,157.0565371024735,19.976325088339223,,0.8,,1.1,,4.4,219.41549295774647,26.087676056338026,1008.6165492957746,
2023-08-03,,,42.74172661870504,133.5071942446043,19.584172661870504,,1.0,,1.4,,6.5,230.76618705035972,25.218705035971222,1006.8014388489208,
2023-08-04,,,37.61017543859649,160.9859649122807,18.69017543859649,,1.1,,1.5,,5.2,247.2,25.354035087719296,1005.0442105263157,
2023-08-05,,,31.879078014184397,132.75531914893617,18.81737588652482,,1.2,,1.9,,4.0,249.97163120567376,26.579787234042552,1001.1400709219859,
2023-08-06,,,28.30421052631579,117.51228070175439,23.216842105263158,,1.0,,1.7,,8.1,132.7122807017544,27.632280701754386,998.7252631578948,
2023-08-07,,,23.11766784452297,226.6113074204947,27.48445229681979,,1.3,,2.2,,10.8,87.96819787985866,28.677031802120144,999.2272084805653,
2023-08-08,,,18.12456140350877,215.86666666666667,28.59684210526316,,1.6,,2.1,,11.2,168.80701754385964,27.7340350877193,1002.1368421052632,
2023-08-09,,,11.882296650717704,202.17224880382776,28.173684210526318,,1.7,,2.4,,11.7,187.39712918660288,26.296172248803828,1002.2200956937799,
2023-08-10,,,25.44662576687117,100.41717791411043,27.202439024390245,,7.3,,9.2,,0.0,309.24074074074076,4.292592592592592,992.8628048780488,
2023-08-11,,,17.781754385964913,69.58947368421053,25.431578947368422,,1.3,,2.0,,,288.95438596491226,9.448771929824561,1002.2150877192983,
2023-08-12,,,18.79785714285714,168.27142857142857,25.304285714285715,,0.5,,0.8,,,206.79285714285714,20.784285714285716,1004.3800000000001,
2023-08-13,,,19.328214285714285,217.41071428571428,25.6975,,0.7,,1.1,,7.1,96.6117216117216,25.14029304029304,1005.4453571428572,
2023-08-14,,,26.13886925795053,194.31095406360424,26.939575971731447,,0.9,,1.3,,10.7,155.1696113074205,26.414487632508834,1006.0282685512367,
2023-08-15,,,13.847887323943663,185.13028169014083,26.746478873239436,,1.6,,2.4,,11.4,168.98591549295776,26.27323943661972,1004.4140845070422,
2023-08-16,,,13.984265734265735,185.13986013986013,26.837062937062935,,1.3,,2.0,,5.4,107.1013986013986,25.39895104895105,1004.8797202797202,
2023-08-17,,,23.473239436619718,118.0,26.067605633802817,,1.1,,1.5,,7.9,86.6013986013986,25.34090909090909,1005.9090909090909,
2023-08-18,,,22.255594405594408,145.65034965034965,26.40944055944056,,0.7,,1.0,,6.5,135.3916083916084,25.966433566433565,1007.2398601398601,
2023-08-19,,,15.427622377622379,122.06643356643356,26.373426573426574,,0.8,,1.3,,6.3,139.77972027972027,26.784965034965033,1010.2972027972028,
2023-08-20,,,20.365964912280702,120.03508771929825,26.055087719298246,,0.6,,1.2,,5.8,147.32631578947368,27.24350877192982,1011.7,
2023-08-21,,,9.3,82.0,26.8,,0.2,,0.3,,2.8,50.0,26.3,1011.8,
2023-08-22,,,9.90801393728223,119.50871080139373,26.653658536585368,,0.6,,0.9,,8.4,212.62369337979095,27.405226480836237,1006.8519163763066,
2023-08-23,,,8.991785714285713,129.13571428571427,26.396071428571428,,0.6,,1.0,,6.5,186.1387900355872,27.491103202846976,1006.8355871886121,
2023-08-24,,,17.297173144876325,122.09540636042402,26.143462897526504,,1.6,,3.0,,13.3,165.41696113074204,26.241342756183744,1007.7477031802119,
2023-08-25,,,19.73439716312057,132.3368794326241,25.325531914893617,,1.6,,2.1,,8.8,218.43617021276594,26.465248226950354,1007.6404255319148,
2023-08-26,,,21.48220640569395,151.44483985765123,25.26690391459075,,0.4,,0.6,,5.2,195.12811387900356,26.18540925266904,1009.2384341637011,
2023-08-27,,,20.64507042253521,188.85915492957747,26.246126760563378,,1.0,,1.5,,9.5,149.94718309859155,26.225352112676056,1008.8799295774648,
2023-08-28,,,18.91048951048951,169.15384615384616,26.674825174825173,,0.7,,1.3,,9.3,137.72027972027973,26.115384615384617,1008.6416083916084,
2023-08-29,,,29.97632508833922,88.14134275618375,26.526855123674913,,1.5,,2.3,,12.3,219.99293286219083,27.05583038869258,1008.1911660777384,
2023-08-30,,,34.32007042253521,146.30985915492957,25.836619718309862,,0.9,,1.5,,6.8,200.79225352112675,26.83169014084507,1009.2957746478874,
2023-08-31,,,26.396099290780143,153.31560283687944,25.51205673758865,,1.1,,1.6,,6.2,119.29078014184397,25.841843971631203,1009.6932624113475,
2023-09-01,,,28.32346570397112,142.75451263537906,25.01985559566787,,1.5,,2.6,,14.4,157.07581227436822,23.985559566787003,1011.4187725631768,
2023-09-02,,,20.372438162544167,166.85512367491165,24.137809187279153,,1.1,,1.5,,6.9,212.10247349823322,24.164664310954066,1012.2180212014134,
2023-09-03,,,26.510791366906474,173.76618705035972,24.58776978417266,,0.5,,0.8,,6.3,155.69892473118279,25.215770609318994,1012.9770609318996,
2023-09-04,,,18.833568904593637,165.08480565371025,25.691872791519437,,1.0,,2.0,,9.7,143.72791519434628,26.236749116607776,1012.0371024734982,
2023-09-05,,,11.390681003584229,154.20430107526883,26.174551971326164,,2.5,,3.3,,11.6,175.86379928315412,26.15268817204301,1011.0154121863799,
2023-09-06,,,14.216101694915254,115.0635593220339,26.51561181434599,,2.1,,3.2,,11.5,182.0677966101695,25.67076271186441,1011.1351694915254,
2023-09-07,,,15.287234042553191,103.81914893617021,26.421985815602838,,1.7,,2.7,,12.7,123.71985815602837,25.05,1013.7117021276596,
2023-09-08,,,13.961702127659574,148.97517730496455,26.328723404255317,,1.9,,3.7,,10.9,206.81560283687944,24.506028368794325,1012.8340425531916,
2023-09-09,,,15.437323943661971,176.5105633802817,26.451408450704225,,1.2,,1.9,,6.9,186.80985915492957,23.55669014084507,1011.8665492957746,
2023-09-10,,,17.86113074204947,134.37455830388691,26.41024734982332,,0.8,,1.3,,7.3,188.53356890459364,24.064664310954065,1011.1636042402827,
2023-09-11,,,17.219572953736655,147.12455516014234,26.812099644128114,,0.5,,0.8,,5.3,212.644128113879,25.060498220640568,1009.7437722419929,
2023-09-12,,,20.943682310469313,119.5956678700361,26.918050541516248,,0.4,,0.6,,3.6,234.31768953068593,25.75667870036101,1011.0851985559566,
2023-09-13,,,16.826760563380283,185.95422535211267,27.194014084507042,,0.6,,1.1,,8.6,129.3943661971831,25.885915492957746,1010.9781690140844,
2023-09-14,,,23.24310954063604,168.5053003533569,26.86113074204947,,0.8,,1.2,,6.1,239.92579505300353,23.912720848056537,1012.4356890459363,
2023-09-15,,,26.365098039215688,108.46274509803922,26.33490196078431,,0.8,,1.4,,7.1,168.70980392156864,24.721960784313726,1013.8121568627452,
2023-09-16,,,19.674193548387098,154.80286738351253,26.549820788530464,,0.6,,0.9,,7.8,254.19928825622776,24.224199288256226,1013.449822064057,
2023-09-17,,,16.783783783783782,121.75225225225225,26.158558558558557,,1.2,,2.0,,9.0,243.81981981981983,24.88783783783784,1011.3954954954954,
2023-09-18,,,21.437722419928825,119.97153024911032,26.216014234875445,,1.0,,1.5,,8.1,238.18021201413427,25.263604240282685,1012.825441696113,
2023-09-19,,,22.74341637010676,127.46975088967972,26.012455516014235,,0.7,,1.0,,9.7,225.6120996441281,25.62170818505338,1013.5999999999999,
2023-09-20,,,21.603146853146853,142.41958041958043,25.48986013986014,,2.2,,3.5,,14.0,191.82867132867133,24.743356643356645,1010.841958041958,
2023-09-21,,,42.0,54.0,24.6,,2.3,,3.2,,12.0,193.0,26.6,1003.7,
2023-09-22,,,8.74842105263158,169.4,25.041052631578946,,1.6,,2.2,,6.9,201.26315789473685,22.01298245614035,1015.3908771929825,
2023-09-23,,,16.36642857142857,145.53571428571428,25.403214285714284,,1.7,,2.4,,11.4,143.54804270462634,22.46085409252669,1018.8448398576513,
2023-09-24,,,14.810394265232976,176.02867383512546,25.183870967741935,,2.4,,3.4,,12.6,22.316725978647685,23.51779359430605,1019.2021352313167,
2023-09-25,,,16.944366197183097,187.16901408450704,25.187323943661973,,1.8,,2.8,,8.9,241.83508771929826,23.40877192982456,1016.1435087719299,
2023-09-26,,,16.99432624113475,157.27304964539007,25.349290780141843,,0.8,,1.4,,5.5,243.26855123674912,23.228268551236752,1013.6321554770319,
2023-09-27,,,20.098932384341637,149.83629893238435,25.27829181494662,,0.7,,1.1,,8.5,234.08185053380782,24.73523131672598,1011.0886120996443,
2023-09-28,,,25.536524822695036,149.98936170212767,25.349645390070922,,0.4,,0.8,,5.1,264.20494699646645,25.073144876325088,1012.4378091872792,
2023-09-29,,,21.41760563380282,157.4718309859155,25.51298245614035,,0.4,,0.6,,5.4,235.40350877192984,23.211578947368423,1013.958245614035,
2023-09-30,,,16.291901408450702,95.87323943661971,24.783098591549294,,0.5,,0.8,,7.7,275.280701754386,21.51263157894737,1010.541754385965,
2023-10-01,,,19.36148409893993,165.06713780918727,24.242049469964666,,0.4,,0.7,,8.0,257.2579505300353,21.00106007067138,1012.9024734982333,
2023-10-02,,,18.15618374558304,139.47703180212014,23.908127208480565,,0.7,,1.1,,7.8,247.14134275618375,20.398586572438163,1017.3088339222616,
2023-10-03,,,29.026690391459073,135.34519572953738,23.743772241992882,,0.7,,1.0,,7.5,311.0782918149466,20.398576512455517,1017.4266903914591,
2023-10-04,,,26.458947368421054,148.6701754385965,24.100350877192984,,0.6,,1.0,,5.0,240.15438596491228,21.25122807017544,1013.260350877193,
2023-10-05,,,27.44822695035461,207.37234042553192,23.5209219858156,,0.7,,1.1,,9.6,274.7517730496454,19.229787234042554,1013.5078014184397,
2023-10-06,,,16.756643356643355,141.64685314685315,23.194055944055943,,0.8,,1.2,,5.8,251.34615384615384,18.427622377622377,1017.9017482517484,
2023-10-07,,,13.927402135231317,202.40925266903915,23.001779359430603,,2.0,,2.8,,10.4,200.90391459074732,19.942704626334518,1021.4185053380783,
2023-10-08,,,12.774814814814814,231.1888888888889,22.882592592592594,,2.1,,3.1,,10.9,145.18382352941177,20.170588235294115,1021.8952205882352,
2023-10-09,,,9.17781690140845,197.17957746478874,23.299647887323946,,1.3,,2.0,,9.2,269.7263157894737,19.65157894736842,1018.8466666666666,
2023-10-10,,,10.83263157894737,172.50526315789475,23.22,,1.4,,2.0,,10.9,198.35438596491227,19.55333333333333,1019.4164912280702,
2023-10-11,,,14.063082437275986,173.7168458781362,23.098207885304657,,1.4,,2.2,,10.0,222.3942652329749,19.864516129032257,1023.5437275985663,
2023-10-12,,,14.87517730496454,153.04609929078015,22.956737588652484,,1.0,,1.6,,8.7,221.65248226950354,19.742198581560285,1023.7673758865249,
2023-10-13,,,20.433566433566433,160.0944055944056,22.853496503496505,,1.1,,1.6,,6.0,199.4055944055944,19.852097902097903,1018.1353146853147,
2023-10-14,,,22.584912280701754,144.4561403508772,22.553684210526317,,0.7,,1.1,,9.3,256.3578947368421,19.747719298245617,1010.28,
2023-10-15,,,25.840213523131673,163.6120996441281,22.30284697508897,,0.5,,0.7,,7.0,282.0035587188612,19.225978647686834,1009.5284697508897,
2023-10-16,,,26.52332155477032,162.79505300353358,21.768904593639576,,0.5,,0.7,,5.3,246.80281690140845,18.341901408450706,1013.8091549295774,
2023-10-17,,,35.08041958041958,161.9020979020979,21.112937062937064,,0.9,,1.4,,6.0,273.9755244755245,16.783216783216783,1017.9807692307693,
2023-10-18,,,32.111971830985915,155.7605633802817,20.853169014084507,,0.9,,1.7,,10.7,246.859649122807,18.658947368421053,1019.6385964912281,
2023-10-19,,,30.57456445993031,188.58536585365854,20.660975609756097,,0.6,,1.1,,7.8,225.9163763066202,19.99756097560976,1016.0550522648083,
2023-10-20,,,24.55104895104895,179.97202797202797,20.796503496503497,,0.5,,0.8,,10.6,279.82167832167835,16.208041958041957,1014.2629370629371,
2023-10-21,,,20.797894736842103,167.36140350877193,20.586666666666666,,0.7,,1.1,,9.7,270.51929824561404,14.45719298245614,1019.798596491228,
2023-10-22,,,25.6,243.0,20.9,,0.4,,0.6,,3.2,325.0,13.9,1021.9,
2023-10-23,,,19.95531914893617,179.82978723404256,19.820921985815602,,0.7,,1.0,,7.2,256.8445229681979,16.45618374558304,1022.6049469964664,
2023-10-24,,,29.225964912280702,199.13333333333333,19.13859649122807,,0.6,,1.0,,8.2,250.01398601398603,16.926223776223775,1020.0958041958042,
2023-10-25,,,32.409824561403504,194.58947368421053,19.335087719298247,,0.3,,0.5,,4.1,256.6771929824561,17.359649122807017,1017.7726315789474,
2023-10-26,,,33.28923611111111,169.38541666666666,19.294444444444444,,0.8,,1.1,,6.3,244.35416666666666,18.117708333333333,1014.6083333333333,
2023-10-27,,,27.663194444444443,164.96180555555554,19.117708333333333,,1.0,,1.4,,10.4,282.5173611111111,17.639236111111114,1013.0854166666666,
2023-10-28,,,23.009027777777778,160.11111111111111,19.221180555555556,,0.8,,1.3,,5.4,237.81597222222223,16.106250000000003,1018.232986111111,
2023-10-29,,,26.086111111111112,161.80555555555554,19.428472222222222,,1.3,,2.1,,6.6,222.63541666666666,16.216319444444444,1021.8565972222223,
2023-10-30,,,31.967361111111114,168.375,19.015625,,0.7,,1.1,,5.6,253.5625,16.666666666666668,1022.1972222222222,
2023-10-31,,,34.24076655052265,159.9651567944251,19.140766550522645,,0.5,,0.8,,7.4,241.625,17.903819444444444,1021.5861111111111,
2023-11-01,,,36.77638888888889,180.3125,18.77777777777778,,1.1,,1.6,,10.2,215.99305555555554,18.959027777777777,1019.2784722222223,
2023-11-02,,,29.12090592334495,156.50522648083623,18.248780487804876,,0.8,,1.3,,9.8,207.00347222222223,19.54340277777778,1017.9267361111112,
2023-11-03,,,15.424041811846688,188.94773519163763,18.637282229965155,,0.6,,1.0,,8.7,199.34843205574913,19.785365853658536,1016.4313588850174,
2023-11-04,,,14.319444444444445,189.25694444444446,18.474305555555556,,0.5,,0.8,,8.5,215.77430555555554,19.363541666666666,1020.6354166666666,
2023-11-05,,,15.848083623693379,173.13937282229966,18.578397212543553,,0.9,,1.5,,5.7,200.32291666666666,19.461458333333333,1020.0791666666667,
2023-11-06,,,12.920905923344948,140.94076655052265,18.32020905923345,,2.7,,4.4,,13.7,225.48263888888889,19.697916666666668,1008.4864583333333,
2023-11-07,,,10.067361111111111,107.67013888888889,16.299999999999997,,1.4,,2.1,,12.2,239.22916666666666,13.854166666666666,1017.8038194444445,
2023-11-08,,,22.75125448028674,194.2437275985663,16.031182795698925,,1.1,,1.7,,5.8,215.41218637992833,12.975627240143368,1022.3279569892474,
2023-11-09,,,22.52013888888889,188.4375,16.586805555555557,,0.6,,0.9,,7.7,241.46875,16.382291666666667,1020.2909722222222,
2023-11-10,,,20.09175257731959,161.22164948453607,16.540721649484535,,0.4,,0.7,,9.3,221.97948717948717,16.64205128205128,1017.6184615384616,
2023-11-11,,,24.829513888888886,143.34722222222223,16.548263888888886,,1.2,,1.8,,9.4,240.375,10.537152777777777,1024.8086805555556,
2023-11-12,,,33.999650349650345,204.2902097902098,17.08111888111888,,0.9,,1.4,,6.9,282.8432055749129,7.798606271777003,1023.9006968641115,
2023-11-13,,,26.838541666666668,151.83680555555554,16.884375,,1.3,,1.7,,5.6,289.81597222222223,7.789583333333334,1024.90625,
2023-11-14,,,22.173170731707316,156.2439024390244,16.645993031358884,,0.8,,1.3,,5.9,257.0625,9.570833333333333,1024.9496527777778,
2023-11-15,,,25.168771929824562,149.43508771929825,16.61017543859649,,0.5,,0.8,,5.2,264.1666666666667,10.894097222222221,1026.8486111111113,
2023-11-16,,,23.475,128.04166666666666,16.524305555555557,,0.6,,1.0,,9.1,274.5104166666667,11.855208333333334,1020.1822916666666,
2023-11-17,,,17.73263888888889,139.41319444444446,16.093402777777776,,0.7,,1.4,,10.4,265.31944444444446,9.100347222222222,1012.5736111111112,
2023-11-18,,,22.39721254355401,107.20557491289199,16.07700348432056,,0.7,,1.1,,11.7,269.74305555555554,6.282986111111111,1014.3597222222221,
2023-11-19,,,18.256944444444443,137.94444444444446,15.960416666666667,,0.8,,1.4,,8.9,262.8229166666667,10.489930555555555,1017.0840277777778,
2023-11-20,,,14.153472222222222,196.98611111111111,16.029861111111114,,0.9,,1.5,,7.7,233.19097222222223,11.193055555555555,1022.1072916666667,
2023-11-21,,,12.587499999999999,147.92361111111111,16.21527777777778,,0.8,,1.1,,8.9,249.22569444444446,13.005208333333334,1021.1739583333333,
2023-11-22,,,17.9,215.0,16.1,,0.3,,0.4,,4.4,229.0,12.9,1019.7,
2023-11-23,,,15.487847222222221,133.34027777777777,15.665972222222223,,1.3,,2.1,,10.8,231.96875,17.345138888888886,1011.9670138888889,
2023-11-24,,,18.59826388888889,149.42708333333334,15.362499999999999,,1.0,,1.7,,9.4,287.09722222222223,7.944791666666666,1023.5777777777779,
2023-11-25,,,20.79409722222222,153.8125,15.181597222222223,,0.8,,1.3,,8.0,239.29861111111111,4.471527777777777,1030.4475694444445,
2023-11-26,,,21.556097560975612,153.27177700348432,15.218466898954704,,0.8,,1.2,,5.1,250.6411149825784,8.247038327526132,1024.6926829268293,
2023-11-27,,,22.414583333333333,156.25694444444446,15.457638888888889,,0.5,,0.7,,8.5,252.8125,12.719097222222222,1014.9934027777776,
2023-11-28,,,24.338111888111886,164.6083916083916,15.498951048951048,,0.7,,1.1,,9.8,257.07342657342656,10.085664335664335,1018.6793706293706,
2023-11-29,,,22.430555555555557,168.96875,15.140625,,0.9,,1.3,,7.2,257.0416666666667,7.8024305555555555,1023.1975694444445,
2023-11-30,,,21.094791666666666,152.51388888888889,14.969097222222224,,0.6,,0.9,,9.2,273.9201388888889,4.389236111111111,1024.5197916666666,
2023-12-01,,,18.55859649122807,179.7017543859649,15.007368421052632,,0.7,,1.0,,11.1,282.2986111111111,4.155555555555555,1023.5854166666666,
2023-12-02,,,15.382517482517482,149.42307692307693,14.925174825174826,,0.7,,1.2,,8.4,247.95818815331012,6.273170731707317,1025.28362369338,
2023-12-03,,,14.9375,133.79166666666666,15.063541666666667,,0.8,,1.2,,5.2,225.77777777777777,8.679166666666667,1024.842013888889,
2023-12-04,,,16.085069444444443,166.71180555555554,15.22048611111111,,0.7,,1.1,,7.8,251.51041666666666,9.858333333333333,1021.126388888889,
2023-12-05,,,11.755555555555555,185.03819444444446,15.400694444444444,,0.4,,0.7,,6.0,240.00347222222223,10.402430555555556,1017.1642361111111,
2023-12-06,,,9.032517482517482,137.96853146853147,15.449650349650351,,1.1,,1.6,,9.6,261.90972222222223,11.67013888888889,1011.234375,
2023-12-07,,,12.056445993031359,164.2404181184669,15.116724738675957,,1.1,,1.6,,9.8,238.74305555555554,10.578472222222222,1015.1545138888889,
2023-12-08,,,12.788541666666667,112.64930555555556,14.671875,,1.5,,2.0,,13.7,221.16666666666666,14.619444444444444,1016.8732638888889,
2023-12-09,,,9.827083333333333,132.72569444444446,14.533333333333335,,1.0,,1.5,,8.7,239.60763888888889,16.617361111111112,1018.0500000000001,
2023-12-10,,,20.502097902097905,146.67482517482517,15.23811188811189,,0.8,,1.3,,9.1,180.70833333333334,14.024305555555555,1022.8881944444444,
2023-12-11,,,26.294773519163765,166.39372822299651,15.741114982578397,,3.4,,4.8,,11.7,127.08680555555556,15.470138888888888,1016.1295138888888,
2023-12-12,,,27.38784722222222,189.27083333333334,16.150347222222223,,2.5,,3.7,,11.9,281.09722222222223,10.79513888888889,1018.3409722222223,
2023-12-13,,,20.114285714285714,144.45296167247386,16.26062717770035,,1.9,,2.7,,7.9,204.5609756097561,11.205226480836238,1027.9508710801394,
2023-12-14,,,21.345296167247387,151.31358885017423,16.3602787456446,,1.0,,1.7,,7.4,296.3449477351916,12.450174216027873,1024.362369337979,
2023-12-15,,,18.289236111111112,184.05208333333334,16.671875,,1.5,,2.5,,9.8,143.06597222222223,11.075,1012.7829861111111,
2023-12-16,,,24.21423611111111,132.34375,16.372916666666665,,1.6,,2.4,,13.2,265.9513888888889,5.954166666666667,1017.4208333333333,
2023-12-17,,,18.541666666666668,136.92361111111111,15.684722222222222,,0.9,,1.2,,11.1,284.60069444444446,1.2694444444444446,1030.117361111111,
2023-12-18,,,18.732752613240418,153.1951219512195,15.674912891986063,,0.8,,1.0,,6.2,259.1736111111111,2.3138888888888887,1032.3416666666667,
2023-12-19,,,16.278819444444444,183.14930555555554,15.624652777777776,,0.9,,1.3,,6.3,237.25347222222223,3.8989583333333337,1027.0395833333334,
2023-12-20,,,13.474216027874563,155.9268292682927,15.608710801393727,,0.6,,1.0,,9.4,286.4459930313589,3.0289198606271777,1023.4243902439024,
2023-12-21,,,11.201041666666667,132.81944444444446,15.528819444444444,,0.7,,1.0,,10.4,278.75,2.611111111111111,1027.2232638888888,
2023-12-22,,,14.04390243902439,108.7979094076655,15.76062717770035,,0.7,,1.2,,11.8,271.3645833333333,2.439583333333333,1031.9934027777776,
2023-12-23,,,2.1,328.0,15.6,,0.7,,0.9,,4.8,285.0,1.7,1035.2,
2023-12-24,,,20.040277777777778,119.77430555555556,16.005902777777777,,0.7,,1.2,,6.2,264.2673611111111,3.6041666666666665,1030.4027777777778,
2023-12-25,,,18.634027777777778,164.01388888888889,15.91701388888889,,0.4,,0.7,,7.0,264.12152777777777,4.014236111111111,1028.3336805555555,
2023-12-26,,,18.627177700348433,144.47038327526133,15.604529616724738,,0.5,,0.8,,8.1,265.5226480836237,5.906271777003484,1028.6048780487804,
2023-12-27,,,18.425694444444446,152.98263888888889,15.302083333333334,,0.4,,0.7,,6.4,253.01388888888889,7.82361111111111,1030.0475694444444,
2023-12-28,,,21.059375000000003,165.3125,15.306944444444444,,0.6,,0.9,,7.1,280.7951388888889,9.512847222222222,1026.4375,
2023-12-29,,,19.224390243902437,142.59233449477352,15.086411149825784,,0.6,,0.9,,7.9,274.3588850174216,7.352961672473868,1025.5839721254354,
2023-12-30,,,19.82369337979094,165.37979094076655,15.16341463414634,,0.5,,0.7,,8.3,269.30313588850174,8.797212543554007,1018.3174216027874,
2023-12-31,,,16.608362369337982,165.05574912891987,14.934494773519162,,0.8,,1.4,,10.7,288.09722222222223,9.750347222222222,1014.8107638888889,
2024-01-01,,,15.387456445993031,129.4773519163763,14.533449477351917,,1.6,,2.4,,8.4,207.84668989547038,7.8595818815331,1026.8846689895472,
2024-01-02,,,12.539024390243902,156.70383275261324,14.70034843205575,,1.4,,2.1,,6.3,274.21180555555554,9.624652777777778,1020.9090277777777,
2024-01-03,,,11.318055555555555,154.28125,14.693402777777777,,0.5,,0.8,,8.3,291.9375,7.312847222222222,1017.2708333333334,
2024-01-04,,,9.822377622377621,146.3006993006993,14.554545454545456,,0.7,,1.1,,7.2,258.2473867595819,6.3724738675958195,1021.6101045296166,
2024-01-05,,,7.001041666666667,171.85416666666666,14.423263888888888,,0.7,,1.2,,8.1,268.00694444444446,9.391319444444443,1020.2920138888888,
2024-01-06,,,11.75609756097561,136.38675958188153,14.209756097560975,,0.4,,0.8,,5.4,260.58188153310107,8.04459930313589,1019.8477351916376,
2024-01-07,,,9.876306620209059,136.56445993031357,14.209756097560975,,0.5,,0.7,,10.2,287.98606271777004,3.5888501742160277,1023.1379790940766,
2024-01-08,,,12.772822299651569,147.5261324041812,13.836933797909406,,0.9,,1.4,,7.6,260.5226480836237,2.716376306620209,1025.7247386759582,
2024-01-09,,,16.6013986013986,131.24475524475525,13.78041958041958,,0.6,,0.9,,6.1,273.7762237762238,4.960839160839161,1020.0409090909092,
2024-01-10,,,18.961111111111112,182.44444444444446,13.702777777777778,,1.6,,2.3,,9.6,212.27777777777777,6.323958333333334,1017.2934027777778,
2024-01-11,,,21.293706293706293,141.58391608391608,13.644405594405596,,2.0,,2.8,,7.9,280.18815331010455,7.610801393728224,1016.8090592334495,
2024-01-12,,,22.500347222222224,155.98958333333334,13.469444444444445,,0.6,,1.0,,7.2,262.30555555555554,7.998263888888889,1016.951736111111,
2024-01-13,,,23.34285714285714,158.90940766550523,13.401742160278745,,0.9,,1.3,,8.7,222.11805555555554,5.456597222222222,1023.6069444444444,
2024-01-14,,,24.565853658536586,151.95818815331012,13.197560975609756,,1.4,,2.1,,11.6,260.6979166666667,9.504861111111111,1021.123611111111,
2024-01-15,,,27.170833333333334,143.55555555555554,13.171527777777778,,1.2,,2.0,,10.4,217.62152777777777,6.709722222222222,1022.9104166666667,
2024-01-16,,,21.864583333333332,136.84027777777777,13.12326388888889,,1.0,,1.5,,8.9,241.48611111111111,5.202083333333333,1030.9538194444444,
2024-01-17,,,16.796875,154.9375,13.289583333333333,,0.9,,1.4,,6.8,245.61458333333334,9.537500000000001,1026.4375,
2024-01-18,,,14.523958333333333,183.32291666666666,13.220833333333333,,1.4,,1.8,,10.9,107.09375,11.987847222222221,1021.4524305555556,
2024-01-19,,,14.833797909407666,223.3170731707317,13.157142857142857,,2.1,,2.9,,13.4,52.201388888888886,8.100694444444445,1027.8121527777778,
2024-01-20,,,13.629616724738675,231.20209059233449,13.18815331010453,,2.7,,4.0,,13.6,68.11458333333333,9.128125,1023.873611111111,
2024-01-21,,,11.536458333333334,174.70138888888889,13.46701388888889,,2.8,,3.9,,9.5,221.74652777777777,7.71875,1022.4982638888889,
2024-01-22,,,14.174125874125874,153.34265734265733,13.584615384615384,,1.6,,2.2,,10.5,292.7692307692308,4.115034965034965,1021.9835664335664,
2024-01-23,,,13.8,200.0,14.0,,0.5,,0.6,,5.1,285.0,2.4,1024.1,
2024-01-24,,,18.52847222222222,137.09027777777777,12.914930555555555,,1.6,,2.2,,12.3,277.84722222222223,2.337847222222222,1022.2309027777778,
2024-01-25,,,22.064930555555556,111.23611111111111,12.784375,,1.6,,2.5,,6.9,252.86805555555554,3.0225694444444446,1026.099652777778,
2024-01-26,,,26.53111888111888,110.25524475524476,12.814685314685315,,1.8,,2.5,,7.1,278.0034843205575,3.3982578397212544,1026.797212543554,
2024-01-27,,,21.285714285714285,109.06968641114983,12.800696864111499,,1.7,,2.5,,7.3,276.2752613240418,5.053658536585366,1025.351219512195,
2024-01-28,,,20.88715277777778,158.61111111111111,13.337152777777778,,1.3,,1.7,,7.3,259.53819444444446,5.637847222222223,1026.0121527777778,
2024-01-29,,,19.596180555555556,163.93402777777777,13.977083333333333,,0.7,,1.1,,7.0,274.75694444444446,4.957638888888889,1029.0364583333333,
2024-01-30,,,17.41533101045296,159.93031358885017,14.082926829268294,,0.5,,0.8,,5.9,238.41114982578398,6.838675958188153,1028.9421602787456,
2024-01-31,,,13.661188811188811,150.42307692307693,14.481118881118883,,0.4,,0.7,,4.9,251.50871080139373,10.088501742160279,1023.2285714285714,
2024-02-01,,,13.962937062937064,170.87412587412587,14.297902097902098,,2.1,,3.4,,13.1,125.09407665505226,8.867247386759582,1023.6170731707316,
2024-02-02,,,9.418402777777779,172.15277777777777,14.128125,,2.2,,3.1,,11.2,175.82986111111111,6.455902777777777,1027.2256944444443,
2024-02-03,,,8.43859649122807,170.21052631578948,14.011578947368422,,1.8,,2.8,,8.4,223.66319444444446,7.785416666666666,1027.6625,
2024-02-04,,,9.11602787456446,203.6445993031359,14.14843205574913,,1.4,,2.1,,9.5,166.43205574912892,8.038675958188152,1025.2121951219513,
2024-02-05,,,15.161805555555556,227.75694444444446,13.994097222222223,,3.8,,5.5,,15.1,110.66319444444444,8.202777777777778,1018.8954861111112,
2024-02-06,,,13.57972027972028,160.979020979021,13.531118881118882,,2.3,,3.0,,7.4,200.020979020979,5.000699300699301,1023.9552447552448,
2024-02-07,,,16.796153846153846,167.75874125874125,13.573426573426573,,1.1,,1.7,,9.3,193.44755244755245,5.21958041958042,1021.6444055944055,
2024-02-08,,,19.49375,118.32638888888889,13.571874999999999,,0.7,,1.3,,6.0,246.45833333333334,6.148611111111111,1020.1812500000001,
2024-02-09,,,21.514285714285716,168.17770034843207,13.748432055749129,,0.5,,0.8,,8.7,294.7177700348432,7.066202090592334,1019.967944250871,
2024-02-10,,,26.118055555555557,158.98611111111111,13.712499999999999,,0.5,,0.7,,8.0,268.5104166666667,6.369791666666667,1022.3944444444444,
2024-02-11,,,26.07986111111111,154.88888888888889,13.546527777777778,,0.6,,1.0,,8.2,288.3576388888889,6.436111111111111,1022.9020833333333,
2024-02-12,,,26.74421052631579,145.39649122807018,13.290526315789474,,0.7,,1.3,,11.1,248.44097222222223,6.669444444444444,1029.5357638888888,
2024-02-13,,,25.175261324041813,143.83623693379792,13.08362369337979,,1.1,,1.8,,12.6,235.14285714285714,12.40766550522648,1026.9268292682927,
2024-02-14,,,24.431365313653135,144.75276752767527,13.11549815498155,,1.0,,1.5,,9.0,206.5719557195572,13.90479704797048,1023.0280442804427,
2024-02-15,,,22.9625,178.52430555555554,13.31423611111111,,1.2,,2.2,,13.6,160.1875,12.260069444444445,1016.5850694444445,
2024-02-16,,,11.124825174825174,201.06993006993008,13.097552447552449,,1.8,,2.6,,8.9,233.11458333333334,5.965277777777778,1024.5989583333333,
2024-02-17,,,11.347735191637632,117.14285714285714,13.239024390243902,,1.4,,2.3,,9.7,249.14236111111111,8.328819444444443,1022.3135416666667,
2024-02-18,,,9.35979020979021,136.17132867132867,13.206993006993006,,1.0,,1.6,,5.4,246.88194444444446,11.406944444444443,1021.2753472222222,
2024-02-19,,,11.675261324041813,173.09059233449477,13.367595818815332,,3.0,,4.1,,10.8,210.88194444444446,15.82638888888889,1011.4211805555556,
2024-02-20,,,16.698606271777003,220.39372822299651,13.442857142857143,,1.8,,2.9,,11.8,26.21875,9.636111111111111,1022.2069444444444,
2024-02-21,,,19.076306620209056,213.63066202090593,13.143205574912892,,2.6,,4.3,,13.3,28.773519163763066,8.041463414634146,1021.3114982578398,
2024-02-22,,,18.833333333333332,179.48958333333334,13.184027777777779,,3.1,,3.9,,12.7,58.298611111111114,5.357986111111111,1024.8545138888887,
2024-02-23,,,7.9,349.0,13.3,,1.8,,2.2,,8.0,347.0,3.8,1027.0,
2024-02-24,,,18.58397212543554,169.83623693379792,13.543554006968641,,1.6,,2.8,,10.2,204.55555555555554,5.737500000000001,1028.321875,
2024-02-25,,,20.694425087108016,167.12891986062718,13.62361111111111,,1.2,,1.8,,10.0,258.0486111111111,6.726388888888889,1021.4555555555556,
2024-02-26,,,20.280902777777776,169.47222222222223,13.733680555555557,,1.6,,2.3,,12.5,193.10763888888889,6.611458333333333,1026.4069444444444,
2024-02-27,,,19.39409722222222,164.96527777777777,13.705902777777776,,1.9,,3.2,,10.0,216.55208333333334,5.861458333333333,1030.5465277777778,
2024-02-28,,,17.777700348432056,152.390243902439,14.026480836236933,,1.7,,2.4,,7.6,188.03135888501743,7.7386759581881535,1029.1296167247388,
2024-02-29,,,16.037430167597766,138.20670391061452,14.194444444444445,,1.4,,1.9,,8.6,294.8491620111732,6.61731843575419,1019.1870786516853,
2024-03-01,,,16.8,152.6759776536313,13.885474860335195,,1.2,,2.0,,10.9,296.6611111111111,4.065555555555555,1019.3505555555556,
2024-03-02,,,15.831010452961673,97.9198606271777,13.325783972125436,,1.1,,1.6,,10.9,230.89547038327527,3.1034843205574916,1021.5529616724739,
2024-03-03,,,19.099305555555556,80.15972222222223,13.166319444444445,,0.8,,1.3,,8.2,241.73611111111111,7.7086805555555555,1018.9736111111112,
2024-03-04,,,11.149825783972126,88.18815331010452,13.302787456445992,,0.8,,1.2,,5.8,189.7560975609756,10.247038327526132,1021.3369337979094,
2024-03-05,,,12.132638888888888,247.79861111111111,13.506250000000001,,2.8,,4.1,,13.8,52.763888888888886,9.479861111111111,1013.8666666666666,
2024-03-06,,,12.683333333333334,182.10763888888889,13.284375,,3.0,,5.2,,12.2,281.9548611111111,8.031597222222222,1015.0753472222223,
2024-03-07,,,15.018055555555556,191.21875,13.49826388888889,,1.8,,2.5,,7.3,247.09027777777777,7.077430555555555,1016.8013888888888,
2024-03-08,,,19.820138888888888,154.39236111111111,13.637152777777779,,0.6,,1.0,,9.6,282.2048611111111,6.919097222222223,1015.7145833333333,
2024-03-09,,,23.076736111111114,148.41666666666666,13.523263888888888,,1.4,,2.1,,6.9,234.55555555555554,4.919097222222223,1022.9739583333334,
2024-03-10,,,24.803146853146853,137.71328671328672,13.397552447552448,,1.2,,1.6,,10.7,249.21602787456445,7.820905923344948,1027.3912891986063,
2024-03-11,,,28.330555555555556,144.86458333333334,13.465277777777779,,1.0,,1.4,,9.8,241.44097222222223,10.202430555555557,1021.6100694444444,
2024-03-12,,,28.06814516129032,148.4233870967742,13.410441767068273,,0.9,,1.1,,8.6,250.29317269076304,8.332530120481929,1014.2955823293173,
2024-03-13,,,23.483333333333334,142.76736111111111,13.488541666666666,,1.0,,1.6,,11.6,252.85763888888889,9.075694444444444,1019.7510416666667,
2024-03-14,,,21.945138888888888,144.67013888888889,13.492708333333333,,0.8,,1.4,,10.4,208.42361111111111,11.789930555555555,1020.4739583333334,
2024-03-15,,,17.512891986062716,127.7630662020906,13.467247386759581,,0.8,,1.2,,11.0,250.86805555555554,13.125347222222222,1021.9809027777778,
2024-03-16,,,12.471180555555556,119.55208333333333,13.695486111111112,,0.7,,1.1,,7.2,201.35069444444446,13.286805555555555,1021.2579861111111,
2024-03-17,,,19.090625000000003,101.45138888888889,13.481597222222222,,1.2,,2.2,,14.0,174.92013888888889,13.434722222222222,1014.0920138888889,
2024-03-18,,,17.040972222222223,96.38541666666667,13.401041666666666,,1.3,,2.2,,7.4,216.45138888888889,9.510763888888889,1021.4704861111111,
2024-03-19,,,10.984615384615385,117.79807692307692,14.098076923076924,,1.1,,1.5,,6.5,229.51923076923077,11.131730769230769,1018.9817307692308,
2024-03-20,,,,,,,,,,,,,,,
2024-03-21,,,,,,,,,,,,,,,
2024-03-22,,,,,,,,,,,,,,,
2024-03-23,,,,,,,,,,,,,,,
2024-03-24,,,,,,,,,,,,,,,
2024-03-25,,,,,,,,,,,,,,,
2024-03-26,,,,,,,,,,,,,,,
2024-03-27,,,,,,,,,,,,,,,
2024-03-28,,,,,,,,,,,,,,,
2024-03-29,,,,,,,,,,,,,,,
2024-03-30,,,,,,,,,,,,,,,
2024-03-31,,,,,,,,,,,,,,,
2024-04-01,,,,,,,,,,,,,,,
2024-04-02,,,,,,,,,,,,,,,
2024-04-03,,,,,,,,,,,,,,,
2024-04-04,,,,,,,,,,,,,,,
2024-04-05,,,,,,,,,,,,,,,
2024-04-06,,,,,,,,,,,,,,,
2024-04-07,,,,,,,,,,,,,,,
2024-04-08,,,27.320710059171596,142.77514792899407,14.923275862068964,,0.2,,0.4,,3.8,126.16568047337279,16.87455621301775,1015.1668674698795,
2024-04-09,,,29.187847222222224,173.53125,14.47951388888889,,1.8,,2.4,,14.4,94.00347222222223,12.735416666666667,1021.6670138888888,
2024-04-10,,,25.830208333333335,151.23263888888889,14.894791666666666,,1.5,,2.1,,5.7,214.18402777777777,11.578125,1026.5145833333333,
2024-04-11,,,21.704513888888886,152.02083333333334,14.96701388888889,,1.1,,1.7,,8.2,230.02083333333334,13.926388888888889,1022.4510416666667,
2024-04-12,,,22.347916666666666,147.84722222222223,14.967708333333333,,0.7,,1.2,,4.0,212.07986111111111,15.336111111111112,1018.5972222222222,
2024-04-13,,,19.915277777777778,118.55902777777777,15.25173611111111,,0.3,,0.5,,3.7,240.82291666666666,15.766666666666667,1017.9798611111112,
2024-04-14,,,14.273170731707316,132.00696864111498,15.278745644599303,,0.4,,0.7,,3.5,218.84027777777777,16.319097222222222,1019.2673611111111,
2024-04-15,,,16.8125,126.11805555555556,15.376388888888888,,2.1,,3.5,,5.4,234.69444444444446,15.862847222222221,1013.3871527777778,
2024-04-16,,,16.262717770034843,98.17073170731707,15.060627177700347,,1.4,,2.3,,10.4,200.13240418118468,16.06480836236934,1010.8271777003486,
2024-04-17,,,21.348056537102472,108.1660777385159,15.366077738515902,,0.5,,0.9,,5.3,218.7137809187279,15.604593639575974,1011.5848056537102,
2024-04-18,,,22.67719298245614,70.46315789473684,15.882105263157893,,0.8,,1.2,,7.8,182.96842105263158,15.469824561403508,1010.098596491228,
2024-04-19,,,16.22112676056338,93.91197183098592,16.05387323943662,,0.7,,1.2,,13.3,212.69122807017544,15.963859649122806,1011.8950877192982,
2024-04-20,,,12.919298245614035,180.86315789473684,15.73263157894737,,1.9,,2.9,,10.7,90.05263157894737,15.494035087719299,1011.700701754386,
2024-04-21,,,23.55625,193.39930555555554,15.635416666666666,,1.7,,2.7,,9.7,67.39236111111111,15.52638888888889,1010.3850694444445,
2024-04-22,,,21.166083916083917,184.44405594405595,15.679020979020978,,1.6,,2.3,,11.2,131.8815331010453,15.121951219512194,1013.6292682926828,
2024-04-23,,,21.843205574912893,180.62717770034843,15.704529616724738,,1.7,,2.7,,13.5,62.43205574912892,14.345296167247389,1012.6303135888503,
2024-04-24,,,19.35763888888889,140.77777777777777,15.740625000000001,,1.6,,2.7,,9.0,213.61805555555554,13.893055555555556,1007.9395833333333,
2024-04-26,,,16.828472222222224,166.57986111111111,15.844097222222224,,0.6,,1.0,,10.3,220.64583333333334,15.796875,1009.9576388888888,
2024-04-27,,,22.5734693877551,138.93367346938774,15.63502538071066,,0.4,,0.7,,5.9,230.72081218274113,15.736040609137056,1010.6647959183673,
2024-04-28,,,23.821180555555557,143.63194444444446,15.542361111111111,,0.9,,1.4,,9.2,149.30902777777777,16.55972222222222,1014.3145833333333,
2024-04-29,,,22.93986013986014,160.54895104895104,15.830769230769231,,1.0,,1.6,,11.5,213.794425087108,14.894076655052267,1010.0599303135889,
2024-04-30,,,17.431929824561404,162.99298245614034,16.34,,0.9,,1.3,,8.8,170.53310104529618,15.596515679442508,1007.1686411149826,
2024-05-01,,,16.142013888888886,193.05555555555554,16.390972222222224,,1.3,,2.2,,12.8,113.23611111111111,14.234722222222224,1012.7097222222224,
2024-05-02,,,13.70418118466899,162.78048780487805,16.293379790940765,,1.1,,1.7,,7.7,200.10069444444446,14.039236111111112,1018.7704861111112,
2024-05-03,,,13.705902777777778,112.86805555555556,16.78472222222222,,0.7,,1.3,,5.3,245.54513888888889,14.666319444444444,1018.7534722222222,
2024-05-04,,,15.439583333333335,142.52777777777777,16.679861111111112,,0.4,,0.7,,6.5,233.67013888888889,16.338541666666668,1017.9239583333333,
2024-05-05,,,19.492682926829268,164.3658536585366,16.948083623693382,,1.7,,2.6,,7.5,202.54006968641116,17.495121951219513,1014.6313588850174,
2024-05-06,,,17.977430555555557,144.61805555555554,16.132986111111112,,2.4,,3.6,,13.7,205.49305555555554,17.293055555555554,1007.8354166666666,
2024-05-07,,,25.089930555555554,167.67013888888889,15.222916666666666,,1.3,,1.9,,11.0,190.57291666666666,15.160763888888889,1011.2944444444444,
2024-05-08,,,26.117421602787456,142.31010452961672,15.953658536585365,,1.9,,2.9,,13.3,183.22996515679444,13.168641114982579,1017.3895470383275,
2024-05-09,,,23.679513888888888,120.29861111111111,16.041666666666668,,2.0,,2.9,,11.0,231.90277777777777,14.443402777777777,1018.2270833333334,
2024-05-10,,,24.344097222222224,151.30902777777777,16.081944444444446,,1.0,,1.6,,12.4,200.82291666666666,17.670486111111114,1017.9315972222222,
2024-05-11,,,28.487762237762237,118.17132867132867,15.143706293706295,,1.5,,2.3,,13.6,202.390243902439,18.371080139372822,1015.0174216027874,
2024-05-12,,,32.62167832167832,137.7027972027972,14.534965034965035,,1.5,,2.4,,12.1,187.09407665505228,16.898606271777002,1008.9714285714285,
2024-05-13,,,38.79479166666667,99.15277777777777,15.862152777777778,,0.8,,1.2,,8.7,190.46180555555554,16.338541666666668,1013.9100694444444,
2024-05-14,,,17.20798611111111,159.70486111111111,16.50347222222222,,0.5,,1.0,,9.2,212.97569444444446,16.29409722222222,1015.5659722222222,
2024-05-15,,,13.504166666666666,105.80902777777777,16.81076388888889,,0.9,,1.6,,12.0,220.22569444444446,16.96527777777778,1010.1427083333333,
2024-05-16,,,9.237630662020905,156.37979094076655,16.588850174216027,,1.2,,2.0,,9.9,248.82638888888889,15.780555555555557,1007.8420138888889,
2024-05-17,,,8.622299651567944,131.39721254355402,16.176655052264806,,1.5,,2.3,,13.8,196.55208333333334,17.352430555555557,1014.5826388888888,
2024-05-18,,,11.277083333333334,93.73611111111111,16.230555555555554,,0.8,,1.2,,11.5,204.64930555555554,17.797916666666666,1016.5437499999999,
2024-05-19,,,13.593006993006993,214.43006993006992,16.106993006993008,,0.4,,0.8,,5.7,210.13888888888889,17.816666666666666,1014.6770833333334,
2024-05-20,,,24.694425087108016,174.72822299651568,16.930313588850176,,0.7,,1.1,,8.7,153.390243902439,17.760278745644598,1015.0055749128919,
2024-05-21,,,25.194076655052264,187.15331010452962,17.049477351916376,,0.7,,1.2,,11.3,78.5625,16.617361111111112,1020.2989583333333,
2024-05-22,,,19.950694444444444,148.52430555555554,17.648958333333333,,0.7,,1.1,,6.8,190.60763888888889,16.82465277777778,1016.8118055555556,
2024-05-23,,,23.253819444444446,170.49652777777777,17.68923611111111,,0.7,,1.2,,10.1,205.55208333333334,18.90972222222222,1009.8173611111112,
2024-05-24,,,25.52508710801394,188.62717770034843,16.970383275261323,,0.9,,1.4,,11.8,81.01736111111111,17.856944444444444,1012.7552083333334,
2024-05-25,,,31.463541666666668,205.86458333333334,17.85763888888889,,0.8,,1.3,,8.3,68.31944444444444,17.602777777777778,1017.8156250000001,
2024-05-26,,,11.3,54.0,18.1,,0.6,,0.7,,4.2,19.0,17.0,1016.6,
2024-05-27,,,31.910069444444446,162.88888888888889,17.36388888888889,,1.9,,2.6,,9.4,234.81944444444446,21.196180555555557,1001.9281249999999,
2024-05-28,,,14.901041666666666,215.18402777777777,17.10590277777778,,1.4,,2.3,,13.1,152.90277777777777,18.435416666666665,1005.0371527777778,
2024-05-29,,,28.452083333333334,117.05902777777777,17.638194444444444,,1.1,,1.8,,8.8,238.375,16.990625,1012.9166666666666,
2024-05-30,,,10.709407665505227,190.09407665505228,18.225783972125438,,0.5,,0.8,,5.0,225.63194444444446,18.203125,1011.7767361111112,
2024-05-31,,,19.096515679442508,122.19163763066202,17.678397212543555,,0.6,,0.9,,9.0,198.83623693379792,18.729616724738676,1009.0961672473867,
2024-06-01,,,15.65261324041812,149.98954703832752,17.718466898954702,,0.5,,0.9,,6.6,152.85763888888889,19.125,1009.7604166666666,
2024-06-02,,,15.18701754385965,147.83508771929826,18.176491228070176,,0.7,,1.0,,6.6,108.01041666666667,18.221874999999997,1010.7302083333333,
2024-06-03,,,27.62847222222222,200.11458333333334,18.751388888888886,,0.9,,1.6,,9.6,59.736111111111114,18.208680555555556,1012.0815972222222,
2024-06-04,,,26.603472222222223,184.4375,19.274305555555557,,0.8,,1.3,,10.3,187.22569444444446,18.125347222222224,1016.4038194444444,
2024-06-05,,,24.797916666666666,181.34375,19.625347222222224,,0.6,,1.1,,5.6,148.17361111111111,18.069444444444443,1019.5746527777778,
2024-06-06,,,33.240624999999994,192.1875,19.304166666666667,,0.9,,1.5,,4.5,191.05902777777777,19.305555555555557,1017.8552083333333,
2024-06-07,,,27.577777777777776,131.43055555555554,18.94201388888889,,0.5,,0.8,,6.2,206.82986111111111,19.68298611111111,1014.6329861111111,
2024-06-08,,,33.41493055555556,165.14930555555554,18.496180555555554,,0.7,,1.2,,6.0,212.76041666666666,19.430208333333333,1011.3677083333334,
2024-06-09,,,30.20313588850174,164.4878048780488,18.03170731707317,,1.7,,2.3,,4.8,134.82986111111111,34.42534722222222,1008.3482638888888,
2024-06-10,,,16.90625,169.88541666666666,17.86111111111111,,0.8,,1.1,,12.0,200.42361111111111,37.56006944444445,1007.6409722222221,
2024-06-11,,,12.879020979020979,156.71678321678323,16.932517482517483,,0.8,,1.2,,11.4,187.6853146853147,34.743706293706296,1006.7381118881118,
2024-06-12,,,22.453819444444445,152.81597222222223,16.080555555555556,,0.5,,0.8,,9.8,185.97569444444446,35.77777777777778,1005.0135416666667,
2024-06-13,,,17.563763066202092,163.7212543554007,16.089895470383276,,0.4,,1.1,,4.9,188.90277777777777,36.126736111111114,1004.6204861111112,
2024-06-14,,,10.914236111111112,154.25347222222223,17.419791666666665,,0.4,,0.6,,6.6,206.88194444444446,36.76006944444444,1006.1097222222221,
2024-06-15,,,17.153125000000003,165.43402777777777,18.518749999999997,,0.5,,1.0,,9.4,167.13541666666666,37.87847222222222,1003.4697916666667,
2024-06-16,,,16.494097222222223,209.26736111111111,19.276041666666668,,0.6,,0.9,,8.3,199.28125,38.04375,1005.3336805555555,
2024-06-17,,,13.422222222222222,166.78819444444446,19.419791666666665,,0.6,,0.9,,8.0,235.4375,30.726041666666667,1007.8663194444445,
2024-06-18,,,16.116319444444443,158.74652777777777,18.564930555555556,,0.6,,1.1,,6.9,201.28472222222223,30.52951388888889,1005.8166666666667,
2024-06-19,,,23.378745644599302,162.8885017421603,17.777003484320556,,0.8,,1.1,,10.1,201.52777777777777,27.989930555555556,1008.4618055555555,
2024-06-20,,,26.285416666666666,155.55208333333334,17.27951388888889,,1.4,,2.1,,7.5,160.47916666666666,37.77986111111111,1006.5659722222222,
2024-06-21,,,35.92264808362369,158.41811846689896,18.78745644599303,,1.7,,2.4,,5.1,142.39583333333334,39.47777777777778,1003.9715277777777,
2024-06-22,,,36.62404181184669,153.89198606271776,18.582578397212544,,1.8,,2.9,,10.9,198.9616724738676,39.541463414634144,1000.7522648083625,
2024-06-23,,,36.35208333333333,139.56944444444446,17.311458333333334,,1.5,,2.4,,10.4,192.77083333333334,39.53854166666667,998.578125,
2024-06-24,,,19.288850174216027,114.55052264808363,16.593031358885018,,1.0,,1.5,,10.9,196.19444444444446,39.51145833333334,1003.6142361111112,
2024-06-25,,,22.583680555555556,179.38888888888889,16.27951388888889,,0.9,,1.5,,9.1,217.92013888888889,27.430902777777778,1009.7243055555555,
2024-06-26,,,11.1,52.0,16.9,,0.5,,0.7,,1.2,320.0,19.6,1013.4,
2024-06-27,,,19.721180555555556,176.10069444444446,16.716319444444444,,0.5,,0.8,,3.9,219.1875,35.692013888888894,1013.1611111111112,
2024-06-28,,,18.64738675958188,161.01393728222996,16.437630662020908,,0.5,,0.9,,6.2,190.44599303135888,39.47456445993031,1008.3017421602786,
2024-06-29,,,14.84390243902439,130.66898954703834,16.73484320557491,,1.7,,2.5,,13.4,188.01041666666666,39.45173611111111,1007.1270833333333,
2024-06-30,,,14.992708333333333,112.82291666666667,15.222222222222221,,2.0,,3.4,,14.0,194.08680555555554,39.56840277777778,1000.4940972222222,
2024-07-01,,,15.805208333333333,184.07638888888889,15.039930555555555,,1.3,,2.0,,9.9,186.58333333333334,39.56944444444444,1003.5590277777778,
2024-07-02,,,19.109756097560975,168.42160278745644,14.496515679442508,,1.1,,1.9,,10.2,144.60627177700349,39.58432055749129,1007.8961672473868,
2024-07-03,,,17.645454545454548,131.53146853146853,13.776573426573426,,6.8,,19.6,,10.3,189.60627177700349,39.5390243902439,1009.6118466898954,
2024-07-04,,,21.62847222222222,155.07291666666666,12.935416666666667,,1.0,,1.8,,11.3,186.14236111111111,39.55347222222222,1008.4534722222221,
2024-07-05,,,25.832404181184668,119.91637630662021,11.993031358885018,,1.0,,1.9,,11.7,182.28819444444446,39.451388888888886,1004.923263888889,
2024-07-06,,,25.13170731707317,134.53310104529618,11.701393728222998,,1.2,,1.9,,11.2,186.57142857142858,39.534843205574916,1006.5522648083623,
2024-07-07,,,28.281944444444445,94.52083333333333,11.387152777777779,,1.1,,2.0,,10.7,192.93055555555554,39.44236111111111,1006.0104166666666,
2024-07-08,,,27.654703832752613,116.87456445993031,11.000696864111498,,1.1,,1.5,,9.6,181.0487804878049,39.57665505226481,1005.1383275261325,
2024-07-09,,,22.92090592334495,157.45296167247386,10.597909407665504,,1.4,,2.1,,8.9,202.53310104529618,39.59233449477352,1006.0104529616725,
2024-07-10,,,27.561672473867596,143.8397212543554,10.790243902439025,,1.7,,2.6,,14.9,154.14930555555554,39.597569444444446,1001.7993055555556,
2024-07-11,,,20.545644599303138,179.49477351916377,11.525435540069687,,1.1,,1.6,,4.8,188.4006968641115,39.5808362369338,1002.7644599303137,
2024-07-12,,,19.44826388888889,171.93055555555554,12.561805555555557,,0.6,,0.8,,5.8,205.89236111111111,37.895833333333336,1002.8107638888889,
2024-07-13,,,19.877700348432054,167.14634146341464,13.026480836236933,,0.6,,0.8,,4.0,124.98263888888889,39.493750000000006,1007.2871527777778,
2024-07-14,,,20.762500000000003,184.59027777777777,14.603819444444444,,0.9,,1.6,,5.9,152.96875,39.53784722222222,1010.9097222222222,
2024-07-15,,,19.55034722222222,203.95138888888889,17.383680555555557,,0.7,,1.1,,6.5,45.083333333333336,39.51840277777777,1013.1170138888889,
2024-07-16,,,18.62986111111111,172.375,20.194097222222222,,0.9,,1.4,,8.3,156.4375,39.317708333333336,1012.8729166666667,
2024-07-17,,,19.515972222222224,170.86111111111111,18.47951388888889,,0.8,,1.2,,9.2,194.88194444444446,39.494791666666664,1011.2083333333334,
2024-07-18,,,22.088541666666668,177.02430555555554,15.72048611111111,,1.4,,2.2,,10.7,193.45138888888889,39.51423611111111,1006.5555555555555,
2024-07-19,,,20.427526132404182,174.05923344947735,14.578397212543553,,1.0,,1.5,,9.4,196.2334494773519,38.767247386759585,1006.3233449477351,
2024-07-20,,,19.53240418118467,164.0871080139373,15.91672473867596,,1.0,,1.4,,11.3,187.6341463414634,39.3390243902439,1008.9780487804878,
2024-07-21,,,23.173263888888886,158.5625,15.42673611111111,,0.9,,1.3,,9.5,188.94097222222223,38.57222222222222,1008.5934027777779,
2024-07-22,,,20.657491289198607,163.8432055749129,15.41080139372822,,0.6,,1.0,,9.6,193.92013888888889,39.46319444444444,1008.5784722222221,
2024-07-23,,,22.27847222222222,160.67708333333334,14.668750000000001,,0.7,,1.1,,9.7,184.79861111111111,39.46458333333334,1006.3854166666666,
2024-07-24,,,21.2125,178.23611111111111,13.535763888888889,,0.7,,1.0,,11.4,193.51736111111111,39.492361111111116,1006.4250000000001,
2024-07-25,,,21.86794425087108,173.56445993031357,13.47595818815331,,0.9,,1.2,,6.8,204.30208333333334,39.404513888888886,1007.8093749999999,
2024-07-26,,,17.945644599303133,175.79094076655053,13.718815331010454,,1.4,,2.1,,4.6,205.83333333333334,39.442708333333336,1012.5138888888889,
2024-07-27,,,14.9,189.0,13.0,,0.9,,1.2,,3.3,192.0,39.5,1015.7,
2024-07-28,,,22.133449477351917,183.6794425087108,14.047386759581881,,1.1,,1.5,,9.4,198.03819444444446,37.79756944444445,1014.8204861111111,
2024-07-29,,,19.709756097560977,174.85365853658536,14.077351916376307,,0.9,,1.3,,8.7,192.44791666666666,39.48923611111111,1009.5913194444444,
2024-07-30,,,18.799305555555556,185.57986111111111,14.795486111111112,,0.8,,1.2,,7.3,179.02777777777777,36.78819444444444,1006.9597222222224,
2024-07-31,,,19.50451388888889,171.875,15.183680555555554,,0.7,,1.1,,8.1,195.42013888888889,38.373958333333334,1006.748611111111,
2024-08-01,,,20.645644599303136,183.68641114982577,14.807317073170731,,0.7,,1.1,,9.3,201.72822299651568,38.63275261324042,1005.374912891986,
2024-08-02,,,20.033680555555556,166.78819444444446,14.519097222222221,,0.6,,0.9,,10.1,193.79166666666666,38.089930555555554,1004.7013888888889,
2024-08-03,,,19.404166666666665,176.00694444444446,15.991319444444445,,0.7,,0.9,,5.5,185.32986111111111,37.69305555555556,1007.0416666666666,
2024-08-04,,,28.35659722222222,174.02430555555554,16.7875,,0.5,,0.7,,5.8,121.33333333333333,31.00590277777778,1008.8118055555556,
2024-08-05,,,26.314930555555556,147.39930555555554,22.18298611111111,,0.8,,1.1,,4.9,118.79861111111111,26.835069444444443,1008.9302083333334,
2024-08-06,,,22.63135888501742,158.60627177700349,24.967247386759585,,0.8,,1.3,,3.9,175.24738675958187,27.613937282229966,1008.2344947735191,
2024-08-07,,,20.755052264808363,144.7665505226481,25.321602787456445,,0.7,,1.0,,3.8,234.55555555555554,27.361458333333335,1006.6881944444444,
2024-08-08,,,21.834146341463413,124.07665505226481,25.182229965156797,,0.4,,0.7,,9.6,229.96875,27.265625,1004.6326388888889,
2024-08-09,,,18.570731707317073,128.54355400696863,24.198606271777003,,0.4,,0.6,,4.6,154.93402777777777,27.127083333333335,1004.5934027777779,
2024-08-10,,,20.811458333333334,133.01736111111111,24.76840277777778,,0.5,,0.8,,6.5,143.47222222222223,27.029861111111114,1004.6760416666667,
2024-08-11,,,14.064583333333333,181.22222222222223,25.84652777777778,,1.1,,1.6,,4.9,119.15277777777777,27.508333333333333,1004.3447916666667,
2024-08-12,,,17.249825783972124,213.29965156794424,27.469337979094075,,1.1,,1.9,,7.3,162.09722222222223,27.576736111111114,1005.5597222222223,
2024-08-13,,,14.867708333333333,221.99305555555554,28.725694444444443,,1.2,,1.9,,10.3,164.68402777777777,27.928472222222222,1008.376388888889,
2024-08-14,,,12.382638888888888,166.06944444444446,29.30277777777778,,1.1,,1.6,,10.7,150.38888888888889,28.125347222222224,1008.6975694444445,
2024-08-15,,,11.705208333333333,158.32638888888889,29.505555555555556,,0.9,,1.6,,9.2,145.45138888888889,27.901041666666668,1008.4878472222222,
2024-08-16,,,13.599652777777777,157.20138888888889,29.66597222222222,,1.0,,1.7,,9.3,150.12152777777777,28.430208333333333,1009.0753472222223,
2024-08-17,,,21.9,155.13541666666666,29.93993055555556,,0.8,,1.4,,7.9,145.52083333333334,28.52048611111111,1010.938888888889,
2024-08-18,,,26.61423611111111,215.98958333333334,29.76319444444444,,0.9,,1.5,,7.6,128.44791666666666,28.322916666666668,1010.7336805555556,
2024-08-19,,,27.791666666666668,175.71875,29.105555555555554,,1.2,,1.8,,7.4,155.1875,28.771874999999998,1009.5232638888889,
2024-08-20,,,32.708362369337976,87.99303135888502,27.013588850174216,,2.2,,3.2,,13.9,184.01045296167248,28.328919860627177,1010.8714285714285,
2024-08-21,,,30.571875000000002,105.72916666666667,21.631597222222222,,2.3,,3.1,,13.6,195.53472222222223,25.51840277777778,1010.8048611111111,
2024-08-22,,,30.037959183673472,142.68979591836734,17.04612244897959,,1.2,,1.9,,9.0,201.11020408163265,24.03469387755102,1007.8828571428571,
2024-08-23,,,,,,,,,,,,,,,
2024-08-24,,,,,,,,,,,,,,,
2024-08-25,,,,,,,,,,,,,,,
2024-08-26,,,25.09256198347107,175.86776859504133,18.28677685950413,,0.4,,0.6,,3.5,119.22131147540983,25.27704918032787,1006.7622950819672,
2024-08-27,,,19.5,326.0,18.2,,0.2,,0.5,,2.7,318.0,23.9,1006.3,
2024-08-28,,,25.24513888888889,221.45486111111111,22.713541666666668,,1.7,,2.5,,11.7,19.30902777777778,26.07638888888889,1007.8545138888888,
2024-08-29,,,20.787152777777777,156.36111111111111,25.054166666666667,,3.2,,4.9,,15.0,21.604166666666668,27.55034722222222,1003.3524305555555,
2024-08-30,,,27.70486111111111,180.73958333333334,25.791319444444444,,2.7,,4.2,,14.0,177.69444444444446,27.8125,1002.142013888889,
2024-08-31,,,15.886805555555554,123.18402777777777,26.233680555555555,,1.2,,1.8,,9.2,180.93402777777777,26.366666666666667,1006.6725694444444,
2024-09-01,,,25.13888888888889,98.39236111111111,26.617361111111112,,0.8,,1.5,,5.1,219.87847222222223,26.20763888888889,1008.1579861111111,
2024-09-02,,,16.479094076655052,157.97909407665506,26.74808362369338,,0.5,,0.9,,7.1,188.01742160278746,26.944947735191636,1009.3087108013937,
2024-09-03,,,25.415277777777778,172.41666666666666,26.860763888888886,,1.1,,1.6,,12.0,171.25,25.29409722222222,1012.592361111111,
2024-09-04,,,19.493055555555557,190.89236111111111,27.163194444444443,,0.9,,1.6,,7.9,197.39583333333334,25.340625000000003,1010.9649305555556,
2024-09-05,,,22.67630662020906,120.17770034843205,27.309059233449478,,0.7,,1.2,,10.6,241.404181184669,26.117421602787456,1008.3595818815331,
2024-09-06,,,15.897814207650274,111.82513661202186,27.42622950819672,,0.6,,0.9,,7.4,156.2622950819672,27.121311475409836,1010.5043715846994,
2024-09-07,,,16.608275862068965,110.95172413793104,27.698630136986303,,0.6,,1.0,,5.1,201.60689655172413,27.62896551724138,1013.8993103448275,
2024-09-08,,,14.705208333333335,144.99652777777777,27.623958333333334,,0.5,,0.9,,7.1,138.75694444444446,27.072569444444444,1014.1645833333334,
2024-09-09,,,13.706271777003483,222.56794425087108,27.926480836236934,,0.8,,1.4,,8.4,135.18466898954705,27.461672473867594,1014.0372822299652,
2024-09-10,,,17.833566433566432,145.22027972027973,28.244055944055944,,0.8,,1.4,,6.3,193.8181818181818,27.705244755244756,1014.2188811188811,
2024-09-11,,,41.69512195121951,212.87108013937282,28.13275261324042,,0.5,,0.8,,5.1,217.6376306620209,27.94773519163763,1016.522299651568,
2024-09-12,,,34.85435540069687,199.609756097561,28.263414634146343,,0.6,,0.9,,7.2,134.21602787456445,27.62404181184669,1015.8700348432056,
2024-09-13,,,24.00979020979021,217.33916083916083,28.405594405594407,,0.6,,0.9,,5.2,170.37630662020905,28.15505226480836,1010.4975609756098,
2024-09-14,,,27.13611111111111,212.11805555555554,28.65034722222222,,0.5,,0.9,,7.4,174.09375,28.511805555555554,1007.0836805555555,
2024-09-15,,,24.088541666666668,202.97569444444446,28.428819444444443,,1.8,,2.6,,11.2,141.86458333333334,27.397916666666667,1010.1184027777776,
2024-09-16,,,18.779166666666665,155.67013888888889,28.157638888888886,,1.7,,2.4,,10.1,207.875,26.147916666666667,1015.8375000000001,
2024-09-17,,,27.303819444444443,96.44791666666667,28.45729166666667,,1.1,,1.9,,4.3,195.97916666666666,27.984027777777776,1015.4392361111111,
2024-09-18,,,24.970138888888886,107.24652777777777,28.771874999999998,,0.6,,1.0,,5.0,200.09027777777777,28.390972222222224,1014.7763888888888,
2024-09-19,,,21.458188153310104,119.72473867595819,28.672822299651568,,0.5,,0.9,,4.4,215.31358885017423,28.2006968641115,1015.0421602787455,
2024-09-20,,,24.17638888888889,111.38194444444444,28.514583333333334,,1.3,,1.8,,11.4,229.58680555555554,28.071527777777778,1012.2295138888888,
2024-09-21,,,33.05438596491228,172.70877192982456,26.405263157894737,,1.6,,2.4,,11.2,204.03508771929825,22.95298245614035,1007.0656140350877,
2024-09-22,,,30.33958333333333,202.53472222222223,26.564930555555556,,2.2,,3.6,,11.2,214.82986111111111,22.20659722222222,1010.8069444444445,
2024-09-23,,,17.449128919860627,157.9128919860627,26.918815331010453,,2.3,,3.7,,12.5,139.54006968641116,21.491637630662023,1017.6519163763065,
2024-09-24,,,14.296527777777776,148.67361111111111,26.789895470383275,,1.6,,2.8,,10.7,274.00694444444446,22.05763888888889,1016.2534722222222,
2024-09-25,,,16.176041666666666,127.8125,26.56597222222222,,1.2,,2.0,,7.2,221.35069444444446,24.247916666666665,1014.7010416666667,
2024-09-26,,,16.292307692307695,130.97202797202797,26.594055944055942,,0.6,,1.0,,5.3,208.92307692307693,24.503146853146852,1013.3804195804196,
2024-09-27,,,24.6,55.0,26.4,,0.4,,0.6,,3.8,331.0,23.5,1012.7,
2024-09-28,,,14.863194444444446,181.11111111111111,26.68715277777778,,1.7,,2.7,,10.7,255.4375,23.758333333333333,1017.1906250000001,
2024-09-29,,,19.974564459930313,196.0766550522648,26.480836236933797,,2.1,,3.1,,11.6,185.9233449477352,23.55261324041812,1019.8655052264809,
2024-09-30,,,16.97142857142857,119.50522648083624,26.219860627177702,,1.6,,2.2,,7.7,218.85714285714286,23.27177700348432,1016.1174216027875,
2024-10-01,,,12.854861111111111,143.35763888888889,26.128124999999997,,0.7,,1.1,,9.8,264.1770833333333,24.11388888888889,1010.4288194444445,
2024-10-02,,,18.080701754385966,148.3859649122807,25.461052631578948,,1.1,,1.9,,12.3,248.93333333333334,19.724561403508773,1015.6414035087719,
2024-10-03,,,19.31114982578397,171.9616724738676,24.9588850174216,,2.5,,3.3,,12.8,277.2369337979094,18.605226480836237,1019.0017421602787,
2024-10-04,,,19.984912280701753,145.5298245614035,24.69263157894737,,2.9,,4.0,,9.9,228.87456445993033,19.74773519163763,1023.0188153310105,
2024-10-05,,,16.53611111111111,162.58680555555554,24.549305555555556,,1.7,,2.7,,9.6,224.74652777777777,21.311805555555555,1022.3305555555556,
2024-10-06,,,17.490625,159.73958333333334,24.520833333333332,,1.1,,1.7,,7.6,329.7361111111111,20.741666666666667,1019.482986111111,
2024-10-07,,,15.994791666666666,172.63541666666666,24.372916666666665,,0.7,,1.0,,7.7,325.65625,18.527430555555554,1016.5076388888889,
2024-10-08,,,13.54006968641115,191.38675958188153,24.51567944250871,,1.0,,1.7,,9.6,260.38327526132406,20.350174216027874,1015.5571428571429,
2024-10-09,,,15.96388888888889,148.53819444444446,24.05972222222222,,1.6,,2.9,,11.6,219.60763888888889,19.78472222222222,1016.3256944444444,
2024-10-10,,,19.853819444444444,186.40277777777777,24.035069444444446,,1.4,,2.3,,8.2,227.01041666666666,20.23611111111111,1014.8708333333333,
2024-10-11,,,14.145138888888889,132.85069444444446,23.882291666666664,,0.8,,1.1,,4.3,235.88194444444446,20.13125,1017.8958333333334,
2024-10-12,,,19.19027777777778,193.32638888888889,23.742361111111112,,0.7,,1.1,,4.9,231.96527777777777,20.415625,1022.4652777777778,
2024-10-13,,,22.483275261324042,174.31010452961672,23.78815331010453,,1.7,,3.0,,9.7,149.20209059233449,21.48885017421603,1023.4442508710802,
2024-10-14,,,25.031597222222224,193.5,23.973958333333332,,1.6,,2.3,,8.5,180.77083333333334,22.481944444444444,1019.8215277777776,
2024-10-15,,,21.137500000000003,176.73263888888889,24.044444444444444,,1.6,,2.2,,9.9,232.55902777777777,22.36875,1017.188888888889,
2024-10-16,,,26.836458333333333,205.65625,23.819791666666667,,1.0,,1.5,,9.3,155.9375,22.41701388888889,1021.4420138888888,
2024-10-17,,,20.254166666666666,165.29166666666666,23.601041666666667,,1.3,,2.0,,9.4,119.76388888888889,22.0875,1022.4465277777776,
2024-10-18,,,24.031944444444445,144.19791666666666,23.454513888888886,,2.2,,3.3,,15.8,232.90277777777777,23.021875,1015.6875,
2024-10-19,,,34.782578397212546,171.32404181184668,23.25052264808362,,2.4,,3.4,,17.0,73.06620209059234,20.68710801393728,1016.694425087108,
2024-10-20,,,28.500347222222224,177.45486111111111,22.463194444444444,,2.6,,4.1,,16.1,32.81597222222222,17.677430555555556,1029.4031249999998,
2024-10-21,,,21.351929824561402,141.1578947368421,22.38,,2.4,,3.3,,11.8,144.9298245614035,20.142456140350877,1023.9628070175439,
2024-10-22,,,17.219791666666666,201.875,22.440624999999997,,2.4,,3.9,,11.6,139.13888888888889,21.146875,1015.3697916666666,
2024-10-23,,,9.376041666666667,164.88888888888889,22.598958333333332,,1.7,,2.6,,9.7,256.52430555555554,19.711458333333333,1013.6076388888889,
2024-10-24,,,13.276736111111111,186.74652777777777,22.680902777777774,,0.5,,0.9,,7.6,252.96527777777777,17.071875,1020.3128472222221,
2024-10-25,,,24.914236111111112,198.30208333333334,22.353310104529616,,1.7,,2.4,,10.4,218.75347222222223,19.258333333333333,1024.4562500000002,
2024-10-26,,,10.604513888888889,134.89930555555554,22.170486111111114,,1.6,,2.5,,9.9,202.55555555555554,20.045486111111114,1021.3656249999999,
2024-10-27,,,9.792708333333334,150.01041666666666,22.082291666666666,,1.0,,1.4,,6.0,275.4479166666667,18.639583333333334,1014.5791666666667,
2024-10-28,,,13.1,49.0,22.0,,0.4,,0.6,,2.6,239.0,17.3,1012.2,
2024-10-29,,,23.47595818815331,177.20905923344947,21.776655052264807,,1.5,,2.1,,11.2,222.81533101045295,17.92891986062718,1018.3177700348432,
2024-10-30,,,20.310416666666665,105.96875,21.512500000000003,,1.2,,1.9,,9.6,234.52777777777777,18.196180555555557,1021.4871527777777,
2024-10-31,,,21.668717948717948,154.68205128205128,21.404102564102566,,1.1,,1.8,,8.0,250.16923076923078,18.975384615384616,1023.3051282051282,
2024-11-01,,,17.252551020408163,143.18974358974359,21.225,,1.0,,1.7,,8.4,292.23979591836735,16.091282051282054,1019.1247422680412,
2024-11-02,,,25.944912280701754,194.0280701754386,21.243859649122808,,2.1,,3.2,,15.5,229.97894736842105,18.775438596491227,1015.501403508772,
2024-11-03,,,14.678947368421053,173.35438596491227,21.077543859649126,,1.9,,2.5,,7.9,238.1263157894737,17.86245614035088,1022.5733333333334,
2024-11-04,,,21.854166666666668,165.45833333333334,21.218055555555555,,0.8,,1.3,,8.7,281.78125,18.0875,1019.6329861111111,
2024-11-05,,,30.24236111111111,139.32986111111111,21.172916666666666,,1.2,,1.9,,8.5,295.1111111111111,16.54340277777778,1018.5270833333333,
2024-11-06,,,14.43263888888889,141.47916666666666,20.955208333333335,,1.6,,2.3,,9.7,312.59722222222223,12.945833333333333,1023.3159722222222,
2024-11-07,,,27.850522648083626,124.64808362369338,20.542857142857144,,1.3,,2.1,,8.6,196.83623693379792,15.365156794425088,1028.5365853658536,
2024-11-08,,,20.404676258992804,145.20143884892087,20.74928057553957,,1.4,,2.1,,5.8,196.25179856115108,16.587410071942447,1028.2071942446041,
2024-11-09,,,10.921602787456447,190.70731707317074,20.69721254355401,,1.1,,1.8,,7.8,249.74912891986062,17.137630662020907,1026.087804878049,
2024-11-10,,,8.409059233449478,133.36933797909407,20.8609756097561,,1.2,,1.9,,6.0,309.2013888888889,17.73923611111111,1022.0645833333333,
2024-11-11,,,16.637500000000003,241.88541666666666,21.438888888888886,,0.6,,1.2,,8.7,204.74652777777777,17.546180555555555,1019.6305555555555,
2024-11-12,,,13.744097222222223,158.19791666666666,21.266319444444445,,0.7,,1.1,,7.3,252.39236111111111,17.54409722222222,1018.1277777777777,
2024-11-13,,,16.320138888888888,173.88541666666666,20.888194444444444,,1.4,,2.2,,9.2,151.89236111111111,18.15798611111111,1022.5152777777779,
2024-11-14,,,20.818402777777777,149.74652777777777,20.62048611111111,,1.3,,1.9,,7.5,169.95486111111111,17.74375,1021.3152777777777,
2024-11-15,,,25.537847222222222,152.40625,20.222916666666666,,1.0,,1.5,,8.6,160.12152777777777,18.08298611111111,1019.1225694444444,
2024-11-16,,,27.003832752613242,172.89895470383274,19.914285714285715,,1.1,,1.6,,8.3,177.42508710801394,19.220209059233447,1016.6993031358885,
2024-11-17,,,28.594425087108014,168.98954703832752,19.981881533101046,,0.6,,0.9,,8.5,267.0313588850174,16.58432055749129,1017.7679442508712,
2024-11-18,,,29.057142857142857,155.41114982578398,19.836933797909406,,1.6,,2.5,,12.1,308.4006968641115,9.678397212543553,1027.929268292683,
2024-11-19,,,23.578169014084505,180.79577464788733,19.416549295774647,,1.3,,1.9,,9.9,255.71830985915494,10.930281690140845,1029.4985915492957,
2024-11-20,,,19.669454545454546,189.28,19.354545454545455,,0.8,,1.2,,6.6,265.64,12.592,1023.0716363636365,
2024-11-21,,,20.337638376383765,154.17343173431735,19.230514705882353,,0.4,,0.6,,7.2,259.4871794871795,12.867765567765568,1020.0252747252748,
2024-11-22,,,10.13976833976834,104.61389961389962,18.98957528957529,,0.6,,1.0,,8.3,265.976833976834,12.627027027027028,1020.9528957528958,
2024-11-23,,,8.54367816091954,180.81226053639847,18.801908396946565,,1.3,,2.0,,11.4,230.22137404580153,10.90763358778626,1026.354961832061,
2024-11-24,,,10.546180555555557,191.81597222222223,18.866666666666667,,1.2,,1.9,,8.4,237.13541666666666,11.851041666666667,1029.0930555555556,
2024-11-25,,,9.218402777777778,137.14583333333334,18.561805555555555,,1.1,,2.1,,8.1,180.13194444444446,13.709722222222222,1026.798611111111,
2024-11-26,,,12.817073170731707,151.61324041811847,18.46794425087108,,3.0,,5.3,,18.3,225.95818815331012,14.029965156794425,1012.2822299651568,
2024-11-27,,,15.9284046692607,146.56420233463035,18.46342412451362,,1.2,,1.7,,14.4,250.4941634241245,8.221789883268482,1012.7245136186771,
2024-11-28,,,,,,,,,,,,,,,
2024-11-29,,,19.550522648083625,158.10801393728224,17.599651567944253,,1.1,,1.8,,9.2,264.1463414634146,7.90801393728223,1011.8090592334495,
2024-11-30,,,20.482986111111114,173.23263888888889,17.301041666666666,,0.7,,1.3,,9.6,223.10416666666666,10.015972222222222,1014.8760416666667,
2024-12-01,,,20.050174216027873,123.79442508710801,17.02229965156794,,0.5,,0.9,,7.0,250.6724738675958,12.076655052264808,1016.8174216027874,
2024-12-02,,,22.299999999999997,147.58333333333334,16.947222222222223,,0.8,,1.4,,10.1,240.89236111111111,15.046527777777776,1016.1041666666666,
2024-12-03,,,22.39293286219081,164.9964664310954,16.730388692579506,,0.5,,0.9,,7.4,234.95422535211267,11.029577464788733,1019.6014084507042,
2024-12-04,,,23.077777777777776,155.9375,16.4625,,0.7,,1.1,,9.0,285.4201388888889,8.033333333333333,1020.5697916666666,
2024-12-05,,,22.02013888888889,156.90277777777777,16.09722222222222,,0.6,,1.0,,9.0,248.27430555555554,8.862847222222221,1016.8024305555555,
2024-12-06,,,18.813194444444445,188.06597222222223,15.881250000000001,,0.6,,1.0,,8.8,259.21875,9.241666666666667,1018.6572916666667,
2024-12-07,,,19.290243902439023,137.05226480836237,15.775261324041812,,0.5,,0.8,,9.5,271.0383275261324,6.654355400696864,1022.429268292683,
2024-12-08,,,20.37986111111111,180.51388888888889,15.717361111111112,,0.7,,1.0,,9.8,239.94791666666666,5.787152777777778,1022.9475694444445,
2024-12-09,,,20.811888111888113,176.4020979020979,16.23006993006993,,1.0,,1.4,,4.5,267.1637630662021,5.504878048780488,1023.4944250871081,
2024-12-10,,,17.734265734265733,227.54545454545453,16.96083916083916,,0.6,,1.0,,5.2,259.1602787456446,7.201393728222997,1021.8456445993032,
2024-12-11,,,17.85590277777778,159.18055555555554,17.09826388888889,,1.5,,2.1,,7.9,295.0625,8.43576388888889,1020.2340277777779,
2024-12-12,,,15.271478873239438,160.70422535211267,16.86830985915493,,1.6,,2.8,,7.2,268.2112676056338,8.109154929577464,1021.6496478873239,
2024-12-13,,,18.82439024390244,140.85017421602788,16.381533101045296,,0.6,,1.0,,7.2,305.7142857142857,6.5599303135888505,1019.3742160278747,
2024-12-14,,,23.193055555555556,146.67708333333334,15.977430555555555,,1.0,,1.4,,10.6,291.1041666666667,5.111805555555556,1022.2434027777776,
2024-12-15,,,21.708680555555556,162.58680555555554,15.554166666666667,,0.9,,1.4,,9.0,254.24652777777777,6.279861111111111,1020.4434027777778,
2024-12-16,,,29.16840277777778,147.45138888888889,15.251041666666667,,0.9,,1.4,,8.3,275.7048611111111,6.557638888888889,1021.2947916666667,
2024-12-17,,,25.327177700348432,121.1637630662021,15.08048780487805,,0.8,,1.3,,7.9,276.609756097561,6.6153310104529615,1023.4341463414634,
2024-12-18,,,23.26062717770035,130.33797909407664,15.237630662020905,,1.1,,1.7,,6.5,260.0034843205575,3.700696864111498,1023.0519163763067,
2024-12-19,,,20.762020905923343,120.26480836236934,15.352613240418117,,1.6,,2.2,,9.6,292.3135888501742,5.409059233449478,1026.7602787456447,
2024-12-20,,,18.608333333333334,144.96875,15.386458333333334,,0.9,,1.3,,9.3,258.65625,8.462847222222223,1022.2298611111112,
2024-12-21,,,12.332945736434109,156.96124031007753,15.196138996138997,,0.7,,1.1,,13.6,275.988416988417,6.331274131274131,1016.7911196911198,
2024-12-22,,,8.955084745762711,137.5593220338983,14.763559322033897,,0.8,,1.2,,13.2,295.8813559322034,1.902542372881356,1020.6033898305085,
2024-12-23,,,14.353763440860217,172.21505376344086,14.916042780748665,,0.6,,0.9,,8.4,240.2566844919786,7.424731182795699,1024.2827027027026,
2024-12-24,,,11.450694444444444,203.16319444444446,14.744791666666666,,0.7,,1.1,,6.2,259.72222222222223,6.014930555555555,1026.2708333333333,
2024-12-25,,,8.804513888888888,126.64930555555556,14.771527777777777,,0.8,,1.3,,8.5,263.8888888888889,8.119791666666666,1024.6263888888889,
2024-12-26,,,12.411458333333334,112.94444444444444,14.694791666666667,,0.7,,1.2,,8.3,262.6701388888889,8.077777777777778,1021.5295138888889,
2024-12-27,,,13.8,113.75694444444444,14.5625,,0.6,,0.9,,8.9,249.93402777777777,3.686111111111111,1023.5930555555556,
2024-12-28,,,14.41184668989547,135.9233449477352,14.347735191637632,,1.0,,1.4,,11.5,276.13588850174216,3.2421602787456445,1021.6536585365853,
2024-12-29,,,1.7,89.0,14.0,,0.4,,0.5,,8.3,279.0,2.7,1023.1,
2024-12-30,,,19.759027777777778,134.99305555555554,14.259374999999999,,0.8,,1.2,,11.0,242.02083333333334,9.3125,1020.3684027777776,
2024-12-31,,,19.222916666666666,146.16319444444446,14.1375,,0.7,,1.2,,8.5,246.86805555555554,7.8843749999999995,1017.6291666666667,
2025-01-01,,,20.347902097902097,156.23776223776224,14.06083916083916,,0.6,,1.0,,8.2,270.46153846153845,6.476923076923077,1021.8692307692307,
2025-01-02,,,22.04355400696864,150.10452961672473,13.946341463414633,,0.5,,0.8,,7.6,251.8780487804878,7.19198606271777,1022.5547038327527,
2025-01-03,,,20.991319444444443,155.49305555555554,13.724652777777777,,0.8,,1.1,,9.3,282.6145833333333,4.236111111111111,1024.462847222222,
2025-01-04,,,29.41111111111111,100.71527777777777,13.734722222222222,,0.7,,1.0,,5.1,250.22916666666666,4.354166666666667,1026.0256944444445,
2025-01-05,,,27.43402777777778,93.10416666666667,14.851388888888888,,0.7,,1.2,,9.9,264.53472222222223,7.013194444444444,1022.1381944444444,
2025-01-06,,,16.626480836236933,142.61672473867597,14.876306620209059,,0.5,,0.9,,12.3,273.89930555555554,7.890277777777778,1014.6999999999999,
2025-01-07,,,15.220905923344947,112.46341463414635,14.150871080139373,,1.3,,1.8,,14.5,272.40418118466897,3.126829268292683,1017.0247386759581,
2025-01-08,,,15.4,92.52142857142857,13.942857142857143,,1.1,,1.8,,10.4,259.05357142857144,4.019642857142857,1019.1782142857144,
2025-01-09,,,15.223958333333334,102.39236111111111,13.351388888888888,,0.6,,1.0,,13.0,286.25,2.15625,1022.1968750000001,
2025-01-10,,,30.06829268292683,84.00696864111498,13.169686411149826,,1.2,,1.9,,8.0,284.30662020905925,3.4456445993031357,1028.637630662021,
2025-01-11,,,28.473958333333332,79.42013888888889,13.508680555555555,,1.9,,2.9,,6.4,282.46527777777777,2.151736111111111,1027.5784722222222,
2025-01-12,,,19.606944444444444,142.38888888888889,13.356944444444444,,1.4,,2.2,,10.5,282.4895833333333,2.5819444444444444,1022.2041666666667,
2025-01-13,,,30.191636363636366,100.42545454545454,13.295636363636364,,0.8,,1.3,,7.5,266.4472727272727,4.343272727272727,1025.096,
2025-01-14,,,23.87177700348432,140.05226480836237,13.499651567944252,,0.6,,1.0,,9.0,246.30662020905925,7.9,1023.9498257839721,
2025-01-15,,,22.566433566433567,144.44755244755245,13.37937062937063,,0.6,,1.0,,9.5,283.541958041958,3.3255244755244755,1025.397902097902,
2025-01-16,,,23.167708333333334,130.87847222222223,13.362847222222221,,0.7,,1.0,,8.0,283.38194444444446,3.4944444444444445,1024.0399305555557,
2025-01-17,,,22.4191637630662,124.16724738675958,13.363763066202091,,0.7,,1.1,,7.1,275.08710801393727,4.889547038327526,1025.652961672474,
2025-01-18,,,19.81602787456446,138.27526132404182,13.37979094076655,,0.8,,1.2,,9.8,240.50871080139373,7.096515679442509,1023.2867595818815,
2025-01-19,,,18.384668989547038,128.62717770034843,13.243554006968642,,0.5,,0.8,,8.6,245.29965156794424,8.775958188153309,1016.8602787456447,
2025-01-20,,,18.39513888888889,99.52430555555556,13.208333333333334,,0.5,,0.8,,5.8,273.87847222222223,7.246874999999999,1015.642013888889,
2025-01-21,,,13.492708333333333,114.53125,13.243749999999999,,0.4,,0.7,,7.0,286.2013888888889,8.021180555555555,1020.3708333333333,
2025-01-22,,,11.546527777777778,118.81944444444444,13.121527777777779,,0.5,,0.7,,8.4,259.40277777777777,8.45451388888889,1023.2701388888888,
2025-01-23,,,16.634027777777778,119.79166666666667,13.197569444444445,,0.5,,1.0,,5.2,254.01388888888889,8.547916666666667,1023.3888888888889,
2025-01-24,,,11.294755244755246,161.5909090909091,13.13951048951049,,0.9,,1.5,,8.5,173.25174825174824,8.704895104895105,1024.8692307692306,
2025-01-25,,,12.830313588850174,229.82926829268294,13.489547038327526,,3.0,,4.3,,13.5,236.17421602787456,7.0425087108013935,1027.496864111498,
2025-01-26,,,12.457491289198607,173.86759581881532,13.04390243902439,,1.8,,2.6,,11.4,215.86062717770034,6.870034843205575,1025.1947735191638,
2025-01-27,,,17.038888888888888,138.85069444444446,12.964236111111111,,1.2,,1.7,,9.6,285.49305555555554,5.255902777777778,1015.0291666666667,
2025-01-28,,,18.204166666666666,130.91666666666666,12.745138888888889,,1.3,,2.1,,11.4,246.99305555555554,2.482638888888889,1015.8277777777779,
2025-01-29,,,14.7,44.0,12.5,,0.8,,1.0,,8.2,237.0,1.9,1018.3,
2025-01-30,,,24.28611111111111,122.74305555555556,12.39375,,0.9,,1.3,,7.4,252.27430555555554,3.023611111111111,1027.3326388888888,
2025-01-31,,,26.23784722222222,132.06597222222223,12.280555555555557,,0.8,,1.1,,7.2,262.7986111111111,6.551041666666666,1026.7319444444445,
2025-02-01,,,25.970731707317075,117.15679442508711,12.77560975609756,,1.2,,2.0,,9.4,316.8501742160279,6.850522648083623,1020.3505226480836,
2025-02-02,,,25.24548611111111,141.52777777777777,13.215972222222222,,1.4,,2.1,,8.9,256.6666666666667,7.191666666666666,1016.7725694444445,
2025-02-03,,,23.787152777777777,143.40625,13.222916666666666,,1.4,,2.1,,12.5,285.43055555555554,4.484722222222222,1015.1854166666667,
2025-02-04,,,16.73135888501742,135.54703832752614,12.990592334494774,,1.1,,1.6,,13.3,278.91637630662024,1.3344947735191637,1015.4348432055749,
2025-02-05,,,14.519097222222221,108.32291666666667,12.625694444444443,,1.1,,1.5,,13.7,275.34027777777777,1.9618055555555556,1016.1347222222222,
2025-02-06,,,19.273611111111112,88.09375,12.422569444444445,,1.0,,1.4,,11.1,264.9166666666667,1.953125,1020.6329861111111,
2025-02-07,,,16.68041958041958,102.54195804195804,12.256293706293707,,0.9,,1.3,,15.7,268.57342657342656,2.1947552447552447,1017.6842657342658,
2025-02-08,,,21.058680555555554,94.92013888888889,12.212847222222223,,0.8,,1.3,,7.0,212.85069444444446,2.6729166666666666,1024.3739583333333,
2025-02-09,,,21.262500000000003,95.15277777777777,12.163194444444445,,1.1,,1.8,,5.9,258.8541666666667,2.979861111111111,1024.9788194444445,
2025-02-10,,,21.778745644599304,110.63414634146342,12.235540069686412,,0.9,,1.3,,8.6,273.006968641115,2.528571428571429,1025.2808362369337,
2025-02-11,,,26.81578947368421,95.8140350877193,12.478947368421053,,0.7,,1.1,,5.1,241.96140350877192,3.762456140350877,1028.5333333333333,
2025-02-12,,,21.78850174216028,132.09407665505228,12.519860627177701,,1.1,,1.9,,9.2,277.11149825783974,6.34773519163763,1015.9229965156795,
2025-02-13,,,24.462152777777778,145.58333333333334,12.40486111111111,,1.0,,1.5,,9.6,228.19097222222223,4.165625,1021.5732638888888,
2025-02-14,,,25.742857142857144,118.62369337979094,12.295470383275262,,0.7,,1.0,,7.4,251.9163763066202,6.657839721254355,1021.5142857142856,
2025-02-15,,,22.313888888888886,154.17361111111111,12.24861111111111,,0.5,,0.9,,8.9,254.65972222222223,7.555902777777778,1017.7611111111112,
2025-02-16,,,21.720833333333335,145.97222222222223,12.25,,0.6,,1.0,,7.9,232.57638888888889,9.109375,1014.7621527777778,
2025-02-17,,,18.639930555555555,153.66666666666666,12.219791666666667,,0.7,,1.2,,10.2,304.30555555555554,6.101736111111111,1019.795486111111,
2025-02-18,,,16.114930555555556,148.99305555555554,12.027083333333334,,0.7,,1.2,,11.1,298.74652777777777,2.879166666666667,1022.904861111111,
2025-02-19,,,11.77951388888889,141.86111111111111,11.937847222222222,,0.8,,1.2,,8.5,240.90277777777777,2.423611111111111,1025.6274305555555,
2025-02-20,,,13.449825783972125,93.91289198606272,11.9794425087108,,0.9,,1.3,,5.9,245.7560975609756,2.5658536585365854,1027.3076655052264,
2025-02-21,,,23.55,63.16783216783217,12.302447552447552,,1.0,,1.5,,6.7,197.69444444444446,2.544791666666667,1028.1618055555555,
2025-02-22,,,11.759027777777778,92.13541666666667,12.106597222222222,,0.8,,1.1,,8.0,247.68402777777777,2.388541666666667,1030.132986111111,
2025-02-23,,,11.988888888888889,133.29513888888889,12.081944444444444,,0.7,,1.1,,11.7,287.6423611111111,2.1194444444444445,1027.9503472222223,
2025-02-24,,,26.170833333333334,95.10763888888889,12.277777777777779,,0.9,,1.3,,6.4,238.45486111111111,3.278125,1029.0645833333333,
2025-02-25,,,21.0,96.30555555555556,12.278819444444444,,0.9,,1.6,,12.6,249.14583333333334,6.064930555555556,1025.795138888889,
2025-02-26,,,23.270383275261324,127.89895470383276,12.217770034843205,,0.9,,1.5,,13.0,225.82926829268294,7.976655052264809,1022.9853658536585,
2025-02-27,,,25.22222222222222,141.70833333333334,12.196180555555555,,0.5,,0.9,,7.7,240.10069444444446,8.544097222222222,1023.0083333333334,
2025-02-28,,,26.30798611111111,139.50347222222223,12.172916666666667,,0.7,,1.0,,11.0,212.16666666666666,11.281944444444443,1019.3725694444444,
2025-03-01,,,38.7,45.0,11.9,,0.5,,0.8,,1.6,304.0,10.2,1020.0,
2025-03-02,,,29.74201388888889,162.56944444444446,12.190625,,1.9,,2.4,,14.9,97.18402777777777,11.644444444444444,1016.3375000000001,
2025-03-03,,,29.086805555555557,205.54166666666666,11.77986111111111,,3.2,,4.4,,17.7,19.28125,6.228125,1020.8881944444444,
2025-03-04,,,29.43506944444444,210.15625,11.712152777777778,,3.2,,5.2,,16.7,135.37847222222223,5.892013888888889,1019.9666666666667,
2025-03-05,,,15.992013888888888,184.09375,11.683333333333334,,2.7,,4.0,,10.8,280.97569444444446,6.514930555555555,1021.0399305555555,
2025-03-06,,,13.084722222222222,181.81944444444446,11.69375,,1.4,,2.6,,10.4,228.9375,6.3125,1024.9378472222222,
2025-03-07,,,11.335416666666667,169.94791666666666,11.83125,,1.3,,1.8,,6.7,172.96875,6.895833333333333,1028.3774305555555,
2025-03-08,,,11.262717770034843,184.8780487804878,12.111498257839722,,1.1,,1.6,,5.9,196.85763888888889,8.350347222222222,1026.4125,
2025-03-09,,,13.848263888888889,129.35416666666666,12.058680555555556,,0.6,,1.0,,7.0,208.93055555555554,8.512847222222222,1029.4263888888888,
2025-03-10,,,16.748611111111114,103.70138888888889,12.05,,0.7,,1.1,,4.5,211.72916666666666,9.29861111111111,1027.2381944444444,
2025-03-11,,,18.094097222222224,121.23263888888889,12.158680555555556,,0.5,,0.8,,6.3,242.98611111111111,10.386458333333334,1020.7600694444445,
2025-03-12,,,20.430662020905924,142.2787456445993,12.198257839721254,,0.9,,1.3,,10.2,236.39372822299651,11.837630662020906,1015.1797909407665,
2025-03-13,,,21.257291666666667,169.92708333333334,12.277777777777779,,0.7,,1.1,,8.4,188.10763888888889,11.639930555555557,1021.0805555555556,
2025-03-14,,,22.063541666666666,165.85069444444446,12.305902777777778,,1.0,,1.6,,12.2,119.34375,10.75,1025.9729166666666,
2025-03-15,,,23.30138888888889,198.19444444444446,12.242361111111112,,3.5,,5.6,,13.8,37.048611111111114,9.836111111111112,1022.5715277777776,
2025-03-16,,,18.755902777777777,151.44791666666666,12.429861111111112,,3.2,,4.3,,11.2,249.79861111111111,7.001041666666667,1012.1069444444444,
2025-03-17,,,18.054355400696867,157.6341463414634,12.480836236933797,,2.2,,3.0,,12.7,267.4076655052265,5.7282229965156795,1014.932055749129,
2025-03-18,,,15.556018518518519,115.06481481481481,12.26388888888889,,2.3,,2.9,,12.8,264.93981481481484,5.253703703703703,1013.2370370370371,
2025-03-19,,,15.726829268292683,132.64878048780488,11.446601941747574,,2.3,,3.3,,11.6,221.0,6.321951219512195,1023.2220588235293,
2025-03-20,,,22.04055944055944,74.7027972027972,11.109440559440559,,1.2,,2.0,,11.1,227.8916083916084,9.001398601398602,1019.6206293706293,
2025-03-21,,,19.074912891986063,92.02090592334494,11.188501742160279,,1.6,,2.4,,13.7,214.5993031358885,12.32787456445993,1013.2376306620209,
2025-03-22,,,19.29340277777778,71.85416666666667,11.43125,,1.5,,2.4,,12.7,201.84375,14.382638888888888,1010.3583333333333,
2025-03-23,,,21.048958333333335,58.329861111111114,11.856944444444444,,1.1,,1.8,,13.0,207.125,13.76388888888889,1010.6354166666666,
2025-03-24,,,20.78710801393728,70.18815331010452,11.878048780487806,,1.5,,2.0,,12.6,200.47038327526133,13.831358885017421,1005.7073170731708,
2025-03-25,,,15.032867132867132,99.52797202797203,11.944755244755246,,1.5,,2.5,,13.7,207.67132867132867,14.595104895104894,1001.5258741258742,
2025-03-26,,,17.774912891986062,161.13937282229966,12.255052264808361,,1.2,,2.1,,9.4,159.65156794425087,14.769337979094077,1007.1264808362369,
2025-03-27,,,19.023426573426573,127.9055944055944,11.98006993006993,,1.3,,1.9,,12.4,175.63636363636363,14.772727272727273,1000.9157342657344,
2025-03-28,,,26.539236111111112,168.80208333333334,12.05,,1.3,,2.3,,14.3,109.88194444444444,10.412847222222222,1011.3871527777778,
2025-03-29,,,25.49375,143.6875,11.882291666666667,,1.1,,2.2,,10.0,255.93055555555554,8.421180555555557,1019.984375,
2025-03-30,,,26.294791666666665,140.69791666666666,11.590972222222222,,0.8,,1.2,,9.0,230.75347222222223,5.455902777777777,1028.0743055555556,
2025-03-31,,,28.29409722222222,136.26388888888889,11.643055555555556,,0.6,,0.8,,7.6,243.75347222222223,7.152430555555556,1026.7788194444445,
2025-04-01,,,39.4,56.0,11.6,,0.3,,0.4,,2.7,320.0,6.9,1025.1,
2025-04-02,,,22.882578397212544,157.86411149825784,11.945993031358885,,1.4,,2.3,,8.8,183.04513888888889,9.861458333333333,1019.2680555555556,
2025-04-03,,,19.571527777777778,167.31597222222223,12.106944444444444,,1.2,,2.2,,10.6,193.68055555555554,9.442361111111111,1020.3538194444445,
2025-04-04,,,14.628472222222221,95.78125,12.210416666666667,,0.9,,1.4,,7.8,230.39583333333334,10.136458333333334,1020.6968750000001,
2025-04-05,,,19.262717770034843,89.62369337979094,11.972473867595818,,1.1,,1.6,,10.9,216.20209059233449,12.095121951219513,1014.5749128919861,
2025-04-06,,,17.045296167247386,84.70383275261324,11.858536585365854,,1.1,,1.7,,11.2,218.65505226480838,12.364459930313588,1014.273519163763,
2025-04-07,,,20.011805555555554,81.11805555555556,11.892708333333333,,1.1,,1.8,,12.8,221.12152777777777,12.897916666666667,1017.4329861111112,
2025-04-08,,,16.36421052631579,92.29122807017544,11.80877192982456,,1.5,,2.3,,15.8,153.43859649122808,14.05298245614035,1012.8908771929825,
2025-04-09,,,16.461111111111112,127.17708333333333,12.15625,,0.9,,1.5,,7.5,190.50694444444446,12.414930555555555,1013.1319444444445,
2025-04-10,,,16.444791666666667,69.01041666666667,12.06388888888889,,1.0,,1.7,,12.7,155.81944444444446,13.756250000000001,1005.8562499999999,
2025-04-11,,,20.08466898954704,175.70731707317074,12.650174216027875,,0.6,,0.9,,3.8,221.25,13.031597222222222,1011.3552083333333,
2025-04-12,,,22.626041666666666,170.57638888888889,13.064930555555556,,1.5,,2.1,,11.3,188.16666666666666,12.45451388888889,1010.5538194444445,
2025-04-13,,,22.455087719298245,101.64561403508772,12.318245614035087,,2.5,,3.6,,14.3,233.92631578947368,10.894385964912281,1000.337894736842,
2025-04-14,,,17.408163265306122,144.89795918367346,11.215306122448979,,1.3,,1.8,,6.8,250.72448979591837,7.242857142857142,1002.8857142857144,
2025-04-15,,,,,,,,,,,,,,,
2025-04-16,,,,,,,,,,,,,,,
2025-04-17,,,,,,,,,,,,,,,
2025-04-18,,,,,,,,,,,,,,,
2025-04-19,,,,,,,,,,,,,,,
2025-04-20,,,,,,,,,,,,,,,
2025-04-21,,,,,,,,,,,,,,,
2025-04-22,,,,,,,,,,,,,,,
2025-04-23,,,,,,,,,,,,,,,
2025-04-24,,,,,,,,,,,,,,,
2025-04-25,,,,,,,,,,,,,,,
2025-04-26,,,,,,,,,,,,,,,
2025-04-27,,,,,,,,,,,,,,,
2025-04-28,,,30.843715846994535,123.93989071038251,12.582513661202185,,0.9,,1.2,,12.0,138.3956043956044,15.049180327868852,1006.6972375690608,
2025-04-29,,,26.354166666666668,126.51041666666667,12.254513888888889,,1.4,,2.2,,11.3,178.62152777777777,12.625,1013.8031249999999,
2025-04-30,,,27.71602787456446,91.26480836236934,12.119512195121953,,1.0,,1.4,,11.2,196.98257839721254,14.0595818815331,1015.4177700348433,
2025-05-01,,,25.886062717770034,88.41811846689896,12.217421602787457,,1.4,,2.2,,12.7,196.57491289198606,14.686411149825783,1010.8637630662022,
2025-05-02,,,18.1,82.0,12.8,,1.0,,1.3,,3.1,224.0,13.9,1007.3,
2025-05-03,,,22.649128919860626,125.36585365853658,12.875609756097562,,1.0,,1.4,,7.7,212.66898954703834,13.013240418118468,1007.7993031358886,
2025-05-04,,,24.261805555555554,76.81597222222223,12.992708333333333,,0.8,,1.3,,11.5,232.95486111111111,14.455555555555556,1011.9437499999999,
2025-05-05,,,14.299999999999999,183.76736111111111,13.377777777777778,,0.5,,0.9,,6.4,167.95138888888889,14.011805555555556,1012.8569444444444,
2025-05-06,,,13.526480836236933,160.57839721254356,13.634494773519164,,0.9,,1.6,,6.9,274.2229965156794,13.247386759581882,1007.0487804878048,
2025-05-07,,,14.052777777777777,192.15277777777777,13.967708333333333,,0.7,,1.0,,4.1,217.51041666666666,13.523263888888888,1013.7069444444444,
2025-05-08,,,17.589930555555554,178.16319444444446,14.780902777777776,,0.5,,0.7,,3.4,234.22222222222223,15.243055555555555,1018.4892361111112,
2025-05-09,,,14.001048951048952,186.6993006993007,14.578321678321677,,2.6,,4.1,,12.4,194.55244755244755,15.177972027972027,1009.2157342657343,
2025-05-10,,,13.055555555555555,119.38888888888889,14.180208333333333,,2.3,,3.3,,12.3,218.74305555555554,16.56736111111111,1001.0545138888889,
2025-05-11,,,17.93576388888889,144.62152777777777,13.511111111111111,,1.1,,1.7,,10.9,217.39236111111111,14.606597222222222,1006.4402777777777,
2025-05-12,,,16.778125000000003,163.46180555555554,13.353819444444445,,0.9,,1.4,,10.5,218.15277777777777,16.38611111111111,1010.0225694444445,
2025-05-13,,,16.447038327526133,132.73519163763066,12.939372822299651,,0.9,,1.4,,12.2,196.5156794425087,15.609756097560975,1015.4282229965157,
2025-05-14,,,18.228819444444444,130.17361111111111,12.911458333333334,,0.7,,1.1,,10.9,193.50694444444446,15.410069444444446,1017.3461805555556,
2025-05-15,,,23.045833333333334,124.28472222222223,12.534027777777778,,0.6,,1.0,,8.8,196.21875,16.220833333333335,1016.8708333333333,
2025-05-16,,,21.78611111111111,158.49305555555554,12.867708333333333,,1.0,,1.5,,7.6,161.56597222222223,16.15277777777778,1014.3114583333333,
2025-05-17,,,15.380902777777777,152.84375,13.535763888888889,,1.9,,2.9,,12.4,204.27777777777777,16.281944444444445,1005.0288194444444,
2025-05-18,,,29.381597222222222,164.42361111111111,13.474305555555555,,1.0,,1.9,,9.5,164.74305555555554,15.992013888888888,1009.748611111111,
2025-05-19,,,14.019163763066203,108.2404181184669,13.613937282229964,,1.0,,1.5,,12.5,202.9547038327526,15.806620209059233,1008.687456445993,
2025-05-20,,,21.550871080139373,95.74912891986062,12.762020905923345,,0.9,,1.4,,12.5,196.41114982578398,17.23937282229965,1009.4205574912893,
2025-05-21,,,23.182142857142857,65.23214285714286,13.225892857142856,,0.9,,1.7,,7.4,197.76785714285714,15.845535714285715,1009.5258928571428,
2025-05-22,,,,,,,,,,,,,,,
2025-05-23,,,5.70873786407767,168.16504854368932,16.05,,0.1,,0.4,,5.5,324.04237288135596,18.981355932203392,1011.5912698412699,
2025-05-24,,,23.462369337979094,148.83623693379792,15.641811846689896,,0.7,,1.1,,3.5,304.6829268292683,15.589547038327526,1007.8689895470384,
2025-05-25,,,81.33636363636364,128.05050505050505,14.137373737373736,,0.9,,3.2,,2.6,228.97560975609755,16.295470383275262,1014.125087108014,
2025-05-26,,,,,,,0.5,,1.0,,1.9,205.14982578397212,17.825783972125436,1018.0836236933798,
2025-05-27,,,,,,,0.6,,1.3,,1.6,183.37979094076655,18.412543554006966,1018.7425087108013,
2025-05-28,,,,,,,0.4,,0.6,,2.2,235.57839721254356,19.505923344947735,1018.0428571428571,
2025-05-29,,,,,,,1.2,,3.8,,2.9,258.31597222222223,19.263194444444444,1015.3319444444444,
2025-05-30,,,,,,,0.5,,0.7,,5.9,271.8333333333333,18.016666666666666,1012.6822916666666,
2025-05-31,,,24.029629629629632,146.2469135802469,19.955555555555556,,0.5,,1.0,,7.0,207.50871080139373,18.133449477351917,1011.2379790940766,
2025-06-01,,,26.166783216783216,205.3111888111888,16.362587412587413,,1.0,,2.0,,3.1,147.5625,17.63784722222222,1010.3395833333333,
2025-06-02,,,13.6,176.0,17.3,,0.4,,0.6,,2.5,182.0,18.0,1008.2,
2025-06-03,,,13.48576388888889,177.90625,17.109722222222224,,1.1,,1.7,,9.7,215.74652777777777,18.371875000000003,999.1909722222222,
2025-06-04,,,17.86423611111111,126.60763888888889,17.078819444444445,,0.9,,1.6,,11.9,234.90277777777777,19.985069444444445,1003.8517361111111,
2025-06-05,,,11.263194444444444,175.35763888888889,16.97986111111111,,0.6,,1.1,,10.1,224.67708333333334,18.772222222222222,1010.4690972222221,
2025-06-06,,,11.167361111111111,143.53819444444446,16.577083333333334,,0.8,,1.2,,10.3,205.38541666666666,19.094444444444445,1009.6340277777776,
2025-06-07,,,10.665277777777778,159.14930555555554,15.693402777777777,,0.8,,1.2,,10.7,206.54513888888889,18.52673611111111,1008.8187499999999,
2025-06-08,,,22.21080139372822,202.02090592334494,15.444947735191636,,0.5,,0.6,,8.0,192.875,18.88576388888889,1008.6597222222222,
2025-06-09,,,24.900348432055747,191.62717770034843,15.538675958188154,,0.7,,1.0,,4.6,218.81533101045295,18.882229965156792,1008.474912891986,
2025-06-10,,,25.173263888888886,138.97569444444446,15.75,,0.7,,1.2,,10.4,196.94791666666666,18.522222222222222,1006.1201388888888,
2025-06-11,,,26.757638888888888,176.14583333333334,15.437152777777776,,0.5,,0.9,,7.2,176.02777777777777,19.644444444444446,1010.2458333333333,
2025-06-12,,,31.66597222222222,159.74652777777777,15.439930555555556,,0.3,,0.5,,4.8,161.93402777777777,18.585416666666667,1015.6048611111112,
2025-06-13,,,31.732746478873242,131.42957746478874,15.325352112676056,,0.3,,0.5,,2.6,220.3846153846154,18.556293706293708,1014.7318181818181,
2025-06-14,,,33.70729166666667,161.89583333333334,15.912152777777777,,1.1,,1.7,,9.5,143.38888888888889,19.56076388888889,1003.0447916666667,
2025-06-15,,,17.53402777777778,123.98611111111111,15.651041666666666,,1.1,,1.7,,11.3,198.74305555555554,18.413194444444443,1001.1892361111111,
2025-06-16,,,25.500347222222224,161.87152777777777,14.590277777777779,,1.0,,1.8,,10.2,193.9375,18.393749999999997,1000.2375000000001,
2025-06-17,,,18.84201388888889,120.11458333333333,13.832638888888889,,1.0,,1.5,,10.4,192.20138888888889,17.88611111111111,1006.8843750000001,
2025-06-18,,,17.573958333333334,124.08680555555556,13.452083333333333,,0.9,,1.5,,11.4,200.71527777777777,16.797222222222224,1010.8631944444444,
2025-06-19,,,15.119298245614035,120.93333333333334,13.479649122807016,,0.7,,1.3,,9.6,196.7937062937063,17.321678321678323,1013.5618881118882,
2025-06-20,,,14.013541666666667,111.44444444444444,12.808680555555556,,0.9,,1.5,,9.3,201.50694444444446,18.89409722222222,1010.2218750000001,
2025-06-21,,,16.460763888888888,108.21180555555556,11.511805555555556,,1.3,,2.2,,10.0,184.46180555555554,18.096180555555556,1005.5739583333333,
2025-06-22,,,26.26111111111111,131.70486111111111,11.276388888888889,,1.2,,1.7,,10.8,189.23958333333334,16.91111111111111,1006.2840277777777,
2025-06-23,,,23.279861111111114,159.08333333333334,11.976041666666667,,0.4,,0.7,,3.4,190.55208333333334,19.82361111111111,1007.9416666666667,
2025-06-24,,,38.89930555555556,168.59027777777777,13.932638888888889,,0.5,,0.8,,5.2,131.94791666666666,18.80625,1009.3215277777776,
2025-06-25,,,24.093379790940766,156.06968641114983,16.502090592334497,,0.9,,1.4,,10.9,146.0383275261324,19.1595818815331,1008.3487804878048,
2025-06-26,,,20.346180555555556,164.51041666666666,15.629166666666666,,0.9,,1.5,,10.1,196.88888888888889,19.490277777777777,1008.2604166666666,
2025-06-27,,,29.393749999999997,146.84722222222223,15.021875000000001,,0.7,,1.1,,6.6,186.93055555555554,18.628124999999997,1008.5184027777777,
2025-06-28,,,27.491319444444443,132.45138888888889,16.334375,,0.6,,1.0,,9.6,199.59375,19.380208333333332,1007.7430555555555,
2025-06-29,,,25.023263888888888,130.43402777777777,15.661805555555556,,0.7,,1.1,,10.9,194.29513888888889,19.228472222222223,1007.8697916666666,
2025-06-30,,,30.17256944444445,145.13541666666666,14.479166666666666,,0.5,,0.8,,10.2,201.73263888888889,19.84548611111111,1010.9194444444444,
2025-07-01,,,21.199305555555554,112.23611111111111,14.193055555555555,,0.5,,0.7,,10.2,200.04513888888889,19.819791666666667,1012.8093749999999,
2025-07-02,,,14.491608391608393,160.19230769230768,14.317832167832169,,0.6,,1.0,,9.2,199.95104895104896,19.733566433566434,1012.2895104895105,
2025-07-03,,,4.5,116.0,15.0,,0.3,,0.5,,3.5,232.0,18.8,1011.9,
2025-07-04,,,8.761805555555556,112.51736111111111,14.0,,0.9,,1.3,,10.4,210.44444444444446,20.072222222222223,1007.4736111111112,
2025-07-05,,,9.267708333333333,107.94791666666667,14.121527777777779,,0.9,,1.4,,10.1,209.47222222222223,20.644444444444446,1005.5052083333334,
2025-07-06,,,8.715277777777779,134.73611111111111,14.590972222222222,,0.8,,1.3,,9.3,215.35069444444446,21.03611111111111,1004.2256944444445,
2025-07-07,,,18.267247386759582,248.57839721254356,16.441114982578398,,0.6,,0.9,,4.1,157.2439024390244,24.304878048780488,1005.7742160278746,
2025-07-08,,,35.34826388888889,226.22569444444446,21.05972222222222,,0.6,,1.1,,9.9,56.482638888888886,24.610763888888886,1008.8465277777777,
2025-07-09,,,25.4,216.83859649122806,23.81894736842105,,1.0,,1.6,,11.0,74.51929824561404,25.563859649122808,1010.3294736842106,
2025-07-10,,,23.734027777777776,192.10416666666666,24.908680555555556,,1.0,,1.6,,11.8,70.17013888888889,26.078819444444445,1011.529861111111,
2025-07-11,,,20.634722222222223,187.29861111111111,24.959722222222226,,1.6,,2.4,,12.9,36.44444444444444,25.429166666666667,1012.7663194444444,
2025-07-12,,,17.97152777777778,142.50694444444446,24.80625,,1.3,,2.2,,9.5,40.795138888888886,24.849305555555556,1010.7590277777776,
2025-07-13,,,24.02951388888889,138.77083333333334,24.700694444444444,,0.9,,1.3,,8.9,93.89236111111111,24.471874999999997,1002.6715277777779,
2025-07-14,,,23.958333333333332,175.27430555555554,24.88125,,0.9,,1.4,,9.4,147.80902777777777,23.335763888888888,994.0565972222222,
2025-07-15,,,21.175694444444446,99.85763888888889,24.902083333333334,,1.4,,2.1,,12.7,228.98958333333334,24.087847222222223,996.1388888888889,
2025-07-16,,,19.997212543554006,93.71777003484321,23.234146341463415,,0.9,,1.4,,7.7,218.8885017421603,24.834843205574913,1004.8331010452961,
2025-07-17,,,15.332638888888889,111.50347222222223,22.159374999999997,,1.1,,1.9,,9.2,204.77083333333334,24.80902777777778,1007.4538194444444,
2025-07-18,,,14.213888888888889,95.80208333333333,21.708333333333332,,1.4,,2.2,,7.8,193.89583333333334,23.585069444444443,1008.8843750000001,
2025-07-19,,,13.805594405594405,123.8041958041958,20.791608391608392,,1.4,,2.1,,9.4,184.15384615384616,22.71993006993007,1012.3314685314685,
2025-07-20,,,16.066550522648086,132.66550522648083,20.813240418118465,,0.7,,1.1,,3.5,214.51736111111111,24.82361111111111,1014.0447916666667,
2025-07-21,,,13.136111111111111,188.09375,21.192708333333332,,0.6,,0.9,,9.0,222.11458333333334,24.884375,1015.0093750000001,
2025-07-22,,,22.59616724738676,168.63066202090593,19.27526132404181,,0.6,,0.9,,7.8,210.91666666666666,24.63611111111111,1014.5104166666666,
2025-07-23,,,31.515467625899277,188.6474820143885,18.292086330935252,,0.5,,0.8,,3.3,242.44604316546761,25.08812949640288,1013.2410071942446,
2025-07-24,,,32.35659722222223,143.92013888888889,18.58298611111111,,0.5,,0.9,,4.5,189.57638888888889,24.733680555555555,1011.6350694444445,
2025-07-25,,,28.355400696864113,179.81184668989548,18.989895470383278,,0.8,,1.2,,4.1,153.49128919860627,26.233101045296166,1010.319512195122,
2025-07-26,,,26.447038327526133,178.50871080139373,18.944947735191636,,0.7,,1.1,,4.0,138.84375,25.90972222222222,1009.014236111111,
2025-07-27,,,24.352430555555557,158.76736111111111,19.98923611111111,,0.8,,1.2,,4.1,162.60416666666666,27.382638888888888,1007.3583333333333,
2025-07-28,,,22.329268292682926,170.3623693379791,19.485714285714284,,1.1,,1.6,,3.9,238.01393728222996,26.325435540069684,1004.5864111498257,
2025-07-29,,,19.41923076923077,152.04195804195805,19.10034965034965,,0.5,,0.9,,4.4,197.93706293706293,25.537762237762237,1002.5150349650349,
2025-07-30,,,11.702430555555557,163.20138888888889,20.084027777777777,,0.7,,1.0,,4.3,191.53125,25.970138888888886,1002.4486111111112,
2025-07-31,,,14.844497607655502,159.60765550239233,21.367942583732056,,0.8,,1.0,,5.2,162.31578947368422,26.684688995215314,1003.9401913875598,
2025-08-01,,,16.29090909090909,187.6509090909091,24.145289855072466,,0.6,,0.9,,4.2,159.2246376811594,27.254710144927536,1003.6616788321168,
2025-08-02,,,28.296503496503497,218.8041958041958,25.404545454545453,,0.5,,0.9,,4.7,215.5261324041812,27.410104529616724,1003.3257839721255,
2025-08-03,,,11.6,166.0,26.3,,0.4,,0.5,,0.2,234.0,27.5,1003.7,
2025-08-04,,,15.50034843205575,151.57491289198606,22.89616724738676,,2.0,,2.6,,12.7,210.02787456445992,26.354355400696864,1001.8289198606273,
2025-08-05,,,16.820138888888888,191.06597222222223,19.287847222222222,,1.2,,1.9,,8.4,200.91319444444446,24.721180555555556,1005.4631944444445,
2025-08-06,,,16.98815331010453,182.10452961672473,17.73937282229965,,2.0,,2.9,,9.4,203.6341463414634,23.992682926829268,1003.6473867595819,
2025-08-07,,,22.51736111111111,186.84375,16.308333333333334,,1.6,,2.2,,7.0,152.04861111111111,24.603472222222223,1002.2413194444445,
2025-08-08,,,35.23645833333333,201.82986111111111,18.304166666666667,,1.3,,1.8,,3.0,199.40277777777777,23.999305555555555,1004.9017361111112,
2025-08-09,,,24.865505226480835,199.38327526132403,18.510452961672474,,0.8,,1.0,,11.0,234.34494773519162,22.64006968641115,1004.9742160278745,
2025-08-10,,,33.57839721254356,154.5156794425087,17.96655052264808,,1.3,,2.0,,5.7,163.81533101045295,22.145296167247388,1002.602787456446,
2025-08-11,,,29.865853658536587,142.72473867595818,18.945644599303133,,1.0,,1.5,,9.5,191.6376306620209,22.617770034843208,1005.7912891986061,
2025-08-12,,,27.570486111111112,133.24305555555554,20.661805555555556,,0.9,,1.4,,5.5,251.01736111111111,22.747916666666665,1011.4579861111112,
2025-08-13,,,22.7993031358885,131.25783972125436,21.213937282229963,,0.9,,1.3,,8.2,213.45644599303137,24.646689895470384,1014.6432055749128,
2025-08-14,,,21.977430555555557,129.73611111111111,19.57361111111111,,0.7,,1.0,,9.2,209.57986111111111,23.885416666666668,1015.3649305555555,
2025-08-15,,,22.97836879432624,151.0177304964539,18.08723404255319,,0.6,,0.8,,4.1,177.9964664310954,24.774911660777384,1015.0982332155477,
2025-08-16,,,17.412152777777777,133.87152777777777,18.959027777777777,,0.5,,0.8,,7.9,212.78472222222223,24.34722222222222,1013.4486111111112,
2025-08-17,,,18.82832167832168,136.63636363636363,18.676573426573427,,0.6,,0.9,,9.0,209.7972027972028,23.907342657342657,1014.0132867132867,
2025-08-18,,,20.998947368421053,128.02456140350878,17.524912280701756,,0.6,,1.0,,9.4,211.4,23.361754385964915,1014.5200000000001,
2025-08-19,,,15.293728222996517,130.97560975609755,16.928571428571427,,0.6,,1.0,,9.6,213.64808362369337,23.985017421602787,1012.315331010453,
2025-08-20,,,15.715277777777779,138.80555555555554,16.835069444444443,,0.5,,0.7,,8.1,218.69097222222223,24.154861111111114,1010.765625,
2025-08-21,,,26.55798611111111,136.71527777777777,17.40277777777778,,0.6,,0.9,,4.9,225.0625,25.120833333333334,1010.7013888888889,
2025-08-22,,,26.202777777777776,114.70833333333333,17.961111111111112,,0.5,,0.8,,7.0,220.73263888888889,24.958333333333332,1009.46875,
2025-08-23,,,18.546527777777776,172.29513888888889,16.59097222222222,,0.6,,1.0,,9.2,205.9375,23.331944444444446,1010.0309027777779,
2025-08-24,,,30.55034722222222,154.62152777777777,15.30347222222222,,0.4,,0.7,,6.1,198.29513888888889,21.75173611111111,1011.8156250000001,
2025-08-25,,,37.922916666666666,156.99652777777777,14.265625,,0.6,,0.8,,9.2,199.68055555555554,21.54861111111111,1011.1878472222221,
2025-08-26,,,38.41637630662021,139.29268292682926,12.889895470383276,,0.8,,1.4,,10.6,204.78048780487805,20.127177700348433,1009.6,
2025-08-27,,,30.292334494773517,145.404181184669,12.542857142857143,,0.5,,0.9,,5.6,128.22569444444446,20.966319444444444,1011.7326388888889,
2025-08-28,,,26.02062937062937,111.75524475524476,14.223426573426574,,0.5,,0.8,,4.4,166.83216783216784,23.164685314685315,1013.8377622377621,
2025-08-29,,,13.093055555555557,147.36805555555554,14.820833333333333,,0.7,,1.0,,9.2,202.13194444444446,22.99375,1013.9784722222222,
2025-08-30,,,15.13554006968641,144.74912891986062,14.71149825783972,,0.5,,0.8,,8.2,196.4390243902439,22.138675958188156,1014.2198606271776,
2025-08-31,,,15.994444444444444,140.67708333333334,14.922222222222224,,0.3,,0.6,,6.0,201.55902777777777,22.175694444444446,1011.8041666666666,
2025-09-01,,,15.99513888888889,170.65277777777777,14.916319444444444,,0.9,,1.6,,8.4,209.52083333333334,22.664236111111112,1008.5159722222221,
2025-09-02,,,12.598263888888889,136.44791666666666,14.950347222222222,,0.9,,1.3,,8.1,188.38194444444446,21.244097222222223,1009.5979166666667,
2025-09-03,,,5.1,53.0,13.2,,0.4,,0.6,,0.0,209.0,20.9,1012.0,
2025-09-04,,,20.400348432055747,176.56794425087108,18.9588850174216,,0.9,,1.3,,7.6,151.97560975609755,25.247386759581882,1009.8522648083623,
2025-09-05,,,17.14146341463415,162.49825783972125,24.12822299651568,,0.9,,1.3,,9.4,145.57491289198606,26.022996515679445,1010.7926829268292,
2025-09-06,,,14.49513888888889,138.38888888888889,25.491666666666667,,0.8,,1.2,,10.1,232.01736111111111,26.625347222222224,1010.2538194444444,
2025-09-07,,,18.988501742160278,135.0801393728223,21.587108013937282,,0.9,,1.5,,9.0,233.31010452961672,26.652264808362368,1007.7871080139373,
2025-09-08,,,31.050174216027873,173.98606271777004,19.154006968641113,,0.5,,0.7,,4.5,203.55052264808361,23.7006968641115,1010.6031358885017,
2025-09-09,,,32.27638888888889,193.09722222222223,19.831249999999997,,0.4,,0.8,,7.1,215.96180555555554,22.178819444444443,1012.5100694444445,
2025-09-10,,,25.804166666666667,165.19791666666666,21.227430555555557,,1.0,,1.4,,7.4,202.01388888888889,23.69861111111111,1012.2864583333334,
2025-09-11,,,18.35261324041812,241.18118466898954,25.300696864111497,,1.3,,2.1,,11.1,191.90592334494772,25.26376306620209,1015.432055749129,
2025-09-12,,,12.037500000000001,131.34722222222223,26.563194444444445,,1.7,,2.7,,9.3,124.05555555555556,25.568402777777777,1013.6812500000001,
2025-09-13,,,12.242013888888888,150.53472222222223,26.271180555555556,,1.8,,2.8,,15.9,198.80555555555554,25.503124999999997,1008.1381944444444,
2025-09-14,,,9.554006968641115,148.3588850174216,25.925087108013937,,0.8,,1.3,,4.4,163.08680555555554,24.468402777777776,1012.2090277777778,
2025-09-15,,,10.813194444444443,154.60069444444446,25.615277777777777,,0.7,,0.9,,4.0,225.65625,26.464930555555554,1015.3711805555556,
2025-09-16,,,7.391666666666667,160.56439393939394,25.251698113207546,,0.8,,1.3,,9.8,226.13584905660377,26.625283018867925,1013.3652830188679,
2025-09-17,,,7.079649122807018,176.56140350877192,23.630526315789474,,0.7,,1.2,,10.3,213.5157894736842,26.41719298245614,1010.6063157894737,
2025-09-18,,,7.590277777777778,182.96527777777777,22.943402777777777,,1.7,,2.5,,9.9,100.65277777777777,22.710416666666667,1015.5166666666667,
2025-09-19,,,6.75,198.21875,23.736458333333335,,1.4,,1.8,,8.4,89.61805555555556,23.005902777777777,1017.3659722222224,
2025-09-20,,,6.44375,171.90972222222223,24.1,,1.2,,1.8,,9.2,166.52083333333334,24.10486111111111,1008.7961805555556,
2025-09-21,,,7.708333333333333,204.375,24.522222222222222,,2.4,,18.6,,11.5,106.40972222222223,22.169791666666665,1016.3909722222221,
2025-09-22,,,6.765972222222222,188.42361111111111,24.326041666666665,,1.9,,2.9,,11.0,124.92708333333333,22.678472222222222,1020.4833333333333,
2025-09-23,,,7.146527777777777,182.60763888888889,24.212152777777778,,1.3,,2.2,,10.9,147.57291666666666,22.75451388888889,1019.4944444444445,
2025-09-24,,,6.806597222222222,186.63541666666666,24.364930555555556,,1.4,,2.0,,6.4,217.92708333333334,24.415625,1015.6232638888889,
2025-09-25,,,7.648263888888888,173.90972222222223,24.919791666666665,,0.9,,1.4,,5.2,206.55555555555554,25.518749999999997,1017.1579861111111,
2025-09-26,,,7.481597222222222,179.99305555555554,24.47152777777778,,0.6,,1.0,,6.7,202.4375,24.11284722222222,1018.6927083333334,
2025-09-27,,,7.397222222222222,180.8125,24.640972222222224,,1.0,,1.6,,7.7,117.42708333333333,24.034374999999997,1018.3031249999999,
2025-09-28,,,6.652430555555556,187.43055555555554,24.592361111111114,,1.3,,1.9,,8.6,249.89930555555554,24.169791666666665,1011.3621527777777,
2025-09-29,,,7.102090592334495,188.26829268292684,23.585365853658537,,0.7,,1.0,,8.0,165.85714285714286,22.526132404181183,1012.219512195122,
2025-09-30,,,7.609027777777778,187.42361111111111,23.499305555555555,,0.5,,0.9,,4.4,245.15625,21.525,1013.2913194444445,
2025-10-01,,,12.35281690140845,130.55633802816902,23.654929577464788,,0.5,,0.7,,4.5,257.6021126760563,22.767253521126758,1013.1978873239437,
2025-10-02,,,23.34861111111111,200.96527777777777,23.813541666666666,,0.4,,0.6,,6.0,169.44791666666666,22.599652777777777,1017.5309027777779,
2025-10-03,,,13.766202090592335,202.01045296167248,23.799651567944252,,1.9,,2.8,,7.3,127.35416666666667,21.475,1017.3753472222221,
2025-10-04,,,8.0,200.0,23.5,,1.1,,1.5,,5.4,323.0,20.9,1013.7,
2025-10-05,,,16.321875,165.60763888888889,24.204166666666666,,0.6,,0.9,,4.4,202.94791666666666,22.55902777777778,1014.688888888889,
2025-10-06,,,15.652961672473866,130.29965156794424,24.236585365853657,,1.1,,1.6,,7.1,155.22222222222223,21.806944444444444,1015.9437499999999,
2025-10-07,,,15.12326388888889,137.89583333333334,23.967361111111114,,2.0,,2.7,,7.1,201.05208333333334,22.536458333333332,1015.2291666666666,
2025-10-08,,,20.992361111111112,135.04166666666666,24.377083333333335,,1.3,,2.1,,9.7,129.92361111111111,23.18125,1015.703125,
2025-10-09,,,22.609027777777776,147.76041666666666,24.356250000000003,,2.6,,3.4,,11.1,108.91666666666667,22.144444444444446,1019.1913194444444,
2025-10-10,,,23.822916666666668,108.95486111111111,24.235763888888886,,1.9,,2.7,,7.7,60.857638888888886,22.38576388888889,1018.7854166666667,
2025-10-11,,,21.328125,145.80555555555554,24.325000000000003,,1.1,,1.7,,5.1,194.67013888888889,23.061805555555555,1013.4375,
2025-10-12,,,17.58327526132404,204.9547038327526,23.912891986062718,,1.1,,1.9,,9.3,173.89198606271776,21.680487804878048,1012.9986062717769,
2025-10-13,,,25.498958333333334,231.46875,23.788888888888888,,1.1,,1.9,,6.5,229.95486111111111,20.450694444444444,1015.8059027777776,
2025-10-14,,,17.517013888888886,167.39236111111111,23.703472222222224,,2.1,,3.2,,7.3,273.77777777777777,19.83090277777778,1016.4184027777778,
2025-10-15,,,13.728919860627178,139.78397212543555,23.803135888501743,,1.6,,2.5,,8.4,193.14634146341464,22.10452961672474,1019.4937282229965,
2025-10-16,,,12.481881533101046,190.0487804878049,24.06794425087108,,1.3,,2.1,,8.5,200.0766550522648,21.80766550522648,1017.4174216027874,
2025-10-17,,,15.246180555555554,202.32291666666666,24.220833333333335,,1.5,,2.1,,9.6,117.78472222222223,22.495833333333334,1021.640625,
2025-10-18,,,13.285416666666666,146.04861111111111,24.053472222222222,,1.8,,2.8,,9.8,177.52430555555554,21.347569444444446,1017.6062499999999,
2025-10-19,,,19.010069444444444,173.82638888888889,24.039930555555557,,2.0,,2.9,,10.6,137.52777777777777,19.967708333333334,1022.4260416666667,
2025-10-20,,,16.340625000000003,159.64930555555554,23.785069444444446,,1.7,,2.7,,10.3,264.03472222222223,17.694791666666667,1024.1222222222223,
2025-10-21,,,18.879166666666666,168.18402777777777,23.514236111111114,,1.9,,3.0,,9.6,329.14930555555554,16.79201388888889,1025.8892361111111,
2025-10-22,,,17.437630662020908,184.3275261324042,23.410104529616724,,3.2,,4.4,,11.6,155.21180555555554,18.256944444444443,1026.1447916666666,
2025-10-23,,,18.336458333333333,172.39236111111111,23.404166666666665,,3.2,,3.8,,8.2,191.22222222222223,18.314930555555556,1025.9961805555556,
2025-10-24,,,16.43298611111111,190.9375,23.088194444444444,,2.5,,4.0,,11.8,57.06597222222222,18.518749999999997,1024.5875,
2025-10-25,,,18.62986111111111,161.08680555555554,22.985069444444445,,2.2,,3.1,,7.8,225.58680555555554,18.912847222222222,1020.2628472222223,
2025-10-26,,,15.628472222222221,141.21527777777777,22.528819444444444,,1.0,,1.5,,7.2,203.29166666666666,16.908680555555556,1016.4875000000001,
2025-10-27,,,20.097552447552445,175.6153846153846,22.10979020979021,,0.5,,1.1,,7.8,272.0243902439024,14.372473867595817,1019.125087108014,
2025-10-28,,,14.804513888888888,160.08333333333334,21.605208333333334,,0.5,,0.9,,6.6,244.77430555555554,11.667361111111111,1026.4788194444445,
2025-10-29,,,17.788888888888888,161.35416666666666,21.677083333333332,,0.7,,1.1,,6.8,213.29166666666666,13.941666666666666,1028.8079861111112,
2025-10-30,,,12.430555555555555,171.05555555555554,21.726736111111112,,0.8,,1.2,,5.8,220.85763888888889,15.981944444444444,1025.0552083333334,
2025-10-31,,,9.24861111111111,159.77777777777777,21.914930555555557,,0.7,,1.1,,7.6,260.5138888888889,16.713194444444444,1016.5760416666667,
2025-11-01,,,10.660763888888889,142.125,21.702430555555555,,0.7,,1.0,,10.7,276.60069444444446,17.015972222222224,1011.8913194444444,
2025-11-02,,,12.145833333333334,132.82291666666666,21.428125,,0.6,,1.0,,10.3,228.80208333333334,15.36597222222222,1016.5975694444444,
2025-11-03,,,12.935416666666667,144.57986111111111,21.151041666666668,,2.2,,3.1,,9.8,194.61458333333334,13.01875,1026.4076388888889,
2025-11-04,,,9.8,10.0,20.8,,1.6,,2.3,,6.0,113.0,16.4,1027.2,
2025-11-05,,,27.461458333333333,153.61805555555554,20.943402777777777,,0.9,,1.2,,6.9,200.15277777777777,16.17013888888889,1023.2447916666666,
2025-11-06,,,26.282638888888886,149.22916666666666,20.532291666666666,,0.9,,1.5,,7.5,242.31944444444446,17.095138888888886,1022.8145833333333,
2025-11-07,,,25.499305555555555,152.45833333333334,20.467708333333334,,1.1,,1.5,,9.4,170.08333333333334,17.748611111111114,1024.5913194444445,
2025-11-08,,,20.774305555555557,158.30555555555554,20.30034722222222,,2.1,,3.9,,10.1,149.05208333333334,17.755208333333332,1022.8565972222223,
2025-11-09,,,30.334374999999998,141.12847222222223,20.22986111111111,,1.2,,1.7,,8.1,286.99305555555554,15.876388888888888,1015.0510416666667,
2025-11-10,,,25.642105263157895,144.7824561403509,20.51684210526316,,0.9,,1.3,,5.9,273.40701754385964,13.40280701754386,1017.6136842105263,
2025-11-11,,,16.868402777777778,200.37152777777777,20.062847222222224,,0.8,,1.3,,8.2,200.18402777777777,12.997222222222222,1020.6746527777777,
2025-11-12,,,22.20659722222222,216.43402777777777,19.558680555555554,,0.7,,1.1,,6.7,317.0798611111111,15.086458333333333,1021.9208333333333,
2025-11-13,,,13.89055944055944,146.75524475524475,19.63916083916084,,0.6,,1.0,,4.9,270.7108013937282,14.742508710801395,1017.8717770034843,
2025-11-14,,,12.604513888888889,196.59722222222223,19.71388888888889,,0.4,,0.6,,6.0,279.55902777777777,14.915972222222223,1018.6597222222222,
2025-11-15,,,20.460975609756098,155.9128919860627,20.31742160278746,,0.7,,1.1,,6.2,230.6411149825784,14.059233449477352,1025.6059233449478,
2025-11-16,,,16.344097222222224,152.29861111111111,20.15451388888889,,0.7,,0.9,,9.1,266.97222222222223,15.831249999999999,1025.532986111111,
2025-11-17,,,18.841666666666665,140.86458333333334,19.64340277777778,,0.5,,0.9,,8.8,251.98958333333334,13.215972222222222,1023.4322916666666,
2025-11-18,,,24.162847222222222,173.05208333333334,19.002430555555556,,0.8,,1.5,,9.1,285.75694444444446,7.100347222222222,1024.3777777777777,
2025-11-19,,,25.03240418118467,95.44250871080139,19.097212543554004,,0.8,,1.2,,4.6,262.8327526132404,7.559233449477352,1024.7714285714287,
2025-11-20,,,24.476041666666667,158.55208333333334,19.011458333333334,,0.7,,1.0,,7.6,263.2048611111111,11.424305555555556,1022.7527777777777,
2025-11-21,,,29.761324041811847,106.65505226480836,18.457839721254356,,0.5,,0.8,,8.5,279.6550522648084,11.5198606271777,1023.6257839721253,
2025-11-22,,,22.663541666666667,172.14236111111111,18.18923611111111,,0.6,,0.9,,7.4,279.2013888888889,12.205208333333333,1024.8781250000002,
2025-11-23,,,24.07986111111111,171.64930555555554,18.473958333333332,,0.7,,1.1,,8.2,260.3263888888889,12.930208333333333,1022.3003472222222,
2025-11-24,,,19.216319444444444,133.26041666666666,18.205208333333335,,0.5,,0.8,,6.6,244.13194444444446,15.206944444444446,1017.904861111111,
2025-11-25,,,18.319097222222222,172.64236111111111,17.803472222222222,,0.9,,11.1,,13.7,288.5833333333333,12.862152777777778,1013.9097222222222,
2025-11-26,,,18.108680555555555,132.92361111111111,17.586111111111112,,0.7,,1.2,,5.4,258.8020833333333,11.474305555555555,1022.9229166666667,
2025-11-27,,,16.736805555555556,154.00694444444446,17.428472222222222,,1.9,,2.5,,12.5,254.99652777777777,12.047916666666667,1015.6590277777777,
2025-11-28,,,13.439930555555556,200.04861111111111,17.419444444444444,,1.0,,1.6,,9.3,239.10763888888889,8.660416666666666,1019.3993055555555,
2025-11-29,,,15.936111111111112,122.30555555555556,16.980555555555554,,0.9,,1.4,,8.3,269.35069444444446,10.93888888888889,1018.6374999999999,
2025-11-30,,,12.553658536585367,148.26132404181186,16.856794425087106,,0.8,,1.3,,9.5,241.33333333333334,16.91701388888889,1015.9711805555556,
2025-12-01,,,13.615972222222222,144.20486111111111,16.978125,,0.7,,1.1,,6.5,203.54861111111111,14.83888888888889,1016.6298611111112,
2025-12-02,,,15.874564459930314,152.34843205574913,16.873519163763067,,0.5,,0.9,,9.0,182.77351916376307,8.974564459930313,1019.2024390243902,
2025-12-03,,,20.688888888888886,141.60763888888889,16.43576388888889,,0.4,,0.7,,10.5,251.44097222222223,3.4302083333333333,1022.0694444444445,
2025-12-04,,,23.28576388888889,153.48958333333334,16.24513888888889,,0.5,,1.0,,10.5,265.97222222222223,3.466666666666667,1025.0604166666667,
2025-12-05,,,19.7,43.0,15.9,,0.3,,0.4,,5.0,249.0,5.2,1023.0,
2025-12-06,,,22.91533101045296,149.5993031358885,15.942508710801393,,0.6,,0.9,,7.9,237.14982578397212,7.343554006968641,1021.9829268292682,
2025-12-07,,,24.529965156794425,167.90592334494772,15.665505226480835,,0.7,,1.1,,8.0,228.39236111111111,12.695138888888888,1020.4406250000001,
2025-12-08,,,26.53472222222222,186.13888888888889,15.167708333333334,,0.6,,1.0,,8.4,258.69097222222223,10.3,1023.7194444444444,
2025-12-09,,,18.930902777777778,176.43055555555554,14.552777777777777,,0.5,,0.9,,5.2,253.33680555555554,6.398611111111111,1026.038888888889,
2025-12-10,,,24.652430555555554,170.43055555555554,14.793402777777779,,0.5,,0.7,,5.2,258.1701388888889,8.463888888888889,1025.3493055555555,
2025-12-11,,,14.418750000000001,201.76388888888889,15.302777777777777,,0.5,,0.8,,7.6,233.3125,12.65451388888889,1018.8982638888889,
2025-12-12,,,13.242361111111112,251.29513888888889,15.62673611111111,,1.6,,2.6,,10.4,284.19097222222223,6.913541666666666,1029.2809027777778,
2025-12-13,,,14.270034843205575,215.28571428571428,15.868641114982578,,1.3,,2.1,,8.5,230.18466898954705,9.597909407665504,1021.9205574912893,
2025-12-14,,,11.5397212543554,111.88850174216027,15.704529616724738,,0.7,,0.9,,10.1,290.0696864111498,6.75191637630662,1016.9585365853658,
2025-12-15,,,19.971180555555556,96.06597222222223,15.664236111111112,,1.3,,2.0,,5.7,260.8958333333333,6.494791666666667,1023.8166666666667,
2025-12-16,,,16.065624999999997,102.67013888888889,15.79027777777778,,1.4,,2.0,,5.6,272.50347222222223,8.633333333333333,1023.3684027777776,
2025-12-17,,,11.70173611111111,182.17708333333334,16.158333333333335,,0.7,,1.1,,6.8,279.44444444444446,11.004166666666666,1020.4878472222222,
2025-12-18,,,17.81701388888889,199.84722222222223,16.244444444444444,,1.3,,1.9,,7.5,261.9791666666667,9.495138888888889,1025.0767361111111,
2025-12-19,,,19.072569444444444,184.24652777777777,16.521875,,0.9,,1.5,,6.4,254.02083333333334,13.677430555555555,1022.0475694444444,
2025-12-20,,,20.266319444444445,165.57291666666666,16.81597222222222,,1.1,,1.8,,6.8,267.66319444444446,15.480555555555554,1018.3204861111111,
2025-12-21,,,19.37212543554007,150.27526132404182,16.45540069686411,,0.7,,1.1,,11.1,216.71428571428572,8.018466898954705,1023.3160278745645,
2025-12-22,,,21.52638888888889,114.60763888888889,16.61284722222222,,1.1,,1.9,,9.1,169.61111111111111,7.091319444444444,1028.9208333333333,
2025-12-23,,,21.832291666666666,123.71875,17.131944444444443,,1.1,,1.7,,7.1,263.87847222222223,11.072222222222223,1023.09375,
2025-12-24,,,19.542508710801393,163.205574912892,16.98432055749129,,0.8,,1.3,,8.0,230.03125,10.70138888888889,1014.576736111111,
2025-12-25,,,16.341319444444444,167.16666666666666,16.562152777777776,,0.7,,1.1,,12.0,302.52430555555554,5.8125,1014.5656250000001,
2025-12-26,,,16.62334494773519,151.01742160278746,15.849128919860627,,1.1,,1.5,,11.1,287.8257839721254,1.3400696864111499,1022.8048780487804,
2025-12-27,,,16.15625,185.00694444444446,15.546180555555557,,1.1,,1.5,,7.1,265.4375,3.7079861111111114,1024.884375,
2025-12-28,,,9.340277777777779,143.22222222222223,15.102083333333333,,0.5,,0.8,,6.4,271.46180555555554,7.250347222222222,1022.9069444444444,
2025-12-29,,,11.319097222222222,143.63888888888889,15.16701388888889,,0.7,,1.1,,8.5,265.81597222222223,11.117361111111112,1018.0788194444444,
2025-12-30,,,11.115277777777777,142.15972222222223,15.304861111111112,,0.6,,0.9,,7.9,157.78819444444446,7.113194444444444,1021.7138888888888,
2025-12-31,,,16.90972222222222,127.90972222222223,15.162152777777777,,0.6,,1.0,,7.6,240.08680555555554,2.910763888888889,1023.7694444444444,
2026-01-01,,,23.989930555555556,102.64930555555556,14.927777777777777,,0.6,,0.9,,8.5,218.14236111111111,1.6687500000000002,1022.6503472222222,
2026-01-02,,,20.147916666666667,140.12152777777777,14.604166666666666,,0.7,,1.1,,12.6,242.3125,1.823263888888889,1021.3201388888889,
2026-01-03,,,24.660416666666666,134.27083333333334,14.357291666666665,,0.9,,1.3,,9.2,243.48263888888889,3.3920138888888887,1024.3864583333334,
2026-01-04,,,27.279166666666665,130.13194444444446,14.299999999999999,,0.9,,1.3,,6.7,286.2638888888889,5.81875,1021.951736111111,
2026-01-05,,,29.8,44.0,14.1,,0.4,,0.5,,5.1,277.0,7.2,1019.2,
2026-01-06,,,25.842708333333334,126.44097222222223,14.57986111111111,,0.9,,1.6,,6.5,249.6875,4.732638888888889,1021.0829861111112,
2026-01-07,,,22.246180555555554,147.80555555555554,14.541666666666666,,0.6,,0.9,,10.1,284.81597222222223,6.7243055555555555,1018.03125,
2026-01-08,,,18.882291666666667,157.86458333333334,14.947569444444444,,0.8,,1.3,,8.0,247.67361111111111,2.0555555555555554,1023.8440972222221,
2026-01-09,,,15.65138888888889,157.95833333333334,14.827430555555557,,0.8,,1.2,,8.1,265.52777777777777,4.121874999999999,1021.7944444444444,
2026-01-10,,,12.801736111111111,116.3125,14.237152777777778,,2.1,,3.1,,16.3,249.17708333333334,9.3,1011.7878472222224,
2026-01-11,,,9.387152777777779,97.78472222222223,13.127083333333333,,1.3,,1.9,,11.5,277.7673611111111,1.0756944444444445,1021.2805555555556,
2026-01-12,,,19.73888888888889,67.18055555555556,13.013541666666667,,1.1,,1.9,,11.1,265.4479166666667,3.471875,1019.9243055555556,
2026-01-13,,,8.239236111111111,131.96527777777777,13.060069444444444,,1.4,,2.1,,11.2,266.8298611111111,7.89513888888889,1013.6361111111112,
2026-01-14,,,20.640972222222224,95.03819444444444,13.75138888888889,,0.9,,1.5,,8.5,257.3125,4.765625,1022.4454861111111,
2026-01-15,,,18.410069444444446,108.53819444444444,13.464930555555556,,1.9,,2.9,,12.7,242.52430555555554,13.956944444444444,1014.1802083333334,
2026-01-16,,,24.038541666666667,108.81944444444444,14.141319444444443,,1.4,,2.2,,7.0,237.30902777777777,10.832291666666666,1017.4493055555556,
2026-01-17,,,22.361672473867596,110.90940766550523,14.381184668989546,,0.5,,0.7,,5.2,221.9233449477352,9.613240418118467,1018.5198606271778,
2026-01-18,,,18.560416666666665,139.65972222222223,14.327777777777776,,0.8,,1.2,,6.1,241.70138888888889,9.664236111111112,1020.3975694444445,
2026-01-19,,,19.756597222222222,156.59722222222223,14.421875,,0.7,,1.1,,10.7,231.70833333333334,8.073958333333334,1018.3447916666667,
2026-01-20,,,19.069337979094076,156.32404181184668,14.255400696864113,,1.3,,2.0,,9.8,269.1979166666667,2.5975694444444444,1022.0701388888889,
2026-01-21,,,22.013541666666665,150.27777777777777,14.042708333333334,,1.0,,1.4,,10.6,239.93402777777777,1.0583333333333333,1022.4267361111112,
2026-01-22,,,20.15173611111111,151.26388888888889,13.836458333333333,,0.9,,1.4,,12.1,280.94097222222223,2.1145833333333335,1024.5972222222222,
2026-01-23,,,20.42638888888889,146.90277777777777,13.662847222222222,,0.8,,1.3,,8.7,263.6388888888889,2.961111111111111,1024.7697916666666,
2026-01-24,,,18.394444444444446,141.27777777777777,13.493055555555555,,0.9,,1.4,,11.4,278.3333333333333,3.039236111111111,1022.3017361111112,
2026-01-25,,,16.07465277777778,159.69791666666666,13.5125,,0.7,,1.1,,10.1,230.71527777777777,1.790972222222222,1027.2819444444444,
2026-01-26,,,11.651388888888889,134.87847222222223,13.209027777777777,,0.9,,1.4,,7.2,280.0138888888889,3.7253472222222226,1024.334375,
2026-01-27,,,9.768402777777778,128.38194444444446,13.071180555555555,,0.7,,1.0,,8.3,278.125,4.205555555555556,1021.8555555555556,
2026-01-28,,,29.072569444444444,84.39236111111111,13.255902777777777,,1.0,,1.6,,8.7,195.30208333333334,2.7177083333333334,1024.9743055555555,
2026-01-29,,,23.98611111111111,91.76388888888889,13.521875000000001,,0.8,,1.2,,9.5,273.125,2.7881944444444446,1027.2079861111113,
2026-01-30,,,24.459027777777777,89.67708333333333,14.174652777777776,,0.9,,1.4,,7.3,199.29861111111111,1.4940972222222222,1027.5270833333334,
2026-01-31,,,24.18576388888889,101.61111111111111,14.399999999999999,,0.9,,1.3,,6.3,222.01388888888889,3.5531249999999996,1025.2763888888887,
2026-02-01,,,22.606620209059233,145.73519163763066,14.089198606271777,,0.6,,0.9,,10.6,250.50871080139373,3.3090592334494775,1024.8212543554007,
2026-02-02,,,22.872569444444444,152.77083333333334,13.890277777777778,,0.7,,1.0,,9.9,247.35416666666666,2.8309027777777778,1024.9038194444445,
2026-02-03,,,25.70034722222222,127.06944444444444,13.563541666666667,,0.6,,1.0,,7.1,254.1875,4.369791666666667,1027.1215277777778,
2026-02-04,,,25.887500000000003,128.25694444444446,13.497222222222224,,0.6,,1.0,,7.5,259.6423611111111,7.394791666666666,1021.2326388888889,
2026-02-05,,,35.0,36.0,13.4,,0.4,,0.6,,3.9,256.0,7.5,1019.3,
2026-02-06,,,20.333333333333332,151.54513888888889,13.588888888888889,,0.6,,1.0,,9.7,220.51388888888889,7.776388888888889,1018.5281249999999,
2026-02-07,,,15.38159722222222,148.54513888888889,13.370486111111111,,0.9,,1.4,,11.7,234.31944444444446,2.451041666666667,1019.0975694444444,
2026-02-08,,,13.105902777777779,133.07986111111111,12.772569444444445,,2.0,,2.8,,13.5,276.09722222222223,2.1624999999999996,1023.5975694444444,
2026-02-09,,,20.054861111111112,74.60069444444444,12.833333333333334,,1.5,,2.0,,8.7,226.37152777777777,4.485416666666667,1026.0364583333333,
2026-02-10,,,11.270833333333334,74.53472222222223,12.493055555555555,,0.8,,1.3,,7.8,244.29166666666666,6.647222222222222,1020.5034722222222,
2026-02-11,,,29.753819444444446,56.875,14.087847222222223,,0.7,,1.1,,8.8,266.6111111111111,8.125,1018.7093749999999,
2026-02-12,,,14.354861111111111,134.39236111111111,14.25486111111111,,0.6,,1.0,,7.1,254.97569444444446,7.744791666666667,1020.6722222222221,
2026-02-13,,,14.45972222222222,114.39236111111111,14.052777777777777,,0.7,,1.1,,9.3,263.78472222222223,9.494097222222223,1018.7458333333333,
2026-02-14,,,14.574652777777779,131.09375,14.004513888888889,,0.6,,1.0,,9.6,248.52777777777777,11.919444444444444,1016.5270833333333,
2026-02-15,,,16.145296167247388,164.58885017421602,13.882229965156794,,0.5,,0.8,,6.3,214.37979094076655,11.768641114982579,1016.436236933798,
2026-02-16,,,18.70034722222222,167.01388888888889,13.45625,,1.9,,3.2,,9.7,192.03472222222223,8.148958333333333,1020.8031249999999,
2026-02-17,,,18.827551020408162,144.20408163265307,13.48477157360406,,1.8,,3.0,,6.5,229.51269035532994,7.021319796954315,1021.5466666666667,
2026-02-18,,,21.58090277777778,147.0625,13.22013888888889,,0.7,,1.2,,11.5,224.56597222222223,7.555555555555555,1020.0368055555555,
2026-02-19,,,24.358680555555555,137.34722222222223,13.067708333333334,,1.0,,1.5,,11.5,271.9861111111111,7.585763888888888,1022.2861111111112,
2026-02-20,,,24.666319444444444,145.27777777777777,13.2625,,1.0,,1.5,,11.0,234.83333333333334,10.215972222222222,1017.9611111111111,
2026-02-21,,,24.194425087108016,134.1184668989547,13.231358885017421,,1.1,,1.7,,11.6,233.09027777777777,12.380555555555555,1014.623611111111,
2026-02-22,,,22.70138888888889,139.17361111111111,12.99375,,1.7,,2.6,,13.3,235.92708333333334,14.848958333333334,1009.1125000000001,
2026-02-23,,,15.618749999999999,130.46527777777777,12.606597222222222,,1.0,,1.5,,10.0,211.92708333333334,7.247222222222222,1022.8430555555556,
2026-02-24,,,18.041463414634144,99.02090592334494,12.496864111498258,,1.2,,1.8,,9.5,112.62717770034843,6.697212543554007,1022.8463414634147,
2026-02-25,,,12.301736111111111,209.40277777777777,13.035763888888889,,3.3,,4.9,,13.9,92.34375,9.608680555555557,1021.5361111111112,
2026-02-26,,,11.197569444444445,195.86458333333334,13.410763888888889,,2.4,,3.5,,10.8,91.70138888888889,10.610416666666667,1019.5972222222222,
2026-02-27,,,15.695486111111112,125.90625,13.822916666666666,,1.7,,3.0,,8.6,149.85069444444446,8.82638888888889,1015.7256944444445,
2026-02-28,,,13.785763888888889,161.3125,14.395833333333334,,1.5,,2.4,,11.4,38.072916666666664,8.471527777777778,1021.954513888889,
