date,temperature_2m_mean
2014-01-01,6.820833333333333
2014-01-02,6.520833333333333
2014-01-03,6.633333333333333
2014-01-04,6.454166666666667
2014-01-05,5.416666666666667
2014-01-06,4.479166666666667
2014-01-07,5.033333333333333
2014-01-08,4.545833333333333
2014-01-09,-1.0333333333333334
2014-01-10,-0.2625
2014-01-11,2.1416666666666666
2014-01-12,3.4250000000000003
2014-01-13,0.45416666666666666
2014-01-14,1.2333333333333332
2014-01-15,1.5583333333333333
2014-01-16,2.5708333333333333
2014-01-17,3.875
2014-01-18,2.904166666666667
2014-01-19,1.8
2014-01-20,5.666666666666667
2014-01-21,0.5875
2014-01-22,1.0875000000000001
2014-01-23,2.920833333333333
2014-01-24,8.058333333333334
2014-01-25,11.679166666666667
2014-01-26,4.2250000000000005
2014-01-27,6.2625
2014-01-28,8.295833333333333
2014-01-29,7.191666666666666
2014-01-30,10.679166666666667
2014-01-31,7.154166666666666
2014-02-01,11.5625
2014-02-02,13.370833333333332
2014-02-03,8.179166666666667
2014-02-04,-1.7208333333333332
2014-02-05,0.17499999999999996
2014-02-06,3.4916666666666667
2014-02-07,6.029166666666666
2014-02-08,5.608333333333333
2014-02-09,4.158333333333333
2014-02-10,2.6083333333333334
2014-02-11,2.3625000000000003
2014-02-12,3.720833333333333
2014-02-13,4.479166666666667
2014-02-14,4.283333333333333
2014-02-15,4.783333333333333
2014-02-16,5.341666666666666
2014-02-17,6.654166666666666
2014-02-18,3.975
2014-02-19,3.8375
2014-02-20,5.429166666666667
2014-02-21,4.891666666666667
2014-02-22,5.379166666666666
2014-02-23,6.8875
2014-02-24,7.883333333333333
2014-02-25,8.625
2014-02-26,8.987499999999999
2014-02-27,11.2125
2014-02-28,9.779166666666667
2014-03-01,9.6875
2014-03-02,8.533333333333333
2014-03-03,6.533333333333334
2014-03-04,7.679166666666667
2014-03-05,6.208333333333333
2014-03-06,3.4458333333333333
2014-03-07,3.2083333333333335
2014-03-08,4.270833333333333
2014-03-09,5.875
2014-03-10,4.308333333333334
2014-03-11,6.704166666666667
2014-03-12,11.404166666666667
2014-03-13,6.670833333333333
2014-03-14,5.179166666666666
2014-03-15,7.545833333333333
2014-03-16,11.591666666666667
2014-03-17,12.7875
2014-03-18,14.308333333333332
2014-03-19,9.779166666666667
2014-03-20,8.875
2014-03-21,7.2625
2014-03-22,8.445833333333333
2014-03-23,11.154166666666667
2014-03-24,10.995833333333332
2014-03-25,13.854166666666666
2014-03-26,14.154166666666667
2014-03-27,12.158333333333333
2014-03-28,14.1
2014-03-29,14.4375
2014-03-30,13.6
2014-03-31,12.3375
2014-04-01,12.7125
2014-04-02,14.1
2014-04-03,13.783333333333333
2014-04-04,9.354166666666666
2014-04-05,8.479166666666666
2014-04-06,8.879166666666666
2014-04-07,11.766666666666666
2014-04-08,12.862499999999999
2014-04-09,13.383333333333333
2014-04-10,12.512500000000001
2014-04-11,12.791666666666666
2014-04-12,13.683333333333332
2014-04-13,12.758333333333333
2014-04-14,13.0625
2014-04-15,15.6875
2014-04-16,16.508333333333333
2014-04-17,14.445833333333333
2014-04-18,13.741666666666667
2014-04-19,11.883333333333333
2014-04-20,12.575000000000001
2014-04-21,14.541666666666666
2014-04-22,14.754166666666668
2014-04-23,14.166666666666666
2014-04-24,16.395833333333332
2014-04-25,17.1875
2014-04-26,17.366666666666667
2014-04-27,16.9125
2014-04-28,14.612499999999999
2014-04-29,15.433333333333332
2014-04-30,14.504166666666668
2014-05-01,15.616666666666667
2014-05-02,16.7
2014-05-03,15.170833333333334
2014-05-04,15.083333333333334
2014-05-05,13.995833333333332
2014-05-06,13.470833333333333
2014-05-07,14.279166666666667
2014-05-08,17.275000000000002
2014-05-09,15.779166666666667
2014-05-10,15.333333333333334
2014-05-11,16.916666666666668
2014-05-12,18.008333333333333
2014-05-13,17.991666666666667
2014-05-14,16.520833333333332
2014-05-15,18.462500000000002
2014-05-16,18.525000000000002
2014-05-17,18.054166666666667
2014-05-18,17.529166666666665
2014-05-19,17.8625
2014-05-20,16.983333333333334
2014-05-21,18.658333333333335
2014-05-22,18.170833333333334
2014-05-23,17.2875
2014-05-24,18.391666666666666
2014-05-25,19.2625
2014-05-26,20.537499999999998
2014-05-27,19.625
2014-05-28,19.420833333333334
2014-05-29,19.804166666666667
2014-05-30,20.283333333333335
2014-05-31,21.233333333333334
2014-06-01,21.191666666666666
2014-06-02,19.599999999999998
2014-06-03,19.479166666666668
2014-06-04,20.079166666666666
2014-06-05,19.704166666666666
2014-06-06,19.833333333333332
2014-06-07,18.958333333333332
2014-06-08,18.908333333333335
2014-06-09,19.333333333333332
2014-06-10,19.104166666666668
2014-06-11,19.591666666666665
2014-06-12,18.483333333333334
2014-06-13,19.79583333333333
2014-06-14,20.933333333333334
2014-06-15,21.554166666666664
2014-06-16,21.991666666666664
2014-06-17,20.095833333333335
2014-06-18,20.75
2014-06-19,20.925
2014-06-20,21.0
2014-06-21,20.425
2014-06-22,20.229166666666668
2014-06-23,20.25
2014-06-24,21.1375
2014-06-25,21.78333333333333
2014-06-26,22.037499999999998
2014-06-27,21.945833333333336
2014-06-28,23.22083333333333
2014-06-29,23.191666666666666
2014-06-30,22.670833333333334
2014-07-01,23.379166666666666
2014-07-02,22.1125
2014-07-03,22.1375
2014-07-04,22.77916666666667
2014-07-05,21.90833333333333
2014-07-06,21.116666666666667
2014-07-07,22.2
2014-07-08,23.587500000000002
2014-07-09,24.6875
2014-07-10,25.933333333333334
2014-07-11,25.991666666666664
2014-07-12,24.075
2014-07-13,22.84583333333333
2014-07-14,23.866666666666664
2014-07-15,22.6875
2014-07-16,23.416666666666668
2014-07-17,22.912499999999998
2014-07-18,23.224999999999998
2014-07-19,24.258333333333336
2014-07-20,24.583333333333332
2014-07-21,24.508333333333336
2014-07-22,24.733333333333334
2014-07-23,25.691666666666666
2014-07-24,26.416666666666668
2014-07-25,26.59583333333333
2014-07-26,26.2375
2014-07-27,23.84166666666667
2014-07-28,22.941666666666666
2014-07-29,24.625
2014-07-30,26.320833333333336
2014-07-31,27.104166666666668
2014-08-01,26.608333333333334
2014-08-02,25.954166666666666
2014-08-03,25.7
2014-08-04,24.650000000000002
2014-08-05,25.6125
2014-08-06,25.912499999999998
2014-08-07,24.8875
2014-08-08,23.679166666666664
2014-08-09,24.34583333333333
2014-08-10,24.420833333333334
2014-08-11,23.729166666666668
2014-08-12,24.245833333333334
2014-08-13,24.308333333333334
2014-08-14,22.204166666666666
2014-08-15,23.108333333333334
2014-08-16,23.545833333333334
2014-08-17,23.45
2014-08-18,24.133333333333336
2014-08-19,23.954166666666666
2014-08-20,23.2375
2014-08-21,24.40416666666667
2014-08-22,23.787499999999998
2014-08-23,24.291666666666668
2014-08-24,23.84583333333333
2014-08-25,24.058333333333334
2014-08-26,24.558333333333334
2014-08-27,22.46666666666667
2014-08-28,22.099999999999998
2014-08-29,21.849999999999998
2014-08-30,22.104166666666668
2014-08-31,21.833333333333332
2014-09-01,22.204166666666666
2014-09-02,22.329166666666666
2014-09-03,23.925
2014-09-04,23.166666666666668
2014-09-05,23.349999999999998
2014-09-06,21.34583333333333
2014-09-07,22.412499999999998
2014-09-08,23.008333333333336
2014-09-09,23.337500000000002
2014-09-10,22.954166666666666
2014-09-11,22.625
2014-09-12,22.175
2014-09-13,21.9875
2014-09-14,21.650000000000002
2014-09-15,21.604166666666668
2014-09-16,22.34166666666667
2014-09-17,21.766666666666666
2014-09-18,21.1375
2014-09-19,21.054166666666667
2014-09-20,21.095833333333335
2014-09-21,21.229166666666668
2014-09-22,21.383333333333336
2014-09-23,22.145833333333332
2014-09-24,22.675
2014-09-25,21.241666666666667
2014-09-26,20.379166666666666
2014-09-27,20.920833333333334
2014-09-28,21.754166666666666
2014-09-29,21.683333333333334
2014-09-30,20.337500000000002
2014-10-01,19.104166666666668
2014-10-02,20.045833333333334
2014-10-03,19.7625
2014-10-04,18.308333333333334
2014-10-05,18.354166666666668
2014-10-06,17.60833333333333
2014-10-07,17.975
2014-10-08,17.8125
2014-10-09,19.075
2014-10-10,19.608333333333334
2014-10-11,18.929166666666667
2014-10-12,19.962500000000002
2014-10-13,17.8
2014-10-14,14.875
2014-10-15,15.641666666666666
2014-10-16,16.183333333333334
2014-10-17,14.508333333333333
2014-10-18,16.679166666666667
2014-10-19,17.870833333333334
2014-10-20,20.320833333333333
2014-10-21,19.537499999999998
2014-10-22,14.945833333333333
2014-10-23,14.620833333333332
2014-10-24,16.504166666666666
2014-10-25,16.349999999999998
2014-10-26,16.745833333333334
2014-10-27,15.795833333333334
2014-10-28,14.933333333333332
2014-10-29,15.745833333333332
2014-10-30,16.208333333333332
2014-10-31,16.595833333333335
2014-11-01,17.620833333333334
2014-11-02,15.1875
2014-11-03,10.2125
2014-11-04,12.054166666666667
2014-11-05,14.154166666666667
2014-11-06,13.674999999999999
2014-11-07,14.25
2014-11-08,15.758333333333333
2014-11-09,14.879166666666668
2014-11-10,13.133333333333333
2014-11-11,12.979166666666666
2014-11-12,11.4375
2014-11-13,5.020833333333333
2014-11-14,7.2875000000000005
2014-11-15,8.354166666666666
2014-11-16,10.362499999999999
2014-11-17,10.641666666666667
2014-11-18,8.258333333333333
2014-11-19,8.7875
2014-11-20,9.237499999999999
2014-11-21,10.895833333333334
2014-11-22,11.987499999999999
2014-11-23,12.4375
2014-11-24,13.174999999999999
2014-11-25,12.566666666666668
2014-11-26,12.066666666666668
2014-11-27,11.441666666666668
2014-11-28,14.045833333333334
2014-11-29,12.554166666666667
2014-11-30,13.554166666666667
2014-12-01,7.0375000000000005
2014-12-02,0.16249999999999998
2014-12-03,4.175
2014-12-04,3.8375
2014-12-05,0.44166666666666665
2014-12-06,0.625
2014-12-07,2.3125
2014-12-08,4.620833333333334
2014-12-09,3.7125
2014-12-10,9.479166666666666
2014-12-11,5.8999999999999995
2014-12-12,2.1958333333333333
2014-12-13,1.2625
2014-12-14,0.8791666666666668
2014-12-15,4.654166666666667
2014-12-16,3.654166666666667
2014-12-17,-2.716666666666667
2014-12-18,-2.1333333333333333
2014-12-19,3.225
2014-12-20,4.816666666666666
2014-12-21,0.5083333333333333
2014-12-22,1.3958333333333333
2014-12-23,3.7375000000000003
2014-12-24,7.045833333333333
2014-12-25,1.9333333333333333
2014-12-26,1.5083333333333335
2014-12-27,3.8249999999999997
2014-12-28,4.8
2014-12-29,5.4624999999999995
2014-12-30,7.229166666666667
2014-12-31,5.066666666666666
2015-01-01,-1.8
2015-01-02,-0.45416666666666666
2015-01-03,1.1166666666666665
2015-01-04,5.904166666666666
2015-01-05,7.529166666666666
2015-01-06,6.6125
2015-01-07,-0.12083333333333333
2015-01-08,0.8708333333333332
2015-01-09,2.25
2015-01-10,3.375
2015-01-11,3.954166666666667
2015-01-12,2.1958333333333333
2015-01-13,4.929166666666666
2015-01-14,6.3999999999999995
2015-01-15,6.9375
2015-01-16,5.929166666666667
2015-01-17,1.7208333333333334
2015-01-18,3.0375
2015-01-19,5.216666666666667
2015-01-20,3.7875
2015-01-21,7.4750000000000005
2015-01-22,6.1499999999999995
2015-01-23,4.6125
2015-01-24,5.445833333333333
2015-01-25,7.658333333333334
2015-01-26,11.612499999999999
2015-01-27,4.6125
2015-01-28,2.025
2015-01-29,5.533333333333334
2015-01-30,3.525
2015-01-31,0.37083333333333335
2015-02-01,2.6916666666666664
2015-02-02,3.266666666666667
2015-02-03,4.529166666666667
2015-02-04,4.6499999999999995
2015-02-05,3.2125
2015-02-06,3.5041666666666664
2015-02-07,4.95
2015-02-08,-0.6375000000000001
2015-02-09,-2.5541666666666667
2015-02-10,3.8249999999999997
2015-02-11,6.166666666666667
2015-02-12,4.020833333333333
2015-02-13,1.2916666666666667
2015-02-14,4.358333333333333
2015-02-15,7.591666666666666
2015-02-16,8.745833333333334
2015-02-17,6.208333333333333
2015-02-18,4.133333333333334
2015-02-19,4.708333333333333
2015-02-20,5.754166666666666
2015-02-21,9.387500000000001
2015-02-22,11.183333333333332
2015-02-23,5.4875
2015-02-24,6.066666666666666
2015-02-25,7.845833333333334
2015-02-26,7.6000000000000005
2015-02-27,1.5
2015-02-28,5.541666666666667
2015-03-01,5.154166666666667
2015-03-02,4.5125
2015-03-03,5.3374999999999995
2015-03-04,2.3541666666666665
2015-03-05,3.0083333333333333
2015-03-06,6.045833333333333
2015-03-07,6.483333333333333
2015-03-08,6.816666666666666
2015-03-09,7.6375
2015-03-10,-0.525
2015-03-11,3.3833333333333333
2015-03-12,4.470833333333333
2015-03-13,8.5
2015-03-14,7.191666666666666
2015-03-15,8.791666666666666
2015-03-16,10.133333333333333
2015-03-17,11.954166666666666
2015-03-18,11.566666666666668
2015-03-19,11.070833333333333
2015-03-20,11.779166666666667
2015-03-21,12.645833333333334
2015-03-22,12.475
2015-03-23,7.2625
2015-03-24,6.854166666666667
2015-03-25,8.041666666666666
2015-03-26,9.129166666666666
2015-03-27,9.862499999999999
2015-03-28,11.6
2015-03-29,12.733333333333334
2015-03-30,12.7125
2015-03-31,13.070833333333333
2015-04-01,12.775
2015-04-02,13.445833333333333
2015-04-03,15.270833333333334
2015-04-04,10.4125
2015-04-05,11.241666666666667
2015-04-06,11.345833333333333
2015-04-07,8.983333333333333
2015-04-08,8.737499999999999
2015-04-09,9.112499999999999
2015-04-10,10.870833333333332
2015-04-11,11.104166666666666
2015-04-12,11.65
2015-04-13,11.3125
2015-04-14,10.5375
2015-04-15,11.5625
2015-04-16,13.737499999999999
2015-04-17,11.395833333333334
2015-04-18,12.345833333333333
2015-04-19,15.666666666666666
2015-04-20,11.766666666666666
2015-04-21,11.674999999999999
2015-04-22,14.1
2015-04-23,13.658333333333333
2015-04-24,14.466666666666667
2015-04-25,14.8375
2015-04-26,15.191666666666668
2015-04-27,15.695833333333333
2015-04-28,15.995833333333332
2015-04-29,15.237499999999999
2015-04-30,15.674999999999999
2015-05-01,16.845833333333335
2015-05-02,17.6875
2015-05-03,16.966666666666665
2015-05-04,18.258333333333333
2015-05-05,14.470833333333333
2015-05-06,14.529166666666667
2015-05-07,15.295833333333334
2015-05-08,15.662500000000001
2015-05-09,16.491666666666667
2015-05-10,15.2125
2015-05-11,16.108333333333334
2015-05-12,15.954166666666666
2015-05-13,17.620833333333334
2015-05-14,17.766666666666666
2015-05-15,18.175
2015-05-16,16.6125
2015-05-17,16.691666666666666
2015-05-18,15.145833333333334
2015-05-19,17.308333333333334
2015-05-20,17.333333333333332
2015-05-21,16.991666666666667
2015-05-22,18.470833333333335
2015-05-23,18.083333333333332
2015-05-24,17.816666666666666
2015-05-25,18.8
2015-05-26,20.445833333333333
2015-05-27,20.395833333333332
2015-05-28,19.966666666666665
2015-05-29,19.766666666666666
2015-05-30,19.025000000000002
2015-05-31,18.916666666666668
2015-06-01,19.195833333333333
2015-06-02,19.291666666666668
2015-06-03,20.495833333333334
2015-06-04,19.066666666666666
2015-06-05,16.8
2015-06-06,16.8625
2015-06-07,18.0
2015-06-08,18.833333333333332
2015-06-09,19.595833333333335
2015-06-10,20.491666666666667
2015-06-11,20.479166666666668
2015-06-12,22.041666666666668
2015-06-13,20.354166666666668
2015-06-14,20.316666666666666
2015-06-15,20.766666666666666
2015-06-16,20.229166666666668
2015-06-17,19.820833333333333
2015-06-18,20.866666666666667
2015-06-19,20.666666666666668
2015-06-20,19.1875
2015-06-21,19.599999999999998
2015-06-22,20.245833333333334
2015-06-23,20.720833333333335
2015-06-24,21.116666666666667
2015-06-25,21.279166666666665
2015-06-26,22.6375
2015-06-27,21.041666666666668
2015-06-28,20.220833333333335
2015-06-29,20.766666666666666
2015-06-30,20.1875
2015-07-01,21.554166666666664
2015-07-02,21.058333333333334
2015-07-03,22.3
2015-07-04,20.8375
2015-07-05,20.587500000000002
2015-07-06,20.458333333333332
2015-07-07,19.954166666666666
2015-07-08,20.904166666666665
2015-07-09,21.766666666666666
2015-07-10,22.1875
2015-07-11,23.099999999999998
2015-07-12,23.59166666666667
2015-07-13,23.3
2015-07-14,23.079166666666666
2015-07-15,23.433333333333334
2015-07-16,21.454166666666666
2015-07-17,20.020833333333332
2015-07-18,21.304166666666667
2015-07-19,22.208333333333332
2015-07-20,23.09583333333333
2015-07-21,23.72083333333333
2015-07-22,23.8125
2015-07-23,24.491666666666664
2015-07-24,25.083333333333332
2015-07-25,25.266666666666666
2015-07-26,25.59583333333333
2015-07-27,26.1875
2015-07-28,26.770833333333332
2015-07-29,27.087500000000002
2015-07-30,26.8
2015-07-31,26.2
2015-08-01,26.358333333333334
2015-08-02,26.075
2015-08-03,26.145833333333332
2015-08-04,26.287499999999998
2015-08-05,26.333333333333332
2015-08-06,26.554166666666664
2015-08-07,27.695833333333336
2015-08-08,27.775000000000002
2015-08-09,27.525000000000002
2015-08-10,28.304166666666664
2015-08-11,27.09583333333333
2015-08-12,24.0625
2015-08-13,25.087500000000002
2015-08-14,25.03333333333333
2015-08-15,25.15416666666667
2015-08-16,25.166666666666668
2015-08-17,25.020833333333332
2015-08-18,24.670833333333334
2015-08-19,25.179166666666664
2015-08-20,24.895833333333332
2015-08-21,23.575
2015-08-22,24.84166666666667
2015-08-23,25.22083333333333
2015-08-24,24.537499999999998
2015-08-25,23.34583333333333
2015-08-26,22.97083333333333
2015-08-27,23.604166666666668
2015-08-28,23.90833333333333
2015-08-29,23.537499999999998
2015-08-30,23.166666666666668
2015-08-31,23.775000000000002
2015-09-01,23.712500000000002
2015-09-02,23.416666666666668
2015-09-03,23.370833333333334
2015-09-04,23.2625
2015-09-05,22.8
2015-09-06,21.954166666666666
2015-09-07,20.900000000000002
2015-09-08,20.4875
2015-09-09,21.412499999999998
2015-09-10,20.791666666666668
2015-09-11,21.933333333333334
2015-09-12,21.454166666666666
2015-09-13,20.275000000000002
2015-09-14,20.337500000000002
2015-09-15,20.658333333333335
2015-09-16,20.679166666666667
2015-09-17,19.541666666666668
2015-09-18,20.45
2015-09-19,20.091666666666665
2015-09-20,20.283333333333335
2015-09-21,21.029166666666665
2015-09-22,21.05
2015-09-23,21.087500000000002
2015-09-24,21.46666666666667
2015-09-25,21.25
2015-09-26,21.40833333333333
2015-09-27,21.0125
2015-09-28,20.95
2015-09-29,20.791666666666668
2015-09-30,19.625
2015-10-01,21.679166666666664
2015-10-02,16.933333333333334
2015-10-03,19.104166666666668
2015-10-04,18.504166666666666
2015-10-05,18.570833333333333
2015-10-06,17.9875
2015-10-07,18.558333333333334
2015-10-08,18.408333333333335
2015-10-09,18.454166666666666
2015-10-10,16.3875
2015-10-11,15.466666666666667
2015-10-12,15.475
2015-10-13,16.162499999999998
2015-10-14,16.920833333333334
2015-10-15,17.087500000000002
2015-10-16,17.583333333333332
2015-10-17,18.1125
2015-10-18,17.970833333333335
2015-10-19,18.125
2015-10-20,18.245833333333334
2015-10-21,18.891666666666666
2015-10-22,17.525000000000002
2015-10-23,17.349999999999998
2015-10-24,17.89166666666667
2015-10-25,16.116666666666667
2015-10-26,15.637500000000001
2015-10-27,16.891666666666666
2015-10-28,13.408333333333333
2015-10-29,14.4375
2015-10-30,11.7125
2015-10-31,9.304166666666667
2015-11-01,11.358333333333334
2015-11-02,12.525
2015-11-03,13.220833333333333
2015-11-04,14.799999999999999
2015-11-05,15.270833333333334
2015-11-06,15.304166666666667
2015-11-07,17.0125
2015-11-08,16.0
2015-11-09,15.458333333333334
2015-11-10,13.575000000000001
2015-11-11,15.116666666666667
2015-11-12,16.391666666666666
2015-11-13,15.391666666666666
2015-11-14,16.429166666666667
2015-11-15,15.9375
2015-11-16,16.591666666666665
2015-11-17,16.320833333333333
2015-11-18,14.145833333333334
2015-11-19,13.508333333333333
2015-11-20,14.383333333333333
2015-11-21,13.799999999999999
2015-11-22,14.408333333333333
2015-11-23,13.6875
2015-11-24,11.262500000000001
2015-11-25,9.604166666666666
2015-11-26,4.433333333333334
2015-11-27,3.525
2015-11-28,5.283333333333333
2015-11-29,7.825
2015-11-30,10.045833333333333
2015-12-01,9.883333333333333
2015-12-02,12.770833333333334
2015-12-03,6.108333333333333
2015-12-04,5.054166666666666
2015-12-05,6.820833333333333
2015-12-06,6.954166666666667
2015-12-07,8.7875
2015-12-08,10.420833333333333
2015-12-09,11.833333333333334
2015-12-10,13.066666666666668
2015-12-11,10.354166666666666
2015-12-12,8.858333333333333
2015-12-13,9.041666666666666
2015-12-14,10.441666666666666
2015-12-15,10.4
2015-12-16,5.133333333333334
2015-12-17,0.7416666666666667
2015-12-18,1.95
2015-12-19,5.75
2015-12-20,8.308333333333334
2015-12-21,8.25
2015-12-22,8.025
2015-12-23,11.416666666666666
2015-12-24,8.633333333333333
2015-12-25,4.358333333333333
2015-12-26,6.895833333333333
2015-12-27,4.233333333333333
2015-12-28,0.4666666666666666
2015-12-29,1.6541666666666668
2015-12-30,3.108333333333333
2015-12-31,5.3125
2016-01-01,4.316666666666666
2016-01-02,7.8500000000000005
2016-01-03,8.770833333333334
2016-01-04,7.929166666666667
2016-01-05,4.329166666666667
2016-01-06,4.1499999999999995
2016-01-07,2.7916666666666665
2016-01-08,1.9291666666666665
2016-01-09,2.6958333333333333
2016-01-10,3.779166666666667
2016-01-11,3.3249999999999997
2016-01-12,2.275
2016-01-13,1.2
2016-01-14,2.1625
2016-01-15,3.6791666666666667
2016-01-16,4.579166666666667
2016-01-17,7.1499999999999995
2016-01-18,2.058333333333333
2016-01-19,-3.3958333333333335
2016-01-20,-2.8625000000000003
2016-01-21,-0.37083333333333335
2016-01-22,0.1958333333333333
2016-01-23,-2.1791666666666667
2016-01-24,-6.5625
2016-01-25,-2.9291666666666667
2016-01-26,1.1125
2016-01-27,4.158333333333333
2016-01-28,3.779166666666667
2016-01-29,6.145833333333333
2016-01-30,6.695833333333333
2016-01-31,3.0541666666666667
2016-02-01,1.2875
2016-02-02,0.4083333333333334
2016-02-03,1.5666666666666667
2016-02-04,2.966666666666667
2016-02-05,3.1916666666666664
2016-02-06,1.6541666666666666
2016-02-07,1.7041666666666666
2016-02-08,3.608333333333333
2016-02-09,4.795833333333333
2016-02-10,4.4375
2016-02-11,8.141666666666667
2016-02-12,12.783333333333333
2016-02-13,14.483333333333334
2016-02-14,5.770833333333333
2016-02-15,-0.8375
2016-02-16,1.7208333333333332
2016-02-17,2.920833333333333
2016-02-18,4.5874999999999995
2016-02-19,7.675000000000001
2016-02-20,7.5
2016-02-21,2.7875
2016-02-22,5.004166666666666
2016-02-23,6.654166666666666
2016-02-24,2.1333333333333333
2016-02-25,2.1125000000000003
2016-02-26,5.404166666666666
2016-02-27,9.379166666666666
2016-02-28,8.891666666666667
2016-02-29,1.2625
2016-03-01,0.8250000000000001
2016-03-02,4.791666666666667
2016-03-03,9.566666666666666
2016-03-04,12.470833333333333
2016-03-05,13.5875
2016-03-06,13.8375
2016-03-07,10.941666666666668
2016-03-08,8.9
2016-03-09,5.954166666666667
2016-03-10,4.533333333333333
2016-03-11,2.8125
2016-03-12,4.333333333333333
2016-03-13,7.029166666666666
2016-03-14,6.7124999999999995
2016-03-15,6.941666666666666
2016-03-16,9.737499999999999
2016-03-17,10.654166666666667
2016-03-18,12.799999999999999
2016-03-19,11.741666666666667
2016-03-20,9.450000000000001
2016-03-21,8.875
2016-03-22,10.262500000000001
2016-03-23,10.233333333333333
2016-03-24,7.804166666666667
2016-03-25,7.808333333333334
2016-03-26,7.429166666666667
2016-03-27,8.220833333333333
2016-03-28,10.075000000000001
2016-03-29,12.049999999999999
2016-03-30,13.404166666666667
2016-03-31,12.866666666666667
2016-04-01,12.754166666666665
2016-04-02,12.595833333333333
2016-04-03,12.833333333333334
2016-04-04,11.783333333333333
2016-04-05,13.025
2016-04-06,12.625
2016-04-07,13.558333333333332
2016-04-08,13.866666666666667
2016-04-09,14.654166666666667
2016-04-10,13.208333333333334
2016-04-11,10.075000000000001
2016-04-12,11.845833333333333
2016-04-13,14.674999999999999
2016-04-14,15.924999999999999
2016-04-15,13.049999999999999
2016-04-16,14.891666666666666
2016-04-17,14.720833333333333
2016-04-18,13.679166666666667
2016-04-19,13.012500000000001
2016-04-20,13.5625
2016-04-21,15.333333333333334
2016-04-22,14.316666666666668
2016-04-23,15.308333333333332
2016-04-24,13.933333333333332
2016-04-25,14.291666666666666
2016-04-26,14.683333333333332
2016-04-27,12.354166666666666
2016-04-28,12.308333333333332
2016-04-29,13.545833333333334
2016-04-30,15.179166666666667
2016-05-01,16.158333333333335
2016-05-02,16.75
2016-05-03,16.575
2016-05-04,16.658333333333335
2016-05-05,16.433333333333334
2016-05-06,16.912499999999998
2016-05-07,17.741666666666667
2016-05-08,16.383333333333333
2016-05-09,16.558333333333334
2016-05-10,15.116666666666667
2016-05-11,14.5375
2016-05-12,15.683333333333332
2016-05-13,16.304166666666667
2016-05-14,15.387500000000001
2016-05-15,17.166666666666668
2016-05-16,15.9625
2016-05-17,16.516666666666666
2016-05-18,18.079166666666666
2016-05-19,17.079166666666666
2016-05-20,18.141666666666666
2016-05-21,18.054166666666667
2016-05-22,18.1125
2016-05-23,18.445833333333333
2016-05-24,18.933333333333334
2016-05-25,18.679166666666667
2016-05-26,19.479166666666668
2016-05-27,21.125
2016-05-28,19.679166666666667
2016-05-29,19.666666666666668
2016-05-30,20.545833333333334
2016-05-31,20.6375
2016-06-01,19.404166666666665
2016-06-02,18.395833333333332
2016-06-03,19.608333333333334
2016-06-04,18.708333333333332
2016-06-05,19.412499999999998
2016-06-06,19.258333333333333
2016-06-07,19.970833333333335
2016-06-08,19.745833333333334
2016-06-09,20.520833333333332
2016-06-10,20.470833333333335
2016-06-11,21.45
2016-06-12,21.279166666666665
2016-06-13,21.233333333333334
2016-06-14,20.650000000000002
2016-06-15,21.766666666666666
2016-06-16,22.925
2016-06-17,21.520833333333332
2016-06-18,21.6125
2016-06-19,22.787499999999998
2016-06-20,22.462500000000002
2016-06-21,22.491666666666664
2016-06-22,21.458333333333332
2016-06-23,21.929166666666664
2016-06-24,22.40833333333333
2016-06-25,21.912499999999998
2016-06-26,21.912499999999998
2016-06-27,20.779166666666665
2016-06-28,20.716666666666665
2016-06-29,21.083333333333332
2016-06-30,22.287499999999998
2016-07-01,22.599999999999998
2016-07-02,22.7
2016-07-03,22.099999999999998
2016-07-04,22.775000000000002
2016-07-05,24.183333333333334
2016-07-06,24.683333333333334
2016-07-07,23.775000000000002
2016-07-08,23.745833333333334
2016-07-09,23.75
2016-07-10,24.445833333333336
2016-07-11,24.379166666666666
2016-07-12,24.266666666666666
2016-07-13,24.979166666666668
2016-07-14,24.787499999999998
2016-07-15,23.208333333333332
2016-07-16,23.679166666666664
2016-07-17,23.875
2016-07-18,24.03333333333333
2016-07-19,23.84583333333333
2016-07-20,23.84166666666667
2016-07-21,23.59166666666667
2016-07-22,23.641666666666666
2016-07-23,24.195833333333336
2016-07-24,25.4875
2016-07-25,26.395833333333332
2016-07-26,26.695833333333336
2016-07-27,26.854166666666668
2016-07-28,27.208333333333332
2016-07-29,27.608333333333334
2016-07-30,27.879166666666666
2016-07-31,27.6125
2016-08-01,27.5625
2016-08-02,27.145833333333332
2016-08-03,26.170833333333334
2016-08-04,27.054166666666664
2016-08-05,27.258333333333336
2016-08-06,27.52916666666667
2016-08-07,27.808333333333334
2016-08-08,28.6125
2016-08-09,27.6875
2016-08-10,27.566666666666666
2016-08-11,28.804166666666664
2016-08-12,29.058333333333334
2016-08-13,29.433333333333334
2016-08-14,29.520833333333332
2016-08-15,29.395833333333332
2016-08-16,27.170833333333334
2016-08-17,27.575
2016-08-18,27.541666666666668
2016-08-19,27.537499999999998
2016-08-20,27.21666666666667
2016-08-21,27.45
2016-08-22,27.379166666666666
2016-08-23,26.729166666666668
2016-08-24,26.691666666666666
2016-08-25,27.25
2016-08-26,25.22083333333333
2016-08-27,23.849999999999998
2016-08-28,21.0125
2016-08-29,21.479166666666668
2016-08-30,22.241666666666664
2016-08-31,23.6375
2016-09-01,25.325
2016-09-02,22.808333333333334
2016-09-03,24.566666666666666
2016-09-04,24.5625
2016-09-05,24.608333333333334
2016-09-06,24.7375
2016-09-07,25.09166666666667
2016-09-08,23.833333333333332
2016-09-09,23.325
2016-09-10,23.141666666666666
2016-09-11,23.84583333333333
2016-09-12,22.541666666666668
2016-09-13,22.599999999999998
2016-09-14,22.816666666666666
2016-09-15,22.929166666666664
2016-09-16,23.191666666666666
2016-09-17,22.52916666666667
2016-09-18,22.208333333333332
2016-09-19,21.3875
2016-09-20,20.404166666666665
2016-09-21,20.316666666666666
2016-09-22,20.587500000000002
2016-09-23,20.8
2016-09-24,21.641666666666666
2016-09-25,22.079166666666666
2016-09-26,23.291666666666668
2016-09-27,23.729166666666668
2016-09-28,22.974999999999998
2016-09-29,20.0125
2016-09-30,19.433333333333334
2016-10-01,20.629166666666666
2016-10-02,22.058333333333334
2016-10-03,23.75
2016-10-04,22.21666666666667
2016-10-05,22.083333333333332
2016-10-06,20.808333333333334
2016-10-07,20.599999999999998
2016-10-08,20.116666666666667
2016-10-09,15.583333333333334
2016-10-10,16.783333333333335
2016-10-11,17.037499999999998
2016-10-12,17.400000000000002
2016-10-13,18.2
2016-10-14,18.212500000000002
2016-10-15,18.758333333333333
2016-10-16,19.370833333333334
2016-10-17,20.379166666666666
2016-10-18,19.108333333333334
2016-10-19,18.9875
2016-10-20,18.716666666666665
2016-10-21,17.916666666666668
2016-10-22,18.308333333333334
2016-10-23,16.766666666666666
2016-10-24,15.966666666666667
2016-10-25,19.158333333333335
2016-10-26,17.541666666666668
2016-10-27,17.341666666666665
2016-10-28,17.1875
2016-10-29,14.595833333333333
2016-10-30,12.6
2016-10-31,13.033333333333333
2016-11-01,7.979166666666667
2016-11-02,7.716666666666666
2016-11-03,10.525
2016-11-04,12.166666666666666
2016-11-05,15.504166666666668
2016-11-06,14.445833333333333
2016-11-07,14.254166666666668
2016-11-08,11.858333333333334
2016-11-09,8.4375
2016-11-10,12.429166666666667
2016-11-11,11.845833333333333
2016-11-12,13.950000000000001
2016-11-13,16.754166666666666
2016-11-14,17.358333333333334
2016-11-15,13.4375
2016-11-16,12.112499999999999
2016-11-17,12.554166666666667
2016-11-18,14.829166666666666
2016-11-19,16.099999999999998
2016-11-20,15.237499999999999
2016-11-21,15.870833333333332
2016-11-22,10.5
2016-11-23,7.55
2016-11-24,3.091666666666667
2016-11-25,4.7625
2016-11-26,6.1875
2016-11-27,7.875
2016-11-28,6.7375
2016-11-29,7.108333333333333
2016-11-30,11.9
2016-12-01,9.204166666666667
2016-12-02,5.9375
2016-12-03,7.491666666666667
2016-12-04,9.45
2016-12-05,10.75
2016-12-06,4.991666666666666
2016-12-07,5.620833333333334
2016-12-08,7.220833333333334
2016-12-09,7.9624999999999995
2016-12-10,4.633333333333334
2016-12-11,5.025
2016-12-12,8.975
2016-12-13,9.3375
2016-12-14,6.0625
2016-12-15,2.2916666666666665
2016-12-16,0.8291666666666666
2016-12-17,4.808333333333334
2016-12-18,7.1000000000000005
2016-12-19,11.158333333333333
2016-12-20,11.75
2016-12-21,13.9375
2016-12-22,12.695833333333333
2016-12-23,4.816666666666666
2016-12-24,3.908333333333333
2016-12-25,8.445833333333333
2016-12-26,8.75
2016-12-27,4.029166666666667
2016-12-28,3.1291666666666664
2016-12-29,2.1166666666666667
2016-12-30,1.7958333333333334
2016-12-31,3.9
2017-01-01,3.970833333333333
2017-01-02,5.604166666666667
2017-01-03,4.270833333333333
2017-01-04,4.304166666666666
2017-01-05,6.066666666666666
2017-01-06,6.8
2017-01-07,6.129166666666666
2017-01-08,8.404166666666667
2017-01-09,6.1375
2017-01-10,1.6583333333333334
2017-01-11,-0.5624999999999999
2017-01-12,3.0625
2017-01-13,0.5
2017-01-14,-2.670833333333333
2017-01-15,-2.9583333333333335
2017-01-16,-0.725
2017-01-17,1.45
2017-01-18,3.470833333333333
2017-01-19,2.6666666666666665
2017-01-20,1.1916666666666667
2017-01-21,-0.7374999999999999
2017-01-22,-0.42083333333333334
2017-01-23,-3.5083333333333333
2017-01-24,-2.6166666666666667
2017-01-25,-1.1166666666666667
2017-01-26,1.0458333333333332
2017-01-27,5.408333333333334
2017-01-28,2.6333333333333333
2017-01-29,5.791666666666667
2017-01-30,2.733333333333333
2017-01-31,0.40416666666666673
2017-02-01,0.8166666666666668
2017-02-02,0.3125
2017-02-03,2.7583333333333333
2017-02-04,6.583333333333333
2017-02-05,7.058333333333334
2017-02-06,2.6458333333333335
2017-02-07,2.245833333333333
2017-02-08,3.5208333333333335
2017-02-09,0.3333333333333333
2017-02-10,-2.0375
2017-02-11,-1.4458333333333335
2017-02-12,0.3083333333333333
2017-02-13,1.8958333333333333
2017-02-14,2.9625
2017-02-15,2.9958333333333336
2017-02-16,7.870833333333334
2017-02-17,10.616666666666667
2017-02-18,1.9208333333333334
2017-02-19,4.0249999999999995
2017-02-20,8.054166666666667
2017-02-21,2.5916666666666663
2017-02-22,8.870833333333334
2017-02-23,4.245833333333334
2017-02-24,1.0708333333333333
2017-02-25,3.641666666666667
2017-02-26,4.341666666666667
2017-02-27,5.816666666666666
2017-02-28,5.995833333333334
2017-03-01,7.0249999999999995
2017-03-02,6.620833333333334
2017-03-03,4.629166666666666
2017-03-04,7.120833333333334
2017-03-05,7.670833333333333
2017-03-06,5.666666666666667
2017-03-07,2.5166666666666666
2017-03-08,2.0875
2017-03-09,5.941666666666666
2017-03-10,6.4125000000000005
2017-03-11,7.404166666666666
2017-03-12,8.741666666666667
2017-03-13,9.529166666666667
2017-03-14,8.308333333333334
2017-03-15,6.716666666666666
2017-03-16,7.770833333333333
2017-03-17,8.329166666666667
2017-03-18,8.958333333333334
2017-03-19,9.5875
2017-03-20,10.1
2017-03-21,9.225
2017-03-22,8.191666666666666
2017-03-23,10.0875
2017-03-24,9.241666666666667
2017-03-25,9.525
2017-03-26,7.295833333333333
2017-03-27,6.495833333333334
2017-03-28,7.9750000000000005
2017-03-29,9.275
2017-03-30,10.916666666666666
2017-03-31,10.35
2017-04-01,8.908333333333333
2017-04-02,8.604166666666666
2017-04-03,10.758333333333333
2017-04-04,12.229166666666666
2017-04-05,13.741666666666667
2017-04-06,15.525
2017-04-07,14.879166666666668
2017-04-08,14.583333333333334
2017-04-09,13.4625
2017-04-10,12.345833333333333
2017-04-11,12.258333333333333
2017-04-12,12.6625
2017-04-13,12.5
2017-04-14,14.608333333333334
2017-04-15,16.233333333333334
2017-04-16,15.733333333333334
2017-04-17,15.15
2017-04-18,14.970833333333333
2017-04-19,14.525
2017-04-20,13.9625
2017-04-21,14.433333333333332
2017-04-22,13.066666666666668
2017-04-23,12.9375
2017-04-24,15.158333333333333
2017-04-25,16.724999999999998
2017-04-26,15.0
2017-04-27,13.8125
2017-04-28,14.125
2017-04-29,16.525000000000002
2017-04-30,17.954166666666666
2017-05-01,16.675
2017-05-02,15.116666666666667
2017-05-03,15.825000000000001
2017-05-04,17.5625
2017-05-05,18.587500000000002
2017-05-06,18.587500000000002
2017-05-07,17.904166666666665
2017-05-08,18.42083333333333
2017-05-09,15.691666666666668
2017-05-10,16.970833333333335
2017-05-11,18.345833333333335
2017-05-12,17.341666666666665
2017-05-13,17.416666666666668
2017-05-14,17.845833333333335
2017-05-15,17.675
2017-05-16,16.758333333333333
2017-05-17,17.129166666666666
2017-05-18,18.412499999999998
2017-05-19,20.141666666666666
2017-05-20,19.925
2017-05-21,19.316666666666666
2017-05-22,19.345833333333335
2017-05-23,19.5
2017-05-24,19.675
2017-05-25,20.875
2017-05-26,17.558333333333334
2017-05-27,17.983333333333334
2017-05-28,18.9375
2017-05-29,21.870833333333334
2017-05-30,21.96666666666667
2017-05-31,20.625
2017-06-01,21.183333333333334
2017-06-02,18.508333333333333
2017-06-03,19.333333333333332
2017-06-04,19.454166666666666
2017-06-05,19.179166666666667
2017-06-06,18.291666666666668
2017-06-07,20.054166666666667
2017-06-08,20.379166666666666
2017-06-09,21.483333333333334
2017-06-10,21.4375
2017-06-11,19.620833333333334
2017-06-12,18.541666666666668
2017-06-13,18.45
2017-06-14,20.25
2017-06-15,22.683333333333334
2017-06-16,20.679166666666667
2017-06-17,20.3125
2017-06-18,20.9
2017-06-19,22.425
2017-06-20,22.054166666666664
2017-06-21,21.650000000000002
2017-06-22,22.599999999999998
2017-06-23,23.004166666666666
2017-06-24,22.579166666666666
2017-06-25,22.65416666666667
2017-06-26,22.65416666666667
2017-06-27,22.741666666666664
2017-06-28,23.379166666666666
2017-06-29,22.224999999999998
2017-06-30,23.5
2017-07-01,24.608333333333334
2017-07-02,24.6875
2017-07-03,25.4875
2017-07-04,24.8875
2017-07-05,24.145833333333332
2017-07-06,24.099999999999998
2017-07-07,24.55
2017-07-08,25.22083333333333
2017-07-09,25.650000000000002
2017-07-10,25.808333333333334
2017-07-11,25.099999999999998
2017-07-12,26.7375
2017-07-13,25.641666666666666
2017-07-14,26.1125
2017-07-15,26.045833333333334
2017-07-16,27.066666666666666
2017-07-17,27.079166666666666
2017-07-18,26.379166666666666
2017-07-19,27.308333333333334
2017-07-20,26.008333333333336
2017-07-21,28.229166666666668
2017-07-22,28.7625
2017-07-23,27.820833333333336
2017-07-24,28.945833333333336
2017-07-25,26.675
2017-07-26,25.358333333333334
2017-07-27,25.1125
2017-07-28,25.875
2017-07-29,25.879166666666666
2017-07-30,26.47083333333333
2017-07-31,26.09166666666667
2017-08-01,26.675
2017-08-02,26.587500000000002
2017-08-03,27.129166666666666
2017-08-04,28.962500000000002
2017-08-05,29.983333333333334
2017-08-06,30.458333333333332
2017-08-07,29.425
2017-08-08,28.65833333333333
2017-08-09,26.545833333333334
2017-08-10,27.59166666666667
2017-08-11,26.620833333333334
2017-08-12,25.712500000000002
2017-08-13,24.858333333333334
2017-08-14,23.724999999999998
2017-08-15,25.170833333333334
2017-08-16,26.099999999999998
2017-08-17,25.833333333333332
2017-08-18,25.09166666666667
2017-08-19,25.420833333333334
2017-08-20,26.02916666666667
2017-08-21,26.025000000000002
2017-08-22,26.633333333333336
2017-08-23,27.8625
2017-08-24,28.433333333333334
2017-08-25,26.370833333333334
2017-08-26,24.84583333333333
2017-08-27,23.6125
2017-08-28,24.525000000000002
2017-08-29,25.712500000000002
2017-08-30,23.070833333333336
2017-08-31,22.412499999999998
2017-09-01,22.058333333333334
2017-09-02,21.304166666666667
2017-09-03,21.95
2017-09-04,22.991666666666664
2017-09-05,23.15833333333333
2017-09-06,23.183333333333334
2017-09-07,21.941666666666666
2017-09-08,23.058333333333334
2017-09-09,23.079166666666666
2017-09-10,23.441666666666666
2017-09-11,23.77916666666667
2017-09-12,23.733333333333334
2017-09-13,22.070833333333336
2017-09-14,21.641666666666666
2017-09-15,22.116666666666664
2017-09-16,22.391666666666666
2017-09-17,22.275000000000002
2017-09-18,22.004166666666666
2017-09-19,22.358333333333334
2017-09-20,22.604166666666668
2017-09-21,20.054166666666667
2017-09-22,21.441666666666666
2017-09-23,21.416666666666668
2017-09-24,20.9875
2017-09-25,22.525000000000002
2017-09-26,22.233333333333334
2017-09-27,21.220833333333335
2017-09-28,20.983333333333334
2017-09-29,17.541666666666668
2017-09-30,18.533333333333335
2017-10-01,19.291666666666668
2017-10-02,22.087500000000002
2017-10-03,20.241666666666667
2017-10-04,18.625
2017-10-05,18.445833333333333
2017-10-06,19.104166666666668
2017-10-07,20.508333333333333
2017-10-08,20.579166666666666
2017-10-09,20.454166666666666
2017-10-10,21.504166666666666
2017-10-11,21.879166666666666
2017-10-12,16.912499999999998
2017-10-13,15.9
2017-10-14,15.958333333333334
2017-10-15,16.354166666666668
2017-10-16,17.179166666666667
2017-10-17,17.383333333333333
2017-10-18,17.275000000000002
2017-10-19,17.208333333333332
2017-10-20,16.795833333333334
2017-10-21,17.020833333333332
2017-10-22,17.941666666666666
2017-10-23,14.479166666666666
2017-10-24,13.758333333333333
2017-10-25,12.445833333333333
2017-10-26,13.554166666666667
2017-10-27,15.658333333333333
2017-10-28,17.629166666666666
2017-10-29,16.879166666666666
2017-10-30,10.125
2017-10-31,10.454166666666667
2017-11-01,11.720833333333333
2017-11-02,13.158333333333333
2017-11-03,14.479166666666666
2017-11-04,10.183333333333334
2017-11-05,9.679166666666667
2017-11-06,11.137500000000001
2017-11-07,13.929166666666667
2017-11-08,16.3125
2017-11-09,12.108333333333334
2017-11-10,15.333333333333334
2017-11-11,9.0875
2017-11-12,8.4625
2017-11-13,10.666666666666666
2017-11-14,12.091666666666667
2017-11-15,8.125
2017-11-16,5.6499999999999995
2017-11-17,7.783333333333334
2017-11-18,4.991666666666666
2017-11-19,1.9000000000000001
2017-11-20,4.625
2017-11-21,5.783333333333334
2017-11-22,8.041666666666666
2017-11-23,5.125
2017-11-24,5.066666666666666
2017-11-25,6.091666666666666
2017-11-26,11.975
2017-11-27,10.016666666666667
2017-11-28,12.370833333333332
2017-11-29,10.233333333333333
2017-11-30,5.145833333333333
2017-12-01,0.8583333333333333
2017-12-02,2.4208333333333334
2017-12-03,4.475
2017-12-04,5.25
2017-12-05,-0.7291666666666666
2017-12-06,1.5999999999999999
2017-12-07,4.5125
2017-12-08,0.11666666666666665
2017-12-09,1.5958333333333332
2017-12-10,5.104166666666667
2017-12-11,0.8458333333333332
2017-12-12,-3.470833333333333
2017-12-13,-2.9250000000000003
2017-12-14,-0.5499999999999999
2017-12-15,2.3125
2017-12-16,0.37083333333333335
2017-12-17,-2.704166666666667
2017-12-18,0.7458333333333332
2017-12-19,1.7291666666666667
2017-12-20,0.04166666666666669
2017-12-21,1.2583333333333333
2017-12-22,1.8416666666666668
2017-12-23,3.5208333333333335
2017-12-24,7.2124999999999995
2017-12-25,1.6833333333333333
2017-12-26,1.0583333333333333
2017-12-27,-2.225
2017-12-28,0.1958333333333334
2017-12-29,2.2875
2017-12-30,4.05
2017-12-31,4.041666666666667
2018-01-01,0.39999999999999997
2018-01-02,2.0166666666666666
2018-01-03,0.47083333333333327
2018-01-04,0.7583333333333333
2018-01-05,2.533333333333333
2018-01-06,1.1041666666666667
2018-01-07,1.9333333333333333
2018-01-08,4.575
2018-01-09,1.325
2018-01-10,-0.5625
2018-01-11,-4.7250000000000005
2018-01-12,-5.841666666666666
2018-01-13,-1.5916666666666668
2018-01-14,0.5875
2018-01-15,6.1875
2018-01-16,5.979166666666667
2018-01-17,5.5625
2018-01-18,4.3875
2018-01-19,3.391666666666666
2018-01-20,2.533333333333333
2018-01-21,4.1375
2018-01-22,4.3999999999999995
2018-01-23,-1.75
2018-01-24,-7.425
2018-01-25,-6.8625
2018-01-26,-7.595833333333334
2018-01-27,-3.5833333333333335
2018-01-28,-0.16666666666666666
2018-01-29,-3.2458333333333336
2018-01-30,-2.858333333333333
2018-01-31,0.47916666666666674
2018-02-01,0.9791666666666666
2018-02-02,0.6791666666666667
2018-02-03,-1.6125
2018-02-04,-4.820833333333334
2018-02-05,-4.625
2018-02-06,-5.083333333333333
2018-02-07,-4.241666666666666
2018-02-08,-0.4583333333333334
2018-02-09,4.283333333333333
2018-02-10,4.191666666666666
2018-02-11,-1.3875
2018-02-12,-1.5875000000000001
2018-02-13,0.7791666666666667
2018-02-14,6.8500000000000005
2018-02-15,4.841666666666667
2018-02-16,4.041666666666667
2018-02-17,1.5166666666666666
2018-02-18,2.6083333333333334
2018-02-19,4.429166666666666
2018-02-20,5.170833333333333
2018-02-21,3.7583333333333333
2018-02-22,2.35
2018-02-23,5.0375000000000005
2018-02-24,7.116666666666667
2018-02-25,7.7625
2018-02-26,4.758333333333334
2018-02-27,7.325
2018-02-28,8.645833333333334
2018-03-01,6.1000000000000005
2018-03-02,2.033333333333333
2018-03-03,6.641666666666667
2018-03-04,11.433333333333332
2018-03-05,7.433333333333334
2018-03-06,5.791666666666667
2018-03-07,7.3125
2018-03-08,5.183333333333334
2018-03-09,4.366666666666666
2018-03-10,6.020833333333333
2018-03-11,7.045833333333333
2018-03-12,8.0625
2018-03-13,11.35
2018-03-14,12.9125
2018-03-15,13.616666666666667
2018-03-16,5.6000000000000005
2018-03-17,5.25
2018-03-18,8.145833333333334
2018-03-19,10.270833333333334
2018-03-20,6.020833333333333
2018-03-21,2.7083333333333335
2018-03-22,5.345833333333334
2018-03-23,6.6000000000000005
2018-03-24,8.645833333333334
2018-03-25,10.754166666666668
2018-03-26,11.112499999999999
2018-03-27,11.895833333333334
2018-03-28,12.458333333333334
2018-03-29,13.179166666666667
2018-03-30,11.575000000000001
2018-03-31,11.345833333333333
2018-04-01,13.870833333333332
2018-04-02,15.025
2018-04-03,16.1125
2018-04-04,12.612499999999999
2018-04-05,10.983333333333334
2018-04-06,10.862499999999999
2018-04-07,6.2124999999999995
2018-04-08,8.112499999999999
2018-04-09,12.383333333333333
2018-04-10,14.341666666666667
2018-04-11,17.091666666666665
2018-04-12,14.345833333333333
2018-04-13,12.5875
2018-04-14,12.891666666666666
2018-04-15,12.358333333333334
2018-04-16,11.720833333333333
2018-04-17,12.766666666666666
2018-04-18,12.854166666666666
2018-04-19,13.366666666666667
2018-04-20,15.945833333333333
2018-04-21,15.762500000000001
2018-04-22,16.158333333333335
2018-04-23,12.766666666666666
2018-04-24,12.645833333333334
2018-04-25,13.229166666666666
2018-04-26,12.279166666666667
2018-04-27,15.208333333333334
2018-04-28,14.295833333333334
2018-04-29,15.1625
2018-04-30,17.054166666666667
2018-05-01,16.974999999999998
2018-05-02,16.129166666666666
2018-05-03,13.637500000000001
2018-05-04,14.104166666666666
2018-05-05,15.995833333333332
2018-05-06,16.379166666666666
2018-05-07,15.299999999999999
2018-05-08,14.145833333333334
2018-05-09,12.920833333333334
2018-05-10,13.395833333333334
2018-05-11,15.141666666666666
2018-05-12,16.599999999999998
2018-05-13,18.766666666666666
2018-05-14,18.379166666666666
2018-05-15,19.254166666666666
2018-05-16,19.858333333333334
2018-05-17,20.087500000000002
2018-05-18,18.283333333333335
2018-05-19,14.583333333333334
2018-05-20,14.829166666666666
2018-05-21,16.537499999999998
2018-05-22,17.554166666666667
2018-05-23,18.5125
2018-05-24,17.804166666666667
2018-05-25,19.208333333333332
2018-05-26,19.670833333333334
2018-05-27,19.004166666666666
2018-05-28,19.533333333333335
2018-05-29,20.245833333333334
2018-05-30,21.070833333333333
2018-05-31,19.6125
2018-06-01,20.162499999999998
2018-06-02,21.208333333333332
2018-06-03,21.095833333333335
2018-06-04,21.154166666666665
2018-06-05,19.454166666666666
2018-06-06,20.245833333333334
2018-06-07,20.7
2018-06-08,21.795833333333334
2018-06-09,20.2625
2018-06-10,19.175
2018-06-11,17.7375
2018-06-12,17.775000000000002
2018-06-13,18.879166666666666
2018-06-14,19.412499999999998
2018-06-15,18.650000000000002
2018-06-16,17.916666666666668
2018-06-17,19.7625
2018-06-18,20.891666666666666
2018-06-19,20.491666666666667
2018-06-20,21.9375
2018-06-21,23.133333333333336
2018-06-22,22.474999999999998
2018-06-23,22.162499999999998
2018-06-24,23.583333333333332
2018-06-25,23.47083333333333
2018-06-26,22.816666666666666
2018-06-27,23.616666666666664
2018-06-28,22.766666666666666
2018-06-29,22.804166666666664
2018-06-30,22.233333333333334
2018-07-01,23.7
2018-07-02,24.695833333333336
2018-07-03,23.520833333333332
2018-07-04,24.945833333333336
2018-07-05,22.96666666666667
2018-07-06,21.154166666666665
2018-07-07,20.316666666666666
2018-07-08,20.529166666666665
2018-07-09,20.912499999999998
2018-07-10,23.695833333333336
2018-07-11,25.916666666666668
2018-07-12,26.162499999999998
2018-07-13,26.645833333333332
2018-07-14,26.929166666666664
2018-07-15,27.370833333333334
2018-07-16,27.583333333333332
2018-07-17,27.183333333333334
2018-07-18,27.5625
2018-07-19,28.037499999999998
2018-07-20,28.808333333333334
2018-07-21,28.47083333333333
2018-07-22,29.020833333333332
2018-07-23,28.633333333333336
2018-07-24,28.6875
2018-07-25,29.008333333333336
2018-07-26,29.599999999999998
2018-07-27,29.662499999999998
2018-07-28,28.47083333333333
2018-07-29,28.212500000000002
2018-07-30,28.3625
2018-07-31,28.770833333333332
2018-08-01,29.516666666666666
2018-08-02,29.054166666666664
2018-08-03,28.766666666666666
2018-08-04,29.229166666666668
2018-08-05,30.45
2018-08-06,29.770833333333332
2018-08-07,27.704166666666666
2018-08-08,26.900000000000002
2018-08-09,27.4375
2018-08-10,26.587500000000002
2018-08-11,27.375
2018-08-12,28.008333333333336
2018-08-13,29.02916666666667
2018-08-14,29.070833333333336
2018-08-15,28.258333333333336
2018-08-16,26.65416666666667
2018-08-17,25.104166666666668
2018-08-18,24.125
2018-08-19,23.625
2018-08-20,24.170833333333334
2018-08-21,26.508333333333336
2018-08-22,28.837500000000002
2018-08-23,28.025000000000002
2018-08-24,27.416666666666668
2018-08-25,25.90416666666667
2018-08-26,26.175
2018-08-27,26.295833333333334
2018-08-28,26.599999999999998
2018-08-29,26.462500000000002
2018-08-30,26.520833333333332
2018-08-31,25.729166666666668
2018-09-01,23.1375
2018-09-02,22.787499999999998
2018-09-03,24.9375
2018-09-04,25.8875
2018-09-05,23.537499999999998
2018-09-06,22.6375
2018-09-07,22.575
2018-09-08,20.920833333333334
2018-09-09,21.3125
2018-09-10,20.833333333333332
2018-09-11,20.729166666666668
2018-09-12,21.95
2018-09-13,22.016666666666666
2018-09-14,22.754166666666666
2018-09-15,22.787499999999998
2018-09-16,24.083333333333332
2018-09-17,23.583333333333332
2018-09-18,22.645833333333332
2018-09-19,22.52916666666667
2018-09-20,21.90833333333333
2018-09-21,21.570833333333336
2018-09-22,21.170833333333334
2018-09-23,20.912499999999998
2018-09-24,19.066666666666666
2018-09-25,17.841666666666665
2018-09-26,19.479166666666668
2018-09-27,18.6875
2018-09-28,19.091666666666665
2018-09-29,18.070833333333333
2018-09-30,19.6375
2018-10-01,17.454166666666666
2018-10-02,16.6375
2018-10-03,16.920833333333334
2018-10-04,19.025000000000002
2018-10-05,20.466666666666665
2018-10-06,22.104166666666668
2018-10-07,20.025000000000002
2018-10-08,17.150000000000002
2018-10-09,16.825
2018-10-10,16.5625
2018-10-11,12.841666666666667
2018-10-12,11.875
2018-10-13,14.241666666666667
2018-10-14,15.141666666666666
2018-10-15,15.329166666666666
2018-10-16,14.1625
2018-10-17,14.529166666666667
2018-10-18,14.033333333333333
2018-10-19,13.895833333333334
2018-10-20,13.204166666666666
2018-10-21,13.362499999999999
2018-10-22,14.799999999999999
2018-10-23,15.516666666666666
2018-10-24,14.075000000000001
2018-10-25,13.445833333333333
2018-10-26,14.4125
2018-10-27,12.5875
2018-10-28,12.5625
2018-10-29,13.275
2018-10-30,9.612499999999999
2018-10-31,10.108333333333333
2018-11-01,9.495833333333334
2018-11-02,10.204166666666667
2018-11-03,11.245833333333332
2018-11-04,11.716666666666667
2018-11-05,12.237499999999999
2018-11-06,13.862499999999999
2018-11-07,15.595833333333333
2018-11-08,16.7375
2018-11-09,13.695833333333333
2018-11-10,11.870833333333332
2018-11-11,11.945833333333333
2018-11-12,12.383333333333333
2018-11-13,12.279166666666667
2018-11-14,11.075000000000001
2018-11-15,11.375
2018-11-16,10.883333333333333
2018-11-17,10.291666666666666
2018-11-18,7.904166666666666
2018-11-19,8.887500000000001
2018-11-20,7.891666666666667
2018-11-21,8.549999999999999
2018-11-22,5.745833333333334
2018-11-23,3.3791666666666664
2018-11-24,5.483333333333333
2018-11-25,6.470833333333334
2018-11-26,7.283333333333334
2018-11-27,8.170833333333333
2018-11-28,8.700000000000001
2018-11-29,6.983333333333333
2018-11-30,7.608333333333333
2018-12-01,8.045833333333333
2018-12-02,11.299999999999999
2018-12-03,16.166666666666668
2018-12-04,12.9625
2018-12-05,7.495833333333334
2018-12-06,6.579166666666667
2018-12-07,0.23749999999999996
2018-12-08,-2.7125
2018-12-09,-2.0375
2018-12-10,0.3541666666666667
2018-12-11,4.245833333333334
2018-12-12,1.175
2018-12-13,1.3458333333333334
2018-12-14,-0.5958333333333333
2018-12-15,0.5624999999999999
2018-12-16,0.7208333333333332
2018-12-17,3.025
2018-12-18,2.775
2018-12-19,7.491666666666667
2018-12-20,7.191666666666666
2018-12-21,8.370833333333334
2018-12-22,8.495833333333334
2018-12-23,7.375
2018-12-24,1.2291666666666667
2018-12-25,1.6916666666666667
2018-12-26,4.654166666666667
2018-12-27,-1.9541666666666666
2018-12-28,-4.733333333333333
2018-12-29,-3.6791666666666667
2018-12-30,-2.4916666666666667
2018-12-31,1.5958333333333332
2019-01-01,0.15000000000000002
2019-01-02,-0.5333333333333333
2019-01-03,-0.3416666666666666
2019-01-04,1.4458333333333335
2019-01-05,2.766666666666667
2019-01-06,1.3375000000000001
2019-01-07,1.6291666666666667
2019-01-08,1.9208333333333334
2019-01-09,-0.23750000000000002
2019-01-10,2.783333333333333
2019-01-11,3.6374999999999997
2019-01-12,5.083333333333333
2019-01-13,3.5625
2019-01-14,3.5749999999999997
2019-01-15,3.625
2019-01-16,-1.8125
2019-01-17,0.7999999999999999
2019-01-18,2.2083333333333335
2019-01-19,4.354166666666667
2019-01-20,4.470833333333333
2019-01-21,1.2541666666666667
2019-01-22,3.0708333333333333
2019-01-23,3.9625
2019-01-24,2.3125
2019-01-25,2.2875
2019-01-26,-0.8458333333333333
2019-01-27,0.6625
2019-01-28,3.5083333333333333
2019-01-29,2.058333333333333
2019-01-30,4.641666666666667
2019-01-31,2.0124999999999997
2019-02-01,-0.7666666666666667
2019-02-02,1.5125
2019-02-03,10.679166666666667
2019-02-04,4.7250000000000005
2019-02-05,3.9499999999999997
2019-02-06,6.820833333333333
2019-02-07,5.6000000000000005
2019-02-08,0.5583333333333335
2019-02-09,0.7999999999999999
2019-02-10,1.5541666666666665
2019-02-11,1.1208333333333333
2019-02-12,1.7708333333333333
2019-02-13,2.795833333333333
2019-02-14,3.0875
2019-02-15,5.791666666666667
2019-02-16,2.316666666666667
2019-02-17,0.8208333333333333
2019-02-18,3.4791666666666665
2019-02-19,6.6499999999999995
2019-02-20,4.370833333333334
2019-02-21,4.295833333333333
2019-02-22,6.345833333333334
2019-02-23,6.791666666666667
2019-02-24,6.308333333333334
2019-02-25,7.954166666666667
2019-02-26,8.316666666666666
2019-02-27,9.9375
2019-02-28,9.1
2019-03-01,8.4625
2019-03-02,9.0625
2019-03-03,10.362499999999999
2019-03-04,10.25
2019-03-05,9.487499999999999
2019-03-06,8.9125
2019-03-07,8.333333333333334
2019-03-08,7.9875
2019-03-09,9.558333333333334
2019-03-10,8.679166666666667
2019-03-11,8.275
2019-03-12,8.595833333333333
2019-03-13,4.804166666666666
2019-03-14,5.954166666666667
2019-03-15,7.341666666666666
2019-03-16,6.341666666666666
2019-03-17,7.7749999999999995
2019-03-18,9.479166666666666
2019-03-19,12.204166666666666
2019-03-20,11.816666666666668
2019-03-21,14.795833333333334
2019-03-22,8.0625
2019-03-23,6.295833333333333
2019-03-24,5.633333333333333
2019-03-25,7.166666666666667
2019-03-26,11.2875
2019-03-27,12.383333333333333
2019-03-28,11.545833333333334
2019-03-29,11.758333333333333
2019-03-30,11.158333333333333
2019-03-31,7.291666666666667
2019-04-01,6.483333333333333
2019-04-02,7.2875000000000005
2019-04-03,8.137500000000001
2019-04-04,9.7875
2019-04-05,12.725000000000001
2019-04-06,12.041666666666666
2019-04-07,11.983333333333334
2019-04-08,11.491666666666667
2019-04-09,10.995833333333332
2019-04-10,10.025
2019-04-11,9.387500000000001
2019-04-12,11.108333333333334
2019-04-13,11.575000000000001
2019-04-14,11.883333333333333
2019-04-15,11.020833333333334
2019-04-16,12.483333333333334
2019-04-17,14.941666666666668
2019-04-18,14.570833333333333
2019-04-19,12.916666666666666
2019-04-20,12.429166666666667
2019-04-21,15.270833333333334
2019-04-22,16.504166666666666
2019-04-23,15.737499999999999
2019-04-24,17.441666666666666
2019-04-25,14.804166666666667
2019-04-26,12.241666666666667
2019-04-27,11.475
2019-04-28,12.041666666666666
2019-04-29,13.174999999999999
2019-04-30,15.154166666666667
2019-05-01,15.891666666666666
2019-05-02,15.725
2019-05-03,16.279166666666665
2019-05-04,16.224999999999998
2019-05-05,17.454166666666666
2019-05-06,15.1625
2019-05-07,13.875
2019-05-08,14.920833333333334
2019-05-09,16.083333333333332
2019-05-10,16.895833333333332
2019-05-11,17.712500000000002
2019-05-12,18.033333333333335
2019-05-13,17.004166666666666
2019-05-14,19.212500000000002
2019-05-15,19.712500000000002
2019-05-16,20.3
2019-05-17,20.008333333333333
2019-05-18,18.308333333333334
2019-05-19,19.662499999999998
2019-05-20,18.520833333333332
2019-05-21,16.104166666666668
2019-05-22,17.895833333333332
2019-05-23,19.212500000000002
2019-05-24,20.254166666666666
2019-05-25,22.0125
2019-05-26,20.633333333333333
2019-05-27,19.841666666666665
2019-05-28,17.554166666666667
2019-05-29,18.970833333333335
2019-05-30,19.379166666666666
2019-05-31,17.645833333333332
2019-06-01,18.433333333333334
2019-06-02,19.412499999999998
2019-06-03,20.333333333333332
2019-06-04,21.59166666666667
2019-06-05,22.34166666666667
2019-06-06,21.3
2019-06-07,20.025000000000002
2019-06-08,19.229166666666668
2019-06-09,18.083333333333332
2019-06-10,18.145833333333332
2019-06-11,18.175
2019-06-12,18.529166666666665
2019-06-13,18.729166666666668
2019-06-14,19.599999999999998
2019-06-15,20.129166666666666
2019-06-16,19.4875
2019-06-17,20.129166666666666
2019-06-18,20.9375
2019-06-19,21.983333333333334
2019-06-20,22.866666666666664
2019-06-21,22.920833333333334
2019-06-22,20.879166666666666
2019-06-23,20.212500000000002
2019-06-24,20.133333333333333
2019-06-25,21.1375
2019-06-26,20.724999999999998
2019-06-27,22.8
2019-06-28,22.429166666666664
2019-06-29,21.583333333333332
2019-06-30,23.474999999999998
2019-07-01,23.266666666666666
2019-07-02,23.8625
2019-07-03,22.316666666666666
2019-07-04,23.616666666666664
2019-07-05,23.2375
2019-07-06,23.008333333333336
2019-07-07,22.15416666666667
2019-07-08,21.883333333333336
2019-07-09,22.087500000000002
2019-07-10,21.6875
2019-07-11,24.266666666666666
2019-07-12,23.504166666666666
2019-07-13,22.099999999999998
2019-07-14,22.766666666666666
2019-07-15,23.15416666666667
2019-07-16,23.270833333333332
2019-07-17,23.3875
2019-07-18,22.766666666666666
2019-07-19,23.683333333333334
2019-07-20,24.34166666666667
2019-07-21,24.604166666666668
2019-07-22,25.629166666666666
2019-07-23,26.0625
2019-07-24,25.575
2019-07-25,25.59583333333333
2019-07-26,26.041666666666668
2019-07-27,25.40416666666667
2019-07-28,26.40833333333333
2019-07-29,26.275000000000002
2019-07-30,26.708333333333332
2019-07-31,27.333333333333332
2019-08-01,27.391666666666666
2019-08-02,28.1875
2019-08-03,28.212500000000002
2019-08-04,28.141666666666666
2019-08-05,28.21666666666667
2019-08-06,26.45
2019-08-07,27.22083333333333
2019-08-08,27.837500000000002
2019-08-09,27.558333333333334
2019-08-10,27.2375
2019-08-11,27.366666666666664
2019-08-12,27.941666666666666
2019-08-13,28.974999999999998
2019-08-14,28.53333333333333
2019-08-15,27.558333333333334
2019-08-16,27.72083333333333
2019-08-17,26.254166666666666
2019-08-18,26.5125
2019-08-19,26.21666666666667
2019-08-20,25.870833333333334
2019-08-21,25.712500000000002
2019-08-22,26.391666666666666
2019-08-23,25.40833333333333
2019-08-24,23.995833333333334
2019-08-25,23.1375
2019-08-26,23.629166666666666
2019-08-27,24.179166666666664
2019-08-28,24.070833333333336
2019-08-29,22.704166666666666
2019-08-30,23.795833333333334
2019-08-31,22.941666666666666
2019-09-01,23.21666666666667
2019-09-02,21.575
2019-09-03,23.108333333333334
2019-09-04,23.875
2019-09-05,25.629166666666666
2019-09-06,26.5625
2019-09-07,26.34166666666667
2019-09-08,25.204166666666666
2019-09-09,26.22083333333333
2019-09-10,25.97083333333333
2019-09-11,25.291666666666668
2019-09-12,22.599999999999998
2019-09-13,22.666666666666668
2019-09-14,22.150000000000002
2019-09-15,23.837500000000002
2019-09-16,22.758333333333336
2019-09-17,21.754166666666666
2019-09-18,21.354166666666668
2019-09-19,20.75
2019-09-20,20.945833333333333
2019-09-21,19.6125
2019-09-22,19.141666666666666
2019-09-23,18.349999999999998
2019-09-24,18.558333333333334
2019-09-25,18.925
2019-09-26,21.675
2019-09-27,21.820833333333336
2019-09-28,22.52916666666667
2019-09-29,23.008333333333336
2019-09-30,22.858333333333334
2019-10-01,22.883333333333336
2019-10-02,23.02916666666667
2019-10-03,24.15416666666667
2019-10-04,21.40416666666667
2019-10-05,21.483333333333334
2019-10-06,18.016666666666666
2019-10-07,18.170833333333334
2019-10-08,17.995833333333334
2019-10-09,15.6875
2019-10-10,16.516666666666666
2019-10-11,18.479166666666668
2019-10-12,19.195833333333333
2019-10-13,16.625
2019-10-14,16.4375
2019-10-15,15.4125
2019-10-16,14.35
2019-10-17,15.674999999999999
2019-10-18,17.445833333333333
2019-10-19,18.158333333333335
2019-10-20,17.079166666666666
2019-10-21,16.991666666666667
2019-10-22,17.595833333333335
2019-10-23,17.570833333333333
2019-10-24,17.920833333333334
2019-10-25,18.170833333333334
2019-10-26,16.175
2019-10-27,12.145833333333334
2019-10-28,12.241666666666667
2019-10-29,14.329166666666666
2019-10-30,12.504166666666668
2019-10-31,12.758333333333333
2019-11-01,14.304166666666667
2019-11-02,15.116666666666667
2019-11-03,14.945833333333333
2019-11-04,13.929166666666667
2019-11-05,12.383333333333333
2019-11-06,12.591666666666667
2019-11-07,12.4125
2019-11-08,11.204166666666666
2019-11-09,10.329166666666667
2019-11-10,11.479166666666666
2019-11-11,13.625
2019-11-12,11.329166666666666
2019-11-13,11.416666666666666
2019-11-14,5.983333333333333
2019-11-15,8.079166666666667
2019-11-16,12.120833333333332
2019-11-17,14.2875
2019-11-18,13.595833333333333
2019-11-19,6.220833333333334
2019-11-20,4.525
2019-11-21,7.254166666666666
2019-11-22,12.025
2019-11-23,12.279166666666667
2019-11-24,13.325000000000001
2019-11-25,10.216666666666667
2019-11-26,10.883333333333333
2019-11-27,8.833333333333334
2019-11-28,8.420833333333333
2019-11-29,5.8625
2019-11-30,7.254166666666666
2019-12-01,8.591666666666667
2019-12-02,5.720833333333334
2019-12-03,3.516666666666667
2019-12-04,5.495833333333334
2019-12-05,3.158333333333333
2019-12-06,-0.8500000000000001
2019-12-07,0.9416666666666668
2019-12-08,2.920833333333333
2019-12-09,2.9250000000000003
2019-12-10,6.679166666666667
2019-12-11,9.233333333333333
2019-12-12,3.0500000000000003
2019-12-13,3.279166666666667
2019-12-14,4.925
2019-12-15,7.308333333333334
2019-12-16,7.270833333333333
2019-12-17,9.458333333333334
2019-12-18,7.891666666666667
2019-12-19,4.825
2019-12-20,3.079166666666667
2019-12-21,2.720833333333333
2019-12-22,3.525
2019-12-23,3.975
2019-12-24,4.333333333333333
2019-12-25,6.154166666666666
2019-12-26,6.1625000000000005
2019-12-27,2.45
2019-12-28,2.0375
2019-12-29,2.9
2019-12-30,8.225
2019-12-31,-1.0083333333333333
2020-01-01,-0.225
2020-01-02,2.3541666666666665
2020-01-03,3.595833333333333
2020-01-04,2.8208333333333333
2020-01-05,3.6374999999999997
2020-01-06,6.5125
2020-01-07,14.129166666666668
2020-01-08,7.925
2020-01-09,4.329166666666667
2020-01-10,2.6958333333333333
2020-01-11,3.841666666666667
2020-01-12,3.4875000000000003
2020-01-13,2.029166666666667
2020-01-14,0.9125
2020-01-15,0.6916666666666665
2020-01-16,1.2583333333333333
2020-01-17,3.345833333333333
2020-01-18,3.6
2020-01-19,3.0583333333333336
2020-01-20,3.483333333333333
2020-01-21,2.0375
2020-01-22,5.7749999999999995
2020-01-23,8.220833333333333
2020-01-24,7.6625000000000005
2020-01-25,8.820833333333333
2020-01-26,8.416666666666666
2020-01-27,7.9375
2020-01-28,7.745833333333334
2020-01-29,7.020833333333333
2020-01-30,5.995833333333334
2020-01-31,4.266666666666667
2020-02-01,3.4875000000000003
2020-02-02,3.7291666666666665
2020-02-03,3.3166666666666664
2020-02-04,2.3833333333333333
2020-02-05,-0.012500000000000011
2020-02-06,-0.9583333333333334
2020-02-07,2.8874999999999997
2020-02-08,2.6625
2020-02-09,1.7916666666666667
2020-02-10,3.8625000000000003
2020-02-11,6.2
2020-02-12,11.041666666666666
2020-02-13,9.716666666666667
2020-02-14,9.158333333333333
2020-02-15,11.479166666666666
2020-02-16,7.2375
2020-02-17,0.5375
2020-02-18,-0.5916666666666667
2020-02-19,3.4791666666666665
2020-02-20,6.0
2020-02-21,8.158333333333333
2020-02-22,9.1625
2020-02-23,4.708333333333333
2020-02-24,6.733333333333333
2020-02-25,10.762500000000001
2020-02-26,9.7875
2020-02-27,6.295833333333333
2020-02-28,6.370833333333334
2020-02-29,7.741666666666667
2020-03-01,8.5875
2020-03-02,7.458333333333333
2020-03-03,8.275
2020-03-04,6.791666666666667
2020-03-05,3.370833333333333
2020-03-06,4.895833333333333
2020-03-07,7.175
2020-03-08,8.483333333333333
2020-03-09,10.179166666666667
2020-03-10,10.120833333333334
2020-03-11,6.254166666666666
2020-03-12,6.558333333333334
2020-03-13,9.545833333333333
2020-03-14,6.154166666666666
2020-03-15,6.916666666666667
2020-03-16,5.175
2020-03-17,9.233333333333333
2020-03-18,9.229166666666666
2020-03-19,12.183333333333332
2020-03-20,9.066666666666666
2020-03-21,12.541666666666666
2020-03-22,13.533333333333333
2020-03-23,11.204166666666666
2020-03-24,10.5625
2020-03-25,11.533333333333333
2020-03-26,14.020833333333334
2020-03-27,14.916666666666666
2020-03-28,9.570833333333333
2020-03-29,9.266666666666667
2020-03-30,10.674999999999999
2020-03-31,11.112499999999999
2020-04-01,11.720833333333333
2020-04-02,9.991666666666667
2020-04-03,11.545833333333334
2020-04-04,11.4125
2020-04-05,8.525
2020-04-06,9.283333333333333
2020-04-07,12.333333333333334
2020-04-08,12.045833333333334
2020-04-09,10.479166666666666
2020-04-10,10.029166666666667
2020-04-11,10.041666666666666
2020-04-12,9.3375
2020-04-13,9.129166666666666
2020-04-14,11.466666666666667
2020-04-15,11.591666666666667
2020-04-16,12.0625
2020-04-17,12.808333333333332
2020-04-18,13.358333333333334
2020-04-19,11.875
2020-04-20,13.654166666666667
2020-04-21,11.725
2020-04-22,8.966666666666667
2020-04-23,9.341666666666667
2020-04-24,10.070833333333333
2020-04-25,14.120833333333332
2020-04-26,13.262500000000001
2020-04-27,12.4625
2020-04-28,12.75
2020-04-29,14.3125
2020-04-30,15.754166666666668
2020-05-01,18.283333333333335
2020-05-02,17.795833333333334
2020-05-03,16.849999999999998
2020-05-04,19.537499999999998
2020-05-05,15.887500000000001
2020-05-06,17.045833333333334
2020-05-07,14.954166666666666
2020-05-08,16.216666666666665
2020-05-09,16.995833333333334
2020-05-10,17.379166666666666
2020-05-11,18.933333333333334
2020-05-12,17.787499999999998
2020-05-13,16.120833333333334
2020-05-14,16.537499999999998
2020-05-15,16.266666666666666
2020-05-16,18.3125
2020-05-17,17.620833333333334
2020-05-18,17.587500000000002
2020-05-19,16.05
2020-05-20,14.5625
2020-05-21,14.6875
2020-05-22,14.950000000000001
2020-05-23,16.216666666666665
2020-05-24,18.150000000000002
2020-05-25,18.675
2020-05-26,18.283333333333335
2020-05-27,18.345833333333335
2020-05-28,18.429166666666667
2020-05-29,18.816666666666666
2020-05-30,19.029166666666665
2020-05-31,18.900000000000002
2020-06-01,21.349999999999998
2020-06-02,19.470833333333335
2020-06-03,20.379166666666666
2020-06-04,22.391666666666666
2020-06-05,20.804166666666667
2020-06-06,20.554166666666667
2020-06-07,20.891666666666666
2020-06-08,20.920833333333334
2020-06-09,22.77916666666667
2020-06-10,23.425
2020-06-11,22.7375
2020-06-12,22.695833333333336
2020-06-13,22.337500000000002
2020-06-14,23.391666666666666
2020-06-15,22.633333333333336
2020-06-16,22.620833333333334
2020-06-17,20.970833333333335
2020-06-18,19.208333333333332
2020-06-19,21.52916666666667
2020-06-20,20.770833333333332
2020-06-21,20.466666666666665
2020-06-22,21.0
2020-06-23,22.1375
2020-06-24,22.070833333333336
2020-06-25,22.462500000000002
2020-06-26,23.28333333333333
2020-06-27,22.766666666666666
2020-06-28,23.983333333333334
2020-06-29,22.15416666666667
2020-06-30,23.0625
2020-07-01,21.295833333333334
2020-07-02,21.729166666666668
2020-07-03,20.629166666666666
2020-07-04,20.95
2020-07-05,21.241666666666667
2020-07-06,22.412499999999998
2020-07-07,22.7
2020-07-08,23.316666666666666
2020-07-09,22.816666666666666
2020-07-10,23.037499999999998
2020-07-11,22.90416666666667
2020-07-12,20.7625
2020-07-13,20.679166666666667
2020-07-14,20.733333333333334
2020-07-15,19.729166666666668
2020-07-16,20.641666666666666
2020-07-17,21.075
2020-07-18,20.941666666666666
2020-07-19,23.34166666666667
2020-07-20,24.929166666666664
2020-07-21,24.78333333333333
2020-07-22,23.304166666666664
2020-07-23,22.7
2020-07-24,23.09166666666667
2020-07-25,22.708333333333332
2020-07-26,23.420833333333334
2020-07-27,22.795833333333334
2020-07-28,23.570833333333336
2020-07-29,23.97083333333333
2020-07-30,24.78333333333333
2020-07-31,25.433333333333334
2020-08-01,25.90416666666667
2020-08-02,26.258333333333336
2020-08-03,26.541666666666668
2020-08-04,26.304166666666664
2020-08-05,26.308333333333334
2020-08-06,26.325
2020-08-07,25.620833333333334
2020-08-08,25.933333333333334
2020-08-09,26.724999999999998
2020-08-10,26.633333333333336
2020-08-11,26.416666666666668
2020-08-12,26.445833333333336
2020-08-13,27.28333333333333
2020-08-14,27.620833333333334
2020-08-15,27.724999999999998
2020-08-16,27.6125
2020-08-17,27.729166666666668
2020-08-18,27.53333333333333
2020-08-19,27.983333333333334
2020-08-20,28.270833333333332
2020-08-21,26.474999999999998
2020-08-22,25.962500000000002
2020-08-23,26.15833333333333
2020-08-24,26.883333333333336
2020-08-25,28.275000000000002
2020-08-26,28.116666666666664
2020-08-27,26.7
2020-08-28,26.691666666666666
2020-08-29,27.21666666666667
2020-08-30,27.258333333333336
2020-08-31,25.858333333333334
2020-09-01,26.2
2020-09-02,27.141666666666666
2020-09-03,25.933333333333334
2020-09-04,23.9375
2020-09-05,20.666666666666668
2020-09-06,20.779166666666665
2020-09-07,23.370833333333334
2020-09-08,24.645833333333332
2020-09-09,23.679166666666664
2020-09-10,22.816666666666666
2020-09-11,22.6375
2020-09-12,22.258333333333336
2020-09-13,20.408333333333335
2020-09-14,21.383333333333336
2020-09-15,22.316666666666666
2020-09-16,22.445833333333336
2020-09-17,21.516666666666666
2020-09-18,19.879166666666666
2020-09-19,19.787499999999998
2020-09-20,19.675
2020-09-21,18.345833333333335
2020-09-22,19.2625
2020-09-23,19.849999999999998
2020-09-24,20.366666666666667
2020-09-25,20.2375
2020-09-26,19.320833333333333
2020-09-27,18.912499999999998
2020-09-28,18.224999999999998
2020-09-29,18.604166666666668
2020-09-30,19.179166666666667
2020-10-01,18.566666666666666
2020-10-02,19.341666666666665
2020-10-03,20.641666666666666
2020-10-04,20.954166666666666
2020-10-05,15.845833333333333
2020-10-06,16.308333333333334
2020-10-07,17.541666666666668
2020-10-08,18.695833333333333
2020-10-09,18.608333333333334
2020-10-10,18.708333333333332
2020-10-11,17.116666666666667
2020-10-12,17.383333333333333
2020-10-13,16.679166666666667
2020-10-14,15.295833333333334
2020-10-15,15.304166666666667
2020-10-16,15.445833333333333
2020-10-17,15.5
2020-10-18,15.133333333333333
2020-10-19,15.341666666666667
2020-10-20,15.654166666666667
2020-10-21,16.333333333333332
2020-10-22,15.883333333333333
2020-10-23,11.679166666666667
2020-10-24,10.725000000000001
2020-10-25,12.479166666666666
2020-10-26,12.775
2020-10-27,13.908333333333333
2020-10-28,14.533333333333333
2020-10-29,13.3375
2020-10-30,13.475
2020-10-31,13.179166666666667
2020-11-01,13.508333333333333
2020-11-02,14.033333333333333
2020-11-03,8.333333333333334
2020-11-04,6.695833333333333
2020-11-05,8.829166666666667
2020-11-06,13.166666666666666
2020-11-07,15.166666666666666
2020-11-08,11.716666666666667
2020-11-09,7.5125
2020-11-10,8.745833333333334
2020-11-11,9.35
2020-11-12,11.133333333333333
2020-11-13,11.612499999999999
2020-11-14,13.4
2020-11-15,13.258333333333333
2020-11-16,13.345833333333333
2020-11-17,16.241666666666667
2020-11-18,17.599999999999998
2020-11-19,19.141666666666666
2020-11-20,11.570833333333333
2020-11-21,9.3125
2020-11-22,10.008333333333333
2020-11-23,6.829166666666667
2020-11-24,6.945833333333333
2020-11-25,7.708333333333333
2020-11-26,8.783333333333333
2020-11-27,8.866666666666667
2020-11-28,3.8791666666666664
2020-11-29,3.783333333333333
2020-11-30,3.6750000000000003
2020-12-01,4.329166666666667
2020-12-02,5.920833333333333
2020-12-03,4.779166666666667
2020-12-04,2.9916666666666667
2020-12-05,3.091666666666667
2020-12-06,4.3500000000000005
2020-12-07,5.0625
2020-12-08,3.15
2020-12-09,2.9916666666666667
2020-12-10,4.245833333333334
2020-12-11,6.183333333333334
2020-12-12,5.216666666666667
2020-12-13,5.129166666666667
2020-12-14,-1.55
2020-12-15,-3.6875
2020-12-16,-2.7375000000000003
2020-12-17,-1.5458333333333334
2020-12-18,1.4124999999999999
2020-12-19,-0.8375
2020-12-20,0.23749999999999996
2020-12-21,0.7416666666666667
2020-12-22,1.8208333333333335
2020-12-23,2.720833333333333
2020-12-24,5.7749999999999995
2020-12-25,1.6125
2020-12-26,1.5958333333333332
2020-12-27,5.2
2020-12-28,6.2250000000000005
2020-12-29,6.279166666666666
2020-12-30,-2.9875000000000003
2020-12-31,-3.9875000000000003
2021-01-01,-0.7541666666666665
2021-01-02,-0.09583333333333333
2021-01-03,-0.6333333333333333
2021-01-04,0.4958333333333333
2021-01-05,0.8708333333333335
2021-01-06,-2.6666666666666665
2021-01-07,-5.354166666666667
2021-01-08,-8.145833333333334
2021-01-09,-6.0625
2021-01-10,-3.529166666666667
2021-01-11,-0.9458333333333334
2021-01-12,-0.22083333333333335
2021-01-13,4.9624999999999995
2021-01-14,5.4125000000000005
2021-01-15,10.079166666666667
2021-01-16,3.65
2021-01-17,-1.8416666666666668
2021-01-18,0.8666666666666667
2021-01-19,-1.5041666666666667
2021-01-20,1.9708333333333332
2021-01-21,5.083333333333333
2021-01-22,8.625
2021-01-23,10.179166666666667
2021-01-24,8.762500000000001
2021-01-25,8.025
2021-01-26,7.154166666666666
2021-01-27,5.7749999999999995
2021-01-28,3.5875
2021-01-29,-3.283333333333333
2021-01-30,1.3416666666666668
2021-01-31,4.7124999999999995
2021-02-01,10.166666666666666
2021-02-02,1.5374999999999999
2021-02-03,-0.32916666666666666
2021-02-04,3.4416666666666664
2021-02-05,2.983333333333333
2021-02-06,6.4750000000000005
2021-02-07,7.733333333333333
2021-02-08,1.8458333333333332
2021-02-09,0.7708333333333334
2021-02-10,3.4416666666666664
2021-02-11,5.6625000000000005
2021-02-12,7.970833333333334
2021-02-13,8.916666666666666
2021-02-14,10.483333333333333
2021-02-15,7.5625
2021-02-16,1.8083333333333333
2021-02-17,-2.908333333333333
2021-02-18,-3.091666666666667
2021-02-19,2.620833333333333
2021-02-20,10.995833333333332
2021-02-21,12.525
2021-02-22,13.7125
2021-02-23,6.591666666666666
2021-02-24,5.958333333333333
2021-02-25,8.108333333333333
2021-02-26,9.174999999999999
2021-02-27,7.6000000000000005
2021-02-28,10.15
2021-03-01,13.320833333333333
2021-03-02,5.166666666666667
2021-03-03,4.720833333333333
2021-03-04,8.1875
2021-03-05,11.8125
2021-03-06,7.845833333333334
2021-03-07,6.4750000000000005
2021-03-08,7.0874999999999995
2021-03-09,8.170833333333333
2021-03-10,8.595833333333333
2021-03-11,9.195833333333333
2021-03-12,10.133333333333333
2021-03-13,9.5875
2021-03-14,9.658333333333333
2021-03-15,10.779166666666667
2021-03-16,14.616666666666667
2021-03-17,9.924999999999999
2021-03-18,10.504166666666666
2021-03-19,11.029166666666667
2021-03-20,11.779166666666667
2021-03-21,10.329166666666667
2021-03-22,7.133333333333333
2021-03-23,9.1125
2021-03-24,11.379166666666668
2021-03-25,12.633333333333333
2021-03-26,12.516666666666666
2021-03-27,14.3375
2021-03-28,15.579166666666666
2021-03-29,14.049999999999999
2021-03-30,12.820833333333333
2021-03-31,12.070833333333333
2021-04-01,13.35
2021-04-02,14.870833333333332
2021-04-03,15.858333333333334
2021-04-04,12.420833333333334
2021-04-05,10.345833333333333
2021-04-06,11.058333333333332
2021-04-07,13.483333333333334
2021-04-08,12.508333333333333
2021-04-09,10.816666666666668
2021-04-10,10.0625
2021-04-11,11.695833333333333
2021-04-12,13.85
2021-04-13,15.7875
2021-04-14,10.133333333333333
2021-04-15,10.308333333333334
2021-04-16,13.0375
2021-04-17,13.862499999999999
2021-04-18,11.1875
2021-04-19,12.695833333333333
2021-04-20,14.879166666666668
2021-04-21,16.033333333333335
2021-04-22,17.391666666666666
2021-04-23,15.529166666666667
2021-04-24,15.008333333333333
2021-04-25,14.220833333333333
2021-04-26,13.024999999999999
2021-04-27,13.775
2021-04-28,16.474999999999998
2021-04-29,15.924999999999999
2021-04-30,17.087500000000002
2021-05-01,12.816666666666668
2021-05-02,12.445833333333333
2021-05-03,13.625
2021-05-04,15.954166666666666
2021-05-05,18.008333333333333
2021-05-06,15.0375
2021-05-07,17.05
2021-05-08,15.058333333333332
2021-05-09,16.616666666666667
2021-05-10,15.879166666666668
2021-05-11,15.783333333333333
2021-05-12,17.587500000000002
2021-05-13,18.704166666666666
2021-05-14,18.733333333333334
2021-05-15,18.925
2021-05-16,20.141666666666666
2021-05-17,16.666666666666668
2021-05-18,16.670833333333334
2021-05-19,18.720833333333335
2021-05-20,17.333333333333332
2021-05-21,18.129166666666666
2021-05-22,18.408333333333335
2021-05-23,20.1125
2021-05-24,19.004166666666666
2021-05-25,18.474999999999998
2021-05-26,16.712500000000002
2021-05-27,17.45
2021-05-28,17.3625
2021-05-29,18.337500000000002
2021-05-30,18.5125
2021-05-31,19.095833333333335
2021-06-01,19.920833333333334
2021-06-02,20.195833333333333
2021-06-03,19.804166666666667
2021-06-04,20.820833333333333
2021-06-05,20.054166666666667
2021-06-06,20.908333333333335
2021-06-07,21.241666666666667
2021-06-08,21.833333333333332
2021-06-09,22.175
2021-06-10,21.733333333333334
2021-06-11,21.395833333333332
2021-06-12,22.054166666666664
2021-06-13,22.662499999999998
2021-06-14,22.229166666666668
2021-06-15,21.154166666666665
2021-06-16,21.029166666666665
2021-06-17,20.208333333333332
2021-06-18,20.375
2021-06-19,21.724999999999998
2021-06-20,21.854166666666668
2021-06-21,22.8125
2021-06-22,20.575
2021-06-23,20.25
2021-06-24,20.849999999999998
2021-06-25,21.77916666666667
2021-06-26,22.266666666666666
2021-06-27,22.891666666666666
2021-06-28,23.287499999999998
2021-06-29,22.84166666666667
2021-06-30,23.129166666666666
2021-07-01,24.2375
2021-07-02,24.079166666666666
2021-07-03,22.870833333333334
2021-07-04,25.008333333333336
2021-07-05,22.8
2021-07-06,24.620833333333334
2021-07-07,24.816666666666666
2021-07-08,24.608333333333334
2021-07-09,24.804166666666664
2021-07-10,25.054166666666664
2021-07-11,25.558333333333334
2021-07-12,26.333333333333332
2021-07-13,26.433333333333334
2021-07-14,26.662499999999998
2021-07-15,26.724999999999998
2021-07-16,26.0125
2021-07-17,25.175
2021-07-18,26.125
2021-07-19,26.0
2021-07-20,27.40833333333333
2021-07-21,26.8875
2021-07-22,26.8625
2021-07-23,26.941666666666666
2021-07-24,26.962500000000002
2021-07-25,27.004166666666666
2021-07-26,27.070833333333336
2021-07-27,27.054166666666664
2021-07-28,26.97083333333333
2021-07-29,26.4875
2021-07-30,26.958333333333332
2021-07-31,27.287499999999998
2021-08-01,27.758333333333336
2021-08-02,27.791666666666668
2021-08-03,27.391666666666666
2021-08-04,28.46666666666667
2021-08-05,28.795833333333334
2021-08-06,29.2375
2021-08-07,28.566666666666666
2021-08-08,25.820833333333336
2021-08-09,26.375
2021-08-10,25.291666666666668
2021-08-11,24.816666666666666
2021-08-12,25.666666666666668
2021-08-13,24.916666666666668
2021-08-14,23.412499999999998
2021-08-15,24.191666666666666
2021-08-16,24.712500000000002
2021-08-17,23.59166666666667
2021-08-18,22.71666666666667
2021-08-19,23.349999999999998
2021-08-20,24.05
2021-08-21,24.75
2021-08-22,25.758333333333336
2021-08-23,24.820833333333336
2021-08-24,26.175
2021-08-25,25.65833333333333
2021-08-26,26.208333333333332
2021-08-27,26.037499999999998
2021-08-28,26.070833333333336
2021-08-29,26.45
2021-08-30,25.95
2021-08-31,25.083333333333332
2021-09-01,25.5125
2021-09-02,22.366666666666664
2021-09-03,22.233333333333334
2021-09-04,22.72083333333333
2021-09-05,22.5
2021-09-06,22.72083333333333
2021-09-07,24.52916666666667
2021-09-08,23.8
2021-09-09,23.275000000000002
2021-09-10,22.383333333333336
2021-09-11,23.308333333333334
2021-09-12,23.40416666666667
2021-09-13,23.691666666666666
2021-09-14,23.041666666666668
2021-09-15,22.662499999999998
2021-09-16,22.916666666666668
2021-09-17,20.808333333333334
2021-09-18,22.195833333333336
2021-09-19,21.358333333333334
2021-09-20,22.90833333333333
2021-09-21,23.787499999999998
2021-09-22,23.379166666666666
2021-09-23,21.991666666666664
2021-09-24,21.037499999999998
2021-09-25,21.65833333333333
2021-09-26,21.433333333333334
2021-09-27,21.520833333333332
2021-09-28,22.037499999999998
2021-09-29,23.395833333333332
2021-09-30,21.8875
2021-10-01,20.970833333333335
2021-10-02,21.583333333333332
2021-10-03,21.52916666666667
2021-10-04,23.65416666666667
2021-10-05,23.275000000000002
2021-10-06,22.695833333333336
2021-10-07,22.125
2021-10-08,22.587500000000002
2021-10-09,23.066666666666666
2021-10-10,23.34583333333333
2021-10-11,21.175
2021-10-12,19.520833333333332
2021-10-13,19.879166666666666
2021-10-14,20.075
2021-10-15,20.395833333333332
2021-10-16,16.066666666666666
2021-10-17,9.154166666666667
2021-10-18,10.533333333333333
2021-10-19,12.704166666666666
2021-10-20,12.029166666666667
2021-10-21,12.3375
2021-10-22,12.170833333333334
2021-10-23,12.924999999999999
2021-10-24,13.137500000000001
2021-10-25,14.700000000000001
2021-10-26,13.183333333333332
2021-10-27,14.583333333333334
2021-10-28,14.383333333333333
2021-10-29,14.516666666666666
2021-10-30,14.404166666666667
2021-10-31,14.200000000000001
2021-11-01,14.454166666666666
2021-11-02,13.037500000000001
2021-11-03,12.549999999999999
2021-11-04,12.741666666666667
2021-11-05,13.9
2021-11-06,15.924999999999999
2021-11-07,16.787499999999998
2021-11-08,15.083333333333334
2021-11-09,9.799999999999999
2021-11-10,9.708333333333334
2021-11-11,9.870833333333334
2021-11-12,8.075
2021-11-13,8.870833333333334
2021-11-14,9.887500000000001
2021-11-15,9.891666666666667
2021-11-16,10.283333333333333
2021-11-17,9.204166666666667
2021-11-18,10.045833333333333
2021-11-19,10.1
2021-11-20,11.637500000000001
2021-11-21,12.887500000000001
2021-11-22,9.866666666666667
2021-11-23,5.504166666666666
2021-11-24,8.779166666666667
2021-11-25,11.291666666666666
2021-11-26,7.041666666666667
2021-11-27,5.741666666666667
2021-11-28,6.916666666666667
2021-11-29,7.770833333333333
2021-11-30,10.0
2021-12-01,3.420833333333333
2021-12-02,2.1666666666666665
2021-12-03,6.845833333333332
2021-12-04,3.9791666666666665
2021-12-05,4.883333333333334
2021-12-06,7.670833333333333
2021-12-07,8.420833333333333
2021-12-08,8.291666666666666
2021-12-09,9.170833333333333
2021-12-10,9.379166666666666
2021-12-11,9.208333333333334
2021-12-12,7.779166666666666
2021-12-13,0.7583333333333333
2021-12-14,2.441666666666667
2021-12-15,5.883333333333333
2021-12-16,5.7875000000000005
2021-12-17,2.283333333333333
2021-12-18,-2.6999999999999997
2021-12-19,2.5208333333333335
2021-12-20,5.041666666666667
2021-12-21,7.5
2021-12-22,6.1625000000000005
2021-12-23,4.270833333333333
2021-12-24,4.970833333333333
2021-12-25,-2.6333333333333333
2021-12-26,-5.5125
2021-12-27,-2.525
2021-12-28,2.704166666666667
2021-12-29,3.8541666666666665
2021-12-30,2.120833333333333
2021-12-31,-1.6333333333333335
2022-01-01,-0.5916666666666667
2022-01-02,1.375
2022-01-03,1.0708333333333333
2022-01-04,1.5666666666666667
2022-01-05,3.016666666666666
2022-01-06,4.308333333333334
2022-01-07,1.75
2022-01-08,1.6375
2022-01-09,3.6333333333333333
2022-01-10,3.9875000000000003
2022-01-11,1.1083333333333332
2022-01-12,-2.733333333333333
2022-01-13,-1.5541666666666665
2022-01-14,-1.9958333333333333
2022-01-15,1.4375
2022-01-16,2.6833333333333336
2022-01-17,0.1583333333333333
2022-01-18,-1.875
2022-01-19,0.5
2022-01-20,-0.033333333333333326
2022-01-21,0.8416666666666667
2022-01-22,4.629166666666666
2022-01-23,7.133333333333333
2022-01-24,6.329166666666667
2022-01-25,4.845833333333333
2022-01-26,4.620833333333334
2022-01-27,4.558333333333334
2022-01-28,2.8083333333333336
2022-01-29,1.9166666666666667
2022-01-30,2.1375
2022-01-31,2.1125000000000003
2022-02-01,2.216666666666667
2022-02-02,1.2249999999999999
2022-02-03,1.4958333333333333
2022-02-04,0.9708333333333333
2022-02-05,-1.75
2022-02-06,-0.36666666666666664
2022-02-07,0.7458333333333335
2022-02-08,2.6875
2022-02-09,3.983333333333333
2022-02-10,6.383333333333333
2022-02-11,4.258333333333334
2022-02-12,6.3
2022-02-13,7.845833333333332
2022-02-14,7.779166666666666
2022-02-15,2.245833333333333
2022-02-16,-1.6708333333333334
2022-02-17,-3.3541666666666665
2022-02-18,0.8625000000000002
2022-02-19,3.725
2022-02-20,-1.0958333333333332
2022-02-21,0.5083333333333333
2022-02-22,0.5499999999999999
2022-02-23,-0.7875
2022-02-24,0.30000000000000004
2022-02-25,3.4333333333333336
2022-02-26,5.2375
2022-02-27,5.970833333333334
2022-02-28,6.791666666666667
2022-03-01,10.4375
2022-03-02,6.0375000000000005
2022-03-03,6.3625
2022-03-04,7.545833333333333
2022-03-05,7.5375000000000005
2022-03-06,3.6208333333333336
2022-03-07,5.45
2022-03-08,6.933333333333334
2022-03-09,8.304166666666667
2022-03-10,9.758333333333333
2022-03-11,11.795833333333334
2022-03-12,13.25
2022-03-13,14.429166666666667
2022-03-14,11.841666666666667
2022-03-15,10.012500000000001
2022-03-16,11.275
2022-03-17,10.304166666666667
2022-03-18,7.720833333333334
2022-03-19,6.0625
2022-03-20,6.695833333333333
2022-03-21,8.0625
2022-03-22,9.004166666666666
2022-03-23,8.108333333333333
2022-03-24,9.108333333333333
2022-03-25,12.9
2022-03-26,14.737499999999999
2022-03-27,12.233333333333334
2022-03-28,8.708333333333334
2022-03-29,9.704166666666667
2022-03-30,11.879166666666668
2022-03-31,11.708333333333334
2022-04-01,9.029166666666667
2022-04-02,8.775
2022-04-03,9.904166666666667
2022-04-04,10.495833333333334
2022-04-05,11.670833333333334
2022-04-06,12.770833333333334
2022-04-07,13.108333333333334
2022-04-08,12.620833333333332
2022-04-09,14.341666666666667
2022-04-10,16.004166666666666
2022-04-11,16.841666666666665
2022-04-12,17.616666666666667
2022-04-13,13.741666666666667
2022-04-14,11.683333333333332
2022-04-15,12.008333333333333
2022-04-16,11.395833333333334
2022-04-17,13.641666666666666
2022-04-18,15.820833333333333
2022-04-19,15.891666666666666
2022-04-20,15.904166666666667
2022-04-21,13.362499999999999
2022-04-22,14.904166666666667
2022-04-23,16.458333333333332
2022-04-24,17.683333333333334
2022-04-25,17.162499999999998
2022-04-26,17.974999999999998
2022-04-27,16.341666666666665
2022-04-28,15.137500000000001
2022-04-29,12.279166666666667
2022-04-30,12.4125
2022-05-01,13.716666666666667
2022-05-02,13.304166666666667
2022-05-03,13.033333333333333
2022-05-04,14.641666666666666
2022-05-05,15.9125
2022-05-06,18.508333333333333
2022-05-07,18.395833333333332
2022-05-08,15.841666666666667
2022-05-09,15.508333333333333
2022-05-10,15.858333333333334
2022-05-11,17.954166666666666
2022-05-12,18.75
2022-05-13,16.845833333333335
2022-05-14,18.3875
2022-05-15,16.395833333333332
2022-05-16,17.041666666666668
2022-05-17,17.883333333333333
2022-05-18,19.224999999999998
2022-05-19,19.491666666666667
2022-05-20,19.458333333333332
2022-05-21,19.9375
2022-05-22,22.2625
2022-05-23,20.400000000000002
2022-05-24,21.875
2022-05-25,21.079166666666666
2022-05-26,21.34583333333333
2022-05-27,22.05
2022-05-28,22.020833333333332
2022-05-29,21.900000000000002
2022-05-30,20.970833333333335
2022-05-31,21.224999999999998
2022-06-01,21.091666666666665
2022-06-02,20.291666666666668
2022-06-03,21.433333333333334
2022-06-04,20.183333333333334
2022-06-05,18.400000000000002
2022-06-06,18.849999999999998
2022-06-07,17.083333333333332
2022-06-08,17.658333333333335
2022-06-09,18.025000000000002
2022-06-10,19.629166666666666
2022-06-11,20.854166666666668
2022-06-12,19.829166666666666
2022-06-13,19.258333333333333
2022-06-14,18.458333333333332
2022-06-15,20.020833333333332
2022-06-16,21.679166666666664
2022-06-17,21.745833333333334
2022-06-18,23.520833333333332
2022-06-19,23.058333333333334
2022-06-20,22.8625
2022-06-21,24.27916666666667
2022-06-22,24.070833333333336
2022-06-23,24.066666666666666
2022-06-24,23.72083333333333
2022-06-25,23.379166666666666
2022-06-26,23.40833333333333
2022-06-27,22.766666666666666
2022-06-28,24.879166666666666
2022-06-29,24.579166666666666
2022-06-30,25.400000000000002
2022-07-01,25.579166666666666
2022-07-02,26.620833333333334
2022-07-03,26.741666666666664
2022-07-04,26.804166666666664
2022-07-05,26.808333333333334
2022-07-06,26.429166666666664
2022-07-07,26.804166666666664
2022-07-08,26.920833333333334
2022-07-09,27.2625
2022-07-10,26.370833333333334
2022-07-11,25.291666666666668
2022-07-12,24.883333333333336
2022-07-13,24.191666666666666
2022-07-14,27.349999999999998
2022-07-15,26.354166666666668
2022-07-16,26.3875
2022-07-17,26.583333333333332
2022-07-18,24.275000000000002
2022-07-19,25.6125
2022-07-20,26.479166666666668
2022-07-21,26.558333333333334
2022-07-22,25.208333333333332
2022-07-23,24.116666666666664
2022-07-24,25.34166666666667
2022-07-25,25.525000000000002
2022-07-26,25.233333333333334
2022-07-27,25.441666666666666
2022-07-28,26.733333333333334
2022-07-29,27.816666666666666
2022-07-30,27.45
2022-07-31,26.925
2022-08-01,28.045833333333334
2022-08-02,27.104166666666668
2022-08-03,27.375
2022-08-04,27.9375
2022-08-05,28.15833333333333
2022-08-06,28.90416666666667
2022-08-07,28.420833333333334
2022-08-08,28.991666666666664
2022-08-09,28.229166666666668
2022-08-10,28.075
2022-08-11,27.3625
2022-08-12,27.979166666666668
2022-08-13,27.645833333333332
2022-08-14,28.287499999999998
2022-08-15,28.895833333333332
2022-08-16,27.079166666666666
2022-08-17,24.587500000000002
2022-08-18,24.27916666666667
2022-08-19,25.991666666666664
2022-08-20,26.6875
2022-08-21,25.837500000000002
2022-08-22,24.416666666666668
2022-08-23,25.829166666666666
2022-08-24,23.212500000000002
2022-08-25,23.366666666666664
2022-08-26,24.162499999999998
2022-08-27,23.866666666666664
2022-08-28,22.150000000000002
2022-08-29,23.337500000000002
2022-08-30,23.541666666666668
2022-08-31,23.429166666666664
2022-09-01,22.479166666666668
2022-09-02,21.95
2022-09-03,23.245833333333334
2022-09-04,25.775000000000002
2022-09-05,26.837500000000002
2022-09-06,24.891666666666666
2022-09-07,21.870833333333334
2022-09-08,21.6125
2022-09-09,22.325
2022-09-10,22.495833333333334
2022-09-11,23.708333333333332
2022-09-12,23.525000000000002
2022-09-13,23.858333333333334
2022-09-14,24.09166666666667
2022-09-15,24.0625
2022-09-16,24.925
2022-09-17,25.05
2022-09-18,26.045833333333334
2022-09-19,23.962500000000002
2022-09-20,19.429166666666667
2022-09-21,18.095833333333335
2022-09-22,19.070833333333333
2022-09-23,20.5625
2022-09-24,18.516666666666666
2022-09-25,19.258333333333333
2022-09-26,19.741666666666667
2022-09-27,20.5125
2022-09-28,20.758333333333333
2022-09-29,20.154166666666665
2022-09-30,19.900000000000002
2022-10-01,20.454166666666666
2022-10-02,21.133333333333333
2022-10-03,24.433333333333334
2022-10-04,22.925
2022-10-05,17.958333333333332
2022-10-06,17.804166666666667
2022-10-07,17.2125
2022-10-08,16.833333333333332
2022-10-09,16.858333333333334
2022-10-10,14.783333333333333
2022-10-11,13.733333333333334
2022-10-12,14.9625
2022-10-13,17.291666666666668
2022-10-14,16.991666666666667
2022-10-15,17.833333333333332
2022-10-16,18.391666666666666
2022-10-17,16.170833333333334
2022-10-18,11.7875
2022-10-19,11.266666666666666
2022-10-20,12.741666666666667
2022-10-21,15.258333333333333
2022-10-22,17.504166666666666
2022-10-23,16.025000000000002
2022-10-24,13.033333333333333
2022-10-25,12.595833333333333
2022-10-26,13.674999999999999
2022-10-27,15.595833333333333
2022-10-28,14.954166666666666
2022-10-29,15.308333333333332
2022-10-30,14.654166666666667
2022-10-31,14.558333333333332
2022-11-01,14.858333333333334
2022-11-02,13.924999999999999
2022-11-03,13.875
2022-11-04,10.320833333333333
2022-11-05,8.700000000000001
2022-11-06,10.4
2022-11-07,10.545833333333333
2022-11-08,11.566666666666668
2022-11-09,11.745833333333332
2022-11-10,13.058333333333332
2022-11-11,15.754166666666668
2022-11-12,16.720833333333335
2022-11-13,17.316666666666666
2022-11-14,12.916666666666666
2022-11-15,10.079166666666667
2022-11-16,10.020833333333334
2022-11-17,10.7125
2022-11-18,10.987499999999999
2022-11-19,14.237499999999999
2022-11-20,14.0375
2022-11-21,12.529166666666667
2022-11-22,12.987499999999999
2022-11-23,13.629166666666668
2022-11-24,10.554166666666667
2022-11-25,10.879166666666668
2022-11-26,11.770833333333334
2022-11-27,9.683333333333334
2022-11-28,17.3625
2022-11-29,15.241666666666667
2022-11-30,1.1291666666666667
2022-12-01,-0.6749999999999999
2022-12-02,0.9666666666666667
2022-12-03,4.45
2022-12-04,4.458333333333333
2022-12-05,1.6541666666666668
2022-12-06,2.4499999999999997
2022-12-07,5.7
2022-12-08,4.295833333333333
2022-12-09,5.3625
2022-12-10,6.566666666666666
2022-12-11,5.808333333333334
2022-12-12,6.116666666666667
2022-12-13,5.7375
2022-12-14,-1.2083333333333333
2022-12-15,-0.15
2022-12-16,1.8333333333333333
2022-12-17,-0.25
2022-12-18,-3.6958333333333333
2022-12-19,-2.620833333333333
2022-12-20,-0.3458333333333334
2022-12-21,3.0708333333333333
2022-12-22,-0.6041666666666666
2022-12-23,-4.2
2022-12-24,-3.358333333333333
2022-12-25,-0.2333333333333333
2022-12-26,0.5916666666666667
2022-12-27,1.2874999999999999
2022-12-28,1.25
2022-12-29,0.21666666666666667
2022-12-30,0.31250000000000006
2022-12-31,0.9083333333333333
2023-01-01,1.7958333333333334
2023-01-02,0.8166666666666665
2023-01-03,-0.24999999999999997
2023-01-04,0.5458333333333334
2023-01-05,1.3916666666666666
2023-01-06,2.4875000000000003
2023-01-07,4.616666666666666
2023-01-08,2.6625
2023-01-09,5.266666666666667
2023-01-10,4.325
2023-01-11,4.75
2023-01-12,6.833333333333333
2023-01-13,13.950000000000001
2023-01-14,10.570833333333333
2023-01-15,6.170833333333333
2023-01-16,0.2916666666666667
2023-01-17,0.02500000000000001
2023-01-18,1.2958333333333334
2023-01-19,0.7666666666666666
2023-01-20,2.2333333333333334
2023-01-21,-1.3
2023-01-22,1.5625
2023-01-23,3.7708333333333335
2023-01-24,-5.0874999999999995
2023-01-25,-7.575
2023-01-26,-1.5333333333333332
2023-01-27,-1.575
2023-01-28,-3.3249999999999997
2023-01-29,0.7333333333333333
2023-01-30,1.0791666666666668
2023-01-31,1.5041666666666667
2023-02-01,6.166666666666667
2023-02-02,2.1458333333333335
2023-02-03,3.0666666666666664
2023-02-04,1.4000000000000001
2023-02-05,1.3208333333333333
2023-02-06,3.066666666666667
2023-02-07,7.05
2023-02-08,5.954166666666667
2023-02-09,5.945833333333333
2023-02-10,6.608333333333333
2023-02-11,4.770833333333333
2023-02-12,5.829166666666667
2023-02-13,7.204166666666667
2023-02-14,5.7
2023-02-15,3.8166666666666664
2023-02-16,5.366666666666667
2023-02-17,5.3500000000000005
2023-02-18,9.379166666666666
2023-02-19,8.841666666666667
2023-02-20,2.8833333333333333
2023-02-21,1.3
2023-02-22,4.645833333333333
2023-02-23,7.695833333333333
2023-02-24,8.012500000000001
2023-02-25,3.9250000000000003
2023-02-26,3.5041666666666664
2023-02-27,5.0375000000000005
2023-02-28,8.3375
2023-03-01,8.708333333333334
2023-03-02,4.183333333333334
2023-03-03,4.858333333333333
2023-03-04,7.8125
2023-03-05,9.012500000000001
2023-03-06,9.1875
2023-03-07,10.204166666666667
2023-03-08,12.25
2023-03-09,14.737499999999999
2023-03-10,12.829166666666666
2023-03-11,12.945833333333333
2023-03-12,12.670833333333334
2023-03-13,5.020833333333333
2023-03-14,8.3375
2023-03-15,12.833333333333334
2023-03-16,11.195833333333333
2023-03-17,9.775
2023-03-18,10.616666666666667
2023-03-19,9.825000000000001
2023-03-20,10.8375
2023-03-21,12.991666666666667
2023-03-22,15.433333333333332
2023-03-23,15.379166666666668
2023-03-24,12.674999999999999
2023-03-25,11.270833333333334
2023-03-26,11.208333333333334
2023-03-27,10.35
2023-03-28,10.191666666666666
2023-03-29,11.708333333333334
2023-03-30,12.804166666666667
2023-03-31,15.395833333333334
2023-04-01,14.020833333333334
2023-04-02,13.950000000000001
2023-04-03,13.595833333333333
2023-04-04,14.816666666666668
2023-04-05,15.458333333333334
2023-04-06,12.5625
2023-04-07,13.1875
2023-04-08,9.7875
2023-04-09,10.508333333333333
2023-04-10,12.887500000000001
2023-04-11,16.7375
2023-04-12,13.683333333333332
2023-04-13,13.133333333333333
2023-04-14,13.866666666666667
2023-04-15,14.004166666666668
2023-04-16,11.8375
2023-04-17,11.979166666666666
2023-04-18,16.216666666666665
2023-04-19,16.904166666666665
2023-04-20,18.258333333333333
2023-04-21,16.483333333333334
2023-04-22,13.416666666666666
2023-04-23,12.725
2023-04-24,13.104166666666666
2023-04-25,11.516666666666666
2023-04-26,12.862499999999999
2023-04-27,13.0
2023-04-28,14.604166666666666
2023-04-29,16.974999999999998
2023-04-30,14.3375
2023-05-01,15.225
2023-05-02,14.829166666666666
2023-05-03,16.133333333333333
2023-05-04,17.0125
2023-05-05,18.3625
2023-05-06,16.066666666666666
2023-05-07,12.579166666666666
2023-05-08,13.325000000000001
2023-05-09,14.7125
2023-05-10,16.4875
2023-05-11,16.191666666666666
2023-05-12,16.087500000000002
2023-05-13,15.362499999999999
2023-05-14,16.1375
2023-05-15,17.545833333333334
2023-05-16,18.804166666666667
2023-05-17,19.508333333333333
2023-05-18,18.366666666666667
2023-05-19,18.404166666666665
2023-05-20,17.20416666666667
2023-05-21,19.791666666666668
2023-05-22,17.675
2023-05-23,16.537499999999998
2023-05-24,17.166666666666668
2023-05-25,17.954166666666666
2023-05-26,18.870833333333334
2023-05-27,20.120833333333334
2023-05-28,20.083333333333332
2023-05-29,20.6125
2023-05-30,19.079166666666666
2023-05-31,18.983333333333334
2023-06-01,17.970833333333335
2023-06-02,21.929166666666664
2023-06-03,19.875
2023-06-04,20.633333333333333
2023-06-05,21.554166666666664
2023-06-06,19.3875
2023-06-07,20.162499999999998
2023-06-08,19.912499999999998
2023-06-09,20.650000000000002
2023-06-10,21.0625
2023-06-11,21.133333333333333
2023-06-12,21.479166666666668
2023-06-13,21.420833333333334
2023-06-14,21.724999999999998
2023-06-15,20.141666666666666
2023-06-16,22.55
2023-06-17,22.866666666666664
2023-06-18,23.891666666666666
2023-06-19,23.5625
2023-06-20,22.445833333333336
2023-06-21,22.1375
2023-06-22,22.537499999999998
2023-06-23,22.520833333333332
2023-06-24,22.09583333333333
2023-06-25,21.708333333333332
2023-06-26,23.15833333333333
2023-06-27,23.541666666666668
2023-06-28,23.329166666666666
2023-06-29,24.0125
2023-06-30,23.741666666666664
2023-07-01,22.820833333333336
2023-07-02,23.583333333333332
2023-07-03,24.175
2023-07-04,23.3875
2023-07-05,26.016666666666666
2023-07-06,23.825
2023-07-07,23.34166666666667
2023-07-08,23.275000000000002
2023-07-09,24.400000000000002
2023-07-10,24.733333333333334
2023-07-11,24.204166666666666
2023-07-12,24.316666666666666
2023-07-13,24.6375
2023-07-14,25.2625
2023-07-15,26.212500000000002
2023-07-16,24.729166666666668
2023-07-17,25.795833333333334
2023-07-18,24.608333333333334
2023-07-19,24.195833333333336
2023-07-20,24.066666666666666
2023-07-21,24.625
2023-07-22,24.675
2023-07-23,25.804166666666664
2023-07-24,25.837500000000002
2023-07-25,25.849999999999998
2023-07-26,26.15833333333333
2023-07-27,27.3125
2023-07-28,28.041666666666668
2023-07-29,28.358333333333334
2023-07-30,27.866666666666664
2023-07-31,28.175
2023-08-01,28.400000000000002
2023-08-02,28.458333333333332
2023-08-03,28.9875
2023-08-04,29.016666666666666
2023-08-05,29.325
2023-08-06,29.916666666666668
2023-08-07,29.912499999999998
2023-08-08,28.84166666666667
2023-08-09,26.3125
2023-08-10,26.183333333333334
2023-08-11,26.6375
2023-08-12,27.066666666666666
2023-08-13,26.0
2023-08-14,26.8
2023-08-15,27.116666666666664
2023-08-16,25.5625
2023-08-17,25.587500000000002
2023-08-18,25.97083333333333
2023-08-19,26.599999999999998
2023-08-20,27.4375
2023-08-21,27.058333333333334
2023-08-22,27.516666666666666
2023-08-23,27.875
2023-08-24,25.704166666666666
2023-08-25,26.825
2023-08-26,26.433333333333334
2023-08-27,26.108333333333334
2023-08-28,26.445833333333336
2023-08-29,26.65416666666667
2023-08-30,26.670833333333334
2023-08-31,25.804166666666664
2023-09-01,24.679166666666664
2023-09-02,24.84583333333333
2023-09-03,25.65416666666667
2023-09-04,26.162499999999998
2023-09-05,25.745833333333334
2023-09-06,25.4875
2023-09-07,24.224999999999998
2023-09-08,23.641666666666666
2023-09-09,22.691666666666666
2023-09-10,23.5
2023-09-11,24.208333333333332
2023-09-12,24.712500000000002
2023-09-13,24.6125
2023-09-14,23.712500000000002
2023-09-15,24.90416666666667
2023-09-16,24.5125
2023-09-17,24.670833333333334
2023-09-18,24.7
2023-09-19,24.391666666666666
2023-09-20,23.241666666666664
2023-09-21,22.204166666666666
2023-09-22,21.229166666666668
2023-09-23,20.883333333333333
2023-09-24,21.858333333333334
2023-09-25,22.583333333333332
2023-09-26,22.96666666666667
2023-09-27,23.9875
2023-09-28,23.733333333333334
2023-09-29,22.041666666666668
2023-09-30,19.591666666666665
2023-10-01,19.154166666666665
2023-10-02,18.474999999999998
2023-10-03,19.162499999999998
2023-10-04,18.754166666666666
2023-10-05,16.9375
2023-10-06,15.916666666666666
2023-10-07,18.308333333333334
2023-10-08,18.666666666666668
2023-10-09,19.104166666666668
2023-10-10,17.829166666666666
2023-10-11,17.908333333333335
2023-10-12,17.337500000000002
2023-10-13,18.275000000000002
2023-10-14,17.662499999999998
2023-10-15,16.954166666666666
2023-10-16,16.654166666666665
2023-10-17,16.041666666666668
2023-10-18,15.666666666666666
2023-10-19,18.25
2023-10-20,15.0625
2023-10-21,12.641666666666666
2023-10-22,13.095833333333333
2023-10-23,14.683333333333332
2023-10-24,14.354166666666666
2023-10-25,15.445833333333333
2023-10-26,15.929166666666667
2023-10-27,15.525
2023-10-28,14.445833333333333
2023-10-29,15.0875
2023-10-30,14.383333333333333
2023-10-31,14.729166666666666
2023-11-01,16.270833333333332
2023-11-02,18.05
2023-11-03,19.195833333333333
2023-11-04,18.779166666666665
2023-11-05,19.3625
2023-11-06,18.845833333333335
2023-11-07,11.654166666666667
2023-11-08,10.441666666666666
2023-11-09,14.254166666666668
2023-11-10,11.870833333333332
2023-11-11,7.8374999999999995
2023-11-12,4.9875
2023-11-13,4.358333333333333
2023-11-14,6.05
2023-11-15,7.508333333333333
2023-11-16,8.395833333333334
2023-11-17,6.933333333333334
2023-11-18,4.204166666666667
2023-11-19,7.8875
2023-11-20,8.1
2023-11-21,8.079166666666667
2023-11-22,10.9125
2023-11-23,15.049999999999999
2023-11-24,4.954166666666667
2023-11-25,1.8791666666666667
2023-11-26,5.179166666666666
2023-11-27,9.383333333333333
2023-11-28,7.170833333333333
2023-11-29,5.495833333333334
2023-11-30,0.7625000000000001
2023-12-01,1.0041666666666667
2023-12-02,3.404166666666667
2023-12-03,5.6125
2023-12-04,4.3999999999999995
2023-12-05,6.7749999999999995
2023-12-06,7.2749999999999995
2023-12-07,7.816666666666666
2023-12-08,11.941666666666668
2023-12-09,14.299999999999999
2023-12-10,12.079166666666666
2023-12-11,14.420833333333334
2023-12-12,9.904166666666667
2023-12-13,9.362499999999999
2023-12-14,12.0625
2023-12-15,13.691666666666668
2023-12-16,4.345833333333333
2023-12-17,-3.9583333333333335
2023-12-18,-2.4541666666666666
2023-12-19,0.7541666666666668
2023-12-20,-0.07916666666666666
2023-12-21,-4.883333333333334
2023-12-22,-5.245833333333334
2023-12-23,-2.9916666666666667
2023-12-24,-0.08750000000000001
2023-12-25,-0.041666666666666595
2023-12-26,1.5999999999999999
2023-12-27,4.354166666666667
2023-12-28,3.8541666666666665
2023-12-29,3.4333333333333336
2023-12-30,4.245833333333334
2023-12-31,6.637499999999999
2024-01-01,4.9625
2024-01-02,5.933333333333334
2024-01-03,4.529166666666667
2024-01-04,2.7375000000000003
2024-01-05,6.029166666666666
2024-01-06,3.941666666666667
2024-01-07,0.6124999999999999
2024-01-08,-1.1666666666666667
2024-01-09,0.9041666666666667
2024-01-10,4.245833333333334
2024-01-11,2.9916666666666667
2024-01-12,3.6374999999999997
2024-01-13,2.129166666666667
2024-01-14,5.916666666666667
2024-01-15,2.6041666666666665
2024-01-16,1.7208333333333332
2024-01-17,4.1000000000000005
2024-01-18,10.174999999999999
2024-01-19,7.566666666666666
2024-01-20,8.220833333333333
2024-01-21,7.266666666666667
2024-01-22,0.4541666666666666
2024-01-23,-5.141666666666667
2024-01-24,-4.5625
2024-01-25,-2.670833333333333
2024-01-26,0.5583333333333333
2024-01-27,1.7708333333333333
2024-01-28,1.7791666666666668
2024-01-29,0.9916666666666667
2024-01-30,2.591666666666667
2024-01-31,7.216666666666666
2024-02-01,6.745833333333334
2024-02-02,6.145833333333333
2024-02-03,6.654166666666666
2024-02-04,7.629166666666666
2024-02-05,6.8125
2024-02-06,5.05
2024-02-07,3.3625000000000003
2024-02-08,3.1666666666666665
2024-02-09,3.995833333333333
2024-02-10,3.3375
2024-02-11,3.5124999999999997
2024-02-12,3.766666666666666
2024-02-13,7.966666666666666
2024-02-14,12.154166666666667
2024-02-15,10.658333333333333
2024-02-16,4.5125
2024-02-17,4.7875000000000005
2024-02-18,9.216666666666667
2024-02-19,15.795833333333334
2024-02-20,9.441666666666666
2024-02-21,7.916666666666667
2024-02-22,5.020833333333333
2024-02-23,4.308333333333334
2024-02-24,5.029166666666667
2024-02-25,5.579166666666667
2024-02-26,4.825
2024-02-27,4.583333333333333
2024-02-28,5.5125
2024-02-29,5.958333333333333
2024-03-01,1.4291666666666665
2024-03-02,-0.28750000000000003
2024-03-03,6.241666666666667
2024-03-04,6.641666666666667
2024-03-05,8.770833333333334
2024-03-06,7.8999999999999995
2024-03-07,6.395833333333333
2024-03-08,4.316666666666666
2024-03-09,3.170833333333333
2024-03-10,4.6625000000000005
2024-03-11,6.691666666666666
2024-03-12,7.675
2024-03-13,6.254166666666666
2024-03-14,7.920833333333333
2024-03-15,8.737499999999999
2024-03-16,10.6
2024-03-17,13.075000000000001
2024-03-18,8.254166666666666
2024-03-19,10.595833333333333
2024-03-20,6.133333333333333
2024-03-21,5.666666666666667
2024-03-22,10.504166666666666
2024-03-23,15.079166666666666
2024-03-24,11.225
2024-03-25,10.970833333333333
2024-03-26,8.458333333333334
2024-03-27,8.375
2024-03-28,12.5
2024-03-29,11.9375
2024-03-30,12.083333333333334
2024-03-31,11.083333333333334
2024-04-01,11.7125
2024-04-02,12.991666666666667
2024-04-03,13.341666666666667
2024-04-04,12.179166666666667
2024-04-05,12.0875
2024-04-06,12.204166666666666
2024-04-07,14.008333333333333
2024-04-08,14.75
2024-04-09,12.016666666666666
2024-04-10,10.808333333333332
2024-04-11,12.9
2024-04-12,14.216666666666667
2024-04-13,15.820833333333333
2024-04-14,15.941666666666668
2024-04-15,16.025000000000002
2024-04-16,16.3625
2024-04-17,14.75
2024-04-18,15.3375
2024-04-19,15.516666666666666
2024-04-20,14.941666666666668
2024-04-21,15.6875
2024-04-22,15.295833333333334
2024-04-23,14.341666666666667
2024-04-24,14.620833333333332
2024-04-25,14.674999999999999
2024-04-26,14.708333333333334
2024-04-27,16.291666666666668
2024-04-28,17.3125
2024-04-29,15.045833333333334
2024-04-30,15.799999999999999
2024-05-01,13.5375
2024-05-02,13.604166666666666
2024-05-03,14.674999999999999
2024-05-04,16.366666666666667
2024-05-05,18.3125
2024-05-06,18.087500000000002
2024-05-07,15.391666666666666
2024-05-08,13.4625
2024-05-09,13.7875
2024-05-10,16.287499999999998
2024-05-11,18.037499999999998
2024-05-12,19.495833333333334
2024-05-13,16.720833333333335
2024-05-14,16.833333333333332
2024-05-15,17.337500000000002
2024-05-16,14.741666666666667
2024-05-17,17.008333333333333
2024-05-18,17.495833333333334
2024-05-19,18.891666666666666
2024-05-20,19.3875
2024-05-21,17.375
2024-05-22,17.575
2024-05-23,19.991666666666667
2024-05-24,19.8125
2024-05-25,18.045833333333334
2024-05-26,18.916666666666668
2024-05-27,21.45
2024-05-28,19.108333333333334
2024-05-29,17.408333333333335
2024-05-30,18.791666666666668
2024-05-31,19.795833333333334
2024-06-01,20.070833333333333
2024-06-02,18.679166666666667
2024-06-03,18.2625
2024-06-04,18.404166666666665
2024-06-05,18.55
2024-06-06,19.6
2024-06-07,20.916666666666668
2024-06-08,20.033333333333335
2024-06-09,20.858333333333334
2024-06-10,21.033333333333335
2024-06-11,22.058333333333334
2024-06-12,22.504166666666666
2024-06-13,23.620833333333334
2024-06-14,23.316666666666666
2024-06-15,24.53333333333333
2024-06-16,24.0625
2024-06-17,22.770833333333332
2024-06-18,23.575
2024-06-19,24.925
2024-06-20,22.566666666666666
2024-06-21,23.258333333333336
2024-06-22,23.054166666666664
2024-06-23,24.175
2024-06-24,23.5625
2024-06-25,23.016666666666666
2024-06-26,22.083333333333332
2024-06-27,20.933333333333334
2024-06-28,22.52916666666667
2024-06-29,22.537499999999998
2024-06-30,23.837500000000002
2024-07-01,24.28333333333333
2024-07-02,24.008333333333336
2024-07-03,25.575
2024-07-04,25.191666666666666
2024-07-05,25.504166666666666
2024-07-06,25.170833333333334
2024-07-07,25.758333333333336
2024-07-08,25.287499999999998
2024-07-09,24.8125
2024-07-10,24.837500000000002
2024-07-11,22.920833333333334
2024-07-12,24.22083333333333
2024-07-13,23.724999999999998
2024-07-14,23.72083333333333
2024-07-15,24.075
2024-07-16,23.425
2024-07-17,25.46666666666667
2024-07-18,25.02916666666667
2024-07-19,24.712500000000002
2024-07-20,25.3625
2024-07-21,27.441666666666666
2024-07-22,27.09583333333333
2024-07-23,27.3125
2024-07-24,25.3875
2024-07-25,27.037499999999998
2024-07-26,27.25
2024-07-27,27.75
2024-07-28,27.945833333333336
2024-07-29,28.1125
2024-07-30,28.295833333333334
2024-07-31,28.495833333333334
2024-08-01,28.275000000000002
2024-08-02,28.691666666666666
2024-08-03,29.650000000000002
2024-08-04,29.1875
2024-08-05,28.491666666666664
2024-08-06,28.004166666666666
2024-08-07,28.208333333333332
2024-08-08,28.349999999999998
2024-08-09,28.058333333333334
2024-08-10,27.870833333333334
2024-08-11,27.558333333333334
2024-08-12,27.570833333333336
2024-08-13,27.633333333333336
2024-08-14,27.745833333333334
2024-08-15,27.920833333333334
2024-08-16,27.875
2024-08-17,27.787499999999998
2024-08-18,27.445833333333336
2024-08-19,28.5
2024-08-20,27.8875
2024-08-21,28.258333333333336
2024-08-22,28.929166666666664
2024-08-23,28.491666666666664
2024-08-24,27.741666666666664
2024-08-25,27.3125
2024-08-26,27.641666666666666
2024-08-27,26.266666666666666
2024-08-28,26.099999999999998
2024-08-29,26.59583333333333
2024-08-30,27.979166666666668
2024-08-31,26.079166666666666
2024-09-01,25.84583333333333
2024-09-02,26.25
2024-09-03,25.083333333333332
2024-09-04,24.704166666666666
2024-09-05,24.870833333333334
2024-09-06,26.412499999999998
2024-09-07,26.441666666666666
2024-09-08,27.054166666666664
2024-09-09,27.25
2024-09-10,28.041666666666668
2024-09-11,26.879166666666666
2024-09-12,27.1875
2024-09-13,27.429166666666664
2024-09-14,27.900000000000002
2024-09-15,27.416666666666668
2024-09-16,27.920833333333334
2024-09-17,28.108333333333334
2024-09-18,28.837500000000002
2024-09-19,28.454166666666666
2024-09-20,27.270833333333332
2024-09-21,24.724999999999998
2024-09-22,22.55
2024-09-23,21.2375
2024-09-24,21.416666666666668
2024-09-25,22.900000000000002
2024-09-26,23.479166666666668
2024-09-27,23.316666666666666
2024-09-28,23.337500000000002
2024-09-29,22.829166666666666
2024-09-30,22.104166666666668
2024-10-01,21.979166666666668
2024-10-02,17.933333333333334
2024-10-03,18.3
2024-10-04,18.400000000000002
2024-10-05,19.133333333333333
2024-10-06,19.3125
2024-10-07,16.954166666666666
2024-10-08,18.733333333333334
2024-10-09,18.537499999999998
2024-10-10,18.212500000000002
2024-10-11,17.9875
2024-10-12,17.970833333333335
2024-10-13,19.4375
2024-10-14,21.020833333333332
2024-10-15,21.808333333333334
2024-10-16,20.712500000000002
2024-10-17,20.541666666666668
2024-10-18,22.295833333333334
2024-10-19,20.170833333333334
2024-10-20,15.775
2024-10-21,20.0125
2024-10-22,21.1125
2024-10-23,17.1375
2024-10-24,14.1625
2024-10-25,17.904166666666665
2024-10-26,18.325
2024-10-27,16.333333333333332
2024-10-28,16.525000000000002
2024-10-29,17.220833333333335
2024-10-30,15.783333333333333
2024-10-31,17.3625
2024-11-01,15.870833333333332
2024-11-02,18.0
2024-11-03,15.908333333333333
2024-11-04,14.9125
2024-11-05,13.495833333333332
2024-11-06,9.158333333333333
2024-11-07,11.441666666666668
2024-11-08,13.983333333333334
2024-11-09,14.116666666666667
2024-11-10,15.070833333333333
2024-11-11,13.829166666666666
2024-11-12,13.704166666666666
2024-11-13,14.895833333333334
2024-11-14,15.512500000000001
2024-11-15,15.845833333333333
2024-11-16,17.720833333333335
2024-11-17,13.3125
2024-11-18,6.308333333333334
2024-11-19,8.904166666666667
2024-11-20,9.083333333333334
2024-11-21,10.554166666666667
2024-11-22,9.1
2024-11-23,8.541666666666666
2024-11-24,9.770833333333334
2024-11-25,11.570833333333333
2024-11-26,12.0875
2024-11-27,6.375
2024-11-28,6.708333333333333
2024-11-29,5.583333333333333
2024-11-30,7.316666666666666
2024-12-01,8.570833333333333
2024-12-02,11.354166666666666
2024-12-03,6.754166666666666
2024-12-04,4.391666666666667
2024-12-05,6.0375000000000005
2024-12-06,6.666666666666667
2024-12-07,4.2625
2024-12-08,1.8708333333333333
2024-12-09,2.5375
2024-12-10,3.8249999999999997
2024-12-11,4.85
2024-12-12,3.754166666666667
2024-12-13,3.125
2024-12-14,1.575
2024-12-15,3.9583333333333335
2024-12-16,3.245833333333333
2024-12-17,3.1875
2024-12-18,0.4375
2024-12-19,1.2625
2024-12-20,3.1291666666666664
2024-12-21,3.6458333333333335
2024-12-22,-1.1416666666666666
2024-12-23,2.1625
2024-12-24,2.4499999999999997
2024-12-25,3.1333333333333333
2024-12-26,4.65
2024-12-27,0.6458333333333334
2024-12-28,0.3416666666666666
2024-12-29,2.0416666666666665
2024-12-30,5.983333333333333
2024-12-31,4.2375
2025-01-01,2.2083333333333335
2025-01-02,3.654166666666667
2025-01-03,1.3041666666666667
2025-01-04,1.2375
2025-01-05,2.125
2025-01-06,3.1041666666666665
2025-01-07,0.7833333333333333
2025-01-08,2.0791666666666666
2025-01-09,-3.283333333333333
2025-01-10,-5.241666666666666
2025-01-11,-1.5958333333333334
2025-01-12,-0.2958333333333334
2025-01-13,1.3041666666666667
2025-01-14,4.333333333333333
2025-01-15,0.39166666666666666
2025-01-16,0.5125000000000001
2025-01-17,1.5374999999999999
2025-01-18,3.2291666666666665
2025-01-19,3.7583333333333333
2025-01-20,3.2750000000000004
2025-01-21,3.7875
2025-01-22,4.3125
2025-01-23,5.8
2025-01-24,6.008333333333333
2025-01-25,5.8125
2025-01-26,5.1875
2025-01-27,3.1999999999999997
2025-01-28,1.0
2025-01-29,-0.04166666666666666
2025-01-30,1.1500000000000001
2025-01-31,3.2375000000000003
2025-02-01,4.7124999999999995
2025-02-02,5.279166666666667
2025-02-03,1.0833333333333333
2025-02-04,-3.704166666666667
2025-02-05,-2.8666666666666667
2025-02-06,-2.0124999999999997
2025-02-07,-1.8083333333333333
2025-02-08,-4.2625
2025-02-09,-1.8499999999999999
2025-02-10,-0.3166666666666667
2025-02-11,1.8125
2025-02-12,3.6833333333333336
2025-02-13,1.4375
2025-02-14,3.2083333333333335
2025-02-15,2.9250000000000003
2025-02-16,5.345833333333334
2025-02-17,2.725
2025-02-18,-0.004166666666666675
2025-02-19,-0.03333333333333339
2025-02-20,-0.19166666666666668
2025-02-21,-0.2041666666666667
2025-02-22,0.19999999999999996
2025-02-23,-0.2625
2025-02-24,0.037500000000000006
2025-02-25,2.7624999999999997
2025-02-26,6.083333333333333
2025-02-27,5.845833333333334
2025-02-28,9.549999999999999
2025-03-01,8.933333333333334
2025-03-02,11.704166666666666
2025-03-03,5.170833333333333
2025-03-04,4.833333333333333
2025-03-05,6.166666666666667
2025-03-06,6.058333333333334
2025-03-07,5.4125000000000005
2025-03-08,7.2625
2025-03-09,6.8125
2025-03-10,7.479166666666667
2025-03-11,8.445833333333333
2025-03-12,10.095833333333333
2025-03-13,9.987499999999999
2025-03-14,10.095833333333333
2025-03-15,8.424999999999999
2025-03-16,6.345833333333334
2025-03-17,3.9916666666666667
2025-03-18,3.9583333333333335
2025-03-19,3.8083333333333336
2025-03-20,6.8625
2025-03-21,11.891666666666666
2025-03-22,13.954166666666666
2025-03-23,14.720833333333333
2025-03-24,14.833333333333334
2025-03-25,15.0375
2025-03-26,14.9375
2025-03-27,15.3375
2025-03-28,11.195833333333333
2025-03-29,7.658333333333334
2025-03-30,4.841666666666667
2025-03-31,6.633333333333333
2025-04-01,8.5625
2025-04-02,9.583333333333334
2025-04-03,9.070833333333333
2025-04-04,9.9375
2025-04-05,10.858333333333334
2025-04-06,12.6875
2025-04-07,13.316666666666668
2025-04-08,16.654166666666665
2025-04-09,13.799999999999999
2025-04-10,15.487499999999999
2025-04-11,14.591666666666667
2025-04-12,13.225
2025-04-13,10.029166666666667
2025-04-14,9.204166666666667
2025-04-15,9.816666666666666
2025-04-16,12.745833333333332
2025-04-17,16.1125
2025-04-18,17.933333333333334
2025-04-19,17.4125
2025-04-20,15.6875
2025-04-21,15.208333333333334
2025-04-22,15.174999999999999
2025-04-23,14.4625
2025-04-24,15.591666666666667
2025-04-25,14.358333333333334
2025-04-26,13.525
2025-04-27,15.720833333333333
2025-04-28,17.208333333333332
2025-04-29,13.341666666666667
2025-04-30,14.779166666666667
2025-05-01,16.175
2025-05-02,15.200000000000001
2025-05-03,13.779166666666667
2025-05-04,14.583333333333334
2025-05-05,14.066666666666668
2025-05-06,13.475
2025-05-07,13.200000000000001
2025-05-08,15.275
2025-05-09,15.345833333333333
2025-05-10,15.75
2025-05-11,14.795833333333334
2025-05-12,16.212500000000002
2025-05-13,16.320833333333333
2025-05-14,16.725
2025-05-15,18.154166666666665
2025-05-16,18.145833333333332
2025-05-17,19.104166666666668
2025-05-18,17.583333333333332
2025-05-19,17.554166666666667
2025-05-20,20.716666666666665
2025-05-21,21.65416666666667
2025-05-22,18.483333333333334
2025-05-23,16.783333333333335
2025-05-24,14.991666666666667
2025-05-25,15.725
2025-05-26,16.712500000000002
2025-05-27,17.345833333333335
2025-05-28,18.912499999999998
2025-05-29,19.05
2025-05-30,18.650000000000002
2025-05-31,19.495833333333334
2025-06-01,19.416666666666668
2025-06-02,18.474999999999998
2025-06-03,19.983333333333334
2025-06-04,21.34166666666667
2025-06-05,20.833333333333332
2025-06-06,20.341666666666665
2025-06-07,21.170833333333334
2025-06-08,21.983333333333334
2025-06-09,21.229166666666668
2025-06-10,22.379166666666666
2025-06-11,23.712500000000002
2025-06-12,21.416666666666668
2025-06-13,20.470833333333335
2025-06-14,21.59583333333333
2025-06-15,22.34166666666667
2025-06-16,22.516666666666666
2025-06-17,22.129166666666666
2025-06-18,22.683333333333334
2025-06-19,22.9875
2025-06-20,23.0
2025-06-21,23.366666666666664
2025-06-22,21.59166666666667
2025-06-23,23.0
2025-06-24,21.033333333333335
2025-06-25,22.400000000000002
2025-06-26,23.15416666666667
2025-06-27,24.104166666666668
2025-06-28,24.962500000000002
2025-06-29,25.454166666666666
2025-06-30,26.020833333333332
2025-07-01,26.3625
2025-07-02,28.0625
2025-07-03,28.308333333333334
2025-07-04,28.016666666666666
2025-07-05,28.212500000000002
2025-07-06,28.837500000000002
2025-07-07,29.545833333333334
2025-07-08,29.258333333333336
2025-07-09,28.02916666666667
2025-07-10,27.704166666666666
2025-07-11,26.816666666666666
2025-07-12,26.34583333333333
2025-07-13,26.412499999999998
2025-07-14,24.383333333333336
2025-07-15,24.099999999999998
2025-07-16,25.34583333333333
2025-07-17,25.675
2025-07-18,24.679166666666664
2025-07-19,24.787499999999998
2025-07-20,26.754166666666666
2025-07-21,26.795833333333334
2025-07-22,27.129166666666666
2025-07-23,27.6875
2025-07-24,27.666666666666668
2025-07-25,28.804166666666664
2025-07-26,29.53333333333333
2025-07-27,30.02916666666667
2025-07-28,29.8625
2025-07-29,29.4375
2025-07-30,29.175
2025-07-31,29.370833333333334
2025-08-01,29.183333333333334
2025-08-02,29.229166666666668
2025-08-03,28.620833333333334
2025-08-04,28.570833333333336
2025-08-05,28.458333333333332
2025-08-06,28.616666666666664
2025-08-07,29.179166666666664
2025-08-08,26.537499999999998
2025-08-09,24.958333333333332
2025-08-10,24.15416666666667
2025-08-11,24.258333333333336
2025-08-12,23.175
2025-08-13,26.820833333333336
2025-08-14,27.6125
2025-08-15,28.416666666666668
2025-08-16,28.304166666666664
2025-08-17,28.09166666666667
2025-08-18,27.891666666666666
2025-08-19,28.166666666666668
2025-08-20,28.15833333333333
2025-08-21,28.55
2025-08-22,29.083333333333332
2025-08-23,29.816666666666666
2025-08-24,29.320833333333336
2025-08-25,29.1125
2025-08-26,28.59583333333333
2025-08-27,28.2
2025-08-28,28.045833333333334
2025-08-29,28.633333333333336
2025-08-30,29.245833333333334
2025-08-31,26.59166666666667
2025-09-01,26.504166666666666
2025-09-02,27.162499999999998
2025-09-03,26.4375
2025-09-04,27.099999999999998
2025-09-05,26.90833333333333
2025-09-06,27.233333333333334
2025-09-07,28.5625
2025-09-08,27.395833333333332
2025-09-09,23.666666666666668
2025-09-10,23.891666666666666
2025-09-11,24.5625
2025-09-12,24.8625
2025-09-13,25.891666666666666
2025-09-14,24.920833333333334
2025-09-15,26.058333333333334
2025-09-16,26.8
2025-09-17,27.208333333333332
2025-09-18,23.55
2025-09-19,23.108333333333334
2025-09-20,24.641666666666666
2025-09-21,21.875
2025-09-22,22.066666666666666
2025-09-23,22.337500000000002
2025-09-24,24.675
2025-09-25,23.55
2025-09-26,23.875
2025-09-27,23.2375
2025-09-28,23.491666666666664
2025-09-29,21.891666666666666
2025-09-30,20.675
2025-10-01,21.40833333333333
2025-10-02,21.525000000000002
2025-10-03,20.054166666666667
2025-10-04,22.099999999999998
2025-10-05,22.6875
2025-10-06,21.72083333333333
2025-10-07,22.991666666666664
2025-10-08,22.633333333333336
2025-10-09,21.441666666666666
2025-10-10,21.34583333333333
2025-10-11,22.070833333333336
2025-10-12,21.45
2025-10-13,21.116666666666667
2025-10-14,19.741666666666667
2025-10-15,21.216666666666665
2025-10-16,21.775000000000002
2025-10-17,21.099999999999998
2025-10-18,21.133333333333333
2025-10-19,18.525000000000002
2025-10-20,16.854166666666668
2025-10-21,15.704166666666666
2025-10-22,16.845833333333335
2025-10-23,17.1875
2025-10-24,16.483333333333334
2025-10-25,17.491666666666667
2025-10-26,15.3375
2025-10-27,11.35
2025-10-28,9.424999999999999
2025-10-29,10.883333333333333
2025-10-30,13.066666666666668
2025-10-31,14.208333333333334
2025-11-01,14.095833333333333
2025-11-02,13.141666666666666
2025-11-03,10.3125
2025-11-04,13.866666666666667
2025-11-05,13.970833333333333
2025-11-06,14.720833333333333
2025-11-07,15.612499999999999
2025-11-08,16.429166666666667
2025-11-09,15.145833333333334
2025-11-10,11.254166666666668
2025-11-11,10.116666666666667
2025-11-12,11.674999999999999
2025-11-13,12.275
2025-11-14,11.620833333333332
2025-11-15,10.995833333333332
2025-11-16,12.362499999999999
2025-11-17,9.108333333333333
2025-11-18,4.4375
2025-11-19,4.875
2025-11-20,7.920833333333333
2025-11-21,8.700000000000001
2025-11-22,8.2875
2025-11-23,8.741666666666667
2025-11-24,12.049999999999999
2025-11-25,9.258333333333333
2025-11-26,8.674999999999999
2025-11-27,10.158333333333333
2025-11-28,6.6625000000000005
2025-11-29,7.133333333333333
2025-11-30,13.387500000000001
2025-12-01,12.129166666666668
2025-12-02,6.879166666666666
2025-12-03,1.6583333333333332
2025-12-04,1.0166666666666666
2025-12-05,2.591666666666667
2025-12-06,3.3791666666666664
2025-12-07,8.858333333333333
2025-12-08,8.195833333333333
2025-12-09,4.291666666666667
2025-12-10,5.6000000000000005
2025-12-11,9.929166666666667
2025-12-12,5.825
2025-12-13,8.420833333333333
2025-12-14,4.216666666666667
2025-12-15,3.5625
2025-12-16,5.25
2025-12-17,7.55
2025-12-18,5.366666666666667
2025-12-19,8.2875
2025-12-20,11.733333333333334
2025-12-21,4.433333333333333
2025-12-22,3.516666666666667
2025-12-23,6.420833333333333
2025-12-24,7.8125
2025-12-25,2.7458333333333336
2025-12-26,-3.8249999999999997
2025-12-27,-0.31666666666666665
2025-12-28,3.4166666666666665
2025-12-29,7.679166666666667
2025-12-30,4.270833333333333
2025-12-31,0.029166666666666657
2026-01-01,-2.8208333333333333
2026-01-02,-3.2291666666666665
2026-01-03,-1.1291666666666667
2026-01-04,2.8333333333333335
2026-01-05,2.891666666666667
2026-01-06,1.2958333333333334
2026-01-07,3.4375
2026-01-08,-1.3791666666666667
2026-01-09,0.8416666666666668
2026-01-10,7.779166666666666
2026-01-11,-1.1458333333333333
2026-01-12,-0.5333333333333333
2026-01-13,5.2625
2026-01-14,1.8916666666666666
2026-01-15,10.883333333333333
2026-01-16,8.104166666666666
2026-01-17,7.341666666666666
2026-01-18,7.204166666666667
2026-01-19,4.1875
2026-01-20,0.08333333333333327
2026-01-21,-2.908333333333333
2026-01-22,-3.6458333333333335
2026-01-23,-0.6791666666666667
2026-01-24,0.8791666666666668
2026-01-25,-0.1791666666666667
2026-01-26,0.5000000000000001
2026-01-27,1.4208333333333334
2026-01-28,-0.4041666666666668
2026-01-29,0.38333333333333336
2026-01-30,-1.575
2026-01-31,0.6458333333333334
2026-02-01,0.7541666666666665
2026-02-02,0.16666666666666666
2026-02-03,0.8791666666666668
2026-02-04,4.5249999999999995
2026-02-05,6.745833333333334
2026-02-06,5.083333333333333
2026-02-07,-0.1125
2026-02-08,-3.858333333333333
2026-02-09,-0.012500000000000072
2026-02-10,2.2083333333333335
2026-02-11,5.1499999999999995
2026-02-12,4.7
2026-02-13,5.245833333333333
2026-02-14,8.570833333333333
2026-02-15,10.279166666666667
2026-02-16,7.2749999999999995
2026-02-17,6.966666666666666
2026-02-18,5.733333333333333
2026-02-19,5.570833333333333
2026-02-20,7.804166666666667
2026-02-21,10.329166666666667
2026-02-22,14.554166666666667
2026-02-23,6.820833333333333
2026-02-24,4.925
2026-02-25,8.191666666666666
2026-02-26,9.554166666666667
2026-02-27,8.1625
2026-02-28,7.158333333333334
2026-03-01,9.020833333333334
2026-03-02,8.4125
2026-03-03,8.200000000000001
2026-03-04,7.429166666666667
2026-03-05,8.4125
2026-03-06,8.020833333333334
2026-03-07,3.6625
2026-03-08,4.316666666666667
2026-03-09,5.408333333333334
2026-03-10,5.095833333333333
2026-03-11,6.375
2026-03-12,6.970833333333334
2026-03-13,5.891666666666667
2026-03-14,6.766666666666667
2026-03-15,8.691666666666666
2026-03-16,9.304166666666667
2026-03-17,9.987499999999999
2026-03-18,9.870833333333334
2026-03-19,9.291666666666666
2026-03-20,9.608333333333333
2026-03-21,10.620833333333334
2026-03-22,10.670833333333334
2026-03-23,11.516666666666666
2026-03-24,11.4375
2026-03-25,11.304166666666667
2026-03-26,12.058333333333332
2026-03-27,13.950000000000001
2026-03-28,14.454166666666666
2026-03-29,13.220833333333333
2026-03-30,13.549999999999999
2026-03-31,13.979166666666666
2026-04-01,12.433333333333332
2026-04-02,13.4125
2026-04-03,13.604166666666666
2026-04-04,15.049999999999999
2026-04-05,12.633333333333333
2026-04-06,14.954166666666666
2026-04-07,10.6875
2026-04-08,10.570833333333335
2026-04-09,13.445833333333333
2026-04-10,16.904166666666665
2026-04-11,14.808333333333332
2026-04-12,15.429166666666667
2026-04-13,16.575
2026-04-14,15.316666666666668
2026-04-15,15.479166666666666
2026-04-16,14.179166666666667
2026-04-17,14.5375
2026-04-18,16.558333333333334
2026-04-19,17.779166666666665
2026-04-20,17.275000000000002
2026-04-21,13.970833333333333
2026-04-22,13.987499999999999
2026-04-23,13.7875
2026-04-24,14.1625
2026-04-25,15.391666666666666
2026-04-26,16.083333333333332
2026-04-27,17.470833333333335
2026-04-28,17.654166666666665
2026-04-29,14.775
2026-04-30,14.445833333333333
2026-05-01,15.25
2026-05-02,17.145833333333332
2026-05-03,15.479166666666666
2026-05-04,15.458333333333334
2026-05-05,14.591666666666667
2026-05-06,15.7875
2026-05-07,17.495833333333334
2026-05-08,18.745833333333334
2026-05-09,16.366666666666667
2026-05-10,16.308333333333334
2026-05-11,17.804166666666667
2026-05-12,17.254166666666666
2026-05-13,17.204166666666666
2026-05-14,18.858333333333334
2026-05-15,18.966666666666665
2026-05-16,19.5
2026-05-17,21.433333333333334
2026-05-18,21.170833333333334
2026-05-19,21.037499999999998
2026-05-20,17.75
2026-05-21,18.595833333333335
2026-05-22,18.533333333333335
2026-05-23,17.9
2026-05-24,18.941666666666666
2026-05-25,22.175
2026-05-26,22.787499999999998
2026-05-27,20.766666666666666
2026-05-28,22.683333333333334
2026-05-29,21.3
2026-05-30,22.491666666666664
2026-05-31,23.445833333333336
2026-06-01,22.866666666666664
2026-06-02,20.741666666666667
2026-06-03,21.766666666666666
2026-06-04,21.566666666666666
2026-06-05,23.1125
2026-06-06,21.8875
2026-06-07,22.258333333333336
2026-06-08,20.195833333333333
2026-06-09,20.241666666666667
2026-06-10,21.5625
2026-06-11,22.2
2026-06-12,22.46666666666667
2026-06-13,22.662499999999998
2026-06-14,22.974999999999998
2026-06-15,23.71666666666667
2026-06-16,23.8
2026-06-17,24.5625
2026-06-18,24.516666666666666
2026-06-19,24.55
2026-06-20,24.041666666666668
2026-06-21,22.395833333333332
2026-06-22,20.3625
2026-06-23,20.279166666666665
2026-06-24,20.454166666666666
2026-06-25,22.55
2026-06-26,21.662499999999998
2026-06-27,21.2625
2026-06-28,20.45416666666667
2026-06-29,21.8
2026-06-30,22.71666666666667
2026-07-01,21.291666666666668
2026-07-02,22.212500000000002
2026-07-03,22.6125
2026-07-04,22.84583333333333
2026-07-05,23.354166666666668
2026-07-06,24.704166666666666
2026-07-07,24.870833333333334
2026-07-08,25.108333333333334
2026-07-09,25.379166666666666
2026-07-10,26.125
2026-07-11,27.979166666666668
2026-07-12,27.858333333333334
2026-07-13,27.366666666666664
2026-07-14,27.037499999999998
2026-07-15,27.90416666666667
2026-07-16,28.075
2026-07-17,27.420833333333334
2026-07-18,27.133333333333336
2026-07-19,27.354166666666668
2026-07-20,27.370833333333334
2026-07-21,27.820833333333336
2026-07-22,28.6875
2026-07-23,28.445833333333336
2026-07-24,28.662499999999998
2026-07-25,29.03333333333333
2026-07-26,30.366666666666664
2026-07-27,29.72083333333333
2026-07-28,30.65833333333333
2026-07-29,33.175000000000004
2026-07-30,32.21666666666667
2026-07-31,31.379166666666666
2026-08-01,32.525
2026-08-02,32.52916666666667
2026-08-03,31.016666666666666
2026-08-04,30.5
2026-08-05,29.412499999999998
2026-08-06,29.462500000000002
2026-08-07,30.704166666666666
2026-08-08,30.287499999999998
2026-08-09,27.4875
2026-08-10,26.766666666666666
2026-08-11,25.945833333333336
2026-08-12,26.354166666666668
2026-08-13,26.2625
2026-08-14,26.616666666666664
2026-08-15,26.995833333333334
2026-08-16,24.425
2026-08-17,25.129166666666666
2026-08-18,26.145833333333332
2026-08-19,27.212500000000002
2026-08-20,27.2625
2026-08-21,27.4375
2026-08-22,27.608333333333334
2026-08-23,28.433333333333334
2026-08-24,28.71666666666667
2026-08-25,28.96666666666667
2026-08-26,29.0125
2026-08-27,27.7375
2026-08-28,26.141666666666666
2026-08-29,27.520833333333332
2026-08-30,26.645833333333332
2026-08-31,27.429166666666664
2026-09-01,27.224999999999998
2026-09-02,27.45
2026-09-03,26.191666666666666
2026-09-04,25.787499999999998
2026-09-05,25.75
2026-09-06,25.858333333333334
2026-09-07,25.325
2026-09-08,24.425
2026-09-09,23.125
2026-09-10,22.620833333333334
